<?xml version="1.0" encoding="UTF-8"?>
<gpx creator="Loopi" version="1.1" schemaLocation="http://www.topografix.com/GPX/1/1 http://www.topografix.com/GPX/1/1/gpx.xsd http://www.garmin.com/xmlschemas/GpxExtensions/v3 http://www.garmin.com/xmlschemas/GpxExtensionsv3.xsd http://www.garmin.com/xmlschemas/TrackPointExtension/v1 http://www.garmin.com/xmlschemas/TrackPointExtensionv1.xsd http://www.garmin.com/xmlschemas/PowerExtension/v1 http://www.garmin.com/xmlschemas/PowerExtensionv1.xsd http://www.topografix.com/GPX/gpx_style/0/2 http://www.topografix.com/GPX/gpx_style/0/2/gpx_style.xsd" xmlns="http://www.topografix.com/GPX/1/1" xmlns:xsi="http://www.w3.org/2001/XMLSchema-instance" xsi:schemaLocation="http://www.topografix.com/GPX/1/1 http://www.topografix.com/GPX/1/1/gpx.xsd http://www.garmin.com/xmlschemas/GpxExtensions/v3 http://www.garmin.com/xmlschemas/GpxExtensionsv3.xsd http://www.garmin.com/xmlschemas/TrackPointExtension/v1 http://www.garmin.com/xmlschemas/TrackPointExtensionv1.xsd http://www.garmin.com/xmlschemas/PowerExtension/v1 http://www.garmin.com/xmlschemas/PowerExtensionv1.xsd http://www.topografix.com/GPX/gpx_style/0/2 http://www.topografix.com/GPX/gpx_style/0/2/gpx_style.xsd" xmlns:gpxtpx="http://www.garmin.com/xmlschemas/TrackPointExtension/v1" xmlns:gpxx="http://www.garmin.com/xmlschemas/GpxExtensions/v3" xmlns:gpxpx="http://www.garmin.com/xmlschemas/PowerExtension/v1" xmlns:gpx_style="http://www.topografix.com/GPX/gpx_style/0/2">
  <metadata>
    <name>Step26</name>
    <author>
      <name>gpx.studio</name>
      <link href="https://gpx.studio"/>
    </author>
  </metadata>
  <trk>
    <name>Step26</name>
    <trkseg>
      <trkpt lat="49.419413" lon="0.275848">
        <ele>7</ele>
        <extensions>
          <gpxtpx:TrackPointExtension>
            <gpxtpx:Extensions>
              <highway>service</highway>
              <surface>compacted</surface>
              <route_bicycle_ncn>yes</route_bicycle_ncn>
              <route_bicycle_lcn>yes</route_bicycle_lcn>
            </gpxtpx:Extensions>
          </gpxtpx:TrackPointExtension>
        </extensions>
      </trkpt>
      <trkpt lat="49.419337" lon="0.275814">
        <ele>7</ele>
        <extensions>
          <gpxtpx:TrackPointExtension>
            <gpxtpx:Extensions>
              <highway>service</highway>
              <surface>compacted</surface>
              <route_bicycle_ncn>yes</route_bicycle_ncn>
              <route_bicycle_lcn>yes</route_bicycle_lcn>
            </gpxtpx:Extensions>
          </gpxtpx:TrackPointExtension>
        </extensions>
      </trkpt>
      <trkpt lat="49.419293" lon="0.275781">
        <ele>7</ele>
        <extensions>
          <gpxtpx:TrackPointExtension>
            <gpxtpx:Extensions>
              <reversedirection>yes</reversedirection>
              <highway>path</highway>
              <surface>asphalt</surface>
              <foot>designated</foot>
              <bicycle>designated</bicycle>
              <route_bicycle_ncn>yes</route_bicycle_ncn>
              <route_bicycle_lcn>yes</route_bicycle_lcn>
            </gpxtpx:Extensions>
          </gpxtpx:TrackPointExtension>
        </extensions>
      </trkpt>
      <trkpt lat="49.419262" lon="0.275684">
        <ele>7</ele>
        <extensions>
          <gpxtpx:TrackPointExtension>
            <gpxtpx:Extensions>
              <reversedirection>yes</reversedirection>
              <highway>path</highway>
              <surface>asphalt</surface>
              <foot>designated</foot>
              <bicycle>designated</bicycle>
              <route_bicycle_ncn>yes</route_bicycle_ncn>
              <route_bicycle_lcn>yes</route_bicycle_lcn>
            </gpxtpx:Extensions>
          </gpxtpx:TrackPointExtension>
        </extensions>
      </trkpt>
      <trkpt lat="49.419243" lon="0.2756">
        <ele>7</ele>
        <extensions>
          <gpxtpx:TrackPointExtension>
            <gpxtpx:Extensions>
              <reversedirection>yes</reversedirection>
              <highway>path</highway>
              <surface>asphalt</surface>
              <foot>designated</foot>
              <bicycle>designated</bicycle>
              <route_bicycle_ncn>yes</route_bicycle_ncn>
              <route_bicycle_lcn>yes</route_bicycle_lcn>
            </gpxtpx:Extensions>
          </gpxtpx:TrackPointExtension>
        </extensions>
      </trkpt>
      <trkpt lat="49.419304" lon="0.27505">
        <ele>6.75</ele>
        <extensions>
          <gpxtpx:TrackPointExtension>
            <gpxtpx:Extensions>
              <reversedirection>yes</reversedirection>
              <highway>path</highway>
              <surface>asphalt</surface>
              <foot>designated</foot>
              <bicycle>designated</bicycle>
              <route_bicycle_ncn>yes</route_bicycle_ncn>
              <route_bicycle_lcn>yes</route_bicycle_lcn>
            </gpxtpx:Extensions>
          </gpxtpx:TrackPointExtension>
        </extensions>
      </trkpt>
      <trkpt lat="49.419325" lon="0.275019">
        <ele>7</ele>
        <extensions>
          <gpxtpx:TrackPointExtension>
            <gpxtpx:Extensions>
              <reversedirection>yes</reversedirection>
              <highway>path</highway>
              <surface>asphalt</surface>
              <foot>designated</foot>
              <bicycle>designated</bicycle>
              <route_bicycle_ncn>yes</route_bicycle_ncn>
              <route_bicycle_lcn>yes</route_bicycle_lcn>
            </gpxtpx:Extensions>
          </gpxtpx:TrackPointExtension>
        </extensions>
      </trkpt>
      <trkpt lat="49.4194" lon="0.274957">
        <ele>6.75</ele>
        <extensions>
          <gpxtpx:TrackPointExtension>
            <gpxtpx:Extensions>
              <reversedirection>yes</reversedirection>
              <highway>path</highway>
              <surface>asphalt</surface>
              <foot>designated</foot>
              <bicycle>designated</bicycle>
              <route_bicycle_ncn>yes</route_bicycle_ncn>
              <route_bicycle_lcn>yes</route_bicycle_lcn>
            </gpxtpx:Extensions>
          </gpxtpx:TrackPointExtension>
        </extensions>
      </trkpt>
      <trkpt lat="49.419438" lon="0.27485">
        <ele>6.75</ele>
        <extensions>
          <gpxtpx:TrackPointExtension>
            <gpxtpx:Extensions>
              <reversedirection>yes</reversedirection>
              <highway>path</highway>
              <surface>asphalt</surface>
              <foot>designated</foot>
              <bicycle>designated</bicycle>
              <route_bicycle_ncn>yes</route_bicycle_ncn>
              <route_bicycle_lcn>yes</route_bicycle_lcn>
            </gpxtpx:Extensions>
          </gpxtpx:TrackPointExtension>
        </extensions>
      </trkpt>
      <trkpt lat="49.419443" lon="0.274761">
        <ele>6.5</ele>
        <extensions>
          <gpxtpx:TrackPointExtension>
            <gpxtpx:Extensions>
              <reversedirection>yes</reversedirection>
              <highway>path</highway>
              <surface>asphalt</surface>
              <foot>designated</foot>
              <bicycle>designated</bicycle>
              <route_bicycle_ncn>yes</route_bicycle_ncn>
              <route_bicycle_lcn>yes</route_bicycle_lcn>
            </gpxtpx:Extensions>
          </gpxtpx:TrackPointExtension>
        </extensions>
      </trkpt>
      <trkpt lat="49.41929" lon="0.274267">
        <ele>5.5</ele>
        <extensions>
          <gpxtpx:TrackPointExtension>
            <gpxtpx:Extensions>
              <reversedirection>yes</reversedirection>
              <highway>path</highway>
              <surface>asphalt</surface>
              <foot>designated</foot>
              <bicycle>designated</bicycle>
              <route_bicycle_ncn>yes</route_bicycle_ncn>
              <route_bicycle_lcn>yes</route_bicycle_lcn>
            </gpxtpx:Extensions>
          </gpxtpx:TrackPointExtension>
        </extensions>
      </trkpt>
      <trkpt lat="49.4193" lon="0.274086">
        <ele>5.25</ele>
        <extensions>
          <gpxtpx:TrackPointExtension>
            <gpxtpx:Extensions>
              <reversedirection>yes</reversedirection>
              <highway>path</highway>
              <surface>asphalt</surface>
              <foot>designated</foot>
              <bicycle>designated</bicycle>
              <route_bicycle_ncn>yes</route_bicycle_ncn>
              <route_bicycle_lcn>yes</route_bicycle_lcn>
            </gpxtpx:Extensions>
          </gpxtpx:TrackPointExtension>
        </extensions>
      </trkpt>
      <trkpt lat="49.419657" lon="0.268174">
        <ele>5</ele>
        <extensions>
          <gpxtpx:TrackPointExtension>
            <gpxtpx:Extensions>
              <reversedirection>yes</reversedirection>
              <highway>path</highway>
              <surface>asphalt</surface>
              <foot>designated</foot>
              <bicycle>designated</bicycle>
              <route_bicycle_ncn>yes</route_bicycle_ncn>
              <route_bicycle_lcn>yes</route_bicycle_lcn>
            </gpxtpx:Extensions>
          </gpxtpx:TrackPointExtension>
        </extensions>
      </trkpt>
      <trkpt lat="49.420161" lon="0.260173">
        <ele>4.25</ele>
        <extensions>
          <gpxtpx:TrackPointExtension>
            <gpxtpx:Extensions>
              <reversedirection>yes</reversedirection>
              <highway>path</highway>
              <surface>asphalt</surface>
              <foot>designated</foot>
              <bicycle>designated</bicycle>
              <route_bicycle_ncn>yes</route_bicycle_ncn>
              <route_bicycle_lcn>yes</route_bicycle_lcn>
            </gpxtpx:Extensions>
          </gpxtpx:TrackPointExtension>
        </extensions>
      </trkpt>
      <trkpt lat="49.420124" lon="0.260094">
        <ele>4</ele>
        <extensions>
          <gpxtpx:TrackPointExtension>
            <gpxtpx:Extensions>
              <reversedirection>yes</reversedirection>
              <highway>path</highway>
              <surface>asphalt</surface>
              <foot>designated</foot>
              <bicycle>designated</bicycle>
              <route_bicycle_icn>yes</route_bicycle_icn>
              <route_bicycle_ncn>yes</route_bicycle_ncn>
              <route_bicycle_lcn>yes</route_bicycle_lcn>
            </gpxtpx:Extensions>
          </gpxtpx:TrackPointExtension>
        </extensions>
      </trkpt>
      <trkpt lat="49.420089" lon="0.260091">
        <ele>4</ele>
        <extensions>
          <gpxtpx:TrackPointExtension>
            <gpxtpx:Extensions>
              <reversedirection>yes</reversedirection>
              <highway>path</highway>
              <surface>asphalt</surface>
              <foot>designated</foot>
              <bicycle>designated</bicycle>
              <route_bicycle_icn>yes</route_bicycle_icn>
              <route_bicycle_ncn>yes</route_bicycle_ncn>
              <route_bicycle_lcn>yes</route_bicycle_lcn>
            </gpxtpx:Extensions>
          </gpxtpx:TrackPointExtension>
        </extensions>
      </trkpt>
      <trkpt lat="49.420049" lon="0.260088">
        <ele>4</ele>
        <extensions>
          <gpxtpx:TrackPointExtension>
            <gpxtpx:Extensions>
              <reversedirection>yes</reversedirection>
              <highway>path</highway>
              <surface>asphalt</surface>
              <foot>designated</foot>
              <bicycle>designated</bicycle>
              <route_bicycle_icn>yes</route_bicycle_icn>
              <route_bicycle_ncn>yes</route_bicycle_ncn>
              <route_bicycle_lcn>yes</route_bicycle_lcn>
            </gpxtpx:Extensions>
          </gpxtpx:TrackPointExtension>
        </extensions>
      </trkpt>
      <trkpt lat="49.419918" lon="0.260069">
        <ele>4</ele>
        <extensions>
          <gpxtpx:TrackPointExtension>
            <gpxtpx:Extensions>
              <highway>path</highway>
              <surface>asphalt</surface>
              <foot>designated</foot>
              <bicycle>designated</bicycle>
              <route_bicycle_icn>yes</route_bicycle_icn>
              <route_bicycle_ncn>yes</route_bicycle_ncn>
              <route_bicycle_lcn>yes</route_bicycle_lcn>
            </gpxtpx:Extensions>
          </gpxtpx:TrackPointExtension>
        </extensions>
      </trkpt>
      <trkpt lat="49.419924" lon="0.259971">
        <ele>4</ele>
        <extensions>
          <gpxtpx:TrackPointExtension>
            <gpxtpx:Extensions>
              <highway>path</highway>
              <surface>asphalt</surface>
              <foot>designated</foot>
              <bicycle>designated</bicycle>
              <route_bicycle_icn>yes</route_bicycle_icn>
              <route_bicycle_ncn>yes</route_bicycle_ncn>
              <route_bicycle_lcn>yes</route_bicycle_lcn>
            </gpxtpx:Extensions>
          </gpxtpx:TrackPointExtension>
        </extensions>
      </trkpt>
      <trkpt lat="49.419927" lon="0.25992">
        <ele>4</ele>
        <extensions>
          <gpxtpx:TrackPointExtension>
            <gpxtpx:Extensions>
              <reversedirection>yes</reversedirection>
              <highway>path</highway>
              <surface>asphalt</surface>
              <foot>designated</foot>
              <bicycle>designated</bicycle>
              <route_bicycle_icn>yes</route_bicycle_icn>
              <route_bicycle_ncn>yes</route_bicycle_ncn>
              <route_bicycle_lcn>yes</route_bicycle_lcn>
            </gpxtpx:Extensions>
          </gpxtpx:TrackPointExtension>
        </extensions>
      </trkpt>
      <trkpt lat="49.419958" lon="0.259488">
        <ele>4</ele>
        <extensions>
          <gpxtpx:TrackPointExtension>
            <gpxtpx:Extensions>
              <highway>path</highway>
              <surface>asphalt</surface>
              <foot>designated</foot>
              <bicycle>designated</bicycle>
              <route_bicycle_icn>yes</route_bicycle_icn>
              <route_bicycle_ncn>yes</route_bicycle_ncn>
              <route_bicycle_lcn>yes</route_bicycle_lcn>
            </gpxtpx:Extensions>
          </gpxtpx:TrackPointExtension>
        </extensions>
      </trkpt>
      <trkpt lat="49.42" lon="0.259037">
        <ele>4</ele>
        <extensions>
          <gpxtpx:TrackPointExtension>
            <gpxtpx:Extensions>
              <highway>path</highway>
              <surface>asphalt</surface>
              <foot>designated</foot>
              <bicycle>designated</bicycle>
              <route_bicycle_icn>yes</route_bicycle_icn>
              <route_bicycle_ncn>yes</route_bicycle_ncn>
              <route_bicycle_lcn>yes</route_bicycle_lcn>
            </gpxtpx:Extensions>
          </gpxtpx:TrackPointExtension>
        </extensions>
      </trkpt>
      <trkpt lat="49.420012" lon="0.258786">
        <ele>4</ele>
        <extensions>
          <gpxtpx:TrackPointExtension>
            <gpxtpx:Extensions>
              <reversedirection>yes</reversedirection>
              <highway>path</highway>
              <surface>asphalt</surface>
              <foot>designated</foot>
              <bicycle>designated</bicycle>
              <route_bicycle_icn>yes</route_bicycle_icn>
              <route_bicycle_ncn>yes</route_bicycle_ncn>
              <route_bicycle_lcn>yes</route_bicycle_lcn>
            </gpxtpx:Extensions>
          </gpxtpx:TrackPointExtension>
        </extensions>
      </trkpt>
      <trkpt lat="49.420028" lon="0.258686">
        <ele>4</ele>
        <extensions>
          <gpxtpx:TrackPointExtension>
            <gpxtpx:Extensions>
              <reversedirection>yes</reversedirection>
              <highway>path</highway>
              <surface>asphalt</surface>
              <foot>designated</foot>
              <bicycle>designated</bicycle>
              <route_bicycle_icn>yes</route_bicycle_icn>
              <route_bicycle_ncn>yes</route_bicycle_ncn>
              <route_bicycle_lcn>yes</route_bicycle_lcn>
            </gpxtpx:Extensions>
          </gpxtpx:TrackPointExtension>
        </extensions>
      </trkpt>
      <trkpt lat="49.420046" lon="0.258621">
        <ele>4</ele>
        <extensions>
          <gpxtpx:TrackPointExtension>
            <gpxtpx:Extensions>
              <reversedirection>yes</reversedirection>
              <highway>path</highway>
              <surface>asphalt</surface>
              <foot>designated</foot>
              <bicycle>designated</bicycle>
              <route_bicycle_icn>yes</route_bicycle_icn>
              <route_bicycle_ncn>yes</route_bicycle_ncn>
              <route_bicycle_lcn>yes</route_bicycle_lcn>
            </gpxtpx:Extensions>
          </gpxtpx:TrackPointExtension>
        </extensions>
      </trkpt>
      <trkpt lat="49.420131" lon="0.258493">
        <ele>4</ele>
        <extensions>
          <gpxtpx:TrackPointExtension>
            <gpxtpx:Extensions>
              <reversedirection>yes</reversedirection>
              <highway>path</highway>
              <surface>asphalt</surface>
              <foot>designated</foot>
              <bicycle>designated</bicycle>
              <route_bicycle_icn>yes</route_bicycle_icn>
              <route_bicycle_ncn>yes</route_bicycle_ncn>
              <route_bicycle_lcn>yes</route_bicycle_lcn>
            </gpxtpx:Extensions>
          </gpxtpx:TrackPointExtension>
        </extensions>
      </trkpt>
      <trkpt lat="49.42016" lon="0.258397">
        <ele>4</ele>
        <extensions>
          <gpxtpx:TrackPointExtension>
            <gpxtpx:Extensions>
              <reversedirection>yes</reversedirection>
              <highway>path</highway>
              <surface>asphalt</surface>
              <foot>designated</foot>
              <bicycle>designated</bicycle>
              <route_bicycle_icn>yes</route_bicycle_icn>
              <route_bicycle_ncn>yes</route_bicycle_ncn>
              <route_bicycle_lcn>yes</route_bicycle_lcn>
            </gpxtpx:Extensions>
          </gpxtpx:TrackPointExtension>
        </extensions>
      </trkpt>
      <trkpt lat="49.420155" lon="0.258246">
        <ele>3.75</ele>
        <extensions>
          <gpxtpx:TrackPointExtension>
            <gpxtpx:Extensions>
              <reversedirection>yes</reversedirection>
              <highway>path</highway>
              <surface>asphalt</surface>
              <foot>designated</foot>
              <bicycle>designated</bicycle>
              <route_bicycle_icn>yes</route_bicycle_icn>
              <route_bicycle_ncn>yes</route_bicycle_ncn>
              <route_bicycle_lcn>yes</route_bicycle_lcn>
            </gpxtpx:Extensions>
          </gpxtpx:TrackPointExtension>
        </extensions>
      </trkpt>
      <trkpt lat="49.420219" lon="0.258088">
        <ele>3.75</ele>
        <extensions>
          <gpxtpx:TrackPointExtension>
            <gpxtpx:Extensions>
              <reversedirection>yes</reversedirection>
              <highway>path</highway>
              <surface>asphalt</surface>
              <foot>designated</foot>
              <bicycle>designated</bicycle>
              <route_bicycle_icn>yes</route_bicycle_icn>
              <route_bicycle_ncn>yes</route_bicycle_ncn>
              <route_bicycle_lcn>yes</route_bicycle_lcn>
            </gpxtpx:Extensions>
          </gpxtpx:TrackPointExtension>
        </extensions>
      </trkpt>
      <trkpt lat="49.420224" lon="0.257953">
        <ele>3.25</ele>
        <extensions>
          <gpxtpx:TrackPointExtension>
            <gpxtpx:Extensions>
              <reversedirection>yes</reversedirection>
              <highway>path</highway>
              <surface>asphalt</surface>
              <foot>designated</foot>
              <bicycle>designated</bicycle>
              <route_bicycle_icn>yes</route_bicycle_icn>
              <route_bicycle_ncn>yes</route_bicycle_ncn>
              <route_bicycle_lcn>yes</route_bicycle_lcn>
            </gpxtpx:Extensions>
          </gpxtpx:TrackPointExtension>
        </extensions>
      </trkpt>
      <trkpt lat="49.42017" lon="0.257869">
        <ele>3</ele>
        <extensions>
          <gpxtpx:TrackPointExtension>
            <gpxtpx:Extensions>
              <reversedirection>yes</reversedirection>
              <highway>path</highway>
              <surface>asphalt</surface>
              <foot>designated</foot>
              <bicycle>designated</bicycle>
              <route_bicycle_icn>yes</route_bicycle_icn>
              <route_bicycle_ncn>yes</route_bicycle_ncn>
              <route_bicycle_lcn>yes</route_bicycle_lcn>
            </gpxtpx:Extensions>
          </gpxtpx:TrackPointExtension>
        </extensions>
      </trkpt>
      <trkpt lat="49.420134" lon="0.257742">
        <ele>2.75</ele>
        <extensions>
          <gpxtpx:TrackPointExtension>
            <gpxtpx:Extensions>
              <reversedirection>yes</reversedirection>
              <highway>path</highway>
              <surface>asphalt</surface>
              <foot>designated</foot>
              <bicycle>designated</bicycle>
              <route_bicycle_icn>yes</route_bicycle_icn>
              <route_bicycle_ncn>yes</route_bicycle_ncn>
              <route_bicycle_lcn>yes</route_bicycle_lcn>
            </gpxtpx:Extensions>
          </gpxtpx:TrackPointExtension>
        </extensions>
      </trkpt>
      <trkpt lat="49.42067" lon="0.252602">
        <ele>3.25</ele>
        <extensions>
          <gpxtpx:TrackPointExtension>
            <gpxtpx:Extensions>
              <reversedirection>yes</reversedirection>
              <highway>path</highway>
              <surface>asphalt</surface>
              <foot>designated</foot>
              <bicycle>designated</bicycle>
              <route_bicycle_icn>yes</route_bicycle_icn>
              <route_bicycle_ncn>yes</route_bicycle_ncn>
              <route_bicycle_lcn>yes</route_bicycle_lcn>
            </gpxtpx:Extensions>
          </gpxtpx:TrackPointExtension>
        </extensions>
      </trkpt>
      <trkpt lat="49.419922" lon="0.252417">
        <ele>2.75</ele>
        <extensions>
          <gpxtpx:TrackPointExtension>
            <gpxtpx:Extensions>
              <reversedirection>yes</reversedirection>
              <highway>path</highway>
              <surface>asphalt</surface>
              <foot>designated</foot>
              <bicycle>designated</bicycle>
              <route_bicycle_icn>yes</route_bicycle_icn>
              <route_bicycle_ncn>yes</route_bicycle_ncn>
              <route_bicycle_lcn>yes</route_bicycle_lcn>
            </gpxtpx:Extensions>
          </gpxtpx:TrackPointExtension>
        </extensions>
      </trkpt>
      <trkpt lat="49.417574" lon="0.251801">
        <ele>5.25</ele>
        <extensions>
          <gpxtpx:TrackPointExtension>
            <gpxtpx:Extensions>
              <reversedirection>yes</reversedirection>
              <highway>path</highway>
              <surface>asphalt</surface>
              <foot>designated</foot>
              <bicycle>designated</bicycle>
              <route_bicycle_icn>yes</route_bicycle_icn>
              <route_bicycle_ncn>yes</route_bicycle_ncn>
              <route_bicycle_lcn>yes</route_bicycle_lcn>
            </gpxtpx:Extensions>
          </gpxtpx:TrackPointExtension>
        </extensions>
      </trkpt>
      <trkpt lat="49.417577" lon="0.251779">
        <ele>5.25</ele>
        <extensions>
          <gpxtpx:TrackPointExtension>
            <gpxtpx:Extensions>
              <highway>unclassified</highway>
              <surface>asphalt</surface>
              <cycleway>lane</cycleway>
              <route_bicycle_icn>yes</route_bicycle_icn>
              <route_bicycle_ncn>yes</route_bicycle_ncn>
              <route_bicycle_lcn>yes</route_bicycle_lcn>
            </gpxtpx:Extensions>
          </gpxtpx:TrackPointExtension>
        </extensions>
      </trkpt>
      <trkpt lat="49.418201" lon="0.246361">
        <ele>3</ele>
        <extensions>
          <gpxtpx:TrackPointExtension>
            <gpxtpx:Extensions>
              <highway>unclassified</highway>
              <surface>asphalt</surface>
              <cycleway>lane</cycleway>
              <route_bicycle_icn>yes</route_bicycle_icn>
              <route_bicycle_ncn>yes</route_bicycle_ncn>
              <route_bicycle_lcn>yes</route_bicycle_lcn>
            </gpxtpx:Extensions>
          </gpxtpx:TrackPointExtension>
        </extensions>
      </trkpt>
      <trkpt lat="49.41836" lon="0.244984">
        <ele>0</ele>
        <extensions>
          <gpxtpx:TrackPointExtension>
            <gpxtpx:Extensions>
              <highway>unclassified</highway>
              <surface>asphalt</surface>
              <route_bicycle_icn>yes</route_bicycle_icn>
              <route_bicycle_ncn>yes</route_bicycle_ncn>
              <route_bicycle_lcn>yes</route_bicycle_lcn>
            </gpxtpx:Extensions>
          </gpxtpx:TrackPointExtension>
        </extensions>
      </trkpt>
      <trkpt lat="49.418484" lon="0.244548">
        <ele>1.5</ele>
        <extensions>
          <gpxtpx:TrackPointExtension>
            <gpxtpx:Extensions>
              <highway>unclassified</highway>
              <surface>asphalt</surface>
              <route_bicycle_icn>yes</route_bicycle_icn>
              <route_bicycle_ncn>yes</route_bicycle_ncn>
              <route_bicycle_lcn>yes</route_bicycle_lcn>
            </gpxtpx:Extensions>
          </gpxtpx:TrackPointExtension>
        </extensions>
      </trkpt>
      <trkpt lat="49.418637" lon="0.244137">
        <ele>2.5</ele>
        <extensions>
          <gpxtpx:TrackPointExtension>
            <gpxtpx:Extensions>
              <highway>unclassified</highway>
              <surface>asphalt</surface>
              <route_bicycle_icn>yes</route_bicycle_icn>
              <route_bicycle_ncn>yes</route_bicycle_ncn>
              <route_bicycle_lcn>yes</route_bicycle_lcn>
            </gpxtpx:Extensions>
          </gpxtpx:TrackPointExtension>
        </extensions>
      </trkpt>
      <trkpt lat="49.418901" lon="0.243539">
        <ele>2.25</ele>
        <extensions>
          <gpxtpx:TrackPointExtension>
            <gpxtpx:Extensions>
              <highway>unclassified</highway>
              <surface>asphalt</surface>
              <route_bicycle_icn>yes</route_bicycle_icn>
              <route_bicycle_ncn>yes</route_bicycle_ncn>
              <route_bicycle_lcn>yes</route_bicycle_lcn>
            </gpxtpx:Extensions>
          </gpxtpx:TrackPointExtension>
        </extensions>
      </trkpt>
      <trkpt lat="49.418906" lon="0.243475">
        <ele>2.25</ele>
        <extensions>
          <gpxtpx:TrackPointExtension>
            <gpxtpx:Extensions>
              <highway>unclassified</highway>
              <surface>asphalt</surface>
              <route_bicycle_icn>yes</route_bicycle_icn>
              <route_bicycle_ncn>yes</route_bicycle_ncn>
              <route_bicycle_lcn>yes</route_bicycle_lcn>
            </gpxtpx:Extensions>
          </gpxtpx:TrackPointExtension>
        </extensions>
      </trkpt>
      <trkpt lat="49.418907" lon="0.243246">
        <ele>1.75</ele>
        <extensions>
          <gpxtpx:TrackPointExtension>
            <gpxtpx:Extensions>
              <highway>unclassified</highway>
              <surface>asphalt</surface>
              <route_bicycle_icn>yes</route_bicycle_icn>
              <route_bicycle_ncn>yes</route_bicycle_ncn>
              <route_bicycle_lcn>yes</route_bicycle_lcn>
            </gpxtpx:Extensions>
          </gpxtpx:TrackPointExtension>
        </extensions>
      </trkpt>
      <trkpt lat="49.418923" lon="0.243145">
        <ele>1.75</ele>
        <extensions>
          <gpxtpx:TrackPointExtension>
            <gpxtpx:Extensions>
              <highway>unclassified</highway>
              <surface>asphalt</surface>
              <route_bicycle_icn>yes</route_bicycle_icn>
              <route_bicycle_ncn>yes</route_bicycle_ncn>
              <route_bicycle_lcn>yes</route_bicycle_lcn>
            </gpxtpx:Extensions>
          </gpxtpx:TrackPointExtension>
        </extensions>
      </trkpt>
      <trkpt lat="49.419385" lon="0.242131">
        <ele>2</ele>
        <extensions>
          <gpxtpx:TrackPointExtension>
            <gpxtpx:Extensions>
              <highway>unclassified</highway>
              <surface>asphalt</surface>
              <route_bicycle_icn>yes</route_bicycle_icn>
              <route_bicycle_ncn>yes</route_bicycle_ncn>
              <route_bicycle_lcn>yes</route_bicycle_lcn>
            </gpxtpx:Extensions>
          </gpxtpx:TrackPointExtension>
        </extensions>
      </trkpt>
      <trkpt lat="49.41945" lon="0.241963">
        <ele>2</ele>
        <extensions>
          <gpxtpx:TrackPointExtension>
            <gpxtpx:Extensions>
              <highway>unclassified</highway>
              <surface>asphalt</surface>
              <route_bicycle_icn>yes</route_bicycle_icn>
              <route_bicycle_ncn>yes</route_bicycle_ncn>
              <route_bicycle_lcn>yes</route_bicycle_lcn>
            </gpxtpx:Extensions>
          </gpxtpx:TrackPointExtension>
        </extensions>
      </trkpt>
      <trkpt lat="49.41946" lon="0.241883">
        <ele>2</ele>
        <extensions>
          <gpxtpx:TrackPointExtension>
            <gpxtpx:Extensions>
              <highway>unclassified</highway>
              <surface>asphalt</surface>
              <route_bicycle_icn>yes</route_bicycle_icn>
              <route_bicycle_ncn>yes</route_bicycle_ncn>
              <route_bicycle_lcn>yes</route_bicycle_lcn>
            </gpxtpx:Extensions>
          </gpxtpx:TrackPointExtension>
        </extensions>
      </trkpt>
      <trkpt lat="49.419447" lon="0.241833">
        <ele>2</ele>
        <extensions>
          <gpxtpx:TrackPointExtension>
            <gpxtpx:Extensions>
              <highway>unclassified</highway>
              <surface>asphalt</surface>
              <route_bicycle_icn>yes</route_bicycle_icn>
              <route_bicycle_ncn>yes</route_bicycle_ncn>
              <route_bicycle_lcn>yes</route_bicycle_lcn>
            </gpxtpx:Extensions>
          </gpxtpx:TrackPointExtension>
        </extensions>
      </trkpt>
      <trkpt lat="49.41922" lon="0.241516">
        <ele>1.75</ele>
        <extensions>
          <gpxtpx:TrackPointExtension>
            <gpxtpx:Extensions>
              <highway>unclassified</highway>
              <surface>asphalt</surface>
              <route_bicycle_icn>yes</route_bicycle_icn>
              <route_bicycle_ncn>yes</route_bicycle_ncn>
              <route_bicycle_lcn>yes</route_bicycle_lcn>
            </gpxtpx:Extensions>
          </gpxtpx:TrackPointExtension>
        </extensions>
      </trkpt>
      <trkpt lat="49.41885" lon="0.241028">
        <ele>1</ele>
        <extensions>
          <gpxtpx:TrackPointExtension>
            <gpxtpx:Extensions>
              <highway>unclassified</highway>
              <surface>asphalt</surface>
              <route_bicycle_icn>yes</route_bicycle_icn>
              <route_bicycle_ncn>yes</route_bicycle_ncn>
              <route_bicycle_lcn>yes</route_bicycle_lcn>
            </gpxtpx:Extensions>
          </gpxtpx:TrackPointExtension>
        </extensions>
      </trkpt>
      <trkpt lat="49.418808" lon="0.240943">
        <ele>1</ele>
        <extensions>
          <gpxtpx:TrackPointExtension>
            <gpxtpx:Extensions>
              <highway>unclassified</highway>
              <surface>asphalt</surface>
              <route_bicycle_icn>yes</route_bicycle_icn>
              <route_bicycle_ncn>yes</route_bicycle_ncn>
              <route_bicycle_lcn>yes</route_bicycle_lcn>
            </gpxtpx:Extensions>
          </gpxtpx:TrackPointExtension>
        </extensions>
      </trkpt>
      <trkpt lat="49.418797" lon="0.240829">
        <ele>1</ele>
        <extensions>
          <gpxtpx:TrackPointExtension>
            <gpxtpx:Extensions>
              <highway>unclassified</highway>
              <surface>asphalt</surface>
              <route_bicycle_icn>yes</route_bicycle_icn>
              <route_bicycle_ncn>yes</route_bicycle_ncn>
              <route_bicycle_lcn>yes</route_bicycle_lcn>
            </gpxtpx:Extensions>
          </gpxtpx:TrackPointExtension>
        </extensions>
      </trkpt>
      <trkpt lat="49.418816" lon="0.240595">
        <ele>1</ele>
        <extensions>
          <gpxtpx:TrackPointExtension>
            <gpxtpx:Extensions>
              <highway>unclassified</highway>
              <surface>asphalt</surface>
              <route_bicycle_icn>yes</route_bicycle_icn>
              <route_bicycle_ncn>yes</route_bicycle_ncn>
              <route_bicycle_lcn>yes</route_bicycle_lcn>
            </gpxtpx:Extensions>
          </gpxtpx:TrackPointExtension>
        </extensions>
      </trkpt>
      <trkpt lat="49.418812" lon="0.240509">
        <ele>1</ele>
        <extensions>
          <gpxtpx:TrackPointExtension>
            <gpxtpx:Extensions>
              <highway>unclassified</highway>
              <surface>asphalt</surface>
              <route_bicycle_icn>yes</route_bicycle_icn>
              <route_bicycle_ncn>yes</route_bicycle_ncn>
              <route_bicycle_lcn>yes</route_bicycle_lcn>
            </gpxtpx:Extensions>
          </gpxtpx:TrackPointExtension>
        </extensions>
      </trkpt>
      <trkpt lat="49.418793" lon="0.240437">
        <ele>1</ele>
        <extensions>
          <gpxtpx:TrackPointExtension>
            <gpxtpx:Extensions>
              <highway>unclassified</highway>
              <surface>asphalt</surface>
              <route_bicycle_icn>yes</route_bicycle_icn>
              <route_bicycle_ncn>yes</route_bicycle_ncn>
              <route_bicycle_lcn>yes</route_bicycle_lcn>
            </gpxtpx:Extensions>
          </gpxtpx:TrackPointExtension>
        </extensions>
      </trkpt>
      <trkpt lat="49.418778" lon="0.240376">
        <ele>1.25</ele>
        <extensions>
          <gpxtpx:TrackPointExtension>
            <gpxtpx:Extensions>
              <highway>unclassified</highway>
              <surface>asphalt</surface>
            </gpxtpx:Extensions>
          </gpxtpx:TrackPointExtension>
        </extensions>
      </trkpt>
      <trkpt lat="49.418725" lon="0.240397">
        <ele>1.25</ele>
        <extensions>
          <gpxtpx:TrackPointExtension>
            <gpxtpx:Extensions>
              <highway>unclassified</highway>
              <surface>asphalt</surface>
            </gpxtpx:Extensions>
          </gpxtpx:TrackPointExtension>
        </extensions>
      </trkpt>
      <trkpt lat="49.418687" lon="0.240394">
        <ele>1.25</ele>
        <extensions>
          <gpxtpx:TrackPointExtension>
            <gpxtpx:Extensions>
              <highway>unclassified</highway>
              <surface>asphalt</surface>
            </gpxtpx:Extensions>
          </gpxtpx:TrackPointExtension>
        </extensions>
      </trkpt>
      <trkpt lat="49.418652" lon="0.240388">
        <ele>1.25</ele>
        <extensions>
          <gpxtpx:TrackPointExtension>
            <gpxtpx:Extensions>
              <highway>unclassified</highway>
              <surface>asphalt</surface>
            </gpxtpx:Extensions>
          </gpxtpx:TrackPointExtension>
        </extensions>
      </trkpt>
      <trkpt lat="49.418376" lon="0.240352">
        <ele>1.5</ele>
        <extensions>
          <gpxtpx:TrackPointExtension>
            <gpxtpx:Extensions>
              <highway>residential</highway>
              <surface>asphalt</surface>
            </gpxtpx:Extensions>
          </gpxtpx:TrackPointExtension>
        </extensions>
      </trkpt>
      <trkpt lat="49.418321" lon="0.240345">
        <ele>1.5</ele>
        <extensions>
          <gpxtpx:TrackPointExtension>
            <gpxtpx:Extensions>
              <highway>residential</highway>
              <surface>asphalt</surface>
            </gpxtpx:Extensions>
          </gpxtpx:TrackPointExtension>
        </extensions>
      </trkpt>
      <trkpt lat="49.418306" lon="0.240343">
        <ele>1.75</ele>
        <extensions>
          <gpxtpx:TrackPointExtension>
            <gpxtpx:Extensions>
              <highway>residential</highway>
              <surface>asphalt</surface>
              <oneway>yes</oneway>
            </gpxtpx:Extensions>
          </gpxtpx:TrackPointExtension>
        </extensions>
      </trkpt>
      <trkpt lat="49.418257" lon="0.240312">
        <ele>2.25</ele>
        <extensions>
          <gpxtpx:TrackPointExtension>
            <gpxtpx:Extensions>
              <highway>residential</highway>
              <surface>asphalt</surface>
              <oneway>yes</oneway>
            </gpxtpx:Extensions>
          </gpxtpx:TrackPointExtension>
        </extensions>
      </trkpt>
      <trkpt lat="49.418213" lon="0.240262">
        <ele>2.75</ele>
        <extensions>
          <gpxtpx:TrackPointExtension>
            <gpxtpx:Extensions>
              <highway>residential</highway>
              <surface>asphalt</surface>
              <oneway>yes</oneway>
            </gpxtpx:Extensions>
          </gpxtpx:TrackPointExtension>
        </extensions>
      </trkpt>
      <trkpt lat="49.418181" lon="0.2402">
        <ele>3.25</ele>
        <extensions>
          <gpxtpx:TrackPointExtension>
            <gpxtpx:Extensions>
              <highway>secondary</highway>
              <surface>asphalt</surface>
              <junction>roundabout</junction>
              <estimated_traffic_class>5</estimated_traffic_class>
            </gpxtpx:Extensions>
          </gpxtpx:TrackPointExtension>
        </extensions>
      </trkpt>
      <trkpt lat="49.418157" lon="0.24009">
        <ele>3.75</ele>
        <extensions>
          <gpxtpx:TrackPointExtension>
            <gpxtpx:Extensions>
              <highway>secondary</highway>
              <surface>asphalt</surface>
              <junction>roundabout</junction>
              <estimated_traffic_class>5</estimated_traffic_class>
            </gpxtpx:Extensions>
          </gpxtpx:TrackPointExtension>
        </extensions>
      </trkpt>
      <trkpt lat="49.41811" lon="0.239999">
        <ele>4.5</ele>
        <extensions>
          <gpxtpx:TrackPointExtension>
            <gpxtpx:Extensions>
              <highway>secondary</highway>
              <surface>asphalt</surface>
              <junction>roundabout</junction>
              <estimated_traffic_class>5</estimated_traffic_class>
            </gpxtpx:Extensions>
          </gpxtpx:TrackPointExtension>
        </extensions>
      </trkpt>
      <trkpt lat="49.418045" lon="0.239939">
        <ele>5.75</ele>
        <extensions>
          <gpxtpx:TrackPointExtension>
            <gpxtpx:Extensions>
              <highway>secondary</highway>
              <surface>asphalt</surface>
              <junction>roundabout</junction>
              <estimated_traffic_class>5</estimated_traffic_class>
            </gpxtpx:Extensions>
          </gpxtpx:TrackPointExtension>
        </extensions>
      </trkpt>
      <trkpt lat="49.418008" lon="0.239923">
        <ele>6.25</ele>
        <extensions>
          <gpxtpx:TrackPointExtension>
            <gpxtpx:Extensions>
              <highway>secondary</highway>
              <surface>asphalt</surface>
              <oneway>yes</oneway>
              <estimated_traffic_class>5</estimated_traffic_class>
            </gpxtpx:Extensions>
          </gpxtpx:TrackPointExtension>
        </extensions>
      </trkpt>
      <trkpt lat="49.417972" lon="0.239836">
        <ele>7</ele>
        <extensions>
          <gpxtpx:TrackPointExtension>
            <gpxtpx:Extensions>
              <highway>secondary</highway>
              <surface>asphalt</surface>
              <oneway>yes</oneway>
              <estimated_traffic_class>5</estimated_traffic_class>
            </gpxtpx:Extensions>
          </gpxtpx:TrackPointExtension>
        </extensions>
      </trkpt>
      <trkpt lat="49.417947" lon="0.239726">
        <ele>8</ele>
        <extensions>
          <gpxtpx:TrackPointExtension>
            <gpxtpx:Extensions>
              <highway>secondary</highway>
              <surface>asphalt</surface>
              <oneway>yes</oneway>
              <estimated_traffic_class>5</estimated_traffic_class>
            </gpxtpx:Extensions>
          </gpxtpx:TrackPointExtension>
        </extensions>
      </trkpt>
      <trkpt lat="49.417947" lon="0.239628">
        <ele>8.5</ele>
        <extensions>
          <gpxtpx:TrackPointExtension>
            <gpxtpx:Extensions>
              <highway>secondary</highway>
              <surface>asphalt</surface>
              <oneway>yes</oneway>
              <estimated_traffic_class>5</estimated_traffic_class>
            </gpxtpx:Extensions>
          </gpxtpx:TrackPointExtension>
        </extensions>
      </trkpt>
      <trkpt lat="49.417955" lon="0.239574">
        <ele>8.75</ele>
        <extensions>
          <gpxtpx:TrackPointExtension>
            <gpxtpx:Extensions>
              <highway>secondary</highway>
              <surface>asphalt</surface>
              <oneway>yes</oneway>
              <estimated_traffic_class>5</estimated_traffic_class>
            </gpxtpx:Extensions>
          </gpxtpx:TrackPointExtension>
        </extensions>
      </trkpt>
      <trkpt lat="49.41797" lon="0.239527">
        <ele>8.75</ele>
        <extensions>
          <gpxtpx:TrackPointExtension>
            <gpxtpx:Extensions>
              <highway>secondary</highway>
              <surface>asphalt</surface>
              <oneway>yes</oneway>
              <estimated_traffic_class>5</estimated_traffic_class>
            </gpxtpx:Extensions>
          </gpxtpx:TrackPointExtension>
        </extensions>
      </trkpt>
      <trkpt lat="49.418054" lon="0.239345">
        <ele>8.5</ele>
        <extensions>
          <gpxtpx:TrackPointExtension>
            <gpxtpx:Extensions>
              <highway>secondary</highway>
              <oneway>yes</oneway>
              <estimated_traffic_class>5</estimated_traffic_class>
            </gpxtpx:Extensions>
          </gpxtpx:TrackPointExtension>
        </extensions>
      </trkpt>
      <trkpt lat="49.418172" lon="0.239084">
        <ele>7.75</ele>
        <extensions>
          <gpxtpx:TrackPointExtension>
            <gpxtpx:Extensions>
              <highway>secondary</highway>
              <oneway>yes</oneway>
              <estimated_traffic_class>5</estimated_traffic_class>
            </gpxtpx:Extensions>
          </gpxtpx:TrackPointExtension>
        </extensions>
      </trkpt>
      <trkpt lat="49.418212" lon="0.238994">
        <ele>7.5</ele>
        <extensions>
          <gpxtpx:TrackPointExtension>
            <gpxtpx:Extensions>
              <highway>secondary</highway>
              <oneway>yes</oneway>
              <estimated_traffic_class>5</estimated_traffic_class>
            </gpxtpx:Extensions>
          </gpxtpx:TrackPointExtension>
        </extensions>
      </trkpt>
      <trkpt lat="49.418413" lon="0.238548">
        <ele>6.75</ele>
        <extensions>
          <gpxtpx:TrackPointExtension>
            <gpxtpx:Extensions>
              <highway>secondary</highway>
              <surface>asphalt</surface>
              <oneway>yes</oneway>
              <estimated_traffic_class>5</estimated_traffic_class>
            </gpxtpx:Extensions>
          </gpxtpx:TrackPointExtension>
        </extensions>
      </trkpt>
      <trkpt lat="49.418469" lon="0.238421">
        <ele>7</ele>
        <extensions>
          <gpxtpx:TrackPointExtension>
            <gpxtpx:Extensions>
              <highway>secondary</highway>
              <surface>asphalt</surface>
              <oneway>yes</oneway>
              <estimated_traffic_class>5</estimated_traffic_class>
            </gpxtpx:Extensions>
          </gpxtpx:TrackPointExtension>
        </extensions>
      </trkpt>
      <trkpt lat="49.418514" lon="0.238305">
        <ele>7</ele>
        <extensions>
          <gpxtpx:TrackPointExtension>
            <gpxtpx:Extensions>
              <highway>secondary</highway>
              <surface>asphalt</surface>
              <oneway>yes</oneway>
              <estimated_traffic_class>5</estimated_traffic_class>
            </gpxtpx:Extensions>
          </gpxtpx:TrackPointExtension>
        </extensions>
      </trkpt>
      <trkpt lat="49.418559" lon="0.238159">
        <ele>7.25</ele>
        <extensions>
          <gpxtpx:TrackPointExtension>
            <gpxtpx:Extensions>
              <highway>secondary</highway>
              <surface>asphalt</surface>
              <oneway>yes</oneway>
              <estimated_traffic_class>5</estimated_traffic_class>
            </gpxtpx:Extensions>
          </gpxtpx:TrackPointExtension>
        </extensions>
      </trkpt>
      <trkpt lat="49.418637" lon="0.237744">
        <ele>7.75</ele>
        <extensions>
          <gpxtpx:TrackPointExtension>
            <gpxtpx:Extensions>
              <highway>secondary</highway>
              <surface>asphalt</surface>
              <oneway>yes</oneway>
              <estimated_traffic_class>5</estimated_traffic_class>
            </gpxtpx:Extensions>
          </gpxtpx:TrackPointExtension>
        </extensions>
      </trkpt>
      <trkpt lat="49.418652" lon="0.237599">
        <ele>8</ele>
        <extensions>
          <gpxtpx:TrackPointExtension>
            <gpxtpx:Extensions>
              <highway>secondary</highway>
              <surface>asphalt</surface>
              <oneway>yes</oneway>
              <estimated_traffic_class>5</estimated_traffic_class>
            </gpxtpx:Extensions>
          </gpxtpx:TrackPointExtension>
        </extensions>
      </trkpt>
      <trkpt lat="49.418658" lon="0.237398">
        <ele>8.25</ele>
        <extensions>
          <gpxtpx:TrackPointExtension>
            <gpxtpx:Extensions>
              <highway>secondary</highway>
              <surface>asphalt</surface>
              <oneway>yes</oneway>
              <estimated_traffic_class>5</estimated_traffic_class>
            </gpxtpx:Extensions>
          </gpxtpx:TrackPointExtension>
        </extensions>
      </trkpt>
      <trkpt lat="49.418655" lon="0.237301">
        <ele>8.25</ele>
        <extensions>
          <gpxtpx:TrackPointExtension>
            <gpxtpx:Extensions>
              <highway>secondary</highway>
              <surface>asphalt</surface>
              <oneway>yes</oneway>
              <estimated_traffic_class>5</estimated_traffic_class>
            </gpxtpx:Extensions>
          </gpxtpx:TrackPointExtension>
        </extensions>
      </trkpt>
      <trkpt lat="49.41859" lon="0.236801">
        <ele>9</ele>
        <extensions>
          <gpxtpx:TrackPointExtension>
            <gpxtpx:Extensions>
              <highway>secondary</highway>
              <surface>asphalt</surface>
              <oneway>yes</oneway>
              <estimated_traffic_class>5</estimated_traffic_class>
            </gpxtpx:Extensions>
          </gpxtpx:TrackPointExtension>
        </extensions>
      </trkpt>
      <trkpt lat="49.418532" lon="0.236452">
        <ele>9</ele>
        <extensions>
          <gpxtpx:TrackPointExtension>
            <gpxtpx:Extensions>
              <highway>secondary</highway>
              <surface>asphalt</surface>
              <oneway>yes</oneway>
              <estimated_traffic_class>5</estimated_traffic_class>
            </gpxtpx:Extensions>
          </gpxtpx:TrackPointExtension>
        </extensions>
      </trkpt>
      <trkpt lat="49.418513" lon="0.236227">
        <ele>8.75</ele>
        <extensions>
          <gpxtpx:TrackPointExtension>
            <gpxtpx:Extensions>
              <highway>secondary</highway>
              <surface>asphalt</surface>
              <oneway>yes</oneway>
              <estimated_traffic_class>5</estimated_traffic_class>
            </gpxtpx:Extensions>
          </gpxtpx:TrackPointExtension>
        </extensions>
      </trkpt>
      <trkpt lat="49.418521" lon="0.23617">
        <ele>8.5</ele>
        <extensions>
          <gpxtpx:TrackPointExtension>
            <gpxtpx:Extensions>
              <highway>secondary</highway>
              <surface>asphalt</surface>
              <oneway>yes</oneway>
              <estimated_traffic_class>5</estimated_traffic_class>
            </gpxtpx:Extensions>
          </gpxtpx:TrackPointExtension>
        </extensions>
      </trkpt>
      <trkpt lat="49.418546" lon="0.236076">
        <ele>8.25</ele>
        <extensions>
          <gpxtpx:TrackPointExtension>
            <gpxtpx:Extensions>
              <highway>secondary</highway>
              <surface>asphalt</surface>
              <oneway>yes</oneway>
              <estimated_traffic_class>5</estimated_traffic_class>
            </gpxtpx:Extensions>
          </gpxtpx:TrackPointExtension>
        </extensions>
      </trkpt>
      <trkpt lat="49.418561" lon="0.236014">
        <ele>8.25</ele>
        <extensions>
          <gpxtpx:TrackPointExtension>
            <gpxtpx:Extensions>
              <highway>secondary</highway>
              <surface>asphalt</surface>
              <junction>roundabout</junction>
              <cycleway_right>no</cycleway_right>
              <estimated_traffic_class>5</estimated_traffic_class>
            </gpxtpx:Extensions>
          </gpxtpx:TrackPointExtension>
        </extensions>
      </trkpt>
      <trkpt lat="49.418584" lon="0.235996">
        <ele>8</ele>
        <extensions>
          <gpxtpx:TrackPointExtension>
            <gpxtpx:Extensions>
              <highway>secondary</highway>
              <surface>asphalt</surface>
              <junction>roundabout</junction>
              <cycleway_right>no</cycleway_right>
              <estimated_traffic_class>5</estimated_traffic_class>
            </gpxtpx:Extensions>
          </gpxtpx:TrackPointExtension>
        </extensions>
      </trkpt>
      <trkpt lat="49.418599" lon="0.235963">
        <ele>8</ele>
        <extensions>
          <gpxtpx:TrackPointExtension>
            <gpxtpx:Extensions>
              <highway>secondary</highway>
              <surface>asphalt</surface>
              <junction>roundabout</junction>
              <cycleway_right>no</cycleway_right>
              <estimated_traffic_class>5</estimated_traffic_class>
            </gpxtpx:Extensions>
          </gpxtpx:TrackPointExtension>
        </extensions>
      </trkpt>
      <trkpt lat="49.418611" lon="0.235847">
        <ele>8</ele>
        <extensions>
          <gpxtpx:TrackPointExtension>
            <gpxtpx:Extensions>
              <highway>secondary</highway>
              <surface>asphalt</surface>
              <junction>roundabout</junction>
              <cycleway_right>no</cycleway_right>
              <estimated_traffic_class>5</estimated_traffic_class>
            </gpxtpx:Extensions>
          </gpxtpx:TrackPointExtension>
        </extensions>
      </trkpt>
      <trkpt lat="49.418619" lon="0.235781">
        <ele>8</ele>
        <extensions>
          <gpxtpx:TrackPointExtension>
            <gpxtpx:Extensions>
              <highway>secondary</highway>
              <surface>asphalt</surface>
              <junction>roundabout</junction>
              <cycleway_right>no</cycleway_right>
              <estimated_traffic_class>5</estimated_traffic_class>
            </gpxtpx:Extensions>
          </gpxtpx:TrackPointExtension>
        </extensions>
      </trkpt>
      <trkpt lat="49.418646" lon="0.235557">
        <ele>8</ele>
        <extensions>
          <gpxtpx:TrackPointExtension>
            <gpxtpx:Extensions>
              <highway>service</highway>
              <oneway>yes</oneway>
            </gpxtpx:Extensions>
          </gpxtpx:TrackPointExtension>
        </extensions>
      </trkpt>
      <trkpt lat="49.418657" lon="0.235423">
        <ele>8</ele>
        <extensions>
          <gpxtpx:TrackPointExtension>
            <gpxtpx:Extensions>
              <highway>service</highway>
              <oneway>yes</oneway>
            </gpxtpx:Extensions>
          </gpxtpx:TrackPointExtension>
        </extensions>
      </trkpt>
      <trkpt lat="49.418665" lon="0.235335">
        <ele>8</ele>
        <extensions>
          <gpxtpx:TrackPointExtension>
            <gpxtpx:Extensions>
              <highway>service</highway>
              <oneway>yes</oneway>
            </gpxtpx:Extensions>
          </gpxtpx:TrackPointExtension>
        </extensions>
      </trkpt>
      <trkpt lat="49.418705" lon="0.234864">
        <ele>8.75</ele>
        <extensions>
          <gpxtpx:TrackPointExtension>
            <gpxtpx:Extensions>
              <highway>service</highway>
              <oneway>yes</oneway>
            </gpxtpx:Extensions>
          </gpxtpx:TrackPointExtension>
        </extensions>
      </trkpt>
      <trkpt lat="49.418746" lon="0.23438">
        <ele>10.25</ele>
        <extensions>
          <gpxtpx:TrackPointExtension>
            <gpxtpx:Extensions>
              <highway>service</highway>
              <oneway>yes</oneway>
            </gpxtpx:Extensions>
          </gpxtpx:TrackPointExtension>
        </extensions>
      </trkpt>
      <trkpt lat="49.41875" lon="0.234333">
        <ele>10.5</ele>
        <extensions>
          <gpxtpx:TrackPointExtension>
            <gpxtpx:Extensions>
              <highway>service</highway>
              <oneway>yes</oneway>
            </gpxtpx:Extensions>
          </gpxtpx:TrackPointExtension>
        </extensions>
      </trkpt>
      <trkpt lat="49.418762" lon="0.234195">
        <ele>10.75</ele>
        <extensions>
          <gpxtpx:TrackPointExtension>
            <gpxtpx:Extensions>
              <highway>service</highway>
              <oneway>yes</oneway>
            </gpxtpx:Extensions>
          </gpxtpx:TrackPointExtension>
        </extensions>
      </trkpt>
      <trkpt lat="49.418763" lon="0.23418">
        <ele>10.75</ele>
        <extensions>
          <gpxtpx:TrackPointExtension>
            <gpxtpx:Extensions>
              <highway>service</highway>
              <oneway>yes</oneway>
            </gpxtpx:Extensions>
          </gpxtpx:TrackPointExtension>
        </extensions>
      </trkpt>
      <trkpt lat="49.418747" lon="0.234114">
        <ele>11</ele>
        <extensions>
          <gpxtpx:TrackPointExtension>
            <gpxtpx:Extensions>
              <highway>secondary</highway>
              <surface>asphalt</surface>
              <junction>roundabout</junction>
              <cycleway_right>no</cycleway_right>
              <estimated_traffic_class>5</estimated_traffic_class>
            </gpxtpx:Extensions>
          </gpxtpx:TrackPointExtension>
        </extensions>
      </trkpt>
      <trkpt lat="49.418754" lon="0.234102">
        <ele>11</ele>
        <extensions>
          <gpxtpx:TrackPointExtension>
            <gpxtpx:Extensions>
              <highway>secondary</highway>
              <surface>asphalt</surface>
              <junction>roundabout</junction>
              <cycleway_right>no</cycleway_right>
              <estimated_traffic_class>5</estimated_traffic_class>
            </gpxtpx:Extensions>
          </gpxtpx:TrackPointExtension>
        </extensions>
      </trkpt>
      <trkpt lat="49.418765" lon="0.234073">
        <ele>11</ele>
        <extensions>
          <gpxtpx:TrackPointExtension>
            <gpxtpx:Extensions>
              <highway>secondary</highway>
              <surface>asphalt</surface>
              <junction>roundabout</junction>
              <cycleway_right>no</cycleway_right>
              <estimated_traffic_class>5</estimated_traffic_class>
            </gpxtpx:Extensions>
          </gpxtpx:TrackPointExtension>
        </extensions>
      </trkpt>
      <trkpt lat="49.418769" lon="0.234006">
        <ele>11</ele>
        <extensions>
          <gpxtpx:TrackPointExtension>
            <gpxtpx:Extensions>
              <highway>secondary</highway>
              <oneway>yes</oneway>
              <estimated_traffic_class>5</estimated_traffic_class>
            </gpxtpx:Extensions>
          </gpxtpx:TrackPointExtension>
        </extensions>
      </trkpt>
      <trkpt lat="49.418795" lon="0.233946">
        <ele>11</ele>
        <extensions>
          <gpxtpx:TrackPointExtension>
            <gpxtpx:Extensions>
              <highway>secondary</highway>
              <oneway>yes</oneway>
              <estimated_traffic_class>5</estimated_traffic_class>
            </gpxtpx:Extensions>
          </gpxtpx:TrackPointExtension>
        </extensions>
      </trkpt>
      <trkpt lat="49.418838" lon="0.233845">
        <ele>11.25</ele>
        <extensions>
          <gpxtpx:TrackPointExtension>
            <gpxtpx:Extensions>
              <highway>secondary</highway>
              <surface>asphalt</surface>
              <smoothness>good</smoothness>
              <estimated_traffic_class>5</estimated_traffic_class>
            </gpxtpx:Extensions>
          </gpxtpx:TrackPointExtension>
        </extensions>
      </trkpt>
      <trkpt lat="49.418987" lon="0.233651">
        <ele>11.25</ele>
        <extensions>
          <gpxtpx:TrackPointExtension>
            <gpxtpx:Extensions>
              <highway>secondary</highway>
              <surface>asphalt</surface>
              <smoothness>good</smoothness>
              <estimated_traffic_class>5</estimated_traffic_class>
            </gpxtpx:Extensions>
          </gpxtpx:TrackPointExtension>
        </extensions>
      </trkpt>
      <trkpt lat="49.419222" lon="0.233235">
        <ele>10.75</ele>
        <extensions>
          <gpxtpx:TrackPointExtension>
            <gpxtpx:Extensions>
              <highway>secondary</highway>
              <surface>asphalt</surface>
              <smoothness>good</smoothness>
              <estimated_traffic_class>5</estimated_traffic_class>
            </gpxtpx:Extensions>
          </gpxtpx:TrackPointExtension>
        </extensions>
      </trkpt>
      <trkpt lat="49.419277" lon="0.233137">
        <ele>10.5</ele>
        <extensions>
          <gpxtpx:TrackPointExtension>
            <gpxtpx:Extensions>
              <highway>secondary</highway>
              <surface>asphalt</surface>
              <smoothness>good</smoothness>
              <estimated_traffic_class>5</estimated_traffic_class>
            </gpxtpx:Extensions>
          </gpxtpx:TrackPointExtension>
        </extensions>
      </trkpt>
      <trkpt lat="49.419333" lon="0.233039">
        <ele>10.5</ele>
        <extensions>
          <gpxtpx:TrackPointExtension>
            <gpxtpx:Extensions>
              <highway>secondary</highway>
              <surface>asphalt</surface>
              <smoothness>good</smoothness>
              <estimated_traffic_class>5</estimated_traffic_class>
            </gpxtpx:Extensions>
          </gpxtpx:TrackPointExtension>
        </extensions>
      </trkpt>
      <trkpt lat="49.41935" lon="0.233005">
        <ele>10.5</ele>
        <extensions>
          <gpxtpx:TrackPointExtension>
            <gpxtpx:Extensions>
              <highway>secondary</highway>
              <surface>asphalt</surface>
              <smoothness>good</smoothness>
              <estimated_traffic_class>5</estimated_traffic_class>
            </gpxtpx:Extensions>
          </gpxtpx:TrackPointExtension>
        </extensions>
      </trkpt>
      <trkpt lat="49.419533" lon="0.232685">
        <ele>10.75</ele>
        <extensions>
          <gpxtpx:TrackPointExtension>
            <gpxtpx:Extensions>
              <highway>secondary</highway>
              <surface>asphalt</surface>
              <smoothness>good</smoothness>
              <estimated_traffic_class>5</estimated_traffic_class>
            </gpxtpx:Extensions>
          </gpxtpx:TrackPointExtension>
        </extensions>
      </trkpt>
      <trkpt lat="49.41959" lon="0.232566">
        <ele>11.25</ele>
        <extensions>
          <gpxtpx:TrackPointExtension>
            <gpxtpx:Extensions>
              <highway>secondary</highway>
              <surface>asphalt</surface>
              <estimated_traffic_class>5</estimated_traffic_class>
            </gpxtpx:Extensions>
          </gpxtpx:TrackPointExtension>
        </extensions>
      </trkpt>
      <trkpt lat="49.419473" lon="0.232468">
        <ele>11.75</ele>
        <extensions>
          <gpxtpx:TrackPointExtension>
            <gpxtpx:Extensions>
              <highway>secondary</highway>
              <surface>asphalt</surface>
              <estimated_traffic_class>5</estimated_traffic_class>
            </gpxtpx:Extensions>
          </gpxtpx:TrackPointExtension>
        </extensions>
      </trkpt>
      <trkpt lat="49.419051" lon="0.232165">
        <ele>12.25</ele>
        <extensions>
          <gpxtpx:TrackPointExtension>
            <gpxtpx:Extensions>
              <highway>secondary</highway>
              <surface>asphalt</surface>
              <estimated_traffic_class>5</estimated_traffic_class>
            </gpxtpx:Extensions>
          </gpxtpx:TrackPointExtension>
        </extensions>
      </trkpt>
      <trkpt lat="49.418696" lon="0.231911">
        <ele>11.75</ele>
        <extensions>
          <gpxtpx:TrackPointExtension>
            <gpxtpx:Extensions>
              <highway>secondary</highway>
              <surface>asphalt</surface>
              <estimated_traffic_class>5</estimated_traffic_class>
            </gpxtpx:Extensions>
          </gpxtpx:TrackPointExtension>
        </extensions>
      </trkpt>
      <trkpt lat="49.418591" lon="0.231835">
        <ele>11.5</ele>
        <extensions>
          <gpxtpx:TrackPointExtension>
            <gpxtpx:Extensions>
              <highway>secondary</highway>
              <surface>asphalt</surface>
              <estimated_traffic_class>4</estimated_traffic_class>
            </gpxtpx:Extensions>
          </gpxtpx:TrackPointExtension>
        </extensions>
      </trkpt>
      <trkpt lat="49.418327" lon="0.231646">
        <ele>10.75</ele>
        <extensions>
          <gpxtpx:TrackPointExtension>
            <gpxtpx:Extensions>
              <highway>secondary</highway>
              <surface>asphalt</surface>
              <estimated_traffic_class>4</estimated_traffic_class>
            </gpxtpx:Extensions>
          </gpxtpx:TrackPointExtension>
        </extensions>
      </trkpt>
      <trkpt lat="49.417986" lon="0.231402">
        <ele>10.75</ele>
        <extensions>
          <gpxtpx:TrackPointExtension>
            <gpxtpx:Extensions>
              <highway>secondary</highway>
              <surface>asphalt</surface>
              <estimated_traffic_class>4</estimated_traffic_class>
            </gpxtpx:Extensions>
          </gpxtpx:TrackPointExtension>
        </extensions>
      </trkpt>
      <trkpt lat="49.417671" lon="0.231176">
        <ele>10.25</ele>
        <extensions>
          <gpxtpx:TrackPointExtension>
            <gpxtpx:Extensions>
              <highway>secondary</highway>
              <surface>asphalt</surface>
              <estimated_traffic_class>4</estimated_traffic_class>
            </gpxtpx:Extensions>
          </gpxtpx:TrackPointExtension>
        </extensions>
      </trkpt>
      <trkpt lat="49.417573" lon="0.231106">
        <ele>10</ele>
        <extensions>
          <gpxtpx:TrackPointExtension>
            <gpxtpx:Extensions>
              <highway>secondary</highway>
              <surface>asphalt</surface>
              <estimated_traffic_class>4</estimated_traffic_class>
            </gpxtpx:Extensions>
          </gpxtpx:TrackPointExtension>
        </extensions>
      </trkpt>
      <trkpt lat="49.41753" lon="0.231075">
        <ele>9.75</ele>
        <extensions>
          <gpxtpx:TrackPointExtension>
            <gpxtpx:Extensions>
              <highway>secondary</highway>
              <surface>asphalt</surface>
              <estimated_traffic_class>4</estimated_traffic_class>
            </gpxtpx:Extensions>
          </gpxtpx:TrackPointExtension>
        </extensions>
      </trkpt>
      <trkpt lat="49.417314" lon="0.23092">
        <ele>9.5</ele>
        <extensions>
          <gpxtpx:TrackPointExtension>
            <gpxtpx:Extensions>
              <highway>secondary</highway>
              <surface>asphalt</surface>
              <estimated_traffic_class>4</estimated_traffic_class>
            </gpxtpx:Extensions>
          </gpxtpx:TrackPointExtension>
        </extensions>
      </trkpt>
      <trkpt lat="49.417045" lon="0.230733">
        <ele>10.25</ele>
        <extensions>
          <gpxtpx:TrackPointExtension>
            <gpxtpx:Extensions>
              <highway>secondary</highway>
              <surface>asphalt</surface>
              <estimated_traffic_class>4</estimated_traffic_class>
            </gpxtpx:Extensions>
          </gpxtpx:TrackPointExtension>
        </extensions>
      </trkpt>
      <trkpt lat="49.416756" lon="0.230532">
        <ele>11.75</ele>
        <extensions>
          <gpxtpx:TrackPointExtension>
            <gpxtpx:Extensions>
              <highway>secondary</highway>
              <surface>asphalt</surface>
              <estimated_traffic_class>4</estimated_traffic_class>
            </gpxtpx:Extensions>
          </gpxtpx:TrackPointExtension>
        </extensions>
      </trkpt>
      <trkpt lat="49.416657" lon="0.23046">
        <ele>12.25</ele>
        <extensions>
          <gpxtpx:TrackPointExtension>
            <gpxtpx:Extensions>
              <highway>secondary</highway>
              <surface>asphalt</surface>
              <estimated_traffic_class>4</estimated_traffic_class>
            </gpxtpx:Extensions>
          </gpxtpx:TrackPointExtension>
        </extensions>
      </trkpt>
      <trkpt lat="49.416398" lon="0.230271">
        <ele>12.75</ele>
        <extensions>
          <gpxtpx:TrackPointExtension>
            <gpxtpx:Extensions>
              <highway>secondary</highway>
              <surface>asphalt</surface>
              <estimated_traffic_class>4</estimated_traffic_class>
            </gpxtpx:Extensions>
          </gpxtpx:TrackPointExtension>
        </extensions>
      </trkpt>
      <trkpt lat="49.416367" lon="0.230248">
        <ele>12.75</ele>
        <extensions>
          <gpxtpx:TrackPointExtension>
            <gpxtpx:Extensions>
              <highway>secondary</highway>
              <surface>asphalt</surface>
              <estimated_traffic_class>4</estimated_traffic_class>
            </gpxtpx:Extensions>
          </gpxtpx:TrackPointExtension>
        </extensions>
      </trkpt>
      <trkpt lat="49.416263" lon="0.230173">
        <ele>13</ele>
        <extensions>
          <gpxtpx:TrackPointExtension>
            <gpxtpx:Extensions>
              <highway>secondary</highway>
              <surface>asphalt</surface>
              <estimated_traffic_class>4</estimated_traffic_class>
            </gpxtpx:Extensions>
          </gpxtpx:TrackPointExtension>
        </extensions>
      </trkpt>
      <trkpt lat="49.416051" lon="0.230018">
        <ele>13</ele>
        <extensions>
          <gpxtpx:TrackPointExtension>
            <gpxtpx:Extensions>
              <highway>secondary</highway>
              <surface>asphalt</surface>
              <estimated_traffic_class>4</estimated_traffic_class>
            </gpxtpx:Extensions>
          </gpxtpx:TrackPointExtension>
        </extensions>
      </trkpt>
      <trkpt lat="49.415769" lon="0.229806">
        <ele>13.5</ele>
        <extensions>
          <gpxtpx:TrackPointExtension>
            <gpxtpx:Extensions>
              <highway>secondary</highway>
              <surface>asphalt</surface>
              <estimated_traffic_class>4</estimated_traffic_class>
            </gpxtpx:Extensions>
          </gpxtpx:TrackPointExtension>
        </extensions>
      </trkpt>
      <trkpt lat="49.415472" lon="0.229596">
        <ele>14</ele>
        <extensions>
          <gpxtpx:TrackPointExtension>
            <gpxtpx:Extensions>
              <highway>secondary</highway>
              <surface>asphalt</surface>
              <estimated_traffic_class>4</estimated_traffic_class>
            </gpxtpx:Extensions>
          </gpxtpx:TrackPointExtension>
        </extensions>
      </trkpt>
      <trkpt lat="49.415334" lon="0.229495">
        <ele>14.25</ele>
        <extensions>
          <gpxtpx:TrackPointExtension>
            <gpxtpx:Extensions>
              <highway>secondary</highway>
              <surface>asphalt</surface>
              <estimated_traffic_class>4</estimated_traffic_class>
            </gpxtpx:Extensions>
          </gpxtpx:TrackPointExtension>
        </extensions>
      </trkpt>
      <trkpt lat="49.415277" lon="0.229452">
        <ele>14.5</ele>
        <extensions>
          <gpxtpx:TrackPointExtension>
            <gpxtpx:Extensions>
              <highway>secondary</highway>
              <surface>asphalt</surface>
              <estimated_traffic_class>4</estimated_traffic_class>
            </gpxtpx:Extensions>
          </gpxtpx:TrackPointExtension>
        </extensions>
      </trkpt>
      <trkpt lat="49.415154" lon="0.229363">
        <ele>14.5</ele>
        <extensions>
          <gpxtpx:TrackPointExtension>
            <gpxtpx:Extensions>
              <highway>secondary</highway>
              <surface>asphalt</surface>
              <estimated_traffic_class>4</estimated_traffic_class>
            </gpxtpx:Extensions>
          </gpxtpx:TrackPointExtension>
        </extensions>
      </trkpt>
      <trkpt lat="49.415073" lon="0.229305">
        <ele>14.5</ele>
        <extensions>
          <gpxtpx:TrackPointExtension>
            <gpxtpx:Extensions>
              <highway>secondary</highway>
              <surface>asphalt</surface>
              <estimated_traffic_class>4</estimated_traffic_class>
            </gpxtpx:Extensions>
          </gpxtpx:TrackPointExtension>
        </extensions>
      </trkpt>
      <trkpt lat="49.41502" lon="0.229267">
        <ele>14.75</ele>
        <extensions>
          <gpxtpx:TrackPointExtension>
            <gpxtpx:Extensions>
              <highway>secondary</highway>
              <surface>asphalt</surface>
              <estimated_traffic_class>4</estimated_traffic_class>
            </gpxtpx:Extensions>
          </gpxtpx:TrackPointExtension>
        </extensions>
      </trkpt>
      <trkpt lat="49.414779" lon="0.229091">
        <ele>15.25</ele>
        <extensions>
          <gpxtpx:TrackPointExtension>
            <gpxtpx:Extensions>
              <highway>secondary</highway>
              <surface>asphalt</surface>
              <estimated_traffic_class>4</estimated_traffic_class>
            </gpxtpx:Extensions>
          </gpxtpx:TrackPointExtension>
        </extensions>
      </trkpt>
      <trkpt lat="49.414725" lon="0.229051">
        <ele>15.5</ele>
        <extensions>
          <gpxtpx:TrackPointExtension>
            <gpxtpx:Extensions>
              <highway>secondary</highway>
              <surface>asphalt</surface>
              <estimated_traffic_class>4</estimated_traffic_class>
            </gpxtpx:Extensions>
          </gpxtpx:TrackPointExtension>
        </extensions>
      </trkpt>
      <trkpt lat="49.414329" lon="0.228763">
        <ele>15.75</ele>
        <extensions>
          <gpxtpx:TrackPointExtension>
            <gpxtpx:Extensions>
              <highway>secondary</highway>
              <surface>asphalt</surface>
              <estimated_traffic_class>4</estimated_traffic_class>
            </gpxtpx:Extensions>
          </gpxtpx:TrackPointExtension>
        </extensions>
      </trkpt>
      <trkpt lat="49.414275" lon="0.228723">
        <ele>15.75</ele>
        <extensions>
          <gpxtpx:TrackPointExtension>
            <gpxtpx:Extensions>
              <highway>secondary</highway>
              <estimated_traffic_class>4</estimated_traffic_class>
            </gpxtpx:Extensions>
          </gpxtpx:TrackPointExtension>
        </extensions>
      </trkpt>
      <trkpt lat="49.414242" lon="0.228703">
        <ele>15.75</ele>
        <extensions>
          <gpxtpx:TrackPointExtension>
            <gpxtpx:Extensions>
              <highway>secondary</highway>
              <surface>asphalt</surface>
              <oneway>yes</oneway>
              <cycleway_right>no</cycleway_right>
              <smoothness>good</smoothness>
              <estimated_traffic_class>4</estimated_traffic_class>
            </gpxtpx:Extensions>
          </gpxtpx:TrackPointExtension>
        </extensions>
      </trkpt>
      <trkpt lat="49.414184" lon="0.228609">
        <ele>15.5</ele>
        <extensions>
          <gpxtpx:TrackPointExtension>
            <gpxtpx:Extensions>
              <highway>secondary</highway>
              <surface>asphalt</surface>
              <oneway>yes</oneway>
              <cycleway_right>no</cycleway_right>
              <smoothness>good</smoothness>
              <estimated_traffic_class>4</estimated_traffic_class>
            </gpxtpx:Extensions>
          </gpxtpx:TrackPointExtension>
        </extensions>
      </trkpt>
      <trkpt lat="49.414105" lon="0.228548">
        <ele>15.75</ele>
        <extensions>
          <gpxtpx:TrackPointExtension>
            <gpxtpx:Extensions>
              <highway>secondary</highway>
              <surface>asphalt</surface>
              <oneway>yes</oneway>
              <cycleway_right>no</cycleway_right>
              <smoothness>good</smoothness>
              <estimated_traffic_class>4</estimated_traffic_class>
            </gpxtpx:Extensions>
          </gpxtpx:TrackPointExtension>
        </extensions>
      </trkpt>
      <trkpt lat="49.414029" lon="0.228493">
        <ele>15.75</ele>
        <extensions>
          <gpxtpx:TrackPointExtension>
            <gpxtpx:Extensions>
              <highway>secondary</highway>
              <oneway>yes</oneway>
              <estimated_traffic_class>4</estimated_traffic_class>
            </gpxtpx:Extensions>
          </gpxtpx:TrackPointExtension>
        </extensions>
      </trkpt>
      <trkpt lat="49.413723" lon="0.22827">
        <ele>16.25</ele>
        <extensions>
          <gpxtpx:TrackPointExtension>
            <gpxtpx:Extensions>
              <highway>secondary</highway>
              <oneway>yes</oneway>
              <estimated_traffic_class>4</estimated_traffic_class>
            </gpxtpx:Extensions>
          </gpxtpx:TrackPointExtension>
        </extensions>
      </trkpt>
      <trkpt lat="49.413175" lon="0.227876">
        <ele>17.25</ele>
        <extensions>
          <gpxtpx:TrackPointExtension>
            <gpxtpx:Extensions>
              <highway>secondary</highway>
              <oneway>yes</oneway>
              <estimated_traffic_class>4</estimated_traffic_class>
            </gpxtpx:Extensions>
          </gpxtpx:TrackPointExtension>
        </extensions>
      </trkpt>
      <trkpt lat="49.413057" lon="0.227807">
        <ele>17.25</ele>
        <extensions>
          <gpxtpx:TrackPointExtension>
            <gpxtpx:Extensions>
              <highway>secondary</highway>
              <oneway>yes</oneway>
              <estimated_traffic_class>4</estimated_traffic_class>
            </gpxtpx:Extensions>
          </gpxtpx:TrackPointExtension>
        </extensions>
      </trkpt>
      <trkpt lat="49.412948" lon="0.227702">
        <ele>17.25</ele>
        <extensions>
          <gpxtpx:TrackPointExtension>
            <gpxtpx:Extensions>
              <highway>secondary</highway>
              <surface>asphalt</surface>
              <junction>roundabout</junction>
              <estimated_traffic_class>4</estimated_traffic_class>
            </gpxtpx:Extensions>
          </gpxtpx:TrackPointExtension>
        </extensions>
      </trkpt>
      <trkpt lat="49.412941" lon="0.227666">
        <ele>17.5</ele>
        <extensions>
          <gpxtpx:TrackPointExtension>
            <gpxtpx:Extensions>
              <highway>secondary</highway>
              <surface>asphalt</surface>
              <junction>roundabout</junction>
              <estimated_traffic_class>4</estimated_traffic_class>
            </gpxtpx:Extensions>
          </gpxtpx:TrackPointExtension>
        </extensions>
      </trkpt>
      <trkpt lat="49.412925" lon="0.227636">
        <ele>17.5</ele>
        <extensions>
          <gpxtpx:TrackPointExtension>
            <gpxtpx:Extensions>
              <highway>secondary</highway>
              <surface>asphalt</surface>
              <junction>roundabout</junction>
              <estimated_traffic_class>4</estimated_traffic_class>
            </gpxtpx:Extensions>
          </gpxtpx:TrackPointExtension>
        </extensions>
      </trkpt>
      <trkpt lat="49.412904" lon="0.227616">
        <ele>17.5</ele>
        <extensions>
          <gpxtpx:TrackPointExtension>
            <gpxtpx:Extensions>
              <highway>secondary</highway>
              <surface>asphalt</surface>
              <junction>roundabout</junction>
              <estimated_traffic_class>4</estimated_traffic_class>
            </gpxtpx:Extensions>
          </gpxtpx:TrackPointExtension>
        </extensions>
      </trkpt>
      <trkpt lat="49.41288" lon="0.22761">
        <ele>17.5</ele>
        <extensions>
          <gpxtpx:TrackPointExtension>
            <gpxtpx:Extensions>
              <highway>secondary</highway>
              <surface>asphalt</surface>
              <junction>roundabout</junction>
              <estimated_traffic_class>4</estimated_traffic_class>
            </gpxtpx:Extensions>
          </gpxtpx:TrackPointExtension>
        </extensions>
      </trkpt>
      <trkpt lat="49.412855" lon="0.227617">
        <ele>17.5</ele>
        <extensions>
          <gpxtpx:TrackPointExtension>
            <gpxtpx:Extensions>
              <highway>secondary</highway>
              <surface>asphalt</surface>
              <oneway>yes</oneway>
              <estimated_traffic_class>4</estimated_traffic_class>
            </gpxtpx:Extensions>
          </gpxtpx:TrackPointExtension>
        </extensions>
      </trkpt>
      <trkpt lat="49.412786" lon="0.22758">
        <ele>17.25</ele>
        <extensions>
          <gpxtpx:TrackPointExtension>
            <gpxtpx:Extensions>
              <highway>secondary</highway>
              <surface>asphalt</surface>
              <oneway>yes</oneway>
              <estimated_traffic_class>4</estimated_traffic_class>
            </gpxtpx:Extensions>
          </gpxtpx:TrackPointExtension>
        </extensions>
      </trkpt>
      <trkpt lat="49.412693" lon="0.227514">
        <ele>17.25</ele>
        <extensions>
          <gpxtpx:TrackPointExtension>
            <gpxtpx:Extensions>
              <highway>secondary</highway>
              <surface>asphalt</surface>
              <oneway>yes</oneway>
              <estimated_traffic_class>4</estimated_traffic_class>
            </gpxtpx:Extensions>
          </gpxtpx:TrackPointExtension>
        </extensions>
      </trkpt>
      <trkpt lat="49.412387" lon="0.227292">
        <ele>18.25</ele>
        <extensions>
          <gpxtpx:TrackPointExtension>
            <gpxtpx:Extensions>
              <highway>secondary</highway>
              <surface>asphalt</surface>
              <oneway>yes</oneway>
              <estimated_traffic_class>4</estimated_traffic_class>
            </gpxtpx:Extensions>
          </gpxtpx:TrackPointExtension>
        </extensions>
      </trkpt>
      <trkpt lat="49.411871" lon="0.22693">
        <ele>19.75</ele>
        <extensions>
          <gpxtpx:TrackPointExtension>
            <gpxtpx:Extensions>
              <highway>secondary</highway>
              <surface>asphalt</surface>
              <oneway>yes</oneway>
              <estimated_traffic_class>4</estimated_traffic_class>
            </gpxtpx:Extensions>
          </gpxtpx:TrackPointExtension>
        </extensions>
      </trkpt>
      <trkpt lat="49.411576" lon="0.226711">
        <ele>19.75</ele>
        <extensions>
          <gpxtpx:TrackPointExtension>
            <gpxtpx:Extensions>
              <highway>secondary</highway>
              <surface>asphalt</surface>
              <oneway>yes</oneway>
              <estimated_traffic_class>4</estimated_traffic_class>
            </gpxtpx:Extensions>
          </gpxtpx:TrackPointExtension>
        </extensions>
      </trkpt>
      <trkpt lat="49.411477" lon="0.226704">
        <ele>19.75</ele>
        <extensions>
          <gpxtpx:TrackPointExtension>
            <gpxtpx:Extensions>
              <highway>secondary</highway>
              <surface>asphalt</surface>
              <estimated_traffic_class>4</estimated_traffic_class>
            </gpxtpx:Extensions>
          </gpxtpx:TrackPointExtension>
        </extensions>
      </trkpt>
      <trkpt lat="49.411033" lon="0.226382">
        <ele>19.5</ele>
        <extensions>
          <gpxtpx:TrackPointExtension>
            <gpxtpx:Extensions>
              <highway>secondary</highway>
              <surface>asphalt</surface>
              <estimated_traffic_class>4</estimated_traffic_class>
            </gpxtpx:Extensions>
          </gpxtpx:TrackPointExtension>
        </extensions>
      </trkpt>
      <trkpt lat="49.410932" lon="0.226309">
        <ele>19.25</ele>
        <extensions>
          <gpxtpx:TrackPointExtension>
            <gpxtpx:Extensions>
              <highway>secondary</highway>
              <surface>asphalt</surface>
              <estimated_traffic_class>4</estimated_traffic_class>
            </gpxtpx:Extensions>
          </gpxtpx:TrackPointExtension>
        </extensions>
      </trkpt>
      <trkpt lat="49.410778" lon="0.22619">
        <ele>19.25</ele>
        <extensions>
          <gpxtpx:TrackPointExtension>
            <gpxtpx:Extensions>
              <highway>secondary</highway>
              <surface>asphalt</surface>
              <estimated_traffic_class>4</estimated_traffic_class>
            </gpxtpx:Extensions>
          </gpxtpx:TrackPointExtension>
        </extensions>
      </trkpt>
      <trkpt lat="49.410449" lon="0.225958">
        <ele>20.5</ele>
        <extensions>
          <gpxtpx:TrackPointExtension>
            <gpxtpx:Extensions>
              <highway>secondary</highway>
              <surface>asphalt</surface>
              <estimated_traffic_class>4</estimated_traffic_class>
            </gpxtpx:Extensions>
          </gpxtpx:TrackPointExtension>
        </extensions>
      </trkpt>
      <trkpt lat="49.409596" lon="0.22534">
        <ele>25</ele>
        <extensions>
          <gpxtpx:TrackPointExtension>
            <gpxtpx:Extensions>
              <highway>secondary</highway>
              <surface>asphalt</surface>
              <oneway>yes</oneway>
              <estimated_traffic_class>4</estimated_traffic_class>
            </gpxtpx:Extensions>
          </gpxtpx:TrackPointExtension>
        </extensions>
      </trkpt>
      <trkpt lat="49.409562" lon="0.225281">
        <ele>25.25</ele>
        <extensions>
          <gpxtpx:TrackPointExtension>
            <gpxtpx:Extensions>
              <highway>secondary</highway>
              <surface>asphalt</surface>
              <oneway>yes</oneway>
              <estimated_traffic_class>4</estimated_traffic_class>
            </gpxtpx:Extensions>
          </gpxtpx:TrackPointExtension>
        </extensions>
      </trkpt>
      <trkpt lat="49.409321" lon="0.225089">
        <ele>27</ele>
        <extensions>
          <gpxtpx:TrackPointExtension>
            <gpxtpx:Extensions>
              <highway>secondary</highway>
              <surface>asphalt</surface>
              <oneway>yes</oneway>
              <estimated_traffic_class>4</estimated_traffic_class>
            </gpxtpx:Extensions>
          </gpxtpx:TrackPointExtension>
        </extensions>
      </trkpt>
      <trkpt lat="49.409217" lon="0.225058">
        <ele>27.5</ele>
        <extensions>
          <gpxtpx:TrackPointExtension>
            <gpxtpx:Extensions>
              <highway>secondary</highway>
              <surface>asphalt</surface>
              <estimated_traffic_class>4</estimated_traffic_class>
            </gpxtpx:Extensions>
          </gpxtpx:TrackPointExtension>
        </extensions>
      </trkpt>
      <trkpt lat="49.409155" lon="0.225014">
        <ele>27.75</ele>
        <extensions>
          <gpxtpx:TrackPointExtension>
            <gpxtpx:Extensions>
              <highway>secondary</highway>
              <surface>asphalt</surface>
              <estimated_traffic_class>4</estimated_traffic_class>
            </gpxtpx:Extensions>
          </gpxtpx:TrackPointExtension>
        </extensions>
      </trkpt>
      <trkpt lat="49.408994" lon="0.2249">
        <ele>29.75</ele>
        <extensions>
          <gpxtpx:TrackPointExtension>
            <gpxtpx:Extensions>
              <highway>secondary</highway>
              <surface>asphalt</surface>
              <oneway>yes</oneway>
              <estimated_traffic_class>3</estimated_traffic_class>
            </gpxtpx:Extensions>
          </gpxtpx:TrackPointExtension>
        </extensions>
      </trkpt>
      <trkpt lat="49.408933" lon="0.224828">
        <ele>30.75</ele>
        <extensions>
          <gpxtpx:TrackPointExtension>
            <gpxtpx:Extensions>
              <highway>secondary</highway>
              <surface>asphalt</surface>
              <oneway>yes</oneway>
              <estimated_traffic_class>3</estimated_traffic_class>
            </gpxtpx:Extensions>
          </gpxtpx:TrackPointExtension>
        </extensions>
      </trkpt>
      <trkpt lat="49.407509" lon="0.223803">
        <ele>41</ele>
        <extensions>
          <gpxtpx:TrackPointExtension>
            <gpxtpx:Extensions>
              <highway>secondary</highway>
              <surface>asphalt</surface>
              <oneway>yes</oneway>
              <estimated_traffic_class>3</estimated_traffic_class>
            </gpxtpx:Extensions>
          </gpxtpx:TrackPointExtension>
        </extensions>
      </trkpt>
      <trkpt lat="49.407081" lon="0.223494">
        <ele>46</ele>
        <extensions>
          <gpxtpx:TrackPointExtension>
            <gpxtpx:Extensions>
              <highway>secondary</highway>
              <surface>asphalt</surface>
              <oneway>yes</oneway>
              <estimated_traffic_class>3</estimated_traffic_class>
            </gpxtpx:Extensions>
          </gpxtpx:TrackPointExtension>
        </extensions>
      </trkpt>
      <trkpt lat="49.406999" lon="0.223457">
        <ele>46.75</ele>
        <extensions>
          <gpxtpx:TrackPointExtension>
            <gpxtpx:Extensions>
              <highway>secondary</highway>
              <surface>asphalt</surface>
              <estimated_traffic_class>3</estimated_traffic_class>
            </gpxtpx:Extensions>
          </gpxtpx:TrackPointExtension>
        </extensions>
      </trkpt>
      <trkpt lat="49.406587" lon="0.223158">
        <ele>53</ele>
        <extensions>
          <gpxtpx:TrackPointExtension>
            <gpxtpx:Extensions>
              <highway>secondary</highway>
              <surface>asphalt</surface>
              <estimated_traffic_class>3</estimated_traffic_class>
            </gpxtpx:Extensions>
          </gpxtpx:TrackPointExtension>
        </extensions>
      </trkpt>
      <trkpt lat="49.404712" lon="0.221815">
        <ele>63.25</ele>
        <extensions>
          <gpxtpx:TrackPointExtension>
            <gpxtpx:Extensions>
              <highway>secondary</highway>
              <surface>asphalt</surface>
              <estimated_traffic_class>3</estimated_traffic_class>
            </gpxtpx:Extensions>
          </gpxtpx:TrackPointExtension>
        </extensions>
      </trkpt>
      <trkpt lat="49.401261" lon="0.219334">
        <ele>84.5</ele>
        <extensions>
          <gpxtpx:TrackPointExtension>
            <gpxtpx:Extensions>
              <highway>secondary</highway>
              <surface>asphalt</surface>
              <estimated_traffic_class>3</estimated_traffic_class>
            </gpxtpx:Extensions>
          </gpxtpx:TrackPointExtension>
        </extensions>
      </trkpt>
      <trkpt lat="49.400335" lon="0.218659">
        <ele>90</ele>
        <extensions>
          <gpxtpx:TrackPointExtension>
            <gpxtpx:Extensions>
              <highway>secondary</highway>
              <surface>asphalt</surface>
              <estimated_traffic_class>3</estimated_traffic_class>
            </gpxtpx:Extensions>
          </gpxtpx:TrackPointExtension>
        </extensions>
      </trkpt>
      <trkpt lat="49.400154" lon="0.218517">
        <ele>90.5</ele>
        <extensions>
          <gpxtpx:TrackPointExtension>
            <gpxtpx:Extensions>
              <highway>secondary</highway>
              <surface>asphalt</surface>
              <estimated_traffic_class>3</estimated_traffic_class>
            </gpxtpx:Extensions>
          </gpxtpx:TrackPointExtension>
        </extensions>
      </trkpt>
      <trkpt lat="49.400013" lon="0.218342">
        <ele>91.75</ele>
        <extensions>
          <gpxtpx:TrackPointExtension>
            <gpxtpx:Extensions>
              <highway>secondary</highway>
              <surface>asphalt</surface>
              <estimated_traffic_class>3</estimated_traffic_class>
            </gpxtpx:Extensions>
          </gpxtpx:TrackPointExtension>
        </extensions>
      </trkpt>
      <trkpt lat="49.399884" lon="0.218065">
        <ele>91</ele>
        <extensions>
          <gpxtpx:TrackPointExtension>
            <gpxtpx:Extensions>
              <highway>secondary</highway>
              <surface>asphalt</surface>
              <estimated_traffic_class>3</estimated_traffic_class>
            </gpxtpx:Extensions>
          </gpxtpx:TrackPointExtension>
        </extensions>
      </trkpt>
      <trkpt lat="49.399704" lon="0.21749">
        <ele>91</ele>
        <extensions>
          <gpxtpx:TrackPointExtension>
            <gpxtpx:Extensions>
              <highway>secondary</highway>
              <surface>asphalt</surface>
              <estimated_traffic_class>3</estimated_traffic_class>
            </gpxtpx:Extensions>
          </gpxtpx:TrackPointExtension>
        </extensions>
      </trkpt>
      <trkpt lat="49.399011" lon="0.215068">
        <ele>100.5</ele>
        <extensions>
          <gpxtpx:TrackPointExtension>
            <gpxtpx:Extensions>
              <highway>secondary</highway>
              <surface>asphalt</surface>
              <estimated_traffic_class>3</estimated_traffic_class>
            </gpxtpx:Extensions>
          </gpxtpx:TrackPointExtension>
        </extensions>
      </trkpt>
      <trkpt lat="49.398942" lon="0.214867">
        <ele>101.5</ele>
        <extensions>
          <gpxtpx:TrackPointExtension>
            <gpxtpx:Extensions>
              <highway>secondary</highway>
              <surface>asphalt</surface>
              <estimated_traffic_class>3</estimated_traffic_class>
            </gpxtpx:Extensions>
          </gpxtpx:TrackPointExtension>
        </extensions>
      </trkpt>
      <trkpt lat="49.398864" lon="0.214675">
        <ele>102.25</ele>
        <extensions>
          <gpxtpx:TrackPointExtension>
            <gpxtpx:Extensions>
              <highway>secondary</highway>
              <surface>asphalt</surface>
              <estimated_traffic_class>3</estimated_traffic_class>
            </gpxtpx:Extensions>
          </gpxtpx:TrackPointExtension>
        </extensions>
      </trkpt>
      <trkpt lat="49.39873" lon="0.214416">
        <ele>103.25</ele>
        <extensions>
          <gpxtpx:TrackPointExtension>
            <gpxtpx:Extensions>
              <highway>secondary</highway>
              <surface>asphalt</surface>
              <estimated_traffic_class>3</estimated_traffic_class>
            </gpxtpx:Extensions>
          </gpxtpx:TrackPointExtension>
        </extensions>
      </trkpt>
      <trkpt lat="49.3987" lon="0.214361">
        <ele>103.5</ele>
        <extensions>
          <gpxtpx:TrackPointExtension>
            <gpxtpx:Extensions>
              <highway>secondary</highway>
              <surface>asphalt</surface>
              <estimated_traffic_class>3</estimated_traffic_class>
            </gpxtpx:Extensions>
          </gpxtpx:TrackPointExtension>
        </extensions>
      </trkpt>
      <trkpt lat="49.398526" lon="0.21414">
        <ele>104.5</ele>
        <extensions>
          <gpxtpx:TrackPointExtension>
            <gpxtpx:Extensions>
              <highway>secondary</highway>
              <surface>asphalt</surface>
              <estimated_traffic_class>3</estimated_traffic_class>
            </gpxtpx:Extensions>
          </gpxtpx:TrackPointExtension>
        </extensions>
      </trkpt>
      <trkpt lat="49.397561" lon="0.213094">
        <ele>106.5</ele>
        <extensions>
          <gpxtpx:TrackPointExtension>
            <gpxtpx:Extensions>
              <highway>secondary</highway>
              <surface>asphalt</surface>
              <oneway>yes</oneway>
              <estimated_traffic_class>3</estimated_traffic_class>
            </gpxtpx:Extensions>
          </gpxtpx:TrackPointExtension>
        </extensions>
      </trkpt>
      <trkpt lat="49.397438" lon="0.212921">
        <ele>107</ele>
        <extensions>
          <gpxtpx:TrackPointExtension>
            <gpxtpx:Extensions>
              <highway>secondary</highway>
              <surface>asphalt</surface>
              <oneway>yes</oneway>
              <estimated_traffic_class>3</estimated_traffic_class>
            </gpxtpx:Extensions>
          </gpxtpx:TrackPointExtension>
        </extensions>
      </trkpt>
      <trkpt lat="49.397264" lon="0.212699">
        <ele>107.75</ele>
        <extensions>
          <gpxtpx:TrackPointExtension>
            <gpxtpx:Extensions>
              <highway>secondary</highway>
              <surface>asphalt</surface>
              <oneway>yes</oneway>
              <estimated_traffic_class>3</estimated_traffic_class>
            </gpxtpx:Extensions>
          </gpxtpx:TrackPointExtension>
        </extensions>
      </trkpt>
      <trkpt lat="49.397242" lon="0.212653">
        <ele>107.75</ele>
        <extensions>
          <gpxtpx:TrackPointExtension>
            <gpxtpx:Extensions>
              <highway>secondary</highway>
              <surface>asphalt</surface>
              <oneway>yes</oneway>
              <estimated_traffic_class>3</estimated_traffic_class>
            </gpxtpx:Extensions>
          </gpxtpx:TrackPointExtension>
        </extensions>
      </trkpt>
      <trkpt lat="49.39721" lon="0.212511">
        <ele>108.25</ele>
        <extensions>
          <gpxtpx:TrackPointExtension>
            <gpxtpx:Extensions>
              <highway>secondary</highway>
              <surface>asphalt</surface>
              <junction>roundabout</junction>
              <estimated_traffic_class>3</estimated_traffic_class>
            </gpxtpx:Extensions>
          </gpxtpx:TrackPointExtension>
        </extensions>
      </trkpt>
      <trkpt lat="49.397218" lon="0.21245">
        <ele>108.25</ele>
        <extensions>
          <gpxtpx:TrackPointExtension>
            <gpxtpx:Extensions>
              <highway>secondary</highway>
              <surface>asphalt</surface>
              <junction>roundabout</junction>
              <estimated_traffic_class>3</estimated_traffic_class>
            </gpxtpx:Extensions>
          </gpxtpx:TrackPointExtension>
        </extensions>
      </trkpt>
      <trkpt lat="49.397211" lon="0.212389">
        <ele>108.25</ele>
        <extensions>
          <gpxtpx:TrackPointExtension>
            <gpxtpx:Extensions>
              <highway>secondary</highway>
              <surface>asphalt</surface>
              <junction>roundabout</junction>
              <estimated_traffic_class>3</estimated_traffic_class>
            </gpxtpx:Extensions>
          </gpxtpx:TrackPointExtension>
        </extensions>
      </trkpt>
      <trkpt lat="49.397192" lon="0.212339">
        <ele>108.25</ele>
        <extensions>
          <gpxtpx:TrackPointExtension>
            <gpxtpx:Extensions>
              <highway>secondary</highway>
              <surface>asphalt</surface>
              <junction>roundabout</junction>
              <estimated_traffic_class>3</estimated_traffic_class>
            </gpxtpx:Extensions>
          </gpxtpx:TrackPointExtension>
        </extensions>
      </trkpt>
      <trkpt lat="49.397164" lon="0.212301">
        <ele>108.5</ele>
        <extensions>
          <gpxtpx:TrackPointExtension>
            <gpxtpx:Extensions>
              <highway>secondary</highway>
              <surface>asphalt</surface>
              <junction>roundabout</junction>
              <estimated_traffic_class>3</estimated_traffic_class>
            </gpxtpx:Extensions>
          </gpxtpx:TrackPointExtension>
        </extensions>
      </trkpt>
      <trkpt lat="49.397129" lon="0.21228">
        <ele>108.5</ele>
        <extensions>
          <gpxtpx:TrackPointExtension>
            <gpxtpx:Extensions>
              <highway>secondary</highway>
              <surface>asphalt</surface>
              <junction>roundabout</junction>
              <estimated_traffic_class>3</estimated_traffic_class>
            </gpxtpx:Extensions>
          </gpxtpx:TrackPointExtension>
        </extensions>
      </trkpt>
      <trkpt lat="49.397092" lon="0.212278">
        <ele>108.5</ele>
        <extensions>
          <gpxtpx:TrackPointExtension>
            <gpxtpx:Extensions>
              <highway>secondary</highway>
              <surface>asphalt</surface>
              <estimated_traffic_class>4</estimated_traffic_class>
            </gpxtpx:Extensions>
          </gpxtpx:TrackPointExtension>
        </extensions>
      </trkpt>
      <trkpt lat="49.397062" lon="0.2121">
        <ele>108.75</ele>
        <extensions>
          <gpxtpx:TrackPointExtension>
            <gpxtpx:Extensions>
              <highway>secondary</highway>
              <surface>asphalt</surface>
              <estimated_traffic_class>4</estimated_traffic_class>
            </gpxtpx:Extensions>
          </gpxtpx:TrackPointExtension>
        </extensions>
      </trkpt>
      <trkpt lat="49.397041" lon="0.212024">
        <ele>108.75</ele>
        <extensions>
          <gpxtpx:TrackPointExtension>
            <gpxtpx:Extensions>
              <highway>secondary</highway>
              <surface>asphalt</surface>
              <estimated_traffic_class>4</estimated_traffic_class>
            </gpxtpx:Extensions>
          </gpxtpx:TrackPointExtension>
        </extensions>
      </trkpt>
      <trkpt lat="49.396958" lon="0.211912">
        <ele>108.75</ele>
        <extensions>
          <gpxtpx:TrackPointExtension>
            <gpxtpx:Extensions>
              <highway>secondary</highway>
              <surface>asphalt</surface>
              <estimated_traffic_class>4</estimated_traffic_class>
            </gpxtpx:Extensions>
          </gpxtpx:TrackPointExtension>
        </extensions>
      </trkpt>
      <trkpt lat="49.396943" lon="0.211876">
        <ele>108.75</ele>
        <extensions>
          <gpxtpx:TrackPointExtension>
            <gpxtpx:Extensions>
              <highway>secondary</highway>
              <surface>asphalt</surface>
              <estimated_traffic_class>4</estimated_traffic_class>
            </gpxtpx:Extensions>
          </gpxtpx:TrackPointExtension>
        </extensions>
      </trkpt>
      <trkpt lat="49.39693" lon="0.211837">
        <ele>108.75</ele>
        <extensions>
          <gpxtpx:TrackPointExtension>
            <gpxtpx:Extensions>
              <highway>secondary</highway>
              <surface>asphalt</surface>
              <estimated_traffic_class>4</estimated_traffic_class>
            </gpxtpx:Extensions>
          </gpxtpx:TrackPointExtension>
        </extensions>
      </trkpt>
      <trkpt lat="49.396892" lon="0.211652">
        <ele>109</ele>
        <extensions>
          <gpxtpx:TrackPointExtension>
            <gpxtpx:Extensions>
              <highway>secondary</highway>
              <surface>asphalt</surface>
              <estimated_traffic_class>4</estimated_traffic_class>
            </gpxtpx:Extensions>
          </gpxtpx:TrackPointExtension>
        </extensions>
      </trkpt>
      <trkpt lat="49.396771" lon="0.21104">
        <ele>109</ele>
        <extensions>
          <gpxtpx:TrackPointExtension>
            <gpxtpx:Extensions>
              <highway>secondary</highway>
              <surface>asphalt</surface>
              <estimated_traffic_class>4</estimated_traffic_class>
            </gpxtpx:Extensions>
          </gpxtpx:TrackPointExtension>
        </extensions>
      </trkpt>
      <trkpt lat="49.396738" lon="0.210853">
        <ele>109</ele>
        <extensions>
          <gpxtpx:TrackPointExtension>
            <gpxtpx:Extensions>
              <highway>secondary</highway>
              <surface>asphalt</surface>
              <estimated_traffic_class>4</estimated_traffic_class>
            </gpxtpx:Extensions>
          </gpxtpx:TrackPointExtension>
        </extensions>
      </trkpt>
      <trkpt lat="49.396697" lon="0.210648">
        <ele>109.25</ele>
        <extensions>
          <gpxtpx:TrackPointExtension>
            <gpxtpx:Extensions>
              <highway>secondary</highway>
              <surface>asphalt</surface>
              <estimated_traffic_class>4</estimated_traffic_class>
            </gpxtpx:Extensions>
          </gpxtpx:TrackPointExtension>
        </extensions>
      </trkpt>
      <trkpt lat="49.396659" lon="0.210063">
        <ele>109.75</ele>
        <extensions>
          <gpxtpx:TrackPointExtension>
            <gpxtpx:Extensions>
              <highway>secondary</highway>
              <surface>asphalt</surface>
              <estimated_traffic_class>4</estimated_traffic_class>
            </gpxtpx:Extensions>
          </gpxtpx:TrackPointExtension>
        </extensions>
      </trkpt>
      <trkpt lat="49.396683" lon="0.209475">
        <ele>111.25</ele>
        <extensions>
          <gpxtpx:TrackPointExtension>
            <gpxtpx:Extensions>
              <highway>secondary</highway>
              <surface>asphalt</surface>
              <estimated_traffic_class>4</estimated_traffic_class>
            </gpxtpx:Extensions>
          </gpxtpx:TrackPointExtension>
        </extensions>
      </trkpt>
      <trkpt lat="49.396688" lon="0.209367">
        <ele>111.5</ele>
        <extensions>
          <gpxtpx:TrackPointExtension>
            <gpxtpx:Extensions>
              <highway>secondary</highway>
              <surface>asphalt</surface>
              <estimated_traffic_class>4</estimated_traffic_class>
            </gpxtpx:Extensions>
          </gpxtpx:TrackPointExtension>
        </extensions>
      </trkpt>
      <trkpt lat="49.396832" lon="0.208261">
        <ele>112.75</ele>
        <extensions>
          <gpxtpx:TrackPointExtension>
            <gpxtpx:Extensions>
              <highway>secondary</highway>
              <surface>asphalt</surface>
              <estimated_traffic_class>4</estimated_traffic_class>
            </gpxtpx:Extensions>
          </gpxtpx:TrackPointExtension>
        </extensions>
      </trkpt>
      <trkpt lat="49.397043" lon="0.206594">
        <ele>113</ele>
        <extensions>
          <gpxtpx:TrackPointExtension>
            <gpxtpx:Extensions>
              <highway>secondary</highway>
              <surface>asphalt</surface>
              <estimated_traffic_class>4</estimated_traffic_class>
            </gpxtpx:Extensions>
          </gpxtpx:TrackPointExtension>
        </extensions>
      </trkpt>
      <trkpt lat="49.397065" lon="0.206074">
        <ele>113</ele>
        <extensions>
          <gpxtpx:TrackPointExtension>
            <gpxtpx:Extensions>
              <highway>secondary</highway>
              <surface>asphalt</surface>
              <estimated_traffic_class>4</estimated_traffic_class>
            </gpxtpx:Extensions>
          </gpxtpx:TrackPointExtension>
        </extensions>
      </trkpt>
      <trkpt lat="49.39707" lon="0.205698">
        <ele>113</ele>
        <extensions>
          <gpxtpx:TrackPointExtension>
            <gpxtpx:Extensions>
              <highway>secondary</highway>
              <surface>asphalt</surface>
              <estimated_traffic_class>4</estimated_traffic_class>
            </gpxtpx:Extensions>
          </gpxtpx:TrackPointExtension>
        </extensions>
      </trkpt>
      <trkpt lat="49.397069" lon="0.205648">
        <ele>113</ele>
        <extensions>
          <gpxtpx:TrackPointExtension>
            <gpxtpx:Extensions>
              <highway>secondary</highway>
              <surface>asphalt</surface>
              <estimated_traffic_class>3</estimated_traffic_class>
            </gpxtpx:Extensions>
          </gpxtpx:TrackPointExtension>
        </extensions>
      </trkpt>
      <trkpt lat="49.396967" lon="0.204403">
        <ele>114.5</ele>
        <extensions>
          <gpxtpx:TrackPointExtension>
            <gpxtpx:Extensions>
              <highway>secondary</highway>
              <surface>asphalt</surface>
              <estimated_traffic_class>3</estimated_traffic_class>
            </gpxtpx:Extensions>
          </gpxtpx:TrackPointExtension>
        </extensions>
      </trkpt>
      <trkpt lat="49.396864" lon="0.203159">
        <ele>116.5</ele>
        <extensions>
          <gpxtpx:TrackPointExtension>
            <gpxtpx:Extensions>
              <highway>secondary</highway>
              <surface>asphalt</surface>
              <estimated_traffic_class>3</estimated_traffic_class>
            </gpxtpx:Extensions>
          </gpxtpx:TrackPointExtension>
        </extensions>
      </trkpt>
      <trkpt lat="49.396834" lon="0.202794">
        <ele>116.25</ele>
        <extensions>
          <gpxtpx:TrackPointExtension>
            <gpxtpx:Extensions>
              <highway>secondary</highway>
              <surface>asphalt</surface>
              <estimated_traffic_class>3</estimated_traffic_class>
            </gpxtpx:Extensions>
          </gpxtpx:TrackPointExtension>
        </extensions>
      </trkpt>
      <trkpt lat="49.39683" lon="0.202443">
        <ele>116</ele>
        <extensions>
          <gpxtpx:TrackPointExtension>
            <gpxtpx:Extensions>
              <highway>secondary</highway>
              <surface>asphalt</surface>
              <estimated_traffic_class>3</estimated_traffic_class>
            </gpxtpx:Extensions>
          </gpxtpx:TrackPointExtension>
        </extensions>
      </trkpt>
      <trkpt lat="49.396862" lon="0.202166">
        <ele>115.75</ele>
        <extensions>
          <gpxtpx:TrackPointExtension>
            <gpxtpx:Extensions>
              <highway>secondary</highway>
              <surface>asphalt</surface>
              <estimated_traffic_class>3</estimated_traffic_class>
            </gpxtpx:Extensions>
          </gpxtpx:TrackPointExtension>
        </extensions>
      </trkpt>
      <trkpt lat="49.396918" lon="0.201903">
        <ele>115.5</ele>
        <extensions>
          <gpxtpx:TrackPointExtension>
            <gpxtpx:Extensions>
              <highway>secondary</highway>
              <surface>asphalt</surface>
              <estimated_traffic_class>3</estimated_traffic_class>
            </gpxtpx:Extensions>
          </gpxtpx:TrackPointExtension>
        </extensions>
      </trkpt>
      <trkpt lat="49.397095" lon="0.201385">
        <ele>114.25</ele>
        <extensions>
          <gpxtpx:TrackPointExtension>
            <gpxtpx:Extensions>
              <highway>secondary</highway>
              <surface>asphalt</surface>
              <estimated_traffic_class>3</estimated_traffic_class>
            </gpxtpx:Extensions>
          </gpxtpx:TrackPointExtension>
        </extensions>
      </trkpt>
      <trkpt lat="49.397223" lon="0.200986">
        <ele>113.25</ele>
        <extensions>
          <gpxtpx:TrackPointExtension>
            <gpxtpx:Extensions>
              <reversedirection>yes</reversedirection>
              <highway>secondary</highway>
              <surface>asphalt</surface>
              <estimated_traffic_class>3</estimated_traffic_class>
            </gpxtpx:Extensions>
          </gpxtpx:TrackPointExtension>
        </extensions>
      </trkpt>
      <trkpt lat="49.397223" lon="0.200986">
        <ele>113.25</ele>
        <extensions>
          <gpxtpx:TrackPointExtension>
            <gpxtpx:Extensions>
              <highway>secondary</highway>
              <surface>asphalt</surface>
              <estimated_traffic_class>3</estimated_traffic_class>
            </gpxtpx:Extensions>
          </gpxtpx:TrackPointExtension>
        </extensions>
      </trkpt>
      <trkpt lat="49.397258" lon="0.200881">
        <ele>113.25</ele>
        <extensions>
          <gpxtpx:TrackPointExtension>
            <gpxtpx:Extensions>
              <highway>secondary</highway>
              <surface>asphalt</surface>
              <estimated_traffic_class>3</estimated_traffic_class>
            </gpxtpx:Extensions>
          </gpxtpx:TrackPointExtension>
        </extensions>
      </trkpt>
      <trkpt lat="49.397353" lon="0.200405">
        <ele>113.25</ele>
        <extensions>
          <gpxtpx:TrackPointExtension>
            <gpxtpx:Extensions>
              <highway>secondary</highway>
              <surface>asphalt</surface>
              <estimated_traffic_class>3</estimated_traffic_class>
            </gpxtpx:Extensions>
          </gpxtpx:TrackPointExtension>
        </extensions>
      </trkpt>
      <trkpt lat="49.397391" lon="0.199926">
        <ele>113.25</ele>
        <extensions>
          <gpxtpx:TrackPointExtension>
            <gpxtpx:Extensions>
              <highway>secondary</highway>
              <surface>asphalt</surface>
              <estimated_traffic_class>3</estimated_traffic_class>
            </gpxtpx:Extensions>
          </gpxtpx:TrackPointExtension>
        </extensions>
      </trkpt>
      <trkpt lat="49.397392" lon="0.199359">
        <ele>113</ele>
        <extensions>
          <gpxtpx:TrackPointExtension>
            <gpxtpx:Extensions>
              <highway>secondary</highway>
              <surface>asphalt</surface>
              <estimated_traffic_class>3</estimated_traffic_class>
            </gpxtpx:Extensions>
          </gpxtpx:TrackPointExtension>
        </extensions>
      </trkpt>
      <trkpt lat="49.397345" lon="0.198725">
        <ele>113</ele>
        <extensions>
          <gpxtpx:TrackPointExtension>
            <gpxtpx:Extensions>
              <highway>secondary</highway>
              <surface>asphalt</surface>
              <estimated_traffic_class>3</estimated_traffic_class>
            </gpxtpx:Extensions>
          </gpxtpx:TrackPointExtension>
        </extensions>
      </trkpt>
      <trkpt lat="49.397231" lon="0.198167">
        <ele>112.75</ele>
        <extensions>
          <gpxtpx:TrackPointExtension>
            <gpxtpx:Extensions>
              <highway>secondary</highway>
              <surface>asphalt</surface>
              <estimated_traffic_class>3</estimated_traffic_class>
            </gpxtpx:Extensions>
          </gpxtpx:TrackPointExtension>
        </extensions>
      </trkpt>
      <trkpt lat="49.396992" lon="0.197283">
        <ele>111.5</ele>
        <extensions>
          <gpxtpx:TrackPointExtension>
            <gpxtpx:Extensions>
              <highway>secondary</highway>
              <surface>asphalt</surface>
              <estimated_traffic_class>3</estimated_traffic_class>
            </gpxtpx:Extensions>
          </gpxtpx:TrackPointExtension>
        </extensions>
      </trkpt>
      <trkpt lat="49.396724" lon="0.196254">
        <ele>110.5</ele>
        <extensions>
          <gpxtpx:TrackPointExtension>
            <gpxtpx:Extensions>
              <highway>secondary</highway>
              <surface>asphalt</surface>
              <estimated_traffic_class>3</estimated_traffic_class>
            </gpxtpx:Extensions>
          </gpxtpx:TrackPointExtension>
        </extensions>
      </trkpt>
      <trkpt lat="49.396677" lon="0.19607">
        <ele>109.75</ele>
        <extensions>
          <gpxtpx:TrackPointExtension>
            <gpxtpx:Extensions>
              <reversedirection>yes</reversedirection>
              <highway>tertiary</highway>
              <surface>asphalt</surface>
              <estimated_traffic_class>2</estimated_traffic_class>
            </gpxtpx:Extensions>
          </gpxtpx:TrackPointExtension>
        </extensions>
      </trkpt>
      <trkpt lat="49.396629" lon="0.196056">
        <ele>109.75</ele>
        <extensions>
          <gpxtpx:TrackPointExtension>
            <gpxtpx:Extensions>
              <reversedirection>yes</reversedirection>
              <highway>tertiary</highway>
              <surface>asphalt</surface>
              <estimated_traffic_class>2</estimated_traffic_class>
            </gpxtpx:Extensions>
          </gpxtpx:TrackPointExtension>
        </extensions>
      </trkpt>
      <trkpt lat="49.396502" lon="0.19565">
        <ele>109</ele>
        <extensions>
          <gpxtpx:TrackPointExtension>
            <gpxtpx:Extensions>
              <reversedirection>yes</reversedirection>
              <highway>tertiary</highway>
              <surface>asphalt</surface>
              <estimated_traffic_class>2</estimated_traffic_class>
            </gpxtpx:Extensions>
          </gpxtpx:TrackPointExtension>
        </extensions>
      </trkpt>
      <trkpt lat="49.396444" lon="0.195369">
        <ele>109</ele>
        <extensions>
          <gpxtpx:TrackPointExtension>
            <gpxtpx:Extensions>
              <reversedirection>yes</reversedirection>
              <highway>tertiary</highway>
              <surface>asphalt</surface>
              <estimated_traffic_class>2</estimated_traffic_class>
            </gpxtpx:Extensions>
          </gpxtpx:TrackPointExtension>
        </extensions>
      </trkpt>
      <trkpt lat="49.39637" lon="0.194315">
        <ele>112.75</ele>
        <extensions>
          <gpxtpx:TrackPointExtension>
            <gpxtpx:Extensions>
              <reversedirection>yes</reversedirection>
              <highway>tertiary</highway>
              <surface>asphalt</surface>
              <estimated_traffic_class>2</estimated_traffic_class>
            </gpxtpx:Extensions>
          </gpxtpx:TrackPointExtension>
        </extensions>
      </trkpt>
      <trkpt lat="49.396375" lon="0.194178">
        <ele>113.5</ele>
        <extensions>
          <gpxtpx:TrackPointExtension>
            <gpxtpx:Extensions>
              <reversedirection>yes</reversedirection>
              <highway>tertiary</highway>
              <surface>asphalt</surface>
              <estimated_traffic_class>2</estimated_traffic_class>
            </gpxtpx:Extensions>
          </gpxtpx:TrackPointExtension>
        </extensions>
      </trkpt>
      <trkpt lat="49.396352" lon="0.194038">
        <ele>113.75</ele>
        <extensions>
          <gpxtpx:TrackPointExtension>
            <gpxtpx:Extensions>
              <reversedirection>yes</reversedirection>
              <highway>tertiary</highway>
              <surface>asphalt</surface>
              <estimated_traffic_class>2</estimated_traffic_class>
            </gpxtpx:Extensions>
          </gpxtpx:TrackPointExtension>
        </extensions>
      </trkpt>
      <trkpt lat="49.396325" lon="0.193953">
        <ele>113.75</ele>
        <extensions>
          <gpxtpx:TrackPointExtension>
            <gpxtpx:Extensions>
              <reversedirection>yes</reversedirection>
              <highway>tertiary</highway>
              <surface>asphalt</surface>
              <estimated_traffic_class>2</estimated_traffic_class>
            </gpxtpx:Extensions>
          </gpxtpx:TrackPointExtension>
        </extensions>
      </trkpt>
      <trkpt lat="49.396272" lon="0.193886">
        <ele>114</ele>
        <extensions>
          <gpxtpx:TrackPointExtension>
            <gpxtpx:Extensions>
              <reversedirection>yes</reversedirection>
              <highway>tertiary</highway>
              <surface>asphalt</surface>
              <estimated_traffic_class>2</estimated_traffic_class>
            </gpxtpx:Extensions>
          </gpxtpx:TrackPointExtension>
        </extensions>
      </trkpt>
      <trkpt lat="49.395982" lon="0.193806">
        <ele>115.5</ele>
        <extensions>
          <gpxtpx:TrackPointExtension>
            <gpxtpx:Extensions>
              <reversedirection>yes</reversedirection>
              <highway>tertiary</highway>
              <surface>asphalt</surface>
              <estimated_traffic_class>2</estimated_traffic_class>
            </gpxtpx:Extensions>
          </gpxtpx:TrackPointExtension>
        </extensions>
      </trkpt>
      <trkpt lat="49.395916" lon="0.193814">
        <ele>115.75</ele>
        <extensions>
          <gpxtpx:TrackPointExtension>
            <gpxtpx:Extensions>
              <reversedirection>yes</reversedirection>
              <highway>tertiary</highway>
              <surface>asphalt</surface>
              <estimated_traffic_class>2</estimated_traffic_class>
            </gpxtpx:Extensions>
          </gpxtpx:TrackPointExtension>
        </extensions>
      </trkpt>
      <trkpt lat="49.395822" lon="0.193854">
        <ele>116</ele>
        <extensions>
          <gpxtpx:TrackPointExtension>
            <gpxtpx:Extensions>
              <reversedirection>yes</reversedirection>
              <highway>tertiary</highway>
              <surface>asphalt</surface>
              <estimated_traffic_class>2</estimated_traffic_class>
            </gpxtpx:Extensions>
          </gpxtpx:TrackPointExtension>
        </extensions>
      </trkpt>
      <trkpt lat="49.395244" lon="0.194176">
        <ele>110.75</ele>
        <extensions>
          <gpxtpx:TrackPointExtension>
            <gpxtpx:Extensions>
              <reversedirection>yes</reversedirection>
              <highway>tertiary</highway>
              <surface>asphalt</surface>
              <estimated_traffic_class>2</estimated_traffic_class>
            </gpxtpx:Extensions>
          </gpxtpx:TrackPointExtension>
        </extensions>
      </trkpt>
      <trkpt lat="49.395096" lon="0.194246">
        <ele>109.75</ele>
        <extensions>
          <gpxtpx:TrackPointExtension>
            <gpxtpx:Extensions>
              <reversedirection>yes</reversedirection>
              <highway>tertiary</highway>
              <surface>asphalt</surface>
              <estimated_traffic_class>2</estimated_traffic_class>
            </gpxtpx:Extensions>
          </gpxtpx:TrackPointExtension>
        </extensions>
      </trkpt>
      <trkpt lat="49.395019" lon="0.194254">
        <ele>109.25</ele>
        <extensions>
          <gpxtpx:TrackPointExtension>
            <gpxtpx:Extensions>
              <reversedirection>yes</reversedirection>
              <highway>tertiary</highway>
              <surface>asphalt</surface>
              <estimated_traffic_class>2</estimated_traffic_class>
            </gpxtpx:Extensions>
          </gpxtpx:TrackPointExtension>
        </extensions>
      </trkpt>
      <trkpt lat="49.394968" lon="0.194234">
        <ele>109</ele>
        <extensions>
          <gpxtpx:TrackPointExtension>
            <gpxtpx:Extensions>
              <reversedirection>yes</reversedirection>
              <highway>tertiary</highway>
              <surface>asphalt</surface>
              <estimated_traffic_class>2</estimated_traffic_class>
            </gpxtpx:Extensions>
          </gpxtpx:TrackPointExtension>
        </extensions>
      </trkpt>
      <trkpt lat="49.394895" lon="0.194278">
        <ele>108.75</ele>
        <extensions>
          <gpxtpx:TrackPointExtension>
            <gpxtpx:Extensions>
              <reversedirection>yes</reversedirection>
              <highway>tertiary</highway>
              <surface>asphalt</surface>
              <estimated_traffic_class>2</estimated_traffic_class>
            </gpxtpx:Extensions>
          </gpxtpx:TrackPointExtension>
        </extensions>
      </trkpt>
      <trkpt lat="49.394808" lon="0.194294">
        <ele>108.75</ele>
        <extensions>
          <gpxtpx:TrackPointExtension>
            <gpxtpx:Extensions>
              <reversedirection>yes</reversedirection>
              <highway>tertiary</highway>
              <surface>asphalt</surface>
              <estimated_traffic_class>2</estimated_traffic_class>
            </gpxtpx:Extensions>
          </gpxtpx:TrackPointExtension>
        </extensions>
      </trkpt>
      <trkpt lat="49.39467" lon="0.194199">
        <ele>107.75</ele>
        <extensions>
          <gpxtpx:TrackPointExtension>
            <gpxtpx:Extensions>
              <reversedirection>yes</reversedirection>
              <highway>tertiary</highway>
              <surface>asphalt</surface>
              <estimated_traffic_class>2</estimated_traffic_class>
            </gpxtpx:Extensions>
          </gpxtpx:TrackPointExtension>
        </extensions>
      </trkpt>
      <trkpt lat="49.394492" lon="0.194007">
        <ele>107</ele>
        <extensions>
          <gpxtpx:TrackPointExtension>
            <gpxtpx:Extensions>
              <reversedirection>yes</reversedirection>
              <highway>tertiary</highway>
              <surface>asphalt</surface>
              <estimated_traffic_class>2</estimated_traffic_class>
            </gpxtpx:Extensions>
          </gpxtpx:TrackPointExtension>
        </extensions>
      </trkpt>
      <trkpt lat="49.394369" lon="0.193846">
        <ele>105.75</ele>
        <extensions>
          <gpxtpx:TrackPointExtension>
            <gpxtpx:Extensions>
              <reversedirection>yes</reversedirection>
              <highway>tertiary</highway>
              <surface>asphalt</surface>
              <estimated_traffic_class>2</estimated_traffic_class>
            </gpxtpx:Extensions>
          </gpxtpx:TrackPointExtension>
        </extensions>
      </trkpt>
      <trkpt lat="49.39416" lon="0.193632">
        <ele>103.25</ele>
        <extensions>
          <gpxtpx:TrackPointExtension>
            <gpxtpx:Extensions>
              <reversedirection>yes</reversedirection>
              <highway>tertiary</highway>
              <surface>asphalt</surface>
              <estimated_traffic_class>2</estimated_traffic_class>
            </gpxtpx:Extensions>
          </gpxtpx:TrackPointExtension>
        </extensions>
      </trkpt>
      <trkpt lat="49.393901" lon="0.193343">
        <ele>101.25</ele>
        <extensions>
          <gpxtpx:TrackPointExtension>
            <gpxtpx:Extensions>
              <reversedirection>yes</reversedirection>
              <highway>tertiary</highway>
              <surface>asphalt</surface>
              <estimated_traffic_class>2</estimated_traffic_class>
            </gpxtpx:Extensions>
          </gpxtpx:TrackPointExtension>
        </extensions>
      </trkpt>
      <trkpt lat="49.393487" lon="0.192984">
        <ele>96.75</ele>
        <extensions>
          <gpxtpx:TrackPointExtension>
            <gpxtpx:Extensions>
              <reversedirection>yes</reversedirection>
              <highway>tertiary</highway>
              <surface>asphalt</surface>
              <estimated_traffic_class>2</estimated_traffic_class>
            </gpxtpx:Extensions>
          </gpxtpx:TrackPointExtension>
        </extensions>
      </trkpt>
      <trkpt lat="49.393037" lon="0.192548">
        <ele>92.75</ele>
        <extensions>
          <gpxtpx:TrackPointExtension>
            <gpxtpx:Extensions>
              <reversedirection>yes</reversedirection>
              <highway>tertiary</highway>
              <surface>asphalt</surface>
              <estimated_traffic_class>2</estimated_traffic_class>
            </gpxtpx:Extensions>
          </gpxtpx:TrackPointExtension>
        </extensions>
      </trkpt>
      <trkpt lat="49.392853" lon="0.192229">
        <ele>91.5</ele>
        <extensions>
          <gpxtpx:TrackPointExtension>
            <gpxtpx:Extensions>
              <reversedirection>yes</reversedirection>
              <highway>tertiary</highway>
              <surface>asphalt</surface>
              <estimated_traffic_class>2</estimated_traffic_class>
            </gpxtpx:Extensions>
          </gpxtpx:TrackPointExtension>
        </extensions>
      </trkpt>
      <trkpt lat="49.39264" lon="0.191783">
        <ele>86</ele>
        <extensions>
          <gpxtpx:TrackPointExtension>
            <gpxtpx:Extensions>
              <reversedirection>yes</reversedirection>
              <highway>tertiary</highway>
              <surface>asphalt</surface>
              <estimated_traffic_class>2</estimated_traffic_class>
            </gpxtpx:Extensions>
          </gpxtpx:TrackPointExtension>
        </extensions>
      </trkpt>
      <trkpt lat="49.392525" lon="0.191579">
        <ele>82.25</ele>
        <extensions>
          <gpxtpx:TrackPointExtension>
            <gpxtpx:Extensions>
              <reversedirection>yes</reversedirection>
              <highway>tertiary</highway>
              <surface>asphalt</surface>
              <estimated_traffic_class>2</estimated_traffic_class>
            </gpxtpx:Extensions>
          </gpxtpx:TrackPointExtension>
        </extensions>
      </trkpt>
      <trkpt lat="49.392254" lon="0.191253">
        <ele>76.5</ele>
        <extensions>
          <gpxtpx:TrackPointExtension>
            <gpxtpx:Extensions>
              <reversedirection>yes</reversedirection>
              <highway>tertiary</highway>
              <surface>asphalt</surface>
              <estimated_traffic_class>2</estimated_traffic_class>
            </gpxtpx:Extensions>
          </gpxtpx:TrackPointExtension>
        </extensions>
      </trkpt>
      <trkpt lat="49.392178" lon="0.191114">
        <ele>74</ele>
        <extensions>
          <gpxtpx:TrackPointExtension>
            <gpxtpx:Extensions>
              <reversedirection>yes</reversedirection>
              <highway>tertiary</highway>
              <surface>asphalt</surface>
              <estimated_traffic_class>2</estimated_traffic_class>
            </gpxtpx:Extensions>
          </gpxtpx:TrackPointExtension>
        </extensions>
      </trkpt>
      <trkpt lat="49.392123" lon="0.191034">
        <ele>72.25</ele>
        <extensions>
          <gpxtpx:TrackPointExtension>
            <gpxtpx:Extensions>
              <reversedirection>yes</reversedirection>
              <highway>tertiary</highway>
              <surface>asphalt</surface>
              <estimated_traffic_class>2</estimated_traffic_class>
            </gpxtpx:Extensions>
          </gpxtpx:TrackPointExtension>
        </extensions>
      </trkpt>
      <trkpt lat="49.392072" lon="0.190961">
        <ele>70.75</ele>
        <extensions>
          <gpxtpx:TrackPointExtension>
            <gpxtpx:Extensions>
              <reversedirection>yes</reversedirection>
              <highway>tertiary</highway>
              <surface>asphalt</surface>
              <estimated_traffic_class>2</estimated_traffic_class>
            </gpxtpx:Extensions>
          </gpxtpx:TrackPointExtension>
        </extensions>
      </trkpt>
      <trkpt lat="49.391873" lon="0.190733">
        <ele>65</ele>
        <extensions>
          <gpxtpx:TrackPointExtension>
            <gpxtpx:Extensions>
              <reversedirection>yes</reversedirection>
              <highway>tertiary</highway>
              <surface>asphalt</surface>
              <estimated_traffic_class>2</estimated_traffic_class>
            </gpxtpx:Extensions>
          </gpxtpx:TrackPointExtension>
        </extensions>
      </trkpt>
      <trkpt lat="49.391771" lon="0.190635">
        <ele>62.75</ele>
        <extensions>
          <gpxtpx:TrackPointExtension>
            <gpxtpx:Extensions>
              <reversedirection>yes</reversedirection>
              <highway>tertiary</highway>
              <surface>asphalt</surface>
              <estimated_traffic_class>2</estimated_traffic_class>
            </gpxtpx:Extensions>
          </gpxtpx:TrackPointExtension>
        </extensions>
      </trkpt>
      <trkpt lat="49.391599" lon="0.190507">
        <ele>59.25</ele>
        <extensions>
          <gpxtpx:TrackPointExtension>
            <gpxtpx:Extensions>
              <reversedirection>yes</reversedirection>
              <highway>tertiary</highway>
              <surface>asphalt</surface>
              <estimated_traffic_class>2</estimated_traffic_class>
            </gpxtpx:Extensions>
          </gpxtpx:TrackPointExtension>
        </extensions>
      </trkpt>
      <trkpt lat="49.391375" lon="0.190379">
        <ele>56</ele>
        <extensions>
          <gpxtpx:TrackPointExtension>
            <gpxtpx:Extensions>
              <reversedirection>yes</reversedirection>
              <highway>tertiary</highway>
              <surface>asphalt</surface>
              <estimated_traffic_class>2</estimated_traffic_class>
            </gpxtpx:Extensions>
          </gpxtpx:TrackPointExtension>
        </extensions>
      </trkpt>
      <trkpt lat="49.391001" lon="0.190145">
        <ele>51.5</ele>
        <extensions>
          <gpxtpx:TrackPointExtension>
            <gpxtpx:Extensions>
              <reversedirection>yes</reversedirection>
              <highway>tertiary</highway>
              <surface>asphalt</surface>
              <estimated_traffic_class>2</estimated_traffic_class>
            </gpxtpx:Extensions>
          </gpxtpx:TrackPointExtension>
        </extensions>
      </trkpt>
      <trkpt lat="49.390884" lon="0.190095">
        <ele>50.5</ele>
        <extensions>
          <gpxtpx:TrackPointExtension>
            <gpxtpx:Extensions>
              <reversedirection>yes</reversedirection>
              <highway>tertiary</highway>
              <surface>asphalt</surface>
              <estimated_traffic_class>2</estimated_traffic_class>
            </gpxtpx:Extensions>
          </gpxtpx:TrackPointExtension>
        </extensions>
      </trkpt>
      <trkpt lat="49.390276" lon="0.189721">
        <ele>47.5</ele>
        <extensions>
          <gpxtpx:TrackPointExtension>
            <gpxtpx:Extensions>
              <reversedirection>yes</reversedirection>
              <highway>tertiary</highway>
              <surface>asphalt</surface>
              <estimated_traffic_class>2</estimated_traffic_class>
            </gpxtpx:Extensions>
          </gpxtpx:TrackPointExtension>
        </extensions>
      </trkpt>
      <trkpt lat="49.390089" lon="0.189532">
        <ele>47</ele>
        <extensions>
          <gpxtpx:TrackPointExtension>
            <gpxtpx:Extensions>
              <reversedirection>yes</reversedirection>
              <highway>tertiary</highway>
              <surface>asphalt</surface>
              <estimated_traffic_class>2</estimated_traffic_class>
            </gpxtpx:Extensions>
          </gpxtpx:TrackPointExtension>
        </extensions>
      </trkpt>
      <trkpt lat="49.38987" lon="0.189327">
        <ele>47.5</ele>
        <extensions>
          <gpxtpx:TrackPointExtension>
            <gpxtpx:Extensions>
              <reversedirection>yes</reversedirection>
              <highway>tertiary</highway>
              <surface>asphalt</surface>
              <estimated_traffic_class>2</estimated_traffic_class>
            </gpxtpx:Extensions>
          </gpxtpx:TrackPointExtension>
        </extensions>
      </trkpt>
      <trkpt lat="49.389656" lon="0.189238">
        <ele>48.5</ele>
        <extensions>
          <gpxtpx:TrackPointExtension>
            <gpxtpx:Extensions>
              <reversedirection>yes</reversedirection>
              <highway>tertiary</highway>
              <surface>asphalt</surface>
              <estimated_traffic_class>2</estimated_traffic_class>
            </gpxtpx:Extensions>
          </gpxtpx:TrackPointExtension>
        </extensions>
      </trkpt>
      <trkpt lat="49.389227" lon="0.189083">
        <ele>50.5</ele>
        <extensions>
          <gpxtpx:TrackPointExtension>
            <gpxtpx:Extensions>
              <reversedirection>yes</reversedirection>
              <highway>tertiary</highway>
              <surface>asphalt</surface>
              <estimated_traffic_class>2</estimated_traffic_class>
            </gpxtpx:Extensions>
          </gpxtpx:TrackPointExtension>
        </extensions>
      </trkpt>
      <trkpt lat="49.388736" lon="0.188825">
        <ele>53</ele>
        <extensions>
          <gpxtpx:TrackPointExtension>
            <gpxtpx:Extensions>
              <reversedirection>yes</reversedirection>
              <highway>tertiary</highway>
              <surface>asphalt</surface>
              <estimated_traffic_class>2</estimated_traffic_class>
            </gpxtpx:Extensions>
          </gpxtpx:TrackPointExtension>
        </extensions>
      </trkpt>
      <trkpt lat="49.388469" lon="0.188707">
        <ele>54.25</ele>
        <extensions>
          <gpxtpx:TrackPointExtension>
            <gpxtpx:Extensions>
              <reversedirection>yes</reversedirection>
              <highway>tertiary</highway>
              <surface>asphalt</surface>
              <estimated_traffic_class>2</estimated_traffic_class>
            </gpxtpx:Extensions>
          </gpxtpx:TrackPointExtension>
        </extensions>
      </trkpt>
      <trkpt lat="49.3883" lon="0.188548">
        <ele>55.25</ele>
        <extensions>
          <gpxtpx:TrackPointExtension>
            <gpxtpx:Extensions>
              <reversedirection>yes</reversedirection>
              <highway>tertiary</highway>
              <surface>asphalt</surface>
              <estimated_traffic_class>2</estimated_traffic_class>
            </gpxtpx:Extensions>
          </gpxtpx:TrackPointExtension>
        </extensions>
      </trkpt>
      <trkpt lat="49.388168" lon="0.188393">
        <ele>57</ele>
        <extensions>
          <gpxtpx:TrackPointExtension>
            <gpxtpx:Extensions>
              <reversedirection>yes</reversedirection>
              <highway>tertiary</highway>
              <surface>asphalt</surface>
              <estimated_traffic_class>2</estimated_traffic_class>
            </gpxtpx:Extensions>
          </gpxtpx:TrackPointExtension>
        </extensions>
      </trkpt>
      <trkpt lat="49.388109" lon="0.188283">
        <ele>57.5</ele>
        <extensions>
          <gpxtpx:TrackPointExtension>
            <gpxtpx:Extensions>
              <reversedirection>yes</reversedirection>
              <highway>tertiary</highway>
              <surface>asphalt</surface>
              <estimated_traffic_class>2</estimated_traffic_class>
            </gpxtpx:Extensions>
          </gpxtpx:TrackPointExtension>
        </extensions>
      </trkpt>
      <trkpt lat="49.388004" lon="0.187789">
        <ele>56</ele>
        <extensions>
          <gpxtpx:TrackPointExtension>
            <gpxtpx:Extensions>
              <reversedirection>yes</reversedirection>
              <highway>tertiary</highway>
              <surface>asphalt</surface>
              <estimated_traffic_class>2</estimated_traffic_class>
            </gpxtpx:Extensions>
          </gpxtpx:TrackPointExtension>
        </extensions>
      </trkpt>
      <trkpt lat="49.387968" lon="0.187718">
        <ele>56</ele>
        <extensions>
          <gpxtpx:TrackPointExtension>
            <gpxtpx:Extensions>
              <reversedirection>yes</reversedirection>
              <highway>tertiary</highway>
              <surface>asphalt</surface>
              <estimated_traffic_class>2</estimated_traffic_class>
            </gpxtpx:Extensions>
          </gpxtpx:TrackPointExtension>
        </extensions>
      </trkpt>
      <trkpt lat="49.387931" lon="0.187644">
        <ele>55.75</ele>
        <extensions>
          <gpxtpx:TrackPointExtension>
            <gpxtpx:Extensions>
              <reversedirection>yes</reversedirection>
              <highway>tertiary</highway>
              <surface>asphalt</surface>
              <estimated_traffic_class>2</estimated_traffic_class>
            </gpxtpx:Extensions>
          </gpxtpx:TrackPointExtension>
        </extensions>
      </trkpt>
      <trkpt lat="49.38786" lon="0.187524">
        <ele>55.25</ele>
        <extensions>
          <gpxtpx:TrackPointExtension>
            <gpxtpx:Extensions>
              <reversedirection>yes</reversedirection>
              <highway>tertiary</highway>
              <surface>asphalt</surface>
              <estimated_traffic_class>2</estimated_traffic_class>
            </gpxtpx:Extensions>
          </gpxtpx:TrackPointExtension>
        </extensions>
      </trkpt>
      <trkpt lat="49.387437" lon="0.187202">
        <ele>55.5</ele>
        <extensions>
          <gpxtpx:TrackPointExtension>
            <gpxtpx:Extensions>
              <reversedirection>yes</reversedirection>
              <highway>tertiary</highway>
              <surface>asphalt</surface>
              <estimated_traffic_class>2</estimated_traffic_class>
            </gpxtpx:Extensions>
          </gpxtpx:TrackPointExtension>
        </extensions>
      </trkpt>
      <trkpt lat="49.386938" lon="0.186781">
        <ele>57.5</ele>
        <extensions>
          <gpxtpx:TrackPointExtension>
            <gpxtpx:Extensions>
              <reversedirection>yes</reversedirection>
              <highway>tertiary</highway>
              <surface>asphalt</surface>
              <estimated_traffic_class>2</estimated_traffic_class>
            </gpxtpx:Extensions>
          </gpxtpx:TrackPointExtension>
        </extensions>
      </trkpt>
      <trkpt lat="49.386188" lon="0.18609">
        <ele>59.5</ele>
        <extensions>
          <gpxtpx:TrackPointExtension>
            <gpxtpx:Extensions>
              <reversedirection>yes</reversedirection>
              <highway>tertiary</highway>
              <surface>asphalt</surface>
              <estimated_traffic_class>2</estimated_traffic_class>
            </gpxtpx:Extensions>
          </gpxtpx:TrackPointExtension>
        </extensions>
      </trkpt>
      <trkpt lat="49.38571" lon="0.185748">
        <ele>60.25</ele>
        <extensions>
          <gpxtpx:TrackPointExtension>
            <gpxtpx:Extensions>
              <reversedirection>yes</reversedirection>
              <highway>tertiary</highway>
              <surface>asphalt</surface>
              <estimated_traffic_class>2</estimated_traffic_class>
            </gpxtpx:Extensions>
          </gpxtpx:TrackPointExtension>
        </extensions>
      </trkpt>
      <trkpt lat="49.38542" lon="0.185598">
        <ele>61</ele>
        <extensions>
          <gpxtpx:TrackPointExtension>
            <gpxtpx:Extensions>
              <reversedirection>yes</reversedirection>
              <highway>tertiary</highway>
              <surface>asphalt</surface>
              <estimated_traffic_class>2</estimated_traffic_class>
            </gpxtpx:Extensions>
          </gpxtpx:TrackPointExtension>
        </extensions>
      </trkpt>
      <trkpt lat="49.385274" lon="0.18554">
        <ele>61.5</ele>
        <extensions>
          <gpxtpx:TrackPointExtension>
            <gpxtpx:Extensions>
              <reversedirection>yes</reversedirection>
              <highway>tertiary</highway>
              <surface>asphalt</surface>
              <estimated_traffic_class>2</estimated_traffic_class>
            </gpxtpx:Extensions>
          </gpxtpx:TrackPointExtension>
        </extensions>
      </trkpt>
      <trkpt lat="49.385185" lon="0.185482">
        <ele>61.5</ele>
        <extensions>
          <gpxtpx:TrackPointExtension>
            <gpxtpx:Extensions>
              <reversedirection>yes</reversedirection>
              <highway>tertiary</highway>
              <surface>asphalt</surface>
              <estimated_traffic_class>2</estimated_traffic_class>
            </gpxtpx:Extensions>
          </gpxtpx:TrackPointExtension>
        </extensions>
      </trkpt>
      <trkpt lat="49.384943" lon="0.185207">
        <ele>61.25</ele>
        <extensions>
          <gpxtpx:TrackPointExtension>
            <gpxtpx:Extensions>
              <reversedirection>yes</reversedirection>
              <highway>tertiary</highway>
              <surface>asphalt</surface>
              <estimated_traffic_class>2</estimated_traffic_class>
            </gpxtpx:Extensions>
          </gpxtpx:TrackPointExtension>
        </extensions>
      </trkpt>
      <trkpt lat="49.384639" lon="0.184907">
        <ele>62.25</ele>
        <extensions>
          <gpxtpx:TrackPointExtension>
            <gpxtpx:Extensions>
              <reversedirection>yes</reversedirection>
              <highway>tertiary</highway>
              <surface>asphalt</surface>
              <estimated_traffic_class>2</estimated_traffic_class>
            </gpxtpx:Extensions>
          </gpxtpx:TrackPointExtension>
        </extensions>
      </trkpt>
      <trkpt lat="49.384239" lon="0.184701">
        <ele>65</ele>
        <extensions>
          <gpxtpx:TrackPointExtension>
            <gpxtpx:Extensions>
              <reversedirection>yes</reversedirection>
              <highway>tertiary</highway>
              <surface>asphalt</surface>
              <estimated_traffic_class>2</estimated_traffic_class>
            </gpxtpx:Extensions>
          </gpxtpx:TrackPointExtension>
        </extensions>
      </trkpt>
      <trkpt lat="49.383812" lon="0.184448">
        <ele>64.75</ele>
        <extensions>
          <gpxtpx:TrackPointExtension>
            <gpxtpx:Extensions>
              <reversedirection>yes</reversedirection>
              <highway>tertiary</highway>
              <surface>asphalt</surface>
              <estimated_traffic_class>2</estimated_traffic_class>
            </gpxtpx:Extensions>
          </gpxtpx:TrackPointExtension>
        </extensions>
      </trkpt>
      <trkpt lat="49.383371" lon="0.184242">
        <ele>63</ele>
        <extensions>
          <gpxtpx:TrackPointExtension>
            <gpxtpx:Extensions>
              <reversedirection>yes</reversedirection>
              <highway>tertiary</highway>
              <surface>asphalt</surface>
              <estimated_traffic_class>2</estimated_traffic_class>
            </gpxtpx:Extensions>
          </gpxtpx:TrackPointExtension>
        </extensions>
      </trkpt>
      <trkpt lat="49.383241" lon="0.1842">
        <ele>62.5</ele>
        <extensions>
          <gpxtpx:TrackPointExtension>
            <gpxtpx:Extensions>
              <reversedirection>yes</reversedirection>
              <highway>tertiary</highway>
              <surface>asphalt</surface>
              <estimated_traffic_class>2</estimated_traffic_class>
            </gpxtpx:Extensions>
          </gpxtpx:TrackPointExtension>
        </extensions>
      </trkpt>
      <trkpt lat="49.383095" lon="0.18418">
        <ele>62.75</ele>
        <extensions>
          <gpxtpx:TrackPointExtension>
            <gpxtpx:Extensions>
              <reversedirection>yes</reversedirection>
              <highway>tertiary</highway>
              <surface>asphalt</surface>
              <estimated_traffic_class>2</estimated_traffic_class>
            </gpxtpx:Extensions>
          </gpxtpx:TrackPointExtension>
        </extensions>
      </trkpt>
      <trkpt lat="49.382966" lon="0.184191">
        <ele>63</ele>
        <extensions>
          <gpxtpx:TrackPointExtension>
            <gpxtpx:Extensions>
              <reversedirection>yes</reversedirection>
              <highway>tertiary</highway>
              <surface>asphalt</surface>
              <estimated_traffic_class>2</estimated_traffic_class>
            </gpxtpx:Extensions>
          </gpxtpx:TrackPointExtension>
        </extensions>
      </trkpt>
      <trkpt lat="49.382403" lon="0.18432">
        <ele>66.5</ele>
        <extensions>
          <gpxtpx:TrackPointExtension>
            <gpxtpx:Extensions>
              <reversedirection>yes</reversedirection>
              <highway>tertiary</highway>
              <surface>asphalt</surface>
              <estimated_traffic_class>2</estimated_traffic_class>
            </gpxtpx:Extensions>
          </gpxtpx:TrackPointExtension>
        </extensions>
      </trkpt>
      <trkpt lat="49.380991" lon="0.184785">
        <ele>74</ele>
        <extensions>
          <gpxtpx:TrackPointExtension>
            <gpxtpx:Extensions>
              <reversedirection>yes</reversedirection>
              <highway>tertiary</highway>
              <surface>asphalt</surface>
              <estimated_traffic_class>2</estimated_traffic_class>
            </gpxtpx:Extensions>
          </gpxtpx:TrackPointExtension>
        </extensions>
      </trkpt>
      <trkpt lat="49.38055" lon="0.184967">
        <ele>74</ele>
        <extensions>
          <gpxtpx:TrackPointExtension>
            <gpxtpx:Extensions>
              <reversedirection>yes</reversedirection>
              <highway>tertiary</highway>
              <surface>asphalt</surface>
              <estimated_traffic_class>2</estimated_traffic_class>
            </gpxtpx:Extensions>
          </gpxtpx:TrackPointExtension>
        </extensions>
      </trkpt>
      <trkpt lat="49.380237" lon="0.185058">
        <ele>74.5</ele>
        <extensions>
          <gpxtpx:TrackPointExtension>
            <gpxtpx:Extensions>
              <reversedirection>yes</reversedirection>
              <highway>tertiary</highway>
              <surface>asphalt</surface>
              <estimated_traffic_class>2</estimated_traffic_class>
            </gpxtpx:Extensions>
          </gpxtpx:TrackPointExtension>
        </extensions>
      </trkpt>
      <trkpt lat="49.380014" lon="0.185112">
        <ele>74.75</ele>
        <extensions>
          <gpxtpx:TrackPointExtension>
            <gpxtpx:Extensions>
              <reversedirection>yes</reversedirection>
              <highway>tertiary</highway>
              <surface>asphalt</surface>
              <estimated_traffic_class>2</estimated_traffic_class>
            </gpxtpx:Extensions>
          </gpxtpx:TrackPointExtension>
        </extensions>
      </trkpt>
      <trkpt lat="49.379521" lon="0.185199">
        <ele>74</ele>
        <extensions>
          <gpxtpx:TrackPointExtension>
            <gpxtpx:Extensions>
              <reversedirection>yes</reversedirection>
              <highway>tertiary</highway>
              <surface>asphalt</surface>
              <estimated_traffic_class>2</estimated_traffic_class>
            </gpxtpx:Extensions>
          </gpxtpx:TrackPointExtension>
        </extensions>
      </trkpt>
      <trkpt lat="49.379035" lon="0.185297">
        <ele>73.75</ele>
        <extensions>
          <gpxtpx:TrackPointExtension>
            <gpxtpx:Extensions>
              <reversedirection>yes</reversedirection>
              <highway>tertiary</highway>
              <surface>asphalt</surface>
              <estimated_traffic_class>2</estimated_traffic_class>
            </gpxtpx:Extensions>
          </gpxtpx:TrackPointExtension>
        </extensions>
      </trkpt>
      <trkpt lat="49.378436" lon="0.185342">
        <ele>77.75</ele>
        <extensions>
          <gpxtpx:TrackPointExtension>
            <gpxtpx:Extensions>
              <reversedirection>yes</reversedirection>
              <highway>tertiary</highway>
              <surface>asphalt</surface>
              <estimated_traffic_class>2</estimated_traffic_class>
            </gpxtpx:Extensions>
          </gpxtpx:TrackPointExtension>
        </extensions>
      </trkpt>
      <trkpt lat="49.37826" lon="0.185333">
        <ele>78.75</ele>
        <extensions>
          <gpxtpx:TrackPointExtension>
            <gpxtpx:Extensions>
              <reversedirection>yes</reversedirection>
              <highway>tertiary</highway>
              <estimated_traffic_class>1</estimated_traffic_class>
            </gpxtpx:Extensions>
          </gpxtpx:TrackPointExtension>
        </extensions>
      </trkpt>
      <trkpt lat="49.377918" lon="0.185318">
        <ele>81</ele>
        <extensions>
          <gpxtpx:TrackPointExtension>
            <gpxtpx:Extensions>
              <reversedirection>yes</reversedirection>
              <highway>tertiary</highway>
              <estimated_traffic_class>1</estimated_traffic_class>
            </gpxtpx:Extensions>
          </gpxtpx:TrackPointExtension>
        </extensions>
      </trkpt>
      <trkpt lat="49.377581" lon="0.185213">
        <ele>84.75</ele>
      </trkpt>
      <trkpt lat="49.377583" lon="0.185213">
        <ele>81</ele>
        <extensions>
          <gpxtpx:TrackPointExtension>
            <gpxtpx:Extensions>
              <reversedirection>yes</reversedirection>
              <highway>tertiary</highway>
              <estimated_traffic_class>1</estimated_traffic_class>
            </gpxtpx:Extensions>
          </gpxtpx:TrackPointExtension>
        </extensions>
      </trkpt>
      <trkpt lat="49.377581" lon="0.185213">
        <ele>83.5</ele>
        <extensions>
          <gpxtpx:TrackPointExtension>
            <gpxtpx:Extensions>
              <reversedirection>yes</reversedirection>
              <highway>tertiary</highway>
              <estimated_traffic_class>1</estimated_traffic_class>
            </gpxtpx:Extensions>
          </gpxtpx:TrackPointExtension>
        </extensions>
      </trkpt>
      <trkpt lat="49.377421" lon="0.185163">
        <ele>84.75</ele>
        <extensions>
          <gpxtpx:TrackPointExtension>
            <gpxtpx:Extensions>
              <reversedirection>yes</reversedirection>
              <highway>tertiary</highway>
              <estimated_traffic_class>1</estimated_traffic_class>
            </gpxtpx:Extensions>
          </gpxtpx:TrackPointExtension>
        </extensions>
      </trkpt>
      <trkpt lat="49.377127" lon="0.185083">
        <ele>85.75</ele>
        <extensions>
          <gpxtpx:TrackPointExtension>
            <gpxtpx:Extensions>
              <reversedirection>yes</reversedirection>
              <highway>tertiary</highway>
              <estimated_traffic_class>1</estimated_traffic_class>
            </gpxtpx:Extensions>
          </gpxtpx:TrackPointExtension>
        </extensions>
      </trkpt>
      <trkpt lat="49.376847" lon="0.184845">
        <ele>89.75</ele>
        <extensions>
          <gpxtpx:TrackPointExtension>
            <gpxtpx:Extensions>
              <reversedirection>yes</reversedirection>
              <highway>tertiary</highway>
              <estimated_traffic_class>1</estimated_traffic_class>
            </gpxtpx:Extensions>
          </gpxtpx:TrackPointExtension>
        </extensions>
      </trkpt>
      <trkpt lat="49.376597" lon="0.184536">
        <ele>94.75</ele>
        <extensions>
          <gpxtpx:TrackPointExtension>
            <gpxtpx:Extensions>
              <reversedirection>yes</reversedirection>
              <highway>tertiary</highway>
              <estimated_traffic_class>1</estimated_traffic_class>
            </gpxtpx:Extensions>
          </gpxtpx:TrackPointExtension>
        </extensions>
      </trkpt>
      <trkpt lat="49.375483" lon="0.183103">
        <ele>102</ele>
        <extensions>
          <gpxtpx:TrackPointExtension>
            <gpxtpx:Extensions>
              <reversedirection>yes</reversedirection>
              <highway>tertiary</highway>
              <estimated_traffic_class>1</estimated_traffic_class>
            </gpxtpx:Extensions>
          </gpxtpx:TrackPointExtension>
        </extensions>
      </trkpt>
      <trkpt lat="49.375266" lon="0.18277">
        <ele>102.5</ele>
        <extensions>
          <gpxtpx:TrackPointExtension>
            <gpxtpx:Extensions>
              <reversedirection>yes</reversedirection>
              <highway>tertiary</highway>
              <estimated_traffic_class>1</estimated_traffic_class>
            </gpxtpx:Extensions>
          </gpxtpx:TrackPointExtension>
        </extensions>
      </trkpt>
      <trkpt lat="49.375024" lon="0.182593">
        <ele>100</ele>
        <extensions>
          <gpxtpx:TrackPointExtension>
            <gpxtpx:Extensions>
              <reversedirection>yes</reversedirection>
              <highway>tertiary</highway>
              <estimated_traffic_class>1</estimated_traffic_class>
            </gpxtpx:Extensions>
          </gpxtpx:TrackPointExtension>
        </extensions>
      </trkpt>
      <trkpt lat="49.37374" lon="0.182401">
        <ele>105.25</ele>
        <extensions>
          <gpxtpx:TrackPointExtension>
            <gpxtpx:Extensions>
              <reversedirection>yes</reversedirection>
              <highway>tertiary</highway>
              <estimated_traffic_class>1</estimated_traffic_class>
            </gpxtpx:Extensions>
          </gpxtpx:TrackPointExtension>
        </extensions>
      </trkpt>
      <trkpt lat="49.373437" lon="0.182463">
        <ele>105.75</ele>
        <extensions>
          <gpxtpx:TrackPointExtension>
            <gpxtpx:Extensions>
              <reversedirection>yes</reversedirection>
              <highway>tertiary</highway>
              <estimated_traffic_class>1</estimated_traffic_class>
            </gpxtpx:Extensions>
          </gpxtpx:TrackPointExtension>
        </extensions>
      </trkpt>
      <trkpt lat="49.37335" lon="0.182499">
        <ele>105.75</ele>
        <extensions>
          <gpxtpx:TrackPointExtension>
            <gpxtpx:Extensions>
              <reversedirection>yes</reversedirection>
              <highway>tertiary</highway>
              <estimated_traffic_class>1</estimated_traffic_class>
            </gpxtpx:Extensions>
          </gpxtpx:TrackPointExtension>
        </extensions>
      </trkpt>
      <trkpt lat="49.372999" lon="0.182498">
        <ele>106.25</ele>
        <extensions>
          <gpxtpx:TrackPointExtension>
            <gpxtpx:Extensions>
              <reversedirection>yes</reversedirection>
              <highway>tertiary</highway>
              <estimated_traffic_class>1</estimated_traffic_class>
            </gpxtpx:Extensions>
          </gpxtpx:TrackPointExtension>
        </extensions>
      </trkpt>
      <trkpt lat="49.372193" lon="0.182259">
        <ele>109</ele>
        <extensions>
          <gpxtpx:TrackPointExtension>
            <gpxtpx:Extensions>
              <reversedirection>yes</reversedirection>
              <highway>tertiary</highway>
              <estimated_traffic_class>1</estimated_traffic_class>
            </gpxtpx:Extensions>
          </gpxtpx:TrackPointExtension>
        </extensions>
      </trkpt>
      <trkpt lat="49.371437" lon="0.181745">
        <ele>111.75</ele>
        <extensions>
          <gpxtpx:TrackPointExtension>
            <gpxtpx:Extensions>
              <reversedirection>yes</reversedirection>
              <highway>tertiary</highway>
              <estimated_traffic_class>1</estimated_traffic_class>
            </gpxtpx:Extensions>
          </gpxtpx:TrackPointExtension>
        </extensions>
      </trkpt>
      <trkpt lat="49.370192" lon="0.180695">
        <ele>117.25</ele>
        <extensions>
          <gpxtpx:TrackPointExtension>
            <gpxtpx:Extensions>
              <reversedirection>yes</reversedirection>
              <highway>tertiary</highway>
              <estimated_traffic_class>1</estimated_traffic_class>
            </gpxtpx:Extensions>
          </gpxtpx:TrackPointExtension>
        </extensions>
      </trkpt>
      <trkpt lat="49.369095" lon="0.179687">
        <ele>117.25</ele>
        <extensions>
          <gpxtpx:TrackPointExtension>
            <gpxtpx:Extensions>
              <reversedirection>yes</reversedirection>
              <highway>tertiary</highway>
              <estimated_traffic_class>1</estimated_traffic_class>
            </gpxtpx:Extensions>
          </gpxtpx:TrackPointExtension>
        </extensions>
      </trkpt>
      <trkpt lat="49.368652" lon="0.179396">
        <ele>116</ele>
        <extensions>
          <gpxtpx:TrackPointExtension>
            <gpxtpx:Extensions>
              <reversedirection>yes</reversedirection>
              <highway>tertiary</highway>
              <estimated_traffic_class>1</estimated_traffic_class>
            </gpxtpx:Extensions>
          </gpxtpx:TrackPointExtension>
        </extensions>
      </trkpt>
      <trkpt lat="49.368472" lon="0.179377">
        <ele>116</ele>
        <extensions>
          <gpxtpx:TrackPointExtension>
            <gpxtpx:Extensions>
              <reversedirection>yes</reversedirection>
              <highway>tertiary</highway>
              <estimated_traffic_class>1</estimated_traffic_class>
            </gpxtpx:Extensions>
          </gpxtpx:TrackPointExtension>
        </extensions>
      </trkpt>
      <trkpt lat="49.367898" lon="0.179455">
        <ele>118</ele>
        <extensions>
          <gpxtpx:TrackPointExtension>
            <gpxtpx:Extensions>
              <reversedirection>yes</reversedirection>
              <highway>tertiary</highway>
              <estimated_traffic_class>1</estimated_traffic_class>
            </gpxtpx:Extensions>
          </gpxtpx:TrackPointExtension>
        </extensions>
      </trkpt>
      <trkpt lat="49.36761" lon="0.179518">
        <ele>119</ele>
        <extensions>
          <gpxtpx:TrackPointExtension>
            <gpxtpx:Extensions>
              <reversedirection>yes</reversedirection>
              <highway>tertiary</highway>
              <estimated_traffic_class>1</estimated_traffic_class>
            </gpxtpx:Extensions>
          </gpxtpx:TrackPointExtension>
        </extensions>
      </trkpt>
      <trkpt lat="49.367304" lon="0.179563">
        <ele>119.75</ele>
        <extensions>
          <gpxtpx:TrackPointExtension>
            <gpxtpx:Extensions>
              <reversedirection>yes</reversedirection>
              <highway>tertiary</highway>
              <estimated_traffic_class>1</estimated_traffic_class>
            </gpxtpx:Extensions>
          </gpxtpx:TrackPointExtension>
        </extensions>
      </trkpt>
      <trkpt lat="49.366292" lon="0.179298">
        <ele>119.5</ele>
        <extensions>
          <gpxtpx:TrackPointExtension>
            <gpxtpx:Extensions>
              <reversedirection>yes</reversedirection>
              <highway>tertiary</highway>
              <estimated_traffic_class>1</estimated_traffic_class>
            </gpxtpx:Extensions>
          </gpxtpx:TrackPointExtension>
        </extensions>
      </trkpt>
      <trkpt lat="49.365977" lon="0.179108">
        <ele>120.25</ele>
        <extensions>
          <gpxtpx:TrackPointExtension>
            <gpxtpx:Extensions>
              <reversedirection>yes</reversedirection>
              <highway>tertiary</highway>
              <estimated_traffic_class>1</estimated_traffic_class>
            </gpxtpx:Extensions>
          </gpxtpx:TrackPointExtension>
        </extensions>
      </trkpt>
      <trkpt lat="49.365602" lon="0.178785">
        <ele>122.25</ele>
        <extensions>
          <gpxtpx:TrackPointExtension>
            <gpxtpx:Extensions>
              <reversedirection>yes</reversedirection>
              <highway>tertiary</highway>
              <estimated_traffic_class>1</estimated_traffic_class>
            </gpxtpx:Extensions>
          </gpxtpx:TrackPointExtension>
        </extensions>
      </trkpt>
      <trkpt lat="49.365322" lon="0.178434">
        <ele>124.25</ele>
        <extensions>
          <gpxtpx:TrackPointExtension>
            <gpxtpx:Extensions>
              <reversedirection>yes</reversedirection>
              <highway>tertiary</highway>
              <estimated_traffic_class>1</estimated_traffic_class>
            </gpxtpx:Extensions>
          </gpxtpx:TrackPointExtension>
        </extensions>
      </trkpt>
      <trkpt lat="49.365115" lon="0.178257">
        <ele>126</ele>
        <extensions>
          <gpxtpx:TrackPointExtension>
            <gpxtpx:Extensions>
              <reversedirection>yes</reversedirection>
              <highway>tertiary</highway>
              <estimated_traffic_class>1</estimated_traffic_class>
            </gpxtpx:Extensions>
          </gpxtpx:TrackPointExtension>
        </extensions>
      </trkpt>
      <trkpt lat="49.364789" lon="0.178077">
        <ele>127.25</ele>
        <extensions>
          <gpxtpx:TrackPointExtension>
            <gpxtpx:Extensions>
              <reversedirection>yes</reversedirection>
              <highway>tertiary</highway>
              <estimated_traffic_class>1</estimated_traffic_class>
            </gpxtpx:Extensions>
          </gpxtpx:TrackPointExtension>
        </extensions>
      </trkpt>
      <trkpt lat="49.364376" lon="0.177957">
        <ele>127</ele>
        <extensions>
          <gpxtpx:TrackPointExtension>
            <gpxtpx:Extensions>
              <reversedirection>yes</reversedirection>
              <highway>tertiary</highway>
              <estimated_traffic_class>1</estimated_traffic_class>
            </gpxtpx:Extensions>
          </gpxtpx:TrackPointExtension>
        </extensions>
      </trkpt>
      <trkpt lat="49.363948" lon="0.177933">
        <ele>127.75</ele>
        <extensions>
          <gpxtpx:TrackPointExtension>
            <gpxtpx:Extensions>
              <reversedirection>yes</reversedirection>
              <highway>tertiary</highway>
              <estimated_traffic_class>1</estimated_traffic_class>
            </gpxtpx:Extensions>
          </gpxtpx:TrackPointExtension>
        </extensions>
      </trkpt>
      <trkpt lat="49.362952" lon="0.177656">
        <ele>130.5</ele>
        <extensions>
          <gpxtpx:TrackPointExtension>
            <gpxtpx:Extensions>
              <reversedirection>yes</reversedirection>
              <highway>tertiary</highway>
              <estimated_traffic_class>1</estimated_traffic_class>
            </gpxtpx:Extensions>
          </gpxtpx:TrackPointExtension>
        </extensions>
      </trkpt>
      <trkpt lat="49.362695" lon="0.17762">
        <ele>130.75</ele>
        <extensions>
          <gpxtpx:TrackPointExtension>
            <gpxtpx:Extensions>
              <reversedirection>yes</reversedirection>
              <highway>tertiary</highway>
              <estimated_traffic_class>1</estimated_traffic_class>
            </gpxtpx:Extensions>
          </gpxtpx:TrackPointExtension>
        </extensions>
      </trkpt>
      <trkpt lat="49.362614" lon="0.177656">
        <ele>130.75</ele>
        <extensions>
          <gpxtpx:TrackPointExtension>
            <gpxtpx:Extensions>
              <reversedirection>yes</reversedirection>
              <highway>service</highway>
            </gpxtpx:Extensions>
          </gpxtpx:TrackPointExtension>
        </extensions>
      </trkpt>
      <trkpt lat="49.362225" lon="0.177121">
        <ele>132.75</ele>
        <extensions>
          <gpxtpx:TrackPointExtension>
            <gpxtpx:Extensions>
              <reversedirection>yes</reversedirection>
              <highway>service</highway>
            </gpxtpx:Extensions>
          </gpxtpx:TrackPointExtension>
        </extensions>
      </trkpt>
      <trkpt lat="49.362013" lon="0.176959">
        <ele>133.75</ele>
        <extensions>
          <gpxtpx:TrackPointExtension>
            <gpxtpx:Extensions>
              <reversedirection>yes</reversedirection>
              <highway>service</highway>
            </gpxtpx:Extensions>
          </gpxtpx:TrackPointExtension>
        </extensions>
      </trkpt>
      <trkpt lat="49.361755" lon="0.17688">
        <ele>134.5</ele>
        <extensions>
          <gpxtpx:TrackPointExtension>
            <gpxtpx:Extensions>
              <reversedirection>yes</reversedirection>
              <highway>service</highway>
            </gpxtpx:Extensions>
          </gpxtpx:TrackPointExtension>
        </extensions>
      </trkpt>
      <trkpt lat="49.361545" lon="0.176903">
        <ele>134.75</ele>
        <extensions>
          <gpxtpx:TrackPointExtension>
            <gpxtpx:Extensions>
              <reversedirection>yes</reversedirection>
              <highway>service</highway>
              <surface>asphalt</surface>
            </gpxtpx:Extensions>
          </gpxtpx:TrackPointExtension>
        </extensions>
      </trkpt>
      <trkpt lat="49.361339" lon="0.177257">
        <ele>134.5</ele>
        <extensions>
          <gpxtpx:TrackPointExtension>
            <gpxtpx:Extensions>
              <reversedirection>yes</reversedirection>
              <highway>service</highway>
              <surface>asphalt</surface>
            </gpxtpx:Extensions>
          </gpxtpx:TrackPointExtension>
        </extensions>
      </trkpt>
      <trkpt lat="49.361097" lon="0.177557">
        <ele>134.25</ele>
        <extensions>
          <gpxtpx:TrackPointExtension>
            <gpxtpx:Extensions>
              <reversedirection>yes</reversedirection>
              <highway>service</highway>
              <surface>asphalt</surface>
            </gpxtpx:Extensions>
          </gpxtpx:TrackPointExtension>
        </extensions>
      </trkpt>
      <trkpt lat="49.359215" lon="0.17904">
        <ele>139.75</ele>
        <extensions>
          <gpxtpx:TrackPointExtension>
            <gpxtpx:Extensions>
              <reversedirection>yes</reversedirection>
              <highway>service</highway>
              <surface>asphalt</surface>
            </gpxtpx:Extensions>
          </gpxtpx:TrackPointExtension>
        </extensions>
      </trkpt>
      <trkpt lat="49.358378" lon="0.17968">
        <ele>140.25</ele>
        <extensions>
          <gpxtpx:TrackPointExtension>
            <gpxtpx:Extensions>
              <highway>tertiary</highway>
              <surface>asphalt</surface>
              <estimated_traffic_class>1</estimated_traffic_class>
            </gpxtpx:Extensions>
          </gpxtpx:TrackPointExtension>
        </extensions>
      </trkpt>
      <trkpt lat="49.357491" lon="0.177737">
        <ele>141</ele>
        <extensions>
          <gpxtpx:TrackPointExtension>
            <gpxtpx:Extensions>
              <highway>tertiary</highway>
              <surface>asphalt</surface>
              <estimated_traffic_class>1</estimated_traffic_class>
            </gpxtpx:Extensions>
          </gpxtpx:TrackPointExtension>
        </extensions>
      </trkpt>
      <trkpt lat="49.356619" lon="0.173849">
        <ele>143</ele>
        <extensions>
          <gpxtpx:TrackPointExtension>
            <gpxtpx:Extensions>
              <highway>tertiary</highway>
              <surface>asphalt</surface>
              <estimated_traffic_class>1</estimated_traffic_class>
            </gpxtpx:Extensions>
          </gpxtpx:TrackPointExtension>
        </extensions>
      </trkpt>
      <trkpt lat="49.356482" lon="0.17335">
        <ele>143.25</ele>
        <extensions>
          <gpxtpx:TrackPointExtension>
            <gpxtpx:Extensions>
              <highway>tertiary</highway>
              <surface>asphalt</surface>
              <estimated_traffic_class>1</estimated_traffic_class>
            </gpxtpx:Extensions>
          </gpxtpx:TrackPointExtension>
        </extensions>
      </trkpt>
      <trkpt lat="49.356172" lon="0.172444">
        <ele>144.75</ele>
        <extensions>
          <gpxtpx:TrackPointExtension>
            <gpxtpx:Extensions>
              <highway>tertiary</highway>
              <surface>asphalt</surface>
              <estimated_traffic_class>1</estimated_traffic_class>
            </gpxtpx:Extensions>
          </gpxtpx:TrackPointExtension>
        </extensions>
      </trkpt>
      <trkpt lat="49.355996" lon="0.172091">
        <ele>145.25</ele>
        <extensions>
          <gpxtpx:TrackPointExtension>
            <gpxtpx:Extensions>
              <highway>tertiary</highway>
              <surface>asphalt</surface>
              <estimated_traffic_class>1</estimated_traffic_class>
            </gpxtpx:Extensions>
          </gpxtpx:TrackPointExtension>
        </extensions>
      </trkpt>
      <trkpt lat="49.355822" lon="0.171853">
        <ele>146</ele>
        <extensions>
          <gpxtpx:TrackPointExtension>
            <gpxtpx:Extensions>
              <highway>tertiary</highway>
              <surface>asphalt</surface>
              <estimated_traffic_class>1</estimated_traffic_class>
            </gpxtpx:Extensions>
          </gpxtpx:TrackPointExtension>
        </extensions>
      </trkpt>
      <trkpt lat="49.355694" lon="0.171703">
        <ele>146</ele>
        <extensions>
          <gpxtpx:TrackPointExtension>
            <gpxtpx:Extensions>
              <highway>tertiary</highway>
              <surface>asphalt</surface>
              <estimated_traffic_class>1</estimated_traffic_class>
            </gpxtpx:Extensions>
          </gpxtpx:TrackPointExtension>
        </extensions>
      </trkpt>
      <trkpt lat="49.355572" lon="0.171497">
        <ele>146</ele>
        <extensions>
          <gpxtpx:TrackPointExtension>
            <gpxtpx:Extensions>
              <highway>tertiary</highway>
              <surface>asphalt</surface>
              <estimated_traffic_class>1</estimated_traffic_class>
            </gpxtpx:Extensions>
          </gpxtpx:TrackPointExtension>
        </extensions>
      </trkpt>
      <trkpt lat="49.355533" lon="0.171367">
        <ele>146</ele>
        <extensions>
          <gpxtpx:TrackPointExtension>
            <gpxtpx:Extensions>
              <highway>tertiary</highway>
              <surface>asphalt</surface>
              <estimated_traffic_class>1</estimated_traffic_class>
            </gpxtpx:Extensions>
          </gpxtpx:TrackPointExtension>
        </extensions>
      </trkpt>
      <trkpt lat="49.355506" lon="0.171276">
        <ele>146</ele>
        <extensions>
          <gpxtpx:TrackPointExtension>
            <gpxtpx:Extensions>
              <highway>tertiary</highway>
              <surface>asphalt</surface>
              <estimated_traffic_class>1</estimated_traffic_class>
            </gpxtpx:Extensions>
          </gpxtpx:TrackPointExtension>
        </extensions>
      </trkpt>
      <trkpt lat="49.355429" lon="0.17093">
        <ele>146</ele>
        <extensions>
          <gpxtpx:TrackPointExtension>
            <gpxtpx:Extensions>
              <highway>tertiary</highway>
              <surface>asphalt</surface>
              <estimated_traffic_class>1</estimated_traffic_class>
            </gpxtpx:Extensions>
          </gpxtpx:TrackPointExtension>
        </extensions>
      </trkpt>
      <trkpt lat="49.355412" lon="0.170854">
        <ele>146</ele>
        <extensions>
          <gpxtpx:TrackPointExtension>
            <gpxtpx:Extensions>
              <highway>primary</highway>
              <surface>asphalt</surface>
              <estimated_traffic_class>2</estimated_traffic_class>
            </gpxtpx:Extensions>
          </gpxtpx:TrackPointExtension>
        </extensions>
      </trkpt>
      <trkpt lat="49.355688" lon="0.170359">
        <ele>147</ele>
        <extensions>
          <gpxtpx:TrackPointExtension>
            <gpxtpx:Extensions>
              <highway>primary</highway>
              <surface>asphalt</surface>
              <estimated_traffic_class>2</estimated_traffic_class>
            </gpxtpx:Extensions>
          </gpxtpx:TrackPointExtension>
        </extensions>
      </trkpt>
      <trkpt lat="49.355813" lon="0.170086">
        <ele>147.75</ele>
        <extensions>
          <gpxtpx:TrackPointExtension>
            <gpxtpx:Extensions>
              <highway>primary</highway>
              <surface>asphalt</surface>
              <estimated_traffic_class>2</estimated_traffic_class>
            </gpxtpx:Extensions>
          </gpxtpx:TrackPointExtension>
        </extensions>
      </trkpt>
      <trkpt lat="49.355906" lon="0.169761">
        <ele>147.5</ele>
        <extensions>
          <gpxtpx:TrackPointExtension>
            <gpxtpx:Extensions>
              <highway>primary</highway>
              <surface>asphalt</surface>
              <estimated_traffic_class>2</estimated_traffic_class>
            </gpxtpx:Extensions>
          </gpxtpx:TrackPointExtension>
        </extensions>
      </trkpt>
      <trkpt lat="49.356035" lon="0.169193">
        <ele>147</ele>
        <extensions>
          <gpxtpx:TrackPointExtension>
            <gpxtpx:Extensions>
              <highway>primary</highway>
              <surface>asphalt</surface>
              <estimated_traffic_class>2</estimated_traffic_class>
            </gpxtpx:Extensions>
          </gpxtpx:TrackPointExtension>
        </extensions>
      </trkpt>
      <trkpt lat="49.356698" lon="0.16628">
        <ele>150</ele>
        <extensions>
          <gpxtpx:TrackPointExtension>
            <gpxtpx:Extensions>
              <highway>primary</highway>
              <surface>asphalt</surface>
              <estimated_traffic_class>2</estimated_traffic_class>
            </gpxtpx:Extensions>
          </gpxtpx:TrackPointExtension>
        </extensions>
      </trkpt>
      <trkpt lat="49.356989" lon="0.164917">
        <ele>149.25</ele>
        <extensions>
          <gpxtpx:TrackPointExtension>
            <gpxtpx:Extensions>
              <highway>primary</highway>
              <surface>asphalt</surface>
              <estimated_traffic_class>2</estimated_traffic_class>
            </gpxtpx:Extensions>
          </gpxtpx:TrackPointExtension>
        </extensions>
      </trkpt>
      <trkpt lat="49.35713" lon="0.164191">
        <ele>149.25</ele>
        <extensions>
          <gpxtpx:TrackPointExtension>
            <gpxtpx:Extensions>
              <highway>primary</highway>
              <surface>asphalt</surface>
              <estimated_traffic_class>2</estimated_traffic_class>
            </gpxtpx:Extensions>
          </gpxtpx:TrackPointExtension>
        </extensions>
      </trkpt>
      <trkpt lat="49.357196" lon="0.163619">
        <ele>149.5</ele>
        <extensions>
          <gpxtpx:TrackPointExtension>
            <gpxtpx:Extensions>
              <highway>primary</highway>
              <surface>asphalt</surface>
              <estimated_traffic_class>2</estimated_traffic_class>
            </gpxtpx:Extensions>
          </gpxtpx:TrackPointExtension>
        </extensions>
      </trkpt>
      <trkpt lat="49.357268" lon="0.16287">
        <ele>149.5</ele>
        <extensions>
          <gpxtpx:TrackPointExtension>
            <gpxtpx:Extensions>
              <highway>primary</highway>
              <surface>asphalt</surface>
              <estimated_traffic_class>2</estimated_traffic_class>
            </gpxtpx:Extensions>
          </gpxtpx:TrackPointExtension>
        </extensions>
      </trkpt>
      <trkpt lat="49.357396" lon="0.16234">
        <ele>148.5</ele>
        <extensions>
          <gpxtpx:TrackPointExtension>
            <gpxtpx:Extensions>
              <highway>primary</highway>
              <surface>asphalt</surface>
              <estimated_traffic_class>2</estimated_traffic_class>
            </gpxtpx:Extensions>
          </gpxtpx:TrackPointExtension>
        </extensions>
      </trkpt>
      <trkpt lat="49.357499" lon="0.16208">
        <ele>148</ele>
        <extensions>
          <gpxtpx:TrackPointExtension>
            <gpxtpx:Extensions>
              <highway>primary</highway>
              <surface>asphalt</surface>
              <estimated_traffic_class>2</estimated_traffic_class>
            </gpxtpx:Extensions>
          </gpxtpx:TrackPointExtension>
        </extensions>
      </trkpt>
      <trkpt lat="49.357855" lon="0.16118">
        <ele>147.75</ele>
        <extensions>
          <gpxtpx:TrackPointExtension>
            <gpxtpx:Extensions>
              <highway>primary</highway>
              <surface>asphalt</surface>
              <estimated_traffic_class>2</estimated_traffic_class>
            </gpxtpx:Extensions>
          </gpxtpx:TrackPointExtension>
        </extensions>
      </trkpt>
      <trkpt lat="49.358207" lon="0.160373">
        <ele>147.75</ele>
        <extensions>
          <gpxtpx:TrackPointExtension>
            <gpxtpx:Extensions>
              <highway>primary</highway>
              <surface>asphalt</surface>
              <estimated_traffic_class>2</estimated_traffic_class>
            </gpxtpx:Extensions>
          </gpxtpx:TrackPointExtension>
        </extensions>
      </trkpt>
      <trkpt lat="49.358388" lon="0.160077">
        <ele>147.5</ele>
        <extensions>
          <gpxtpx:TrackPointExtension>
            <gpxtpx:Extensions>
              <highway>primary</highway>
              <surface>asphalt</surface>
              <estimated_traffic_class>2</estimated_traffic_class>
            </gpxtpx:Extensions>
          </gpxtpx:TrackPointExtension>
        </extensions>
      </trkpt>
      <trkpt lat="49.359047" lon="0.159189">
        <ele>149.75</ele>
        <extensions>
          <gpxtpx:TrackPointExtension>
            <gpxtpx:Extensions>
              <highway>primary</highway>
              <surface>asphalt</surface>
              <estimated_traffic_class>2</estimated_traffic_class>
            </gpxtpx:Extensions>
          </gpxtpx:TrackPointExtension>
        </extensions>
      </trkpt>
      <trkpt lat="49.359465" lon="0.158653">
        <ele>152</ele>
        <extensions>
          <gpxtpx:TrackPointExtension>
            <gpxtpx:Extensions>
              <highway>primary</highway>
              <surface>asphalt</surface>
              <estimated_traffic_class>2</estimated_traffic_class>
            </gpxtpx:Extensions>
          </gpxtpx:TrackPointExtension>
        </extensions>
      </trkpt>
      <trkpt lat="49.359694" lon="0.158372">
        <ele>151.75</ele>
        <extensions>
          <gpxtpx:TrackPointExtension>
            <gpxtpx:Extensions>
              <highway>primary</highway>
              <surface>asphalt</surface>
              <estimated_traffic_class>2</estimated_traffic_class>
            </gpxtpx:Extensions>
          </gpxtpx:TrackPointExtension>
        </extensions>
      </trkpt>
      <trkpt lat="49.3605" lon="0.157611">
        <ele>148.5</ele>
        <extensions>
          <gpxtpx:TrackPointExtension>
            <gpxtpx:Extensions>
              <highway>primary</highway>
              <surface>asphalt</surface>
              <estimated_traffic_class>2</estimated_traffic_class>
            </gpxtpx:Extensions>
          </gpxtpx:TrackPointExtension>
        </extensions>
      </trkpt>
      <trkpt lat="49.360957" lon="0.157189">
        <ele>146.5</ele>
        <extensions>
          <gpxtpx:TrackPointExtension>
            <gpxtpx:Extensions>
              <highway>primary</highway>
              <surface>asphalt</surface>
              <estimated_traffic_class>2</estimated_traffic_class>
            </gpxtpx:Extensions>
          </gpxtpx:TrackPointExtension>
        </extensions>
      </trkpt>
      <trkpt lat="49.361912" lon="0.156218">
        <ele>144.5</ele>
        <extensions>
          <gpxtpx:TrackPointExtension>
            <gpxtpx:Extensions>
              <highway>primary</highway>
              <surface>asphalt</surface>
              <estimated_traffic_class>2</estimated_traffic_class>
            </gpxtpx:Extensions>
          </gpxtpx:TrackPointExtension>
        </extensions>
      </trkpt>
      <trkpt lat="49.362555" lon="0.155532">
        <ele>143.75</ele>
        <extensions>
          <gpxtpx:TrackPointExtension>
            <gpxtpx:Extensions>
              <highway>primary</highway>
              <surface>asphalt</surface>
              <estimated_traffic_class>2</estimated_traffic_class>
            </gpxtpx:Extensions>
          </gpxtpx:TrackPointExtension>
        </extensions>
      </trkpt>
      <trkpt lat="49.363095" lon="0.154921">
        <ele>144</ele>
        <extensions>
          <gpxtpx:TrackPointExtension>
            <gpxtpx:Extensions>
              <highway>primary</highway>
              <surface>asphalt</surface>
              <estimated_traffic_class>2</estimated_traffic_class>
            </gpxtpx:Extensions>
          </gpxtpx:TrackPointExtension>
        </extensions>
      </trkpt>
      <trkpt lat="49.363305" lon="0.154609">
        <ele>144.25</ele>
        <extensions>
          <gpxtpx:TrackPointExtension>
            <gpxtpx:Extensions>
              <highway>primary</highway>
              <surface>asphalt</surface>
              <estimated_traffic_class>2</estimated_traffic_class>
            </gpxtpx:Extensions>
          </gpxtpx:TrackPointExtension>
        </extensions>
      </trkpt>
      <trkpt lat="49.363532" lon="0.154235">
        <ele>144.75</ele>
        <extensions>
          <gpxtpx:TrackPointExtension>
            <gpxtpx:Extensions>
              <highway>primary</highway>
              <surface>asphalt</surface>
              <estimated_traffic_class>2</estimated_traffic_class>
            </gpxtpx:Extensions>
          </gpxtpx:TrackPointExtension>
        </extensions>
      </trkpt>
      <trkpt lat="49.363962" lon="0.153294">
        <ele>144.75</ele>
        <extensions>
          <gpxtpx:TrackPointExtension>
            <gpxtpx:Extensions>
              <highway>primary</highway>
              <surface>asphalt</surface>
              <estimated_traffic_class>2</estimated_traffic_class>
            </gpxtpx:Extensions>
          </gpxtpx:TrackPointExtension>
        </extensions>
      </trkpt>
      <trkpt lat="49.364299" lon="0.152427">
        <ele>145.25</ele>
        <extensions>
          <gpxtpx:TrackPointExtension>
            <gpxtpx:Extensions>
              <highway>primary</highway>
              <surface>asphalt</surface>
              <estimated_traffic_class>2</estimated_traffic_class>
            </gpxtpx:Extensions>
          </gpxtpx:TrackPointExtension>
        </extensions>
      </trkpt>
      <trkpt lat="49.365622" lon="0.148551">
        <ele>146</ele>
        <extensions>
          <gpxtpx:TrackPointExtension>
            <gpxtpx:Extensions>
              <highway>primary</highway>
              <surface>asphalt</surface>
              <estimated_traffic_class>2</estimated_traffic_class>
            </gpxtpx:Extensions>
          </gpxtpx:TrackPointExtension>
        </extensions>
      </trkpt>
      <trkpt lat="49.365974" lon="0.147124">
        <ele>145</ele>
        <extensions>
          <gpxtpx:TrackPointExtension>
            <gpxtpx:Extensions>
              <highway>primary</highway>
              <surface>asphalt</surface>
              <estimated_traffic_class>2</estimated_traffic_class>
            </gpxtpx:Extensions>
          </gpxtpx:TrackPointExtension>
        </extensions>
      </trkpt>
      <trkpt lat="49.366971" lon="0.142811">
        <ele>144.75</ele>
        <extensions>
          <gpxtpx:TrackPointExtension>
            <gpxtpx:Extensions>
              <reversedirection>yes</reversedirection>
              <highway>primary</highway>
              <surface>asphalt</surface>
              <estimated_traffic_class>2</estimated_traffic_class>
            </gpxtpx:Extensions>
          </gpxtpx:TrackPointExtension>
        </extensions>
      </trkpt>
      <trkpt lat="49.367086" lon="0.142284">
        <ele>145</ele>
        <extensions>
          <gpxtpx:TrackPointExtension>
            <gpxtpx:Extensions>
              <reversedirection>yes</reversedirection>
              <highway>primary</highway>
              <surface>asphalt</surface>
              <estimated_traffic_class>2</estimated_traffic_class>
            </gpxtpx:Extensions>
          </gpxtpx:TrackPointExtension>
        </extensions>
      </trkpt>
      <trkpt lat="49.367255" lon="0.141633">
        <ele>145</ele>
        <extensions>
          <gpxtpx:TrackPointExtension>
            <gpxtpx:Extensions>
              <reversedirection>yes</reversedirection>
              <highway>primary</highway>
              <surface>asphalt</surface>
              <estimated_traffic_class>2</estimated_traffic_class>
            </gpxtpx:Extensions>
          </gpxtpx:TrackPointExtension>
        </extensions>
      </trkpt>
      <trkpt lat="49.367572" lon="0.140697">
        <ele>145.75</ele>
        <extensions>
          <gpxtpx:TrackPointExtension>
            <gpxtpx:Extensions>
              <reversedirection>yes</reversedirection>
              <highway>primary</highway>
              <surface>asphalt</surface>
              <estimated_traffic_class>2</estimated_traffic_class>
            </gpxtpx:Extensions>
          </gpxtpx:TrackPointExtension>
        </extensions>
      </trkpt>
      <trkpt lat="49.367744" lon="0.140142">
        <ele>145.5</ele>
        <extensions>
          <gpxtpx:TrackPointExtension>
            <gpxtpx:Extensions>
              <reversedirection>yes</reversedirection>
              <highway>primary</highway>
              <surface>asphalt</surface>
              <estimated_traffic_class>2</estimated_traffic_class>
            </gpxtpx:Extensions>
          </gpxtpx:TrackPointExtension>
        </extensions>
      </trkpt>
      <trkpt lat="49.367856" lon="0.139596">
        <ele>145.25</ele>
        <extensions>
          <gpxtpx:TrackPointExtension>
            <gpxtpx:Extensions>
              <reversedirection>yes</reversedirection>
              <highway>primary</highway>
              <surface>asphalt</surface>
              <estimated_traffic_class>2</estimated_traffic_class>
            </gpxtpx:Extensions>
          </gpxtpx:TrackPointExtension>
        </extensions>
      </trkpt>
      <trkpt lat="49.367961" lon="0.13899">
        <ele>145</ele>
        <extensions>
          <gpxtpx:TrackPointExtension>
            <gpxtpx:Extensions>
              <reversedirection>yes</reversedirection>
              <highway>primary</highway>
              <surface>asphalt</surface>
              <estimated_traffic_class>2</estimated_traffic_class>
            </gpxtpx:Extensions>
          </gpxtpx:TrackPointExtension>
        </extensions>
      </trkpt>
      <trkpt lat="49.368027" lon="0.138389">
        <ele>145.5</ele>
        <extensions>
          <gpxtpx:TrackPointExtension>
            <gpxtpx:Extensions>
              <reversedirection>yes</reversedirection>
              <highway>primary</highway>
              <surface>asphalt</surface>
              <estimated_traffic_class>2</estimated_traffic_class>
            </gpxtpx:Extensions>
          </gpxtpx:TrackPointExtension>
        </extensions>
      </trkpt>
      <trkpt lat="49.36816" lon="0.136972">
        <ele>145.25</ele>
        <extensions>
          <gpxtpx:TrackPointExtension>
            <gpxtpx:Extensions>
              <reversedirection>yes</reversedirection>
              <highway>primary</highway>
              <surface>asphalt</surface>
              <estimated_traffic_class>2</estimated_traffic_class>
            </gpxtpx:Extensions>
          </gpxtpx:TrackPointExtension>
        </extensions>
      </trkpt>
      <trkpt lat="49.368389" lon="0.13445">
        <ele>145.25</ele>
        <extensions>
          <gpxtpx:TrackPointExtension>
            <gpxtpx:Extensions>
              <reversedirection>yes</reversedirection>
              <highway>primary</highway>
              <surface>asphalt</surface>
              <estimated_traffic_class>2</estimated_traffic_class>
            </gpxtpx:Extensions>
          </gpxtpx:TrackPointExtension>
        </extensions>
      </trkpt>
      <trkpt lat="49.368484" lon="0.133691">
        <ele>146.25</ele>
        <extensions>
          <gpxtpx:TrackPointExtension>
            <gpxtpx:Extensions>
              <reversedirection>yes</reversedirection>
              <highway>primary</highway>
              <surface>asphalt</surface>
              <estimated_traffic_class>2</estimated_traffic_class>
            </gpxtpx:Extensions>
          </gpxtpx:TrackPointExtension>
        </extensions>
      </trkpt>
      <trkpt lat="49.368694" lon="0.132504">
        <ele>147.25</ele>
        <extensions>
          <gpxtpx:TrackPointExtension>
            <gpxtpx:Extensions>
              <reversedirection>yes</reversedirection>
              <highway>primary</highway>
              <surface>asphalt</surface>
              <estimated_traffic_class>2</estimated_traffic_class>
            </gpxtpx:Extensions>
          </gpxtpx:TrackPointExtension>
        </extensions>
      </trkpt>
      <trkpt lat="49.368949" lon="0.131158">
        <ele>146.25</ele>
        <extensions>
          <gpxtpx:TrackPointExtension>
            <gpxtpx:Extensions>
              <reversedirection>yes</reversedirection>
              <highway>primary</highway>
              <surface>asphalt</surface>
              <estimated_traffic_class>2</estimated_traffic_class>
            </gpxtpx:Extensions>
          </gpxtpx:TrackPointExtension>
        </extensions>
      </trkpt>
      <trkpt lat="49.36902" lon="0.130689">
        <ele>145.25</ele>
        <extensions>
          <gpxtpx:TrackPointExtension>
            <gpxtpx:Extensions>
              <reversedirection>yes</reversedirection>
              <highway>primary</highway>
              <surface>asphalt</surface>
              <estimated_traffic_class>2</estimated_traffic_class>
            </gpxtpx:Extensions>
          </gpxtpx:TrackPointExtension>
        </extensions>
      </trkpt>
      <trkpt lat="49.369295" lon="0.12923">
        <ele>144.25</ele>
        <extensions>
          <gpxtpx:TrackPointExtension>
            <gpxtpx:Extensions>
              <reversedirection>yes</reversedirection>
              <highway>primary</highway>
              <surface>asphalt</surface>
              <estimated_traffic_class>2</estimated_traffic_class>
            </gpxtpx:Extensions>
          </gpxtpx:TrackPointExtension>
        </extensions>
      </trkpt>
      <trkpt lat="49.369499" lon="0.128241">
        <ele>147</ele>
        <extensions>
          <gpxtpx:TrackPointExtension>
            <gpxtpx:Extensions>
              <reversedirection>yes</reversedirection>
              <highway>primary</highway>
              <surface>asphalt</surface>
              <estimated_traffic_class>3</estimated_traffic_class>
            </gpxtpx:Extensions>
          </gpxtpx:TrackPointExtension>
        </extensions>
      </trkpt>
      <trkpt lat="49.369609" lon="0.127648">
        <ele>147.75</ele>
        <extensions>
          <gpxtpx:TrackPointExtension>
            <gpxtpx:Extensions>
              <reversedirection>yes</reversedirection>
              <highway>primary</highway>
              <surface>asphalt</surface>
              <estimated_traffic_class>3</estimated_traffic_class>
            </gpxtpx:Extensions>
          </gpxtpx:TrackPointExtension>
        </extensions>
      </trkpt>
      <trkpt lat="49.369682" lon="0.127128">
        <ele>148</ele>
        <extensions>
          <gpxtpx:TrackPointExtension>
            <gpxtpx:Extensions>
              <highway>primary</highway>
              <surface>asphalt</surface>
              <oneway>yes</oneway>
              <estimated_traffic_class>3</estimated_traffic_class>
            </gpxtpx:Extensions>
          </gpxtpx:TrackPointExtension>
        </extensions>
      </trkpt>
      <trkpt lat="49.369757" lon="0.126953">
        <ele>148</ele>
        <extensions>
          <gpxtpx:TrackPointExtension>
            <gpxtpx:Extensions>
              <highway>primary</highway>
              <surface>asphalt</surface>
              <oneway>yes</oneway>
              <estimated_traffic_class>3</estimated_traffic_class>
            </gpxtpx:Extensions>
          </gpxtpx:TrackPointExtension>
        </extensions>
      </trkpt>
      <trkpt lat="49.369798" lon="0.126859">
        <ele>148.25</ele>
        <extensions>
          <gpxtpx:TrackPointExtension>
            <gpxtpx:Extensions>
              <highway>primary</highway>
              <surface>asphalt</surface>
              <junction>roundabout</junction>
              <cycleway_right>no</cycleway_right>
              <estimated_traffic_class>3</estimated_traffic_class>
            </gpxtpx:Extensions>
          </gpxtpx:TrackPointExtension>
        </extensions>
      </trkpt>
      <trkpt lat="49.369849" lon="0.126828">
        <ele>148.25</ele>
        <extensions>
          <gpxtpx:TrackPointExtension>
            <gpxtpx:Extensions>
              <highway>primary</highway>
              <surface>asphalt</surface>
              <access>yes</access>
              <bicycle>yes</bicycle>
              <oneway>yes</oneway>
              <estimated_traffic_class>3</estimated_traffic_class>
            </gpxtpx:Extensions>
          </gpxtpx:TrackPointExtension>
        </extensions>
      </trkpt>
      <trkpt lat="49.370045" lon="0.126827">
        <ele>148.75</ele>
        <extensions>
          <gpxtpx:TrackPointExtension>
            <gpxtpx:Extensions>
              <highway>primary</highway>
              <surface>asphalt</surface>
              <access>yes</access>
              <bicycle>yes</bicycle>
              <oneway>no</oneway>
              <estimated_traffic_class>3</estimated_traffic_class>
            </gpxtpx:Extensions>
          </gpxtpx:TrackPointExtension>
        </extensions>
      </trkpt>
      <trkpt lat="49.37021" lon="0.12692">
        <ele>148.25</ele>
        <extensions>
          <gpxtpx:TrackPointExtension>
            <gpxtpx:Extensions>
              <highway>primary</highway>
              <surface>asphalt</surface>
              <access>yes</access>
              <bicycle>yes</bicycle>
              <oneway>no</oneway>
              <estimated_traffic_class>3</estimated_traffic_class>
            </gpxtpx:Extensions>
          </gpxtpx:TrackPointExtension>
        </extensions>
      </trkpt>
      <trkpt lat="49.370428" lon="0.127022">
        <ele>147.75</ele>
        <extensions>
          <gpxtpx:TrackPointExtension>
            <gpxtpx:Extensions>
              <highway>primary</highway>
              <surface>asphalt</surface>
              <access>yes</access>
              <bicycle>yes</bicycle>
              <oneway>no</oneway>
              <estimated_traffic_class>3</estimated_traffic_class>
            </gpxtpx:Extensions>
          </gpxtpx:TrackPointExtension>
        </extensions>
      </trkpt>
      <trkpt lat="49.370735" lon="0.127156">
        <ele>146.5</ele>
        <extensions>
          <gpxtpx:TrackPointExtension>
            <gpxtpx:Extensions>
              <highway>primary</highway>
              <surface>asphalt</surface>
              <access>yes</access>
              <bicycle>yes</bicycle>
              <oneway>no</oneway>
              <estimated_traffic_class>3</estimated_traffic_class>
            </gpxtpx:Extensions>
          </gpxtpx:TrackPointExtension>
        </extensions>
      </trkpt>
      <trkpt lat="49.371044" lon="0.127266">
        <ele>146.5</ele>
        <extensions>
          <gpxtpx:TrackPointExtension>
            <gpxtpx:Extensions>
              <highway>primary</highway>
              <surface>asphalt</surface>
              <access>yes</access>
              <bicycle>yes</bicycle>
              <oneway>no</oneway>
              <estimated_traffic_class>3</estimated_traffic_class>
            </gpxtpx:Extensions>
          </gpxtpx:TrackPointExtension>
        </extensions>
      </trkpt>
      <trkpt lat="49.372243" lon="0.127687">
        <ele>148.5</ele>
        <extensions>
          <gpxtpx:TrackPointExtension>
            <gpxtpx:Extensions>
              <reversedirection>yes</reversedirection>
              <highway>primary</highway>
              <surface>asphalt</surface>
              <cycleway>no</cycleway>
              <estimated_traffic_class>3</estimated_traffic_class>
            </gpxtpx:Extensions>
          </gpxtpx:TrackPointExtension>
        </extensions>
      </trkpt>
      <trkpt lat="49.372862" lon="0.127905">
        <ele>147.75</ele>
        <extensions>
          <gpxtpx:TrackPointExtension>
            <gpxtpx:Extensions>
              <reversedirection>yes</reversedirection>
              <highway>primary</highway>
              <surface>asphalt</surface>
              <cycleway>no</cycleway>
              <estimated_traffic_class>3</estimated_traffic_class>
            </gpxtpx:Extensions>
          </gpxtpx:TrackPointExtension>
        </extensions>
      </trkpt>
      <trkpt lat="49.373088" lon="0.127856">
        <ele>147</ele>
        <extensions>
          <gpxtpx:TrackPointExtension>
            <gpxtpx:Extensions>
              <highway>primary</highway>
              <surface>asphalt</surface>
              <junction>roundabout</junction>
              <cycleway_right>no</cycleway_right>
              <estimated_traffic_class>3</estimated_traffic_class>
            </gpxtpx:Extensions>
          </gpxtpx:TrackPointExtension>
        </extensions>
      </trkpt>
      <trkpt lat="49.373107" lon="0.127941">
        <ele>147</ele>
        <extensions>
          <gpxtpx:TrackPointExtension>
            <gpxtpx:Extensions>
              <highway>primary</highway>
              <surface>asphalt</surface>
              <junction>roundabout</junction>
              <cycleway_right>no</cycleway_right>
              <estimated_traffic_class>3</estimated_traffic_class>
            </gpxtpx:Extensions>
          </gpxtpx:TrackPointExtension>
        </extensions>
      </trkpt>
      <trkpt lat="49.373133" lon="0.12799">
        <ele>147</ele>
        <extensions>
          <gpxtpx:TrackPointExtension>
            <gpxtpx:Extensions>
              <highway>primary</highway>
              <surface>asphalt</surface>
              <junction>roundabout</junction>
              <cycleway_right>no</cycleway_right>
              <estimated_traffic_class>3</estimated_traffic_class>
            </gpxtpx:Extensions>
          </gpxtpx:TrackPointExtension>
        </extensions>
      </trkpt>
      <trkpt lat="49.373143" lon="0.128011">
        <ele>147</ele>
        <extensions>
          <gpxtpx:TrackPointExtension>
            <gpxtpx:Extensions>
              <highway>primary</highway>
              <surface>asphalt</surface>
              <junction>roundabout</junction>
              <cycleway_right>no</cycleway_right>
              <estimated_traffic_class>3</estimated_traffic_class>
            </gpxtpx:Extensions>
          </gpxtpx:TrackPointExtension>
        </extensions>
      </trkpt>
      <trkpt lat="49.373193" lon="0.128058">
        <ele>147</ele>
        <extensions>
          <gpxtpx:TrackPointExtension>
            <gpxtpx:Extensions>
              <highway>primary</highway>
              <surface>asphalt</surface>
              <junction>roundabout</junction>
              <cycleway_right>no</cycleway_right>
              <estimated_traffic_class>3</estimated_traffic_class>
            </gpxtpx:Extensions>
          </gpxtpx:TrackPointExtension>
        </extensions>
      </trkpt>
      <trkpt lat="49.373223" lon="0.128071">
        <ele>146.75</ele>
        <extensions>
          <gpxtpx:TrackPointExtension>
            <gpxtpx:Extensions>
              <highway>primary</highway>
              <surface>asphalt</surface>
              <junction>roundabout</junction>
              <cycleway_right>no</cycleway_right>
              <estimated_traffic_class>3</estimated_traffic_class>
            </gpxtpx:Extensions>
          </gpxtpx:TrackPointExtension>
        </extensions>
      </trkpt>
      <trkpt lat="49.373256" lon="0.128072">
        <ele>146.75</ele>
        <extensions>
          <gpxtpx:TrackPointExtension>
            <gpxtpx:Extensions>
              <highway>primary</highway>
              <surface>asphalt</surface>
              <junction>roundabout</junction>
              <cycleway_right>no</cycleway_right>
              <estimated_traffic_class>3</estimated_traffic_class>
            </gpxtpx:Extensions>
          </gpxtpx:TrackPointExtension>
        </extensions>
      </trkpt>
      <trkpt lat="49.373282" lon="0.128072">
        <ele>146.75</ele>
        <extensions>
          <gpxtpx:TrackPointExtension>
            <gpxtpx:Extensions>
              <highway>primary</highway>
              <surface>asphalt</surface>
              <junction>roundabout</junction>
              <cycleway_right>no</cycleway_right>
              <estimated_traffic_class>3</estimated_traffic_class>
            </gpxtpx:Extensions>
          </gpxtpx:TrackPointExtension>
        </extensions>
      </trkpt>
      <trkpt lat="49.373327" lon="0.128046">
        <ele>146.5</ele>
        <extensions>
          <gpxtpx:TrackPointExtension>
            <gpxtpx:Extensions>
              <highway>primary</highway>
              <surface>asphalt</surface>
              <junction>roundabout</junction>
              <cycleway_right>no</cycleway_right>
              <estimated_traffic_class>3</estimated_traffic_class>
            </gpxtpx:Extensions>
          </gpxtpx:TrackPointExtension>
        </extensions>
      </trkpt>
      <trkpt lat="49.373339" lon="0.12804">
        <ele>146.5</ele>
        <extensions>
          <gpxtpx:TrackPointExtension>
            <gpxtpx:Extensions>
              <highway>primary</highway>
              <surface>asphalt</surface>
              <junction>roundabout</junction>
              <cycleway_right>no</cycleway_right>
              <estimated_traffic_class>3</estimated_traffic_class>
            </gpxtpx:Extensions>
          </gpxtpx:TrackPointExtension>
        </extensions>
      </trkpt>
      <trkpt lat="49.373398" lon="0.127952">
        <ele>146.25</ele>
        <extensions>
          <gpxtpx:TrackPointExtension>
            <gpxtpx:Extensions>
              <highway>primary</highway>
              <surface>asphalt</surface>
              <junction>roundabout</junction>
              <cycleway_right>no</cycleway_right>
              <estimated_traffic_class>3</estimated_traffic_class>
            </gpxtpx:Extensions>
          </gpxtpx:TrackPointExtension>
        </extensions>
      </trkpt>
      <trkpt lat="49.373422" lon="0.127846">
        <ele>146.25</ele>
        <extensions>
          <gpxtpx:TrackPointExtension>
            <gpxtpx:Extensions>
              <highway>primary</highway>
              <surface>asphalt</surface>
              <junction>roundabout</junction>
              <cycleway_right>no</cycleway_right>
              <estimated_traffic_class>3</estimated_traffic_class>
            </gpxtpx:Extensions>
          </gpxtpx:TrackPointExtension>
        </extensions>
      </trkpt>
      <trkpt lat="49.37342" lon="0.127803">
        <ele>146</ele>
        <extensions>
          <gpxtpx:TrackPointExtension>
            <gpxtpx:Extensions>
              <highway>primary</highway>
              <surface>asphalt</surface>
              <junction>roundabout</junction>
              <cycleway_right>no</cycleway_right>
              <estimated_traffic_class>3</estimated_traffic_class>
            </gpxtpx:Extensions>
          </gpxtpx:TrackPointExtension>
        </extensions>
      </trkpt>
      <trkpt lat="49.373418" lon="0.127757">
        <ele>146</ele>
        <extensions>
          <gpxtpx:TrackPointExtension>
            <gpxtpx:Extensions>
              <highway>primary</highway>
              <surface>asphalt</surface>
              <junction>roundabout</junction>
              <cycleway_right>no</cycleway_right>
              <estimated_traffic_class>3</estimated_traffic_class>
            </gpxtpx:Extensions>
          </gpxtpx:TrackPointExtension>
        </extensions>
      </trkpt>
      <trkpt lat="49.373386" lon="0.127656">
        <ele>146</ele>
        <extensions>
          <gpxtpx:TrackPointExtension>
            <gpxtpx:Extensions>
              <highway>primary</highway>
              <surface>asphalt</surface>
              <junction>roundabout</junction>
              <cycleway_right>no</cycleway_right>
              <estimated_traffic_class>3</estimated_traffic_class>
            </gpxtpx:Extensions>
          </gpxtpx:TrackPointExtension>
        </extensions>
      </trkpt>
      <trkpt lat="49.373343" lon="0.127597">
        <ele>146</ele>
        <extensions>
          <gpxtpx:TrackPointExtension>
            <gpxtpx:Extensions>
              <highway>primary</highway>
              <surface>asphalt</surface>
              <junction>roundabout</junction>
              <cycleway_right>no</cycleway_right>
              <estimated_traffic_class>3</estimated_traffic_class>
            </gpxtpx:Extensions>
          </gpxtpx:TrackPointExtension>
        </extensions>
      </trkpt>
      <trkpt lat="49.373292" lon="0.127565">
        <ele>146</ele>
        <extensions>
          <gpxtpx:TrackPointExtension>
            <gpxtpx:Extensions>
              <highway>primary</highway>
              <surface>asphalt</surface>
              <junction>roundabout</junction>
              <cycleway_right>no</cycleway_right>
              <estimated_traffic_class>3</estimated_traffic_class>
            </gpxtpx:Extensions>
          </gpxtpx:TrackPointExtension>
        </extensions>
      </trkpt>
      <trkpt lat="49.373234" lon="0.12756">
        <ele>146.25</ele>
        <extensions>
          <gpxtpx:TrackPointExtension>
            <gpxtpx:Extensions>
              <highway>primary</highway>
              <surface>asphalt</surface>
              <oneway>yes</oneway>
              <estimated_traffic_class>3</estimated_traffic_class>
            </gpxtpx:Extensions>
          </gpxtpx:TrackPointExtension>
        </extensions>
      </trkpt>
      <trkpt lat="49.373146" lon="0.127471">
        <ele>146.5</ele>
        <extensions>
          <gpxtpx:TrackPointExtension>
            <gpxtpx:Extensions>
              <highway>primary</highway>
              <surface>asphalt</surface>
              <oneway>yes</oneway>
              <estimated_traffic_class>3</estimated_traffic_class>
            </gpxtpx:Extensions>
          </gpxtpx:TrackPointExtension>
        </extensions>
      </trkpt>
      <trkpt lat="49.373057" lon="0.127351">
        <ele>146.75</ele>
        <extensions>
          <gpxtpx:TrackPointExtension>
            <gpxtpx:Extensions>
              <highway>primary</highway>
              <surface>asphalt</surface>
              <estimated_traffic_class>3</estimated_traffic_class>
            </gpxtpx:Extensions>
          </gpxtpx:TrackPointExtension>
        </extensions>
      </trkpt>
      <trkpt lat="49.372907" lon="0.127003">
        <ele>146.75</ele>
        <extensions>
          <gpxtpx:TrackPointExtension>
            <gpxtpx:Extensions>
              <highway>primary</highway>
              <surface>asphalt</surface>
              <estimated_traffic_class>3</estimated_traffic_class>
            </gpxtpx:Extensions>
          </gpxtpx:TrackPointExtension>
        </extensions>
      </trkpt>
      <trkpt lat="49.37281" lon="0.126676">
        <ele>146.5</ele>
        <extensions>
          <gpxtpx:TrackPointExtension>
            <gpxtpx:Extensions>
              <highway>primary</highway>
              <surface>asphalt</surface>
              <estimated_traffic_class>3</estimated_traffic_class>
            </gpxtpx:Extensions>
          </gpxtpx:TrackPointExtension>
        </extensions>
      </trkpt>
      <trkpt lat="49.372722" lon="0.126272">
        <ele>146.25</ele>
        <extensions>
          <gpxtpx:TrackPointExtension>
            <gpxtpx:Extensions>
              <highway>primary</highway>
              <surface>asphalt</surface>
              <estimated_traffic_class>3</estimated_traffic_class>
            </gpxtpx:Extensions>
          </gpxtpx:TrackPointExtension>
        </extensions>
      </trkpt>
      <trkpt lat="49.372607" lon="0.124932">
        <ele>144.75</ele>
        <extensions>
          <gpxtpx:TrackPointExtension>
            <gpxtpx:Extensions>
              <highway>primary</highway>
              <surface>asphalt</surface>
              <estimated_traffic_class>3</estimated_traffic_class>
            </gpxtpx:Extensions>
          </gpxtpx:TrackPointExtension>
        </extensions>
      </trkpt>
      <trkpt lat="49.372559" lon="0.124319">
        <ele>144.75</ele>
        <extensions>
          <gpxtpx:TrackPointExtension>
            <gpxtpx:Extensions>
              <highway>primary</highway>
              <surface>asphalt</surface>
              <estimated_traffic_class>3</estimated_traffic_class>
            </gpxtpx:Extensions>
          </gpxtpx:TrackPointExtension>
        </extensions>
      </trkpt>
      <trkpt lat="49.372516" lon="0.123858">
        <ele>145</ele>
        <extensions>
          <gpxtpx:TrackPointExtension>
            <gpxtpx:Extensions>
              <highway>primary</highway>
              <surface>asphalt</surface>
              <estimated_traffic_class>3</estimated_traffic_class>
            </gpxtpx:Extensions>
          </gpxtpx:TrackPointExtension>
        </extensions>
      </trkpt>
      <trkpt lat="49.37243" lon="0.122956">
        <ele>145</ele>
        <extensions>
          <gpxtpx:TrackPointExtension>
            <gpxtpx:Extensions>
              <highway>primary</highway>
              <surface>asphalt</surface>
              <estimated_traffic_class>3</estimated_traffic_class>
            </gpxtpx:Extensions>
          </gpxtpx:TrackPointExtension>
        </extensions>
      </trkpt>
      <trkpt lat="49.372375" lon="0.122377">
        <ele>144.5</ele>
        <extensions>
          <gpxtpx:TrackPointExtension>
            <gpxtpx:Extensions>
              <highway>primary</highway>
              <surface>asphalt</surface>
              <estimated_traffic_class>3</estimated_traffic_class>
            </gpxtpx:Extensions>
          </gpxtpx:TrackPointExtension>
        </extensions>
      </trkpt>
      <trkpt lat="49.372325" lon="0.121807">
        <ele>143</ele>
        <extensions>
          <gpxtpx:TrackPointExtension>
            <gpxtpx:Extensions>
              <highway>primary</highway>
              <surface>asphalt</surface>
              <estimated_traffic_class>3</estimated_traffic_class>
            </gpxtpx:Extensions>
          </gpxtpx:TrackPointExtension>
        </extensions>
      </trkpt>
      <trkpt lat="49.372266" lon="0.121518">
        <ele>142.25</ele>
        <extensions>
          <gpxtpx:TrackPointExtension>
            <gpxtpx:Extensions>
              <highway>primary</highway>
              <surface>asphalt</surface>
              <estimated_traffic_class>3</estimated_traffic_class>
            </gpxtpx:Extensions>
          </gpxtpx:TrackPointExtension>
        </extensions>
      </trkpt>
      <trkpt lat="49.371133" lon="0.119026">
        <ele>140</ele>
        <extensions>
          <gpxtpx:TrackPointExtension>
            <gpxtpx:Extensions>
              <highway>primary</highway>
              <surface>asphalt</surface>
              <estimated_traffic_class>3</estimated_traffic_class>
            </gpxtpx:Extensions>
          </gpxtpx:TrackPointExtension>
        </extensions>
      </trkpt>
      <trkpt lat="49.371083" lon="0.118917">
        <ele>140.25</ele>
        <extensions>
          <gpxtpx:TrackPointExtension>
            <gpxtpx:Extensions>
              <highway>primary</highway>
              <surface>asphalt</surface>
              <estimated_traffic_class>3</estimated_traffic_class>
            </gpxtpx:Extensions>
          </gpxtpx:TrackPointExtension>
        </extensions>
      </trkpt>
      <trkpt lat="49.371024" lon="0.118802">
        <ele>140.5</ele>
        <extensions>
          <gpxtpx:TrackPointExtension>
            <gpxtpx:Extensions>
              <highway>primary</highway>
              <surface>asphalt</surface>
              <estimated_traffic_class>3</estimated_traffic_class>
            </gpxtpx:Extensions>
          </gpxtpx:TrackPointExtension>
        </extensions>
      </trkpt>
      <trkpt lat="49.370578" lon="0.117865">
        <ele>139.5</ele>
        <extensions>
          <gpxtpx:TrackPointExtension>
            <gpxtpx:Extensions>
              <highway>primary</highway>
              <surface>asphalt</surface>
              <estimated_traffic_class>3</estimated_traffic_class>
            </gpxtpx:Extensions>
          </gpxtpx:TrackPointExtension>
        </extensions>
      </trkpt>
      <trkpt lat="49.370381" lon="0.117414">
        <ele>138.5</ele>
        <extensions>
          <gpxtpx:TrackPointExtension>
            <gpxtpx:Extensions>
              <highway>primary</highway>
              <surface>asphalt</surface>
              <estimated_traffic_class>3</estimated_traffic_class>
            </gpxtpx:Extensions>
          </gpxtpx:TrackPointExtension>
        </extensions>
      </trkpt>
      <trkpt lat="49.370259" lon="0.117112">
        <ele>137.75</ele>
        <extensions>
          <gpxtpx:TrackPointExtension>
            <gpxtpx:Extensions>
              <highway>primary</highway>
              <surface>asphalt</surface>
              <estimated_traffic_class>3</estimated_traffic_class>
            </gpxtpx:Extensions>
          </gpxtpx:TrackPointExtension>
        </extensions>
      </trkpt>
      <trkpt lat="49.370171" lon="0.11688">
        <ele>137</ele>
        <extensions>
          <gpxtpx:TrackPointExtension>
            <gpxtpx:Extensions>
              <highway>primary</highway>
              <surface>asphalt</surface>
              <oneway>yes</oneway>
              <estimated_traffic_class>3</estimated_traffic_class>
            </gpxtpx:Extensions>
          </gpxtpx:TrackPointExtension>
        </extensions>
      </trkpt>
      <trkpt lat="49.370084" lon="0.116556">
        <ele>136.25</ele>
        <extensions>
          <gpxtpx:TrackPointExtension>
            <gpxtpx:Extensions>
              <highway>primary</highway>
              <surface>asphalt</surface>
              <oneway>yes</oneway>
              <estimated_traffic_class>3</estimated_traffic_class>
            </gpxtpx:Extensions>
          </gpxtpx:TrackPointExtension>
        </extensions>
      </trkpt>
      <trkpt lat="49.37005" lon="0.116309">
        <ele>135.5</ele>
        <extensions>
          <gpxtpx:TrackPointExtension>
            <gpxtpx:Extensions>
              <highway>primary</highway>
              <surface>asphalt</surface>
              <junction>roundabout</junction>
              <estimated_traffic_class>3</estimated_traffic_class>
            </gpxtpx:Extensions>
          </gpxtpx:TrackPointExtension>
        </extensions>
      </trkpt>
      <trkpt lat="49.37007" lon="0.116229">
        <ele>135.25</ele>
        <extensions>
          <gpxtpx:TrackPointExtension>
            <gpxtpx:Extensions>
              <highway>primary</highway>
              <surface>asphalt</surface>
              <junction>roundabout</junction>
              <estimated_traffic_class>3</estimated_traffic_class>
            </gpxtpx:Extensions>
          </gpxtpx:TrackPointExtension>
        </extensions>
      </trkpt>
      <trkpt lat="49.370072" lon="0.11617">
        <ele>135</ele>
        <extensions>
          <gpxtpx:TrackPointExtension>
            <gpxtpx:Extensions>
              <highway>primary</highway>
              <surface>asphalt</surface>
              <junction>roundabout</junction>
              <estimated_traffic_class>3</estimated_traffic_class>
            </gpxtpx:Extensions>
          </gpxtpx:TrackPointExtension>
        </extensions>
      </trkpt>
      <trkpt lat="49.370059" lon="0.116087">
        <ele>134.75</ele>
        <extensions>
          <gpxtpx:TrackPointExtension>
            <gpxtpx:Extensions>
              <highway>primary</highway>
              <surface>asphalt</surface>
              <junction>roundabout</junction>
              <estimated_traffic_class>3</estimated_traffic_class>
            </gpxtpx:Extensions>
          </gpxtpx:TrackPointExtension>
        </extensions>
      </trkpt>
      <trkpt lat="49.37003" lon="0.116017">
        <ele>134.5</ele>
        <extensions>
          <gpxtpx:TrackPointExtension>
            <gpxtpx:Extensions>
              <highway>primary</highway>
              <surface>asphalt</surface>
              <junction>roundabout</junction>
              <estimated_traffic_class>3</estimated_traffic_class>
            </gpxtpx:Extensions>
          </gpxtpx:TrackPointExtension>
        </extensions>
      </trkpt>
      <trkpt lat="49.369984" lon="0.115965">
        <ele>134.25</ele>
        <extensions>
          <gpxtpx:TrackPointExtension>
            <gpxtpx:Extensions>
              <highway>primary</highway>
              <surface>asphalt</surface>
              <junction>roundabout</junction>
              <estimated_traffic_class>3</estimated_traffic_class>
            </gpxtpx:Extensions>
          </gpxtpx:TrackPointExtension>
        </extensions>
      </trkpt>
      <trkpt lat="49.36993" lon="0.115941">
        <ele>134.25</ele>
        <extensions>
          <gpxtpx:TrackPointExtension>
            <gpxtpx:Extensions>
              <highway>primary</highway>
              <surface>asphalt</surface>
              <junction>roundabout</junction>
              <estimated_traffic_class>3</estimated_traffic_class>
            </gpxtpx:Extensions>
          </gpxtpx:TrackPointExtension>
        </extensions>
      </trkpt>
      <trkpt lat="49.369889" lon="0.115943">
        <ele>134.25</ele>
        <extensions>
          <gpxtpx:TrackPointExtension>
            <gpxtpx:Extensions>
              <highway>primary</highway>
              <surface>asphalt</surface>
              <oneway>yes</oneway>
              <estimated_traffic_class>3</estimated_traffic_class>
            </gpxtpx:Extensions>
          </gpxtpx:TrackPointExtension>
        </extensions>
      </trkpt>
      <trkpt lat="49.369814" lon="0.115908">
        <ele>134.25</ele>
        <extensions>
          <gpxtpx:TrackPointExtension>
            <gpxtpx:Extensions>
              <highway>primary</highway>
              <surface>asphalt</surface>
              <oneway>yes</oneway>
              <estimated_traffic_class>3</estimated_traffic_class>
            </gpxtpx:Extensions>
          </gpxtpx:TrackPointExtension>
        </extensions>
      </trkpt>
      <trkpt lat="49.369722" lon="0.115826">
        <ele>134.25</ele>
        <extensions>
          <gpxtpx:TrackPointExtension>
            <gpxtpx:Extensions>
              <highway>primary</highway>
              <surface>asphalt</surface>
              <oneway>yes</oneway>
              <estimated_traffic_class>3</estimated_traffic_class>
            </gpxtpx:Extensions>
          </gpxtpx:TrackPointExtension>
        </extensions>
      </trkpt>
      <trkpt lat="49.36964" lon="0.115731">
        <ele>133.75</ele>
        <extensions>
          <gpxtpx:TrackPointExtension>
            <gpxtpx:Extensions>
              <highway>primary</highway>
              <surface>asphalt</surface>
              <oneway>no</oneway>
              <estimated_traffic_class>3</estimated_traffic_class>
            </gpxtpx:Extensions>
          </gpxtpx:TrackPointExtension>
        </extensions>
      </trkpt>
      <trkpt lat="49.369167" lon="0.114662">
        <ele>131</ele>
        <extensions>
          <gpxtpx:TrackPointExtension>
            <gpxtpx:Extensions>
              <highway>primary</highway>
              <surface>asphalt</surface>
              <oneway>no</oneway>
              <estimated_traffic_class>3</estimated_traffic_class>
            </gpxtpx:Extensions>
          </gpxtpx:TrackPointExtension>
        </extensions>
      </trkpt>
      <trkpt lat="49.368823" lon="0.114059">
        <ele>129.25</ele>
        <extensions>
          <gpxtpx:TrackPointExtension>
            <gpxtpx:Extensions>
              <highway>primary</highway>
              <surface>asphalt</surface>
              <oneway>no</oneway>
              <estimated_traffic_class>3</estimated_traffic_class>
            </gpxtpx:Extensions>
          </gpxtpx:TrackPointExtension>
        </extensions>
      </trkpt>
      <trkpt lat="49.368411" lon="0.113337">
        <ele>128</ele>
        <extensions>
          <gpxtpx:TrackPointExtension>
            <gpxtpx:Extensions>
              <highway>primary</highway>
              <surface>asphalt</surface>
              <oneway>no</oneway>
              <estimated_traffic_class>3</estimated_traffic_class>
            </gpxtpx:Extensions>
          </gpxtpx:TrackPointExtension>
        </extensions>
      </trkpt>
      <trkpt lat="49.367691" lon="0.111106">
        <ele>123</ele>
        <extensions>
          <gpxtpx:TrackPointExtension>
            <gpxtpx:Extensions>
              <highway>primary</highway>
              <surface>asphalt</surface>
              <oneway>no</oneway>
              <estimated_traffic_class>3</estimated_traffic_class>
            </gpxtpx:Extensions>
          </gpxtpx:TrackPointExtension>
        </extensions>
      </trkpt>
      <trkpt lat="49.367479" lon="0.110514">
        <ele>113.5</ele>
        <extensions>
          <gpxtpx:TrackPointExtension>
            <gpxtpx:Extensions>
              <highway>primary</highway>
              <surface>asphalt</surface>
              <oneway>no</oneway>
              <estimated_traffic_class>3</estimated_traffic_class>
            </gpxtpx:Extensions>
          </gpxtpx:TrackPointExtension>
        </extensions>
      </trkpt>
      <trkpt lat="49.367478" lon="0.110513">
        <ele>120.75</ele>
        <extensions>
          <gpxtpx:TrackPointExtension>
            <gpxtpx:Extensions>
              <highway>primary</highway>
              <surface>asphalt</surface>
              <oneway>no</oneway>
              <estimated_traffic_class>3</estimated_traffic_class>
            </gpxtpx:Extensions>
          </gpxtpx:TrackPointExtension>
        </extensions>
      </trkpt>
      <trkpt lat="49.366742" lon="0.108455">
        <ele>113.5</ele>
        <extensions>
          <gpxtpx:TrackPointExtension>
            <gpxtpx:Extensions>
              <highway>primary</highway>
              <surface>asphalt</surface>
              <oneway>no</oneway>
              <estimated_traffic_class>3</estimated_traffic_class>
            </gpxtpx:Extensions>
          </gpxtpx:TrackPointExtension>
        </extensions>
      </trkpt>
      <trkpt lat="49.366411" lon="0.107463">
        <ele>112.25</ele>
        <extensions>
          <gpxtpx:TrackPointExtension>
            <gpxtpx:Extensions>
              <highway>primary</highway>
              <surface>asphalt</surface>
              <oneway>no</oneway>
              <estimated_traffic_class>3</estimated_traffic_class>
            </gpxtpx:Extensions>
          </gpxtpx:TrackPointExtension>
        </extensions>
      </trkpt>
      <trkpt lat="49.365911" lon="0.105967">
        <ele>111.75</ele>
        <extensions>
          <gpxtpx:TrackPointExtension>
            <gpxtpx:Extensions>
              <highway>primary</highway>
              <surface>asphalt</surface>
              <oneway>no</oneway>
              <estimated_traffic_class>3</estimated_traffic_class>
            </gpxtpx:Extensions>
          </gpxtpx:TrackPointExtension>
        </extensions>
      </trkpt>
      <trkpt lat="49.365253" lon="0.104741">
        <ele>108.75</ele>
        <extensions>
          <gpxtpx:TrackPointExtension>
            <gpxtpx:Extensions>
              <highway>primary</highway>
              <surface>asphalt</surface>
              <oneway>no</oneway>
              <estimated_traffic_class>3</estimated_traffic_class>
            </gpxtpx:Extensions>
          </gpxtpx:TrackPointExtension>
        </extensions>
      </trkpt>
      <trkpt lat="49.364791" lon="0.103862">
        <ele>105</ele>
        <extensions>
          <gpxtpx:TrackPointExtension>
            <gpxtpx:Extensions>
              <highway>primary</highway>
              <surface>asphalt</surface>
              <oneway>no</oneway>
              <estimated_traffic_class>3</estimated_traffic_class>
            </gpxtpx:Extensions>
          </gpxtpx:TrackPointExtension>
        </extensions>
      </trkpt>
      <trkpt lat="49.364727" lon="0.103627">
        <ele>104</ele>
        <extensions>
          <gpxtpx:TrackPointExtension>
            <gpxtpx:Extensions>
              <highway>primary</highway>
              <surface>asphalt</surface>
              <oneway>no</oneway>
              <estimated_traffic_class>3</estimated_traffic_class>
            </gpxtpx:Extensions>
          </gpxtpx:TrackPointExtension>
        </extensions>
      </trkpt>
      <trkpt lat="49.364661" lon="0.103286">
        <ele>102.5</ele>
        <extensions>
          <gpxtpx:TrackPointExtension>
            <gpxtpx:Extensions>
              <highway>primary</highway>
              <surface>asphalt</surface>
              <oneway>no</oneway>
              <estimated_traffic_class>3</estimated_traffic_class>
            </gpxtpx:Extensions>
          </gpxtpx:TrackPointExtension>
        </extensions>
      </trkpt>
      <trkpt lat="49.364667" lon="0.103046">
        <ele>100.5</ele>
        <extensions>
          <gpxtpx:TrackPointExtension>
            <gpxtpx:Extensions>
              <highway>primary</highway>
              <surface>asphalt</surface>
              <oneway>no</oneway>
              <estimated_traffic_class>3</estimated_traffic_class>
            </gpxtpx:Extensions>
          </gpxtpx:TrackPointExtension>
        </extensions>
      </trkpt>
      <trkpt lat="49.364706" lon="0.102849">
        <ele>99</ele>
        <extensions>
          <gpxtpx:TrackPointExtension>
            <gpxtpx:Extensions>
              <highway>primary</highway>
              <surface>asphalt</surface>
              <oneway>no</oneway>
              <estimated_traffic_class>3</estimated_traffic_class>
            </gpxtpx:Extensions>
          </gpxtpx:TrackPointExtension>
        </extensions>
      </trkpt>
      <trkpt lat="49.365466" lon="0.101779">
        <ele>86.5</ele>
        <extensions>
          <gpxtpx:TrackPointExtension>
            <gpxtpx:Extensions>
              <highway>primary</highway>
              <surface>asphalt</surface>
              <oneway>no</oneway>
              <estimated_traffic_class>3</estimated_traffic_class>
            </gpxtpx:Extensions>
          </gpxtpx:TrackPointExtension>
        </extensions>
      </trkpt>
      <trkpt lat="49.36552" lon="0.10156">
        <ele>84.75</ele>
        <extensions>
          <gpxtpx:TrackPointExtension>
            <gpxtpx:Extensions>
              <highway>primary</highway>
              <surface>asphalt</surface>
              <oneway>no</oneway>
              <estimated_traffic_class>3</estimated_traffic_class>
            </gpxtpx:Extensions>
          </gpxtpx:TrackPointExtension>
        </extensions>
      </trkpt>
      <trkpt lat="49.3655" lon="0.10145">
        <ele>84</ele>
        <extensions>
          <gpxtpx:TrackPointExtension>
            <gpxtpx:Extensions>
              <highway>primary</highway>
              <surface>asphalt</surface>
              <oneway>no</oneway>
              <estimated_traffic_class>3</estimated_traffic_class>
            </gpxtpx:Extensions>
          </gpxtpx:TrackPointExtension>
        </extensions>
      </trkpt>
      <trkpt lat="49.36545" lon="0.101185">
        <ele>82.5</ele>
        <extensions>
          <gpxtpx:TrackPointExtension>
            <gpxtpx:Extensions>
              <highway>primary</highway>
              <surface>asphalt</surface>
              <oneway>no</oneway>
              <estimated_traffic_class>3</estimated_traffic_class>
            </gpxtpx:Extensions>
          </gpxtpx:TrackPointExtension>
        </extensions>
      </trkpt>
      <trkpt lat="49.363826" lon="0.098142">
        <ele>74.25</ele>
        <extensions>
          <gpxtpx:TrackPointExtension>
            <gpxtpx:Extensions>
              <highway>primary</highway>
              <surface>asphalt</surface>
              <oneway>no</oneway>
              <estimated_traffic_class>3</estimated_traffic_class>
            </gpxtpx:Extensions>
          </gpxtpx:TrackPointExtension>
        </extensions>
      </trkpt>
      <trkpt lat="49.362433" lon="0.094069">
        <ele>49.5</ele>
        <extensions>
          <gpxtpx:TrackPointExtension>
            <gpxtpx:Extensions>
              <highway>primary</highway>
              <surface>asphalt</surface>
              <oneway>no</oneway>
              <estimated_traffic_class>3</estimated_traffic_class>
            </gpxtpx:Extensions>
          </gpxtpx:TrackPointExtension>
        </extensions>
      </trkpt>
      <trkpt lat="49.362379" lon="0.093908">
        <ele>48.75</ele>
        <extensions>
          <gpxtpx:TrackPointExtension>
            <gpxtpx:Extensions>
              <highway>primary</highway>
              <surface>asphalt</surface>
              <oneway>no</oneway>
              <estimated_traffic_class>3</estimated_traffic_class>
            </gpxtpx:Extensions>
          </gpxtpx:TrackPointExtension>
        </extensions>
      </trkpt>
      <trkpt lat="49.362052" lon="0.092933">
        <ele>43</ele>
        <extensions>
          <gpxtpx:TrackPointExtension>
            <gpxtpx:Extensions>
              <highway>primary</highway>
              <surface>asphalt</surface>
              <oneway>no</oneway>
              <estimated_traffic_class>3</estimated_traffic_class>
            </gpxtpx:Extensions>
          </gpxtpx:TrackPointExtension>
        </extensions>
      </trkpt>
      <trkpt lat="49.362015" lon="0.092823">
        <ele>42.25</ele>
        <extensions>
          <gpxtpx:TrackPointExtension>
            <gpxtpx:Extensions>
              <highway>primary</highway>
              <surface>asphalt</surface>
              <oneway>no</oneway>
              <estimated_traffic_class>3</estimated_traffic_class>
            </gpxtpx:Extensions>
          </gpxtpx:TrackPointExtension>
        </extensions>
      </trkpt>
      <trkpt lat="49.36193" lon="0.092571">
        <ele>40.75</ele>
        <extensions>
          <gpxtpx:TrackPointExtension>
            <gpxtpx:Extensions>
              <highway>primary</highway>
              <surface>asphalt</surface>
              <oneway>no</oneway>
              <estimated_traffic_class>3</estimated_traffic_class>
            </gpxtpx:Extensions>
          </gpxtpx:TrackPointExtension>
        </extensions>
      </trkpt>
      <trkpt lat="49.361865" lon="0.092376">
        <ele>39.25</ele>
        <extensions>
          <gpxtpx:TrackPointExtension>
            <gpxtpx:Extensions>
              <highway>primary</highway>
              <surface>asphalt</surface>
              <oneway>no</oneway>
              <estimated_traffic_class>3</estimated_traffic_class>
            </gpxtpx:Extensions>
          </gpxtpx:TrackPointExtension>
        </extensions>
      </trkpt>
      <trkpt lat="49.361768" lon="0.092088">
        <ele>36.75</ele>
        <extensions>
          <gpxtpx:TrackPointExtension>
            <gpxtpx:Extensions>
              <highway>primary</highway>
              <surface>asphalt</surface>
              <estimated_traffic_class>4</estimated_traffic_class>
            </gpxtpx:Extensions>
          </gpxtpx:TrackPointExtension>
        </extensions>
      </trkpt>
      <trkpt lat="49.361764" lon="0.092075">
        <ele>36.75</ele>
        <extensions>
          <gpxtpx:TrackPointExtension>
            <gpxtpx:Extensions>
              <highway>primary</highway>
              <surface>asphalt</surface>
              <estimated_traffic_class>4</estimated_traffic_class>
            </gpxtpx:Extensions>
          </gpxtpx:TrackPointExtension>
        </extensions>
      </trkpt>
      <trkpt lat="49.361668" lon="0.091807">
        <ele>35</ele>
        <extensions>
          <gpxtpx:TrackPointExtension>
            <gpxtpx:Extensions>
              <highway>primary</highway>
              <surface>asphalt</surface>
              <estimated_traffic_class>4</estimated_traffic_class>
            </gpxtpx:Extensions>
          </gpxtpx:TrackPointExtension>
        </extensions>
      </trkpt>
      <trkpt lat="49.361524" lon="0.091371">
        <ele>31.25</ele>
        <extensions>
          <gpxtpx:TrackPointExtension>
            <gpxtpx:Extensions>
              <highway>primary</highway>
              <surface>asphalt</surface>
              <estimated_traffic_class>4</estimated_traffic_class>
            </gpxtpx:Extensions>
          </gpxtpx:TrackPointExtension>
        </extensions>
      </trkpt>
      <trkpt lat="49.36139" lon="0.090931">
        <ele>27.5</ele>
        <extensions>
          <gpxtpx:TrackPointExtension>
            <gpxtpx:Extensions>
              <highway>primary</highway>
              <surface>asphalt</surface>
              <estimated_traffic_class>4</estimated_traffic_class>
            </gpxtpx:Extensions>
          </gpxtpx:TrackPointExtension>
        </extensions>
      </trkpt>
      <trkpt lat="49.361356" lon="0.090766">
        <ele>26.25</ele>
        <extensions>
          <gpxtpx:TrackPointExtension>
            <gpxtpx:Extensions>
              <highway>primary</highway>
              <surface>asphalt</surface>
              <estimated_traffic_class>4</estimated_traffic_class>
            </gpxtpx:Extensions>
          </gpxtpx:TrackPointExtension>
        </extensions>
      </trkpt>
      <trkpt lat="49.361263" lon="0.09036">
        <ele>24</ele>
        <extensions>
          <gpxtpx:TrackPointExtension>
            <gpxtpx:Extensions>
              <highway>primary</highway>
              <surface>asphalt</surface>
              <estimated_traffic_class>4</estimated_traffic_class>
            </gpxtpx:Extensions>
          </gpxtpx:TrackPointExtension>
        </extensions>
      </trkpt>
      <trkpt lat="49.361119" lon="0.089727">
        <ele>20</ele>
        <extensions>
          <gpxtpx:TrackPointExtension>
            <gpxtpx:Extensions>
              <highway>primary</highway>
              <surface>asphalt</surface>
              <estimated_traffic_class>4</estimated_traffic_class>
            </gpxtpx:Extensions>
          </gpxtpx:TrackPointExtension>
        </extensions>
      </trkpt>
      <trkpt lat="49.36107" lon="0.089513">
        <ele>18.75</ele>
        <extensions>
          <gpxtpx:TrackPointExtension>
            <gpxtpx:Extensions>
              <highway>primary</highway>
              <surface>asphalt</surface>
              <estimated_traffic_class>4</estimated_traffic_class>
            </gpxtpx:Extensions>
          </gpxtpx:TrackPointExtension>
        </extensions>
      </trkpt>
      <trkpt lat="49.361052" lon="0.089434">
        <ele>18.25</ele>
        <extensions>
          <gpxtpx:TrackPointExtension>
            <gpxtpx:Extensions>
              <highway>primary</highway>
              <surface>asphalt</surface>
              <estimated_traffic_class>4</estimated_traffic_class>
            </gpxtpx:Extensions>
          </gpxtpx:TrackPointExtension>
        </extensions>
      </trkpt>
      <trkpt lat="49.361041" lon="0.089229">
        <ele>17</ele>
        <extensions>
          <gpxtpx:TrackPointExtension>
            <gpxtpx:Extensions>
              <highway>primary</highway>
              <surface>asphalt</surface>
              <estimated_traffic_class>4</estimated_traffic_class>
            </gpxtpx:Extensions>
          </gpxtpx:TrackPointExtension>
        </extensions>
      </trkpt>
      <trkpt lat="49.361023" lon="0.088916">
        <ele>15.25</ele>
        <extensions>
          <gpxtpx:TrackPointExtension>
            <gpxtpx:Extensions>
              <highway>primary</highway>
              <surface>asphalt</surface>
              <estimated_traffic_class>4</estimated_traffic_class>
            </gpxtpx:Extensions>
          </gpxtpx:TrackPointExtension>
        </extensions>
      </trkpt>
      <trkpt lat="49.361023" lon="0.088477">
        <ele>13</ele>
        <extensions>
          <gpxtpx:TrackPointExtension>
            <gpxtpx:Extensions>
              <highway>primary</highway>
              <surface>asphalt</surface>
              <estimated_traffic_class>4</estimated_traffic_class>
            </gpxtpx:Extensions>
          </gpxtpx:TrackPointExtension>
        </extensions>
      </trkpt>
      <trkpt lat="49.361039" lon="0.088086">
        <ele>11</ele>
        <extensions>
          <gpxtpx:TrackPointExtension>
            <gpxtpx:Extensions>
              <highway>primary</highway>
              <surface>asphalt</surface>
              <estimated_traffic_class>4</estimated_traffic_class>
            </gpxtpx:Extensions>
          </gpxtpx:TrackPointExtension>
        </extensions>
      </trkpt>
      <trkpt lat="49.36106" lon="0.087581">
        <ele>8.75</ele>
        <extensions>
          <gpxtpx:TrackPointExtension>
            <gpxtpx:Extensions>
              <reversedirection>yes</reversedirection>
              <highway>primary</highway>
              <surface>asphalt</surface>
              <estimated_traffic_class>4</estimated_traffic_class>
            </gpxtpx:Extensions>
          </gpxtpx:TrackPointExtension>
        </extensions>
      </trkpt>
      <trkpt lat="49.361042" lon="0.087385">
        <ele>8.25</ele>
        <extensions>
          <gpxtpx:TrackPointExtension>
            <gpxtpx:Extensions>
              <reversedirection>yes</reversedirection>
              <highway>primary</highway>
              <surface>asphalt</surface>
              <estimated_traffic_class>4</estimated_traffic_class>
            </gpxtpx:Extensions>
          </gpxtpx:TrackPointExtension>
        </extensions>
      </trkpt>
      <trkpt lat="49.361024" lon="0.087181">
        <ele>8</ele>
        <extensions>
          <gpxtpx:TrackPointExtension>
            <gpxtpx:Extensions>
              <reversedirection>yes</reversedirection>
              <highway>primary</highway>
              <surface>asphalt</surface>
              <estimated_traffic_class>4</estimated_traffic_class>
            </gpxtpx:Extensions>
          </gpxtpx:TrackPointExtension>
        </extensions>
      </trkpt>
      <trkpt lat="49.361009" lon="0.087097">
        <ele>7.75</ele>
        <extensions>
          <gpxtpx:TrackPointExtension>
            <gpxtpx:Extensions>
              <reversedirection>yes</reversedirection>
              <highway>primary</highway>
              <surface>asphalt</surface>
              <estimated_traffic_class>4</estimated_traffic_class>
            </gpxtpx:Extensions>
          </gpxtpx:TrackPointExtension>
        </extensions>
      </trkpt>
      <trkpt lat="49.360989" lon="0.087032">
        <ele>7.75</ele>
        <extensions>
          <gpxtpx:TrackPointExtension>
            <gpxtpx:Extensions>
              <reversedirection>yes</reversedirection>
              <highway>primary</highway>
              <surface>asphalt</surface>
              <estimated_traffic_class>4</estimated_traffic_class>
            </gpxtpx:Extensions>
          </gpxtpx:TrackPointExtension>
        </extensions>
      </trkpt>
      <trkpt lat="49.36096" lon="0.086976">
        <ele>7.5</ele>
        <extensions>
          <gpxtpx:TrackPointExtension>
            <gpxtpx:Extensions>
              <highway>primary</highway>
              <surface>asphalt</surface>
              <oneway>yes</oneway>
              <estimated_traffic_class>4</estimated_traffic_class>
            </gpxtpx:Extensions>
          </gpxtpx:TrackPointExtension>
        </extensions>
      </trkpt>
      <trkpt lat="49.361046" lon="0.086864">
        <ele>7.5</ele>
        <extensions>
          <gpxtpx:TrackPointExtension>
            <gpxtpx:Extensions>
              <highway>primary</highway>
              <surface>asphalt</surface>
              <oneway>yes</oneway>
              <estimated_traffic_class>4</estimated_traffic_class>
            </gpxtpx:Extensions>
          </gpxtpx:TrackPointExtension>
        </extensions>
      </trkpt>
      <trkpt lat="49.361114" lon="0.086791">
        <ele>7.75</ele>
        <extensions>
          <gpxtpx:TrackPointExtension>
            <gpxtpx:Extensions>
              <highway>primary</highway>
              <surface>asphalt</surface>
              <oneway>yes</oneway>
              <estimated_traffic_class>4</estimated_traffic_class>
            </gpxtpx:Extensions>
          </gpxtpx:TrackPointExtension>
        </extensions>
      </trkpt>
      <trkpt lat="49.361231" lon="0.086694">
        <ele>7.75</ele>
        <extensions>
          <gpxtpx:TrackPointExtension>
            <gpxtpx:Extensions>
              <highway>primary</highway>
              <surface>asphalt</surface>
              <oneway>yes</oneway>
              <estimated_traffic_class>4</estimated_traffic_class>
            </gpxtpx:Extensions>
          </gpxtpx:TrackPointExtension>
        </extensions>
      </trkpt>
      <trkpt lat="49.361284" lon="0.086631">
        <ele>7.75</ele>
        <extensions>
          <gpxtpx:TrackPointExtension>
            <gpxtpx:Extensions>
              <highway>primary</highway>
              <surface>asphalt</surface>
              <oneway>yes</oneway>
              <estimated_traffic_class>4</estimated_traffic_class>
            </gpxtpx:Extensions>
          </gpxtpx:TrackPointExtension>
        </extensions>
      </trkpt>
      <trkpt lat="49.361311" lon="0.086572">
        <ele>7.5</ele>
        <extensions>
          <gpxtpx:TrackPointExtension>
            <gpxtpx:Extensions>
              <highway>primary</highway>
              <surface>asphalt</surface>
              <oneway>yes</oneway>
              <estimated_traffic_class>4</estimated_traffic_class>
            </gpxtpx:Extensions>
          </gpxtpx:TrackPointExtension>
        </extensions>
      </trkpt>
      <trkpt lat="49.361327" lon="0.086525">
        <ele>7.5</ele>
        <extensions>
          <gpxtpx:TrackPointExtension>
            <gpxtpx:Extensions>
              <highway>primary</highway>
              <surface>asphalt</surface>
              <oneway>yes</oneway>
              <estimated_traffic_class>4</estimated_traffic_class>
            </gpxtpx:Extensions>
          </gpxtpx:TrackPointExtension>
        </extensions>
      </trkpt>
      <trkpt lat="49.361361" lon="0.086442">
        <ele>7.25</ele>
        <extensions>
          <gpxtpx:TrackPointExtension>
            <gpxtpx:Extensions>
              <highway>primary</highway>
              <surface>asphalt</surface>
              <oneway>yes</oneway>
              <estimated_traffic_class>4</estimated_traffic_class>
            </gpxtpx:Extensions>
          </gpxtpx:TrackPointExtension>
        </extensions>
      </trkpt>
      <trkpt lat="49.361391" lon="0.086401">
        <ele>7</ele>
        <extensions>
          <gpxtpx:TrackPointExtension>
            <gpxtpx:Extensions>
              <highway>primary</highway>
              <surface>asphalt</surface>
              <oneway>yes</oneway>
              <estimated_traffic_class>4</estimated_traffic_class>
            </gpxtpx:Extensions>
          </gpxtpx:TrackPointExtension>
        </extensions>
      </trkpt>
      <trkpt lat="49.361452" lon="0.086342">
        <ele>7</ele>
        <extensions>
          <gpxtpx:TrackPointExtension>
            <gpxtpx:Extensions>
              <highway>primary</highway>
              <surface>asphalt</surface>
              <cycleway>lane</cycleway>
              <junction>roundabout</junction>
              <estimated_traffic_class>4</estimated_traffic_class>
            </gpxtpx:Extensions>
          </gpxtpx:TrackPointExtension>
        </extensions>
      </trkpt>
      <trkpt lat="49.361513" lon="0.086328">
        <ele>7</ele>
        <extensions>
          <gpxtpx:TrackPointExtension>
            <gpxtpx:Extensions>
              <highway>primary</highway>
              <surface>asphalt</surface>
              <cycleway>lane</cycleway>
              <junction>roundabout</junction>
              <estimated_traffic_class>4</estimated_traffic_class>
            </gpxtpx:Extensions>
          </gpxtpx:TrackPointExtension>
        </extensions>
      </trkpt>
      <trkpt lat="49.361561" lon="0.086275">
        <ele>6.75</ele>
        <extensions>
          <gpxtpx:TrackPointExtension>
            <gpxtpx:Extensions>
              <highway>primary</highway>
              <surface>asphalt</surface>
              <cycleway>lane</cycleway>
              <junction>roundabout</junction>
              <estimated_traffic_class>4</estimated_traffic_class>
            </gpxtpx:Extensions>
          </gpxtpx:TrackPointExtension>
        </extensions>
      </trkpt>
      <trkpt lat="49.361589" lon="0.086196">
        <ele>6.5</ele>
        <extensions>
          <gpxtpx:TrackPointExtension>
            <gpxtpx:Extensions>
              <highway>primary</highway>
              <surface>asphalt</surface>
              <cycleway>lane</cycleway>
              <junction>roundabout</junction>
              <estimated_traffic_class>4</estimated_traffic_class>
            </gpxtpx:Extensions>
          </gpxtpx:TrackPointExtension>
        </extensions>
      </trkpt>
      <trkpt lat="49.361592" lon="0.086164">
        <ele>6.25</ele>
        <extensions>
          <gpxtpx:TrackPointExtension>
            <gpxtpx:Extensions>
              <highway>primary</highway>
              <surface>asphalt</surface>
              <cycleway>lane</cycleway>
              <junction>roundabout</junction>
              <estimated_traffic_class>4</estimated_traffic_class>
            </gpxtpx:Extensions>
          </gpxtpx:TrackPointExtension>
        </extensions>
      </trkpt>
      <trkpt lat="49.36159" lon="0.086103">
        <ele>6</ele>
        <extensions>
          <gpxtpx:TrackPointExtension>
            <gpxtpx:Extensions>
              <highway>primary</highway>
              <surface>asphalt</surface>
              <cycleway>lane</cycleway>
              <junction>roundabout</junction>
              <estimated_traffic_class>4</estimated_traffic_class>
            </gpxtpx:Extensions>
          </gpxtpx:TrackPointExtension>
        </extensions>
      </trkpt>
      <trkpt lat="49.361569" lon="0.086028">
        <ele>5.75</ele>
        <extensions>
          <gpxtpx:TrackPointExtension>
            <gpxtpx:Extensions>
              <highway>primary</highway>
              <surface>asphalt</surface>
              <cycleway>lane</cycleway>
              <junction>roundabout</junction>
              <estimated_traffic_class>4</estimated_traffic_class>
            </gpxtpx:Extensions>
          </gpxtpx:TrackPointExtension>
        </extensions>
      </trkpt>
      <trkpt lat="49.361542" lon="0.085985">
        <ele>5.5</ele>
        <extensions>
          <gpxtpx:TrackPointExtension>
            <gpxtpx:Extensions>
              <highway>primary</highway>
              <surface>asphalt</surface>
              <cycleway>lane</cycleway>
              <junction>roundabout</junction>
              <estimated_traffic_class>4</estimated_traffic_class>
            </gpxtpx:Extensions>
          </gpxtpx:TrackPointExtension>
        </extensions>
      </trkpt>
      <trkpt lat="49.361516" lon="0.085962">
        <ele>5.25</ele>
        <extensions>
          <gpxtpx:TrackPointExtension>
            <gpxtpx:Extensions>
              <highway>primary</highway>
              <surface>asphalt</surface>
              <cycleway>lane</cycleway>
              <junction>roundabout</junction>
              <estimated_traffic_class>4</estimated_traffic_class>
            </gpxtpx:Extensions>
          </gpxtpx:TrackPointExtension>
        </extensions>
      </trkpt>
      <trkpt lat="49.361483" lon="0.085948">
        <ele>5.25</ele>
        <extensions>
          <gpxtpx:TrackPointExtension>
            <gpxtpx:Extensions>
              <highway>primary</highway>
              <surface>asphalt</surface>
              <oneway>yes</oneway>
              <estimated_traffic_class>4</estimated_traffic_class>
            </gpxtpx:Extensions>
          </gpxtpx:TrackPointExtension>
        </extensions>
      </trkpt>
      <trkpt lat="49.361431" lon="0.085903">
        <ele>5</ele>
        <extensions>
          <gpxtpx:TrackPointExtension>
            <gpxtpx:Extensions>
              <highway>primary</highway>
              <surface>asphalt</surface>
              <oneway>yes</oneway>
              <estimated_traffic_class>4</estimated_traffic_class>
            </gpxtpx:Extensions>
          </gpxtpx:TrackPointExtension>
        </extensions>
      </trkpt>
      <trkpt lat="49.36141" lon="0.08587">
        <ele>4.75</ele>
        <extensions>
          <gpxtpx:TrackPointExtension>
            <gpxtpx:Extensions>
              <highway>primary</highway>
              <surface>asphalt</surface>
              <oneway>yes</oneway>
              <estimated_traffic_class>4</estimated_traffic_class>
            </gpxtpx:Extensions>
          </gpxtpx:TrackPointExtension>
        </extensions>
      </trkpt>
      <trkpt lat="49.361386" lon="0.085805">
        <ele>4.5</ele>
        <extensions>
          <gpxtpx:TrackPointExtension>
            <gpxtpx:Extensions>
              <highway>primary</highway>
              <surface>asphalt</surface>
              <oneway>yes</oneway>
              <estimated_traffic_class>4</estimated_traffic_class>
            </gpxtpx:Extensions>
          </gpxtpx:TrackPointExtension>
        </extensions>
      </trkpt>
      <trkpt lat="49.36136" lon="0.085727">
        <ele>4.25</ele>
        <extensions>
          <gpxtpx:TrackPointExtension>
            <gpxtpx:Extensions>
              <highway>primary</highway>
              <surface>asphalt</surface>
              <cycleway>lane</cycleway>
              <oneway>yes</oneway>
              <estimated_traffic_class>4</estimated_traffic_class>
            </gpxtpx:Extensions>
          </gpxtpx:TrackPointExtension>
        </extensions>
      </trkpt>
      <trkpt lat="49.361118" lon="0.084887">
        <ele>3.75</ele>
        <extensions>
          <gpxtpx:TrackPointExtension>
            <gpxtpx:Extensions>
              <highway>primary</highway>
              <surface>asphalt</surface>
              <oneway>yes</oneway>
              <estimated_traffic_class>4</estimated_traffic_class>
            </gpxtpx:Extensions>
          </gpxtpx:TrackPointExtension>
        </extensions>
      </trkpt>
      <trkpt lat="49.361109" lon="0.084858">
        <ele>3.75</ele>
        <extensions>
          <gpxtpx:TrackPointExtension>
            <gpxtpx:Extensions>
              <highway>primary</highway>
              <surface>asphalt</surface>
              <oneway>yes</oneway>
              <estimated_traffic_class>4</estimated_traffic_class>
            </gpxtpx:Extensions>
          </gpxtpx:TrackPointExtension>
        </extensions>
      </trkpt>
      <trkpt lat="49.361069" lon="0.084782">
        <ele>4.25</ele>
        <extensions>
          <gpxtpx:TrackPointExtension>
            <gpxtpx:Extensions>
              <highway>primary</highway>
              <surface>asphalt</surface>
              <oneway>yes</oneway>
              <estimated_traffic_class>4</estimated_traffic_class>
            </gpxtpx:Extensions>
          </gpxtpx:TrackPointExtension>
        </extensions>
      </trkpt>
      <trkpt lat="49.36102" lon="0.084729">
        <ele>4.75</ele>
        <extensions>
          <gpxtpx:TrackPointExtension>
            <gpxtpx:Extensions>
              <highway>primary</highway>
              <surface>asphalt</surface>
              <oneway>yes</oneway>
              <estimated_traffic_class>4</estimated_traffic_class>
            </gpxtpx:Extensions>
          </gpxtpx:TrackPointExtension>
        </extensions>
      </trkpt>
      <trkpt lat="49.360843" lon="0.084567">
        <ele>6</ele>
        <extensions>
          <gpxtpx:TrackPointExtension>
            <gpxtpx:Extensions>
              <highway>primary</highway>
              <surface>asphalt</surface>
              <oneway>yes</oneway>
              <estimated_traffic_class>4</estimated_traffic_class>
            </gpxtpx:Extensions>
          </gpxtpx:TrackPointExtension>
        </extensions>
      </trkpt>
      <trkpt lat="49.360794" lon="0.084514">
        <ele>6.25</ele>
        <extensions>
          <gpxtpx:TrackPointExtension>
            <gpxtpx:Extensions>
              <highway>primary</highway>
              <surface>asphalt</surface>
              <oneway>yes</oneway>
              <estimated_traffic_class>4</estimated_traffic_class>
            </gpxtpx:Extensions>
          </gpxtpx:TrackPointExtension>
        </extensions>
      </trkpt>
      <trkpt lat="49.360747" lon="0.084448">
        <ele>6.25</ele>
        <extensions>
          <gpxtpx:TrackPointExtension>
            <gpxtpx:Extensions>
              <highway>primary</highway>
              <surface>asphalt</surface>
              <junction>roundabout</junction>
              <estimated_traffic_class>4</estimated_traffic_class>
            </gpxtpx:Extensions>
          </gpxtpx:TrackPointExtension>
        </extensions>
      </trkpt>
      <trkpt lat="49.360725" lon="0.084372">
        <ele>6.75</ele>
        <extensions>
          <gpxtpx:TrackPointExtension>
            <gpxtpx:Extensions>
              <highway>primary</highway>
              <surface>asphalt</surface>
              <junction>roundabout</junction>
              <estimated_traffic_class>4</estimated_traffic_class>
            </gpxtpx:Extensions>
          </gpxtpx:TrackPointExtension>
        </extensions>
      </trkpt>
      <trkpt lat="49.36071" lon="0.084346">
        <ele>6.75</ele>
        <extensions>
          <gpxtpx:TrackPointExtension>
            <gpxtpx:Extensions>
              <highway>primary</highway>
              <surface>asphalt</surface>
              <junction>roundabout</junction>
              <estimated_traffic_class>4</estimated_traffic_class>
            </gpxtpx:Extensions>
          </gpxtpx:TrackPointExtension>
        </extensions>
      </trkpt>
      <trkpt lat="49.360671" lon="0.084307">
        <ele>6.75</ele>
        <extensions>
          <gpxtpx:TrackPointExtension>
            <gpxtpx:Extensions>
              <highway>secondary</highway>
              <surface>asphalt</surface>
              <oneway>yes</oneway>
              <estimated_traffic_class>3</estimated_traffic_class>
            </gpxtpx:Extensions>
          </gpxtpx:TrackPointExtension>
        </extensions>
      </trkpt>
      <trkpt lat="49.360644" lon="0.08424">
        <ele>7</ele>
        <extensions>
          <gpxtpx:TrackPointExtension>
            <gpxtpx:Extensions>
              <highway>secondary</highway>
              <surface>asphalt</surface>
              <oneway>yes</oneway>
              <estimated_traffic_class>3</estimated_traffic_class>
            </gpxtpx:Extensions>
          </gpxtpx:TrackPointExtension>
        </extensions>
      </trkpt>
      <trkpt lat="49.36061" lon="0.084041">
        <ele>7</ele>
        <extensions>
          <gpxtpx:TrackPointExtension>
            <gpxtpx:Extensions>
              <highway>secondary</highway>
              <surface>asphalt</surface>
              <oneway>yes</oneway>
              <estimated_traffic_class>3</estimated_traffic_class>
            </gpxtpx:Extensions>
          </gpxtpx:TrackPointExtension>
        </extensions>
      </trkpt>
      <trkpt lat="49.360547" lon="0.083823">
        <ele>6.5</ele>
        <extensions>
          <gpxtpx:TrackPointExtension>
            <gpxtpx:Extensions>
              <highway>secondary</highway>
              <surface>asphalt</surface>
              <oneway>yes</oneway>
              <estimated_traffic_class>3</estimated_traffic_class>
            </gpxtpx:Extensions>
          </gpxtpx:TrackPointExtension>
        </extensions>
      </trkpt>
      <trkpt lat="49.360382" lon="0.083242">
        <ele>4.5</ele>
        <extensions>
          <gpxtpx:TrackPointExtension>
            <gpxtpx:Extensions>
              <highway>secondary</highway>
              <surface>asphalt</surface>
              <oneway>yes</oneway>
              <estimated_traffic_class>3</estimated_traffic_class>
            </gpxtpx:Extensions>
          </gpxtpx:TrackPointExtension>
        </extensions>
      </trkpt>
      <trkpt lat="49.360368" lon="0.083176">
        <ele>4.25</ele>
        <extensions>
          <gpxtpx:TrackPointExtension>
            <gpxtpx:Extensions>
              <highway>secondary</highway>
              <surface>asphalt</surface>
              <oneway>yes</oneway>
              <estimated_traffic_class>3</estimated_traffic_class>
            </gpxtpx:Extensions>
          </gpxtpx:TrackPointExtension>
        </extensions>
      </trkpt>
      <trkpt lat="49.360354" lon="0.083057">
        <ele>3.75</ele>
        <extensions>
          <gpxtpx:TrackPointExtension>
            <gpxtpx:Extensions>
              <highway>secondary</highway>
              <surface>asphalt</surface>
              <junction>roundabout</junction>
              <route_bicycle_lcn>yes</route_bicycle_lcn>
              <estimated_traffic_class>3</estimated_traffic_class>
            </gpxtpx:Extensions>
          </gpxtpx:TrackPointExtension>
        </extensions>
      </trkpt>
      <trkpt lat="49.360369" lon="0.082976">
        <ele>3.75</ele>
        <extensions>
          <gpxtpx:TrackPointExtension>
            <gpxtpx:Extensions>
              <highway>secondary</highway>
              <surface>asphalt</surface>
              <junction>roundabout</junction>
              <route_bicycle_lcn>yes</route_bicycle_lcn>
              <estimated_traffic_class>3</estimated_traffic_class>
            </gpxtpx:Extensions>
          </gpxtpx:TrackPointExtension>
        </extensions>
      </trkpt>
      <trkpt lat="49.360368" lon="0.08288">
        <ele>3.5</ele>
        <extensions>
          <gpxtpx:TrackPointExtension>
            <gpxtpx:Extensions>
              <highway>secondary</highway>
              <surface>asphalt</surface>
              <junction>roundabout</junction>
              <route_bicycle_lcn>yes</route_bicycle_lcn>
              <estimated_traffic_class>3</estimated_traffic_class>
            </gpxtpx:Extensions>
          </gpxtpx:TrackPointExtension>
        </extensions>
      </trkpt>
      <trkpt lat="49.360354" lon="0.082807">
        <ele>3.25</ele>
        <extensions>
          <gpxtpx:TrackPointExtension>
            <gpxtpx:Extensions>
              <highway>secondary</highway>
              <surface>asphalt</surface>
              <junction>roundabout</junction>
              <route_bicycle_lcn>yes</route_bicycle_lcn>
              <estimated_traffic_class>3</estimated_traffic_class>
            </gpxtpx:Extensions>
          </gpxtpx:TrackPointExtension>
        </extensions>
      </trkpt>
      <trkpt lat="49.36031" lon="0.082714">
        <ele>2.75</ele>
        <extensions>
          <gpxtpx:TrackPointExtension>
            <gpxtpx:Extensions>
              <highway>secondary</highway>
              <surface>asphalt</surface>
              <junction>roundabout</junction>
              <route_bicycle_lcn>yes</route_bicycle_lcn>
              <estimated_traffic_class>3</estimated_traffic_class>
            </gpxtpx:Extensions>
          </gpxtpx:TrackPointExtension>
        </extensions>
      </trkpt>
      <trkpt lat="49.360289" lon="0.082687">
        <ele>2.75</ele>
        <extensions>
          <gpxtpx:TrackPointExtension>
            <gpxtpx:Extensions>
              <highway>secondary</highway>
              <surface>asphalt</surface>
              <junction>roundabout</junction>
              <route_bicycle_lcn>yes</route_bicycle_lcn>
              <estimated_traffic_class>3</estimated_traffic_class>
            </gpxtpx:Extensions>
          </gpxtpx:TrackPointExtension>
        </extensions>
      </trkpt>
      <trkpt lat="49.360241" lon="0.082649">
        <ele>2.25</ele>
        <extensions>
          <gpxtpx:TrackPointExtension>
            <gpxtpx:Extensions>
              <highway>secondary</highway>
              <surface>asphalt</surface>
              <junction>roundabout</junction>
              <route_bicycle_lcn>yes</route_bicycle_lcn>
              <estimated_traffic_class>3</estimated_traffic_class>
            </gpxtpx:Extensions>
          </gpxtpx:TrackPointExtension>
        </extensions>
      </trkpt>
      <trkpt lat="49.360188" lon="0.082632">
        <ele>2</ele>
        <extensions>
          <gpxtpx:TrackPointExtension>
            <gpxtpx:Extensions>
              <highway>secondary</highway>
              <surface>asphalt</surface>
              <junction>roundabout</junction>
              <route_bicycle_lcn>yes</route_bicycle_lcn>
              <estimated_traffic_class>3</estimated_traffic_class>
            </gpxtpx:Extensions>
          </gpxtpx:TrackPointExtension>
        </extensions>
      </trkpt>
      <trkpt lat="49.360154" lon="0.082633">
        <ele>1.75</ele>
        <extensions>
          <gpxtpx:TrackPointExtension>
            <gpxtpx:Extensions>
              <highway>secondary</highway>
              <surface>asphalt</surface>
              <junction>roundabout</junction>
              <route_bicycle_lcn>yes</route_bicycle_lcn>
              <estimated_traffic_class>3</estimated_traffic_class>
            </gpxtpx:Extensions>
          </gpxtpx:TrackPointExtension>
        </extensions>
      </trkpt>
      <trkpt lat="49.360088" lon="0.082663">
        <ele>1.5</ele>
        <extensions>
          <gpxtpx:TrackPointExtension>
            <gpxtpx:Extensions>
              <highway>secondary</highway>
              <surface>asphalt</surface>
              <junction>roundabout</junction>
              <route_bicycle_lcn>yes</route_bicycle_lcn>
              <estimated_traffic_class>3</estimated_traffic_class>
            </gpxtpx:Extensions>
          </gpxtpx:TrackPointExtension>
        </extensions>
      </trkpt>
      <trkpt lat="49.360032" lon="0.082726">
        <ele>1.25</ele>
        <extensions>
          <gpxtpx:TrackPointExtension>
            <gpxtpx:Extensions>
              <highway>secondary</highway>
              <surface>asphalt</surface>
              <junction>roundabout</junction>
              <route_bicycle_lcn>yes</route_bicycle_lcn>
              <estimated_traffic_class>3</estimated_traffic_class>
            </gpxtpx:Extensions>
          </gpxtpx:TrackPointExtension>
        </extensions>
      </trkpt>
      <trkpt lat="49.360004" lon="0.082785">
        <ele>1.25</ele>
        <extensions>
          <gpxtpx:TrackPointExtension>
            <gpxtpx:Extensions>
              <highway>secondary</highway>
              <surface>asphalt</surface>
              <junction>roundabout</junction>
              <route_bicycle_lcn>yes</route_bicycle_lcn>
              <estimated_traffic_class>3</estimated_traffic_class>
            </gpxtpx:Extensions>
          </gpxtpx:TrackPointExtension>
        </extensions>
      </trkpt>
      <trkpt lat="49.359986" lon="0.082853">
        <ele>1.25</ele>
        <extensions>
          <gpxtpx:TrackPointExtension>
            <gpxtpx:Extensions>
              <highway>secondary</highway>
              <surface>asphalt</surface>
              <oneway>yes</oneway>
              <estimated_traffic_class>3</estimated_traffic_class>
            </gpxtpx:Extensions>
          </gpxtpx:TrackPointExtension>
        </extensions>
      </trkpt>
      <trkpt lat="49.359908" lon="0.082916">
        <ele>1.25</ele>
        <extensions>
          <gpxtpx:TrackPointExtension>
            <gpxtpx:Extensions>
              <highway>secondary</highway>
              <surface>asphalt</surface>
              <oneway>yes</oneway>
              <estimated_traffic_class>3</estimated_traffic_class>
            </gpxtpx:Extensions>
          </gpxtpx:TrackPointExtension>
        </extensions>
      </trkpt>
      <trkpt lat="49.359857" lon="0.082947">
        <ele>1.25</ele>
        <extensions>
          <gpxtpx:TrackPointExtension>
            <gpxtpx:Extensions>
              <highway>secondary</highway>
              <surface>asphalt</surface>
              <oneway>yes</oneway>
              <estimated_traffic_class>3</estimated_traffic_class>
            </gpxtpx:Extensions>
          </gpxtpx:TrackPointExtension>
        </extensions>
      </trkpt>
      <trkpt lat="49.359448" lon="0.083031">
        <ele>1</ele>
        <extensions>
          <gpxtpx:TrackPointExtension>
            <gpxtpx:Extensions>
              <highway>secondary</highway>
              <surface>asphalt</surface>
              <oneway>yes</oneway>
              <estimated_traffic_class>3</estimated_traffic_class>
            </gpxtpx:Extensions>
          </gpxtpx:TrackPointExtension>
        </extensions>
      </trkpt>
      <trkpt lat="49.359268" lon="0.08312">
        <ele>1.25</ele>
        <extensions>
          <gpxtpx:TrackPointExtension>
            <gpxtpx:Extensions>
              <highway>secondary</highway>
              <surface>asphalt</surface>
              <oneway>yes</oneway>
              <estimated_traffic_class>3</estimated_traffic_class>
            </gpxtpx:Extensions>
          </gpxtpx:TrackPointExtension>
        </extensions>
      </trkpt>
      <trkpt lat="49.359049" lon="0.083313">
        <ele>1.75</ele>
        <extensions>
          <gpxtpx:TrackPointExtension>
            <gpxtpx:Extensions>
              <highway>secondary</highway>
              <surface>asphalt</surface>
              <oneway>yes</oneway>
              <estimated_traffic_class>3</estimated_traffic_class>
            </gpxtpx:Extensions>
          </gpxtpx:TrackPointExtension>
        </extensions>
      </trkpt>
      <trkpt lat="49.358443" lon="0.08399">
        <ele>2</ele>
      </trkpt>
      <trkpt lat="49.358443" lon="0.08399">
        <ele>1.75</ele>
        <extensions>
          <gpxtpx:TrackPointExtension>
            <gpxtpx:Extensions>
              <highway>secondary</highway>
              <surface>asphalt</surface>
              <oneway>yes</oneway>
              <estimated_traffic_class>3</estimated_traffic_class>
            </gpxtpx:Extensions>
          </gpxtpx:TrackPointExtension>
        </extensions>
      </trkpt>
      <trkpt lat="49.358443" lon="0.08399">
        <ele>2</ele>
        <extensions>
          <gpxtpx:TrackPointExtension>
            <gpxtpx:Extensions>
              <highway>secondary</highway>
              <surface>asphalt</surface>
              <oneway>yes</oneway>
              <estimated_traffic_class>3</estimated_traffic_class>
            </gpxtpx:Extensions>
          </gpxtpx:TrackPointExtension>
        </extensions>
      </trkpt>
      <trkpt lat="49.358351" lon="0.084094">
        <ele>2</ele>
        <extensions>
          <gpxtpx:TrackPointExtension>
            <gpxtpx:Extensions>
              <highway>residential</highway>
              <oneway>yes</oneway>
            </gpxtpx:Extensions>
          </gpxtpx:TrackPointExtension>
        </extensions>
      </trkpt>
      <trkpt lat="49.358247" lon="0.084147">
        <ele>2</ele>
        <extensions>
          <gpxtpx:TrackPointExtension>
            <gpxtpx:Extensions>
              <highway>residential</highway>
              <oneway>yes</oneway>
            </gpxtpx:Extensions>
          </gpxtpx:TrackPointExtension>
        </extensions>
      </trkpt>
      <trkpt lat="49.358084" lon="0.084318">
        <ele>1.75</ele>
        <extensions>
          <gpxtpx:TrackPointExtension>
            <gpxtpx:Extensions>
              <highway>residential</highway>
              <oneway>yes</oneway>
            </gpxtpx:Extensions>
          </gpxtpx:TrackPointExtension>
        </extensions>
      </trkpt>
      <trkpt lat="49.358012" lon="0.084373">
        <ele>1.75</ele>
        <extensions>
          <gpxtpx:TrackPointExtension>
            <gpxtpx:Extensions>
              <highway>residential</highway>
              <oneway>yes</oneway>
            </gpxtpx:Extensions>
          </gpxtpx:TrackPointExtension>
        </extensions>
      </trkpt>
      <trkpt lat="49.357964" lon="0.084395">
        <ele>1.75</ele>
        <extensions>
          <gpxtpx:TrackPointExtension>
            <gpxtpx:Extensions>
              <highway>residential</highway>
              <oneway>yes</oneway>
            </gpxtpx:Extensions>
          </gpxtpx:TrackPointExtension>
        </extensions>
      </trkpt>
      <trkpt lat="49.357836" lon="0.084419">
        <ele>1.75</ele>
        <extensions>
          <gpxtpx:TrackPointExtension>
            <gpxtpx:Extensions>
              <highway>residential</highway>
              <oneway>yes</oneway>
            </gpxtpx:Extensions>
          </gpxtpx:TrackPointExtension>
        </extensions>
      </trkpt>
      <trkpt lat="49.357723" lon="0.084401">
        <ele>1.75</ele>
        <extensions>
          <gpxtpx:TrackPointExtension>
            <gpxtpx:Extensions>
              <highway>residential</highway>
              <oneway>yes</oneway>
            </gpxtpx:Extensions>
          </gpxtpx:TrackPointExtension>
        </extensions>
      </trkpt>
      <trkpt lat="49.357594" lon="0.08436">
        <ele>1.75</ele>
        <extensions>
          <gpxtpx:TrackPointExtension>
            <gpxtpx:Extensions>
              <highway>residential</highway>
              <oneway>yes</oneway>
            </gpxtpx:Extensions>
          </gpxtpx:TrackPointExtension>
        </extensions>
      </trkpt>
      <trkpt lat="49.357414" lon="0.084261">
        <ele>2</ele>
        <extensions>
          <gpxtpx:TrackPointExtension>
            <gpxtpx:Extensions>
              <highway>residential</highway>
              <oneway>yes</oneway>
            </gpxtpx:Extensions>
          </gpxtpx:TrackPointExtension>
        </extensions>
      </trkpt>
      <trkpt lat="49.357357" lon="0.084209">
        <ele>2</ele>
        <extensions>
          <gpxtpx:TrackPointExtension>
            <gpxtpx:Extensions>
              <reversedirection>yes</reversedirection>
              <highway>residential</highway>
              <surface>asphalt</surface>
            </gpxtpx:Extensions>
          </gpxtpx:TrackPointExtension>
        </extensions>
      </trkpt>
      <trkpt lat="49.357323" lon="0.084151">
        <ele>2</ele>
        <extensions>
          <gpxtpx:TrackPointExtension>
            <gpxtpx:Extensions>
              <reversedirection>yes</reversedirection>
              <highway>residential</highway>
              <surface>asphalt</surface>
            </gpxtpx:Extensions>
          </gpxtpx:TrackPointExtension>
        </extensions>
      </trkpt>
      <trkpt lat="49.357284" lon="0.084049">
        <ele>2.25</ele>
        <extensions>
          <gpxtpx:TrackPointExtension>
            <gpxtpx:Extensions>
              <reversedirection>yes</reversedirection>
              <highway>residential</highway>
              <surface>asphalt</surface>
            </gpxtpx:Extensions>
          </gpxtpx:TrackPointExtension>
        </extensions>
      </trkpt>
      <trkpt lat="49.357235" lon="0.083873">
        <ele>2.25</ele>
        <extensions>
          <gpxtpx:TrackPointExtension>
            <gpxtpx:Extensions>
              <reversedirection>yes</reversedirection>
              <highway>residential</highway>
              <surface>asphalt</surface>
            </gpxtpx:Extensions>
          </gpxtpx:TrackPointExtension>
        </extensions>
      </trkpt>
      <trkpt lat="49.356854" lon="0.082506">
        <ele>5.5</ele>
        <extensions>
          <gpxtpx:TrackPointExtension>
            <gpxtpx:Extensions>
              <highway>residential</highway>
              <surface>asphalt</surface>
              <oneway>yes</oneway>
              <cycleway_left>opposite_lane</cycleway_left>
            </gpxtpx:Extensions>
          </gpxtpx:TrackPointExtension>
        </extensions>
      </trkpt>
      <trkpt lat="49.356701" lon="0.081938">
        <ele>6.5</ele>
        <extensions>
          <gpxtpx:TrackPointExtension>
            <gpxtpx:Extensions>
              <highway>residential</highway>
              <surface>asphalt</surface>
              <oneway>yes</oneway>
              <cycleway_left>opposite_lane</cycleway_left>
            </gpxtpx:Extensions>
          </gpxtpx:TrackPointExtension>
        </extensions>
      </trkpt>
      <trkpt lat="49.356827" lon="0.081695">
        <ele>6.75</ele>
        <extensions>
          <gpxtpx:TrackPointExtension>
            <gpxtpx:Extensions>
              <highway>residential</highway>
              <surface>asphalt</surface>
              <oneway>yes</oneway>
            </gpxtpx:Extensions>
          </gpxtpx:TrackPointExtension>
        </extensions>
      </trkpt>
      <trkpt lat="49.357738" lon="0.079948">
        <ele>8.25</ele>
        <extensions>
          <gpxtpx:TrackPointExtension>
            <gpxtpx:Extensions>
              <highway>residential</highway>
              <surface>asphalt</surface>
              <oneway>yes</oneway>
            </gpxtpx:Extensions>
          </gpxtpx:TrackPointExtension>
        </extensions>
      </trkpt>
      <trkpt lat="49.358196" lon="0.079056">
        <ele>6</ele>
        <extensions>
          <gpxtpx:TrackPointExtension>
            <gpxtpx:Extensions>
              <highway>residential</highway>
              <surface>asphalt</surface>
              <oneway>yes</oneway>
              <cycleway_left>opposite_lane</cycleway_left>
            </gpxtpx:Extensions>
          </gpxtpx:TrackPointExtension>
        </extensions>
      </trkpt>
      <trkpt lat="49.358814" lon="0.078357">
        <ele>7</ele>
        <extensions>
          <gpxtpx:TrackPointExtension>
            <gpxtpx:Extensions>
              <highway>residential</highway>
              <surface>asphalt</surface>
              <oneway>yes</oneway>
              <cycleway_left>opposite_lane</cycleway_left>
            </gpxtpx:Extensions>
          </gpxtpx:TrackPointExtension>
        </extensions>
      </trkpt>
      <trkpt lat="49.35889" lon="0.078272">
        <ele>7.25</ele>
        <extensions>
          <gpxtpx:TrackPointExtension>
            <gpxtpx:Extensions>
              <highway>secondary</highway>
              <surface>asphalt</surface>
              <route_bicycle_lcn>yes</route_bicycle_lcn>
              <estimated_traffic_class>3</estimated_traffic_class>
            </gpxtpx:Extensions>
          </gpxtpx:TrackPointExtension>
        </extensions>
      </trkpt>
      <trkpt lat="49.358848" lon="0.078156">
        <ele>7</ele>
        <extensions>
          <gpxtpx:TrackPointExtension>
            <gpxtpx:Extensions>
              <highway>secondary</highway>
              <surface>asphalt</surface>
              <route_bicycle_lcn>yes</route_bicycle_lcn>
              <estimated_traffic_class>3</estimated_traffic_class>
            </gpxtpx:Extensions>
          </gpxtpx:TrackPointExtension>
        </extensions>
      </trkpt>
      <trkpt lat="49.358388" lon="0.0769">
        <ele>5.75</ele>
        <extensions>
          <gpxtpx:TrackPointExtension>
            <gpxtpx:Extensions>
              <highway>secondary</highway>
              <surface>asphalt</surface>
              <route_bicycle_lcn>yes</route_bicycle_lcn>
              <estimated_traffic_class>3</estimated_traffic_class>
            </gpxtpx:Extensions>
          </gpxtpx:TrackPointExtension>
        </extensions>
      </trkpt>
      <trkpt lat="49.358284" lon="0.076615">
        <ele>6</ele>
        <extensions>
          <gpxtpx:TrackPointExtension>
            <gpxtpx:Extensions>
              <highway>secondary</highway>
              <surface>asphalt</surface>
              <route_bicycle_lcn>yes</route_bicycle_lcn>
              <estimated_traffic_class>3</estimated_traffic_class>
            </gpxtpx:Extensions>
          </gpxtpx:TrackPointExtension>
        </extensions>
      </trkpt>
      <trkpt lat="49.358095" lon="0.076097">
        <ele>6.25</ele>
        <extensions>
          <gpxtpx:TrackPointExtension>
            <gpxtpx:Extensions>
              <highway>secondary</highway>
              <surface>asphalt</surface>
              <route_bicycle_lcn>yes</route_bicycle_lcn>
              <estimated_traffic_class>3</estimated_traffic_class>
            </gpxtpx:Extensions>
          </gpxtpx:TrackPointExtension>
        </extensions>
      </trkpt>
      <trkpt lat="49.35806" lon="0.076002">
        <ele>6.25</ele>
        <extensions>
          <gpxtpx:TrackPointExtension>
            <gpxtpx:Extensions>
              <highway>secondary</highway>
              <surface>asphalt</surface>
              <estimated_traffic_class>3</estimated_traffic_class>
            </gpxtpx:Extensions>
          </gpxtpx:TrackPointExtension>
        </extensions>
      </trkpt>
      <trkpt lat="49.358021" lon="0.075895">
        <ele>6.5</ele>
        <extensions>
          <gpxtpx:TrackPointExtension>
            <gpxtpx:Extensions>
              <highway>secondary</highway>
              <surface>asphalt</surface>
              <estimated_traffic_class>3</estimated_traffic_class>
            </gpxtpx:Extensions>
          </gpxtpx:TrackPointExtension>
        </extensions>
      </trkpt>
      <trkpt lat="49.357428" lon="0.074273">
        <ele>6.5</ele>
        <extensions>
          <gpxtpx:TrackPointExtension>
            <gpxtpx:Extensions>
              <highway>secondary</highway>
              <surface>asphalt</surface>
              <estimated_traffic_class>3</estimated_traffic_class>
            </gpxtpx:Extensions>
          </gpxtpx:TrackPointExtension>
        </extensions>
      </trkpt>
      <trkpt lat="49.357395" lon="0.074183">
        <ele>6.5</ele>
        <extensions>
          <gpxtpx:TrackPointExtension>
            <gpxtpx:Extensions>
              <highway>secondary</highway>
              <surface>asphalt</surface>
              <estimated_traffic_class>3</estimated_traffic_class>
            </gpxtpx:Extensions>
          </gpxtpx:TrackPointExtension>
        </extensions>
      </trkpt>
      <trkpt lat="49.357362" lon="0.074092">
        <ele>6.5</ele>
        <extensions>
          <gpxtpx:TrackPointExtension>
            <gpxtpx:Extensions>
              <highway>secondary</highway>
              <surface>asphalt</surface>
              <estimated_traffic_class>3</estimated_traffic_class>
            </gpxtpx:Extensions>
          </gpxtpx:TrackPointExtension>
        </extensions>
      </trkpt>
      <trkpt lat="49.357178" lon="0.07359">
        <ele>6.25</ele>
        <extensions>
          <gpxtpx:TrackPointExtension>
            <gpxtpx:Extensions>
              <highway>secondary</highway>
              <surface>asphalt</surface>
              <estimated_traffic_class>3</estimated_traffic_class>
            </gpxtpx:Extensions>
          </gpxtpx:TrackPointExtension>
        </extensions>
      </trkpt>
      <trkpt lat="49.356804" lon="0.072568">
        <ele>6.75</ele>
        <extensions>
          <gpxtpx:TrackPointExtension>
            <gpxtpx:Extensions>
              <highway>secondary</highway>
              <surface>asphalt</surface>
              <estimated_traffic_class>3</estimated_traffic_class>
            </gpxtpx:Extensions>
          </gpxtpx:TrackPointExtension>
        </extensions>
      </trkpt>
      <trkpt lat="49.356781" lon="0.072505">
        <ele>6.75</ele>
        <extensions>
          <gpxtpx:TrackPointExtension>
            <gpxtpx:Extensions>
              <highway>secondary</highway>
              <surface>asphalt</surface>
              <route_bicycle_icn>yes</route_bicycle_icn>
              <route_bicycle_ncn>yes</route_bicycle_ncn>
              <estimated_traffic_class>3</estimated_traffic_class>
            </gpxtpx:Extensions>
          </gpxtpx:TrackPointExtension>
        </extensions>
      </trkpt>
      <trkpt lat="49.356767" lon="0.072466">
        <ele>6.75</ele>
        <extensions>
          <gpxtpx:TrackPointExtension>
            <gpxtpx:Extensions>
              <highway>secondary</highway>
              <surface>asphalt</surface>
              <route_bicycle_icn>yes</route_bicycle_icn>
              <route_bicycle_ncn>yes</route_bicycle_ncn>
              <estimated_traffic_class>3</estimated_traffic_class>
            </gpxtpx:Extensions>
          </gpxtpx:TrackPointExtension>
        </extensions>
      </trkpt>
      <trkpt lat="49.35674" lon="0.072392">
        <ele>6.75</ele>
        <extensions>
          <gpxtpx:TrackPointExtension>
            <gpxtpx:Extensions>
              <highway>secondary</highway>
              <surface>asphalt</surface>
              <estimated_traffic_class>3</estimated_traffic_class>
            </gpxtpx:Extensions>
          </gpxtpx:TrackPointExtension>
        </extensions>
      </trkpt>
      <trkpt lat="49.356701" lon="0.072285">
        <ele>6.75</ele>
        <extensions>
          <gpxtpx:TrackPointExtension>
            <gpxtpx:Extensions>
              <highway>secondary</highway>
              <surface>asphalt</surface>
              <estimated_traffic_class>3</estimated_traffic_class>
            </gpxtpx:Extensions>
          </gpxtpx:TrackPointExtension>
        </extensions>
      </trkpt>
      <trkpt lat="49.356389" lon="0.071436">
        <ele>6.5</ele>
        <extensions>
          <gpxtpx:TrackPointExtension>
            <gpxtpx:Extensions>
              <highway>secondary</highway>
              <surface>asphalt</surface>
              <estimated_traffic_class>3</estimated_traffic_class>
            </gpxtpx:Extensions>
          </gpxtpx:TrackPointExtension>
        </extensions>
      </trkpt>
      <trkpt lat="49.356356" lon="0.071347">
        <ele>6.5</ele>
        <extensions>
          <gpxtpx:TrackPointExtension>
            <gpxtpx:Extensions>
              <highway>secondary</highway>
              <surface>asphalt</surface>
              <estimated_traffic_class>3</estimated_traffic_class>
            </gpxtpx:Extensions>
          </gpxtpx:TrackPointExtension>
        </extensions>
      </trkpt>
      <trkpt lat="49.356055" lon="0.07053">
        <ele>6.5</ele>
        <extensions>
          <gpxtpx:TrackPointExtension>
            <gpxtpx:Extensions>
              <highway>secondary</highway>
              <surface>asphalt</surface>
              <estimated_traffic_class>3</estimated_traffic_class>
            </gpxtpx:Extensions>
          </gpxtpx:TrackPointExtension>
        </extensions>
      </trkpt>
      <trkpt lat="49.355982" lon="0.070332">
        <ele>6.75</ele>
        <extensions>
          <gpxtpx:TrackPointExtension>
            <gpxtpx:Extensions>
              <highway>secondary</highway>
              <surface>asphalt</surface>
              <estimated_traffic_class>3</estimated_traffic_class>
            </gpxtpx:Extensions>
          </gpxtpx:TrackPointExtension>
        </extensions>
      </trkpt>
      <trkpt lat="49.355858" lon="0.069994">
        <ele>7</ele>
        <extensions>
          <gpxtpx:TrackPointExtension>
            <gpxtpx:Extensions>
              <highway>secondary</highway>
              <surface>asphalt</surface>
              <estimated_traffic_class>3</estimated_traffic_class>
            </gpxtpx:Extensions>
          </gpxtpx:TrackPointExtension>
        </extensions>
      </trkpt>
      <trkpt lat="49.35579" lon="0.069809">
        <ele>6.5</ele>
        <extensions>
          <gpxtpx:TrackPointExtension>
            <gpxtpx:Extensions>
              <highway>secondary</highway>
              <surface>asphalt</surface>
              <estimated_traffic_class>3</estimated_traffic_class>
            </gpxtpx:Extensions>
          </gpxtpx:TrackPointExtension>
        </extensions>
      </trkpt>
      <trkpt lat="49.355732" lon="0.06965">
        <ele>6.25</ele>
        <extensions>
          <gpxtpx:TrackPointExtension>
            <gpxtpx:Extensions>
              <highway>secondary</highway>
              <surface>asphalt</surface>
              <estimated_traffic_class>3</estimated_traffic_class>
            </gpxtpx:Extensions>
          </gpxtpx:TrackPointExtension>
        </extensions>
      </trkpt>
      <trkpt lat="49.355593" lon="0.069272">
        <ele>6</ele>
        <extensions>
          <gpxtpx:TrackPointExtension>
            <gpxtpx:Extensions>
              <highway>secondary</highway>
              <surface>asphalt</surface>
              <estimated_traffic_class>3</estimated_traffic_class>
            </gpxtpx:Extensions>
          </gpxtpx:TrackPointExtension>
        </extensions>
      </trkpt>
      <trkpt lat="49.355356" lon="0.068624">
        <ele>6</ele>
        <extensions>
          <gpxtpx:TrackPointExtension>
            <gpxtpx:Extensions>
              <highway>secondary</highway>
              <surface>asphalt</surface>
              <estimated_traffic_class>2</estimated_traffic_class>
            </gpxtpx:Extensions>
          </gpxtpx:TrackPointExtension>
        </extensions>
      </trkpt>
      <trkpt lat="49.355306" lon="0.068486">
        <ele>6</ele>
        <extensions>
          <gpxtpx:TrackPointExtension>
            <gpxtpx:Extensions>
              <highway>secondary</highway>
              <surface>asphalt</surface>
              <estimated_traffic_class>2</estimated_traffic_class>
            </gpxtpx:Extensions>
          </gpxtpx:TrackPointExtension>
        </extensions>
      </trkpt>
      <trkpt lat="49.35515" lon="0.068059">
        <ele>5.75</ele>
        <extensions>
          <gpxtpx:TrackPointExtension>
            <gpxtpx:Extensions>
              <highway>secondary</highway>
              <surface>asphalt</surface>
              <smoothness>good</smoothness>
              <estimated_traffic_class>2</estimated_traffic_class>
            </gpxtpx:Extensions>
          </gpxtpx:TrackPointExtension>
        </extensions>
      </trkpt>
      <trkpt lat="49.355123" lon="0.067985">
        <ele>5.75</ele>
        <extensions>
          <gpxtpx:TrackPointExtension>
            <gpxtpx:Extensions>
              <highway>secondary</highway>
              <surface>asphalt</surface>
              <smoothness>good</smoothness>
              <estimated_traffic_class>2</estimated_traffic_class>
            </gpxtpx:Extensions>
          </gpxtpx:TrackPointExtension>
        </extensions>
      </trkpt>
      <trkpt lat="49.35477" lon="0.067022">
        <ele>6.25</ele>
        <extensions>
          <gpxtpx:TrackPointExtension>
            <gpxtpx:Extensions>
              <highway>secondary</highway>
              <surface>asphalt</surface>
              <smoothness>good</smoothness>
              <estimated_traffic_class>2</estimated_traffic_class>
            </gpxtpx:Extensions>
          </gpxtpx:TrackPointExtension>
        </extensions>
      </trkpt>
      <trkpt lat="49.35476" lon="0.066994">
        <ele>6.25</ele>
        <extensions>
          <gpxtpx:TrackPointExtension>
            <gpxtpx:Extensions>
              <highway>secondary</highway>
              <surface>asphalt</surface>
              <smoothness>good</smoothness>
              <estimated_traffic_class>2</estimated_traffic_class>
            </gpxtpx:Extensions>
          </gpxtpx:TrackPointExtension>
        </extensions>
      </trkpt>
      <trkpt lat="49.354676" lon="0.066765">
        <ele>6.25</ele>
        <extensions>
          <gpxtpx:TrackPointExtension>
            <gpxtpx:Extensions>
              <highway>secondary</highway>
              <surface>asphalt</surface>
              <estimated_traffic_class>2</estimated_traffic_class>
            </gpxtpx:Extensions>
          </gpxtpx:TrackPointExtension>
        </extensions>
      </trkpt>
      <trkpt lat="49.354406" lon="0.066028">
        <ele>5.5</ele>
        <extensions>
          <gpxtpx:TrackPointExtension>
            <gpxtpx:Extensions>
              <highway>secondary</highway>
              <surface>asphalt</surface>
              <estimated_traffic_class>2</estimated_traffic_class>
            </gpxtpx:Extensions>
          </gpxtpx:TrackPointExtension>
        </extensions>
      </trkpt>
      <trkpt lat="49.35428" lon="0.065683">
        <ele>5.25</ele>
        <extensions>
          <gpxtpx:TrackPointExtension>
            <gpxtpx:Extensions>
              <highway>secondary</highway>
              <surface>asphalt</surface>
              <estimated_traffic_class>2</estimated_traffic_class>
            </gpxtpx:Extensions>
          </gpxtpx:TrackPointExtension>
        </extensions>
      </trkpt>
      <trkpt lat="49.354251" lon="0.065603">
        <ele>5.5</ele>
        <extensions>
          <gpxtpx:TrackPointExtension>
            <gpxtpx:Extensions>
              <highway>secondary</highway>
              <surface>asphalt</surface>
              <estimated_traffic_class>2</estimated_traffic_class>
            </gpxtpx:Extensions>
          </gpxtpx:TrackPointExtension>
        </extensions>
      </trkpt>
      <trkpt lat="49.354214" lon="0.065502">
        <ele>5.75</ele>
        <extensions>
          <gpxtpx:TrackPointExtension>
            <gpxtpx:Extensions>
              <highway>secondary</highway>
              <surface>asphalt</surface>
              <estimated_traffic_class>2</estimated_traffic_class>
            </gpxtpx:Extensions>
          </gpxtpx:TrackPointExtension>
        </extensions>
      </trkpt>
      <trkpt lat="49.35418" lon="0.065409">
        <ele>6</ele>
        <extensions>
          <gpxtpx:TrackPointExtension>
            <gpxtpx:Extensions>
              <highway>secondary</highway>
              <surface>asphalt</surface>
              <estimated_traffic_class>2</estimated_traffic_class>
            </gpxtpx:Extensions>
          </gpxtpx:TrackPointExtension>
        </extensions>
      </trkpt>
      <trkpt lat="49.353606" lon="0.063839">
        <ele>8</ele>
        <extensions>
          <gpxtpx:TrackPointExtension>
            <gpxtpx:Extensions>
              <highway>secondary</highway>
              <surface>asphalt</surface>
              <estimated_traffic_class>2</estimated_traffic_class>
            </gpxtpx:Extensions>
          </gpxtpx:TrackPointExtension>
        </extensions>
      </trkpt>
      <trkpt lat="49.353436" lon="0.063376">
        <ele>7.75</ele>
        <extensions>
          <gpxtpx:TrackPointExtension>
            <gpxtpx:Extensions>
              <highway>secondary</highway>
              <surface>asphalt</surface>
              <estimated_traffic_class>2</estimated_traffic_class>
            </gpxtpx:Extensions>
          </gpxtpx:TrackPointExtension>
        </extensions>
      </trkpt>
      <trkpt lat="49.353396" lon="0.063266">
        <ele>7.75</ele>
        <extensions>
          <gpxtpx:TrackPointExtension>
            <gpxtpx:Extensions>
              <highway>secondary</highway>
              <surface>asphalt</surface>
              <estimated_traffic_class>2</estimated_traffic_class>
            </gpxtpx:Extensions>
          </gpxtpx:TrackPointExtension>
        </extensions>
      </trkpt>
      <trkpt lat="49.353212" lon="0.062762">
        <ele>6.5</ele>
        <extensions>
          <gpxtpx:TrackPointExtension>
            <gpxtpx:Extensions>
              <highway>secondary</highway>
              <surface>asphalt</surface>
              <cycleway>no</cycleway>
              <estimated_traffic_class>2</estimated_traffic_class>
            </gpxtpx:Extensions>
          </gpxtpx:TrackPointExtension>
        </extensions>
      </trkpt>
      <trkpt lat="49.352852" lon="0.061785">
        <ele>6.25</ele>
        <extensions>
          <gpxtpx:TrackPointExtension>
            <gpxtpx:Extensions>
              <highway>secondary</highway>
              <surface>asphalt</surface>
              <cycleway>no</cycleway>
              <estimated_traffic_class>2</estimated_traffic_class>
            </gpxtpx:Extensions>
          </gpxtpx:TrackPointExtension>
        </extensions>
      </trkpt>
      <trkpt lat="49.352639" lon="0.061206">
        <ele>6.75</ele>
        <extensions>
          <gpxtpx:TrackPointExtension>
            <gpxtpx:Extensions>
              <highway>secondary</highway>
              <surface>asphalt</surface>
              <cycleway>no</cycleway>
              <estimated_traffic_class>2</estimated_traffic_class>
            </gpxtpx:Extensions>
          </gpxtpx:TrackPointExtension>
        </extensions>
      </trkpt>
      <trkpt lat="49.3525" lon="0.060829">
        <ele>7</ele>
        <extensions>
          <gpxtpx:TrackPointExtension>
            <gpxtpx:Extensions>
              <highway>secondary</highway>
              <surface>asphalt</surface>
              <cycleway>no</cycleway>
              <estimated_traffic_class>2</estimated_traffic_class>
            </gpxtpx:Extensions>
          </gpxtpx:TrackPointExtension>
        </extensions>
      </trkpt>
      <trkpt lat="49.352469" lon="0.060744">
        <ele>7</ele>
        <extensions>
          <gpxtpx:TrackPointExtension>
            <gpxtpx:Extensions>
              <highway>secondary</highway>
              <surface>asphalt</surface>
              <cycleway>no</cycleway>
              <estimated_traffic_class>2</estimated_traffic_class>
            </gpxtpx:Extensions>
          </gpxtpx:TrackPointExtension>
        </extensions>
      </trkpt>
      <trkpt lat="49.352444" lon="0.060676">
        <ele>7.25</ele>
        <extensions>
          <gpxtpx:TrackPointExtension>
            <gpxtpx:Extensions>
              <highway>secondary</highway>
              <surface>asphalt</surface>
              <cycleway>no</cycleway>
              <estimated_traffic_class>2</estimated_traffic_class>
            </gpxtpx:Extensions>
          </gpxtpx:TrackPointExtension>
        </extensions>
      </trkpt>
      <trkpt lat="49.352335" lon="0.06038">
        <ele>7.5</ele>
        <extensions>
          <gpxtpx:TrackPointExtension>
            <gpxtpx:Extensions>
              <highway>secondary</highway>
              <surface>asphalt</surface>
              <cycleway>no</cycleway>
              <estimated_traffic_class>2</estimated_traffic_class>
            </gpxtpx:Extensions>
          </gpxtpx:TrackPointExtension>
        </extensions>
      </trkpt>
      <trkpt lat="49.352275" lon="0.060217">
        <ele>7.5</ele>
        <extensions>
          <gpxtpx:TrackPointExtension>
            <gpxtpx:Extensions>
              <highway>secondary</highway>
              <surface>asphalt</surface>
              <cycleway>no</cycleway>
              <estimated_traffic_class>2</estimated_traffic_class>
            </gpxtpx:Extensions>
          </gpxtpx:TrackPointExtension>
        </extensions>
      </trkpt>
      <trkpt lat="49.352108" lon="0.059763">
        <ele>7.25</ele>
        <extensions>
          <gpxtpx:TrackPointExtension>
            <gpxtpx:Extensions>
              <highway>secondary</highway>
              <surface>asphalt</surface>
              <cycleway>no</cycleway>
              <estimated_traffic_class>2</estimated_traffic_class>
            </gpxtpx:Extensions>
          </gpxtpx:TrackPointExtension>
        </extensions>
      </trkpt>
      <trkpt lat="49.351843" lon="0.059042">
        <ele>6.75</ele>
        <extensions>
          <gpxtpx:TrackPointExtension>
            <gpxtpx:Extensions>
              <highway>secondary</highway>
              <surface>asphalt</surface>
              <cycleway>no</cycleway>
              <estimated_traffic_class>2</estimated_traffic_class>
            </gpxtpx:Extensions>
          </gpxtpx:TrackPointExtension>
        </extensions>
      </trkpt>
      <trkpt lat="49.351681" lon="0.058602">
        <ele>6</ele>
        <extensions>
          <gpxtpx:TrackPointExtension>
            <gpxtpx:Extensions>
              <highway>secondary</highway>
              <surface>asphalt</surface>
              <cycleway>no</cycleway>
              <estimated_traffic_class>2</estimated_traffic_class>
            </gpxtpx:Extensions>
          </gpxtpx:TrackPointExtension>
        </extensions>
      </trkpt>
      <trkpt lat="49.351474" lon="0.058035">
        <ele>6</ele>
        <extensions>
          <gpxtpx:TrackPointExtension>
            <gpxtpx:Extensions>
              <highway>secondary</highway>
              <surface>asphalt</surface>
              <cycleway>no</cycleway>
              <estimated_traffic_class>2</estimated_traffic_class>
            </gpxtpx:Extensions>
          </gpxtpx:TrackPointExtension>
        </extensions>
      </trkpt>
      <trkpt lat="49.351267" lon="0.05747">
        <ele>6</ele>
        <extensions>
          <gpxtpx:TrackPointExtension>
            <gpxtpx:Extensions>
              <highway>secondary</highway>
              <surface>asphalt</surface>
              <cycleway>no</cycleway>
              <estimated_traffic_class>2</estimated_traffic_class>
            </gpxtpx:Extensions>
          </gpxtpx:TrackPointExtension>
        </extensions>
      </trkpt>
      <trkpt lat="49.351188" lon="0.057256">
        <ele>6</ele>
        <extensions>
          <gpxtpx:TrackPointExtension>
            <gpxtpx:Extensions>
              <highway>secondary</highway>
              <surface>asphalt</surface>
              <cycleway>no</cycleway>
              <estimated_traffic_class>2</estimated_traffic_class>
            </gpxtpx:Extensions>
          </gpxtpx:TrackPointExtension>
        </extensions>
      </trkpt>
      <trkpt lat="49.351137" lon="0.057117">
        <ele>6.25</ele>
        <extensions>
          <gpxtpx:TrackPointExtension>
            <gpxtpx:Extensions>
              <highway>secondary</highway>
              <surface>asphalt</surface>
              <cycleway>no</cycleway>
              <estimated_traffic_class>2</estimated_traffic_class>
            </gpxtpx:Extensions>
          </gpxtpx:TrackPointExtension>
        </extensions>
      </trkpt>
      <trkpt lat="49.350936" lon="0.05657">
        <ele>7</ele>
        <extensions>
          <gpxtpx:TrackPointExtension>
            <gpxtpx:Extensions>
              <highway>secondary</highway>
              <surface>asphalt</surface>
              <cycleway>no</cycleway>
              <estimated_traffic_class>2</estimated_traffic_class>
            </gpxtpx:Extensions>
          </gpxtpx:TrackPointExtension>
        </extensions>
      </trkpt>
      <trkpt lat="49.350811" lon="0.056228">
        <ele>6.75</ele>
        <extensions>
          <gpxtpx:TrackPointExtension>
            <gpxtpx:Extensions>
              <highway>secondary</highway>
              <surface>asphalt</surface>
              <cycleway>no</cycleway>
              <estimated_traffic_class>2</estimated_traffic_class>
            </gpxtpx:Extensions>
          </gpxtpx:TrackPointExtension>
        </extensions>
      </trkpt>
      <trkpt lat="49.350767" lon="0.056108">
        <ele>6.75</ele>
        <extensions>
          <gpxtpx:TrackPointExtension>
            <gpxtpx:Extensions>
              <highway>secondary</highway>
              <surface>asphalt</surface>
              <cycleway>no</cycleway>
              <estimated_traffic_class>2</estimated_traffic_class>
            </gpxtpx:Extensions>
          </gpxtpx:TrackPointExtension>
        </extensions>
      </trkpt>
      <trkpt lat="49.350343" lon="0.054954">
        <ele>7.25</ele>
        <extensions>
          <gpxtpx:TrackPointExtension>
            <gpxtpx:Extensions>
              <highway>secondary</highway>
              <surface>asphalt</surface>
              <cycleway>no</cycleway>
              <estimated_traffic_class>2</estimated_traffic_class>
            </gpxtpx:Extensions>
          </gpxtpx:TrackPointExtension>
        </extensions>
      </trkpt>
      <trkpt lat="49.350294" lon="0.054818">
        <ele>7.25</ele>
        <extensions>
          <gpxtpx:TrackPointExtension>
            <gpxtpx:Extensions>
              <highway>secondary</highway>
              <surface>asphalt</surface>
              <cycleway>no</cycleway>
              <estimated_traffic_class>1</estimated_traffic_class>
            </gpxtpx:Extensions>
          </gpxtpx:TrackPointExtension>
        </extensions>
      </trkpt>
      <trkpt lat="49.350113" lon="0.054326">
        <ele>7.75</ele>
        <extensions>
          <gpxtpx:TrackPointExtension>
            <gpxtpx:Extensions>
              <highway>secondary</highway>
              <surface>asphalt</surface>
              <cycleway>no</cycleway>
              <estimated_traffic_class>1</estimated_traffic_class>
            </gpxtpx:Extensions>
          </gpxtpx:TrackPointExtension>
        </extensions>
      </trkpt>
      <trkpt lat="49.350105" lon="0.054305">
        <ele>7.75</ele>
        <extensions>
          <gpxtpx:TrackPointExtension>
            <gpxtpx:Extensions>
              <highway>secondary</highway>
              <surface>asphalt</surface>
              <cycleway>no</cycleway>
              <estimated_traffic_class>1</estimated_traffic_class>
            </gpxtpx:Extensions>
          </gpxtpx:TrackPointExtension>
        </extensions>
      </trkpt>
      <trkpt lat="49.350045" lon="0.054141">
        <ele>8</ele>
        <extensions>
          <gpxtpx:TrackPointExtension>
            <gpxtpx:Extensions>
              <highway>secondary</highway>
              <surface>asphalt</surface>
              <cycleway>no</cycleway>
              <estimated_traffic_class>1</estimated_traffic_class>
            </gpxtpx:Extensions>
          </gpxtpx:TrackPointExtension>
        </extensions>
      </trkpt>
      <trkpt lat="49.349846" lon="0.053599">
        <ele>8</ele>
        <extensions>
          <gpxtpx:TrackPointExtension>
            <gpxtpx:Extensions>
              <highway>secondary</highway>
              <surface>asphalt</surface>
              <cycleway>no</cycleway>
              <estimated_traffic_class>1</estimated_traffic_class>
            </gpxtpx:Extensions>
          </gpxtpx:TrackPointExtension>
        </extensions>
      </trkpt>
      <trkpt lat="49.349661" lon="0.053095">
        <ele>7.75</ele>
        <extensions>
          <gpxtpx:TrackPointExtension>
            <gpxtpx:Extensions>
              <highway>secondary</highway>
              <surface>asphalt</surface>
              <cycleway>no</cycleway>
              <estimated_traffic_class>1</estimated_traffic_class>
            </gpxtpx:Extensions>
          </gpxtpx:TrackPointExtension>
        </extensions>
      </trkpt>
      <trkpt lat="49.349631" lon="0.053012">
        <ele>7.5</ele>
        <extensions>
          <gpxtpx:TrackPointExtension>
            <gpxtpx:Extensions>
              <highway>secondary</highway>
              <surface>asphalt</surface>
              <cycleway>no</cycleway>
              <estimated_traffic_class>1</estimated_traffic_class>
            </gpxtpx:Extensions>
          </gpxtpx:TrackPointExtension>
        </extensions>
      </trkpt>
      <trkpt lat="49.349575" lon="0.05286">
        <ele>7.25</ele>
        <extensions>
          <gpxtpx:TrackPointExtension>
            <gpxtpx:Extensions>
              <highway>secondary</highway>
              <surface>asphalt</surface>
              <cycleway>no</cycleway>
              <estimated_traffic_class>1</estimated_traffic_class>
            </gpxtpx:Extensions>
          </gpxtpx:TrackPointExtension>
        </extensions>
      </trkpt>
      <trkpt lat="49.349383" lon="0.052337">
        <ele>6.5</ele>
        <extensions>
          <gpxtpx:TrackPointExtension>
            <gpxtpx:Extensions>
              <highway>secondary</highway>
              <surface>asphalt</surface>
              <cycleway>no</cycleway>
              <estimated_traffic_class>1</estimated_traffic_class>
            </gpxtpx:Extensions>
          </gpxtpx:TrackPointExtension>
        </extensions>
      </trkpt>
      <trkpt lat="49.349367" lon="0.052292">
        <ele>6.25</ele>
        <extensions>
          <gpxtpx:TrackPointExtension>
            <gpxtpx:Extensions>
              <highway>secondary</highway>
              <surface>asphalt</surface>
              <cycleway>no</cycleway>
              <estimated_traffic_class>1</estimated_traffic_class>
            </gpxtpx:Extensions>
          </gpxtpx:TrackPointExtension>
        </extensions>
      </trkpt>
      <trkpt lat="49.349246" lon="0.051963">
        <ele>6</ele>
        <extensions>
          <gpxtpx:TrackPointExtension>
            <gpxtpx:Extensions>
              <highway>secondary</highway>
              <surface>asphalt</surface>
              <cycleway>no</cycleway>
              <estimated_traffic_class>1</estimated_traffic_class>
            </gpxtpx:Extensions>
          </gpxtpx:TrackPointExtension>
        </extensions>
      </trkpt>
      <trkpt lat="49.349108" lon="0.051586">
        <ele>6</ele>
        <extensions>
          <gpxtpx:TrackPointExtension>
            <gpxtpx:Extensions>
              <highway>secondary</highway>
              <surface>asphalt</surface>
              <cycleway>no</cycleway>
              <estimated_traffic_class>1</estimated_traffic_class>
            </gpxtpx:Extensions>
          </gpxtpx:TrackPointExtension>
        </extensions>
      </trkpt>
      <trkpt lat="49.349046" lon="0.051419">
        <ele>6.5</ele>
        <extensions>
          <gpxtpx:TrackPointExtension>
            <gpxtpx:Extensions>
              <highway>secondary</highway>
              <surface>asphalt</surface>
              <cycleway>no</cycleway>
              <estimated_traffic_class>1</estimated_traffic_class>
            </gpxtpx:Extensions>
          </gpxtpx:TrackPointExtension>
        </extensions>
      </trkpt>
      <trkpt lat="49.34893" lon="0.051101">
        <ele>7</ele>
        <extensions>
          <gpxtpx:TrackPointExtension>
            <gpxtpx:Extensions>
              <highway>secondary</highway>
              <surface>asphalt</surface>
              <oneway>yes</oneway>
              <cycleway_right>no</cycleway_right>
              <smoothness>excellent</smoothness>
              <estimated_traffic_class>1</estimated_traffic_class>
            </gpxtpx:Extensions>
          </gpxtpx:TrackPointExtension>
        </extensions>
      </trkpt>
      <trkpt lat="49.348918" lon="0.051054">
        <ele>7</ele>
        <extensions>
          <gpxtpx:TrackPointExtension>
            <gpxtpx:Extensions>
              <highway>secondary</highway>
              <surface>asphalt</surface>
              <oneway>yes</oneway>
              <cycleway_right>no</cycleway_right>
              <smoothness>excellent</smoothness>
              <estimated_traffic_class>1</estimated_traffic_class>
            </gpxtpx:Extensions>
          </gpxtpx:TrackPointExtension>
        </extensions>
      </trkpt>
      <trkpt lat="49.348878" lon="0.050889">
        <ele>7.25</ele>
        <extensions>
          <gpxtpx:TrackPointExtension>
            <gpxtpx:Extensions>
              <highway>secondary</highway>
              <surface>asphalt</surface>
              <oneway>yes</oneway>
              <cycleway_right>no</cycleway_right>
              <smoothness>excellent</smoothness>
              <estimated_traffic_class>1</estimated_traffic_class>
            </gpxtpx:Extensions>
          </gpxtpx:TrackPointExtension>
        </extensions>
      </trkpt>
      <trkpt lat="49.348842" lon="0.050743">
        <ele>7.5</ele>
        <extensions>
          <gpxtpx:TrackPointExtension>
            <gpxtpx:Extensions>
              <highway>secondary</highway>
              <surface>asphalt</surface>
              <oneway>yes</oneway>
              <cycleway_right>no</cycleway_right>
              <smoothness>excellent</smoothness>
              <estimated_traffic_class>1</estimated_traffic_class>
            </gpxtpx:Extensions>
          </gpxtpx:TrackPointExtension>
        </extensions>
      </trkpt>
      <trkpt lat="49.348774" lon="0.050561">
        <ele>8</ele>
        <extensions>
          <gpxtpx:TrackPointExtension>
            <gpxtpx:Extensions>
              <highway>secondary</highway>
              <surface>asphalt</surface>
              <oneway>yes</oneway>
              <cycleway_right>no</cycleway_right>
              <smoothness>excellent</smoothness>
              <estimated_traffic_class>1</estimated_traffic_class>
            </gpxtpx:Extensions>
          </gpxtpx:TrackPointExtension>
        </extensions>
      </trkpt>
      <trkpt lat="49.348705" lon="0.050413">
        <ele>8.5</ele>
        <extensions>
          <gpxtpx:TrackPointExtension>
            <gpxtpx:Extensions>
              <highway>secondary</highway>
              <surface>asphalt</surface>
              <oneway>yes</oneway>
              <cycleway_right>no</cycleway_right>
              <smoothness>excellent</smoothness>
              <estimated_traffic_class>1</estimated_traffic_class>
            </gpxtpx:Extensions>
          </gpxtpx:TrackPointExtension>
        </extensions>
      </trkpt>
      <trkpt lat="49.348649" lon="0.050296">
        <ele>8.75</ele>
        <extensions>
          <gpxtpx:TrackPointExtension>
            <gpxtpx:Extensions>
              <highway>secondary</highway>
              <surface>asphalt</surface>
              <oneway>yes</oneway>
              <cycleway_right>no</cycleway_right>
              <smoothness>excellent</smoothness>
              <estimated_traffic_class>1</estimated_traffic_class>
            </gpxtpx:Extensions>
          </gpxtpx:TrackPointExtension>
        </extensions>
      </trkpt>
      <trkpt lat="49.348589" lon="0.050168">
        <ele>9.25</ele>
        <extensions>
          <gpxtpx:TrackPointExtension>
            <gpxtpx:Extensions>
              <highway>secondary</highway>
              <surface>asphalt</surface>
              <estimated_traffic_class>1</estimated_traffic_class>
            </gpxtpx:Extensions>
          </gpxtpx:TrackPointExtension>
        </extensions>
      </trkpt>
      <trkpt lat="49.348296" lon="0.049377">
        <ele>9.75</ele>
        <extensions>
          <gpxtpx:TrackPointExtension>
            <gpxtpx:Extensions>
              <highway>secondary</highway>
              <surface>asphalt</surface>
              <estimated_traffic_class>1</estimated_traffic_class>
            </gpxtpx:Extensions>
          </gpxtpx:TrackPointExtension>
        </extensions>
      </trkpt>
      <trkpt lat="49.348233" lon="0.049205">
        <ele>9.75</ele>
        <extensions>
          <gpxtpx:TrackPointExtension>
            <gpxtpx:Extensions>
              <highway>secondary</highway>
              <surface>asphalt</surface>
              <estimated_traffic_class>1</estimated_traffic_class>
            </gpxtpx:Extensions>
          </gpxtpx:TrackPointExtension>
        </extensions>
      </trkpt>
      <trkpt lat="49.3482" lon="0.049118">
        <ele>9.5</ele>
        <extensions>
          <gpxtpx:TrackPointExtension>
            <gpxtpx:Extensions>
              <highway>secondary</highway>
              <surface>asphalt</surface>
              <estimated_traffic_class>1</estimated_traffic_class>
            </gpxtpx:Extensions>
          </gpxtpx:TrackPointExtension>
        </extensions>
      </trkpt>
      <trkpt lat="49.347791" lon="0.04801">
        <ele>9.25</ele>
        <extensions>
          <gpxtpx:TrackPointExtension>
            <gpxtpx:Extensions>
              <reversedirection>yes</reversedirection>
              <highway>secondary</highway>
              <surface>asphalt</surface>
              <cycleway>no</cycleway>
              <estimated_traffic_class>1</estimated_traffic_class>
            </gpxtpx:Extensions>
          </gpxtpx:TrackPointExtension>
        </extensions>
      </trkpt>
      <trkpt lat="49.347716" lon="0.047809">
        <ele>9.5</ele>
        <extensions>
          <gpxtpx:TrackPointExtension>
            <gpxtpx:Extensions>
              <reversedirection>yes</reversedirection>
              <highway>secondary</highway>
              <surface>asphalt</surface>
              <cycleway>no</cycleway>
              <estimated_traffic_class>1</estimated_traffic_class>
            </gpxtpx:Extensions>
          </gpxtpx:TrackPointExtension>
        </extensions>
      </trkpt>
      <trkpt lat="49.347536" lon="0.047321">
        <ele>9.5</ele>
        <extensions>
          <gpxtpx:TrackPointExtension>
            <gpxtpx:Extensions>
              <highway>secondary</highway>
              <surface>asphalt</surface>
              <cycleway>no</cycleway>
              <estimated_traffic_class>1</estimated_traffic_class>
            </gpxtpx:Extensions>
          </gpxtpx:TrackPointExtension>
        </extensions>
      </trkpt>
      <trkpt lat="49.347505" lon="0.047238">
        <ele>9.5</ele>
        <extensions>
          <gpxtpx:TrackPointExtension>
            <gpxtpx:Extensions>
              <highway>secondary</highway>
              <surface>asphalt</surface>
              <cycleway>no</cycleway>
              <estimated_traffic_class>1</estimated_traffic_class>
            </gpxtpx:Extensions>
          </gpxtpx:TrackPointExtension>
        </extensions>
      </trkpt>
      <trkpt lat="49.347012" lon="0.045891">
        <ele>12.5</ele>
        <extensions>
          <gpxtpx:TrackPointExtension>
            <gpxtpx:Extensions>
              <highway>secondary</highway>
              <surface>asphalt</surface>
              <cycleway>no</cycleway>
              <estimated_traffic_class>1</estimated_traffic_class>
            </gpxtpx:Extensions>
          </gpxtpx:TrackPointExtension>
        </extensions>
      </trkpt>
      <trkpt lat="49.346945" lon="0.045709">
        <ele>13</ele>
        <extensions>
          <gpxtpx:TrackPointExtension>
            <gpxtpx:Extensions>
              <highway>secondary</highway>
              <surface>asphalt</surface>
              <cycleway>no</cycleway>
              <estimated_traffic_class>1</estimated_traffic_class>
            </gpxtpx:Extensions>
          </gpxtpx:TrackPointExtension>
        </extensions>
      </trkpt>
      <trkpt lat="49.34686" lon="0.045475">
        <ele>13.25</ele>
        <extensions>
          <gpxtpx:TrackPointExtension>
            <gpxtpx:Extensions>
              <highway>secondary</highway>
              <surface>asphalt</surface>
              <cycleway>no</cycleway>
              <estimated_traffic_class>1</estimated_traffic_class>
            </gpxtpx:Extensions>
          </gpxtpx:TrackPointExtension>
        </extensions>
      </trkpt>
      <trkpt lat="49.346723" lon="0.045109">
        <ele>14.25</ele>
        <extensions>
          <gpxtpx:TrackPointExtension>
            <gpxtpx:Extensions>
              <highway>secondary</highway>
              <surface>asphalt</surface>
              <cycleway>no</cycleway>
              <estimated_traffic_class>1</estimated_traffic_class>
            </gpxtpx:Extensions>
          </gpxtpx:TrackPointExtension>
        </extensions>
      </trkpt>
      <trkpt lat="49.346609" lon="0.044873">
        <ele>15.75</ele>
        <extensions>
          <gpxtpx:TrackPointExtension>
            <gpxtpx:Extensions>
              <highway>secondary</highway>
              <surface>asphalt</surface>
              <cycleway>no</cycleway>
              <estimated_traffic_class>1</estimated_traffic_class>
            </gpxtpx:Extensions>
          </gpxtpx:TrackPointExtension>
        </extensions>
      </trkpt>
      <trkpt lat="49.346518" lon="0.044723">
        <ele>17.25</ele>
        <extensions>
          <gpxtpx:TrackPointExtension>
            <gpxtpx:Extensions>
              <highway>secondary</highway>
              <surface>asphalt</surface>
              <cycleway>no</cycleway>
              <estimated_traffic_class>1</estimated_traffic_class>
            </gpxtpx:Extensions>
          </gpxtpx:TrackPointExtension>
        </extensions>
      </trkpt>
      <trkpt lat="49.345865" lon="0.043737">
        <ele>26</ele>
        <extensions>
          <gpxtpx:TrackPointExtension>
            <gpxtpx:Extensions>
              <highway>secondary</highway>
              <surface>asphalt</surface>
              <cycleway>no</cycleway>
              <estimated_traffic_class>1</estimated_traffic_class>
            </gpxtpx:Extensions>
          </gpxtpx:TrackPointExtension>
        </extensions>
      </trkpt>
      <trkpt lat="49.345813" lon="0.04367">
        <ele>26.5</ele>
        <extensions>
          <gpxtpx:TrackPointExtension>
            <gpxtpx:Extensions>
              <highway>secondary</highway>
              <surface>asphalt</surface>
              <cycleway>no</cycleway>
              <estimated_traffic_class>2</estimated_traffic_class>
            </gpxtpx:Extensions>
          </gpxtpx:TrackPointExtension>
        </extensions>
      </trkpt>
      <trkpt lat="49.345326" lon="0.042944">
        <ele>30.25</ele>
        <extensions>
          <gpxtpx:TrackPointExtension>
            <gpxtpx:Extensions>
              <highway>secondary</highway>
              <surface>asphalt</surface>
              <cycleway>no</cycleway>
              <estimated_traffic_class>2</estimated_traffic_class>
            </gpxtpx:Extensions>
          </gpxtpx:TrackPointExtension>
        </extensions>
      </trkpt>
      <trkpt lat="49.345173" lon="0.042701">
        <ele>31.25</ele>
        <extensions>
          <gpxtpx:TrackPointExtension>
            <gpxtpx:Extensions>
              <highway>secondary</highway>
              <surface>asphalt</surface>
              <cycleway>no</cycleway>
              <estimated_traffic_class>2</estimated_traffic_class>
            </gpxtpx:Extensions>
          </gpxtpx:TrackPointExtension>
        </extensions>
      </trkpt>
      <trkpt lat="49.345044" lon="0.042438">
        <ele>32.25</ele>
        <extensions>
          <gpxtpx:TrackPointExtension>
            <gpxtpx:Extensions>
              <highway>secondary</highway>
              <surface>asphalt</surface>
              <cycleway>no</cycleway>
              <estimated_traffic_class>2</estimated_traffic_class>
            </gpxtpx:Extensions>
          </gpxtpx:TrackPointExtension>
        </extensions>
      </trkpt>
      <trkpt lat="49.344998" lon="0.042314">
        <ele>33</ele>
        <extensions>
          <gpxtpx:TrackPointExtension>
            <gpxtpx:Extensions>
              <highway>secondary</highway>
              <surface>asphalt</surface>
              <cycleway>no</cycleway>
              <estimated_traffic_class>2</estimated_traffic_class>
            </gpxtpx:Extensions>
          </gpxtpx:TrackPointExtension>
        </extensions>
      </trkpt>
      <trkpt lat="49.344946" lon="0.042153">
        <ele>33.5</ele>
        <extensions>
          <gpxtpx:TrackPointExtension>
            <gpxtpx:Extensions>
              <highway>secondary</highway>
              <surface>asphalt</surface>
              <cycleway>no</cycleway>
              <estimated_traffic_class>2</estimated_traffic_class>
            </gpxtpx:Extensions>
          </gpxtpx:TrackPointExtension>
        </extensions>
      </trkpt>
      <trkpt lat="49.344624" lon="0.040973">
        <ele>35.75</ele>
        <extensions>
          <gpxtpx:TrackPointExtension>
            <gpxtpx:Extensions>
              <highway>secondary</highway>
              <surface>asphalt</surface>
              <cycleway>no</cycleway>
              <estimated_traffic_class>2</estimated_traffic_class>
            </gpxtpx:Extensions>
          </gpxtpx:TrackPointExtension>
        </extensions>
      </trkpt>
      <trkpt lat="49.344281" lon="0.03978">
        <ele>36</ele>
        <extensions>
          <gpxtpx:TrackPointExtension>
            <gpxtpx:Extensions>
              <highway>secondary</highway>
              <surface>asphalt</surface>
              <cycleway>no</cycleway>
              <estimated_traffic_class>2</estimated_traffic_class>
            </gpxtpx:Extensions>
          </gpxtpx:TrackPointExtension>
        </extensions>
      </trkpt>
      <trkpt lat="49.34424" lon="0.039635">
        <ele>36</ele>
        <extensions>
          <gpxtpx:TrackPointExtension>
            <gpxtpx:Extensions>
              <highway>secondary</highway>
              <surface>asphalt</surface>
              <cycleway>no</cycleway>
              <estimated_traffic_class>2</estimated_traffic_class>
            </gpxtpx:Extensions>
          </gpxtpx:TrackPointExtension>
        </extensions>
      </trkpt>
      <trkpt lat="49.34422" lon="0.039565">
        <ele>36</ele>
        <extensions>
          <gpxtpx:TrackPointExtension>
            <gpxtpx:Extensions>
              <highway>secondary</highway>
              <surface>asphalt</surface>
              <cycleway>no</cycleway>
              <estimated_traffic_class>2</estimated_traffic_class>
            </gpxtpx:Extensions>
          </gpxtpx:TrackPointExtension>
        </extensions>
      </trkpt>
      <trkpt lat="49.344173" lon="0.039401">
        <ele>36.25</ele>
        <extensions>
          <gpxtpx:TrackPointExtension>
            <gpxtpx:Extensions>
              <highway>secondary</highway>
              <surface>asphalt</surface>
              <cycleway>no</cycleway>
              <estimated_traffic_class>2</estimated_traffic_class>
            </gpxtpx:Extensions>
          </gpxtpx:TrackPointExtension>
        </extensions>
      </trkpt>
      <trkpt lat="49.343851" lon="0.038238">
        <ele>38</ele>
        <extensions>
          <gpxtpx:TrackPointExtension>
            <gpxtpx:Extensions>
              <reversedirection>yes</reversedirection>
              <highway>residential</highway>
              <surface>asphalt</surface>
            </gpxtpx:Extensions>
          </gpxtpx:TrackPointExtension>
        </extensions>
      </trkpt>
      <trkpt lat="49.343782" lon="0.038273">
        <ele>39.25</ele>
        <extensions>
          <gpxtpx:TrackPointExtension>
            <gpxtpx:Extensions>
              <reversedirection>yes</reversedirection>
              <highway>residential</highway>
              <surface>asphalt</surface>
            </gpxtpx:Extensions>
          </gpxtpx:TrackPointExtension>
        </extensions>
      </trkpt>
      <trkpt lat="49.343728" lon="0.038265">
        <ele>40</ele>
        <extensions>
          <gpxtpx:TrackPointExtension>
            <gpxtpx:Extensions>
              <reversedirection>yes</reversedirection>
              <highway>residential</highway>
              <surface>asphalt</surface>
            </gpxtpx:Extensions>
          </gpxtpx:TrackPointExtension>
        </extensions>
      </trkpt>
      <trkpt lat="49.343651" lon="0.038141">
        <ele>40.5</ele>
        <extensions>
          <gpxtpx:TrackPointExtension>
            <gpxtpx:Extensions>
              <reversedirection>yes</reversedirection>
              <highway>residential</highway>
              <surface>asphalt</surface>
            </gpxtpx:Extensions>
          </gpxtpx:TrackPointExtension>
        </extensions>
      </trkpt>
      <trkpt lat="49.343571" lon="0.038028">
        <ele>41.5</ele>
        <extensions>
          <gpxtpx:TrackPointExtension>
            <gpxtpx:Extensions>
              <reversedirection>yes</reversedirection>
              <highway>residential</highway>
              <surface>asphalt</surface>
            </gpxtpx:Extensions>
          </gpxtpx:TrackPointExtension>
        </extensions>
      </trkpt>
      <trkpt lat="49.343498" lon="0.037959">
        <ele>42.25</ele>
        <extensions>
          <gpxtpx:TrackPointExtension>
            <gpxtpx:Extensions>
              <reversedirection>yes</reversedirection>
              <highway>residential</highway>
              <surface>asphalt</surface>
            </gpxtpx:Extensions>
          </gpxtpx:TrackPointExtension>
        </extensions>
      </trkpt>
      <trkpt lat="49.343287" lon="0.037837">
        <ele>45</ele>
        <extensions>
          <gpxtpx:TrackPointExtension>
            <gpxtpx:Extensions>
              <reversedirection>yes</reversedirection>
              <highway>residential</highway>
              <surface>asphalt</surface>
            </gpxtpx:Extensions>
          </gpxtpx:TrackPointExtension>
        </extensions>
      </trkpt>
      <trkpt lat="49.342923" lon="0.037509">
        <ele>46.75</ele>
        <extensions>
          <gpxtpx:TrackPointExtension>
            <gpxtpx:Extensions>
              <reversedirection>yes</reversedirection>
              <highway>residential</highway>
              <surface>asphalt</surface>
            </gpxtpx:Extensions>
          </gpxtpx:TrackPointExtension>
        </extensions>
      </trkpt>
      <trkpt lat="49.342854" lon="0.037454">
        <ele>47</ele>
        <extensions>
          <gpxtpx:TrackPointExtension>
            <gpxtpx:Extensions>
              <reversedirection>yes</reversedirection>
              <highway>residential</highway>
              <surface>asphalt</surface>
            </gpxtpx:Extensions>
          </gpxtpx:TrackPointExtension>
        </extensions>
      </trkpt>
      <trkpt lat="49.342778" lon="0.037433">
        <ele>47.5</ele>
        <extensions>
          <gpxtpx:TrackPointExtension>
            <gpxtpx:Extensions>
              <reversedirection>yes</reversedirection>
              <highway>residential</highway>
              <surface>asphalt</surface>
            </gpxtpx:Extensions>
          </gpxtpx:TrackPointExtension>
        </extensions>
      </trkpt>
      <trkpt lat="49.342735" lon="0.037441">
        <ele>47.75</ele>
        <extensions>
          <gpxtpx:TrackPointExtension>
            <gpxtpx:Extensions>
              <reversedirection>yes</reversedirection>
              <highway>residential</highway>
              <surface>asphalt</surface>
            </gpxtpx:Extensions>
          </gpxtpx:TrackPointExtension>
        </extensions>
      </trkpt>
      <trkpt lat="49.342714" lon="0.037444">
        <ele>48</ele>
        <extensions>
          <gpxtpx:TrackPointExtension>
            <gpxtpx:Extensions>
              <reversedirection>yes</reversedirection>
              <highway>residential</highway>
              <surface>asphalt</surface>
            </gpxtpx:Extensions>
          </gpxtpx:TrackPointExtension>
        </extensions>
      </trkpt>
      <trkpt lat="49.342608" lon="0.03746">
        <ele>48.75</ele>
        <extensions>
          <gpxtpx:TrackPointExtension>
            <gpxtpx:Extensions>
              <reversedirection>yes</reversedirection>
              <highway>residential</highway>
              <surface>asphalt</surface>
            </gpxtpx:Extensions>
          </gpxtpx:TrackPointExtension>
        </extensions>
      </trkpt>
      <trkpt lat="49.342349" lon="0.037531">
        <ele>51.5</ele>
        <extensions>
          <gpxtpx:TrackPointExtension>
            <gpxtpx:Extensions>
              <reversedirection>yes</reversedirection>
              <highway>residential</highway>
              <surface>asphalt</surface>
            </gpxtpx:Extensions>
          </gpxtpx:TrackPointExtension>
        </extensions>
      </trkpt>
      <trkpt lat="49.342174" lon="0.037579">
        <ele>53.25</ele>
        <extensions>
          <gpxtpx:TrackPointExtension>
            <gpxtpx:Extensions>
              <reversedirection>yes</reversedirection>
              <highway>residential</highway>
              <surface>asphalt</surface>
            </gpxtpx:Extensions>
          </gpxtpx:TrackPointExtension>
        </extensions>
      </trkpt>
      <trkpt lat="49.342127" lon="0.037586">
        <ele>53.75</ele>
        <extensions>
          <gpxtpx:TrackPointExtension>
            <gpxtpx:Extensions>
              <reversedirection>yes</reversedirection>
              <highway>residential</highway>
              <surface>asphalt</surface>
            </gpxtpx:Extensions>
          </gpxtpx:TrackPointExtension>
        </extensions>
      </trkpt>
      <trkpt lat="49.342045" lon="0.037583">
        <ele>54.5</ele>
        <extensions>
          <gpxtpx:TrackPointExtension>
            <gpxtpx:Extensions>
              <highway>unclassified</highway>
              <surface>asphalt</surface>
              <route_bicycle_icn>yes</route_bicycle_icn>
            </gpxtpx:Extensions>
          </gpxtpx:TrackPointExtension>
        </extensions>
      </trkpt>
      <trkpt lat="49.342018" lon="0.037673">
        <ele>58</ele>
      </trkpt>
      <trkpt lat="49.342042679" lon="0.037689587">
        <ele>57.32</ele>
      </trkpt>
      <trkpt lat="49.342018" lon="0.037673">
        <ele>55</ele>
        <extensions>
          <gpxtpx:TrackPointExtension>
            <gpxtpx:Extensions>
              <reversedirection>yes</reversedirection>
              <highway>unclassified</highway>
              <surface>asphalt</surface>
              <route_bicycle_icn>yes</route_bicycle_icn>
            </gpxtpx:Extensions>
          </gpxtpx:TrackPointExtension>
        </extensions>
      </trkpt>
      <trkpt lat="49.342045" lon="0.037583">
        <ele>54.5</ele>
        <extensions>
          <gpxtpx:TrackPointExtension>
            <gpxtpx:Extensions>
              <highway>residential</highway>
              <surface>asphalt</surface>
              <oneway>yes</oneway>
            </gpxtpx:Extensions>
          </gpxtpx:TrackPointExtension>
        </extensions>
      </trkpt>
      <trkpt lat="49.342068" lon="0.037336">
        <ele>52.75</ele>
        <extensions>
          <gpxtpx:TrackPointExtension>
            <gpxtpx:Extensions>
              <highway>residential</highway>
              <surface>asphalt</surface>
              <oneway>yes</oneway>
            </gpxtpx:Extensions>
          </gpxtpx:TrackPointExtension>
        </extensions>
      </trkpt>
      <trkpt lat="49.342076" lon="0.037134">
        <ele>51.25</ele>
        <extensions>
          <gpxtpx:TrackPointExtension>
            <gpxtpx:Extensions>
              <highway>residential</highway>
              <surface>asphalt</surface>
              <oneway>yes</oneway>
            </gpxtpx:Extensions>
          </gpxtpx:TrackPointExtension>
        </extensions>
      </trkpt>
      <trkpt lat="49.342025" lon="0.036496">
        <ele>47.5</ele>
        <extensions>
          <gpxtpx:TrackPointExtension>
            <gpxtpx:Extensions>
              <highway>residential</highway>
              <oneway>yes</oneway>
            </gpxtpx:Extensions>
          </gpxtpx:TrackPointExtension>
        </extensions>
      </trkpt>
      <trkpt lat="49.342573" lon="0.035638">
        <ele>37.5</ele>
        <extensions>
          <gpxtpx:TrackPointExtension>
            <gpxtpx:Extensions>
              <highway>secondary</highway>
              <surface>asphalt</surface>
              <cycleway>no</cycleway>
              <estimated_traffic_class>2</estimated_traffic_class>
            </gpxtpx:Extensions>
          </gpxtpx:TrackPointExtension>
        </extensions>
      </trkpt>
      <trkpt lat="49.34155" lon="0.033978">
        <ele>33</ele>
        <extensions>
          <gpxtpx:TrackPointExtension>
            <gpxtpx:Extensions>
              <highway>secondary</highway>
              <surface>asphalt</surface>
              <cycleway>no</cycleway>
              <estimated_traffic_class>2</estimated_traffic_class>
            </gpxtpx:Extensions>
          </gpxtpx:TrackPointExtension>
        </extensions>
      </trkpt>
      <trkpt lat="49.341508" lon="0.03391">
        <ele>32.5</ele>
        <extensions>
          <gpxtpx:TrackPointExtension>
            <gpxtpx:Extensions>
              <highway>secondary</highway>
              <surface>asphalt</surface>
              <cycleway>no</cycleway>
              <estimated_traffic_class>2</estimated_traffic_class>
            </gpxtpx:Extensions>
          </gpxtpx:TrackPointExtension>
        </extensions>
      </trkpt>
      <trkpt lat="49.341457" lon="0.033825">
        <ele>31.75</ele>
        <extensions>
          <gpxtpx:TrackPointExtension>
            <gpxtpx:Extensions>
              <highway>secondary</highway>
              <surface>asphalt</surface>
              <cycleway>no</cycleway>
              <estimated_traffic_class>2</estimated_traffic_class>
            </gpxtpx:Extensions>
          </gpxtpx:TrackPointExtension>
        </extensions>
      </trkpt>
      <trkpt lat="49.341133" lon="0.033283">
        <ele>28</ele>
        <extensions>
          <gpxtpx:TrackPointExtension>
            <gpxtpx:Extensions>
              <highway>secondary</highway>
              <surface>asphalt</surface>
              <cycleway>no</cycleway>
              <estimated_traffic_class>2</estimated_traffic_class>
            </gpxtpx:Extensions>
          </gpxtpx:TrackPointExtension>
        </extensions>
      </trkpt>
      <trkpt lat="49.341088" lon="0.033206">
        <ele>27.5</ele>
        <extensions>
          <gpxtpx:TrackPointExtension>
            <gpxtpx:Extensions>
              <reversedirection>yes</reversedirection>
              <highway>secondary</highway>
              <surface>asphalt</surface>
              <estimated_traffic_class>3</estimated_traffic_class>
            </gpxtpx:Extensions>
          </gpxtpx:TrackPointExtension>
        </extensions>
      </trkpt>
      <trkpt lat="49.34064" lon="0.032466">
        <ele>23.5</ele>
        <extensions>
          <gpxtpx:TrackPointExtension>
            <gpxtpx:Extensions>
              <reversedirection>yes</reversedirection>
              <highway>secondary</highway>
              <surface>asphalt</surface>
              <estimated_traffic_class>3</estimated_traffic_class>
            </gpxtpx:Extensions>
          </gpxtpx:TrackPointExtension>
        </extensions>
      </trkpt>
      <trkpt lat="49.340486" lon="0.032213">
        <ele>22</ele>
        <extensions>
          <gpxtpx:TrackPointExtension>
            <gpxtpx:Extensions>
              <reversedirection>yes</reversedirection>
              <highway>secondary</highway>
              <surface>asphalt</surface>
              <estimated_traffic_class>3</estimated_traffic_class>
            </gpxtpx:Extensions>
          </gpxtpx:TrackPointExtension>
        </extensions>
      </trkpt>
      <trkpt lat="49.3402" lon="0.03174">
        <ele>18.25</ele>
        <extensions>
          <gpxtpx:TrackPointExtension>
            <gpxtpx:Extensions>
              <reversedirection>yes</reversedirection>
              <highway>secondary</highway>
              <surface>asphalt</surface>
              <estimated_traffic_class>3</estimated_traffic_class>
            </gpxtpx:Extensions>
          </gpxtpx:TrackPointExtension>
        </extensions>
      </trkpt>
      <trkpt lat="49.340173" lon="0.031696">
        <ele>18</ele>
        <extensions>
          <gpxtpx:TrackPointExtension>
            <gpxtpx:Extensions>
              <reversedirection>yes</reversedirection>
              <highway>secondary</highway>
              <surface>asphalt</surface>
              <estimated_traffic_class>3</estimated_traffic_class>
            </gpxtpx:Extensions>
          </gpxtpx:TrackPointExtension>
        </extensions>
      </trkpt>
      <trkpt lat="49.339805" lon="0.031089">
        <ele>14.75</ele>
        <extensions>
          <gpxtpx:TrackPointExtension>
            <gpxtpx:Extensions>
              <reversedirection>yes</reversedirection>
              <highway>secondary</highway>
              <surface>asphalt</surface>
              <estimated_traffic_class>3</estimated_traffic_class>
            </gpxtpx:Extensions>
          </gpxtpx:TrackPointExtension>
        </extensions>
      </trkpt>
      <trkpt lat="49.339785" lon="0.031055">
        <ele>14.5</ele>
        <extensions>
          <gpxtpx:TrackPointExtension>
            <gpxtpx:Extensions>
              <reversedirection>yes</reversedirection>
              <highway>secondary</highway>
              <surface>asphalt</surface>
              <estimated_traffic_class>3</estimated_traffic_class>
            </gpxtpx:Extensions>
          </gpxtpx:TrackPointExtension>
        </extensions>
      </trkpt>
      <trkpt lat="49.339501" lon="0.030583">
        <ele>12</ele>
        <extensions>
          <gpxtpx:TrackPointExtension>
            <gpxtpx:Extensions>
              <reversedirection>yes</reversedirection>
              <highway>secondary</highway>
              <surface>asphalt</surface>
              <estimated_traffic_class>3</estimated_traffic_class>
            </gpxtpx:Extensions>
          </gpxtpx:TrackPointExtension>
        </extensions>
      </trkpt>
      <trkpt lat="49.339439" lon="0.030484">
        <ele>11.5</ele>
        <extensions>
          <gpxtpx:TrackPointExtension>
            <gpxtpx:Extensions>
              <reversedirection>yes</reversedirection>
              <highway>secondary</highway>
              <surface>asphalt</surface>
              <estimated_traffic_class>3</estimated_traffic_class>
            </gpxtpx:Extensions>
          </gpxtpx:TrackPointExtension>
        </extensions>
      </trkpt>
      <trkpt lat="49.339334" lon="0.030301">
        <ele>10.5</ele>
        <extensions>
          <gpxtpx:TrackPointExtension>
            <gpxtpx:Extensions>
              <reversedirection>yes</reversedirection>
              <highway>secondary</highway>
              <surface>asphalt</surface>
              <estimated_traffic_class>3</estimated_traffic_class>
            </gpxtpx:Extensions>
          </gpxtpx:TrackPointExtension>
        </extensions>
      </trkpt>
      <trkpt lat="49.339257" lon="0.03018">
        <ele>10</ele>
        <extensions>
          <gpxtpx:TrackPointExtension>
            <gpxtpx:Extensions>
              <reversedirection>yes</reversedirection>
              <highway>secondary</highway>
              <surface>asphalt</surface>
              <estimated_traffic_class>3</estimated_traffic_class>
            </gpxtpx:Extensions>
          </gpxtpx:TrackPointExtension>
        </extensions>
      </trkpt>
      <trkpt lat="49.339098" lon="0.029906">
        <ele>8.75</ele>
        <extensions>
          <gpxtpx:TrackPointExtension>
            <gpxtpx:Extensions>
              <reversedirection>yes</reversedirection>
              <highway>secondary</highway>
              <surface>asphalt</surface>
              <estimated_traffic_class>3</estimated_traffic_class>
            </gpxtpx:Extensions>
          </gpxtpx:TrackPointExtension>
        </extensions>
      </trkpt>
      <trkpt lat="49.339073" lon="0.02985">
        <ele>8.75</ele>
        <extensions>
          <gpxtpx:TrackPointExtension>
            <gpxtpx:Extensions>
              <reversedirection>yes</reversedirection>
              <highway>secondary</highway>
              <surface>asphalt</surface>
              <estimated_traffic_class>3</estimated_traffic_class>
            </gpxtpx:Extensions>
          </gpxtpx:TrackPointExtension>
        </extensions>
      </trkpt>
      <trkpt lat="49.339045" lon="0.029788">
        <ele>8.75</ele>
        <extensions>
          <gpxtpx:TrackPointExtension>
            <gpxtpx:Extensions>
              <highway>secondary</highway>
              <surface>asphalt</surface>
              <junction>roundabout</junction>
              <estimated_traffic_class>3</estimated_traffic_class>
            </gpxtpx:Extensions>
          </gpxtpx:TrackPointExtension>
        </extensions>
      </trkpt>
      <trkpt lat="49.339071" lon="0.029745">
        <ele>8.75</ele>
        <extensions>
          <gpxtpx:TrackPointExtension>
            <gpxtpx:Extensions>
              <highway>secondary</highway>
              <surface>asphalt</surface>
              <junction>roundabout</junction>
              <estimated_traffic_class>3</estimated_traffic_class>
            </gpxtpx:Extensions>
          </gpxtpx:TrackPointExtension>
        </extensions>
      </trkpt>
      <trkpt lat="49.339078" lon="0.029687">
        <ele>9</ele>
        <extensions>
          <gpxtpx:TrackPointExtension>
            <gpxtpx:Extensions>
              <highway>secondary</highway>
              <surface>asphalt</surface>
              <junction>roundabout</junction>
              <estimated_traffic_class>3</estimated_traffic_class>
            </gpxtpx:Extensions>
          </gpxtpx:TrackPointExtension>
        </extensions>
      </trkpt>
      <trkpt lat="49.339063" lon="0.029632">
        <ele>9</ele>
        <extensions>
          <gpxtpx:TrackPointExtension>
            <gpxtpx:Extensions>
              <highway>secondary</highway>
              <surface>asphalt</surface>
              <junction>roundabout</junction>
              <estimated_traffic_class>3</estimated_traffic_class>
            </gpxtpx:Extensions>
          </gpxtpx:TrackPointExtension>
        </extensions>
      </trkpt>
      <trkpt lat="49.339048" lon="0.029612">
        <ele>9</ele>
        <extensions>
          <gpxtpx:TrackPointExtension>
            <gpxtpx:Extensions>
              <highway>secondary</highway>
              <surface>asphalt</surface>
              <junction>roundabout</junction>
              <estimated_traffic_class>3</estimated_traffic_class>
            </gpxtpx:Extensions>
          </gpxtpx:TrackPointExtension>
        </extensions>
      </trkpt>
      <trkpt lat="49.33903" lon="0.0296">
        <ele>9</ele>
        <extensions>
          <gpxtpx:TrackPointExtension>
            <gpxtpx:Extensions>
              <highway>secondary</highway>
              <surface>asphalt</surface>
              <junction>roundabout</junction>
              <estimated_traffic_class>3</estimated_traffic_class>
            </gpxtpx:Extensions>
          </gpxtpx:TrackPointExtension>
        </extensions>
      </trkpt>
      <trkpt lat="49.338992" lon="0.0296">
        <ele>8.75</ele>
        <extensions>
          <gpxtpx:TrackPointExtension>
            <gpxtpx:Extensions>
              <reversedirection>yes</reversedirection>
              <highway>secondary</highway>
              <surface>asphalt</surface>
              <estimated_traffic_class>2</estimated_traffic_class>
            </gpxtpx:Extensions>
          </gpxtpx:TrackPointExtension>
        </extensions>
      </trkpt>
      <trkpt lat="49.338987" lon="0.029531">
        <ele>9</ele>
        <extensions>
          <gpxtpx:TrackPointExtension>
            <gpxtpx:Extensions>
              <reversedirection>yes</reversedirection>
              <highway>secondary</highway>
              <surface>asphalt</surface>
              <estimated_traffic_class>2</estimated_traffic_class>
            </gpxtpx:Extensions>
          </gpxtpx:TrackPointExtension>
        </extensions>
      </trkpt>
      <trkpt lat="49.338982" lon="0.029468">
        <ele>9</ele>
        <extensions>
          <gpxtpx:TrackPointExtension>
            <gpxtpx:Extensions>
              <reversedirection>yes</reversedirection>
              <highway>secondary</highway>
              <surface>asphalt</surface>
              <estimated_traffic_class>2</estimated_traffic_class>
            </gpxtpx:Extensions>
          </gpxtpx:TrackPointExtension>
        </extensions>
      </trkpt>
      <trkpt lat="49.338905" lon="0.029189">
        <ele>9.25</ele>
        <extensions>
          <gpxtpx:TrackPointExtension>
            <gpxtpx:Extensions>
              <reversedirection>yes</reversedirection>
              <highway>secondary</highway>
              <surface>asphalt</surface>
              <estimated_traffic_class>2</estimated_traffic_class>
            </gpxtpx:Extensions>
          </gpxtpx:TrackPointExtension>
        </extensions>
      </trkpt>
      <trkpt lat="49.338853" lon="0.029064">
        <ele>9</ele>
        <extensions>
          <gpxtpx:TrackPointExtension>
            <gpxtpx:Extensions>
              <reversedirection>yes</reversedirection>
              <highway>secondary</highway>
              <surface>asphalt</surface>
              <estimated_traffic_class>2</estimated_traffic_class>
            </gpxtpx:Extensions>
          </gpxtpx:TrackPointExtension>
        </extensions>
      </trkpt>
      <trkpt lat="49.338703" lon="0.02854">
        <ele>8</ele>
        <extensions>
          <gpxtpx:TrackPointExtension>
            <gpxtpx:Extensions>
              <reversedirection>yes</reversedirection>
              <highway>secondary</highway>
              <surface>asphalt</surface>
              <estimated_traffic_class>2</estimated_traffic_class>
            </gpxtpx:Extensions>
          </gpxtpx:TrackPointExtension>
        </extensions>
      </trkpt>
      <trkpt lat="49.338678" lon="0.028452">
        <ele>8</ele>
        <extensions>
          <gpxtpx:TrackPointExtension>
            <gpxtpx:Extensions>
              <reversedirection>yes</reversedirection>
              <highway>secondary</highway>
              <surface>asphalt</surface>
              <estimated_traffic_class>2</estimated_traffic_class>
            </gpxtpx:Extensions>
          </gpxtpx:TrackPointExtension>
        </extensions>
      </trkpt>
      <trkpt lat="49.338601" lon="0.028183">
        <ele>7.75</ele>
        <extensions>
          <gpxtpx:TrackPointExtension>
            <gpxtpx:Extensions>
              <reversedirection>yes</reversedirection>
              <highway>secondary</highway>
              <surface>asphalt</surface>
              <estimated_traffic_class>2</estimated_traffic_class>
            </gpxtpx:Extensions>
          </gpxtpx:TrackPointExtension>
        </extensions>
      </trkpt>
      <trkpt lat="49.338572" lon="0.028083">
        <ele>7.5</ele>
        <extensions>
          <gpxtpx:TrackPointExtension>
            <gpxtpx:Extensions>
              <reversedirection>yes</reversedirection>
              <highway>secondary</highway>
              <surface>asphalt</surface>
              <estimated_traffic_class>2</estimated_traffic_class>
            </gpxtpx:Extensions>
          </gpxtpx:TrackPointExtension>
        </extensions>
      </trkpt>
      <trkpt lat="49.338513" lon="0.027877">
        <ele>7.25</ele>
        <extensions>
          <gpxtpx:TrackPointExtension>
            <gpxtpx:Extensions>
              <reversedirection>yes</reversedirection>
              <highway>secondary</highway>
              <surface>asphalt</surface>
              <estimated_traffic_class>1</estimated_traffic_class>
            </gpxtpx:Extensions>
          </gpxtpx:TrackPointExtension>
        </extensions>
      </trkpt>
      <trkpt lat="49.338483" lon="0.027771">
        <ele>7</ele>
        <extensions>
          <gpxtpx:TrackPointExtension>
            <gpxtpx:Extensions>
              <reversedirection>yes</reversedirection>
              <highway>secondary</highway>
              <surface>asphalt</surface>
              <estimated_traffic_class>1</estimated_traffic_class>
            </gpxtpx:Extensions>
          </gpxtpx:TrackPointExtension>
        </extensions>
      </trkpt>
      <trkpt lat="49.338288" lon="0.027089">
        <ele>6.5</ele>
        <extensions>
          <gpxtpx:TrackPointExtension>
            <gpxtpx:Extensions>
              <reversedirection>yes</reversedirection>
              <highway>secondary</highway>
              <surface>asphalt</surface>
              <estimated_traffic_class>1</estimated_traffic_class>
            </gpxtpx:Extensions>
          </gpxtpx:TrackPointExtension>
        </extensions>
      </trkpt>
      <trkpt lat="49.33827" lon="0.027025">
        <ele>6.25</ele>
        <extensions>
          <gpxtpx:TrackPointExtension>
            <gpxtpx:Extensions>
              <reversedirection>yes</reversedirection>
              <highway>secondary</highway>
              <surface>asphalt</surface>
              <estimated_traffic_class>1</estimated_traffic_class>
            </gpxtpx:Extensions>
          </gpxtpx:TrackPointExtension>
        </extensions>
      </trkpt>
      <trkpt lat="49.3381" lon="0.026443">
        <ele>6.25</ele>
        <extensions>
          <gpxtpx:TrackPointExtension>
            <gpxtpx:Extensions>
              <reversedirection>yes</reversedirection>
              <highway>secondary</highway>
              <surface>asphalt</surface>
              <estimated_traffic_class>1</estimated_traffic_class>
            </gpxtpx:Extensions>
          </gpxtpx:TrackPointExtension>
        </extensions>
      </trkpt>
      <trkpt lat="49.337964" lon="0.026024">
        <ele>6</ele>
        <extensions>
          <gpxtpx:TrackPointExtension>
            <gpxtpx:Extensions>
              <reversedirection>yes</reversedirection>
              <highway>secondary</highway>
              <surface>asphalt</surface>
              <estimated_traffic_class>1</estimated_traffic_class>
            </gpxtpx:Extensions>
          </gpxtpx:TrackPointExtension>
        </extensions>
      </trkpt>
      <trkpt lat="49.337857" lon="0.025734">
        <ele>5.75</ele>
        <extensions>
          <gpxtpx:TrackPointExtension>
            <gpxtpx:Extensions>
              <reversedirection>yes</reversedirection>
              <highway>secondary</highway>
              <surface>asphalt</surface>
              <estimated_traffic_class>1</estimated_traffic_class>
            </gpxtpx:Extensions>
          </gpxtpx:TrackPointExtension>
        </extensions>
      </trkpt>
      <trkpt lat="49.33775" lon="0.025451">
        <ele>5.75</ele>
        <extensions>
          <gpxtpx:TrackPointExtension>
            <gpxtpx:Extensions>
              <reversedirection>yes</reversedirection>
              <highway>secondary</highway>
              <surface>asphalt</surface>
              <estimated_traffic_class>1</estimated_traffic_class>
            </gpxtpx:Extensions>
          </gpxtpx:TrackPointExtension>
        </extensions>
      </trkpt>
      <trkpt lat="49.337632" lon="0.025171">
        <ele>5.75</ele>
        <extensions>
          <gpxtpx:TrackPointExtension>
            <gpxtpx:Extensions>
              <reversedirection>yes</reversedirection>
              <highway>secondary</highway>
              <surface>asphalt</surface>
              <estimated_traffic_class>1</estimated_traffic_class>
            </gpxtpx:Extensions>
          </gpxtpx:TrackPointExtension>
        </extensions>
      </trkpt>
      <trkpt lat="49.337495" lon="0.024897">
        <ele>5.5</ele>
        <extensions>
          <gpxtpx:TrackPointExtension>
            <gpxtpx:Extensions>
              <reversedirection>yes</reversedirection>
              <highway>secondary</highway>
              <surface>asphalt</surface>
              <estimated_traffic_class>1</estimated_traffic_class>
            </gpxtpx:Extensions>
          </gpxtpx:TrackPointExtension>
        </extensions>
      </trkpt>
      <trkpt lat="49.337136" lon="0.024181">
        <ele>5.25</ele>
        <extensions>
          <gpxtpx:TrackPointExtension>
            <gpxtpx:Extensions>
              <reversedirection>yes</reversedirection>
              <highway>secondary</highway>
              <surface>asphalt</surface>
              <estimated_traffic_class>1</estimated_traffic_class>
            </gpxtpx:Extensions>
          </gpxtpx:TrackPointExtension>
        </extensions>
      </trkpt>
      <trkpt lat="49.337116" lon="0.024142">
        <ele>5.25</ele>
        <extensions>
          <gpxtpx:TrackPointExtension>
            <gpxtpx:Extensions>
              <reversedirection>yes</reversedirection>
              <highway>secondary</highway>
              <surface>asphalt</surface>
              <estimated_traffic_class>1</estimated_traffic_class>
            </gpxtpx:Extensions>
          </gpxtpx:TrackPointExtension>
        </extensions>
      </trkpt>
      <trkpt lat="49.336745" lon="0.023402">
        <ele>5</ele>
        <extensions>
          <gpxtpx:TrackPointExtension>
            <gpxtpx:Extensions>
              <reversedirection>yes</reversedirection>
              <highway>secondary</highway>
              <surface>asphalt</surface>
              <estimated_traffic_class>1</estimated_traffic_class>
            </gpxtpx:Extensions>
          </gpxtpx:TrackPointExtension>
        </extensions>
      </trkpt>
      <trkpt lat="49.336675" lon="0.023261">
        <ele>4.75</ele>
        <extensions>
          <gpxtpx:TrackPointExtension>
            <gpxtpx:Extensions>
              <reversedirection>yes</reversedirection>
              <highway>secondary</highway>
              <surface>asphalt</surface>
              <estimated_traffic_class>1</estimated_traffic_class>
            </gpxtpx:Extensions>
          </gpxtpx:TrackPointExtension>
        </extensions>
      </trkpt>
      <trkpt lat="49.335858" lon="0.021634">
        <ele>4.25</ele>
        <extensions>
          <gpxtpx:TrackPointExtension>
            <gpxtpx:Extensions>
              <reversedirection>yes</reversedirection>
              <highway>secondary</highway>
              <surface>asphalt</surface>
              <estimated_traffic_class>1</estimated_traffic_class>
            </gpxtpx:Extensions>
          </gpxtpx:TrackPointExtension>
        </extensions>
      </trkpt>
      <trkpt lat="49.335784" lon="0.021487">
        <ele>4.25</ele>
        <extensions>
          <gpxtpx:TrackPointExtension>
            <gpxtpx:Extensions>
              <reversedirection>yes</reversedirection>
              <highway>secondary</highway>
              <surface>asphalt</surface>
              <estimated_traffic_class>1</estimated_traffic_class>
            </gpxtpx:Extensions>
          </gpxtpx:TrackPointExtension>
        </extensions>
      </trkpt>
      <trkpt lat="49.335017" lon="0.019957">
        <ele>4.25</ele>
        <extensions>
          <gpxtpx:TrackPointExtension>
            <gpxtpx:Extensions>
              <reversedirection>yes</reversedirection>
              <highway>secondary</highway>
              <surface>asphalt</surface>
              <estimated_traffic_class>1</estimated_traffic_class>
            </gpxtpx:Extensions>
          </gpxtpx:TrackPointExtension>
        </extensions>
      </trkpt>
      <trkpt lat="49.334878" lon="0.019679">
        <ele>4.25</ele>
        <extensions>
          <gpxtpx:TrackPointExtension>
            <gpxtpx:Extensions>
              <highway>secondary</highway>
              <surface>asphalt</surface>
              <estimated_traffic_class>1</estimated_traffic_class>
            </gpxtpx:Extensions>
          </gpxtpx:TrackPointExtension>
        </extensions>
      </trkpt>
      <trkpt lat="49.334877" lon="0.019678">
        <ele>4.75</ele>
        <extensions>
          <gpxtpx:TrackPointExtension>
            <gpxtpx:Extensions>
              <reversedirection>yes</reversedirection>
              <highway>secondary</highway>
              <surface>asphalt</surface>
              <estimated_traffic_class>1</estimated_traffic_class>
            </gpxtpx:Extensions>
          </gpxtpx:TrackPointExtension>
        </extensions>
      </trkpt>
      <trkpt lat="49.334682" lon="0.019289">
        <ele>4.75</ele>
        <extensions>
          <gpxtpx:TrackPointExtension>
            <gpxtpx:Extensions>
              <reversedirection>yes</reversedirection>
              <highway>secondary</highway>
              <surface>asphalt</surface>
              <estimated_traffic_class>1</estimated_traffic_class>
            </gpxtpx:Extensions>
          </gpxtpx:TrackPointExtension>
        </extensions>
      </trkpt>
      <trkpt lat="49.334135" lon="0.018199">
        <ele>4.25</ele>
        <extensions>
          <gpxtpx:TrackPointExtension>
            <gpxtpx:Extensions>
              <reversedirection>yes</reversedirection>
              <highway>secondary</highway>
              <surface>asphalt</surface>
              <estimated_traffic_class>1</estimated_traffic_class>
            </gpxtpx:Extensions>
          </gpxtpx:TrackPointExtension>
        </extensions>
      </trkpt>
      <trkpt lat="49.333648" lon="0.017228">
        <ele>3.75</ele>
        <extensions>
          <gpxtpx:TrackPointExtension>
            <gpxtpx:Extensions>
              <reversedirection>yes</reversedirection>
              <highway>secondary</highway>
              <surface>asphalt</surface>
              <estimated_traffic_class>1</estimated_traffic_class>
            </gpxtpx:Extensions>
          </gpxtpx:TrackPointExtension>
        </extensions>
      </trkpt>
      <trkpt lat="49.333577" lon="0.017086">
        <ele>3.75</ele>
        <extensions>
          <gpxtpx:TrackPointExtension>
            <gpxtpx:Extensions>
              <highway>secondary</highway>
              <surface>asphalt</surface>
              <oneway>yes</oneway>
              <estimated_traffic_class>1</estimated_traffic_class>
            </gpxtpx:Extensions>
          </gpxtpx:TrackPointExtension>
        </extensions>
      </trkpt>
      <trkpt lat="49.33348" lon="0.01683">
        <ele>3.5</ele>
        <extensions>
          <gpxtpx:TrackPointExtension>
            <gpxtpx:Extensions>
              <highway>secondary</highway>
              <surface>asphalt</surface>
              <oneway>yes</oneway>
              <estimated_traffic_class>1</estimated_traffic_class>
            </gpxtpx:Extensions>
          </gpxtpx:TrackPointExtension>
        </extensions>
      </trkpt>
      <trkpt lat="49.333217" lon="0.016311">
        <ele>3.25</ele>
        <extensions>
          <gpxtpx:TrackPointExtension>
            <gpxtpx:Extensions>
              <highway>secondary</highway>
              <surface>asphalt</surface>
              <oneway>yes</oneway>
              <estimated_traffic_class>1</estimated_traffic_class>
            </gpxtpx:Extensions>
          </gpxtpx:TrackPointExtension>
        </extensions>
      </trkpt>
      <trkpt lat="49.333054" lon="0.015993">
        <ele>3.5</ele>
        <extensions>
          <gpxtpx:TrackPointExtension>
            <gpxtpx:Extensions>
              <reversedirection>yes</reversedirection>
              <highway>secondary</highway>
              <surface>asphalt</surface>
              <estimated_traffic_class>1</estimated_traffic_class>
            </gpxtpx:Extensions>
          </gpxtpx:TrackPointExtension>
        </extensions>
      </trkpt>
      <trkpt lat="49.332214" lon="0.014315">
        <ele>5</ele>
        <extensions>
          <gpxtpx:TrackPointExtension>
            <gpxtpx:Extensions>
              <highway>secondary</highway>
              <surface>asphalt</surface>
              <estimated_traffic_class>1</estimated_traffic_class>
            </gpxtpx:Extensions>
          </gpxtpx:TrackPointExtension>
        </extensions>
      </trkpt>
      <trkpt lat="49.332206" lon="0.0143">
        <ele>5</ele>
        <extensions>
          <gpxtpx:TrackPointExtension>
            <gpxtpx:Extensions>
              <highway>secondary</highway>
              <surface>asphalt</surface>
              <estimated_traffic_class>1</estimated_traffic_class>
            </gpxtpx:Extensions>
          </gpxtpx:TrackPointExtension>
        </extensions>
      </trkpt>
      <trkpt lat="49.331786" lon="0.013461">
        <ele>5</ele>
        <extensions>
          <gpxtpx:TrackPointExtension>
            <gpxtpx:Extensions>
              <highway>secondary</highway>
              <surface>asphalt</surface>
              <estimated_traffic_class>1</estimated_traffic_class>
            </gpxtpx:Extensions>
          </gpxtpx:TrackPointExtension>
        </extensions>
      </trkpt>
      <trkpt lat="49.331528" lon="0.012946">
        <ele>4.75</ele>
        <extensions>
          <gpxtpx:TrackPointExtension>
            <gpxtpx:Extensions>
              <highway>secondary</highway>
              <surface>asphalt</surface>
              <estimated_traffic_class>1</estimated_traffic_class>
            </gpxtpx:Extensions>
          </gpxtpx:TrackPointExtension>
        </extensions>
      </trkpt>
      <trkpt lat="49.33122" lon="0.01233">
        <ele>4.25</ele>
        <extensions>
          <gpxtpx:TrackPointExtension>
            <gpxtpx:Extensions>
              <highway>secondary</highway>
              <surface>asphalt</surface>
              <estimated_traffic_class>1</estimated_traffic_class>
            </gpxtpx:Extensions>
          </gpxtpx:TrackPointExtension>
        </extensions>
      </trkpt>
      <trkpt lat="49.331201" lon="0.012294">
        <ele>4.25</ele>
        <extensions>
          <gpxtpx:TrackPointExtension>
            <gpxtpx:Extensions>
              <highway>secondary</highway>
              <surface>asphalt</surface>
              <estimated_traffic_class>1</estimated_traffic_class>
            </gpxtpx:Extensions>
          </gpxtpx:TrackPointExtension>
        </extensions>
      </trkpt>
      <trkpt lat="49.330943" lon="0.011777">
        <ele>4</ele>
        <extensions>
          <gpxtpx:TrackPointExtension>
            <gpxtpx:Extensions>
              <highway>secondary</highway>
              <surface>asphalt</surface>
              <estimated_traffic_class>1</estimated_traffic_class>
            </gpxtpx:Extensions>
          </gpxtpx:TrackPointExtension>
        </extensions>
      </trkpt>
      <trkpt lat="49.330905" lon="0.011652">
        <ele>4</ele>
        <extensions>
          <gpxtpx:TrackPointExtension>
            <gpxtpx:Extensions>
              <highway>secondary</highway>
              <surface>asphalt</surface>
              <estimated_traffic_class>1</estimated_traffic_class>
            </gpxtpx:Extensions>
          </gpxtpx:TrackPointExtension>
        </extensions>
      </trkpt>
      <trkpt lat="49.330751" lon="0.011346">
        <ele>3.75</ele>
        <extensions>
          <gpxtpx:TrackPointExtension>
            <gpxtpx:Extensions>
              <highway>secondary</highway>
              <surface>asphalt</surface>
              <estimated_traffic_class>1</estimated_traffic_class>
            </gpxtpx:Extensions>
          </gpxtpx:TrackPointExtension>
        </extensions>
      </trkpt>
      <trkpt lat="49.330438" lon="0.010724">
        <ele>3.5</ele>
        <extensions>
          <gpxtpx:TrackPointExtension>
            <gpxtpx:Extensions>
              <highway>secondary</highway>
              <surface>asphalt</surface>
              <estimated_traffic_class>1</estimated_traffic_class>
            </gpxtpx:Extensions>
          </gpxtpx:TrackPointExtension>
        </extensions>
      </trkpt>
      <trkpt lat="49.330401" lon="0.010669">
        <ele>3.5</ele>
        <extensions>
          <gpxtpx:TrackPointExtension>
            <gpxtpx:Extensions>
              <highway>secondary</highway>
              <surface>asphalt</surface>
              <estimated_traffic_class>1</estimated_traffic_class>
            </gpxtpx:Extensions>
          </gpxtpx:TrackPointExtension>
        </extensions>
      </trkpt>
      <trkpt lat="49.330355" lon="0.010621">
        <ele>3.5</ele>
        <extensions>
          <gpxtpx:TrackPointExtension>
            <gpxtpx:Extensions>
              <highway>secondary</highway>
              <surface>asphalt</surface>
              <estimated_traffic_class>1</estimated_traffic_class>
            </gpxtpx:Extensions>
          </gpxtpx:TrackPointExtension>
        </extensions>
      </trkpt>
      <trkpt lat="49.330309" lon="0.010589">
        <ele>3.5</ele>
        <extensions>
          <gpxtpx:TrackPointExtension>
            <gpxtpx:Extensions>
              <highway>secondary</highway>
              <surface>asphalt</surface>
              <estimated_traffic_class>1</estimated_traffic_class>
            </gpxtpx:Extensions>
          </gpxtpx:TrackPointExtension>
        </extensions>
      </trkpt>
      <trkpt lat="49.330255" lon="0.010568">
        <ele>3.5</ele>
        <extensions>
          <gpxtpx:TrackPointExtension>
            <gpxtpx:Extensions>
              <highway>secondary</highway>
              <surface>asphalt</surface>
              <estimated_traffic_class>1</estimated_traffic_class>
            </gpxtpx:Extensions>
          </gpxtpx:TrackPointExtension>
        </extensions>
      </trkpt>
      <trkpt lat="49.330223" lon="0.010555">
        <ele>3.25</ele>
        <extensions>
          <gpxtpx:TrackPointExtension>
            <gpxtpx:Extensions>
              <highway>secondary</highway>
              <surface>asphalt</surface>
              <junction>roundabout</junction>
              <estimated_traffic_class>1</estimated_traffic_class>
            </gpxtpx:Extensions>
          </gpxtpx:TrackPointExtension>
        </extensions>
      </trkpt>
      <trkpt lat="49.330224" lon="0.010489">
        <ele>3.25</ele>
        <extensions>
          <gpxtpx:TrackPointExtension>
            <gpxtpx:Extensions>
              <highway>secondary</highway>
              <surface>asphalt</surface>
              <junction>roundabout</junction>
              <estimated_traffic_class>1</estimated_traffic_class>
            </gpxtpx:Extensions>
          </gpxtpx:TrackPointExtension>
        </extensions>
      </trkpt>
      <trkpt lat="49.330206" lon="0.010423">
        <ele>3.25</ele>
        <extensions>
          <gpxtpx:TrackPointExtension>
            <gpxtpx:Extensions>
              <highway>secondary</highway>
              <surface>asphalt</surface>
              <junction>roundabout</junction>
              <estimated_traffic_class>1</estimated_traffic_class>
            </gpxtpx:Extensions>
          </gpxtpx:TrackPointExtension>
        </extensions>
      </trkpt>
      <trkpt lat="49.330185" lon="0.01039">
        <ele>3.25</ele>
        <extensions>
          <gpxtpx:TrackPointExtension>
            <gpxtpx:Extensions>
              <highway>secondary</highway>
              <surface>asphalt</surface>
              <junction>roundabout</junction>
              <estimated_traffic_class>1</estimated_traffic_class>
            </gpxtpx:Extensions>
          </gpxtpx:TrackPointExtension>
        </extensions>
      </trkpt>
      <trkpt lat="49.330159" lon="0.010367">
        <ele>3.25</ele>
        <extensions>
          <gpxtpx:TrackPointExtension>
            <gpxtpx:Extensions>
              <highway>secondary</highway>
              <surface>asphalt</surface>
              <junction>roundabout</junction>
              <estimated_traffic_class>1</estimated_traffic_class>
            </gpxtpx:Extensions>
          </gpxtpx:TrackPointExtension>
        </extensions>
      </trkpt>
      <trkpt lat="49.330129" lon="0.010357">
        <ele>3.25</ele>
        <extensions>
          <gpxtpx:TrackPointExtension>
            <gpxtpx:Extensions>
              <highway>secondary</highway>
              <surface>asphalt</surface>
              <junction>roundabout</junction>
              <estimated_traffic_class>1</estimated_traffic_class>
            </gpxtpx:Extensions>
          </gpxtpx:TrackPointExtension>
        </extensions>
      </trkpt>
      <trkpt lat="49.330099" lon="0.01036">
        <ele>3.25</ele>
        <extensions>
          <gpxtpx:TrackPointExtension>
            <gpxtpx:Extensions>
              <highway>secondary</highway>
              <surface>asphalt</surface>
              <estimated_traffic_class>1</estimated_traffic_class>
            </gpxtpx:Extensions>
          </gpxtpx:TrackPointExtension>
        </extensions>
      </trkpt>
      <trkpt lat="49.330094" lon="0.010316">
        <ele>3.25</ele>
        <extensions>
          <gpxtpx:TrackPointExtension>
            <gpxtpx:Extensions>
              <highway>secondary</highway>
              <surface>asphalt</surface>
              <estimated_traffic_class>1</estimated_traffic_class>
            </gpxtpx:Extensions>
          </gpxtpx:TrackPointExtension>
        </extensions>
      </trkpt>
      <trkpt lat="49.330068" lon="0.010104">
        <ele>3.25</ele>
        <extensions>
          <gpxtpx:TrackPointExtension>
            <gpxtpx:Extensions>
              <highway>secondary</highway>
              <surface>asphalt</surface>
              <estimated_traffic_class>1</estimated_traffic_class>
            </gpxtpx:Extensions>
          </gpxtpx:TrackPointExtension>
        </extensions>
      </trkpt>
      <trkpt lat="49.330031" lon="0.009963">
        <ele>3.25</ele>
        <extensions>
          <gpxtpx:TrackPointExtension>
            <gpxtpx:Extensions>
              <highway>secondary</highway>
              <surface>asphalt</surface>
              <estimated_traffic_class>1</estimated_traffic_class>
            </gpxtpx:Extensions>
          </gpxtpx:TrackPointExtension>
        </extensions>
      </trkpt>
      <trkpt lat="49.329733" lon="0.009304">
        <ele>3.75</ele>
        <extensions>
          <gpxtpx:TrackPointExtension>
            <gpxtpx:Extensions>
              <highway>secondary</highway>
              <surface>asphalt</surface>
              <estimated_traffic_class>1</estimated_traffic_class>
            </gpxtpx:Extensions>
          </gpxtpx:TrackPointExtension>
        </extensions>
      </trkpt>
      <trkpt lat="49.329615" lon="0.009067">
        <ele>3.75</ele>
        <extensions>
          <gpxtpx:TrackPointExtension>
            <gpxtpx:Extensions>
              <highway>secondary</highway>
              <surface>asphalt</surface>
              <estimated_traffic_class>1</estimated_traffic_class>
            </gpxtpx:Extensions>
          </gpxtpx:TrackPointExtension>
        </extensions>
      </trkpt>
      <trkpt lat="49.329496" lon="0.008826">
        <ele>4</ele>
        <extensions>
          <gpxtpx:TrackPointExtension>
            <gpxtpx:Extensions>
              <highway>secondary</highway>
              <surface>asphalt</surface>
              <estimated_traffic_class>1</estimated_traffic_class>
            </gpxtpx:Extensions>
          </gpxtpx:TrackPointExtension>
        </extensions>
      </trkpt>
      <trkpt lat="49.329315" lon="0.008462">
        <ele>4.25</ele>
        <extensions>
          <gpxtpx:TrackPointExtension>
            <gpxtpx:Extensions>
              <highway>secondary</highway>
              <surface>asphalt</surface>
              <estimated_traffic_class>1</estimated_traffic_class>
            </gpxtpx:Extensions>
          </gpxtpx:TrackPointExtension>
        </extensions>
      </trkpt>
      <trkpt lat="49.328939" lon="0.00779">
        <ele>5</ele>
        <extensions>
          <gpxtpx:TrackPointExtension>
            <gpxtpx:Extensions>
              <highway>secondary</highway>
              <surface>asphalt</surface>
              <estimated_traffic_class>1</estimated_traffic_class>
            </gpxtpx:Extensions>
          </gpxtpx:TrackPointExtension>
        </extensions>
      </trkpt>
      <trkpt lat="49.328843" lon="0.007601">
        <ele>5</ele>
        <extensions>
          <gpxtpx:TrackPointExtension>
            <gpxtpx:Extensions>
              <highway>secondary</highway>
              <surface>asphalt</surface>
              <estimated_traffic_class>1</estimated_traffic_class>
            </gpxtpx:Extensions>
          </gpxtpx:TrackPointExtension>
        </extensions>
      </trkpt>
      <trkpt lat="49.328553" lon="0.007029">
        <ele>5</ele>
        <extensions>
          <gpxtpx:TrackPointExtension>
            <gpxtpx:Extensions>
              <highway>secondary</highway>
              <surface>asphalt</surface>
              <estimated_traffic_class>1</estimated_traffic_class>
            </gpxtpx:Extensions>
          </gpxtpx:TrackPointExtension>
        </extensions>
      </trkpt>
      <trkpt lat="49.328539" lon="0.007002">
        <ele>5</ele>
        <extensions>
          <gpxtpx:TrackPointExtension>
            <gpxtpx:Extensions>
              <highway>secondary</highway>
              <surface>asphalt</surface>
              <estimated_traffic_class>1</estimated_traffic_class>
            </gpxtpx:Extensions>
          </gpxtpx:TrackPointExtension>
        </extensions>
      </trkpt>
      <trkpt lat="49.328439" lon="0.006879">
        <ele>5</ele>
        <extensions>
          <gpxtpx:TrackPointExtension>
            <gpxtpx:Extensions>
              <highway>secondary</highway>
              <surface>asphalt</surface>
              <junction>roundabout</junction>
              <smoothness>excellent</smoothness>
              <estimated_traffic_class>1</estimated_traffic_class>
            </gpxtpx:Extensions>
          </gpxtpx:TrackPointExtension>
        </extensions>
      </trkpt>
      <trkpt lat="49.328458" lon="0.006815">
        <ele>5</ele>
        <extensions>
          <gpxtpx:TrackPointExtension>
            <gpxtpx:Extensions>
              <highway>secondary</highway>
              <surface>asphalt</surface>
              <junction>roundabout</junction>
              <smoothness>excellent</smoothness>
              <estimated_traffic_class>1</estimated_traffic_class>
            </gpxtpx:Extensions>
          </gpxtpx:TrackPointExtension>
        </extensions>
      </trkpt>
      <trkpt lat="49.32845" lon="0.006745">
        <ele>5</ele>
        <extensions>
          <gpxtpx:TrackPointExtension>
            <gpxtpx:Extensions>
              <highway>secondary</highway>
              <surface>asphalt</surface>
              <junction>roundabout</junction>
              <smoothness>excellent</smoothness>
              <estimated_traffic_class>1</estimated_traffic_class>
            </gpxtpx:Extensions>
          </gpxtpx:TrackPointExtension>
        </extensions>
      </trkpt>
      <trkpt lat="49.328436" lon="0.006715">
        <ele>5</ele>
        <extensions>
          <gpxtpx:TrackPointExtension>
            <gpxtpx:Extensions>
              <highway>secondary</highway>
              <surface>asphalt</surface>
              <junction>roundabout</junction>
              <smoothness>excellent</smoothness>
              <estimated_traffic_class>1</estimated_traffic_class>
            </gpxtpx:Extensions>
          </gpxtpx:TrackPointExtension>
        </extensions>
      </trkpt>
      <trkpt lat="49.328417" lon="0.006694">
        <ele>5</ele>
        <extensions>
          <gpxtpx:TrackPointExtension>
            <gpxtpx:Extensions>
              <highway>secondary</highway>
              <surface>asphalt</surface>
              <junction>roundabout</junction>
              <smoothness>excellent</smoothness>
              <estimated_traffic_class>1</estimated_traffic_class>
            </gpxtpx:Extensions>
          </gpxtpx:TrackPointExtension>
        </extensions>
      </trkpt>
      <trkpt lat="49.328372" lon="0.00668">
        <ele>5</ele>
        <extensions>
          <gpxtpx:TrackPointExtension>
            <gpxtpx:Extensions>
              <highway>secondary</highway>
              <surface>asphalt</surface>
              <estimated_traffic_class>1</estimated_traffic_class>
            </gpxtpx:Extensions>
          </gpxtpx:TrackPointExtension>
        </extensions>
      </trkpt>
      <trkpt lat="49.328317" lon="0.006516">
        <ele>5</ele>
        <extensions>
          <gpxtpx:TrackPointExtension>
            <gpxtpx:Extensions>
              <highway>secondary</highway>
              <surface>asphalt</surface>
              <smoothness>excellent</smoothness>
              <estimated_traffic_class>1</estimated_traffic_class>
            </gpxtpx:Extensions>
          </gpxtpx:TrackPointExtension>
        </extensions>
      </trkpt>
      <trkpt lat="49.328294" lon="0.006449">
        <ele>5</ele>
        <extensions>
          <gpxtpx:TrackPointExtension>
            <gpxtpx:Extensions>
              <highway>secondary</highway>
              <surface>asphalt</surface>
              <smoothness>excellent</smoothness>
              <estimated_traffic_class>1</estimated_traffic_class>
            </gpxtpx:Extensions>
          </gpxtpx:TrackPointExtension>
        </extensions>
      </trkpt>
      <trkpt lat="49.327888" lon="0.005491">
        <ele>5</ele>
        <extensions>
          <gpxtpx:TrackPointExtension>
            <gpxtpx:Extensions>
              <highway>secondary</highway>
              <surface>asphalt</surface>
              <smoothness>excellent</smoothness>
              <estimated_traffic_class>1</estimated_traffic_class>
            </gpxtpx:Extensions>
          </gpxtpx:TrackPointExtension>
        </extensions>
      </trkpt>
      <trkpt lat="49.327525" lon="0.004633">
        <ele>5</ele>
        <extensions>
          <gpxtpx:TrackPointExtension>
            <gpxtpx:Extensions>
              <highway>secondary</highway>
              <surface>asphalt</surface>
              <estimated_traffic_class>1</estimated_traffic_class>
            </gpxtpx:Extensions>
          </gpxtpx:TrackPointExtension>
        </extensions>
      </trkpt>
      <trkpt lat="49.327327" lon="0.004164">
        <ele>5</ele>
        <extensions>
          <gpxtpx:TrackPointExtension>
            <gpxtpx:Extensions>
              <highway>secondary</highway>
              <surface>asphalt</surface>
              <estimated_traffic_class>1</estimated_traffic_class>
            </gpxtpx:Extensions>
          </gpxtpx:TrackPointExtension>
        </extensions>
      </trkpt>
      <trkpt lat="49.327149" lon="0.00374">
        <ele>5</ele>
        <extensions>
          <gpxtpx:TrackPointExtension>
            <gpxtpx:Extensions>
              <highway>secondary</highway>
              <surface>asphalt</surface>
              <estimated_traffic_class>1</estimated_traffic_class>
            </gpxtpx:Extensions>
          </gpxtpx:TrackPointExtension>
        </extensions>
      </trkpt>
      <trkpt lat="49.326682" lon="0.002643">
        <ele>5</ele>
        <extensions>
          <gpxtpx:TrackPointExtension>
            <gpxtpx:Extensions>
              <highway>secondary</highway>
              <surface>asphalt</surface>
              <estimated_traffic_class>1</estimated_traffic_class>
            </gpxtpx:Extensions>
          </gpxtpx:TrackPointExtension>
        </extensions>
      </trkpt>
      <trkpt lat="49.326584" lon="0.002409">
        <ele>5</ele>
      </trkpt>
      <trkpt lat="49.326585" lon="0.00241">
        <ele>4.5</ele>
        <extensions>
          <gpxtpx:TrackPointExtension>
            <gpxtpx:Extensions>
              <highway>secondary</highway>
              <surface>asphalt</surface>
              <estimated_traffic_class>1</estimated_traffic_class>
            </gpxtpx:Extensions>
          </gpxtpx:TrackPointExtension>
        </extensions>
      </trkpt>
      <trkpt lat="49.326483" lon="0.002167">
        <ele>4.25</ele>
        <extensions>
          <gpxtpx:TrackPointExtension>
            <gpxtpx:Extensions>
              <highway>secondary</highway>
              <surface>asphalt</surface>
              <estimated_traffic_class>1</estimated_traffic_class>
            </gpxtpx:Extensions>
          </gpxtpx:TrackPointExtension>
        </extensions>
      </trkpt>
      <trkpt lat="49.326029" lon="0.001076">
        <ele>3.5</ele>
        <extensions>
          <gpxtpx:TrackPointExtension>
            <gpxtpx:Extensions>
              <highway>secondary</highway>
              <surface>asphalt</surface>
              <estimated_traffic_class>1</estimated_traffic_class>
            </gpxtpx:Extensions>
          </gpxtpx:TrackPointExtension>
        </extensions>
      </trkpt>
      <trkpt lat="49.325878" lon="0.000655">
        <ele>3.5</ele>
        <extensions>
          <gpxtpx:TrackPointExtension>
            <gpxtpx:Extensions>
              <highway>secondary</highway>
              <surface>asphalt</surface>
              <cycleway>no</cycleway>
              <estimated_traffic_class>2</estimated_traffic_class>
            </gpxtpx:Extensions>
          </gpxtpx:TrackPointExtension>
        </extensions>
      </trkpt>
      <trkpt lat="49.32571" lon="0.000174">
        <ele>3.25</ele>
        <extensions>
          <gpxtpx:TrackPointExtension>
            <gpxtpx:Extensions>
              <highway>secondary</highway>
              <surface>asphalt</surface>
              <cycleway>no</cycleway>
              <estimated_traffic_class>2</estimated_traffic_class>
            </gpxtpx:Extensions>
          </gpxtpx:TrackPointExtension>
        </extensions>
      </trkpt>
      <trkpt lat="49.325674" lon="0.00007">
        <ele>3.25</ele>
        <extensions>
          <gpxtpx:TrackPointExtension>
            <gpxtpx:Extensions>
              <highway>secondary</highway>
              <surface>asphalt</surface>
              <cycleway>no</cycleway>
              <estimated_traffic_class>2</estimated_traffic_class>
            </gpxtpx:Extensions>
          </gpxtpx:TrackPointExtension>
        </extensions>
      </trkpt>
      <trkpt lat="49.325326" lon="-0.000945">
        <ele>4</ele>
        <extensions>
          <gpxtpx:TrackPointExtension>
            <gpxtpx:Extensions>
              <highway>secondary</highway>
              <surface>asphalt</surface>
              <cycleway>no</cycleway>
              <estimated_traffic_class>2</estimated_traffic_class>
            </gpxtpx:Extensions>
          </gpxtpx:TrackPointExtension>
        </extensions>
      </trkpt>
      <trkpt lat="49.325262" lon="-0.001122">
        <ele>4.25</ele>
        <extensions>
          <gpxtpx:TrackPointExtension>
            <gpxtpx:Extensions>
              <highway>secondary</highway>
              <surface>asphalt</surface>
              <cycleway>no</cycleway>
              <estimated_traffic_class>2</estimated_traffic_class>
            </gpxtpx:Extensions>
          </gpxtpx:TrackPointExtension>
        </extensions>
      </trkpt>
      <trkpt lat="49.325158" lon="-0.00135">
        <ele>4.5</ele>
        <extensions>
          <gpxtpx:TrackPointExtension>
            <gpxtpx:Extensions>
              <highway>secondary</highway>
              <surface>asphalt</surface>
              <cycleway>no</cycleway>
              <estimated_traffic_class>2</estimated_traffic_class>
            </gpxtpx:Extensions>
          </gpxtpx:TrackPointExtension>
        </extensions>
      </trkpt>
      <trkpt lat="49.325116" lon="-0.001616">
        <ele>4.75</ele>
        <extensions>
          <gpxtpx:TrackPointExtension>
            <gpxtpx:Extensions>
              <highway>secondary</highway>
              <surface>asphalt</surface>
              <cycleway>no</cycleway>
              <estimated_traffic_class>2</estimated_traffic_class>
            </gpxtpx:Extensions>
          </gpxtpx:TrackPointExtension>
        </extensions>
      </trkpt>
      <trkpt lat="49.325061" lon="-0.001766">
        <ele>4.75</ele>
        <extensions>
          <gpxtpx:TrackPointExtension>
            <gpxtpx:Extensions>
              <highway>secondary</highway>
              <surface>asphalt</surface>
              <cycleway>no</cycleway>
              <estimated_traffic_class>2</estimated_traffic_class>
            </gpxtpx:Extensions>
          </gpxtpx:TrackPointExtension>
        </extensions>
      </trkpt>
      <trkpt lat="49.324797" lon="-0.002495">
        <ele>5.5</ele>
        <extensions>
          <gpxtpx:TrackPointExtension>
            <gpxtpx:Extensions>
              <highway>secondary</highway>
              <surface>asphalt</surface>
              <cycleway>no</cycleway>
              <estimated_traffic_class>2</estimated_traffic_class>
            </gpxtpx:Extensions>
          </gpxtpx:TrackPointExtension>
        </extensions>
      </trkpt>
      <trkpt lat="49.324631" lon="-0.002978">
        <ele>6.25</ele>
        <extensions>
          <gpxtpx:TrackPointExtension>
            <gpxtpx:Extensions>
              <highway>secondary</highway>
              <surface>asphalt</surface>
              <cycleway>no</cycleway>
              <estimated_traffic_class>2</estimated_traffic_class>
            </gpxtpx:Extensions>
          </gpxtpx:TrackPointExtension>
        </extensions>
      </trkpt>
      <trkpt lat="49.324617" lon="-0.00302">
        <ele>6.25</ele>
        <extensions>
          <gpxtpx:TrackPointExtension>
            <gpxtpx:Extensions>
              <highway>secondary</highway>
              <surface>asphalt</surface>
              <cycleway>no</cycleway>
              <estimated_traffic_class>2</estimated_traffic_class>
            </gpxtpx:Extensions>
          </gpxtpx:TrackPointExtension>
        </extensions>
      </trkpt>
      <trkpt lat="49.324246" lon="-0.0041">
        <ele>7.5</ele>
        <extensions>
          <gpxtpx:TrackPointExtension>
            <gpxtpx:Extensions>
              <highway>secondary</highway>
              <surface>asphalt</surface>
              <cycleway>no</cycleway>
              <estimated_traffic_class>2</estimated_traffic_class>
            </gpxtpx:Extensions>
          </gpxtpx:TrackPointExtension>
        </extensions>
      </trkpt>
      <trkpt lat="49.324206" lon="-0.004217">
        <ele>7.75</ele>
        <extensions>
          <gpxtpx:TrackPointExtension>
            <gpxtpx:Extensions>
              <highway>residential</highway>
              <surface>asphalt</surface>
              <oneway>yes</oneway>
            </gpxtpx:Extensions>
          </gpxtpx:TrackPointExtension>
        </extensions>
      </trkpt>
      <trkpt lat="49.324118" lon="-0.004214">
        <ele>8</ele>
        <extensions>
          <gpxtpx:TrackPointExtension>
            <gpxtpx:Extensions>
              <highway>residential</highway>
              <surface>asphalt</surface>
              <oneway>yes</oneway>
            </gpxtpx:Extensions>
          </gpxtpx:TrackPointExtension>
        </extensions>
      </trkpt>
      <trkpt lat="49.32388" lon="-0.004252">
        <ele>8</ele>
        <extensions>
          <gpxtpx:TrackPointExtension>
            <gpxtpx:Extensions>
              <highway>residential</highway>
              <surface>asphalt</surface>
              <oneway>yes</oneway>
            </gpxtpx:Extensions>
          </gpxtpx:TrackPointExtension>
        </extensions>
      </trkpt>
      <trkpt lat="49.323218" lon="-0.004357">
        <ele>11.25</ele>
        <extensions>
          <gpxtpx:TrackPointExtension>
            <gpxtpx:Extensions>
              <highway>residential</highway>
              <surface>asphalt</surface>
              <oneway>yes</oneway>
            </gpxtpx:Extensions>
          </gpxtpx:TrackPointExtension>
        </extensions>
      </trkpt>
      <trkpt lat="49.323075" lon="-0.00438">
        <ele>11.5</ele>
        <extensions>
          <gpxtpx:TrackPointExtension>
            <gpxtpx:Extensions>
              <highway>secondary</highway>
              <surface>asphalt</surface>
              <junction>roundabout</junction>
              <estimated_traffic_class>3</estimated_traffic_class>
            </gpxtpx:Extensions>
          </gpxtpx:TrackPointExtension>
        </extensions>
      </trkpt>
      <trkpt lat="49.323073" lon="-0.004418">
        <ele>11.5</ele>
        <extensions>
          <gpxtpx:TrackPointExtension>
            <gpxtpx:Extensions>
              <highway>secondary</highway>
              <surface>asphalt</surface>
              <junction>roundabout</junction>
              <estimated_traffic_class>3</estimated_traffic_class>
            </gpxtpx:Extensions>
          </gpxtpx:TrackPointExtension>
        </extensions>
      </trkpt>
      <trkpt lat="49.323048" lon="-0.004483">
        <ele>11.75</ele>
        <extensions>
          <gpxtpx:TrackPointExtension>
            <gpxtpx:Extensions>
              <highway>secondary</highway>
              <surface>asphalt</surface>
              <junction>roundabout</junction>
              <estimated_traffic_class>3</estimated_traffic_class>
            </gpxtpx:Extensions>
          </gpxtpx:TrackPointExtension>
        </extensions>
      </trkpt>
      <trkpt lat="49.323028" lon="-0.004505">
        <ele>11.75</ele>
        <extensions>
          <gpxtpx:TrackPointExtension>
            <gpxtpx:Extensions>
              <highway>secondary</highway>
              <surface>asphalt</surface>
              <junction>roundabout</junction>
              <estimated_traffic_class>3</estimated_traffic_class>
            </gpxtpx:Extensions>
          </gpxtpx:TrackPointExtension>
        </extensions>
      </trkpt>
      <trkpt lat="49.323004" lon="-0.004516">
        <ele>11.75</ele>
        <extensions>
          <gpxtpx:TrackPointExtension>
            <gpxtpx:Extensions>
              <highway>secondary</highway>
              <surface>asphalt</surface>
              <junction>roundabout</junction>
              <estimated_traffic_class>3</estimated_traffic_class>
            </gpxtpx:Extensions>
          </gpxtpx:TrackPointExtension>
        </extensions>
      </trkpt>
      <trkpt lat="49.322976" lon="-0.004517">
        <ele>12</ele>
        <extensions>
          <gpxtpx:TrackPointExtension>
            <gpxtpx:Extensions>
              <highway>secondary</highway>
              <surface>asphalt</surface>
              <junction>roundabout</junction>
              <estimated_traffic_class>3</estimated_traffic_class>
            </gpxtpx:Extensions>
          </gpxtpx:TrackPointExtension>
        </extensions>
      </trkpt>
      <trkpt lat="49.32295" lon="-0.004503">
        <ele>12</ele>
        <extensions>
          <gpxtpx:TrackPointExtension>
            <gpxtpx:Extensions>
              <highway>secondary</highway>
              <surface>asphalt</surface>
              <junction>roundabout</junction>
              <estimated_traffic_class>3</estimated_traffic_class>
            </gpxtpx:Extensions>
          </gpxtpx:TrackPointExtension>
        </extensions>
      </trkpt>
      <trkpt lat="49.322927" lon="-0.004478">
        <ele>12</ele>
        <extensions>
          <gpxtpx:TrackPointExtension>
            <gpxtpx:Extensions>
              <highway>secondary</highway>
              <surface>asphalt</surface>
              <junction>roundabout</junction>
              <estimated_traffic_class>3</estimated_traffic_class>
            </gpxtpx:Extensions>
          </gpxtpx:TrackPointExtension>
        </extensions>
      </trkpt>
      <trkpt lat="49.322912" lon="-0.004442">
        <ele>12</ele>
        <extensions>
          <gpxtpx:TrackPointExtension>
            <gpxtpx:Extensions>
              <highway>secondary</highway>
              <surface>asphalt</surface>
              <junction>roundabout</junction>
              <estimated_traffic_class>3</estimated_traffic_class>
            </gpxtpx:Extensions>
          </gpxtpx:TrackPointExtension>
        </extensions>
      </trkpt>
      <trkpt lat="49.322904" lon="-0.004401">
        <ele>12</ele>
        <extensions>
          <gpxtpx:TrackPointExtension>
            <gpxtpx:Extensions>
              <highway>secondary</highway>
              <surface>asphalt</surface>
              <oneway>yes</oneway>
              <cycleway_right>no</cycleway_right>
              <estimated_traffic_class>3</estimated_traffic_class>
            </gpxtpx:Extensions>
          </gpxtpx:TrackPointExtension>
        </extensions>
      </trkpt>
      <trkpt lat="49.322802" lon="-0.004419">
        <ele>12.25</ele>
        <extensions>
          <gpxtpx:TrackPointExtension>
            <gpxtpx:Extensions>
              <highway>secondary</highway>
              <surface>asphalt</surface>
              <oneway>yes</oneway>
              <cycleway_right>no</cycleway_right>
              <estimated_traffic_class>3</estimated_traffic_class>
            </gpxtpx:Extensions>
          </gpxtpx:TrackPointExtension>
        </extensions>
      </trkpt>
      <trkpt lat="49.322009" lon="-0.004565">
        <ele>14.75</ele>
        <extensions>
          <gpxtpx:TrackPointExtension>
            <gpxtpx:Extensions>
              <highway>secondary</highway>
              <surface>asphalt</surface>
              <oneway>yes</oneway>
              <cycleway_right>no</cycleway_right>
              <estimated_traffic_class>3</estimated_traffic_class>
            </gpxtpx:Extensions>
          </gpxtpx:TrackPointExtension>
        </extensions>
      </trkpt>
      <trkpt lat="49.321832" lon="-0.004598">
        <ele>15.5</ele>
        <extensions>
          <gpxtpx:TrackPointExtension>
            <gpxtpx:Extensions>
              <highway>residential</highway>
              <surface>asphalt</surface>
              <oneway>yes</oneway>
            </gpxtpx:Extensions>
          </gpxtpx:TrackPointExtension>
        </extensions>
      </trkpt>
      <trkpt lat="49.321149" lon="-0.004707">
        <ele>19</ele>
        <extensions>
          <gpxtpx:TrackPointExtension>
            <gpxtpx:Extensions>
              <highway>residential</highway>
              <surface>asphalt</surface>
              <oneway>yes</oneway>
            </gpxtpx:Extensions>
          </gpxtpx:TrackPointExtension>
        </extensions>
      </trkpt>
      <trkpt lat="49.320673" lon="-0.004783">
        <ele>22</ele>
        <extensions>
          <gpxtpx:TrackPointExtension>
            <gpxtpx:Extensions>
              <highway>residential</highway>
            </gpxtpx:Extensions>
          </gpxtpx:TrackPointExtension>
        </extensions>
      </trkpt>
      <trkpt lat="49.319586" lon="-0.004949">
        <ele>31.5</ele>
        <extensions>
          <gpxtpx:TrackPointExtension>
            <gpxtpx:Extensions>
              <highway>residential</highway>
            </gpxtpx:Extensions>
          </gpxtpx:TrackPointExtension>
        </extensions>
      </trkpt>
      <trkpt lat="49.318759" lon="-0.005071">
        <ele>38.5</ele>
        <extensions>
          <gpxtpx:TrackPointExtension>
            <gpxtpx:Extensions>
              <highway>residential</highway>
            </gpxtpx:Extensions>
          </gpxtpx:TrackPointExtension>
        </extensions>
      </trkpt>
      <trkpt lat="49.318306" lon="-0.00509">
        <ele>41.75</ele>
        <extensions>
          <gpxtpx:TrackPointExtension>
            <gpxtpx:Extensions>
              <reversedirection>yes</reversedirection>
              <highway>residential</highway>
            </gpxtpx:Extensions>
          </gpxtpx:TrackPointExtension>
        </extensions>
      </trkpt>
      <trkpt lat="49.318234" lon="-0.00452">
        <ele>46</ele>
        <extensions>
          <gpxtpx:TrackPointExtension>
            <gpxtpx:Extensions>
              <reversedirection>yes</reversedirection>
              <highway>residential</highway>
            </gpxtpx:Extensions>
          </gpxtpx:TrackPointExtension>
        </extensions>
      </trkpt>
      <trkpt lat="49.317538" lon="-0.004187">
        <ele>51.75</ele>
        <extensions>
          <gpxtpx:TrackPointExtension>
            <gpxtpx:Extensions>
              <reversedirection>yes</reversedirection>
              <highway>residential</highway>
            </gpxtpx:Extensions>
          </gpxtpx:TrackPointExtension>
        </extensions>
      </trkpt>
      <trkpt lat="49.31706" lon="-0.003943">
        <ele>57.25</ele>
        <extensions>
          <gpxtpx:TrackPointExtension>
            <gpxtpx:Extensions>
              <reversedirection>yes</reversedirection>
              <highway>residential</highway>
            </gpxtpx:Extensions>
          </gpxtpx:TrackPointExtension>
        </extensions>
      </trkpt>
      <trkpt lat="49.316747" lon="-0.003796">
        <ele>60.5</ele>
        <extensions>
          <gpxtpx:TrackPointExtension>
            <gpxtpx:Extensions>
              <reversedirection>yes</reversedirection>
              <highway>residential</highway>
            </gpxtpx:Extensions>
          </gpxtpx:TrackPointExtension>
        </extensions>
      </trkpt>
      <trkpt lat="49.315749" lon="-0.003604">
        <ele>73.75</ele>
        <extensions>
          <gpxtpx:TrackPointExtension>
            <gpxtpx:Extensions>
              <reversedirection>yes</reversedirection>
              <highway>residential</highway>
            </gpxtpx:Extensions>
          </gpxtpx:TrackPointExtension>
        </extensions>
      </trkpt>
      <trkpt lat="49.315641" lon="-0.003612">
        <ele>74.75</ele>
        <extensions>
          <gpxtpx:TrackPointExtension>
            <gpxtpx:Extensions>
              <reversedirection>yes</reversedirection>
              <highway>residential</highway>
            </gpxtpx:Extensions>
          </gpxtpx:TrackPointExtension>
        </extensions>
      </trkpt>
      <trkpt lat="49.315433" lon="-0.003641">
        <ele>77</ele>
        <extensions>
          <gpxtpx:TrackPointExtension>
            <gpxtpx:Extensions>
              <highway>residential</highway>
              <route_bicycle_icn>yes</route_bicycle_icn>
            </gpxtpx:Extensions>
          </gpxtpx:TrackPointExtension>
        </extensions>
      </trkpt>
      <trkpt lat="49.315373" lon="-0.003713">
        <ele>77.5</ele>
        <extensions>
          <gpxtpx:TrackPointExtension>
            <gpxtpx:Extensions>
              <highway>residential</highway>
              <route_bicycle_icn>yes</route_bicycle_icn>
            </gpxtpx:Extensions>
          </gpxtpx:TrackPointExtension>
        </extensions>
      </trkpt>
      <trkpt lat="49.315322" lon="-0.003817">
        <ele>78.25</ele>
        <extensions>
          <gpxtpx:TrackPointExtension>
            <gpxtpx:Extensions>
              <highway>residential</highway>
              <route_bicycle_icn>yes</route_bicycle_icn>
            </gpxtpx:Extensions>
          </gpxtpx:TrackPointExtension>
        </extensions>
      </trkpt>
      <trkpt lat="49.315108" lon="-0.004238">
        <ele>80.75</ele>
        <extensions>
          <gpxtpx:TrackPointExtension>
            <gpxtpx:Extensions>
              <highway>residential</highway>
              <route_bicycle_icn>yes</route_bicycle_icn>
            </gpxtpx:Extensions>
          </gpxtpx:TrackPointExtension>
        </extensions>
      </trkpt>
      <trkpt lat="49.314677" lon="-0.004961">
        <ele>84.25</ele>
        <extensions>
          <gpxtpx:TrackPointExtension>
            <gpxtpx:Extensions>
              <highway>residential</highway>
              <route_bicycle_icn>yes</route_bicycle_icn>
            </gpxtpx:Extensions>
          </gpxtpx:TrackPointExtension>
        </extensions>
      </trkpt>
      <trkpt lat="49.314393" lon="-0.005302">
        <ele>86</ele>
        <extensions>
          <gpxtpx:TrackPointExtension>
            <gpxtpx:Extensions>
              <highway>residential</highway>
              <route_bicycle_icn>yes</route_bicycle_icn>
            </gpxtpx:Extensions>
          </gpxtpx:TrackPointExtension>
        </extensions>
      </trkpt>
      <trkpt lat="49.314124" lon="-0.005584">
        <ele>87.25</ele>
        <extensions>
          <gpxtpx:TrackPointExtension>
            <gpxtpx:Extensions>
              <highway>residential</highway>
              <route_bicycle_icn>yes</route_bicycle_icn>
            </gpxtpx:Extensions>
          </gpxtpx:TrackPointExtension>
        </extensions>
      </trkpt>
      <trkpt lat="49.3138" lon="-0.005924">
        <ele>88</ele>
        <extensions>
          <gpxtpx:TrackPointExtension>
            <gpxtpx:Extensions>
              <highway>residential</highway>
              <route_bicycle_icn>yes</route_bicycle_icn>
            </gpxtpx:Extensions>
          </gpxtpx:TrackPointExtension>
        </extensions>
      </trkpt>
      <trkpt lat="49.313658" lon="-0.006137">
        <ele>88</ele>
        <extensions>
          <gpxtpx:TrackPointExtension>
            <gpxtpx:Extensions>
              <highway>residential</highway>
              <route_bicycle_icn>yes</route_bicycle_icn>
            </gpxtpx:Extensions>
          </gpxtpx:TrackPointExtension>
        </extensions>
      </trkpt>
      <trkpt lat="49.31342" lon="-0.006604">
        <ele>88.5</ele>
        <extensions>
          <gpxtpx:TrackPointExtension>
            <gpxtpx:Extensions>
              <highway>residential</highway>
              <route_bicycle_icn>yes</route_bicycle_icn>
            </gpxtpx:Extensions>
          </gpxtpx:TrackPointExtension>
        </extensions>
      </trkpt>
      <trkpt lat="49.313007" lon="-0.00748">
        <ele>90.25</ele>
        <extensions>
          <gpxtpx:TrackPointExtension>
            <gpxtpx:Extensions>
              <highway>residential</highway>
              <route_bicycle_icn>yes</route_bicycle_icn>
            </gpxtpx:Extensions>
          </gpxtpx:TrackPointExtension>
        </extensions>
      </trkpt>
      <trkpt lat="49.312825" lon="-0.007759">
        <ele>90</ele>
        <extensions>
          <gpxtpx:TrackPointExtension>
            <gpxtpx:Extensions>
              <highway>residential</highway>
              <route_bicycle_icn>yes</route_bicycle_icn>
            </gpxtpx:Extensions>
          </gpxtpx:TrackPointExtension>
        </extensions>
      </trkpt>
      <trkpt lat="49.312479" lon="-0.008202">
        <ele>90</ele>
        <extensions>
          <gpxtpx:TrackPointExtension>
            <gpxtpx:Extensions>
              <highway>residential</highway>
              <route_bicycle_icn>yes</route_bicycle_icn>
            </gpxtpx:Extensions>
          </gpxtpx:TrackPointExtension>
        </extensions>
      </trkpt>
      <trkpt lat="49.312388" lon="-0.008317">
        <ele>90.25</ele>
        <extensions>
          <gpxtpx:TrackPointExtension>
            <gpxtpx:Extensions>
              <highway>residential</highway>
              <route_bicycle_icn>yes</route_bicycle_icn>
            </gpxtpx:Extensions>
          </gpxtpx:TrackPointExtension>
        </extensions>
      </trkpt>
      <trkpt lat="49.311931" lon="-0.008769">
        <ele>90.75</ele>
        <extensions>
          <gpxtpx:TrackPointExtension>
            <gpxtpx:Extensions>
              <highway>residential</highway>
              <route_bicycle_icn>yes</route_bicycle_icn>
            </gpxtpx:Extensions>
          </gpxtpx:TrackPointExtension>
        </extensions>
      </trkpt>
      <trkpt lat="49.311339" lon="-0.009358">
        <ele>93</ele>
        <extensions>
          <gpxtpx:TrackPointExtension>
            <gpxtpx:Extensions>
              <highway>residential</highway>
              <route_bicycle_icn>yes</route_bicycle_icn>
            </gpxtpx:Extensions>
          </gpxtpx:TrackPointExtension>
        </extensions>
      </trkpt>
      <trkpt lat="49.311289" lon="-0.009427">
        <ele>93.25</ele>
        <extensions>
          <gpxtpx:TrackPointExtension>
            <gpxtpx:Extensions>
              <highway>residential</highway>
              <route_bicycle_icn>yes</route_bicycle_icn>
            </gpxtpx:Extensions>
          </gpxtpx:TrackPointExtension>
        </extensions>
      </trkpt>
      <trkpt lat="49.311261" lon="-0.009517">
        <ele>93.5</ele>
        <extensions>
          <gpxtpx:TrackPointExtension>
            <gpxtpx:Extensions>
              <highway>residential</highway>
              <surface>asphalt</surface>
              <route_bicycle_icn>yes</route_bicycle_icn>
            </gpxtpx:Extensions>
          </gpxtpx:TrackPointExtension>
        </extensions>
      </trkpt>
      <trkpt lat="49.311262" lon="-0.009527">
        <ele>93.5</ele>
      </trkpt>
      <trkpt lat="49.311261577" lon="-0.009526987">
        <ele>93.18</ele>
      </trkpt>
      <trkpt lat="49.311534152" lon="-0.010545057">
        <ele>90.48</ele>
      </trkpt>
      <trkpt lat="49.311794561" lon="-0.011389279">
        <ele>88.25</ele>
      </trkpt>
      <trkpt lat="49.312258741" lon="-0.013182297">
        <ele>86.24</ele>
      </trkpt>
      <trkpt lat="49.31229975" lon="-0.013575106">
        <ele>85.4</ele>
      </trkpt>
      <trkpt lat="49.312247077" lon="-0.013735165">
        <ele>85.68</ele>
      </trkpt>
      <trkpt lat="49.312153949" lon="-0.014027501">
        <ele>87.28</ele>
      </trkpt>
      <trkpt lat="49.312153749" lon="-0.014027652">
        <ele>89.05</ele>
      </trkpt>
      <trkpt lat="49.312113132" lon="-0.014320756">
        <ele>92.02</ele>
      </trkpt>
      <trkpt lat="49.312136216" lon="-0.014681782">
        <ele>95.14</ele>
      </trkpt>
      <trkpt lat="49.312212663" lon="-0.015331832">
        <ele>99.09</ele>
      </trkpt>
      <trkpt lat="49.312279493" lon="-0.015702962">
        <ele>103.17</ele>
      </trkpt>
      <trkpt lat="49.312331064" lon="-0.015989358">
        <ele>106.82</ele>
      </trkpt>
      <trkpt lat="49.312451666" lon="-0.016461026">
        <ele>109.92</ele>
      </trkpt>
      <trkpt lat="49.31192307" lon="-0.017094689">
        <ele>113.04</ele>
      </trkpt>
      <trkpt lat="49.311505135" lon="-0.017763704">
        <ele>115.66</ele>
      </trkpt>
      <trkpt lat="49.311185087" lon="-0.01854713">
        <ele>117.55</ele>
      </trkpt>
      <trkpt lat="49.310992882" lon="-0.019004356">
        <ele>119.14</ele>
      </trkpt>
      <trkpt lat="49.310778693" lon="-0.019293849">
        <ele>120.72</ele>
      </trkpt>
      <trkpt lat="49.310526624" lon="-0.019424355">
        <ele>122.01</ele>
      </trkpt>
      <trkpt lat="49.309911606" lon="-0.019572391">
        <ele>122.7</ele>
      </trkpt>
      <trkpt lat="49.309838436" lon="-0.019661222">
        <ele>123.57</ele>
      </trkpt>
      <trkpt lat="49.308769651" lon="-0.019795654">
        <ele>125.01</ele>
      </trkpt>
      <trkpt lat="49.308745473" lon="-0.019829907">
        <ele>125.83</ele>
      </trkpt>
      <trkpt lat="49.3084197" lon="-0.021306161">
        <ele>126.11</ele>
      </trkpt>
      <trkpt lat="49.308582584" lon="-0.021392521">
        <ele>127.01</ele>
      </trkpt>
      <trkpt lat="49.309144434" lon="-0.021880878">
        <ele>127.37</ele>
      </trkpt>
      <trkpt lat="49.30963048" lon="-0.022244081">
        <ele>127.18</ele>
      </trkpt>
      <trkpt lat="49.31009268" lon="-0.022556505">
        <ele>126.9</ele>
      </trkpt>
      <trkpt lat="49.310309484" lon="-0.02271051">
        <ele>126.88</ele>
      </trkpt>
      <trkpt lat="49.310582745" lon="-0.022830782">
        <ele>126.03</ele>
      </trkpt>
      <trkpt lat="49.310632903" lon="-0.02283372">
        <ele>125.04</ele>
      </trkpt>
      <trkpt lat="49.310704786" lon="-0.022398919">
        <ele>124.16</ele>
      </trkpt>
      <trkpt lat="49.312945529" lon="-0.022897856">
        <ele>122.57</ele>
      </trkpt>
      <trkpt lat="49.313173" lon="-0.021933">
        <ele>120.91</ele>
      </trkpt>
      <trkpt lat="49.313497" lon="-0.021915">
        <ele>119.51</ele>
      </trkpt>
      <trkpt lat="49.313875" lon="-0.021975">
        <ele>118.84</ele>
      </trkpt>
      <trkpt lat="49.314437" lon="-0.022026">
        <ele>118.19</ele>
      </trkpt>
      <trkpt lat="49.31479905" lon="-0.021956741">
        <ele>118.44</ele>
      </trkpt>
      <trkpt lat="49.314815" lon="-0.022387">
        <ele>118.79</ele>
      </trkpt>
      <trkpt lat="49.314811" lon="-0.022618">
        <ele>119.45</ele>
      </trkpt>
      <trkpt lat="49.314793" lon="-0.022771">
        <ele>119.48</ele>
      </trkpt>
      <trkpt lat="49.314784" lon="-0.022853">
        <ele>119.63</ele>
      </trkpt>
      <trkpt lat="49.314648" lon="-0.023372">
        <ele>119.68</ele>
      </trkpt>
      <trkpt lat="49.314406" lon="-0.024037">
        <ele>119.55</ele>
      </trkpt>
      <trkpt lat="49.314372" lon="-0.02413">
        <ele>119.67</ele>
      </trkpt>
      <trkpt lat="49.314311" lon="-0.024336">
        <ele>120.89</ele>
      </trkpt>
      <trkpt lat="49.314118" lon="-0.024952">
        <ele>121.7</ele>
      </trkpt>
      <trkpt lat="49.314005" lon="-0.025215">
        <ele>122.26</ele>
      </trkpt>
      <trkpt lat="49.313957" lon="-0.025286">
        <ele>123.2</ele>
      </trkpt>
      <trkpt lat="49.31389" lon="-0.025393">
        <ele>123.79</ele>
      </trkpt>
      <trkpt lat="49.313708" lon="-0.025674">
        <ele>124.01</ele>
      </trkpt>
      <trkpt lat="49.313541" lon="-0.025976">
        <ele>124.21</ele>
      </trkpt>
      <trkpt lat="49.31343" lon="-0.026157">
        <ele>124.71</ele>
      </trkpt>
      <trkpt lat="49.313335" lon="-0.026348">
        <ele>124.65</ele>
      </trkpt>
      <trkpt lat="49.313312" lon="-0.026421">
        <ele>124.84</ele>
      </trkpt>
      <trkpt lat="49.313161" lon="-0.026881">
        <ele>124.54</ele>
      </trkpt>
      <trkpt lat="49.313093" lon="-0.027071">
        <ele>124.38</ele>
      </trkpt>
      <trkpt lat="49.312904" lon="-0.027595">
        <ele>124.44</ele>
      </trkpt>
      <trkpt lat="49.312904026" lon="-0.027595043">
        <ele>124.79</ele>
      </trkpt>
      <trkpt lat="49.312828" lon="-0.027938">
        <ele>125.02</ele>
      </trkpt>
      <trkpt lat="49.312808" lon="-0.028064">
        <ele>125.2</ele>
      </trkpt>
      <trkpt lat="49.312781" lon="-0.028227">
        <ele>125.61</ele>
      </trkpt>
      <trkpt lat="49.312776" lon="-0.028464">
        <ele>124.8</ele>
      </trkpt>
      <trkpt lat="49.312788" lon="-0.028696">
        <ele>123.78</ele>
      </trkpt>
      <trkpt lat="49.312856" lon="-0.02926">
        <ele>122.86</ele>
      </trkpt>
      <trkpt lat="49.312888" lon="-0.029642">
        <ele>122.02</ele>
      </trkpt>
      <trkpt lat="49.312883" lon="-0.029864">
        <ele>121.14</ele>
      </trkpt>
      <trkpt lat="49.312784" lon="-0.030595">
        <ele>120.96</ele>
      </trkpt>
      <trkpt lat="49.312716234" lon="-0.030824687">
        <ele>120.94</ele>
      </trkpt>
      <trkpt lat="49.312596834" lon="-0.031176125">
        <ele>120.72</ele>
      </trkpt>
      <trkpt lat="49.312472" lon="-0.031084">
        <ele>121.07</ele>
      </trkpt>
      <trkpt lat="49.312388" lon="-0.031043">
        <ele>121.17</ele>
      </trkpt>
      <trkpt lat="49.312325" lon="-0.031021">
        <ele>121.41</ele>
      </trkpt>
      <trkpt lat="49.312262" lon="-0.031017">
        <ele>121.55</ele>
      </trkpt>
      <trkpt lat="49.312205" lon="-0.031033">
        <ele>121.94</ele>
      </trkpt>
      <trkpt lat="49.31213" lon="-0.031082">
        <ele>122.21</ele>
      </trkpt>
      <trkpt lat="49.311975" lon="-0.031242">
        <ele>122.27</ele>
      </trkpt>
      <trkpt lat="49.31162" lon="-0.03162">
        <ele>122.33</ele>
      </trkpt>
      <trkpt lat="49.311296" lon="-0.032058">
        <ele>122.52</ele>
      </trkpt>
      <trkpt lat="49.311144" lon="-0.032299">
        <ele>122.72</ele>
      </trkpt>
      <trkpt lat="49.310986" lon="-0.032492">
        <ele>122.68</ele>
      </trkpt>
      <trkpt lat="49.310862" lon="-0.032597">
        <ele>123.08</ele>
      </trkpt>
      <trkpt lat="49.310653" lon="-0.032725">
        <ele>123.57</ele>
      </trkpt>
      <trkpt lat="49.310294" lon="-0.033048">
        <ele>124.05</ele>
      </trkpt>
      <trkpt lat="49.310237" lon="-0.033076">
        <ele>124.32</ele>
      </trkpt>
      <trkpt lat="49.310186" lon="-0.033081">
        <ele>124.57</ele>
      </trkpt>
      <trkpt lat="49.31012" lon="-0.033064">
        <ele>124.66</ele>
      </trkpt>
      <trkpt lat="49.310064" lon="-0.033037">
        <ele>124.72</ele>
      </trkpt>
      <trkpt lat="49.309998" lon="-0.032989">
        <ele>124.97</ele>
      </trkpt>
      <trkpt lat="49.309786" lon="-0.032798">
        <ele>125.25</ele>
      </trkpt>
      <trkpt lat="49.309599" lon="-0.032631">
        <ele>125.48</ele>
      </trkpt>
      <trkpt lat="49.309485" lon="-0.032553">
        <ele>125.72</ele>
      </trkpt>
      <trkpt lat="49.309389" lon="-0.032511">
        <ele>126.08</ele>
      </trkpt>
      <trkpt lat="49.309334" lon="-0.0325">
        <ele>126.09</ele>
      </trkpt>
      <trkpt lat="49.309114" lon="-0.033028">
        <ele>126.27</ele>
      </trkpt>
      <trkpt lat="49.308908" lon="-0.033503">
        <ele>126.31</ele>
      </trkpt>
      <trkpt lat="49.308781" lon="-0.033776">
        <ele>126.64</ele>
      </trkpt>
      <trkpt lat="49.308666" lon="-0.034021">
        <ele>126.67</ele>
      </trkpt>
      <trkpt lat="49.308428" lon="-0.03453">
        <ele>126.94</ele>
      </trkpt>
      <trkpt lat="49.308355" lon="-0.034686">
        <ele>127.09</ele>
      </trkpt>
      <trkpt lat="49.308315" lon="-0.034764">
        <ele>126.87</ele>
      </trkpt>
      <trkpt lat="49.308268" lon="-0.034873">
        <ele>126.38</ele>
      </trkpt>
      <trkpt lat="49.308192" lon="-0.035113">
        <ele>126.5</ele>
      </trkpt>
      <trkpt lat="49.308118" lon="-0.035488">
        <ele>126.41</ele>
      </trkpt>
      <trkpt lat="49.307989" lon="-0.036141">
        <ele>126.23</ele>
      </trkpt>
      <trkpt lat="49.30795" lon="-0.036417">
        <ele>126.42</ele>
      </trkpt>
      <trkpt lat="49.307923" lon="-0.036445">
        <ele>126.37</ele>
      </trkpt>
      <trkpt lat="49.307852" lon="-0.036441">
        <ele>125.89</ele>
      </trkpt>
      <trkpt lat="49.307446994" lon="-0.036367953">
        <ele>125.53</ele>
      </trkpt>
      <trkpt lat="49.307447" lon="-0.036368">
        <ele>125.16</ele>
      </trkpt>
      <trkpt lat="49.307455419" lon="-0.036444063">
        <ele>124.76</ele>
      </trkpt>
      <trkpt lat="49.307474524" lon="-0.036507098">
        <ele>124.5</ele>
      </trkpt>
      <trkpt lat="49.307813915" lon="-0.037605704">
        <ele>124.23</ele>
      </trkpt>
      <trkpt lat="49.307880485" lon="-0.037891664">
        <ele>123.95</ele>
      </trkpt>
      <trkpt lat="49.307920139" lon="-0.038246207">
        <ele>123.52</ele>
      </trkpt>
      <trkpt lat="49.307920311" lon="-0.03831088">
        <ele>123.3</ele>
      </trkpt>
      <trkpt lat="49.307919894" lon="-0.038398908">
        <ele>123.13</ele>
      </trkpt>
      <trkpt lat="49.307919478" lon="-0.038451164">
        <ele>122.88</ele>
      </trkpt>
      <trkpt lat="49.307918165" lon="-0.038467597">
        <ele>122.63</ele>
      </trkpt>
      <trkpt lat="49.307901091" lon="-0.038661255">
        <ele>122.41</ele>
      </trkpt>
      <trkpt lat="49.307898017" lon="-0.038696171">
        <ele>122.4</ele>
      </trkpt>
      <trkpt lat="49.307853194" lon="-0.0391902">
        <ele>122.47</ele>
      </trkpt>
      <trkpt lat="49.30784172" lon="-0.039324354">
        <ele>122.62</ele>
      </trkpt>
      <trkpt lat="49.307690495" lon="-0.040435357">
        <ele>122.46</ele>
      </trkpt>
      <trkpt lat="49.307651987" lon="-0.040928379">
        <ele>122.32</ele>
      </trkpt>
      <trkpt lat="49.307630535" lon="-0.041601261">
        <ele>122.11</ele>
      </trkpt>
      <trkpt lat="49.307576707" lon="-0.04227361">
        <ele>121.61</ele>
      </trkpt>
      <trkpt lat="49.307562082" lon="-0.042461234">
        <ele>120.92</ele>
      </trkpt>
      <trkpt lat="49.30751075" lon="-0.042927358">
        <ele>120.52</ele>
      </trkpt>
      <trkpt lat="49.307490977" lon="-0.043105046">
        <ele>120.02</ele>
      </trkpt>
      <trkpt lat="49.307446602" lon="-0.043330813">
        <ele>120.04</ele>
      </trkpt>
      <trkpt lat="49.307293179" lon="-0.043742761">
        <ele>120.21</ele>
      </trkpt>
      <trkpt lat="49.307050119" lon="-0.044391558">
        <ele>120.49</ele>
      </trkpt>
      <trkpt lat="49.307002812" lon="-0.044519468">
        <ele>120.21</ele>
      </trkpt>
      <trkpt lat="49.306903697" lon="-0.044918103">
        <ele>120.11</ele>
      </trkpt>
      <trkpt lat="49.306851538" lon="-0.045238337">
        <ele>119.27</ele>
      </trkpt>
      <trkpt lat="49.306824985" lon="-0.045470654">
        <ele>118.6</ele>
      </trkpt>
      <trkpt lat="49.30673606" lon="-0.046249605">
        <ele>117.61</ele>
      </trkpt>
      <trkpt lat="49.306617677" lon="-0.046841084">
        <ele>117.01</ele>
      </trkpt>
      <trkpt lat="49.306441553" lon="-0.047510321">
        <ele>116.42</ele>
      </trkpt>
      <trkpt lat="49.30639289" lon="-0.047691802">
        <ele>115.97</ele>
      </trkpt>
      <trkpt lat="49.306364201" lon="-0.047830438">
        <ele>115.3</ele>
      </trkpt>
      <trkpt lat="49.306321839" lon="-0.048030643">
        <ele>114.94</ele>
      </trkpt>
      <trkpt lat="49.306282022" lon="-0.048377271">
        <ele>115.01</ele>
      </trkpt>
      <trkpt lat="49.306219553" lon="-0.048925405">
        <ele>115.12</ele>
      </trkpt>
      <trkpt lat="49.30619628" lon="-0.049243072">
        <ele>114.89</ele>
      </trkpt>
      <trkpt lat="49.30616603" lon="-0.049655256">
        <ele>114.73</ele>
      </trkpt>
      <trkpt lat="49.306158159" lon="-0.049817971">
        <ele>114.71</ele>
      </trkpt>
      <trkpt lat="49.306122816" lon="-0.050548331">
        <ele>114.44</ele>
      </trkpt>
      <trkpt lat="49.306114683" lon="-0.050693958">
        <ele>114.18</ele>
      </trkpt>
      <trkpt lat="49.306054789" lon="-0.05131777">
        <ele>114.15</ele>
      </trkpt>
      <trkpt lat="49.30599842" lon="-0.05190877">
        <ele>114.11</ele>
      </trkpt>
      <trkpt lat="49.305960659" lon="-0.052302759">
        <ele>114.15</ele>
      </trkpt>
      <trkpt lat="49.30588278" lon="-0.053173143">
        <ele>114.11</ele>
      </trkpt>
      <trkpt lat="49.305851412" lon="-0.053490328">
        <ele>113.76</ele>
      </trkpt>
      <trkpt lat="49.305809305" lon="-0.053874565">
        <ele>113.44</ele>
      </trkpt>
      <trkpt lat="49.305733931" lon="-0.054293566">
        <ele>113.03</ele>
      </trkpt>
      <trkpt lat="49.305686626" lon="-0.054563168">
        <ele>112.52</ele>
      </trkpt>
      <trkpt lat="49.305561" lon="-0.055165154">
        <ele>112.03</ele>
      </trkpt>
      <trkpt lat="49.305558938" lon="-0.055172681">
        <ele>111.53</ele>
      </trkpt>
      <trkpt lat="49.305427546" lon="-0.05562918">
        <ele>111.09</ele>
      </trkpt>
      <trkpt lat="49.305407576" lon="-0.055687788">
        <ele>110.79</ele>
      </trkpt>
      <trkpt lat="49.305394457" lon="-0.055726276">
        <ele>110.45</ele>
      </trkpt>
      <trkpt lat="49.305361924" lon="-0.055838675">
        <ele>110.03</ele>
      </trkpt>
      <trkpt lat="49.305067243" lon="-0.056711474">
        <ele>109.92</ele>
      </trkpt>
      <trkpt lat="49.304911374" lon="-0.057218147">
        <ele>109.75</ele>
      </trkpt>
      <trkpt lat="49.304831821" lon="-0.05741278">
        <ele>109.55</ele>
      </trkpt>
      <trkpt lat="49.304782948" lon="-0.057493667">
        <ele>109.38</ele>
      </trkpt>
      <trkpt lat="49.304739209" lon="-0.057552985">
        <ele>109.92</ele>
      </trkpt>
      <trkpt lat="49.304694944" lon="-0.057595762">
        <ele>111.22</ele>
      </trkpt>
      <trkpt lat="49.304641997" lon="-0.057624404">
        <ele>112.43</ele>
      </trkpt>
      <trkpt lat="49.304583269" lon="-0.057636195">
        <ele>113.47</ele>
      </trkpt>
      <trkpt lat="49.304525631" lon="-0.057636908">
        <ele>113.74</ele>
      </trkpt>
      <trkpt lat="49.304459382" lon="-0.057625966">
        <ele>113.8</ele>
      </trkpt>
      <trkpt lat="49.304382626" lon="-0.057603672">
        <ele>113.2</ele>
      </trkpt>
      <trkpt lat="49.30425772" lon="-0.057559127">
        <ele>112.88</ele>
      </trkpt>
      <trkpt lat="49.30384774" lon="-0.057373879">
        <ele>112.29</ele>
      </trkpt>
      <trkpt lat="49.303732112" lon="-0.057319979">
        <ele>112.32</ele>
      </trkpt>
      <trkpt lat="49.303489065" lon="-0.057187546">
        <ele>111.62</ele>
      </trkpt>
      <trkpt lat="49.303280794" lon="-0.057099269">
        <ele>110.73</ele>
      </trkpt>
      <trkpt lat="49.302944918" lon="-0.057040992">
        <ele>109.67</ele>
      </trkpt>
      <trkpt lat="49.302761543" lon="-0.057067274">
        <ele>109.26</ele>
      </trkpt>
      <trkpt lat="49.302725389" lon="-0.057077513">
        <ele>108.68</ele>
      </trkpt>
      <trkpt lat="49.302554788" lon="-0.057132203">
        <ele>108.85</ele>
      </trkpt>
      <trkpt lat="49.30243977" lon="-0.057198026">
        <ele>109.21</ele>
      </trkpt>
      <trkpt lat="49.302155513" lon="-0.057413952">
        <ele>109.47</ele>
      </trkpt>
      <trkpt lat="49.302022718" lon="-0.057542276">
        <ele>109.35</ele>
      </trkpt>
      <trkpt lat="49.301848825" lon="-0.057801467">
        <ele>109.56</ele>
      </trkpt>
      <trkpt lat="49.301725248" lon="-0.058024019">
        <ele>109.5</ele>
      </trkpt>
      <trkpt lat="49.301663188" lon="-0.058167263">
        <ele>109.36</ele>
      </trkpt>
      <trkpt lat="49.301620369" lon="-0.058296789">
        <ele>109.24</ele>
      </trkpt>
      <trkpt lat="49.301585947" lon="-0.058409066">
        <ele>109.56</ele>
      </trkpt>
      <trkpt lat="49.301550132" lon="-0.058544372">
        <ele>108.82</ele>
      </trkpt>
      <trkpt lat="49.301529563" lon="-0.058685121">
        <ele>106.47</ele>
      </trkpt>
      <trkpt lat="49.301496513" lon="-0.059099987">
        <ele>104.08</ele>
      </trkpt>
      <trkpt lat="49.301488005" lon="-0.060180749">
        <ele>102.67</ele>
      </trkpt>
      <trkpt lat="49.301474756" lon="-0.060596788">
        <ele>100.85</ele>
      </trkpt>
      <trkpt lat="49.301441945" lon="-0.061608426">
        <ele>98.38</ele>
      </trkpt>
      <trkpt lat="49.301429141" lon="-0.062006745">
        <ele>98.35</ele>
      </trkpt>
      <trkpt lat="49.301408116" lon="-0.062728956">
        <ele>98.2</ele>
      </trkpt>
      <trkpt lat="49.301401735" lon="-0.06294318">
        <ele>96.47</ele>
      </trkpt>
      <trkpt lat="49.301403974" lon="-0.063349407">
        <ele>94.71</ele>
      </trkpt>
      <trkpt lat="49.301411605" lon="-0.06360697">
        <ele>93.15</ele>
      </trkpt>
      <trkpt lat="49.301424725" lon="-0.064057589">
        <ele>92.63</ele>
      </trkpt>
      <trkpt lat="49.301456521" lon="-0.064330619">
        <ele>91.47</ele>
      </trkpt>
      <trkpt lat="49.301517913" lon="-0.064708169">
        <ele>89.44</ele>
      </trkpt>
      <trkpt lat="49.301621711" lon="-0.065190588">
        <ele>88.23</ele>
      </trkpt>
      <trkpt lat="49.301713675" lon="-0.065575734">
        <ele>87.98</ele>
      </trkpt>
      <trkpt lat="49.301759997" lon="-0.065770804">
        <ele>86.98</ele>
      </trkpt>
      <trkpt lat="49.302003772" lon="-0.066511641">
        <ele>87.98</ele>
      </trkpt>
      <trkpt lat="49.302248155" lon="-0.067090329">
        <ele>87.98</ele>
      </trkpt>
      <trkpt lat="49.302431009" lon="-0.067477584">
        <ele>90.36</ele>
      </trkpt>
      <trkpt lat="49.302620389" lon="-0.067878849">
        <ele>93.45</ele>
      </trkpt>
      <trkpt lat="49.30265063" lon="-0.067926044">
        <ele>92.13</ele>
      </trkpt>
      <trkpt lat="49.302703552" lon="-0.068004716">
        <ele>89.31</ele>
      </trkpt>
      <trkpt lat="49.302783211" lon="-0.068093231">
        <ele>91.38</ele>
      </trkpt>
      <trkpt lat="49.302876586" lon="-0.068167705">
        <ele>89.52</ele>
      </trkpt>
      <trkpt lat="49.302979795" lon="-0.06821635">
        <ele>89.17</ele>
      </trkpt>
      <trkpt lat="49.303126015" lon="-0.068266314">
        <ele>90.78</ele>
      </trkpt>
      <trkpt lat="49.303235274" lon="-0.068283953">
        <ele>94.32</ele>
      </trkpt>
      <trkpt lat="49.303369803" lon="-0.068300205">
        <ele>95</ele>
      </trkpt>
      <trkpt lat="49.303498625" lon="-0.06829672">
        <ele>96.25</ele>
      </trkpt>
      <trkpt lat="49.30353631" lon="-0.068300612">
        <ele>94.43</ele>
      </trkpt>
      <trkpt lat="49.304033684" lon="-0.068195223">
        <ele>93.08</ele>
      </trkpt>
      <trkpt lat="49.304334793" lon="-0.068171852">
        <ele>89.37</ele>
      </trkpt>
      <trkpt lat="49.304402057" lon="-0.068179978">
        <ele>85.54</ele>
      </trkpt>
      <trkpt lat="49.304456403" lon="-0.068202607">
        <ele>81.48</ele>
      </trkpt>
      <trkpt lat="49.304513214" lon="-0.068229097">
        <ele>79.77</ele>
      </trkpt>
      <trkpt lat="49.304567005" lon="-0.068273568">
        <ele>78.58</ele>
      </trkpt>
      <trkpt lat="49.304606064" lon="-0.068329544">
        <ele>77.85</ele>
      </trkpt>
      <trkpt lat="49.304627308" lon="-0.068380334">
        <ele>76.64</ele>
      </trkpt>
      <trkpt lat="49.304635573" lon="-0.068442734">
        <ele>75.99</ele>
      </trkpt>
      <trkpt lat="49.304634944" lon="-0.068504605">
        <ele>74.35</ele>
      </trkpt>
      <trkpt lat="49.304624198" lon="-0.068571653">
        <ele>72.34</ele>
      </trkpt>
      <trkpt lat="49.304601635" lon="-0.068647078">
        <ele>70.91</ele>
      </trkpt>
      <trkpt lat="49.304527443" lon="-0.068768134">
        <ele>69.89</ele>
      </trkpt>
      <trkpt lat="49.304432824" lon="-0.068880547">
        <ele>67.98</ele>
      </trkpt>
      <trkpt lat="49.30432297" lon="-0.068992465">
        <ele>65.99</ele>
      </trkpt>
      <trkpt lat="49.303839788" lon="-0.069420611">
        <ele>65.16</ele>
      </trkpt>
      <trkpt lat="49.303741108" lon="-0.06948573">
        <ele>63.11</ele>
      </trkpt>
      <trkpt lat="49.303520426" lon="-0.069631087">
        <ele>62.37</ele>
      </trkpt>
      <trkpt lat="49.303021973" lon="-0.069916752">
        <ele>61.31</ele>
      </trkpt>
      <trkpt lat="49.302934524" lon="-0.069959425">
        <ele>61.07</ele>
      </trkpt>
      <trkpt lat="49.302845524" lon="-0.069994163">
        <ele>59.29</ele>
      </trkpt>
      <trkpt lat="49.302724019" lon="-0.069996428">
        <ele>59.21</ele>
      </trkpt>
      <trkpt lat="49.302549773" lon="-0.069981936">
        <ele>57.36</ele>
      </trkpt>
      <trkpt lat="49.302405577" lon="-0.069958501">
        <ele>57.4</ele>
      </trkpt>
      <trkpt lat="49.30225401" lon="-0.069938342">
        <ele>55.25</ele>
      </trkpt>
      <trkpt lat="49.302124662" lon="-0.069930648">
        <ele>54.48</ele>
      </trkpt>
      <trkpt lat="49.302014837" lon="-0.069935259">
        <ele>51.74</ele>
      </trkpt>
      <trkpt lat="49.30193067" lon="-0.069955015">
        <ele>50.99</ele>
      </trkpt>
      <trkpt lat="49.301783728" lon="-0.070002402">
        <ele>48.93</ele>
      </trkpt>
      <trkpt lat="49.301600873" lon="-0.070082319">
        <ele>48.38</ele>
      </trkpt>
      <trkpt lat="49.301388272" lon="-0.070233514">
        <ele>47.48</ele>
      </trkpt>
      <trkpt lat="49.301342251" lon="-0.070276173">
        <ele>47.32</ele>
      </trkpt>
      <trkpt lat="49.301283177" lon="-0.070333325">
        <ele>46.66</ele>
      </trkpt>
      <trkpt lat="49.301168781" lon="-0.070480456">
        <ele>45.36</ele>
      </trkpt>
      <trkpt lat="49.301114256" lon="-0.070576259">
        <ele>44.37</ele>
      </trkpt>
      <trkpt lat="49.301059837" lon="-0.070699719">
        <ele>43.63</ele>
      </trkpt>
      <trkpt lat="49.301028277" lon="-0.070805142">
        <ele>41.56</ele>
      </trkpt>
      <trkpt lat="49.301012014" lon="-0.070913952">
        <ele>39.57</ele>
      </trkpt>
      <trkpt lat="49.300999797" lon="-0.071044049">
        <ele>39.42</ele>
      </trkpt>
      <trkpt lat="49.301006561" lon="-0.071165372">
        <ele>37.78</ele>
      </trkpt>
      <trkpt lat="49.301021439" lon="-0.071323081">
        <ele>35.94</ele>
      </trkpt>
      <trkpt lat="49.301059763" lon="-0.071513964">
        <ele>35.93</ele>
      </trkpt>
      <trkpt lat="49.301037785" lon="-0.071529164">
        <ele>35.7</ele>
      </trkpt>
      <trkpt lat="49.301011541" lon="-0.071568872">
        <ele>35.12</ele>
      </trkpt>
      <trkpt lat="49.300993274" lon="-0.071618546">
        <ele>35.72</ele>
      </trkpt>
      <trkpt lat="49.300986479" lon="-0.071673443">
        <ele>35.22</ele>
      </trkpt>
      <trkpt lat="49.30098757" lon="-0.071699508">
        <ele>34.19</ele>
      </trkpt>
      <trkpt lat="49.300881038" lon="-0.071712564">
        <ele>32.79</ele>
      </trkpt>
      <trkpt lat="49.300653555" lon="-0.071711406">
        <ele>31.04</ele>
      </trkpt>
      <trkpt lat="49.30044694" lon="-0.071696221">
        <ele>29.11</ele>
      </trkpt>
      <trkpt lat="49.300324418" lon="-0.071669532">
        <ele>28.12</ele>
      </trkpt>
      <trkpt lat="49.300238322" lon="-0.071659044">
        <ele>27.4</ele>
      </trkpt>
      <trkpt lat="49.300169337" lon="-0.071649573">
        <ele>26.96</ele>
      </trkpt>
      <trkpt lat="49.300091189" lon="-0.071644922">
        <ele>26.48</ele>
      </trkpt>
      <trkpt lat="49.300015286" lon="-0.071621009">
        <ele>26.23</ele>
      </trkpt>
      <trkpt lat="49.300093385" lon="-0.072016335">
        <ele>25.5</ele>
      </trkpt>
      <trkpt lat="49.300136437" lon="-0.072233496">
        <ele>24.98</ele>
      </trkpt>
      <trkpt lat="49.300215271" lon="-0.072705903">
        <ele>23.8</ele>
      </trkpt>
      <trkpt lat="49.300232514" lon="-0.072805975">
        <ele>22.32</ele>
      </trkpt>
      <trkpt lat="49.300317155" lon="-0.073262223">
        <ele>20.12</ele>
      </trkpt>
      <trkpt lat="49.300453324" lon="-0.073991166">
        <ele>18.47</ele>
      </trkpt>
      <trkpt lat="49.300570683" lon="-0.074540159">
        <ele>16.75</ele>
      </trkpt>
      <trkpt lat="49.300604793" lon="-0.07471965">
        <ele>15.46</ele>
      </trkpt>
      <trkpt lat="49.300631473" lon="-0.074908327">
        <ele>14.77</ele>
      </trkpt>
      <trkpt lat="49.30065905" lon="-0.075097057">
        <ele>14.04</ele>
      </trkpt>
      <trkpt lat="49.300569911" lon="-0.075338757">
        <ele>13.33</ele>
      </trkpt>
      <trkpt lat="49.299141856" lon="-0.076232989">
        <ele>12.34</ele>
      </trkpt>
      <trkpt lat="49.299144174" lon="-0.076242289">
        <ele>11.45</ele>
      </trkpt>
      <trkpt lat="49.299339306" lon="-0.077024413">
        <ele>10.46</ele>
      </trkpt>
      <trkpt lat="49.299384622" lon="-0.077198255">
        <ele>10.08</ele>
      </trkpt>
      <trkpt lat="49.299527703" lon="-0.07744324">
        <ele>9.75</ele>
      </trkpt>
      <trkpt lat="49.299573875" lon="-0.07754153">
        <ele>9.77</ele>
      </trkpt>
      <trkpt lat="49.299682357" lon="-0.077772714">
        <ele>10.06</ele>
      </trkpt>
      <trkpt lat="49.299802596" lon="-0.078032919">
        <ele>11.03</ele>
      </trkpt>
      <trkpt lat="49.299947341" lon="-0.078347907">
        <ele>11.26</ele>
      </trkpt>
      <trkpt lat="49.300034772" lon="-0.078640254">
        <ele>11.21</ele>
      </trkpt>
      <trkpt lat="49.30019073" lon="-0.079161743">
        <ele>10.95</ele>
      </trkpt>
      <trkpt lat="49.300298167" lon="-0.079547754">
        <ele>10.74</ele>
      </trkpt>
      <trkpt lat="49.300411146" lon="-0.080022406">
        <ele>9.91</ele>
      </trkpt>
      <trkpt lat="49.300447158" lon="-0.080152105">
        <ele>10.52</ele>
      </trkpt>
      <trkpt lat="49.300445048" lon="-0.080154084">
        <ele>11.37</ele>
      </trkpt>
      <trkpt lat="49.299902461" lon="-0.08066161">
        <ele>11.49</ele>
      </trkpt>
      <trkpt lat="49.299892959" lon="-0.080670507">
        <ele>11.44</ele>
      </trkpt>
      <trkpt lat="49.300280393" lon="-0.081721373">
        <ele>11.45</ele>
      </trkpt>
      <trkpt lat="49.300234329" lon="-0.081949376">
        <ele>10.69</ele>
      </trkpt>
      <trkpt lat="49.300163293" lon="-0.082367328">
        <ele>9.87</ele>
      </trkpt>
      <trkpt lat="49.300071756" lon="-0.082843878">
        <ele>9.95</ele>
      </trkpt>
      <trkpt lat="49.30001234" lon="-0.083069372">
        <ele>9.8</ele>
      </trkpt>
      <trkpt lat="49.299942107" lon="-0.083099023">
        <ele>9.57</ele>
      </trkpt>
      <trkpt lat="49.29994363" lon="-0.083180276">
        <ele>9.4</ele>
      </trkpt>
      <trkpt lat="49.299931679" lon="-0.083260725">
        <ele>9.27</ele>
      </trkpt>
      <trkpt lat="49.299908633" lon="-0.083352891">
        <ele>9.08</ele>
      </trkpt>
      <trkpt lat="49.299881552" lon="-0.083426933">
        <ele>8.89</ele>
      </trkpt>
      <trkpt lat="49.29984466" lon="-0.083497637">
        <ele>8.72</ele>
      </trkpt>
      <trkpt lat="49.299795916" lon="-0.083574511">
        <ele>8.59</ele>
      </trkpt>
      <trkpt lat="49.29974002" lon="-0.083649583">
        <ele>8.43</ele>
      </trkpt>
      <trkpt lat="49.299701577" lon="-0.083710565">
        <ele>8.1</ele>
      </trkpt>
      <trkpt lat="49.299680096" lon="-0.083776687">
        <ele>7.94</ele>
      </trkpt>
      <trkpt lat="49.299682762" lon="-0.083881408">
        <ele>7.77</ele>
      </trkpt>
      <trkpt lat="49.299645309" lon="-0.083941059">
        <ele>7.95</ele>
      </trkpt>
      <trkpt lat="49.299603027" lon="-0.084011441">
        <ele>8.19</ele>
      </trkpt>
      <trkpt lat="49.299555076" lon="-0.084092488">
        <ele>8.59</ele>
      </trkpt>
      <trkpt lat="49.299481306" lon="-0.08419813">
        <ele>8.54</ele>
      </trkpt>
      <trkpt lat="49.299486419" lon="-0.084272044">
        <ele>8.59</ele>
      </trkpt>
      <trkpt lat="49.29938445" lon="-0.084412947">
        <ele>9.6</ele>
      </trkpt>
      <trkpt lat="49.299004356" lon="-0.084851729">
        <ele>10.83</ele>
      </trkpt>
      <trkpt lat="49.297277501" lon="-0.086550009">
        <ele>12.07</ele>
      </trkpt>
      <trkpt lat="49.297064744" lon="-0.086754119">
        <ele>14.24</ele>
      </trkpt>
      <trkpt lat="49.297064361" lon="-0.086754329">
        <ele>15.27</ele>
      </trkpt>
      <trkpt lat="49.296554284" lon="-0.087161373">
        <ele>15.06</ele>
      </trkpt>
      <trkpt lat="49.296010023" lon="-0.08759371">
        <ele>14.83</ele>
      </trkpt>
      <trkpt lat="49.295825613" lon="-0.087767266">
        <ele>15.57</ele>
      </trkpt>
      <trkpt lat="49.295575513" lon="-0.088061659">
        <ele>15.74</ele>
      </trkpt>
      <trkpt lat="49.29541194" lon="-0.08829457">
        <ele>16.13</ele>
      </trkpt>
      <trkpt lat="49.29524014" lon="-0.088586806">
        <ele>16.33</ele>
      </trkpt>
      <trkpt lat="49.295067273" lon="-0.088964432">
        <ele>16.07</ele>
      </trkpt>
      <trkpt lat="49.294956421" lon="-0.089277404">
        <ele>13.5</ele>
      </trkpt>
      <trkpt lat="49.294771698" lon="-0.089855991">
        <ele>10.78</ele>
      </trkpt>
      <trkpt lat="49.29456144" lon="-0.090602248">
        <ele>8.76</ele>
      </trkpt>
      <trkpt lat="49.294578043" lon="-0.090645071">
        <ele>6.8</ele>
      </trkpt>
      <trkpt lat="49.294659854" lon="-0.090647218">
        <ele>5.02</ele>
      </trkpt>
      <trkpt lat="49.294627297" lon="-0.090784704">
        <ele>4.56</ele>
      </trkpt>
      <trkpt lat="49.294484103" lon="-0.091255048">
        <ele>4.12</ele>
      </trkpt>
      <trkpt lat="49.294421276" lon="-0.091380544">
        <ele>3.9</ele>
      </trkpt>
      <trkpt lat="49.29426344" lon="-0.091967347">
        <ele>3.76</ele>
      </trkpt>
      <trkpt lat="49.29421857" lon="-0.092113954">
        <ele>3.65</ele>
      </trkpt>
      <trkpt lat="49.294169195" lon="-0.092307526">
        <ele>3.61</ele>
      </trkpt>
      <trkpt lat="49.294129684" lon="-0.092443354">
        <ele>3.75</ele>
      </trkpt>
      <trkpt lat="49.294079652" lon="-0.092601797">
        <ele>3.61</ele>
      </trkpt>
      <trkpt lat="49.294083188" lon="-0.092700067">
        <ele>3.45</ele>
      </trkpt>
      <trkpt lat="49.294018861" lon="-0.09283852">
        <ele>3.56</ele>
      </trkpt>
      <trkpt lat="49.293909232" lon="-0.093301988">
        <ele>3.75</ele>
      </trkpt>
      <trkpt lat="49.292773054" lon="-0.097201013">
        <ele>3.9</ele>
      </trkpt>
      <trkpt lat="49.292425707" lon="-0.098403109">
        <ele>4.2</ele>
      </trkpt>
      <trkpt lat="49.292283228" lon="-0.098802202">
        <ele>4.49</ele>
      </trkpt>
      <trkpt lat="49.292156624" lon="-0.099089563">
        <ele>4.32</ele>
      </trkpt>
      <trkpt lat="49.291818362" lon="-0.099768542">
        <ele>4.18</ele>
      </trkpt>
      <trkpt lat="49.291548968" lon="-0.100258497">
        <ele>4.04</ele>
      </trkpt>
      <trkpt lat="49.291463121" lon="-0.100433237">
        <ele>3.93</ele>
      </trkpt>
      <trkpt lat="49.291405394" lon="-0.10065513">
        <ele>3.85</ele>
      </trkpt>
      <trkpt lat="49.291300144" lon="-0.100701835">
        <ele>3.92</ele>
      </trkpt>
      <trkpt lat="49.290941675" lon="-0.101323239">
        <ele>3.75</ele>
      </trkpt>
      <trkpt lat="49.290578023" lon="-0.101977464">
        <ele>3.59</ele>
      </trkpt>
      <trkpt lat="49.290306728" lon="-0.102411874">
        <ele>3.4</ele>
      </trkpt>
      <trkpt lat="49.289871597" lon="-0.103147952">
        <ele>3.29</ele>
      </trkpt>
      <trkpt lat="49.289860046" lon="-0.103259935">
        <ele>3.43</ele>
      </trkpt>
      <trkpt lat="49.290157326" lon="-0.103727816">
        <ele>3.65</ele>
      </trkpt>
      <trkpt lat="49.290324343" lon="-0.103847779">
        <ele>3.94</ele>
      </trkpt>
      <trkpt lat="49.290314012" lon="-0.104000033">
        <ele>4.3</ele>
      </trkpt>
      <trkpt lat="49.290291989" lon="-0.104158432">
        <ele>4.56</ele>
      </trkpt>
      <trkpt lat="49.290251172" lon="-0.104250068">
        <ele>4.58</ele>
      </trkpt>
      <trkpt lat="49.290111145" lon="-0.104385692">
        <ele>4.7</ele>
      </trkpt>
      <trkpt lat="49.289823478" lon="-0.104654843">
        <ele>4.48</ele>
      </trkpt>
      <trkpt lat="49.288822019" lon="-0.105849252">
        <ele>4.34</ele>
      </trkpt>
      <trkpt lat="49.28831028" lon="-0.106417686">
        <ele>4.08</ele>
      </trkpt>
      <trkpt lat="49.288122337" lon="-0.106581154">
        <ele>3.9</ele>
      </trkpt>
      <trkpt lat="49.287996217" lon="-0.106682793">
        <ele>3.66</ele>
      </trkpt>
      <trkpt lat="49.287935578" lon="-0.106751748">
        <ele>3.71</ele>
      </trkpt>
      <trkpt lat="49.287796915" lon="-0.106958985">
        <ele>3.69</ele>
      </trkpt>
      <trkpt lat="49.287588387" lon="-0.107464821">
        <ele>3.74</ele>
      </trkpt>
      <trkpt lat="49.287366073" lon="-0.107982558">
        <ele>3.78</ele>
      </trkpt>
      <trkpt lat="49.287150007" lon="-0.108606511">
        <ele>4.13</ele>
      </trkpt>
      <trkpt lat="49.286974404" lon="-0.109003577">
        <ele>4.52</ele>
      </trkpt>
      <trkpt lat="49.286654221" lon="-0.109587927">
        <ele>4.84</ele>
      </trkpt>
      <trkpt lat="49.28649269" lon="-0.109985834">
        <ele>5.32</ele>
      </trkpt>
      <trkpt lat="49.28610574" lon="-0.110573988">
        <ele>5.66</ele>
      </trkpt>
      <trkpt lat="49.285971823" lon="-0.110746219">
        <ele>5.55</ele>
      </trkpt>
      <trkpt lat="49.285870043" lon="-0.110914512">
        <ele>5.54</ele>
      </trkpt>
      <trkpt lat="49.28578682" lon="-0.111109394">
        <ele>5.58</ele>
      </trkpt>
      <trkpt lat="49.285724765" lon="-0.111198251">
        <ele>5.46</ele>
      </trkpt>
      <trkpt lat="49.285726665" lon="-0.111214938">
        <ele>5.31</ele>
      </trkpt>
      <trkpt lat="49.285733201" lon="-0.111247926">
        <ele>4.6</ele>
      </trkpt>
      <trkpt lat="49.285768406" lon="-0.111425766">
        <ele>3.45</ele>
      </trkpt>
      <trkpt lat="49.285852573" lon="-0.111749256">
        <ele>2.33</ele>
      </trkpt>
      <trkpt lat="49.285949197" lon="-0.112120643">
        <ele>1.3</ele>
      </trkpt>
      <trkpt lat="49.285980094" lon="-0.112166212">
        <ele>0.69</ele>
      </trkpt>
      <trkpt lat="49.286006008" lon="-0.112204412">
        <ele>0.77</ele>
      </trkpt>
      <trkpt lat="49.286130416" lon="-0.112202119">
        <ele>1.05</ele>
      </trkpt>
      <trkpt lat="49.286167782" lon="-0.112159056">
        <ele>1.29</ele>
      </trkpt>
      <trkpt lat="49.286241091" lon="-0.11208701">
        <ele>1.81</ele>
      </trkpt>
      <trkpt lat="49.286312449" lon="-0.112011737">
        <ele>1.46</ele>
      </trkpt>
      <trkpt lat="49.286394014" lon="-0.112015086">
        <ele>1.27</ele>
      </trkpt>
      <trkpt lat="49.286481936" lon="-0.111970462">
        <ele>1.17</ele>
      </trkpt>
      <trkpt lat="49.286609819" lon="-0.111879851">
        <ele>0.98</ele>
      </trkpt>
      <trkpt lat="49.286675863" lon="-0.111773052">
        <ele>0.63</ele>
      </trkpt>
      <trkpt lat="49.286834673" lon="-0.111512666">
        <ele>0.86</ele>
      </trkpt>
      <trkpt lat="49.287153517" lon="-0.111023169">
        <ele>1.01</ele>
      </trkpt>
      <trkpt lat="49.287442715" lon="-0.110495998">
        <ele>0.9</ele>
      </trkpt>
      <trkpt lat="49.287799843" lon="-0.109827789">
        <ele>0.85</ele>
      </trkpt>
      <trkpt lat="49.28792572" lon="-0.10949832">
        <ele>0.78</ele>
      </trkpt>
      <trkpt lat="49.288112537" lon="-0.109061722">
        <ele>0.75</ele>
      </trkpt>
      <trkpt lat="49.288393989" lon="-0.108438863">
        <ele>0.9</ele>
      </trkpt>
      <trkpt lat="49.288565878" lon="-0.108105913">
        <ele>0.92</ele>
      </trkpt>
      <trkpt lat="49.288786321" lon="-0.107750907">
        <ele>1.38</ele>
      </trkpt>
      <trkpt lat="49.289013084" lon="-0.107427485">
        <ele>1.68</ele>
      </trkpt>
      <trkpt lat="49.289232021" lon="-0.107170708">
        <ele>1.64</ele>
      </trkpt>
      <trkpt lat="49.289466696" lon="-0.1070553">
        <ele>1.42</ele>
      </trkpt>
      <trkpt lat="49.289641014" lon="-0.107064238">
        <ele>1.86</ele>
      </trkpt>
      <trkpt lat="49.289942301" lon="-0.107136988">
        <ele>1.48</ele>
      </trkpt>
      <trkpt lat="49.290341165" lon="-0.107265553">
        <ele>1.12</ele>
      </trkpt>
      <trkpt lat="49.290733879" lon="-0.107315723">
        <ele>0.98</ele>
      </trkpt>
      <trkpt lat="49.291030835" lon="-0.107358562">
        <ele>1.16</ele>
      </trkpt>
      <trkpt lat="49.291535164" lon="-0.107315568">
        <ele>1.09</ele>
      </trkpt>
      <trkpt lat="49.291950614" lon="-0.107236016">
        <ele>2</ele>
      </trkpt>
      <trkpt lat="49.292156784" lon="-0.107276526">
        <ele>2.7</ele>
      </trkpt>
      <trkpt lat="49.292781171" lon="-0.107050368">
        <ele>3.52</ele>
      </trkpt>
      <trkpt lat="49.293304106" lon="-0.10683994">
        <ele>4.15</ele>
      </trkpt>
      <trkpt lat="49.293551534" lon="-0.106705015">
        <ele>4.74</ele>
      </trkpt>
      <trkpt lat="49.294041117" lon="-0.106481652">
        <ele>4.79</ele>
      </trkpt>
      <trkpt lat="49.294540438" lon="-0.106194208">
        <ele>5.04</ele>
      </trkpt>
      <trkpt lat="49.294558841" lon="-0.106213197">
        <ele>5.16</ele>
      </trkpt>
      <trkpt lat="49.294577068" lon="-0.106239053">
        <ele>5.11</ele>
      </trkpt>
      <trkpt lat="49.294585555" lon="-0.106258821">
        <ele>5.07</ele>
      </trkpt>
      <trkpt lat="49.29458557" lon="-0.106293209">
        <ele>5.09</ele>
      </trkpt>
      <trkpt lat="49.294583469" lon="-0.10633985">
        <ele>5.15</ele>
      </trkpt>
      <trkpt lat="49.294574869" lon="-0.106394353">
        <ele>5.67</ele>
      </trkpt>
      <trkpt lat="49.29467514" lon="-0.106378379">
        <ele>6.11</ele>
      </trkpt>
      <trkpt lat="49.294987197" lon="-0.106243101">
        <ele>7.42</ele>
      </trkpt>
      <trkpt lat="49.295030843" lon="-0.106225095">
        <ele>8.28</ele>
      </trkpt>
      <trkpt lat="49.295261174" lon="-0.106119285">
        <ele>9.23</ele>
      </trkpt>
      <trkpt lat="49.295544784" lon="-0.106005676">
        <ele>9.85</ele>
      </trkpt>
      <trkpt lat="49.295641709" lon="-0.105979871">
        <ele>10</ele>
      </trkpt>
      <trkpt lat="49.295675121" lon="-0.105975004">
        <ele>10.08</ele>
      </trkpt>
      <trkpt lat="49.295703179" lon="-0.105968439">
        <ele>10.06</ele>
      </trkpt>
      <trkpt lat="49.295385807" lon="-0.107498185">
        <ele>10.16</ele>
      </trkpt>
      <trkpt lat="49.295132246" lon="-0.108715387">
        <ele>9.94</ele>
      </trkpt>
      <trkpt lat="49.294610598" lon="-0.11122316">
        <ele>10.25</ele>
      </trkpt>
      <trkpt lat="49.29434452" lon="-0.112505597">
        <ele>9.91</ele>
      </trkpt>
      <trkpt lat="49.294211097" lon="-0.113144036">
        <ele>10.28</ele>
      </trkpt>
      <trkpt lat="49.294086854" lon="-0.113740386">
        <ele>10.6</ele>
      </trkpt>
      <trkpt lat="49.293927601" lon="-0.114507933">
        <ele>11.18</ele>
      </trkpt>
      <trkpt lat="49.293803552" lon="-0.115166186">
        <ele>11.92</ele>
      </trkpt>
      <trkpt lat="49.293769088" lon="-0.115246636">
        <ele>12.46</ele>
      </trkpt>
      <trkpt lat="49.293729507" lon="-0.115281385">
        <ele>12.75</ele>
      </trkpt>
      <trkpt lat="49.293692466" lon="-0.115287402">
        <ele>12.77</ele>
      </trkpt>
      <trkpt lat="49.293681061" lon="-0.115241323">
        <ele>12.82</ele>
      </trkpt>
      <trkpt lat="49.293542283" lon="-0.115076143">
        <ele>12.26</ele>
      </trkpt>
      <trkpt lat="49.29348931" lon="-0.115037183">
        <ele>11.97</ele>
      </trkpt>
      <trkpt lat="49.293425097" lon="-0.115015427">
        <ele>11.84</ele>
      </trkpt>
      <trkpt lat="49.293292122" lon="-0.115008778">
        <ele>11.19</ele>
      </trkpt>
      <trkpt lat="49.293229683" lon="-0.115022891">
        <ele>10.66</ele>
      </trkpt>
      <trkpt lat="49.293167752" lon="-0.115052165">
        <ele>10.65</ele>
      </trkpt>
      <trkpt lat="49.293070955" lon="-0.115142607">
        <ele>10.44</ele>
      </trkpt>
      <trkpt lat="49.293048404" lon="-0.115179759">
        <ele>10.27</ele>
      </trkpt>
      <trkpt lat="49.293029588" lon="-0.115211635">
        <ele>10.13</ele>
      </trkpt>
      <trkpt lat="49.293002346" lon="-0.115291143">
        <ele>9.88</ele>
      </trkpt>
      <trkpt lat="49.292974524" lon="-0.115462773">
        <ele>9.52</ele>
      </trkpt>
      <trkpt lat="49.292972006" lon="-0.11556028">
        <ele>8.57</ele>
      </trkpt>
      <trkpt lat="49.293001778" lon="-0.115731259">
        <ele>7.46</ele>
      </trkpt>
      <trkpt lat="49.293046831" lon="-0.115833013">
        <ele>5.81</ele>
      </trkpt>
      <trkpt lat="49.293068944" lon="-0.115882489">
        <ele>5.88</ele>
      </trkpt>
      <trkpt lat="49.293068944" lon="-0.115882489">
        <ele>5.88</ele>
      </trkpt>
      <trkpt lat="49.292969871" lon="-0.116688036">
        <ele>9.21</ele>
      </trkpt>
      <trkpt lat="49.292935003" lon="-0.116853737">
        <ele>8.94</ele>
      </trkpt>
      <trkpt lat="49.292919708" lon="-0.116993112">
        <ele>9.73</ele>
      </trkpt>
      <trkpt lat="49.292746382" lon="-0.117747404">
        <ele>9.7</ele>
      </trkpt>
      <trkpt lat="49.292536668" lon="-0.118656295">
        <ele>9.78</ele>
      </trkpt>
      <trkpt lat="49.292491622" lon="-0.118797996">
        <ele>9.71</ele>
      </trkpt>
      <trkpt lat="49.29244147" lon="-0.118928386">
        <ele>8.84</ele>
      </trkpt>
      <trkpt lat="49.29234876" lon="-0.118999809">
        <ele>8.46</ele>
      </trkpt>
      <trkpt lat="49.292277598" lon="-0.119386138">
        <ele>8.75</ele>
      </trkpt>
      <trkpt lat="49.292000135" lon="-0.120618276">
        <ele>9.02</ele>
      </trkpt>
      <trkpt lat="49.291749603" lon="-0.121713111">
        <ele>9.42</ele>
      </trkpt>
      <trkpt lat="49.29151224" lon="-0.12278535">
        <ele>9.11</ele>
      </trkpt>
      <trkpt lat="49.291434926" lon="-0.123061261">
        <ele>9.05</ele>
      </trkpt>
      <trkpt lat="49.291243874" lon="-0.12390797">
        <ele>8.46</ele>
      </trkpt>
      <trkpt lat="49.291185919" lon="-0.124165794">
        <ele>7.89</ele>
      </trkpt>
      <trkpt lat="49.290954982" lon="-0.125162752">
        <ele>7.44</ele>
      </trkpt>
      <trkpt lat="49.290945582" lon="-0.125213073">
        <ele>7.88</ele>
      </trkpt>
      <trkpt lat="49.290891946" lon="-0.125512419">
        <ele>7.83</ele>
      </trkpt>
      <trkpt lat="49.290880011" lon="-0.125764773">
        <ele>8.13</ele>
      </trkpt>
      <trkpt lat="49.29089263" lon="-0.125937465">
        <ele>8.8</ele>
      </trkpt>
      <trkpt lat="49.290968694" lon="-0.126369827">
        <ele>9.15</ele>
      </trkpt>
      <trkpt lat="49.290984105" lon="-0.126504177">
        <ele>9.3</ele>
      </trkpt>
      <trkpt lat="49.290979391" lon="-0.126616676">
        <ele>10.05</ele>
      </trkpt>
      <trkpt lat="49.290978857" lon="-0.126637275">
        <ele>10.21</ele>
      </trkpt>
      <trkpt lat="49.290945301" lon="-0.126786539">
        <ele>11.24</ele>
      </trkpt>
      <trkpt lat="49.290792461" lon="-0.12723392">
        <ele>10.77</ele>
      </trkpt>
      <trkpt lat="49.291728075" lon="-0.127477661">
        <ele>10.17</ele>
      </trkpt>
      <trkpt lat="49.291353797" lon="-0.129282938">
        <ele>9.31</ele>
      </trkpt>
      <trkpt lat="49.291135764" lon="-0.130335679">
        <ele>8.64</ele>
      </trkpt>
      <trkpt lat="49.290932273" lon="-0.13155572">
        <ele>7.01</ele>
      </trkpt>
      <trkpt lat="49.290744595" lon="-0.132685934">
        <ele>7.05</ele>
      </trkpt>
      <trkpt lat="49.290334245" lon="-0.135114765">
        <ele>7.46</ele>
      </trkpt>
      <trkpt lat="49.29004976" lon="-0.136783734">
        <ele>7.63</ele>
      </trkpt>
      <trkpt lat="49.289993799" lon="-0.137102178">
        <ele>8.6</ele>
      </trkpt>
      <trkpt lat="49.289901191" lon="-0.137653588">
        <ele>9.14</ele>
      </trkpt>
      <trkpt lat="49.289771499" lon="-0.138420055">
        <ele>9.74</ele>
      </trkpt>
      <trkpt lat="49.289700636" lon="-0.138826991">
        <ele>9.96</ele>
      </trkpt>
      <trkpt lat="49.289640072" lon="-0.138907208">
        <ele>10.24</ele>
      </trkpt>
      <trkpt lat="49.289615741" lon="-0.138962683">
        <ele>9.87</ele>
      </trkpt>
      <trkpt lat="49.289590236" lon="-0.139009395">
        <ele>9.1</ele>
      </trkpt>
      <trkpt lat="49.289570503" lon="-0.139067612">
        <ele>8.91</ele>
      </trkpt>
      <trkpt lat="49.289624467" lon="-0.139117313">
        <ele>8.54</ele>
      </trkpt>
      <trkpt lat="49.289671307" lon="-0.139184214">
        <ele>8.26</ele>
      </trkpt>
      <trkpt lat="49.289683471" lon="-0.139276858">
        <ele>7.7</ele>
      </trkpt>
      <trkpt lat="49.289681335" lon="-0.139286012">
        <ele>7.66</ele>
      </trkpt>
      <trkpt lat="49.289665031" lon="-0.139355578">
        <ele>7.53</ele>
      </trkpt>
      <trkpt lat="49.289605331" lon="-0.139409508">
        <ele>7.66</ele>
      </trkpt>
      <trkpt lat="49.289496302" lon="-0.139375947">
        <ele>7.65</ele>
      </trkpt>
      <trkpt lat="49.289414494" lon="-0.139369115">
        <ele>7.7</ele>
      </trkpt>
      <trkpt lat="49.289190933" lon="-0.139373166">
        <ele>7.72</ele>
      </trkpt>
      <trkpt lat="49.289017128" lon="-0.139378372">
        <ele>7.32</ele>
      </trkpt>
      <trkpt lat="49.288771377" lon="-0.139394992">
        <ele>6.55</ele>
      </trkpt>
      <trkpt lat="49.28850021" lon="-0.139408209">
        <ele>5.99</ele>
      </trkpt>
      <trkpt lat="49.288381048" lon="-0.139406932">
        <ele>5.57</ele>
      </trkpt>
      <trkpt lat="49.288334314" lon="-0.139474233">
        <ele>5.06</ele>
      </trkpt>
      <trkpt lat="49.288315523" lon="-0.13947034">
        <ele>4.62</ele>
      </trkpt>
      <trkpt lat="49.288295165" lon="-0.13961064">
        <ele>4.73</ele>
      </trkpt>
      <trkpt lat="49.288151255" lon="-0.14076969">
        <ele>4.98</ele>
      </trkpt>
      <trkpt lat="49.288074123" lon="-0.141382532">
        <ele>5.03</ele>
      </trkpt>
      <trkpt lat="49.287965151" lon="-0.142250626">
        <ele>5.25</ele>
      </trkpt>
      <trkpt lat="49.287877169" lon="-0.142934322">
        <ele>5.48</ele>
      </trkpt>
      <trkpt lat="49.287750872" lon="-0.143845366">
        <ele>5.64</ele>
      </trkpt>
      <trkpt lat="49.287702189" lon="-0.14419449">
        <ele>5.33</ele>
      </trkpt>
      <trkpt lat="49.287682664" lon="-0.144391351">
        <ele>5.16</ele>
      </trkpt>
      <trkpt lat="49.287504085" lon="-0.145754442">
        <ele>5.07</ele>
      </trkpt>
      <trkpt lat="49.287472597" lon="-0.145995959">
        <ele>5.08</ele>
      </trkpt>
      <trkpt lat="49.287435902" lon="-0.146264666">
        <ele>5.02</ele>
      </trkpt>
      <trkpt lat="49.287332807" lon="-0.146940551">
        <ele>5.17</ele>
      </trkpt>
      <trkpt lat="49.287325301" lon="-0.146986855">
        <ele>5.41</ele>
      </trkpt>
      <trkpt lat="49.28731536" lon="-0.147126534">
        <ele>5.5</ele>
      </trkpt>
      <trkpt lat="49.287314222" lon="-0.147273626">
        <ele>5.58</ele>
      </trkpt>
      <trkpt lat="49.287321774" lon="-0.147363483">
        <ele>5.71</ele>
      </trkpt>
      <trkpt lat="49.28737573" lon="-0.147709233">
        <ele>6.44</ele>
      </trkpt>
      <trkpt lat="49.287384864" lon="-0.147807439">
        <ele>6.29</ele>
      </trkpt>
      <trkpt lat="49.287384736" lon="-0.148019234">
        <ele>6.6</ele>
      </trkpt>
      <trkpt lat="49.287339347" lon="-0.148379557">
        <ele>7.43</ele>
      </trkpt>
      <trkpt lat="49.287151041" lon="-0.149458715">
        <ele>8.26</ele>
      </trkpt>
      <trkpt lat="49.287090701" lon="-0.149805744">
        <ele>8.96</ele>
      </trkpt>
      <trkpt lat="49.286998824" lon="-0.150326891">
        <ele>10.18</ele>
      </trkpt>
      <trkpt lat="49.286963875" lon="-0.150528308">
        <ele>11.23</ele>
      </trkpt>
      <trkpt lat="49.286921348" lon="-0.150778774">
        <ele>11.51</ele>
      </trkpt>
      <trkpt lat="49.286896283" lon="-0.151049559">
        <ele>11.55</ele>
      </trkpt>
      <trkpt lat="49.286886914" lon="-0.151236033">
        <ele>11.35</ele>
      </trkpt>
      <trkpt lat="49.286887853" lon="-0.151337864">
        <ele>11.67</ele>
      </trkpt>
      <trkpt lat="49.286916853" lon="-0.151467541">
        <ele>11.07</ele>
      </trkpt>
      <trkpt lat="49.286935039" lon="-0.151597932">
        <ele>10.8</ele>
      </trkpt>
      <trkpt lat="49.286945069" lon="-0.151730576">
        <ele>11.04</ele>
      </trkpt>
      <trkpt lat="49.286945541" lon="-0.151850259">
        <ele>10.75</ele>
      </trkpt>
      <trkpt lat="49.286920075" lon="-0.152032999">
        <ele>10.27</ele>
      </trkpt>
      <trkpt lat="49.286866189" lon="-0.152236009">
        <ele>10.45</ele>
      </trkpt>
      <trkpt lat="49.286775118" lon="-0.152484884">
        <ele>10.43</ele>
      </trkpt>
      <trkpt lat="49.286750904" lon="-0.152550796">
        <ele>9.59</ele>
      </trkpt>
      <trkpt lat="49.286597928" lon="-0.152861905">
        <ele>8.92</ele>
      </trkpt>
      <trkpt lat="49.286203992" lon="-0.153786814">
        <ele>7.98</ele>
      </trkpt>
      <trkpt lat="49.28608942" lon="-0.154039749">
        <ele>6.79</ele>
      </trkpt>
      <trkpt lat="49.285520807" lon="-0.154075151">
        <ele>5.68</ele>
      </trkpt>
      <trkpt lat="49.28535291" lon="-0.154096525">
        <ele>5.07</ele>
      </trkpt>
      <trkpt lat="49.285338902" lon="-0.15428821">
        <ele>4.6</ele>
      </trkpt>
      <trkpt lat="49.285319404" lon="-0.154930656">
        <ele>4.59</ele>
      </trkpt>
      <trkpt lat="49.285318114" lon="-0.155186381">
        <ele>4.59</ele>
      </trkpt>
      <trkpt lat="49.285045662" lon="-0.155111968">
        <ele>4.43</ele>
      </trkpt>
      <trkpt lat="49.284823224" lon="-0.155051615">
        <ele>4.21</ele>
      </trkpt>
      <trkpt lat="49.284527532" lon="-0.154973143">
        <ele>4.08</ele>
      </trkpt>
      <trkpt lat="49.284509942" lon="-0.155176172">
        <ele>3.78</ele>
      </trkpt>
      <trkpt lat="49.284356161" lon="-0.155187884">
        <ele>3.76</ele>
      </trkpt>
      <trkpt lat="49.284378722" lon="-0.155264339">
        <ele>3.72</ele>
      </trkpt>
      <trkpt lat="49.284408703" lon="-0.155995778">
        <ele>3.73</ele>
      </trkpt>
      <trkpt lat="49.284420838" lon="-0.156353114">
        <ele>3.75</ele>
      </trkpt>
      <trkpt lat="49.284432418" lon="-0.15667287">
        <ele>3.63</ele>
      </trkpt>
      <trkpt lat="49.284460797" lon="-0.15764116">
        <ele>3.61</ele>
      </trkpt>
      <trkpt lat="49.2844934" lon="-0.158271873">
        <ele>3.68</ele>
      </trkpt>
      <trkpt lat="49.284503802" lon="-0.158870753">
        <ele>3.8</ele>
      </trkpt>
      <trkpt lat="49.284539413" lon="-0.158976147">
        <ele>4.01</ele>
      </trkpt>
      <trkpt lat="49.284550435" lon="-0.159375651">
        <ele>4.38</ele>
      </trkpt>
      <trkpt lat="49.284590441" lon="-0.160133511">
        <ele>4.55</ele>
      </trkpt>
      <trkpt lat="49.28458645" lon="-0.16046171">
        <ele>4.72</ele>
      </trkpt>
      <trkpt lat="49.284592695" lon="-0.160633342">
        <ele>4.91</ele>
      </trkpt>
      <trkpt lat="49.284537813" lon="-0.160726842">
        <ele>4.82</ele>
      </trkpt>
      <trkpt lat="49.284425765" lon="-0.160884933">
        <ele>4.66</ele>
      </trkpt>
      <trkpt lat="49.284322339" lon="-0.161008192">
        <ele>4.53</ele>
      </trkpt>
      <trkpt lat="49.283927433" lon="-0.161587257">
        <ele>4.28</ele>
      </trkpt>
      <trkpt lat="49.283913539" lon="-0.161607613">
        <ele>4.06</ele>
      </trkpt>
      <trkpt lat="49.283696848" lon="-0.161641473">
        <ele>4.06</ele>
      </trkpt>
      <trkpt lat="49.28367467" lon="-0.161899309">
        <ele>4.25</ele>
      </trkpt>
      <trkpt lat="49.283637391" lon="-0.162733551">
        <ele>4.51</ele>
      </trkpt>
      <trkpt lat="49.283616761" lon="-0.162932579">
        <ele>5.08</ele>
      </trkpt>
      <trkpt lat="49.283602278" lon="-0.163190899">
        <ele>5.64</ele>
      </trkpt>
      <trkpt lat="49.283597035" lon="-0.163390856">
        <ele>6.02</ele>
      </trkpt>
      <trkpt lat="49.283582859" lon="-0.163637409">
        <ele>6.52</ele>
      </trkpt>
      <trkpt lat="49.283568683" lon="-0.163883962">
        <ele>6.71</ele>
      </trkpt>
      <trkpt lat="49.283561279" lon="-0.164166274">
        <ele>6.7</ele>
      </trkpt>
      <trkpt lat="49.283547102" lon="-0.164412826">
        <ele>6.44</ele>
      </trkpt>
      <trkpt lat="49.283543074" lon="-0.164860293">
        <ele>6.47</ele>
      </trkpt>
      <trkpt lat="49.283526118" lon="-0.16521272">
        <ele>6.36</ele>
      </trkpt>
      <trkpt lat="49.283515007" lon="-0.16563618">
        <ele>6.32</ele>
      </trkpt>
      <trkpt lat="49.283513752" lon="-0.165977785">
        <ele>6.34</ele>
      </trkpt>
      <trkpt lat="49.28348506" lon="-0.166777192">
        <ele>6.55</ele>
      </trkpt>
      <trkpt lat="49.284472111" lon="-0.166843581">
        <ele>6.52</ele>
      </trkpt>
      <trkpt lat="49.284456436" lon="-0.166990393">
        <ele>6.3</ele>
      </trkpt>
      <trkpt lat="49.284461759" lon="-0.167195086">
        <ele>6.32</ele>
      </trkpt>
      <trkpt lat="49.284460881" lon="-0.167432089">
        <ele>6.12</ele>
      </trkpt>
      <trkpt lat="49.284457334" lon="-0.167668942">
        <ele>5.96</ele>
      </trkpt>
      <trkpt lat="49.284430829" lon="-0.167965696">
        <ele>6.16</ele>
      </trkpt>
      <trkpt lat="49.284385306" lon="-0.168375733">
        <ele>6.35</ele>
      </trkpt>
      <trkpt lat="49.284340738" lon="-0.168749026">
        <ele>6.46</ele>
      </trkpt>
      <trkpt lat="49.28427789" lon="-0.169309223">
        <ele>6.75</ele>
      </trkpt>
      <trkpt lat="49.284270887" lon="-0.169394652">
        <ele>6.91</ele>
      </trkpt>
      <trkpt lat="49.284258217" lon="-0.16954917">
        <ele>6.61</ele>
      </trkpt>
      <trkpt lat="49.284251248" lon="-0.169814431">
        <ele>6.14</ele>
      </trkpt>
      <trkpt lat="49.284253779" lon="-0.17012522">
        <ele>6.28</ele>
      </trkpt>
      <trkpt lat="49.284278075" lon="-0.170523176">
        <ele>6.83</ele>
      </trkpt>
      <trkpt lat="49.284317121" lon="-0.170868925">
        <ele>7.58</ele>
      </trkpt>
      <trkpt lat="49.284373977" lon="-0.171242794">
        <ele>7.69</ele>
      </trkpt>
      <trkpt lat="49.284358698" lon="-0.171315446">
        <ele>7.56</ele>
      </trkpt>
      <trkpt lat="49.284390499" lon="-0.171581137">
        <ele>6.66</ele>
      </trkpt>
      <trkpt lat="49.284437877" lon="-0.171966375">
        <ele>5.89</ele>
      </trkpt>
      <trkpt lat="49.284548261" lon="-0.172905435">
        <ele>4.96</ele>
      </trkpt>
      <trkpt lat="49.284634527" lon="-0.17364265">
        <ele>4.46</ele>
      </trkpt>
      <trkpt lat="49.284697539" lon="-0.174145382">
        <ele>4.39</ele>
      </trkpt>
      <trkpt lat="49.28475644" lon="-0.174600842">
        <ele>5.4</ele>
      </trkpt>
      <trkpt lat="49.28485091" lon="-0.175381505">
        <ele>5.06</ele>
      </trkpt>
      <trkpt lat="49.28489897" lon="-0.175791315">
        <ele>4.97</ele>
      </trkpt>
      <trkpt lat="49.284917999" lon="-0.176084846">
        <ele>5.07</ele>
      </trkpt>
      <trkpt lat="49.284918855" lon="-0.176356822">
        <ele>5.31</ele>
      </trkpt>
      <trkpt lat="49.284910442" lon="-0.176523953">
        <ele>4.54</ele>
      </trkpt>
      <trkpt lat="49.284889629" lon="-0.176755744">
        <ele>4.73</ele>
      </trkpt>
      <trkpt lat="49.284851501" lon="-0.177035526">
        <ele>4.64</ele>
      </trkpt>
      <trkpt lat="49.284779524" lon="-0.177534041">
        <ele>4.82</ele>
      </trkpt>
      <trkpt lat="49.284724193" lon="-0.177806643">
        <ele>4.91</ele>
      </trkpt>
      <trkpt lat="49.284663768" lon="-0.177917417">
        <ele>5.26</ele>
      </trkpt>
      <trkpt lat="49.284637231" lon="-0.178163171">
        <ele>5.43</ele>
      </trkpt>
      <trkpt lat="49.284631639" lon="-0.178375446">
        <ele>5.66</ele>
      </trkpt>
      <trkpt lat="49.284562109" lon="-0.178882292">
        <ele>5.55</ele>
      </trkpt>
      <trkpt lat="49.284517295" lon="-0.179212792">
        <ele>5.18</ele>
      </trkpt>
      <trkpt lat="49.284503512" lon="-0.179481802">
        <ele>4.95</ele>
      </trkpt>
      <trkpt lat="49.28450004" lon="-0.179765778">
        <ele>4.52</ele>
      </trkpt>
      <trkpt lat="49.284516383" lon="-0.180059143">
        <ele>4.46</ele>
      </trkpt>
      <trkpt lat="49.284563591" lon="-0.180652903">
        <ele>4.76</ele>
      </trkpt>
      <trkpt lat="49.284626741" lon="-0.181605443">
        <ele>4.94</ele>
      </trkpt>
      <trkpt lat="49.284697789" lon="-0.182613662">
        <ele>4.73</ele>
      </trkpt>
      <trkpt lat="49.284738177" lon="-0.183313331">
        <ele>4.75</ele>
      </trkpt>
      <trkpt lat="49.284742173" lon="-0.183820608">
        <ele>4.29</ele>
      </trkpt>
      <trkpt lat="49.284727895" lon="-0.18415911">
        <ele>3.69</ele>
      </trkpt>
      <trkpt lat="49.284710319" lon="-0.184419717">
        <ele>3.89</ele>
      </trkpt>
      <trkpt lat="49.28466382" lon="-0.184762378">
        <ele>4.15</ele>
      </trkpt>
      <trkpt lat="49.284622853" lon="-0.184997007">
        <ele>4.41</ele>
      </trkpt>
      <trkpt lat="49.284572428" lon="-0.18523515">
        <ele>4.84</ele>
      </trkpt>
      <trkpt lat="49.28451998" lon="-0.185448633">
        <ele>5.25</ele>
      </trkpt>
      <trkpt lat="49.284424347" lon="-0.185778014">
        <ele>5.51</ele>
      </trkpt>
      <trkpt lat="49.284295432" lon="-0.186152389">
        <ele>5.73</ele>
      </trkpt>
      <trkpt lat="49.284203184" lon="-0.186404286">
        <ele>5.78</ele>
      </trkpt>
      <trkpt lat="49.284118201" lon="-0.186634159">
        <ele>5.8</ele>
      </trkpt>
      <trkpt lat="49.283978271" lon="-0.187020118">
        <ele>6.05</ele>
      </trkpt>
      <trkpt lat="49.28388655" lon="-0.187302714">
        <ele>5.81</ele>
      </trkpt>
      <trkpt lat="49.283783052" lon="-0.187625482">
        <ele>5.87</ele>
      </trkpt>
      <trkpt lat="49.283621288" lon="-0.188179768">
        <ele>5.84</ele>
      </trkpt>
      <trkpt lat="49.28354888" lon="-0.188419489">
        <ele>5.49</ele>
      </trkpt>
      <trkpt lat="49.283505498" lon="-0.188563111">
        <ele>5.09</ele>
      </trkpt>
      <trkpt lat="49.283424909" lon="-0.188930212">
        <ele>4.99</ele>
      </trkpt>
      <trkpt lat="49.283392798" lon="-0.189183794">
        <ele>4.55</ele>
      </trkpt>
      <trkpt lat="49.283377543" lon="-0.189305511">
        <ele>4.3</ele>
      </trkpt>
      <trkpt lat="49.28333795" lon="-0.18953818">
        <ele>4.35</ele>
      </trkpt>
      <trkpt lat="49.283295905" lon="-0.189762515">
        <ele>4.14</ele>
      </trkpt>
      <trkpt lat="49.283255091" lon="-0.18999101">
        <ele>3.75</ele>
      </trkpt>
      <trkpt lat="49.283200053" lon="-0.190302461">
        <ele>3.56</ele>
      </trkpt>
      <trkpt lat="49.283173989" lon="-0.190478713">
        <ele>3.37</ele>
      </trkpt>
      <trkpt lat="49.283126931" lon="-0.190690469">
        <ele>3.19</ele>
      </trkpt>
      <trkpt lat="49.283039564" lon="-0.191010139">
        <ele>3.25</ele>
      </trkpt>
      <trkpt lat="49.282930655" lon="-0.191385715">
        <ele>3.45</ele>
      </trkpt>
      <trkpt lat="49.282836246" lon="-0.191668146">
        <ele>3.59</ele>
      </trkpt>
      <trkpt lat="49.282727409" lon="-0.191990569">
        <ele>3.93</ele>
      </trkpt>
      <trkpt lat="49.282607127" lon="-0.192340903">
        <ele>4.09</ele>
      </trkpt>
      <trkpt lat="49.282688133" lon="-0.192413382">
        <ele>4.38</ele>
      </trkpt>
      <trkpt lat="49.282547213" lon="-0.192836041">
        <ele>4.78</ele>
      </trkpt>
      <trkpt lat="49.283258927" lon="-0.193415212">
        <ele>5.24</ele>
      </trkpt>
      <trkpt lat="49.283288762" lon="-0.193563358">
        <ele>6.3</ele>
      </trkpt>
      <trkpt lat="49.283141635" lon="-0.193862797">
        <ele>6.85</ele>
      </trkpt>
      <trkpt lat="49.282670102" lon="-0.19511034">
        <ele>7.02</ele>
      </trkpt>
      <trkpt lat="49.282554701" lon="-0.195262796">
        <ele>7.23</ele>
      </trkpt>
      <trkpt lat="49.282324369" lon="-0.195812417">
        <ele>8.02</ele>
      </trkpt>
      <trkpt lat="49.28497718" lon="-0.198402506">
        <ele>7.46</ele>
      </trkpt>
      <trkpt lat="49.284744297" lon="-0.200622417">
        <ele>7.75</ele>
      </trkpt>
      <trkpt lat="49.285619055" lon="-0.200832268">
        <ele>8.21</ele>
      </trkpt>
      <trkpt lat="49.285601217" lon="-0.201368917">
        <ele>8.63</ele>
      </trkpt>
      <trkpt lat="49.28560726" lon="-0.20144631">
        <ele>8.39</ele>
      </trkpt>
      <trkpt lat="49.285613486" lon="-0.201516838">
        <ele>8.74</ele>
      </trkpt>
      <trkpt lat="49.285617988" lon="-0.201584509">
        <ele>8.87</ele>
      </trkpt>
      <trkpt lat="49.285623424" lon="-0.201650862">
        <ele>8.96</ele>
      </trkpt>
      <trkpt lat="49.285624261" lon="-0.201721056">
        <ele>8.69</ele>
      </trkpt>
      <trkpt lat="49.285622439" lon="-0.20178971">
        <ele>8.44</ele>
      </trkpt>
      <trkpt lat="49.285607154" lon="-0.20192492">
        <ele>8.2</ele>
      </trkpt>
      <trkpt lat="49.285596386" lon="-0.201991643">
        <ele>7.98</ele>
      </trkpt>
      <trkpt lat="49.285584538" lon="-0.202065176">
        <ele>7.6</ele>
      </trkpt>
      <trkpt lat="49.28556526" lon="-0.202215267">
        <ele>7.44</ele>
      </trkpt>
      <trkpt lat="49.285527733" lon="-0.202544394">
        <ele>7.26</ele>
      </trkpt>
      <trkpt lat="49.285529517" lon="-0.202578888">
        <ele>7.08</ele>
      </trkpt>
      <trkpt lat="49.285532987" lon="-0.202617612">
        <ele>7.15</ele>
      </trkpt>
      <trkpt lat="49.285540087" lon="-0.202655187">
        <ele>7.34</ele>
      </trkpt>
      <trkpt lat="49.285558873" lon="-0.202760878">
        <ele>7.48</ele>
      </trkpt>
      <trkpt lat="49.285559855" lon="-0.202825579">
        <ele>7.55</ele>
      </trkpt>
      <trkpt lat="49.285558857" lon="-0.202897034">
        <ele>7.58</ele>
      </trkpt>
      <trkpt lat="49.285554121" lon="-0.202973759">
        <ele>7.29</ele>
      </trkpt>
      <trkpt lat="49.285546011" lon="-0.203042023">
        <ele>7.46</ele>
      </trkpt>
      <trkpt lat="49.285536141" lon="-0.203108802">
        <ele>7.63</ele>
      </trkpt>
      <trkpt lat="49.285523576" lon="-0.203175413">
        <ele>7.78</ele>
      </trkpt>
      <trkpt lat="49.285509105" lon="-0.203246033">
        <ele>7.89</ele>
      </trkpt>
      <trkpt lat="49.285494525" lon="-0.203320771">
        <ele>7.85</ele>
      </trkpt>
      <trkpt lat="49.285478149" lon="-0.203395398">
        <ele>7.82</ele>
      </trkpt>
      <trkpt lat="49.285444501" lon="-0.203553591">
        <ele>7.55</ele>
      </trkpt>
      <trkpt lat="49.285478909" lon="-0.203641547">
        <ele>8.17</ele>
      </trkpt>
      <trkpt lat="49.285470654" lon="-0.20391412">
        <ele>7.98</ele>
      </trkpt>
      <trkpt lat="49.285499564" lon="-0.204017345">
        <ele>8.76</ele>
      </trkpt>
      <trkpt lat="49.285189737" lon="-0.207148696">
        <ele>8.56</ele>
      </trkpt>
      <trkpt lat="49.285119374" lon="-0.207337819">
        <ele>8.34</ele>
      </trkpt>
      <trkpt lat="49.285027108" lon="-0.208235591">
        <ele>7.56</ele>
      </trkpt>
      <trkpt lat="49.285022548" lon="-0.208522433">
        <ele>7.51</ele>
      </trkpt>
      <trkpt lat="49.284995272" lon="-0.208626844">
        <ele>7.05</ele>
      </trkpt>
      <trkpt lat="49.284975912" lon="-0.208817581">
        <ele>6.84</ele>
      </trkpt>
      <trkpt lat="49.28477764" lon="-0.210821361">
        <ele>7.1</ele>
      </trkpt>
      <trkpt lat="49.284728088" lon="-0.21141749">
        <ele>6.97</ele>
      </trkpt>
      <trkpt lat="49.284665629" lon="-0.211961324">
        <ele>7.25</ele>
      </trkpt>
      <trkpt lat="49.284612358" lon="-0.212121851">
        <ele>7.24</ele>
      </trkpt>
      <trkpt lat="49.284555331" lon="-0.212461608">
        <ele>7.22</ele>
      </trkpt>
      <trkpt lat="49.284570952" lon="-0.212794966">
        <ele>7.16</ele>
      </trkpt>
      <trkpt lat="49.284532" lon="-0.213031282">
        <ele>7.09</ele>
      </trkpt>
      <trkpt lat="49.284399825" lon="-0.213394445">
        <ele>7.19</ele>
      </trkpt>
      <trkpt lat="49.284404743" lon="-0.213516466">
        <ele>6.91</ele>
      </trkpt>
      <trkpt lat="49.284422528" lon="-0.213653329">
        <ele>7.25</ele>
      </trkpt>
      <trkpt lat="49.284386241" lon="-0.21394287">
        <ele>7.19</ele>
      </trkpt>
      <trkpt lat="49.28415847" lon="-0.214981994">
        <ele>7.36</ele>
      </trkpt>
      <trkpt lat="49.284144594" lon="-0.215196461">
        <ele>7.26</ele>
      </trkpt>
      <trkpt lat="49.284088698" lon="-0.215531593">
        <ele>7.68</ele>
      </trkpt>
      <trkpt lat="49.284074733" lon="-0.215825643">
        <ele>7.53</ele>
      </trkpt>
      <trkpt lat="49.283981635" lon="-0.216139739">
        <ele>7.72</ele>
      </trkpt>
      <trkpt lat="49.283916675" lon="-0.216508645">
        <ele>7.67</ele>
      </trkpt>
      <trkpt lat="49.283937592" lon="-0.216758052">
        <ele>7.63</ele>
      </trkpt>
      <trkpt lat="49.283958338" lon="-0.21693724">
        <ele>7.59</ele>
      </trkpt>
      <trkpt lat="49.283949017" lon="-0.217133258">
        <ele>7.64</ele>
      </trkpt>
      <trkpt lat="49.283934555" lon="-0.217369555">
        <ele>7.51</ele>
      </trkpt>
      <trkpt lat="49.283951265" lon="-0.217546923">
        <ele>7.65</ele>
      </trkpt>
      <trkpt lat="49.283939993" lon="-0.217663245">
        <ele>7.61</ele>
      </trkpt>
      <trkpt lat="49.283889875" lon="-0.217781835">
        <ele>7.51</ele>
      </trkpt>
      <trkpt lat="49.283776879" lon="-0.217999502">
        <ele>7.45</ele>
      </trkpt>
      <trkpt lat="49.283718551" lon="-0.218234618">
        <ele>7.56</ele>
      </trkpt>
      <trkpt lat="49.283730468" lon="-0.218514669">
        <ele>7.48</ele>
      </trkpt>
      <trkpt lat="49.283714728" lon="-0.21868377">
        <ele>7.47</ele>
      </trkpt>
      <trkpt lat="49.283526744" lon="-0.218957616">
        <ele>7.38</ele>
      </trkpt>
      <trkpt lat="49.283403226" lon="-0.21911063">
        <ele>7.32</ele>
      </trkpt>
      <trkpt lat="49.283207931" lon="-0.219237329">
        <ele>6.95</ele>
      </trkpt>
      <trkpt lat="49.283102113" lon="-0.219377418">
        <ele>6.77</ele>
      </trkpt>
      <trkpt lat="49.28307655" lon="-0.219455398">
        <ele>6.61</ele>
      </trkpt>
      <trkpt lat="49.283028178" lon="-0.219585013">
        <ele>6.17</ele>
      </trkpt>
      <trkpt lat="49.282956511" lon="-0.219669497">
        <ele>5.96</ele>
      </trkpt>
      <trkpt lat="49.282828121" lon="-0.219698939">
        <ele>5.88</ele>
      </trkpt>
      <trkpt lat="49.282673173" lon="-0.219537914">
        <ele>6.02</ele>
      </trkpt>
      <trkpt lat="49.282606447" lon="-0.219513467">
        <ele>5.83</ele>
      </trkpt>
      <trkpt lat="49.282106404" lon="-0.219699177">
        <ele>6</ele>
      </trkpt>
      <trkpt lat="49.281983201" lon="-0.219802283">
        <ele>5.56</ele>
      </trkpt>
      <trkpt lat="49.281879809" lon="-0.219812999">
        <ele>5.41</ele>
      </trkpt>
      <trkpt lat="49.281753583" lon="-0.219837899">
        <ele>4.91</ele>
      </trkpt>
      <trkpt lat="49.281656636" lon="-0.219607152">
        <ele>4.5</ele>
      </trkpt>
      <trkpt lat="49.281481748" lon="-0.219849028">
        <ele>3.92</ele>
      </trkpt>
      <trkpt lat="49.281350373" lon="-0.219990625">
        <ele>4.12</ele>
      </trkpt>
      <trkpt lat="49.281295231" lon="-0.219952861">
        <ele>4.07</ele>
      </trkpt>
      <trkpt lat="49.28126651" lon="-0.219843403">
        <ele>4.15</ele>
      </trkpt>
      <trkpt lat="49.281276401" lon="-0.219702027">
        <ele>4.38</ele>
      </trkpt>
      <trkpt lat="49.281360261" lon="-0.21931405">
        <ele>4.52</ele>
      </trkpt>
      <trkpt lat="49.281353252" lon="-0.219232475">
        <ele>4.27</ele>
      </trkpt>
      <trkpt lat="49.281186979" lon="-0.218883512">
        <ele>4.07</ele>
      </trkpt>
      <trkpt lat="49.280901766" lon="-0.218439757">
        <ele>4.07</ele>
      </trkpt>
      <trkpt lat="49.280873228" lon="-0.218361515">
        <ele>3.66</ele>
      </trkpt>
      <trkpt lat="49.280762929" lon="-0.218095632">
        <ele>3.56</ele>
      </trkpt>
      <trkpt lat="49.280651575" lon="-0.217907686">
        <ele>3.72</ele>
      </trkpt>
      <trkpt lat="49.280520627" lon="-0.217841793">
        <ele>3.95</ele>
      </trkpt>
      <trkpt lat="49.280352816" lon="-0.217626924">
        <ele>3.49</ele>
      </trkpt>
      <trkpt lat="49.280301885" lon="-0.21758475">
        <ele>4.05</ele>
      </trkpt>
      <trkpt lat="49.28009452" lon="-0.217398635">
        <ele>3.87</ele>
      </trkpt>
      <trkpt lat="49.279985724" lon="-0.217306043">
        <ele>4.05</ele>
      </trkpt>
      <trkpt lat="49.279506207" lon="-0.21695162">
        <ele>4.19</ele>
      </trkpt>
      <trkpt lat="49.279307909" lon="-0.216884643">
        <ele>4.52</ele>
      </trkpt>
      <trkpt lat="49.279116986" lon="-0.216847789">
        <ele>4.36</ele>
      </trkpt>
      <trkpt lat="49.279001464" lon="-0.216739173">
        <ele>4.9</ele>
      </trkpt>
      <trkpt lat="49.27887619" lon="-0.216651801">
        <ele>5.09</ele>
      </trkpt>
      <trkpt lat="49.278120571" lon="-0.216047712">
        <ele>5.04</ele>
      </trkpt>
      <trkpt lat="49.277922461" lon="-0.215935524">
        <ele>5.17</ele>
      </trkpt>
      <trkpt lat="49.277611305" lon="-0.21566026">
        <ele>4.86</ele>
      </trkpt>
      <trkpt lat="49.277247053" lon="-0.215500269">
        <ele>4.47</ele>
      </trkpt>
      <trkpt lat="49.27705791" lon="-0.215472896">
        <ele>4.05</ele>
      </trkpt>
      <trkpt lat="49.276785382" lon="-0.215318621">
        <ele>4.76</ele>
      </trkpt>
      <trkpt lat="49.276526029" lon="-0.215321186">
        <ele>5.76</ele>
      </trkpt>
      <trkpt lat="49.27596926" lon="-0.215375457">
        <ele>6.32</ele>
      </trkpt>
      <trkpt lat="49.275547877" lon="-0.215520827">
        <ele>6.79</ele>
      </trkpt>
      <trkpt lat="49.274797723" lon="-0.215783033">
        <ele>7.79</ele>
      </trkpt>
      <trkpt lat="49.274662013" lon="-0.215704371">
        <ele>7.08</ele>
      </trkpt>
      <trkpt lat="49.274155582" lon="-0.215019141">
        <ele>6.09</ele>
      </trkpt>
      <trkpt lat="49.273895955" lon="-0.214648823">
        <ele>5.72</ele>
      </trkpt>
      <trkpt lat="49.273755106" lon="-0.214916201">
        <ele>5.24</ele>
      </trkpt>
      <trkpt lat="49.27346375" lon="-0.215430057">
        <ele>4</ele>
      </trkpt>
      <trkpt lat="49.272863541" lon="-0.216347458">
        <ele>3.62</ele>
      </trkpt>
      <trkpt lat="49.271936436" lon="-0.217656348">
        <ele>3.28</ele>
      </trkpt>
      <trkpt lat="49.271247756" lon="-0.218636821">
        <ele>3.11</ele>
      </trkpt>
      <trkpt lat="49.270485105" lon="-0.219673512">
        <ele>4.13</ele>
      </trkpt>
      <trkpt lat="49.269876998" lon="-0.220120756">
        <ele>4.16</ele>
      </trkpt>
      <trkpt lat="49.268894232" lon="-0.220454156">
        <ele>4.16</ele>
      </trkpt>
      <trkpt lat="49.267513812" lon="-0.220884406">
        <ele>4.27</ele>
      </trkpt>
      <trkpt lat="49.266868333" lon="-0.221240381">
        <ele>4.57</ele>
      </trkpt>
      <trkpt lat="49.266170975" lon="-0.222009589">
        <ele>3.76</ele>
      </trkpt>
      <trkpt lat="49.265827373" lon="-0.22264331">
        <ele>4.12</ele>
      </trkpt>
      <trkpt lat="49.26566049" lon="-0.223174024">
        <ele>4.41</ele>
      </trkpt>
      <trkpt lat="49.265306362" lon="-0.224300136">
        <ele>4.4</ele>
      </trkpt>
      <trkpt lat="49.265152774" lon="-0.225271718">
        <ele>4.93</ele>
      </trkpt>
      <trkpt lat="49.265016887" lon="-0.226497076">
        <ele>5.1</ele>
      </trkpt>
      <trkpt lat="49.26485578" lon="-0.227558653">
        <ele>4.9</ele>
      </trkpt>
      <trkpt lat="49.264773704" lon="-0.22799339">
        <ele>4.79</ele>
      </trkpt>
      <trkpt lat="49.264683748" lon="-0.228989209">
        <ele>5.02</ele>
      </trkpt>
      <trkpt lat="49.2646469" lon="-0.229793346">
        <ele>4.44</ele>
      </trkpt>
      <trkpt lat="49.264657372" lon="-0.230012387">
        <ele>4.26</ele>
      </trkpt>
      <trkpt lat="49.26468912" lon="-0.230160995">
        <ele>4.45</ele>
      </trkpt>
      <trkpt lat="49.264695308" lon="-0.230577862">
        <ele>4.48</ele>
      </trkpt>
      <trkpt lat="49.264782703" lon="-0.23085943">
        <ele>4.53</ele>
      </trkpt>
      <trkpt lat="49.264767983" lon="-0.23106598">
        <ele>4.61</ele>
      </trkpt>
      <trkpt lat="49.26469671" lon="-0.231211264">
        <ele>4.71</ele>
      </trkpt>
      <trkpt lat="49.264601216" lon="-0.231308234">
        <ele>4.71</ele>
      </trkpt>
      <trkpt lat="49.264470835" lon="-0.233277976">
        <ele>4.63</ele>
      </trkpt>
      <trkpt lat="49.264524328" lon="-0.23390995">
        <ele>4.42</ele>
      </trkpt>
      <trkpt lat="49.264714635" lon="-0.235606532">
        <ele>4.44</ele>
      </trkpt>
      <trkpt lat="49.264739722" lon="-0.236002741">
        <ele>4.63</ele>
      </trkpt>
      <trkpt lat="49.264763145" lon="-0.236537687">
        <ele>5.12</ele>
      </trkpt>
      <trkpt lat="49.265346657" lon="-0.241987072">
        <ele>4.82</ele>
      </trkpt>
      <trkpt lat="49.265399259" lon="-0.242498894">
        <ele>4.42</ele>
      </trkpt>
      <trkpt lat="49.265785415" lon="-0.243531235">
        <ele>3.72</ele>
      </trkpt>
      <trkpt lat="49.265951707" lon="-0.24407124">
        <ele>2.76</ele>
      </trkpt>
      <trkpt lat="49.265880927" lon="-0.244181909">
        <ele>1.54</ele>
      </trkpt>
      <trkpt lat="49.265299472" lon="-0.244690515">
        <ele>1.54</ele>
      </trkpt>
      <trkpt lat="49.263003961" lon="-0.24664473">
        <ele>1.89</ele>
      </trkpt>
      <trkpt lat="49.261443157" lon="-0.247973362">
        <ele>2.71</ele>
      </trkpt>
      <trkpt lat="49.254410062" lon="-0.253972169">
        <ele>3.27</ele>
      </trkpt>
      <trkpt lat="49.253682604" lon="-0.254586817">
        <ele>3.96</ele>
      </trkpt>
      <trkpt lat="49.245026482" lon="-0.261898899">
        <ele>4.96</ele>
      </trkpt>
      <trkpt lat="49.242849167" lon="-0.263737697">
        <ele>5.6</ele>
      </trkpt>
      <trkpt lat="49.240634036" lon="-0.265624275">
        <ele>5.81</ele>
      </trkpt>
      <trkpt lat="49.240623353" lon="-0.26563337">
        <ele>6.6</ele>
      </trkpt>
      <trkpt lat="49.240529881" lon="-0.265805213">
        <ele>7.19</ele>
      </trkpt>
      <trkpt lat="49.240147321" lon="-0.266137336">
        <ele>5.77</ele>
      </trkpt>
      <trkpt lat="49.240143745" lon="-0.266248681">
        <ele>4.45</ele>
      </trkpt>
      <trkpt lat="49.234768849" lon="-0.281607079">
        <ele>1</ele>
      </trkpt>
      <trkpt lat="49.234415876" lon="-0.282079315">
        <ele>1.42</ele>
      </trkpt>
      <trkpt lat="49.234057215" lon="-0.282628128">
        <ele>1.86</ele>
      </trkpt>
      <trkpt lat="49.233105694" lon="-0.284230222">
        <ele>1.43</ele>
      </trkpt>
      <trkpt lat="49.232432213" lon="-0.285369044">
        <ele>1.49</ele>
      </trkpt>
      <trkpt lat="49.231452175" lon="-0.287223407">
        <ele>1.65</ele>
      </trkpt>
      <trkpt lat="49.231410758" lon="-0.287301231">
        <ele>1.54</ele>
      </trkpt>
      <trkpt lat="49.231410446" lon="-0.287301816">
        <ele>1.26</ele>
      </trkpt>
      <trkpt lat="49.231314674" lon="-0.287481208">
        <ele>1.48</ele>
      </trkpt>
      <trkpt lat="49.230774697" lon="-0.288573487">
        <ele>1.27</ele>
      </trkpt>
      <trkpt lat="49.230027515" lon="-0.290037253">
        <ele>0.97</ele>
      </trkpt>
      <trkpt lat="49.229536545" lon="-0.291014445">
        <ele>0.89</ele>
      </trkpt>
      <trkpt lat="49.228988862" lon="-0.292091049">
        <ele>0.67</ele>
      </trkpt>
      <trkpt lat="49.228382371" lon="-0.293244942">
        <ele>0.56</ele>
      </trkpt>
      <trkpt lat="49.227932097" lon="-0.294147731">
        <ele>0.57</ele>
      </trkpt>
      <trkpt lat="49.226896932" lon="-0.296137018">
        <ele>0.74</ele>
      </trkpt>
      <trkpt lat="49.225586374" lon="-0.298751596">
        <ele>0.61</ele>
      </trkpt>
      <trkpt lat="49.225265723" lon="-0.299420778">
        <ele>0.78</ele>
      </trkpt>
      <trkpt lat="49.224226428" lon="-0.301393113">
        <ele>0.75</ele>
      </trkpt>
      <trkpt lat="49.224097235" lon="-0.301707697">
        <ele>0.85</ele>
      </trkpt>
      <trkpt lat="49.223964833" lon="-0.301942396">
        <ele>0.87</ele>
      </trkpt>
      <trkpt lat="49.223895843" lon="-0.302063001">
        <ele>0.87</ele>
      </trkpt>
      <trkpt lat="49.223140216" lon="-0.303565687">
        <ele>0.91</ele>
      </trkpt>
      <trkpt lat="49.222609051" lon="-0.304527695">
        <ele>0.83</ele>
      </trkpt>
      <trkpt lat="49.222257738" lon="-0.305034118">
        <ele>0.75</ele>
      </trkpt>
      <trkpt lat="49.221843241" lon="-0.305580454">
        <ele>0.67</ele>
      </trkpt>
      <trkpt lat="49.221416966" lon="-0.306031242">
        <ele>0.67</ele>
      </trkpt>
      <trkpt lat="49.221058485" lon="-0.306372343">
        <ele>0.56</ele>
      </trkpt>
      <trkpt lat="49.220661079" lon="-0.306721939">
        <ele>0.63</ele>
      </trkpt>
      <trkpt lat="49.220181115" lon="-0.307030532">
        <ele>1.23</ele>
      </trkpt>
      <trkpt lat="49.217669381" lon="-0.308552515">
        <ele>1.23</ele>
      </trkpt>
      <trkpt lat="49.217049831" lon="-0.3089634">
        <ele>1.23</ele>
      </trkpt>
      <trkpt lat="49.216495421" lon="-0.309263065">
        <ele>1.19</ele>
      </trkpt>
      <trkpt lat="49.21618872" lon="-0.309461692">
        <ele>1.12</ele>
      </trkpt>
      <trkpt lat="49.216188527" lon="-0.309461817">
        <ele>0.5</ele>
      </trkpt>
      <trkpt lat="49.215952191" lon="-0.309614261">
        <ele>0.5</ele>
      </trkpt>
      <trkpt lat="49.215824889" lon="-0.309695393">
        <ele>0.5</ele>
      </trkpt>
      <trkpt lat="49.215108062" lon="-0.310109636">
        <ele>0.66</ele>
      </trkpt>
      <trkpt lat="49.214427533" lon="-0.310545422">
        <ele>0.75</ele>
      </trkpt>
      <trkpt lat="49.213416946" lon="-0.311138612">
        <ele>0.75</ele>
      </trkpt>
      <trkpt lat="49.213262992" lon="-0.311240005">
        <ele>1.3</ele>
      </trkpt>
      <trkpt lat="49.213142071" lon="-0.311416307">
        <ele>1.77</ele>
      </trkpt>
      <trkpt lat="49.213072524" lon="-0.311458551">
        <ele>1.86</ele>
      </trkpt>
      <trkpt lat="49.212838741" lon="-0.311550708">
        <ele>1.97</ele>
      </trkpt>
      <trkpt lat="49.21274405" lon="-0.311558377">
        <ele>2.05</ele>
      </trkpt>
      <trkpt lat="49.212598934" lon="-0.311632864">
        <ele>1.5</ele>
      </trkpt>
      <trkpt lat="49.212416424" lon="-0.311725557">
        <ele>1.12</ele>
      </trkpt>
      <trkpt lat="49.211727131" lon="-0.312152497">
        <ele>0.87</ele>
      </trkpt>
      <trkpt lat="49.211045852" lon="-0.312549724">
        <ele>0.66</ele>
      </trkpt>
      <trkpt lat="49.210162247" lon="-0.313105652">
        <ele>0.84</ele>
      </trkpt>
      <trkpt lat="49.209224112" lon="-0.313648452">
        <ele>0.84</ele>
      </trkpt>
      <trkpt lat="49.208426254" lon="-0.314161771">
        <ele>0.75</ele>
      </trkpt>
      <trkpt lat="49.207005872" lon="-0.315029311">
        <ele>0.75</ele>
      </trkpt>
      <trkpt lat="49.20685061" lon="-0.315132285">
        <ele>1.06</ele>
      </trkpt>
      <trkpt lat="49.20682031" lon="-0.315200066">
        <ele>1.52</ele>
      </trkpt>
      <trkpt lat="49.206937924" lon="-0.315619796">
        <ele>2.28</ele>
      </trkpt>
      <trkpt lat="49.206804962" lon="-0.315664486">
        <ele>2.54</ele>
      </trkpt>
      <trkpt lat="49.206474006" lon="-0.315864998">
        <ele>2.61</ele>
      </trkpt>
      <trkpt lat="49.206339996" lon="-0.315948059">
        <ele>2.39</ele>
      </trkpt>
      <trkpt lat="49.206266578" lon="-0.31565953">
        <ele>1.68</ele>
      </trkpt>
      <trkpt lat="49.206171499" lon="-0.315665257">
        <ele>0.93</ele>
      </trkpt>
      <trkpt lat="49.206089406" lon="-0.315621554">
        <ele>0.98</ele>
      </trkpt>
      <trkpt lat="49.206004723" lon="-0.315601347">
        <ele>1.02</ele>
      </trkpt>
      <trkpt lat="49.204723158" lon="-0.316430636">
        <ele>0.99</ele>
      </trkpt>
      <trkpt lat="49.203256455" lon="-0.317312933">
        <ele>0.99</ele>
      </trkpt>
      <trkpt lat="49.202973721" lon="-0.317515883">
        <ele>1.31</ele>
      </trkpt>
      <trkpt lat="49.202276551" lon="-0.317900969">
        <ele>0.99</ele>
      </trkpt>
      <trkpt lat="49.20083798" lon="-0.318774003">
        <ele>0.87</ele>
      </trkpt>
      <trkpt lat="49.20059916" lon="-0.318917963">
        <ele>1.21</ele>
      </trkpt>
      <trkpt lat="49.200141922" lon="-0.319183844">
        <ele>1.28</ele>
      </trkpt>
      <trkpt lat="49.199706014" lon="-0.319459329">
        <ele>1.04</ele>
      </trkpt>
      <trkpt lat="49.197693549" lon="-0.32065106">
        <ele>1.12</ele>
      </trkpt>
      <trkpt lat="49.197561842" lon="-0.320793642">
        <ele>1.11</ele>
      </trkpt>
      <trkpt lat="49.197486448" lon="-0.320851962">
        <ele>0.73</ele>
      </trkpt>
      <trkpt lat="49.197203025" lon="-0.320949101">
        <ele>0.66</ele>
      </trkpt>
      <trkpt lat="49.196207752" lon="-0.321538759">
        <ele>0.91</ele>
      </trkpt>
      <trkpt lat="49.194389155" lon="-0.322649422">
        <ele>1.01</ele>
      </trkpt>
      <trkpt lat="49.194171328" lon="-0.322782338">
        <ele>1.29</ele>
      </trkpt>
      <trkpt lat="49.194104244" lon="-0.322832948">
        <ele>1.48</ele>
      </trkpt>
      <trkpt lat="49.193928171" lon="-0.323017972">
        <ele>1.48</ele>
      </trkpt>
      <trkpt lat="49.193861692" lon="-0.323046653">
        <ele>1.15</ele>
      </trkpt>
      <trkpt lat="49.193703442" lon="-0.323074928">
        <ele>1.06</ele>
      </trkpt>
      <trkpt lat="49.193614015" lon="-0.323119983">
        <ele>0.96</ele>
      </trkpt>
      <trkpt lat="49.192669039" lon="-0.323679841">
        <ele>0.94</ele>
      </trkpt>
      <trkpt lat="49.191332415" lon="-0.324508312">
        <ele>1.14</ele>
      </trkpt>
      <trkpt lat="49.191329039" lon="-0.324510676">
        <ele>1.14</ele>
      </trkpt>
      <trkpt lat="49.191180091" lon="-0.324615218">
        <ele>1.05</ele>
      </trkpt>
      <trkpt lat="49.190646002" lon="-0.324991385">
        <ele>0.91</ele>
      </trkpt>
      <trkpt lat="49.190370173" lon="-0.325204299">
        <ele>0.81</ele>
      </trkpt>
      <trkpt lat="49.189326044" lon="-0.326225857">
        <ele>0.68</ele>
      </trkpt>
      <trkpt lat="49.188825158" lon="-0.326800447">
        <ele>0.68</ele>
      </trkpt>
      <trkpt lat="49.188379998" lon="-0.327377238">
        <ele>0.73</ele>
      </trkpt>
      <trkpt lat="49.187874306" lon="-0.328092898">
        <ele>0.74</ele>
      </trkpt>
      <trkpt lat="49.18746812" lon="-0.328724343">
        <ele>0.7</ele>
      </trkpt>
      <trkpt lat="49.187403441" lon="-0.328837557">
        <ele>0.66</ele>
      </trkpt>
      <trkpt lat="49.187400037" lon="-0.328843515">
        <ele>0.77</ele>
      </trkpt>
      <trkpt lat="49.187374458" lon="-0.328889918">
        <ele>0.84</ele>
      </trkpt>
      <trkpt lat="49.187159569" lon="-0.329274203">
        <ele>0.95</ele>
      </trkpt>
      <trkpt lat="49.186992145" lon="-0.329634084">
        <ele>1.07</ele>
      </trkpt>
      <trkpt lat="49.18686925" lon="-0.329913089">
        <ele>1.22</ele>
      </trkpt>
      <trkpt lat="49.186858687" lon="-0.329937119">
        <ele>1.32</ele>
      </trkpt>
      <trkpt lat="49.186855765" lon="-0.329945168">
        <ele>1.38</ele>
      </trkpt>
      <trkpt lat="49.186837701" lon="-0.330012645">
        <ele>1.42</ele>
      </trkpt>
      <trkpt lat="49.186795575" lon="-0.330071709">
        <ele>1.49</ele>
      </trkpt>
      <trkpt lat="49.18679269" lon="-0.330078388">
        <ele>1.55</ele>
      </trkpt>
      <trkpt lat="49.18675808" lon="-0.330158527">
        <ele>1.63</ele>
      </trkpt>
      <trkpt lat="49.186748567" lon="-0.330177134">
        <ele>1.87</ele>
      </trkpt>
      <trkpt lat="49.186530562" lon="-0.33057631">
        <ele>1.93</ele>
      </trkpt>
      <trkpt lat="49.186356657" lon="-0.330942629">
        <ele>2.04</ele>
      </trkpt>
      <trkpt lat="49.185883908" lon="-0.332092775">
        <ele>1.81</ele>
      </trkpt>
      <trkpt lat="49.185726268" lon="-0.332488961">
        <ele>1.53</ele>
      </trkpt>
      <trkpt lat="49.185677867" lon="-0.332612138">
        <ele>1.1</ele>
      </trkpt>
      <trkpt lat="49.185644292" lon="-0.332719797">
        <ele>0.87</ele>
      </trkpt>
      <trkpt lat="49.185641" lon="-0.332729839">
        <ele>0.58</ele>
      </trkpt>
      <trkpt lat="49.185602026" lon="-0.332848859">
        <ele>0.76</ele>
      </trkpt>
      <trkpt lat="49.185601809" lon="-0.332849559">
        <ele>1.01</ele>
      </trkpt>
      <trkpt lat="49.185418691" lon="-0.333441421">
        <ele>1.27</ele>
      </trkpt>
      <trkpt lat="49.185431335" lon="-0.333529104">
        <ele>1.32</ele>
      </trkpt>
      <trkpt lat="49.185421498" lon="-0.333562336">
        <ele>1.54</ele>
      </trkpt>
      <trkpt lat="49.185374829" lon="-0.333720066">
        <ele>1.36</ele>
      </trkpt>
      <trkpt lat="49.185235891" lon="-0.334247848">
        <ele>1.19</ele>
      </trkpt>
      <trkpt lat="49.185078604" lon="-0.334674891">
        <ele>1.07</ele>
      </trkpt>
      <trkpt lat="49.185011542" lon="-0.33494177">
        <ele>1.2</ele>
      </trkpt>
      <trkpt lat="49.184998783" lon="-0.33500964">
        <ele>1.4</ele>
      </trkpt>
      <trkpt lat="49.18497508" lon="-0.335135723">
        <ele>1.4</ele>
      </trkpt>
      <trkpt lat="49.184914763" lon="-0.335473224">
        <ele>1.75</ele>
      </trkpt>
      <trkpt lat="49.184838133" lon="-0.33593889">
        <ele>2.48</ele>
      </trkpt>
      <trkpt lat="49.184712683" lon="-0.336822826">
        <ele>2.5</ele>
      </trkpt>
      <trkpt lat="49.184600734" lon="-0.337632086">
        <ele>2.07</ele>
      </trkpt>
      <trkpt lat="49.184548879" lon="-0.338128516">
        <ele>2.11</ele>
      </trkpt>
      <trkpt lat="49.184546756" lon="-0.338224238">
        <ele>1.79</ele>
      </trkpt>
      <trkpt lat="49.184564428" lon="-0.338254467">
        <ele>1.16</ele>
      </trkpt>
      <trkpt lat="49.184556079" lon="-0.338349814">
        <ele>1.54</ele>
      </trkpt>
      <trkpt lat="49.184512282" lon="-0.338486459">
        <ele>2.14</ele>
      </trkpt>
      <trkpt lat="49.184473961" lon="-0.339387649">
        <ele>2.8</ele>
      </trkpt>
      <trkpt lat="49.184452387" lon="-0.339794305">
        <ele>3.13</ele>
      </trkpt>
      <trkpt lat="49.184436523" lon="-0.340210718">
        <ele>3.28</ele>
      </trkpt>
      <trkpt lat="49.184432977" lon="-0.341037691">
        <ele>3.04</ele>
      </trkpt>
      <trkpt lat="49.184448464" lon="-0.342549577">
        <ele>2.43</ele>
      </trkpt>
      <trkpt lat="49.184460624" lon="-0.3438443">
        <ele>2.34</ele>
      </trkpt>
      <trkpt lat="49.184483803" lon="-0.344483467">
        <ele>2.36</ele>
      </trkpt>
      <trkpt lat="49.184490522" lon="-0.344810396">
        <ele>2.66</ele>
      </trkpt>
      <trkpt lat="49.184492746" lon="-0.345133877">
        <ele>2.83</ele>
      </trkpt>
      <trkpt lat="49.184493512" lon="-0.345245559">
        <ele>2.91</ele>
      </trkpt>
      <trkpt lat="49.184502514" lon="-0.346110603">
        <ele>2.44</ele>
      </trkpt>
      <trkpt lat="49.184503282" lon="-0.346237742">
        <ele>2.01</ele>
      </trkpt>
      <trkpt lat="49.184502984" lon="-0.34668804">
        <ele>1.52</ele>
      </trkpt>
      <trkpt lat="49.184504736" lon="-0.347012465">
        <ele>1.18</ele>
      </trkpt>
      <trkpt lat="49.184499748" lon="-0.347553377">
        <ele>1.09</ele>
      </trkpt>
      <trkpt lat="49.184480772" lon="-0.349294226">
        <ele>1.06</ele>
      </trkpt>
      <trkpt lat="49.184473654" lon="-0.349498648">
        <ele>1.29</ele>
      </trkpt>
      <trkpt lat="49.184462834" lon="-0.349629429">
        <ele>1.15</ele>
      </trkpt>
      <trkpt lat="49.184441858" lon="-0.349815424">
        <ele>1.21</ele>
      </trkpt>
      <trkpt lat="49.184414888" lon="-0.349984599">
        <ele>1.26</ele>
      </trkpt>
      <trkpt lat="49.184373276" lon="-0.350215272">
        <ele>1.46</ele>
      </trkpt>
      <trkpt lat="49.184341022" lon="-0.350367672">
        <ele>1.86</ele>
      </trkpt>
      <trkpt lat="49.184282735" lon="-0.350603839">
        <ele>2.25</ele>
      </trkpt>
      <trkpt lat="49.184236712" lon="-0.350760811">
        <ele>2.23</ele>
      </trkpt>
      <trkpt lat="49.184187318" lon="-0.350909904">
        <ele>2.24</ele>
      </trkpt>
      <trkpt lat="49.184145072" lon="-0.35103427">
        <ele>2.36</ele>
      </trkpt>
      <trkpt lat="49.184105614" lon="-0.351135795">
        <ele>1.89</ele>
      </trkpt>
      <trkpt lat="49.184034794" lon="-0.35130652">
        <ele>1.69</ele>
      </trkpt>
      <trkpt lat="49.183982972" lon="-0.351413819">
        <ele>1.58</ele>
      </trkpt>
      <trkpt lat="49.183938017" lon="-0.351506216">
        <ele>1.67</ele>
      </trkpt>
      <trkpt lat="49.183884505" lon="-0.351596974">
        <ele>1.38</ele>
      </trkpt>
      <trkpt lat="49.18383394" lon="-0.351684642">
        <ele>1.36</ele>
      </trkpt>
      <trkpt lat="49.183765504" lon="-0.351795243">
        <ele>1.27</ele>
      </trkpt>
      <trkpt lat="49.183681557" lon="-0.351921284">
        <ele>1.56</ele>
      </trkpt>
      <trkpt lat="49.183636897" lon="-0.351977555">
        <ele>1.67</ele>
      </trkpt>
      <trkpt lat="49.183578132" lon="-0.352050428">
        <ele>1.56</ele>
      </trkpt>
      <trkpt lat="49.183364852" lon="-0.35230724">
        <ele>1.4</ele>
      </trkpt>
      <trkpt lat="49.183239039" lon="-0.35246671">
        <ele>0.61</ele>
      </trkpt>
      <trkpt lat="49.183152041" lon="-0.352639265">
        <ele>0.66</ele>
      </trkpt>
      <trkpt lat="49.183152041" lon="-0.352639265">
        <ele>0.66</ele>
      </trkpt>
      <trkpt lat="49.182857119" lon="-0.35207524">
        <ele>4.46</ele>
      </trkpt>
      <trkpt lat="49.182491863" lon="-0.351987206">
        <ele>4.6</ele>
      </trkpt>
      <trkpt lat="49.181142614" lon="-0.349352735">
        <ele>5.11</ele>
      </trkpt>
      <trkpt lat="49.180943284" lon="-0.349367407">
        <ele>4.69</ele>
      </trkpt>
      <trkpt lat="49.180774189" lon="-0.349595534">
        <ele>3.6</ele>
      </trkpt>
      <trkpt lat="49.180587031" lon="-0.34982249">
        <ele>4.44</ele>
      </trkpt>
      <trkpt lat="49.180425421" lon="-0.349887988">
        <ele>4.3</ele>
      </trkpt>
      <trkpt lat="49.180373681" lon="-0.349975511">
        <ele>4.12</ele>
      </trkpt>
      <trkpt lat="49.180309127" lon="-0.34985693">
        <ele>4.48</ele>
      </trkpt>
      <trkpt lat="49.180210212" lon="-0.349732492">
        <ele>4.55</ele>
      </trkpt>
      <trkpt lat="49.180137597" lon="-0.349689657">
        <ele>3.4</ele>
      </trkpt>
      <trkpt lat="49.179997139" lon="-0.349860334">
        <ele>2.64</ele>
      </trkpt>
      <trkpt lat="49.179930191" lon="-0.349870526">
        <ele>2.75</ele>
      </trkpt>
      <trkpt lat="49.17981459" lon="-0.349746825">
        <ele>2.1</ele>
      </trkpt>
      <trkpt lat="49.179491001" lon="-0.350536991">
        <ele>1.43</ele>
      </trkpt>
      <trkpt lat="49.178582003" lon="-0.352471997">
        <ele>1.31</ele>
      </trkpt>
      <trkpt lat="49.177591007" lon="-0.354762993">
        <ele>1.31</ele>
      </trkpt>
      <trkpt lat="49.176273186" lon="-0.35752349">
        <ele>1.79</ele>
      </trkpt>
      <trkpt lat="49.17611501" lon="-0.357873736">
        <ele>4.74</ele>
      </trkpt>
      <trkpt lat="49.175773001" lon="-0.358630997">
        <ele>8.49</ele>
      </trkpt>
      <trkpt lat="49.173778004" lon="-0.362016998">
        <ele>11.8</ele>
      </trkpt>
      <trkpt lat="49.17238732" lon="-0.364138449">
        <ele>14.37</ele>
      </trkpt>
      <trkpt lat="49.171840519" lon="-0.364932434">
        <ele>14.86</ele>
      </trkpt>
      <trkpt lat="49.171746746" lon="-0.365466276">
        <ele>14.04</ele>
      </trkpt>
      <trkpt lat="49.171696209" lon="-0.366182249">
        <ele>12.64</ele>
      </trkpt>
      <trkpt lat="49.171472016" lon="-0.36615523">
        <ele>9.65</ele>
      </trkpt>
      <trkpt lat="49.171304928" lon="-0.366145582">
        <ele>7.61</ele>
      </trkpt>
      <trkpt lat="49.171200672" lon="-0.366219799">
        <ele>6.41</ele>
      </trkpt>
      <trkpt lat="49.171089555" lon="-0.366538984">
        <ele>4.6</ele>
      </trkpt>
      <trkpt lat="49.170998527" lon="-0.366744124">
        <ele>2.4</ele>
      </trkpt>
      <trkpt lat="49.170884664" lon="-0.366874148">
        <ele>2.19</ele>
      </trkpt>
      <trkpt lat="49.170725921" lon="-0.366997587">
        <ele>2</ele>
      </trkpt>
      <trkpt lat="49.170554095" lon="-0.367071069">
        <ele>2.07</ele>
      </trkpt>
      <trkpt lat="49.170300844" lon="-0.367092632">
        <ele>2.01</ele>
      </trkpt>
      <trkpt lat="49.170268578" lon="-0.367095432">
        <ele>2.12</ele>
      </trkpt>
      <trkpt lat="49.170255398" lon="-0.367192755">
        <ele>2.04</ele>
      </trkpt>
      <trkpt lat="49.170187555" lon="-0.367201831">
        <ele>2.7</ele>
      </trkpt>
      <trkpt lat="49.170145179" lon="-0.367221155">
        <ele>3.36</ele>
      </trkpt>
      <trkpt lat="49.170110639" lon="-0.367276589">
        <ele>3.39</ele>
      </trkpt>
      <trkpt lat="49.170033092" lon="-0.367229822">
        <ele>4.25</ele>
      </trkpt>
      <trkpt lat="49.169944184" lon="-0.367416691">
        <ele>5.32</ele>
      </trkpt>
      <trkpt lat="49.169693349" lon="-0.368645851">
        <ele>5.43</ele>
      </trkpt>
      <trkpt lat="49.169557216" lon="-0.369829717">
        <ele>4.9</ele>
      </trkpt>
      <trkpt lat="49.169476393" lon="-0.371738703">
        <ele>5.4</ele>
      </trkpt>
      <trkpt lat="49.169182583" lon="-0.371714659">
        <ele>6.11</ele>
      </trkpt>
      <trkpt lat="49.169032854" lon="-0.371717172">
        <ele>6.73</ele>
      </trkpt>
      <trkpt lat="49.168783325" lon="-0.371597794">
        <ele>7.55</ele>
      </trkpt>
      <trkpt lat="49.168637702" lon="-0.371404288">
        <ele>9.05</ele>
      </trkpt>
      <trkpt lat="49.168519331" lon="-0.371292881">
        <ele>9.37</ele>
      </trkpt>
      <trkpt lat="49.16849161" lon="-0.371262859">
        <ele>8.75</ele>
      </trkpt>
      <trkpt lat="49.168444424" lon="-0.371247969">
        <ele>8.61</ele>
      </trkpt>
      <trkpt lat="49.168438139" lon="-0.371266402">
        <ele>8.12</ele>
      </trkpt>
      <trkpt lat="49.167762961" lon="-0.372470888">
        <ele>7.42</ele>
      </trkpt>
      <trkpt lat="49.166750077" lon="-0.37367907">
        <ele>7.77</ele>
      </trkpt>
      <trkpt lat="49.16628219" lon="-0.374111906">
        <ele>9.56</ele>
      </trkpt>
      <trkpt lat="49.164897034" lon="-0.375051207">
        <ele>10.86</ele>
      </trkpt>
      <trkpt lat="49.163660107" lon="-0.375790878">
        <ele>12.34</ele>
      </trkpt>
      <trkpt lat="49.163571793" lon="-0.375841556">
        <ele>14.11</ele>
      </trkpt>
      <trkpt lat="49.163464589" lon="-0.375905726">
        <ele>13.75</ele>
      </trkpt>
      <trkpt lat="49.163419427" lon="-0.375934821">
        <ele>11.5</ele>
      </trkpt>
      <trkpt lat="49.162243064" lon="-0.376692728">
        <ele>9.83</ele>
      </trkpt>
      <trkpt lat="49.161040198" lon="-0.377450751">
        <ele>9</ele>
      </trkpt>
      <trkpt lat="49.159314066" lon="-0.378509172">
        <ele>7.66</ele>
      </trkpt>
      <trkpt lat="49.157621616" lon="-0.379569709">
        <ele>7.05</ele>
      </trkpt>
      <trkpt lat="49.157567336" lon="-0.379398883">
        <ele>6.89</ele>
      </trkpt>
      <trkpt lat="49.157050676" lon="-0.379764058">
        <ele>6.04</ele>
      </trkpt>
      <trkpt lat="49.156963182" lon="-0.379874159">
        <ele>4.78</ele>
      </trkpt>
      <trkpt lat="49.156702279" lon="-0.38044906">
        <ele>4.1</ele>
      </trkpt>
      <trkpt lat="49.155057446" lon="-0.379814062">
        <ele>4.27</ele>
      </trkpt>
      <trkpt lat="49.154960011" lon="-0.379865118">
        <ele>4.37</ele>
      </trkpt>
      <trkpt lat="49.154273001" lon="-0.381386256">
        <ele>4.73</ele>
      </trkpt>
      <trkpt lat="49.154154767" lon="-0.381536652">
        <ele>5.74</ele>
      </trkpt>
      <trkpt lat="49.153790645" lon="-0.381911515">
        <ele>4.94</ele>
      </trkpt>
      <trkpt lat="49.153225093" lon="-0.382264143">
        <ele>4.66</ele>
      </trkpt>
      <trkpt lat="49.152546955" lon="-0.382604891">
        <ele>7.09</ele>
      </trkpt>
      <trkpt lat="49.152366843" lon="-0.382719078">
        <ele>8.81</ele>
      </trkpt>
      <trkpt lat="49.152080714" lon="-0.382900474">
        <ele>8.95</ele>
      </trkpt>
      <trkpt lat="49.151743485" lon="-0.383281694">
        <ele>10.76</ele>
      </trkpt>
      <trkpt lat="49.150952728" lon="-0.38382342">
        <ele>12.04</ele>
      </trkpt>
      <trkpt lat="49.150959722" lon="-0.383891814">
        <ele>10.99</ele>
      </trkpt>
      <trkpt lat="49.150316839" lon="-0.384258661">
        <ele>10.25</ele>
      </trkpt>
      <trkpt lat="49.149433645" lon="-0.384773585">
        <ele>9.79</ele>
      </trkpt>
      <trkpt lat="49.14742418" lon="-0.386097689">
        <ele>8.89</ele>
      </trkpt>
      <trkpt lat="49.145947563" lon="-0.387251122">
        <ele>8.98</ele>
      </trkpt>
      <trkpt lat="49.144608239" lon="-0.388406782">
        <ele>8.74</ele>
      </trkpt>
      <trkpt lat="49.144341435" lon="-0.388848598">
        <ele>8.53</ele>
      </trkpt>
      <trkpt lat="49.144149151" lon="-0.388937422">
        <ele>9.29</ele>
      </trkpt>
      <trkpt lat="49.14378845" lon="-0.389170292">
        <ele>9.93</ele>
      </trkpt>
      <trkpt lat="49.143305476" lon="-0.389645665">
        <ele>9.35</ele>
      </trkpt>
      <trkpt lat="49.142221728" lon="-0.390749718">
        <ele>9.17</ele>
      </trkpt>
      <trkpt lat="49.141076019" lon="-0.391968957">
        <ele>9.04</ele>
      </trkpt>
      <trkpt lat="49.13984283" lon="-0.393239304">
        <ele>8.14</ele>
      </trkpt>
      <trkpt lat="49.13892687" lon="-0.394182804">
        <ele>7.79</ele>
      </trkpt>
      <trkpt lat="49.138440107" lon="-0.394689824">
        <ele>8.09</ele>
      </trkpt>
      <trkpt lat="49.138161428" lon="-0.395064217">
        <ele>8.08</ele>
      </trkpt>
      <trkpt lat="49.138023537" lon="-0.394920653">
        <ele>8.02</ele>
      </trkpt>
      <trkpt lat="49.137304628" lon="-0.395756594">
        <ele>8.96</ele>
      </trkpt>
      <trkpt lat="49.136584919" lon="-0.39651549">
        <ele>10.38</ele>
      </trkpt>
      <trkpt lat="49.134632765" lon="-0.398511281">
        <ele>10.96</ele>
      </trkpt>
      <trkpt lat="49.133536338" lon="-0.399666498">
        <ele>12.51</ele>
      </trkpt>
      <trkpt lat="49.132375833" lon="-0.40088086">
        <ele>13.59</ele>
      </trkpt>
      <trkpt lat="49.131555838" lon="-0.401517076">
        <ele>12.91</ele>
      </trkpt>
      <trkpt lat="49.130846989" lon="-0.401943295">
        <ele>12.1</ele>
      </trkpt>
      <trkpt lat="49.13013691" lon="-0.402191845">
        <ele>11.89</ele>
      </trkpt>
      <trkpt lat="49.129678773" lon="-0.402315707">
        <ele>10.62</ele>
      </trkpt>
      <trkpt lat="49.129197424" lon="-0.402419913">
        <ele>9.99</ele>
      </trkpt>
      <trkpt lat="49.128331218" lon="-0.402481662">
        <ele>10.68</ele>
      </trkpt>
      <trkpt lat="49.127837229" lon="-0.402393944">
        <ele>11.39</ele>
      </trkpt>
      <trkpt lat="49.127219748" lon="-0.402163223">
        <ele>12.16</ele>
      </trkpt>
      <trkpt lat="49.127105724" lon="-0.402228231">
        <ele>13.5</ele>
      </trkpt>
      <trkpt lat="49.126098389" lon="-0.401732733">
        <ele>12.91</ele>
      </trkpt>
      <trkpt lat="49.125431107" lon="-0.401316767">
        <ele>13.13</ele>
      </trkpt>
      <trkpt lat="49.12520921" lon="-0.401165401">
        <ele>13.6</ele>
      </trkpt>
      <trkpt lat="49.124865552" lon="-0.400931008">
        <ele>13.97</ele>
      </trkpt>
      <trkpt lat="49.124015088" lon="-0.400322793">
        <ele>13.38</ele>
      </trkpt>
      <trkpt lat="49.123368921" lon="-0.399845737">
        <ele>15.99</ele>
      </trkpt>
      <trkpt lat="49.122699752" lon="-0.399235895">
        <ele>17.78</ele>
      </trkpt>
      <trkpt lat="49.122034949" lon="-0.398576542">
        <ele>18.46</ele>
      </trkpt>
      <trkpt lat="49.121511495" lon="-0.397962705">
        <ele>18.67</ele>
      </trkpt>
      <trkpt lat="49.12106426" lon="-0.397385566">
        <ele>20.38</ele>
      </trkpt>
      <trkpt lat="49.120284676" lon="-0.396266012">
        <ele>19.38</ele>
      </trkpt>
      <trkpt lat="49.119370243" lon="-0.394870557">
        <ele>17.97</ele>
      </trkpt>
      <trkpt lat="49.118209146" lon="-0.393160232">
        <ele>16.45</ele>
      </trkpt>
      <trkpt lat="49.117651436" lon="-0.39239033">
        <ele>15.45</ele>
      </trkpt>
      <trkpt lat="49.117338339" lon="-0.39200766">
        <ele>12.56</ele>
      </trkpt>
      <trkpt lat="49.117132889" lon="-0.391917252">
        <ele>11.24</ele>
      </trkpt>
      <trkpt lat="49.11675285" lon="-0.391484963">
        <ele>10.15</ele>
      </trkpt>
      <trkpt lat="49.116045478" lon="-0.390717999">
        <ele>9.58</ele>
      </trkpt>
      <trkpt lat="49.115345907" lon="-0.390005144">
        <ele>10</ele>
      </trkpt>
      <trkpt lat="49.11499695" lon="-0.389643521">
        <ele>11.17</ele>
      </trkpt>
      <trkpt lat="49.114467237" lon="-0.389235446">
        <ele>11.7</ele>
      </trkpt>
      <trkpt lat="49.114359259" lon="-0.389264643">
        <ele>11.16</ele>
      </trkpt>
      <trkpt lat="49.113286654" lon="-0.388459982">
        <ele>12.39</ele>
      </trkpt>
      <trkpt lat="49.113231834" lon="-0.388293164">
        <ele>11.9</ele>
      </trkpt>
      <trkpt lat="49.112032385" lon="-0.387437093">
        <ele>10.06</ele>
      </trkpt>
      <trkpt lat="49.110926385" lon="-0.386826134">
        <ele>10.79</ele>
      </trkpt>
      <trkpt lat="49.110430219" lon="-0.386612653">
        <ele>12.25</ele>
      </trkpt>
      <trkpt lat="49.110294724" lon="-0.386359366">
        <ele>11.76</ele>
      </trkpt>
      <trkpt lat="49.110103717" lon="-0.386283508">
        <ele>10.35</ele>
      </trkpt>
      <trkpt lat="49.109202349" lon="-0.386002813">
        <ele>11.45</ele>
      </trkpt>
      <trkpt lat="49.108836565" lon="-0.385802392">
        <ele>9.14</ele>
      </trkpt>
      <trkpt lat="49.108379751" lon="-0.385668429">
        <ele>8.56</ele>
      </trkpt>
      <trkpt lat="49.107941424" lon="-0.385617167">
        <ele>8.32</ele>
      </trkpt>
      <trkpt lat="49.107462069" lon="-0.385545104">
        <ele>9.63</ele>
      </trkpt>
      <trkpt lat="49.107053992" lon="-0.385369084">
        <ele>9.44</ele>
      </trkpt>
      <trkpt lat="49.106781455" lon="-0.385154399">
        <ele>9.41</ele>
      </trkpt>
      <trkpt lat="49.106564859" lon="-0.385090449">
        <ele>8.02</ele>
      </trkpt>
      <trkpt lat="49.106268926" lon="-0.384994177">
        <ele>7.41</ele>
      </trkpt>
      <trkpt lat="49.106013748" lon="-0.384875676">
        <ele>5.86</ele>
      </trkpt>
      <trkpt lat="49.105853393" lon="-0.384871984">
        <ele>4.98</ele>
      </trkpt>
      <trkpt lat="49.105699495" lon="-0.384902667">
        <ele>6.04</ele>
      </trkpt>
      <trkpt lat="49.105467486" lon="-0.384858095">
        <ele>6.64</ele>
      </trkpt>
      <trkpt lat="49.105206506" lon="-0.384734681">
        <ele>6.65</ele>
      </trkpt>
      <trkpt lat="49.104944983" lon="-0.384735703">
        <ele>8.56</ele>
      </trkpt>
      <trkpt lat="49.104634915" lon="-0.384787914">
        <ele>9.95</ele>
      </trkpt>
      <trkpt lat="49.104506346" lon="-0.384747784">
        <ele>10.7</ele>
      </trkpt>
      <trkpt lat="49.104382681" lon="-0.38476006">
        <ele>11.65</ele>
      </trkpt>
      <trkpt lat="49.104272066" lon="-0.384836567">
        <ele>12.32</ele>
      </trkpt>
      <trkpt lat="49.104173273" lon="-0.384968152">
        <ele>12.46</ele>
      </trkpt>
      <trkpt lat="49.104012084" lon="-0.385152226">
        <ele>13.59</ele>
      </trkpt>
      <trkpt lat="49.103839738" lon="-0.385310679">
        <ele>14.26</ele>
      </trkpt>
      <trkpt lat="49.103382373" lon="-0.385537433">
        <ele>13.92</ele>
      </trkpt>
      <trkpt lat="49.103006587" lon="-0.385720118">
        <ele>12.65</ele>
      </trkpt>
      <trkpt lat="49.102595394" lon="-0.386023621">
        <ele>10.76</ele>
      </trkpt>
      <trkpt lat="49.102153667" lon="-0.386408841">
        <ele>8.6</ele>
      </trkpt>
      <trkpt lat="49.101808198" lon="-0.386698182">
        <ele>7.33</ele>
      </trkpt>
      <trkpt lat="49.101649979" lon="-0.386937095">
        <ele>7.05</ele>
      </trkpt>
      <trkpt lat="49.101666171" lon="-0.387244206">
        <ele>7.59</ele>
      </trkpt>
      <trkpt lat="49.10134271" lon="-0.387565555">
        <ele>8.93</ele>
      </trkpt>
      <trkpt lat="49.100813242" lon="-0.388146119">
        <ele>10.47</ele>
      </trkpt>
      <trkpt lat="49.100286722" lon="-0.389009471">
        <ele>11.17</ele>
      </trkpt>
      <trkpt lat="49.099638066" lon="-0.390177395">
        <ele>13.24</ele>
      </trkpt>
      <trkpt lat="49.098903313" lon="-0.39238373">
        <ele>12.82</ele>
      </trkpt>
      <trkpt lat="49.098314611" lon="-0.394519768">
        <ele>13.94</ele>
      </trkpt>
      <trkpt lat="49.097684899" lon="-0.396763259">
        <ele>14.55</ele>
      </trkpt>
      <trkpt lat="49.097329886" lon="-0.398028006">
        <ele>15.14</ele>
      </trkpt>
      <trkpt lat="49.097182639" lon="-0.400056895">
        <ele>13.93</ele>
      </trkpt>
      <trkpt lat="49.097319664" lon="-0.403276352">
        <ele>16.01</ele>
      </trkpt>
      <trkpt lat="49.097368213" lon="-0.405444951">
        <ele>16.22</ele>
      </trkpt>
      <trkpt lat="49.097179067" lon="-0.407406482">
        <ele>16.65</ele>
      </trkpt>
      <trkpt lat="49.096856125" lon="-0.408820862">
        <ele>18.76</ele>
      </trkpt>
      <trkpt lat="49.096059106" lon="-0.411161086">
        <ele>20.77</ele>
      </trkpt>
      <trkpt lat="49.094577838" lon="-0.413803092">
        <ele>21.57</ele>
      </trkpt>
      <trkpt lat="49.093168437" lon="-0.416401835">
        <ele>22.33</ele>
      </trkpt>
      <trkpt lat="49.091554424" lon="-0.419010868">
        <ele>22.08</ele>
      </trkpt>
      <trkpt lat="49.089916124" lon="-0.421366949">
        <ele>20.28</ele>
      </trkpt>
      <trkpt lat="49.088386809" lon="-0.422653536">
        <ele>18.66</ele>
      </trkpt>
      <trkpt lat="49.087002333" lon="-0.423267819">
        <ele>18.26</ele>
      </trkpt>
      <trkpt lat="49.084824655" lon="-0.424055889">
        <ele>18.65</ele>
      </trkpt>
      <trkpt lat="49.08287678" lon="-0.424760743">
        <ele>21.1</ele>
      </trkpt>
      <trkpt lat="49.076337385" lon="-0.42859389">
        <ele>28.59</ele>
      </trkpt>
      <trkpt lat="49.071236509" lon="-0.432107905">
        <ele>28.02</ele>
      </trkpt>
      <trkpt lat="49.067445816" lon="-0.435936519">
        <ele>28.66</ele>
      </trkpt>
      <trkpt lat="49.065899098" lon="-0.439510181">
        <ele>26.67</ele>
      </trkpt>
      <trkpt lat="49.065724718" lon="-0.439809805">
        <ele>24.59</ele>
      </trkpt>
      <trkpt lat="49.065567414" lon="-0.440080098">
        <ele>19.04</ele>
      </trkpt>
      <trkpt lat="49.065051639" lon="-0.441021722">
        <ele>23.08</ele>
      </trkpt>
      <trkpt lat="49.064711923" lon="-0.442055002">
        <ele>25.45</ele>
      </trkpt>
      <trkpt lat="49.064510866" lon="-0.443201459">
        <ele>26.3</ele>
      </trkpt>
      <trkpt lat="49.0644647" lon="-0.444078241">
        <ele>25.02</ele>
      </trkpt>
      <trkpt lat="49.064540953" lon="-0.44545108">
        <ele>22.43</ele>
      </trkpt>
      <trkpt lat="49.064674535" lon="-0.44625456">
        <ele>21.82</ele>
      </trkpt>
      <trkpt lat="49.064688873" lon="-0.446340761">
        <ele>22.11</ele>
      </trkpt>
      <trkpt lat="49.064886471" lon="-0.447513709">
        <ele>26.36</ele>
      </trkpt>
      <trkpt lat="49.065041191" lon="-0.448531836">
        <ele>31.04</ele>
      </trkpt>
      <trkpt lat="49.065078181" lon="-0.449375464">
        <ele>37.21</ele>
      </trkpt>
      <trkpt lat="49.065000902" lon="-0.450615308">
        <ele>37.74</ele>
      </trkpt>
      <trkpt lat="49.064753149" lon="-0.45198789">
        <ele>36.38</ele>
      </trkpt>
      <trkpt lat="49.064146727" lon="-0.454374053">
        <ele>34.67</ele>
      </trkpt>
      <trkpt lat="49.063601874" lon="-0.456066863">
        <ele>32.77</ele>
      </trkpt>
      <trkpt lat="49.0629953" lon="-0.457271364">
        <ele>28.84</ele>
      </trkpt>
      <trkpt lat="49.062393584" lon="-0.458043914">
        <ele>27.61</ele>
      </trkpt>
      <trkpt lat="49.061725836" lon="-0.458610303">
        <ele>25.41</ele>
      </trkpt>
      <trkpt lat="49.061012749" lon="-0.459041106">
        <ele>23.41</ele>
      </trkpt>
      <trkpt lat="49.059852622" lon="-0.459476656">
        <ele>21.75</ele>
      </trkpt>
      <trkpt lat="49.058642237" lon="-0.459684071">
        <ele>20.48</ele>
      </trkpt>
      <trkpt lat="49.057189496" lon="-0.459627502">
        <ele>19.08</ele>
      </trkpt>
      <trkpt lat="49.055924827" lon="-0.459352965">
        <ele>19.46</ele>
      </trkpt>
      <trkpt lat="49.054831425" lon="-0.459049523">
        <ele>20.9</ele>
      </trkpt>
      <trkpt lat="49.053672598" lon="-0.458782071">
        <ele>22.97</ele>
      </trkpt>
      <trkpt lat="49.052937944" lon="-0.458646645">
        <ele>22</ele>
      </trkpt>
      <trkpt lat="49.051950511" lon="-0.458477073">
        <ele>24.84</ele>
      </trkpt>
      <trkpt lat="49.050575055" lon="-0.458235532">
        <ele>26.12</ele>
      </trkpt>
      <trkpt lat="49.049608976" lon="-0.458113516">
        <ele>25.27</ele>
      </trkpt>
      <trkpt lat="49.048592407" lon="-0.458166729">
        <ele>23.8</ele>
      </trkpt>
      <trkpt lat="49.04787474" lon="-0.458493419">
        <ele>26.1</ele>
      </trkpt>
      <trkpt lat="49.047523447" lon="-0.45872352">
        <ele>25.1</ele>
      </trkpt>
      <trkpt lat="49.04704606" lon="-0.459123835">
        <ele>24.75</ele>
      </trkpt>
      <trkpt lat="49.046307568" lon="-0.459910035">
        <ele>24.95</ele>
      </trkpt>
      <trkpt lat="49.045416842" lon="-0.460853162">
        <ele>26.2</ele>
      </trkpt>
      <trkpt lat="49.044829447" lon="-0.461390122">
        <ele>26.09</ele>
      </trkpt>
      <trkpt lat="49.044403343" lon="-0.46171891">
        <ele>26.08</ele>
      </trkpt>
      <trkpt lat="49.043954555" lon="-0.462046178">
        <ele>26.91</ele>
      </trkpt>
      <trkpt lat="49.042939662" lon="-0.462566103">
        <ele>29.12</ele>
      </trkpt>
      <trkpt lat="49.041919026" lon="-0.463022264">
        <ele>31.39</ele>
      </trkpt>
      <trkpt lat="49.039878088" lon="-0.463923015">
        <ele>30.96</ele>
      </trkpt>
      <trkpt lat="49.0377224" lon="-0.464862124">
        <ele>30.21</ele>
      </trkpt>
      <trkpt lat="49.035563915" lon="-0.465766405">
        <ele>29.71</ele>
      </trkpt>
      <trkpt lat="49.034236806" lon="-0.465948492">
        <ele>27.1</ele>
      </trkpt>
      <trkpt lat="49.033827879" lon="-0.465944214">
        <ele>24.11</ele>
      </trkpt>
      <trkpt lat="49.033213189" lon="-0.465851315">
        <ele>23.53</ele>
      </trkpt>
      <trkpt lat="49.031922189" lon="-0.465514687">
        <ele>21.76</ele>
      </trkpt>
      <trkpt lat="49.031431321" lon="-0.465386689">
        <ele>25.65</ele>
      </trkpt>
      <trkpt lat="49.030019737" lon="-0.464952583">
        <ele>26.74</ele>
      </trkpt>
      <trkpt lat="49.028477331" lon="-0.46445792">
        <ele>28.41</ele>
      </trkpt>
      <trkpt lat="49.027633708" lon="-0.464292171">
        <ele>29.67</ele>
      </trkpt>
      <trkpt lat="49.02678921" lon="-0.464287625">
        <ele>32.86</ele>
      </trkpt>
      <trkpt lat="49.025607204" lon="-0.464527802">
        <ele>30.68</ele>
      </trkpt>
      <trkpt lat="49.024015593" lon="-0.46485119">
        <ele>32.29</ele>
      </trkpt>
      <trkpt lat="49.02107448" lon="-0.465443815">
        <ele>31.04</ele>
      </trkpt>
      <trkpt lat="49.019911361" lon="-0.465717443">
        <ele>31.31</ele>
      </trkpt>
      <trkpt lat="49.019258751" lon="-0.46601939">
        <ele>30.4</ele>
      </trkpt>
      <trkpt lat="49.018756523" lon="-0.466360165">
        <ele>28.47</ele>
      </trkpt>
      <trkpt lat="49.014467526" lon="-0.470168448">
        <ele>25.27</ele>
      </trkpt>
      <trkpt lat="49.012417573" lon="-0.471840043">
        <ele>24.1</ele>
      </trkpt>
      <trkpt lat="49.008900879" lon="-0.471649874">
        <ele>25.44</ele>
      </trkpt>
      <trkpt lat="49.006485105" lon="-0.468528069">
        <ele>29.71</ele>
      </trkpt>
      <trkpt lat="49.005680893" lon="-0.466037247">
        <ele>34.75</ele>
      </trkpt>
      <trkpt lat="49.00426054" lon="-0.464688224">
        <ele>40.42</ele>
      </trkpt>
      <trkpt lat="49.002354288" lon="-0.464922665">
        <ele>41.37</ele>
      </trkpt>
      <trkpt lat="49.000567567" lon="-0.467204573">
        <ele>40.07</ele>
      </trkpt>
      <trkpt lat="48.999814759" lon="-0.471582026">
        <ele>36.16</ele>
      </trkpt>
      <trkpt lat="48.999270555" lon="-0.474221952">
        <ele>31.22</ele>
      </trkpt>
      <trkpt lat="48.998761238" lon="-0.475736366">
        <ele>26.69</ele>
      </trkpt>
      <trkpt lat="48.99872191" lon="-0.475853277">
        <ele>28.14</ele>
      </trkpt>
      <trkpt lat="48.998005827" lon="-0.477459429">
        <ele>30.52</ele>
      </trkpt>
      <trkpt lat="48.997195074" lon="-0.478850099">
        <ele>32.47</ele>
      </trkpt>
      <trkpt lat="48.99633822" lon="-0.480037857">
        <ele>37.47</ele>
      </trkpt>
      <trkpt lat="48.995050368" lon="-0.481749565">
        <ele>43.95</ele>
      </trkpt>
      <trkpt lat="48.994588232" lon="-0.482187827">
        <ele>47.92</ele>
      </trkpt>
      <trkpt lat="48.99392157" lon="-0.482510147">
        <ele>44.48</ele>
      </trkpt>
      <trkpt lat="48.99356744" lon="-0.482597888">
        <ele>41.87</ele>
      </trkpt>
      <trkpt lat="48.993164268" lon="-0.4825848">
        <ele>37.45</ele>
      </trkpt>
      <trkpt lat="48.993086813" lon="-0.482514553">
        <ele>31.4</ele>
      </trkpt>
      <trkpt lat="48.990786053" lon="-0.481942158">
        <ele>26.29</ele>
      </trkpt>
      <trkpt lat="48.989292031" lon="-0.481625877">
        <ele>27.39</ele>
      </trkpt>
      <trkpt lat="48.989272553" lon="-0.481630863">
        <ele>27.46</ele>
      </trkpt>
      <trkpt lat="48.989272553" lon="-0.481630863">
        <ele>27.46</ele>
      </trkpt>
      <trkpt lat="48.989259458" lon="-0.481634211">
        <ele>27.52</ele>
      </trkpt>
      <trkpt lat="48.988868845" lon="-0.48161571">
        <ele>30</ele>
      </trkpt>
      <trkpt lat="48.988624073" lon="-0.481664169">
        <ele>30.98</ele>
      </trkpt>
      <trkpt lat="48.987904351" lon="-0.481894893">
        <ele>30.77</ele>
      </trkpt>
      <trkpt lat="48.986507693" lon="-0.482352681">
        <ele>30.47</ele>
      </trkpt>
      <trkpt lat="48.985103958" lon="-0.482466145">
        <ele>30.07</ele>
      </trkpt>
      <trkpt lat="48.984343502" lon="-0.482364405">
        <ele>29.32</ele>
      </trkpt>
      <trkpt lat="48.980276466" lon="-0.481476104">
        <ele>29.43</ele>
      </trkpt>
      <trkpt lat="48.979591386" lon="-0.481324893">
        <ele>30.53</ele>
      </trkpt>
      <trkpt lat="48.978885656" lon="-0.481140851">
        <ele>31.29</ele>
      </trkpt>
      <trkpt lat="48.978257434" lon="-0.481015338">
        <ele>31.35</ele>
      </trkpt>
      <trkpt lat="48.977710644" lon="-0.480906223">
        <ele>31.38</ele>
      </trkpt>
      <trkpt lat="48.977687921" lon="-0.480901747">
        <ele>30.85</ele>
      </trkpt>
      <trkpt lat="48.977458262" lon="-0.480856493">
        <ele>30.19</ele>
      </trkpt>
      <trkpt lat="48.977108078" lon="-0.480796108">
        <ele>29.89</ele>
      </trkpt>
      <trkpt lat="48.976794792" lon="-0.480766911">
        <ele>29.33</ele>
      </trkpt>
      <trkpt lat="48.976531484" lon="-0.480783451">
        <ele>29.42</ele>
      </trkpt>
      <trkpt lat="48.976272852" lon="-0.480824916">
        <ele>29.03</ele>
      </trkpt>
      <trkpt lat="48.975963966" lon="-0.480923177">
        <ele>28.87</ele>
      </trkpt>
      <trkpt lat="48.975765154" lon="-0.481012405">
        <ele>28.51</ele>
      </trkpt>
      <trkpt lat="48.975728665" lon="-0.481029102">
        <ele>27.57</ele>
      </trkpt>
      <trkpt lat="48.975445924" lon="-0.481187908">
        <ele>26.49</ele>
      </trkpt>
      <trkpt lat="48.975129018" lon="-0.48140732">
        <ele>26.24</ele>
      </trkpt>
      <trkpt lat="48.974866115" lon="-0.481600185">
        <ele>25.92</ele>
      </trkpt>
      <trkpt lat="48.974150462" lon="-0.4821252">
        <ele>25.57</ele>
      </trkpt>
      <trkpt lat="48.973879278" lon="-0.482288872">
        <ele>26.62</ele>
      </trkpt>
      <trkpt lat="48.973609745" lon="-0.482426674">
        <ele>27.28</ele>
      </trkpt>
      <trkpt lat="48.973347453" lon="-0.482532146">
        <ele>27.26</ele>
      </trkpt>
      <trkpt lat="48.973089084" lon="-0.482595494">
        <ele>27.87</ele>
      </trkpt>
      <trkpt lat="48.972639604" lon="-0.482637826">
        <ele>28.66</ele>
      </trkpt>
      <trkpt lat="48.972425757" lon="-0.482624858">
        <ele>28.84</ele>
      </trkpt>
      <trkpt lat="48.971951837" lon="-0.482547968">
        <ele>29.09</ele>
      </trkpt>
      <trkpt lat="48.971897197" lon="-0.482538836">
        <ele>29.59</ele>
      </trkpt>
      <trkpt lat="48.971635288" lon="-0.48247616">
        <ele>30.64</ele>
      </trkpt>
      <trkpt lat="48.971405601" lon="-0.482419747">
        <ele>31.23</ele>
      </trkpt>
      <trkpt lat="48.96890204" lon="-0.481813075">
        <ele>32.11</ele>
      </trkpt>
      <trkpt lat="48.968223954" lon="-0.481637753">
        <ele>32.62</ele>
      </trkpt>
      <trkpt lat="48.967605542" lon="-0.481484208">
        <ele>33.8</ele>
      </trkpt>
      <trkpt lat="48.964681879" lon="-0.480775661">
        <ele>33.79</ele>
      </trkpt>
      <trkpt lat="48.963643204" lon="-0.480557074">
        <ele>33.98</ele>
      </trkpt>
      <trkpt lat="48.963353034" lon="-0.480537637">
        <ele>33.39</ele>
      </trkpt>
      <trkpt lat="48.963071213" lon="-0.480540631">
        <ele>32.62</ele>
      </trkpt>
      <trkpt lat="48.962732426" lon="-0.480583553">
        <ele>31.15</ele>
      </trkpt>
      <trkpt lat="48.96243507" lon="-0.480656589">
        <ele>29.91</ele>
      </trkpt>
      <trkpt lat="48.962113788" lon="-0.4807786">
        <ele>29.55</ele>
      </trkpt>
      <trkpt lat="48.961838203" lon="-0.480907772">
        <ele>29.6</ele>
      </trkpt>
      <trkpt lat="48.961524042" lon="-0.481094505">
        <ele>29.92</ele>
      </trkpt>
      <trkpt lat="48.961470788" lon="-0.481130579">
        <ele>30.53</ele>
      </trkpt>
      <trkpt lat="48.961114416" lon="-0.481375994">
        <ele>31.05</ele>
      </trkpt>
      <trkpt lat="48.960576046" lon="-0.481937276">
        <ele>31</ele>
      </trkpt>
      <trkpt lat="48.960373332" lon="-0.482191612">
        <ele>30.97</ele>
      </trkpt>
      <trkpt lat="48.96021" lon="-0.482422613">
        <ele>30.92</ele>
      </trkpt>
      <trkpt lat="48.959921026" lon="-0.482888504">
        <ele>30.66</ele>
      </trkpt>
      <trkpt lat="48.959717226" lon="-0.483211106">
        <ele>30.42</ele>
      </trkpt>
      <trkpt lat="48.959564817" lon="-0.483468804">
        <ele>30.22</ele>
      </trkpt>
      <trkpt lat="48.959138899" lon="-0.484186581">
        <ele>30.19</ele>
      </trkpt>
      <trkpt lat="48.958775111" lon="-0.484841535">
        <ele>30.18</ele>
      </trkpt>
      <trkpt lat="48.9579225" lon="-0.486302953">
        <ele>30.28</ele>
      </trkpt>
      <trkpt lat="48.956977384" lon="-0.487911202">
        <ele>30.48</ele>
      </trkpt>
      <trkpt lat="48.956541463" lon="-0.488662408">
        <ele>30.3</ele>
      </trkpt>
      <trkpt lat="48.956256781" lon="-0.489165426">
        <ele>30.21</ele>
      </trkpt>
      <trkpt lat="48.955967631" lon="-0.489698209">
        <ele>30.36</ele>
      </trkpt>
      <trkpt lat="48.955717162" lon="-0.49020078">
        <ele>30.29</ele>
      </trkpt>
      <trkpt lat="48.955509352" lon="-0.490691177">
        <ele>30.14</ele>
      </trkpt>
      <trkpt lat="48.955339286" lon="-0.491152669">
        <ele>30.02</ele>
      </trkpt>
      <trkpt lat="48.955150075" lon="-0.491776889">
        <ele>30.09</ele>
      </trkpt>
      <trkpt lat="48.955048416" lon="-0.492207435">
        <ele>29.85</ele>
      </trkpt>
      <trkpt lat="48.954918443" lon="-0.49277549">
        <ele>30.35</ele>
      </trkpt>
      <trkpt lat="48.954776015" lon="-0.493554558">
        <ele>30.39</ele>
      </trkpt>
      <trkpt lat="48.954623703" lon="-0.494548911">
        <ele>30.79</ele>
      </trkpt>
      <trkpt lat="48.954456401" lon="-0.495655694">
        <ele>30.77</ele>
      </trkpt>
      <trkpt lat="48.95419214" lon="-0.497401068">
        <ele>31.18</ele>
      </trkpt>
      <trkpt lat="48.954016749" lon="-0.498537359">
        <ele>31.86</ele>
      </trkpt>
      <trkpt lat="48.953958102" lon="-0.498925267">
        <ele>33.24</ele>
      </trkpt>
      <trkpt lat="48.953908536" lon="-0.4992531">
        <ele>34.8</ele>
      </trkpt>
      <trkpt lat="48.953821753" lon="-0.499851371">
        <ele>37.06</ele>
      </trkpt>
      <trkpt lat="48.953761049" lon="-0.500265516">
        <ele>38.84</ele>
      </trkpt>
      <trkpt lat="48.953683792" lon="-0.500660776">
        <ele>39.75</ele>
      </trkpt>
      <trkpt lat="48.953612501" lon="-0.501005867">
        <ele>40.14</ele>
      </trkpt>
      <trkpt lat="48.953547712" lon="-0.501251622">
        <ele>40.13</ele>
      </trkpt>
      <trkpt lat="48.953474457" lon="-0.501479037">
        <ele>39.47</ele>
      </trkpt>
      <trkpt lat="48.953371556" lon="-0.501704454">
        <ele>39.1</ele>
      </trkpt>
      <trkpt lat="48.953313049" lon="-0.501827621">
        <ele>38.69</ele>
      </trkpt>
      <trkpt lat="48.953185692" lon="-0.502058222">
        <ele>38.58</ele>
      </trkpt>
      <trkpt lat="48.953043523" lon="-0.502302858">
        <ele>38.24</ele>
      </trkpt>
      <trkpt lat="48.952908488" lon="-0.502466899">
        <ele>38.04</ele>
      </trkpt>
      <trkpt lat="48.952817486" lon="-0.502577445">
        <ele>37.9</ele>
      </trkpt>
      <trkpt lat="48.952553083" lon="-0.502883475">
        <ele>37.78</ele>
      </trkpt>
      <trkpt lat="48.952330437" lon="-0.503078946">
        <ele>37.47</ele>
      </trkpt>
      <trkpt lat="48.952071437" lon="-0.503255564">
        <ele>37.4</ele>
      </trkpt>
      <trkpt lat="48.951801575" lon="-0.503372679">
        <ele>36.93</ele>
      </trkpt>
      <trkpt lat="48.951601783" lon="-0.503433014">
        <ele>37.27</ele>
      </trkpt>
      <trkpt lat="48.951430318" lon="-0.503478858">
        <ele>37.19</ele>
      </trkpt>
      <trkpt lat="48.951268555" lon="-0.503500754">
        <ele>36.93</ele>
      </trkpt>
      <trkpt lat="48.951114537" lon="-0.503504038">
        <ele>38.02</ele>
      </trkpt>
      <trkpt lat="48.950896695" lon="-0.503504387">
        <ele>38.35</ele>
      </trkpt>
      <trkpt lat="48.950706642" lon="-0.503477908">
        <ele>39.32</ele>
      </trkpt>
      <trkpt lat="48.950508682" lon="-0.503413996">
        <ele>38.59</ele>
      </trkpt>
      <trkpt lat="48.950241528" lon="-0.503315353">
        <ele>41.54</ele>
      </trkpt>
      <trkpt lat="48.949813764" lon="-0.503137551">
        <ele>40.93</ele>
      </trkpt>
      <trkpt lat="48.949353638" lon="-0.502927505">
        <ele>43.23</ele>
      </trkpt>
      <trkpt lat="48.94898928" lon="-0.502797716">
        <ele>43.64</ele>
      </trkpt>
      <trkpt lat="48.94877475" lon="-0.502746358">
        <ele>45.78</ele>
      </trkpt>
      <trkpt lat="48.948556268" lon="-0.502707034">
        <ele>44.79</ele>
      </trkpt>
      <trkpt lat="48.948336209" lon="-0.502690837">
        <ele>46.42</ele>
      </trkpt>
      <trkpt lat="48.948052088" lon="-0.50267989">
        <ele>46.95</ele>
      </trkpt>
      <trkpt lat="48.947711449" lon="-0.5026624">
        <ele>46.5</ele>
      </trkpt>
      <trkpt lat="48.947173272" lon="-0.50265893">
        <ele>43.69</ele>
      </trkpt>
      <trkpt lat="48.946952894" lon="-0.502653645">
        <ele>43.61</ele>
      </trkpt>
      <trkpt lat="48.946771744" lon="-0.502630505">
        <ele>44.61</ele>
      </trkpt>
      <trkpt lat="48.946562144" lon="-0.50256445">
        <ele>42.97</ele>
      </trkpt>
      <trkpt lat="48.946327188" lon="-0.502442023">
        <ele>42.57</ele>
      </trkpt>
      <trkpt lat="48.945975541" lon="-0.502216075">
        <ele>44.86</ele>
      </trkpt>
      <trkpt lat="48.945584724" lon="-0.501975192">
        <ele>44.54</ele>
      </trkpt>
      <trkpt lat="48.945229862" lon="-0.501766799">
        <ele>42.46</ele>
      </trkpt>
      <trkpt lat="48.945013992" lon="-0.501668896">
        <ele>42.37</ele>
      </trkpt>
      <trkpt lat="48.944658893" lon="-0.501530185">
        <ele>42.46</ele>
      </trkpt>
      <trkpt lat="48.944458515" lon="-0.501456559">
        <ele>42.05</ele>
      </trkpt>
      <trkpt lat="48.944427201" lon="-0.501450036">
        <ele>41.46</ele>
      </trkpt>
      <trkpt lat="48.944274209" lon="-0.50141818">
        <ele>40.7</ele>
      </trkpt>
      <trkpt lat="48.944056765" lon="-0.501404899">
        <ele>39.88</ele>
      </trkpt>
      <trkpt lat="48.943847069" lon="-0.501434502">
        <ele>39.12</ele>
      </trkpt>
      <trkpt lat="48.943631924" lon="-0.501496534">
        <ele>38.79</ele>
      </trkpt>
      <trkpt lat="48.943408415" lon="-0.501567567">
        <ele>38.35</ele>
      </trkpt>
      <trkpt lat="48.943083754" lon="-0.501742472">
        <ele>38.45</ele>
      </trkpt>
      <trkpt lat="48.942889375" lon="-0.501894722">
        <ele>38.16</ele>
      </trkpt>
      <trkpt lat="48.942630178" lon="-0.502139625">
        <ele>38.12</ele>
      </trkpt>
      <trkpt lat="48.942038301" lon="-0.50277205">
        <ele>38.23</ele>
      </trkpt>
      <trkpt lat="48.941311071" lon="-0.503538817">
        <ele>38.29</ele>
      </trkpt>
      <trkpt lat="48.940722638" lon="-0.50414548">
        <ele>38.73</ele>
      </trkpt>
      <trkpt lat="48.93993996" lon="-0.504930333">
        <ele>39.31</ele>
      </trkpt>
      <trkpt lat="48.939060193" lon="-0.505802895">
        <ele>39.47</ele>
      </trkpt>
      <trkpt lat="48.938134582" lon="-0.506765249">
        <ele>39.59</ele>
      </trkpt>
      <trkpt lat="48.9377291" lon="-0.507179231">
        <ele>39.44</ele>
      </trkpt>
      <trkpt lat="48.936980697" lon="-0.507960841">
        <ele>38.57</ele>
      </trkpt>
      <trkpt lat="48.936624661" lon="-0.50831529">
        <ele>38.06</ele>
      </trkpt>
      <trkpt lat="48.935892281" lon="-0.509071989">
        <ele>37.31</ele>
      </trkpt>
      <trkpt lat="48.935295652" lon="-0.509680709">
        <ele>36.86</ele>
      </trkpt>
      <trkpt lat="48.934893693" lon="-0.510066191">
        <ele>36.7</ele>
      </trkpt>
      <trkpt lat="48.934580855" lon="-0.510297831">
        <ele>36.58</ele>
      </trkpt>
      <trkpt lat="48.934296965" lon="-0.510463109">
        <ele>36.06</ele>
      </trkpt>
      <trkpt lat="48.934081892" lon="-0.510583847">
        <ele>35.71</ele>
      </trkpt>
      <trkpt lat="48.933820284" lon="-0.510664553">
        <ele>34.89</ele>
      </trkpt>
      <trkpt lat="48.933590639" lon="-0.510729655">
        <ele>34.12</ele>
      </trkpt>
      <trkpt lat="48.93325289" lon="-0.510766962">
        <ele>33.52</ele>
      </trkpt>
      <trkpt lat="48.932979146" lon="-0.510770337">
        <ele>33.4</ele>
      </trkpt>
      <trkpt lat="48.932977" lon="-0.510811">
        <ele>31.5</ele>
        <extensions>
          <gpxtpx:TrackPointExtension>
            <gpxtpx:Extensions>
              <highway>path</highway>
              <surface>asphalt</surface>
              <foot>designated</foot>
              <bicycle>designated</bicycle>
              <oneway>no</oneway>
              <smoothness>excellent</smoothness>
              <route_bicycle_ncn>yes</route_bicycle_ncn>
              <route_bicycle_lcn>yes</route_bicycle_lcn>
            </gpxtpx:Extensions>
          </gpxtpx:TrackPointExtension>
        </extensions>
      </trkpt>
      <trkpt lat="48.932942" lon="-0.510808">
        <ele>31.5</ele>
        <extensions>
          <gpxtpx:TrackPointExtension>
            <gpxtpx:Extensions>
              <highway>path</highway>
              <surface>asphalt</surface>
              <foot>designated</foot>
              <bicycle>designated</bicycle>
              <oneway>no</oneway>
              <smoothness>excellent</smoothness>
              <route_bicycle_ncn>yes</route_bicycle_ncn>
              <route_bicycle_lcn>yes</route_bicycle_lcn>
            </gpxtpx:Extensions>
          </gpxtpx:TrackPointExtension>
        </extensions>
      </trkpt>
      <trkpt lat="48.932725" lon="-0.510777">
        <ele>31.25</ele>
        <extensions>
          <gpxtpx:TrackPointExtension>
            <gpxtpx:Extensions>
              <highway>path</highway>
              <surface>asphalt</surface>
              <foot>designated</foot>
              <bicycle>designated</bicycle>
              <oneway>no</oneway>
              <smoothness>excellent</smoothness>
              <route_bicycle_ncn>yes</route_bicycle_ncn>
              <route_bicycle_lcn>yes</route_bicycle_lcn>
            </gpxtpx:Extensions>
          </gpxtpx:TrackPointExtension>
        </extensions>
      </trkpt>
      <trkpt lat="48.932552" lon="-0.510742">
        <ele>31.25</ele>
        <extensions>
          <gpxtpx:TrackPointExtension>
            <gpxtpx:Extensions>
              <highway>path</highway>
              <surface>asphalt</surface>
              <foot>designated</foot>
              <bicycle>designated</bicycle>
              <oneway>no</oneway>
              <smoothness>excellent</smoothness>
              <route_bicycle_ncn>yes</route_bicycle_ncn>
              <route_bicycle_lcn>yes</route_bicycle_lcn>
            </gpxtpx:Extensions>
          </gpxtpx:TrackPointExtension>
        </extensions>
      </trkpt>
      <trkpt lat="48.932345" lon="-0.510681">
        <ele>31.5</ele>
        <extensions>
          <gpxtpx:TrackPointExtension>
            <gpxtpx:Extensions>
              <highway>path</highway>
              <surface>asphalt</surface>
              <foot>designated</foot>
              <bicycle>designated</bicycle>
              <oneway>no</oneway>
              <smoothness>excellent</smoothness>
              <route_bicycle_ncn>yes</route_bicycle_ncn>
              <route_bicycle_lcn>yes</route_bicycle_lcn>
            </gpxtpx:Extensions>
          </gpxtpx:TrackPointExtension>
        </extensions>
      </trkpt>
      <trkpt lat="48.932095" lon="-0.510583">
        <ele>32.25</ele>
        <extensions>
          <gpxtpx:TrackPointExtension>
            <gpxtpx:Extensions>
              <highway>path</highway>
              <surface>asphalt</surface>
              <foot>designated</foot>
              <bicycle>designated</bicycle>
              <oneway>no</oneway>
              <smoothness>excellent</smoothness>
              <route_bicycle_ncn>yes</route_bicycle_ncn>
              <route_bicycle_lcn>yes</route_bicycle_lcn>
            </gpxtpx:Extensions>
          </gpxtpx:TrackPointExtension>
        </extensions>
      </trkpt>
      <trkpt lat="48.931864" lon="-0.510462">
        <ele>33.25</ele>
        <extensions>
          <gpxtpx:TrackPointExtension>
            <gpxtpx:Extensions>
              <highway>path</highway>
              <surface>asphalt</surface>
              <foot>designated</foot>
              <bicycle>designated</bicycle>
              <oneway>no</oneway>
              <smoothness>excellent</smoothness>
              <route_bicycle_ncn>yes</route_bicycle_ncn>
              <route_bicycle_lcn>yes</route_bicycle_lcn>
            </gpxtpx:Extensions>
          </gpxtpx:TrackPointExtension>
        </extensions>
      </trkpt>
      <trkpt lat="48.931791" lon="-0.51042">
        <ele>33.5</ele>
        <extensions>
          <gpxtpx:TrackPointExtension>
            <gpxtpx:Extensions>
              <highway>path</highway>
              <surface>asphalt</surface>
              <foot>designated</foot>
              <bicycle>designated</bicycle>
              <oneway>no</oneway>
              <smoothness>excellent</smoothness>
              <route_bicycle_ncn>yes</route_bicycle_ncn>
              <route_bicycle_lcn>yes</route_bicycle_lcn>
            </gpxtpx:Extensions>
          </gpxtpx:TrackPointExtension>
        </extensions>
      </trkpt>
      <trkpt lat="48.931764" lon="-0.510418">
        <ele>33.75</ele>
        <extensions>
          <gpxtpx:TrackPointExtension>
            <gpxtpx:Extensions>
              <highway>path</highway>
              <surface>asphalt</surface>
              <foot>designated</foot>
              <bicycle>designated</bicycle>
              <oneway>no</oneway>
              <smoothness>excellent</smoothness>
              <route_bicycle_ncn>yes</route_bicycle_ncn>
              <route_bicycle_lcn>yes</route_bicycle_lcn>
            </gpxtpx:Extensions>
          </gpxtpx:TrackPointExtension>
        </extensions>
      </trkpt>
      <trkpt lat="48.93174" lon="-0.510427">
        <ele>33.75</ele>
        <extensions>
          <gpxtpx:TrackPointExtension>
            <gpxtpx:Extensions>
              <highway>path</highway>
              <surface>asphalt</surface>
              <foot>designated</foot>
              <bicycle>designated</bicycle>
              <oneway>no</oneway>
              <smoothness>excellent</smoothness>
              <route_bicycle_ncn>yes</route_bicycle_ncn>
              <route_bicycle_lcn>yes</route_bicycle_lcn>
            </gpxtpx:Extensions>
          </gpxtpx:TrackPointExtension>
        </extensions>
      </trkpt>
      <trkpt lat="48.931688" lon="-0.510476">
        <ele>33.5</ele>
        <extensions>
          <gpxtpx:TrackPointExtension>
            <gpxtpx:Extensions>
              <highway>path</highway>
              <surface>asphalt</surface>
              <foot>designated</foot>
              <bicycle>designated</bicycle>
              <oneway>no</oneway>
              <smoothness>excellent</smoothness>
              <route_bicycle_ncn>yes</route_bicycle_ncn>
              <route_bicycle_lcn>yes</route_bicycle_lcn>
            </gpxtpx:Extensions>
          </gpxtpx:TrackPointExtension>
        </extensions>
      </trkpt>
      <trkpt lat="48.931668" lon="-0.510456">
        <ele>33.75</ele>
        <extensions>
          <gpxtpx:TrackPointExtension>
            <gpxtpx:Extensions>
              <highway>path</highway>
              <surface>asphalt</surface>
              <foot>designated</foot>
              <bicycle>designated</bicycle>
              <oneway>no</oneway>
              <smoothness>excellent</smoothness>
              <route_bicycle_ncn>yes</route_bicycle_ncn>
              <route_bicycle_lcn>yes</route_bicycle_lcn>
            </gpxtpx:Extensions>
          </gpxtpx:TrackPointExtension>
        </extensions>
      </trkpt>
      <trkpt lat="48.931636" lon="-0.510344">
        <ele>34.25</ele>
        <extensions>
          <gpxtpx:TrackPointExtension>
            <gpxtpx:Extensions>
              <highway>path</highway>
              <surface>asphalt</surface>
              <foot>designated</foot>
              <bicycle>designated</bicycle>
              <oneway>no</oneway>
              <smoothness>excellent</smoothness>
              <route_bicycle_ncn>yes</route_bicycle_ncn>
              <route_bicycle_lcn>yes</route_bicycle_lcn>
            </gpxtpx:Extensions>
          </gpxtpx:TrackPointExtension>
        </extensions>
      </trkpt>
      <trkpt lat="48.931628" lon="-0.510318">
        <ele>34.25</ele>
        <extensions>
          <gpxtpx:TrackPointExtension>
            <gpxtpx:Extensions>
              <highway>primary</highway>
              <oneway>yes</oneway>
            </gpxtpx:Extensions>
          </gpxtpx:TrackPointExtension>
        </extensions>
      </trkpt>
      <trkpt lat="48.931487" lon="-0.51042">
        <ele>33.75</ele>
        <extensions>
          <gpxtpx:TrackPointExtension>
            <gpxtpx:Extensions>
              <highway>primary</highway>
              <oneway>yes</oneway>
            </gpxtpx:Extensions>
          </gpxtpx:TrackPointExtension>
        </extensions>
      </trkpt>
      <trkpt lat="48.931398" lon="-0.510459">
        <ele>33.5</ele>
        <extensions>
          <gpxtpx:TrackPointExtension>
            <gpxtpx:Extensions>
              <highway>primary</highway>
              <oneway>yes</oneway>
            </gpxtpx:Extensions>
          </gpxtpx:TrackPointExtension>
        </extensions>
      </trkpt>
      <trkpt lat="48.931288" lon="-0.510495">
        <ele>33.25</ele>
        <extensions>
          <gpxtpx:TrackPointExtension>
            <gpxtpx:Extensions>
              <highway>primary</highway>
              <oneway>yes</oneway>
            </gpxtpx:Extensions>
          </gpxtpx:TrackPointExtension>
        </extensions>
      </trkpt>
      <trkpt lat="48.931064" lon="-0.510505">
        <ele>33</ele>
        <extensions>
          <gpxtpx:TrackPointExtension>
            <gpxtpx:Extensions>
              <highway>primary</highway>
              <oneway>yes</oneway>
            </gpxtpx:Extensions>
          </gpxtpx:TrackPointExtension>
        </extensions>
      </trkpt>
      <trkpt lat="48.930941" lon="-0.510488">
        <ele>33</ele>
        <extensions>
          <gpxtpx:TrackPointExtension>
            <gpxtpx:Extensions>
              <highway>primary</highway>
              <oneway>yes</oneway>
            </gpxtpx:Extensions>
          </gpxtpx:TrackPointExtension>
        </extensions>
      </trkpt>
      <trkpt lat="48.930765" lon="-0.510446">
        <ele>33.25</ele>
        <extensions>
          <gpxtpx:TrackPointExtension>
            <gpxtpx:Extensions>
              <highway>primary</highway>
              <oneway>yes</oneway>
            </gpxtpx:Extensions>
          </gpxtpx:TrackPointExtension>
        </extensions>
      </trkpt>
      <trkpt lat="48.930568" lon="-0.510377">
        <ele>33.5</ele>
        <extensions>
          <gpxtpx:TrackPointExtension>
            <gpxtpx:Extensions>
              <highway>primary</highway>
              <oneway>yes</oneway>
            </gpxtpx:Extensions>
          </gpxtpx:TrackPointExtension>
        </extensions>
      </trkpt>
      <trkpt lat="48.930377" lon="-0.510282">
        <ele>33.75</ele>
        <extensions>
          <gpxtpx:TrackPointExtension>
            <gpxtpx:Extensions>
              <highway>primary</highway>
            </gpxtpx:Extensions>
          </gpxtpx:TrackPointExtension>
        </extensions>
      </trkpt>
      <trkpt lat="48.930214" lon="-0.51021">
        <ele>34</ele>
        <extensions>
          <gpxtpx:TrackPointExtension>
            <gpxtpx:Extensions>
              <highway>primary</highway>
            </gpxtpx:Extensions>
          </gpxtpx:TrackPointExtension>
        </extensions>
      </trkpt>
      <trkpt lat="48.930045" lon="-0.510109">
        <ele>34.5</ele>
        <extensions>
          <gpxtpx:TrackPointExtension>
            <gpxtpx:Extensions>
              <highway>primary</highway>
            </gpxtpx:Extensions>
          </gpxtpx:TrackPointExtension>
        </extensions>
      </trkpt>
      <trkpt lat="48.929931" lon="-0.510021">
        <ele>34.5</ele>
        <extensions>
          <gpxtpx:TrackPointExtension>
            <gpxtpx:Extensions>
              <highway>primary</highway>
            </gpxtpx:Extensions>
          </gpxtpx:TrackPointExtension>
        </extensions>
      </trkpt>
      <trkpt lat="48.929796" lon="-0.509892">
        <ele>34.5</ele>
        <extensions>
          <gpxtpx:TrackPointExtension>
            <gpxtpx:Extensions>
              <highway>primary</highway>
            </gpxtpx:Extensions>
          </gpxtpx:TrackPointExtension>
        </extensions>
      </trkpt>
      <trkpt lat="48.929639" lon="-0.509719">
        <ele>34.5</ele>
        <extensions>
          <gpxtpx:TrackPointExtension>
            <gpxtpx:Extensions>
              <highway>primary</highway>
            </gpxtpx:Extensions>
          </gpxtpx:TrackPointExtension>
        </extensions>
      </trkpt>
      <trkpt lat="48.929471" lon="-0.509512">
        <ele>34.25</ele>
        <extensions>
          <gpxtpx:TrackPointExtension>
            <gpxtpx:Extensions>
              <highway>primary</highway>
            </gpxtpx:Extensions>
          </gpxtpx:TrackPointExtension>
        </extensions>
      </trkpt>
      <trkpt lat="48.929139" lon="-0.509061">
        <ele>33</ele>
        <extensions>
          <gpxtpx:TrackPointExtension>
            <gpxtpx:Extensions>
              <highway>primary</highway>
              <surface>asphalt</surface>
            </gpxtpx:Extensions>
          </gpxtpx:TrackPointExtension>
        </extensions>
      </trkpt>
      <trkpt lat="48.928814" lon="-0.508625">
        <ele>33.5</ele>
        <extensions>
          <gpxtpx:TrackPointExtension>
            <gpxtpx:Extensions>
              <highway>primary</highway>
            </gpxtpx:Extensions>
          </gpxtpx:TrackPointExtension>
        </extensions>
      </trkpt>
      <trkpt lat="48.927384" lon="-0.506702">
        <ele>34</ele>
        <extensions>
          <gpxtpx:TrackPointExtension>
            <gpxtpx:Extensions>
              <highway>primary</highway>
              <surface>asphalt</surface>
            </gpxtpx:Extensions>
          </gpxtpx:TrackPointExtension>
        </extensions>
      </trkpt>
      <trkpt lat="48.925538" lon="-0.504327">
        <ele>36.5</ele>
        <extensions>
          <gpxtpx:TrackPointExtension>
            <gpxtpx:Extensions>
              <highway>tertiary</highway>
              <oneway>yes</oneway>
            </gpxtpx:Extensions>
          </gpxtpx:TrackPointExtension>
        </extensions>
      </trkpt>
      <trkpt lat="48.925422" lon="-0.504285">
        <ele>36.75</ele>
        <extensions>
          <gpxtpx:TrackPointExtension>
            <gpxtpx:Extensions>
              <highway>tertiary</highway>
              <oneway>yes</oneway>
            </gpxtpx:Extensions>
          </gpxtpx:TrackPointExtension>
        </extensions>
      </trkpt>
      <trkpt lat="48.925233" lon="-0.504048">
        <ele>37.25</ele>
        <extensions>
          <gpxtpx:TrackPointExtension>
            <gpxtpx:Extensions>
              <highway>tertiary</highway>
              <oneway>yes</oneway>
            </gpxtpx:Extensions>
          </gpxtpx:TrackPointExtension>
        </extensions>
      </trkpt>
      <trkpt lat="48.925177" lon="-0.504011">
        <ele>37.5</ele>
        <extensions>
          <gpxtpx:TrackPointExtension>
            <gpxtpx:Extensions>
              <highway>tertiary</highway>
              <oneway>yes</oneway>
            </gpxtpx:Extensions>
          </gpxtpx:TrackPointExtension>
        </extensions>
      </trkpt>
      <trkpt lat="48.925057" lon="-0.504004">
        <ele>37.75</ele>
        <extensions>
          <gpxtpx:TrackPointExtension>
            <gpxtpx:Extensions>
              <highway>tertiary</highway>
            </gpxtpx:Extensions>
          </gpxtpx:TrackPointExtension>
        </extensions>
      </trkpt>
      <trkpt lat="48.924937" lon="-0.504186">
        <ele>38.25</ele>
        <extensions>
          <gpxtpx:TrackPointExtension>
            <gpxtpx:Extensions>
              <highway>tertiary</highway>
            </gpxtpx:Extensions>
          </gpxtpx:TrackPointExtension>
        </extensions>
      </trkpt>
      <trkpt lat="48.924854" lon="-0.504456">
        <ele>38.75</ele>
        <extensions>
          <gpxtpx:TrackPointExtension>
            <gpxtpx:Extensions>
              <highway>tertiary</highway>
            </gpxtpx:Extensions>
          </gpxtpx:TrackPointExtension>
        </extensions>
      </trkpt>
      <trkpt lat="48.924818" lon="-0.504708">
        <ele>39</ele>
        <extensions>
          <gpxtpx:TrackPointExtension>
            <gpxtpx:Extensions>
              <highway>tertiary</highway>
            </gpxtpx:Extensions>
          </gpxtpx:TrackPointExtension>
        </extensions>
      </trkpt>
      <trkpt lat="48.924826" lon="-0.505174">
        <ele>39.25</ele>
        <extensions>
          <gpxtpx:TrackPointExtension>
            <gpxtpx:Extensions>
              <highway>tertiary</highway>
            </gpxtpx:Extensions>
          </gpxtpx:TrackPointExtension>
        </extensions>
      </trkpt>
      <trkpt lat="48.924808" lon="-0.505454">
        <ele>39.25</ele>
        <extensions>
          <gpxtpx:TrackPointExtension>
            <gpxtpx:Extensions>
              <highway>tertiary</highway>
            </gpxtpx:Extensions>
          </gpxtpx:TrackPointExtension>
        </extensions>
      </trkpt>
      <trkpt lat="48.92479" lon="-0.505623">
        <ele>39.5</ele>
        <extensions>
          <gpxtpx:TrackPointExtension>
            <gpxtpx:Extensions>
              <highway>tertiary</highway>
            </gpxtpx:Extensions>
          </gpxtpx:TrackPointExtension>
        </extensions>
      </trkpt>
      <trkpt lat="48.924757" lon="-0.50581">
        <ele>39.5</ele>
        <extensions>
          <gpxtpx:TrackPointExtension>
            <gpxtpx:Extensions>
              <highway>tertiary</highway>
            </gpxtpx:Extensions>
          </gpxtpx:TrackPointExtension>
        </extensions>
      </trkpt>
      <trkpt lat="48.924708" lon="-0.505964">
        <ele>39.75</ele>
        <extensions>
          <gpxtpx:TrackPointExtension>
            <gpxtpx:Extensions>
              <highway>tertiary</highway>
            </gpxtpx:Extensions>
          </gpxtpx:TrackPointExtension>
        </extensions>
      </trkpt>
      <trkpt lat="48.924649" lon="-0.506103">
        <ele>40</ele>
        <extensions>
          <gpxtpx:TrackPointExtension>
            <gpxtpx:Extensions>
              <highway>tertiary</highway>
            </gpxtpx:Extensions>
          </gpxtpx:TrackPointExtension>
        </extensions>
      </trkpt>
      <trkpt lat="48.924321" lon="-0.506604">
        <ele>43.25</ele>
        <extensions>
          <gpxtpx:TrackPointExtension>
            <gpxtpx:Extensions>
              <highway>tertiary</highway>
            </gpxtpx:Extensions>
          </gpxtpx:TrackPointExtension>
        </extensions>
      </trkpt>
      <trkpt lat="48.924273" lon="-0.50679">
        <ele>44.5</ele>
        <extensions>
          <gpxtpx:TrackPointExtension>
            <gpxtpx:Extensions>
              <highway>tertiary</highway>
            </gpxtpx:Extensions>
          </gpxtpx:TrackPointExtension>
        </extensions>
      </trkpt>
      <trkpt lat="48.924258" lon="-0.506998">
        <ele>45.75</ele>
        <extensions>
          <gpxtpx:TrackPointExtension>
            <gpxtpx:Extensions>
              <highway>tertiary</highway>
            </gpxtpx:Extensions>
          </gpxtpx:TrackPointExtension>
        </extensions>
      </trkpt>
      <trkpt lat="48.924262" lon="-0.507453">
        <ele>48.25</ele>
        <extensions>
          <gpxtpx:TrackPointExtension>
            <gpxtpx:Extensions>
              <highway>tertiary</highway>
            </gpxtpx:Extensions>
          </gpxtpx:TrackPointExtension>
        </extensions>
      </trkpt>
      <trkpt lat="48.924367" lon="-0.508415">
        <ele>49.5</ele>
        <extensions>
          <gpxtpx:TrackPointExtension>
            <gpxtpx:Extensions>
              <highway>tertiary</highway>
            </gpxtpx:Extensions>
          </gpxtpx:TrackPointExtension>
        </extensions>
      </trkpt>
      <trkpt lat="48.924381" lon="-0.509002">
        <ele>47.5</ele>
        <extensions>
          <gpxtpx:TrackPointExtension>
            <gpxtpx:Extensions>
              <highway>tertiary</highway>
            </gpxtpx:Extensions>
          </gpxtpx:TrackPointExtension>
        </extensions>
      </trkpt>
      <trkpt lat="48.924379" lon="-0.509723">
        <ele>47.5</ele>
        <extensions>
          <gpxtpx:TrackPointExtension>
            <gpxtpx:Extensions>
              <highway>tertiary</highway>
            </gpxtpx:Extensions>
          </gpxtpx:TrackPointExtension>
        </extensions>
      </trkpt>
      <trkpt lat="48.924352" lon="-0.510067">
        <ele>48</ele>
        <extensions>
          <gpxtpx:TrackPointExtension>
            <gpxtpx:Extensions>
              <highway>tertiary</highway>
            </gpxtpx:Extensions>
          </gpxtpx:TrackPointExtension>
        </extensions>
      </trkpt>
      <trkpt lat="48.924271" lon="-0.510363">
        <ele>47.75</ele>
        <extensions>
          <gpxtpx:TrackPointExtension>
            <gpxtpx:Extensions>
              <highway>tertiary</highway>
            </gpxtpx:Extensions>
          </gpxtpx:TrackPointExtension>
        </extensions>
      </trkpt>
      <trkpt lat="48.924153" lon="-0.510729">
        <ele>48</ele>
        <extensions>
          <gpxtpx:TrackPointExtension>
            <gpxtpx:Extensions>
              <highway>tertiary</highway>
            </gpxtpx:Extensions>
          </gpxtpx:TrackPointExtension>
        </extensions>
      </trkpt>
      <trkpt lat="48.924058" lon="-0.510956">
        <ele>50.25</ele>
        <extensions>
          <gpxtpx:TrackPointExtension>
            <gpxtpx:Extensions>
              <highway>tertiary</highway>
            </gpxtpx:Extensions>
          </gpxtpx:TrackPointExtension>
        </extensions>
      </trkpt>
      <trkpt lat="48.923757" lon="-0.511343">
        <ele>57.75</ele>
        <extensions>
          <gpxtpx:TrackPointExtension>
            <gpxtpx:Extensions>
              <highway>tertiary</highway>
            </gpxtpx:Extensions>
          </gpxtpx:TrackPointExtension>
        </extensions>
      </trkpt>
      <trkpt lat="48.923554" lon="-0.511623">
        <ele>61</ele>
        <extensions>
          <gpxtpx:TrackPointExtension>
            <gpxtpx:Extensions>
              <highway>tertiary</highway>
            </gpxtpx:Extensions>
          </gpxtpx:TrackPointExtension>
        </extensions>
      </trkpt>
      <trkpt lat="48.923287" lon="-0.512055">
        <ele>63</ele>
        <extensions>
          <gpxtpx:TrackPointExtension>
            <gpxtpx:Extensions>
              <highway>tertiary</highway>
            </gpxtpx:Extensions>
          </gpxtpx:TrackPointExtension>
        </extensions>
      </trkpt>
      <trkpt lat="48.922944" lon="-0.512763">
        <ele>68.25</ele>
        <extensions>
          <gpxtpx:TrackPointExtension>
            <gpxtpx:Extensions>
              <highway>tertiary</highway>
            </gpxtpx:Extensions>
          </gpxtpx:TrackPointExtension>
        </extensions>
      </trkpt>
      <trkpt lat="48.922634" lon="-0.51352">
        <ele>73.25</ele>
        <extensions>
          <gpxtpx:TrackPointExtension>
            <gpxtpx:Extensions>
              <highway>tertiary</highway>
            </gpxtpx:Extensions>
          </gpxtpx:TrackPointExtension>
        </extensions>
      </trkpt>
      <trkpt lat="48.922512" lon="-0.513965">
        <ele>74.5</ele>
        <extensions>
          <gpxtpx:TrackPointExtension>
            <gpxtpx:Extensions>
              <highway>tertiary</highway>
            </gpxtpx:Extensions>
          </gpxtpx:TrackPointExtension>
        </extensions>
      </trkpt>
      <trkpt lat="48.922415" lon="-0.51459">
        <ele>75.25</ele>
        <extensions>
          <gpxtpx:TrackPointExtension>
            <gpxtpx:Extensions>
              <highway>tertiary</highway>
            </gpxtpx:Extensions>
          </gpxtpx:TrackPointExtension>
        </extensions>
      </trkpt>
      <trkpt lat="48.922335" lon="-0.515038">
        <ele>76.5</ele>
        <extensions>
          <gpxtpx:TrackPointExtension>
            <gpxtpx:Extensions>
              <highway>tertiary</highway>
            </gpxtpx:Extensions>
          </gpxtpx:TrackPointExtension>
        </extensions>
      </trkpt>
      <trkpt lat="48.92229" lon="-0.515254">
        <ele>77.25</ele>
        <extensions>
          <gpxtpx:TrackPointExtension>
            <gpxtpx:Extensions>
              <highway>tertiary</highway>
            </gpxtpx:Extensions>
          </gpxtpx:TrackPointExtension>
        </extensions>
      </trkpt>
      <trkpt lat="48.922003" lon="-0.516422">
        <ele>84.5</ele>
        <extensions>
          <gpxtpx:TrackPointExtension>
            <gpxtpx:Extensions>
              <highway>tertiary</highway>
            </gpxtpx:Extensions>
          </gpxtpx:TrackPointExtension>
        </extensions>
      </trkpt>
      <trkpt lat="48.921684" lon="-0.518034">
        <ele>93.75</ele>
        <extensions>
          <gpxtpx:TrackPointExtension>
            <gpxtpx:Extensions>
              <highway>tertiary</highway>
            </gpxtpx:Extensions>
          </gpxtpx:TrackPointExtension>
        </extensions>
      </trkpt>
      <trkpt lat="48.921619" lon="-0.518333">
        <ele>94.75</ele>
        <extensions>
          <gpxtpx:TrackPointExtension>
            <gpxtpx:Extensions>
              <highway>tertiary</highway>
            </gpxtpx:Extensions>
          </gpxtpx:TrackPointExtension>
        </extensions>
      </trkpt>
      <trkpt lat="48.921508" lon="-0.518671">
        <ele>97</ele>
        <extensions>
          <gpxtpx:TrackPointExtension>
            <gpxtpx:Extensions>
              <highway>tertiary</highway>
            </gpxtpx:Extensions>
          </gpxtpx:TrackPointExtension>
        </extensions>
      </trkpt>
      <trkpt lat="48.921363" lon="-0.51905">
        <ele>99.5</ele>
        <extensions>
          <gpxtpx:TrackPointExtension>
            <gpxtpx:Extensions>
              <highway>tertiary</highway>
            </gpxtpx:Extensions>
          </gpxtpx:TrackPointExtension>
        </extensions>
      </trkpt>
      <trkpt lat="48.921305" lon="-0.519152">
        <ele>100.5</ele>
        <extensions>
          <gpxtpx:TrackPointExtension>
            <gpxtpx:Extensions>
              <highway>tertiary</highway>
            </gpxtpx:Extensions>
          </gpxtpx:TrackPointExtension>
        </extensions>
      </trkpt>
      <trkpt lat="48.92123" lon="-0.519265">
        <ele>102</ele>
        <extensions>
          <gpxtpx:TrackPointExtension>
            <gpxtpx:Extensions>
              <highway>tertiary</highway>
            </gpxtpx:Extensions>
          </gpxtpx:TrackPointExtension>
        </extensions>
      </trkpt>
      <trkpt lat="48.921055" lon="-0.5194">
        <ele>105.25</ele>
        <extensions>
          <gpxtpx:TrackPointExtension>
            <gpxtpx:Extensions>
              <highway>tertiary</highway>
            </gpxtpx:Extensions>
          </gpxtpx:TrackPointExtension>
        </extensions>
      </trkpt>
      <trkpt lat="48.92081" lon="-0.519588">
        <ele>109.25</ele>
        <extensions>
          <gpxtpx:TrackPointExtension>
            <gpxtpx:Extensions>
              <highway>tertiary</highway>
            </gpxtpx:Extensions>
          </gpxtpx:TrackPointExtension>
        </extensions>
      </trkpt>
      <trkpt lat="48.920729" lon="-0.519689">
        <ele>108.5</ele>
        <extensions>
          <gpxtpx:TrackPointExtension>
            <gpxtpx:Extensions>
              <highway>tertiary</highway>
            </gpxtpx:Extensions>
          </gpxtpx:TrackPointExtension>
        </extensions>
      </trkpt>
      <trkpt lat="48.920673" lon="-0.519787">
        <ele>108.25</ele>
        <extensions>
          <gpxtpx:TrackPointExtension>
            <gpxtpx:Extensions>
              <highway>tertiary</highway>
            </gpxtpx:Extensions>
          </gpxtpx:TrackPointExtension>
        </extensions>
      </trkpt>
      <trkpt lat="48.920627" lon="-0.519902">
        <ele>108</ele>
        <extensions>
          <gpxtpx:TrackPointExtension>
            <gpxtpx:Extensions>
              <highway>tertiary</highway>
            </gpxtpx:Extensions>
          </gpxtpx:TrackPointExtension>
        </extensions>
      </trkpt>
      <trkpt lat="48.920583" lon="-0.520066">
        <ele>108</ele>
        <extensions>
          <gpxtpx:TrackPointExtension>
            <gpxtpx:Extensions>
              <highway>tertiary</highway>
            </gpxtpx:Extensions>
          </gpxtpx:TrackPointExtension>
        </extensions>
      </trkpt>
      <trkpt lat="48.920575" lon="-0.520367">
        <ele>109</ele>
        <extensions>
          <gpxtpx:TrackPointExtension>
            <gpxtpx:Extensions>
              <highway>tertiary</highway>
            </gpxtpx:Extensions>
          </gpxtpx:TrackPointExtension>
        </extensions>
      </trkpt>
      <trkpt lat="48.920576" lon="-0.52042">
        <ele>109</ele>
        <extensions>
          <gpxtpx:TrackPointExtension>
            <gpxtpx:Extensions>
              <highway>tertiary</highway>
            </gpxtpx:Extensions>
          </gpxtpx:TrackPointExtension>
        </extensions>
      </trkpt>
      <trkpt lat="48.920576" lon="-0.520458">
        <ele>109.25</ele>
        <extensions>
          <gpxtpx:TrackPointExtension>
            <gpxtpx:Extensions>
              <highway>tertiary</highway>
            </gpxtpx:Extensions>
          </gpxtpx:TrackPointExtension>
        </extensions>
      </trkpt>
      <trkpt lat="48.920582" lon="-0.520933">
        <ele>111.25</ele>
        <extensions>
          <gpxtpx:TrackPointExtension>
            <gpxtpx:Extensions>
              <highway>tertiary</highway>
            </gpxtpx:Extensions>
          </gpxtpx:TrackPointExtension>
        </extensions>
      </trkpt>
      <trkpt lat="48.920591" lon="-0.521815">
        <ele>117</ele>
        <extensions>
          <gpxtpx:TrackPointExtension>
            <gpxtpx:Extensions>
              <highway>tertiary</highway>
            </gpxtpx:Extensions>
          </gpxtpx:TrackPointExtension>
        </extensions>
      </trkpt>
      <trkpt lat="48.920447" lon="-0.525589">
        <ele>139.5</ele>
        <extensions>
          <gpxtpx:TrackPointExtension>
            <gpxtpx:Extensions>
              <highway>tertiary</highway>
            </gpxtpx:Extensions>
          </gpxtpx:TrackPointExtension>
        </extensions>
      </trkpt>
      <trkpt lat="48.920337" lon="-0.52647">
        <ele>143.75</ele>
        <extensions>
          <gpxtpx:TrackPointExtension>
            <gpxtpx:Extensions>
              <highway>tertiary</highway>
            </gpxtpx:Extensions>
          </gpxtpx:TrackPointExtension>
        </extensions>
      </trkpt>
      <trkpt lat="48.920276" lon="-0.526858">
        <ele>145.5</ele>
        <extensions>
          <gpxtpx:TrackPointExtension>
            <gpxtpx:Extensions>
              <highway>tertiary</highway>
            </gpxtpx:Extensions>
          </gpxtpx:TrackPointExtension>
        </extensions>
      </trkpt>
      <trkpt lat="48.920138" lon="-0.527474">
        <ele>147.5</ele>
        <extensions>
          <gpxtpx:TrackPointExtension>
            <gpxtpx:Extensions>
              <highway>tertiary</highway>
            </gpxtpx:Extensions>
          </gpxtpx:TrackPointExtension>
        </extensions>
      </trkpt>
      <trkpt lat="48.919899" lon="-0.528397">
        <ele>149.75</ele>
        <extensions>
          <gpxtpx:TrackPointExtension>
            <gpxtpx:Extensions>
              <highway>tertiary</highway>
            </gpxtpx:Extensions>
          </gpxtpx:TrackPointExtension>
        </extensions>
      </trkpt>
      <trkpt lat="48.919834" lon="-0.528767">
        <ele>150.25</ele>
        <extensions>
          <gpxtpx:TrackPointExtension>
            <gpxtpx:Extensions>
              <highway>tertiary</highway>
            </gpxtpx:Extensions>
          </gpxtpx:TrackPointExtension>
        </extensions>
      </trkpt>
      <trkpt lat="48.919764" lon="-0.529265">
        <ele>151.75</ele>
        <extensions>
          <gpxtpx:TrackPointExtension>
            <gpxtpx:Extensions>
              <highway>tertiary</highway>
            </gpxtpx:Extensions>
          </gpxtpx:TrackPointExtension>
        </extensions>
      </trkpt>
      <trkpt lat="48.919708" lon="-0.530277">
        <ele>157.25</ele>
        <extensions>
          <gpxtpx:TrackPointExtension>
            <gpxtpx:Extensions>
              <highway>tertiary</highway>
            </gpxtpx:Extensions>
          </gpxtpx:TrackPointExtension>
        </extensions>
      </trkpt>
      <trkpt lat="48.919688" lon="-0.531468">
        <ele>162.75</ele>
        <extensions>
          <gpxtpx:TrackPointExtension>
            <gpxtpx:Extensions>
              <highway>tertiary</highway>
            </gpxtpx:Extensions>
          </gpxtpx:TrackPointExtension>
        </extensions>
      </trkpt>
      <trkpt lat="48.919654" lon="-0.532021">
        <ele>166</ele>
        <extensions>
          <gpxtpx:TrackPointExtension>
            <gpxtpx:Extensions>
              <highway>tertiary</highway>
            </gpxtpx:Extensions>
          </gpxtpx:TrackPointExtension>
        </extensions>
      </trkpt>
      <trkpt lat="48.919603" lon="-0.532433">
        <ele>168.5</ele>
        <extensions>
          <gpxtpx:TrackPointExtension>
            <gpxtpx:Extensions>
              <highway>tertiary</highway>
            </gpxtpx:Extensions>
          </gpxtpx:TrackPointExtension>
        </extensions>
      </trkpt>
      <trkpt lat="48.919454" lon="-0.533308">
        <ele>175.25</ele>
        <extensions>
          <gpxtpx:TrackPointExtension>
            <gpxtpx:Extensions>
              <highway>tertiary</highway>
            </gpxtpx:Extensions>
          </gpxtpx:TrackPointExtension>
        </extensions>
      </trkpt>
      <trkpt lat="48.919385" lon="-0.533652">
        <ele>177.25</ele>
        <extensions>
          <gpxtpx:TrackPointExtension>
            <gpxtpx:Extensions>
              <highway>tertiary</highway>
            </gpxtpx:Extensions>
          </gpxtpx:TrackPointExtension>
        </extensions>
      </trkpt>
      <trkpt lat="48.919299" lon="-0.533995">
        <ele>179</ele>
        <extensions>
          <gpxtpx:TrackPointExtension>
            <gpxtpx:Extensions>
              <highway>tertiary</highway>
            </gpxtpx:Extensions>
          </gpxtpx:TrackPointExtension>
        </extensions>
      </trkpt>
      <trkpt lat="48.919109" lon="-0.534594">
        <ele>182.25</ele>
        <extensions>
          <gpxtpx:TrackPointExtension>
            <gpxtpx:Extensions>
              <highway>tertiary</highway>
            </gpxtpx:Extensions>
          </gpxtpx:TrackPointExtension>
        </extensions>
      </trkpt>
      <trkpt lat="48.918712" lon="-0.535612">
        <ele>185.75</ele>
        <extensions>
          <gpxtpx:TrackPointExtension>
            <gpxtpx:Extensions>
              <highway>tertiary</highway>
            </gpxtpx:Extensions>
          </gpxtpx:TrackPointExtension>
        </extensions>
      </trkpt>
      <trkpt lat="48.918505" lon="-0.536053">
        <ele>187</ele>
        <extensions>
          <gpxtpx:TrackPointExtension>
            <gpxtpx:Extensions>
              <highway>tertiary</highway>
            </gpxtpx:Extensions>
          </gpxtpx:TrackPointExtension>
        </extensions>
      </trkpt>
      <trkpt lat="48.917896" lon="-0.537232">
        <ele>192</ele>
        <extensions>
          <gpxtpx:TrackPointExtension>
            <gpxtpx:Extensions>
              <highway>tertiary</highway>
            </gpxtpx:Extensions>
          </gpxtpx:TrackPointExtension>
        </extensions>
      </trkpt>
      <trkpt lat="48.917497" lon="-0.538306">
        <ele>201.75</ele>
        <extensions>
          <gpxtpx:TrackPointExtension>
            <gpxtpx:Extensions>
              <highway>tertiary</highway>
            </gpxtpx:Extensions>
          </gpxtpx:TrackPointExtension>
        </extensions>
      </trkpt>
      <trkpt lat="48.917362" lon="-0.538575">
        <ele>204</ele>
        <extensions>
          <gpxtpx:TrackPointExtension>
            <gpxtpx:Extensions>
              <highway>tertiary</highway>
            </gpxtpx:Extensions>
          </gpxtpx:TrackPointExtension>
        </extensions>
      </trkpt>
      <trkpt lat="48.917081" lon="-0.538982">
        <ele>207.75</ele>
        <extensions>
          <gpxtpx:TrackPointExtension>
            <gpxtpx:Extensions>
              <highway>tertiary</highway>
            </gpxtpx:Extensions>
          </gpxtpx:TrackPointExtension>
        </extensions>
      </trkpt>
      <trkpt lat="48.91672" lon="-0.539621">
        <ele>212</ele>
        <extensions>
          <gpxtpx:TrackPointExtension>
            <gpxtpx:Extensions>
              <highway>tertiary</highway>
            </gpxtpx:Extensions>
          </gpxtpx:TrackPointExtension>
        </extensions>
      </trkpt>
      <trkpt lat="48.916563" lon="-0.539866">
        <ele>213.25</ele>
        <extensions>
          <gpxtpx:TrackPointExtension>
            <gpxtpx:Extensions>
              <highway>tertiary</highway>
            </gpxtpx:Extensions>
          </gpxtpx:TrackPointExtension>
        </extensions>
      </trkpt>
      <trkpt lat="48.9163" lon="-0.540213">
        <ele>215.25</ele>
        <extensions>
          <gpxtpx:TrackPointExtension>
            <gpxtpx:Extensions>
              <highway>tertiary</highway>
            </gpxtpx:Extensions>
          </gpxtpx:TrackPointExtension>
        </extensions>
      </trkpt>
      <trkpt lat="48.915984" lon="-0.540586">
        <ele>217</ele>
        <extensions>
          <gpxtpx:TrackPointExtension>
            <gpxtpx:Extensions>
              <highway>tertiary</highway>
            </gpxtpx:Extensions>
          </gpxtpx:TrackPointExtension>
        </extensions>
      </trkpt>
      <trkpt lat="48.915455" lon="-0.541065">
        <ele>218.25</ele>
        <extensions>
          <gpxtpx:TrackPointExtension>
            <gpxtpx:Extensions>
              <highway>tertiary</highway>
            </gpxtpx:Extensions>
          </gpxtpx:TrackPointExtension>
        </extensions>
      </trkpt>
      <trkpt lat="48.915271" lon="-0.541175">
        <ele>218.75</ele>
        <extensions>
          <gpxtpx:TrackPointExtension>
            <gpxtpx:Extensions>
              <highway>tertiary</highway>
            </gpxtpx:Extensions>
          </gpxtpx:TrackPointExtension>
        </extensions>
      </trkpt>
      <trkpt lat="48.914994" lon="-0.541317">
        <ele>220.25</ele>
        <extensions>
          <gpxtpx:TrackPointExtension>
            <gpxtpx:Extensions>
              <highway>tertiary</highway>
            </gpxtpx:Extensions>
          </gpxtpx:TrackPointExtension>
        </extensions>
      </trkpt>
      <trkpt lat="48.914734" lon="-0.541453">
        <ele>223.5</ele>
        <extensions>
          <gpxtpx:TrackPointExtension>
            <gpxtpx:Extensions>
              <highway>tertiary</highway>
            </gpxtpx:Extensions>
          </gpxtpx:TrackPointExtension>
        </extensions>
      </trkpt>
      <trkpt lat="48.914538" lon="-0.5416">
        <ele>226.75</ele>
        <extensions>
          <gpxtpx:TrackPointExtension>
            <gpxtpx:Extensions>
              <highway>tertiary</highway>
            </gpxtpx:Extensions>
          </gpxtpx:TrackPointExtension>
        </extensions>
      </trkpt>
      <trkpt lat="48.914286" lon="-0.541859">
        <ele>232.25</ele>
        <extensions>
          <gpxtpx:TrackPointExtension>
            <gpxtpx:Extensions>
              <highway>tertiary</highway>
            </gpxtpx:Extensions>
          </gpxtpx:TrackPointExtension>
        </extensions>
      </trkpt>
      <trkpt lat="48.913835" lon="-0.542345">
        <ele>240.5</ele>
        <extensions>
          <gpxtpx:TrackPointExtension>
            <gpxtpx:Extensions>
              <highway>tertiary</highway>
            </gpxtpx:Extensions>
          </gpxtpx:TrackPointExtension>
        </extensions>
      </trkpt>
      <trkpt lat="48.913677" lon="-0.54252">
        <ele>243</ele>
        <extensions>
          <gpxtpx:TrackPointExtension>
            <gpxtpx:Extensions>
              <highway>tertiary</highway>
            </gpxtpx:Extensions>
          </gpxtpx:TrackPointExtension>
        </extensions>
      </trkpt>
      <trkpt lat="48.913532" lon="-0.542664">
        <ele>245</ele>
        <extensions>
          <gpxtpx:TrackPointExtension>
            <gpxtpx:Extensions>
              <highway>tertiary</highway>
            </gpxtpx:Extensions>
          </gpxtpx:TrackPointExtension>
        </extensions>
      </trkpt>
      <trkpt lat="48.913363" lon="-0.542789">
        <ele>247</ele>
        <extensions>
          <gpxtpx:TrackPointExtension>
            <gpxtpx:Extensions>
              <highway>tertiary</highway>
            </gpxtpx:Extensions>
          </gpxtpx:TrackPointExtension>
        </extensions>
      </trkpt>
      <trkpt lat="48.912815" lon="-0.54306">
        <ele>249.5</ele>
        <extensions>
          <gpxtpx:TrackPointExtension>
            <gpxtpx:Extensions>
              <highway>tertiary</highway>
            </gpxtpx:Extensions>
          </gpxtpx:TrackPointExtension>
        </extensions>
      </trkpt>
      <trkpt lat="48.912727" lon="-0.54311">
        <ele>249.75</ele>
        <extensions>
          <gpxtpx:TrackPointExtension>
            <gpxtpx:Extensions>
              <highway>tertiary</highway>
            </gpxtpx:Extensions>
          </gpxtpx:TrackPointExtension>
        </extensions>
      </trkpt>
      <trkpt lat="48.912638" lon="-0.543222">
        <ele>250.5</ele>
        <extensions>
          <gpxtpx:TrackPointExtension>
            <gpxtpx:Extensions>
              <highway>tertiary</highway>
            </gpxtpx:Extensions>
          </gpxtpx:TrackPointExtension>
        </extensions>
      </trkpt>
      <trkpt lat="48.912546" lon="-0.543472">
        <ele>251.5</ele>
        <extensions>
          <gpxtpx:TrackPointExtension>
            <gpxtpx:Extensions>
              <highway>tertiary</highway>
            </gpxtpx:Extensions>
          </gpxtpx:TrackPointExtension>
        </extensions>
      </trkpt>
      <trkpt lat="48.912463" lon="-0.543646">
        <ele>252.25</ele>
        <extensions>
          <gpxtpx:TrackPointExtension>
            <gpxtpx:Extensions>
              <highway>tertiary</highway>
            </gpxtpx:Extensions>
          </gpxtpx:TrackPointExtension>
        </extensions>
      </trkpt>
      <trkpt lat="48.912374" lon="-0.543749">
        <ele>252.5</ele>
        <extensions>
          <gpxtpx:TrackPointExtension>
            <gpxtpx:Extensions>
              <highway>tertiary</highway>
            </gpxtpx:Extensions>
          </gpxtpx:TrackPointExtension>
        </extensions>
      </trkpt>
      <trkpt lat="48.91254" lon="-0.544412">
        <ele>255.25</ele>
        <extensions>
          <gpxtpx:TrackPointExtension>
            <gpxtpx:Extensions>
              <highway>tertiary</highway>
            </gpxtpx:Extensions>
          </gpxtpx:TrackPointExtension>
        </extensions>
      </trkpt>
      <trkpt lat="48.912644" lon="-0.544887">
        <ele>255.5</ele>
        <extensions>
          <gpxtpx:TrackPointExtension>
            <gpxtpx:Extensions>
              <highway>tertiary</highway>
            </gpxtpx:Extensions>
          </gpxtpx:TrackPointExtension>
        </extensions>
      </trkpt>
      <trkpt lat="48.912721" lon="-0.545331">
        <ele>255.5</ele>
        <extensions>
          <gpxtpx:TrackPointExtension>
            <gpxtpx:Extensions>
              <highway>tertiary</highway>
            </gpxtpx:Extensions>
          </gpxtpx:TrackPointExtension>
        </extensions>
      </trkpt>
      <trkpt lat="48.912756" lon="-0.545599">
        <ele>255.5</ele>
        <extensions>
          <gpxtpx:TrackPointExtension>
            <gpxtpx:Extensions>
              <highway>tertiary</highway>
            </gpxtpx:Extensions>
          </gpxtpx:TrackPointExtension>
        </extensions>
      </trkpt>
      <trkpt lat="48.913029" lon="-0.548211">
        <ele>252</ele>
        <extensions>
          <gpxtpx:TrackPointExtension>
            <gpxtpx:Extensions>
              <highway>tertiary</highway>
            </gpxtpx:Extensions>
          </gpxtpx:TrackPointExtension>
        </extensions>
      </trkpt>
      <trkpt lat="48.913049" lon="-0.548412">
        <ele>252.25</ele>
        <extensions>
          <gpxtpx:TrackPointExtension>
            <gpxtpx:Extensions>
              <highway>tertiary</highway>
            </gpxtpx:Extensions>
          </gpxtpx:TrackPointExtension>
        </extensions>
      </trkpt>
      <trkpt lat="48.913062" lon="-0.548622">
        <ele>252.25</ele>
        <extensions>
          <gpxtpx:TrackPointExtension>
            <gpxtpx:Extensions>
              <highway>tertiary</highway>
            </gpxtpx:Extensions>
          </gpxtpx:TrackPointExtension>
        </extensions>
      </trkpt>
      <trkpt lat="48.913214" lon="-0.549971">
        <ele>252</ele>
        <extensions>
          <gpxtpx:TrackPointExtension>
            <gpxtpx:Extensions>
              <highway>tertiary</highway>
            </gpxtpx:Extensions>
          </gpxtpx:TrackPointExtension>
        </extensions>
      </trkpt>
      <trkpt lat="48.913393" lon="-0.551647">
        <ele>251.75</ele>
        <extensions>
          <gpxtpx:TrackPointExtension>
            <gpxtpx:Extensions>
              <highway>tertiary</highway>
            </gpxtpx:Extensions>
          </gpxtpx:TrackPointExtension>
        </extensions>
      </trkpt>
      <trkpt lat="48.913417" lon="-0.551887">
        <ele>251.75</ele>
        <extensions>
          <gpxtpx:TrackPointExtension>
            <gpxtpx:Extensions>
              <highway>tertiary</highway>
            </gpxtpx:Extensions>
          </gpxtpx:TrackPointExtension>
        </extensions>
      </trkpt>
      <trkpt lat="48.913431" lon="-0.552188">
        <ele>251.75</ele>
        <extensions>
          <gpxtpx:TrackPointExtension>
            <gpxtpx:Extensions>
              <highway>tertiary</highway>
            </gpxtpx:Extensions>
          </gpxtpx:TrackPointExtension>
        </extensions>
      </trkpt>
      <trkpt lat="48.913403" lon="-0.553175">
        <ele>251</ele>
        <extensions>
          <gpxtpx:TrackPointExtension>
            <gpxtpx:Extensions>
              <highway>tertiary</highway>
            </gpxtpx:Extensions>
          </gpxtpx:TrackPointExtension>
        </extensions>
      </trkpt>
      <trkpt lat="48.913439" lon="-0.55414">
        <ele>250.75</ele>
        <extensions>
          <gpxtpx:TrackPointExtension>
            <gpxtpx:Extensions>
              <highway>tertiary</highway>
            </gpxtpx:Extensions>
          </gpxtpx:TrackPointExtension>
        </extensions>
      </trkpt>
      <trkpt lat="48.913465" lon="-0.555939">
        <ele>250.5</ele>
        <extensions>
          <gpxtpx:TrackPointExtension>
            <gpxtpx:Extensions>
              <highway>tertiary</highway>
            </gpxtpx:Extensions>
          </gpxtpx:TrackPointExtension>
        </extensions>
      </trkpt>
      <trkpt lat="48.913455" lon="-0.556405">
        <ele>250</ele>
        <extensions>
          <gpxtpx:TrackPointExtension>
            <gpxtpx:Extensions>
              <highway>tertiary</highway>
            </gpxtpx:Extensions>
          </gpxtpx:TrackPointExtension>
        </extensions>
      </trkpt>
      <trkpt lat="48.913386" lon="-0.557338">
        <ele>249.75</ele>
        <extensions>
          <gpxtpx:TrackPointExtension>
            <gpxtpx:Extensions>
              <highway>tertiary</highway>
            </gpxtpx:Extensions>
          </gpxtpx:TrackPointExtension>
        </extensions>
      </trkpt>
      <trkpt lat="48.913355" lon="-0.557886">
        <ele>249</ele>
        <extensions>
          <gpxtpx:TrackPointExtension>
            <gpxtpx:Extensions>
              <highway>tertiary</highway>
            </gpxtpx:Extensions>
          </gpxtpx:TrackPointExtension>
        </extensions>
      </trkpt>
      <trkpt lat="48.913356" lon="-0.558248">
        <ele>248</ele>
        <extensions>
          <gpxtpx:TrackPointExtension>
            <gpxtpx:Extensions>
              <highway>tertiary</highway>
            </gpxtpx:Extensions>
          </gpxtpx:TrackPointExtension>
        </extensions>
      </trkpt>
      <trkpt lat="48.913367" lon="-0.558715">
        <ele>247.75</ele>
        <extensions>
          <gpxtpx:TrackPointExtension>
            <gpxtpx:Extensions>
              <highway>tertiary</highway>
            </gpxtpx:Extensions>
          </gpxtpx:TrackPointExtension>
        </extensions>
      </trkpt>
      <trkpt lat="48.913248" lon="-0.561665">
        <ele>244.75</ele>
        <extensions>
          <gpxtpx:TrackPointExtension>
            <gpxtpx:Extensions>
              <highway>tertiary</highway>
            </gpxtpx:Extensions>
          </gpxtpx:TrackPointExtension>
        </extensions>
      </trkpt>
      <trkpt lat="48.913247" lon="-0.561881">
        <ele>244.5</ele>
        <extensions>
          <gpxtpx:TrackPointExtension>
            <gpxtpx:Extensions>
              <highway>tertiary</highway>
            </gpxtpx:Extensions>
          </gpxtpx:TrackPointExtension>
        </extensions>
      </trkpt>
      <trkpt lat="48.913257" lon="-0.561921">
        <ele>244.5</ele>
        <extensions>
          <gpxtpx:TrackPointExtension>
            <gpxtpx:Extensions>
              <highway>tertiary</highway>
            </gpxtpx:Extensions>
          </gpxtpx:TrackPointExtension>
        </extensions>
      </trkpt>
      <trkpt lat="48.913268" lon="-0.561968">
        <ele>244.5</ele>
        <extensions>
          <gpxtpx:TrackPointExtension>
            <gpxtpx:Extensions>
              <highway>tertiary</highway>
            </gpxtpx:Extensions>
          </gpxtpx:TrackPointExtension>
        </extensions>
      </trkpt>
      <trkpt lat="48.913604" lon="-0.563036">
        <ele>242.75</ele>
        <extensions>
          <gpxtpx:TrackPointExtension>
            <gpxtpx:Extensions>
              <highway>tertiary</highway>
            </gpxtpx:Extensions>
          </gpxtpx:TrackPointExtension>
        </extensions>
      </trkpt>
      <trkpt lat="48.913858" lon="-0.563854">
        <ele>242</ele>
        <extensions>
          <gpxtpx:TrackPointExtension>
            <gpxtpx:Extensions>
              <highway>tertiary</highway>
            </gpxtpx:Extensions>
          </gpxtpx:TrackPointExtension>
        </extensions>
      </trkpt>
      <trkpt lat="48.913957" lon="-0.564206">
        <ele>241.5</ele>
        <extensions>
          <gpxtpx:TrackPointExtension>
            <gpxtpx:Extensions>
              <highway>tertiary</highway>
            </gpxtpx:Extensions>
          </gpxtpx:TrackPointExtension>
        </extensions>
      </trkpt>
      <trkpt lat="48.913991" lon="-0.564349">
        <ele>241.5</ele>
        <extensions>
          <gpxtpx:TrackPointExtension>
            <gpxtpx:Extensions>
              <highway>tertiary</highway>
            </gpxtpx:Extensions>
          </gpxtpx:TrackPointExtension>
        </extensions>
      </trkpt>
      <trkpt lat="48.914023" lon="-0.564545">
        <ele>241.25</ele>
        <extensions>
          <gpxtpx:TrackPointExtension>
            <gpxtpx:Extensions>
              <highway>tertiary</highway>
            </gpxtpx:Extensions>
          </gpxtpx:TrackPointExtension>
        </extensions>
      </trkpt>
      <trkpt lat="48.914236" lon="-0.56565">
        <ele>240.75</ele>
        <extensions>
          <gpxtpx:TrackPointExtension>
            <gpxtpx:Extensions>
              <highway>tertiary</highway>
            </gpxtpx:Extensions>
          </gpxtpx:TrackPointExtension>
        </extensions>
      </trkpt>
      <trkpt lat="48.914477" lon="-0.566657">
        <ele>238.5</ele>
        <extensions>
          <gpxtpx:TrackPointExtension>
            <gpxtpx:Extensions>
              <highway>tertiary</highway>
            </gpxtpx:Extensions>
          </gpxtpx:TrackPointExtension>
        </extensions>
      </trkpt>
      <trkpt lat="48.914902" lon="-0.568282">
        <ele>237.75</ele>
        <extensions>
          <gpxtpx:TrackPointExtension>
            <gpxtpx:Extensions>
              <highway>tertiary</highway>
            </gpxtpx:Extensions>
          </gpxtpx:TrackPointExtension>
        </extensions>
      </trkpt>
      <trkpt lat="48.914972" lon="-0.568591">
        <ele>238</ele>
        <extensions>
          <gpxtpx:TrackPointExtension>
            <gpxtpx:Extensions>
              <highway>tertiary</highway>
              <surface>asphalt</surface>
              <oneway>yes</oneway>
            </gpxtpx:Extensions>
          </gpxtpx:TrackPointExtension>
        </extensions>
      </trkpt>
      <trkpt lat="48.915002" lon="-0.568735">
        <ele>238.25</ele>
        <extensions>
          <gpxtpx:TrackPointExtension>
            <gpxtpx:Extensions>
              <highway>tertiary</highway>
              <surface>asphalt</surface>
              <oneway>yes</oneway>
            </gpxtpx:Extensions>
          </gpxtpx:TrackPointExtension>
        </extensions>
      </trkpt>
      <trkpt lat="48.915013" lon="-0.568817">
        <ele>238.5</ele>
        <extensions>
          <gpxtpx:TrackPointExtension>
            <gpxtpx:Extensions>
              <highway>tertiary</highway>
              <surface>asphalt</surface>
              <oneway>yes</oneway>
            </gpxtpx:Extensions>
          </gpxtpx:TrackPointExtension>
        </extensions>
      </trkpt>
      <trkpt lat="48.915009" lon="-0.568906">
        <ele>238.5</ele>
        <extensions>
          <gpxtpx:TrackPointExtension>
            <gpxtpx:Extensions>
              <highway>tertiary</highway>
              <surface>asphalt</surface>
              <oneway>yes</oneway>
            </gpxtpx:Extensions>
          </gpxtpx:TrackPointExtension>
        </extensions>
      </trkpt>
      <trkpt lat="48.914994" lon="-0.56901">
        <ele>238.75</ele>
        <extensions>
          <gpxtpx:TrackPointExtension>
            <gpxtpx:Extensions>
              <highway>tertiary</highway>
              <surface>asphalt</surface>
              <oneway>yes</oneway>
            </gpxtpx:Extensions>
          </gpxtpx:TrackPointExtension>
        </extensions>
      </trkpt>
      <trkpt lat="48.914988" lon="-0.56906">
        <ele>238.75</ele>
        <extensions>
          <gpxtpx:TrackPointExtension>
            <gpxtpx:Extensions>
              <highway>secondary</highway>
            </gpxtpx:Extensions>
          </gpxtpx:TrackPointExtension>
        </extensions>
      </trkpt>
      <trkpt lat="48.915129" lon="-0.569285">
        <ele>238.25</ele>
        <extensions>
          <gpxtpx:TrackPointExtension>
            <gpxtpx:Extensions>
              <highway>secondary</highway>
              <surface>asphalt</surface>
            </gpxtpx:Extensions>
          </gpxtpx:TrackPointExtension>
        </extensions>
      </trkpt>
      <trkpt lat="48.915254" lon="-0.569511">
        <ele>237.5</ele>
        <extensions>
          <gpxtpx:TrackPointExtension>
            <gpxtpx:Extensions>
              <highway>secondary</highway>
              <surface>asphalt</surface>
            </gpxtpx:Extensions>
          </gpxtpx:TrackPointExtension>
        </extensions>
      </trkpt>
      <trkpt lat="48.915871" lon="-0.570694">
        <ele>234.25</ele>
        <extensions>
          <gpxtpx:TrackPointExtension>
            <gpxtpx:Extensions>
              <highway>secondary</highway>
              <surface>asphalt</surface>
            </gpxtpx:Extensions>
          </gpxtpx:TrackPointExtension>
        </extensions>
      </trkpt>
      <trkpt lat="48.917156" lon="-0.573156">
        <ele>227.75</ele>
        <extensions>
          <gpxtpx:TrackPointExtension>
            <gpxtpx:Extensions>
              <highway>secondary</highway>
              <surface>asphalt</surface>
            </gpxtpx:Extensions>
          </gpxtpx:TrackPointExtension>
        </extensions>
      </trkpt>
      <trkpt lat="48.918192" lon="-0.575153">
        <ele>224</ele>
        <extensions>
          <gpxtpx:TrackPointExtension>
            <gpxtpx:Extensions>
              <highway>secondary</highway>
              <surface>asphalt</surface>
            </gpxtpx:Extensions>
          </gpxtpx:TrackPointExtension>
        </extensions>
      </trkpt>
      <trkpt lat="48.918432" lon="-0.575604">
        <ele>224</ele>
        <extensions>
          <gpxtpx:TrackPointExtension>
            <gpxtpx:Extensions>
              <highway>secondary</highway>
              <surface>asphalt</surface>
            </gpxtpx:Extensions>
          </gpxtpx:TrackPointExtension>
        </extensions>
      </trkpt>
      <trkpt lat="48.918484" lon="-0.575681">
        <ele>224</ele>
        <extensions>
          <gpxtpx:TrackPointExtension>
            <gpxtpx:Extensions>
              <highway>secondary</highway>
              <surface>asphalt</surface>
            </gpxtpx:Extensions>
          </gpxtpx:TrackPointExtension>
        </extensions>
      </trkpt>
      <trkpt lat="48.918537" lon="-0.57574">
        <ele>224</ele>
        <extensions>
          <gpxtpx:TrackPointExtension>
            <gpxtpx:Extensions>
              <highway>secondary</highway>
              <surface>asphalt</surface>
            </gpxtpx:Extensions>
          </gpxtpx:TrackPointExtension>
        </extensions>
      </trkpt>
      <trkpt lat="48.918612" lon="-0.575787">
        <ele>224.25</ele>
        <extensions>
          <gpxtpx:TrackPointExtension>
            <gpxtpx:Extensions>
              <highway>secondary</highway>
              <surface>asphalt</surface>
            </gpxtpx:Extensions>
          </gpxtpx:TrackPointExtension>
        </extensions>
      </trkpt>
      <trkpt lat="48.918707" lon="-0.575823">
        <ele>224.75</ele>
        <extensions>
          <gpxtpx:TrackPointExtension>
            <gpxtpx:Extensions>
              <highway>tertiary</highway>
            </gpxtpx:Extensions>
          </gpxtpx:TrackPointExtension>
        </extensions>
      </trkpt>
      <trkpt lat="48.918663" lon="-0.576077">
        <ele>224</ele>
        <extensions>
          <gpxtpx:TrackPointExtension>
            <gpxtpx:Extensions>
              <highway>tertiary</highway>
            </gpxtpx:Extensions>
          </gpxtpx:TrackPointExtension>
        </extensions>
      </trkpt>
      <trkpt lat="48.91862" lon="-0.576312">
        <ele>223.25</ele>
        <extensions>
          <gpxtpx:TrackPointExtension>
            <gpxtpx:Extensions>
              <highway>tertiary</highway>
            </gpxtpx:Extensions>
          </gpxtpx:TrackPointExtension>
        </extensions>
      </trkpt>
      <trkpt lat="48.918575" lon="-0.57651">
        <ele>222.75</ele>
        <extensions>
          <gpxtpx:TrackPointExtension>
            <gpxtpx:Extensions>
              <highway>tertiary</highway>
            </gpxtpx:Extensions>
          </gpxtpx:TrackPointExtension>
        </extensions>
      </trkpt>
      <trkpt lat="48.918535" lon="-0.576623">
        <ele>222.25</ele>
        <extensions>
          <gpxtpx:TrackPointExtension>
            <gpxtpx:Extensions>
              <highway>tertiary</highway>
            </gpxtpx:Extensions>
          </gpxtpx:TrackPointExtension>
        </extensions>
      </trkpt>
      <trkpt lat="48.918474" lon="-0.576766">
        <ele>221.75</ele>
        <extensions>
          <gpxtpx:TrackPointExtension>
            <gpxtpx:Extensions>
              <highway>tertiary</highway>
            </gpxtpx:Extensions>
          </gpxtpx:TrackPointExtension>
        </extensions>
      </trkpt>
      <trkpt lat="48.918139" lon="-0.577446">
        <ele>218.75</ele>
        <extensions>
          <gpxtpx:TrackPointExtension>
            <gpxtpx:Extensions>
              <highway>tertiary</highway>
            </gpxtpx:Extensions>
          </gpxtpx:TrackPointExtension>
        </extensions>
      </trkpt>
      <trkpt lat="48.917921" lon="-0.577868">
        <ele>217</ele>
        <extensions>
          <gpxtpx:TrackPointExtension>
            <gpxtpx:Extensions>
              <highway>tertiary</highway>
            </gpxtpx:Extensions>
          </gpxtpx:TrackPointExtension>
        </extensions>
      </trkpt>
      <trkpt lat="48.917755" lon="-0.578175">
        <ele>216.25</ele>
        <extensions>
          <gpxtpx:TrackPointExtension>
            <gpxtpx:Extensions>
              <highway>tertiary</highway>
            </gpxtpx:Extensions>
          </gpxtpx:TrackPointExtension>
        </extensions>
      </trkpt>
      <trkpt lat="48.917246" lon="-0.579044">
        <ele>213.5</ele>
        <extensions>
          <gpxtpx:TrackPointExtension>
            <gpxtpx:Extensions>
              <highway>tertiary</highway>
            </gpxtpx:Extensions>
          </gpxtpx:TrackPointExtension>
        </extensions>
      </trkpt>
      <trkpt lat="48.917124" lon="-0.579281">
        <ele>213</ele>
        <extensions>
          <gpxtpx:TrackPointExtension>
            <gpxtpx:Extensions>
              <highway>tertiary</highway>
            </gpxtpx:Extensions>
          </gpxtpx:TrackPointExtension>
        </extensions>
      </trkpt>
      <trkpt lat="48.917016" lon="-0.579561">
        <ele>213</ele>
        <extensions>
          <gpxtpx:TrackPointExtension>
            <gpxtpx:Extensions>
              <highway>tertiary</highway>
            </gpxtpx:Extensions>
          </gpxtpx:TrackPointExtension>
        </extensions>
      </trkpt>
      <trkpt lat="48.916976" lon="-0.579705">
        <ele>213.25</ele>
        <extensions>
          <gpxtpx:TrackPointExtension>
            <gpxtpx:Extensions>
              <highway>tertiary</highway>
            </gpxtpx:Extensions>
          </gpxtpx:TrackPointExtension>
        </extensions>
      </trkpt>
      <trkpt lat="48.91694" lon="-0.579834">
        <ele>213.5</ele>
        <extensions>
          <gpxtpx:TrackPointExtension>
            <gpxtpx:Extensions>
              <highway>tertiary</highway>
            </gpxtpx:Extensions>
          </gpxtpx:TrackPointExtension>
        </extensions>
      </trkpt>
      <trkpt lat="48.916894" lon="-0.580133">
        <ele>214</ele>
        <extensions>
          <gpxtpx:TrackPointExtension>
            <gpxtpx:Extensions>
              <highway>tertiary</highway>
            </gpxtpx:Extensions>
          </gpxtpx:TrackPointExtension>
        </extensions>
      </trkpt>
      <trkpt lat="48.916866" lon="-0.58048">
        <ele>214</ele>
        <extensions>
          <gpxtpx:TrackPointExtension>
            <gpxtpx:Extensions>
              <highway>tertiary</highway>
            </gpxtpx:Extensions>
          </gpxtpx:TrackPointExtension>
        </extensions>
      </trkpt>
      <trkpt lat="48.916809" lon="-0.581128">
        <ele>214.25</ele>
        <extensions>
          <gpxtpx:TrackPointExtension>
            <gpxtpx:Extensions>
              <highway>tertiary</highway>
            </gpxtpx:Extensions>
          </gpxtpx:TrackPointExtension>
        </extensions>
      </trkpt>
      <trkpt lat="48.916755" lon="-0.581543">
        <ele>214.25</ele>
        <extensions>
          <gpxtpx:TrackPointExtension>
            <gpxtpx:Extensions>
              <highway>tertiary</highway>
            </gpxtpx:Extensions>
          </gpxtpx:TrackPointExtension>
        </extensions>
      </trkpt>
      <trkpt lat="48.916673" lon="-0.581916">
        <ele>214.25</ele>
        <extensions>
          <gpxtpx:TrackPointExtension>
            <gpxtpx:Extensions>
              <highway>tertiary</highway>
            </gpxtpx:Extensions>
          </gpxtpx:TrackPointExtension>
        </extensions>
      </trkpt>
      <trkpt lat="48.9166" lon="-0.582192">
        <ele>213.5</ele>
        <extensions>
          <gpxtpx:TrackPointExtension>
            <gpxtpx:Extensions>
              <highway>tertiary</highway>
            </gpxtpx:Extensions>
          </gpxtpx:TrackPointExtension>
        </extensions>
      </trkpt>
      <trkpt lat="48.916376" lon="-0.582977">
        <ele>212.75</ele>
        <extensions>
          <gpxtpx:TrackPointExtension>
            <gpxtpx:Extensions>
              <highway>tertiary</highway>
            </gpxtpx:Extensions>
          </gpxtpx:TrackPointExtension>
        </extensions>
      </trkpt>
      <trkpt lat="48.916286" lon="-0.583277">
        <ele>212.5</ele>
        <extensions>
          <gpxtpx:TrackPointExtension>
            <gpxtpx:Extensions>
              <highway>tertiary</highway>
            </gpxtpx:Extensions>
          </gpxtpx:TrackPointExtension>
        </extensions>
      </trkpt>
      <trkpt lat="48.916219" lon="-0.583547">
        <ele>211.75</ele>
        <extensions>
          <gpxtpx:TrackPointExtension>
            <gpxtpx:Extensions>
              <highway>tertiary</highway>
            </gpxtpx:Extensions>
          </gpxtpx:TrackPointExtension>
        </extensions>
      </trkpt>
      <trkpt lat="48.916121" lon="-0.583962">
        <ele>209.75</ele>
        <extensions>
          <gpxtpx:TrackPointExtension>
            <gpxtpx:Extensions>
              <highway>tertiary</highway>
            </gpxtpx:Extensions>
          </gpxtpx:TrackPointExtension>
        </extensions>
      </trkpt>
      <trkpt lat="48.916088" lon="-0.58415">
        <ele>209</ele>
        <extensions>
          <gpxtpx:TrackPointExtension>
            <gpxtpx:Extensions>
              <highway>tertiary</highway>
            </gpxtpx:Extensions>
          </gpxtpx:TrackPointExtension>
        </extensions>
      </trkpt>
      <trkpt lat="48.916038" lon="-0.58454">
        <ele>207.75</ele>
        <extensions>
          <gpxtpx:TrackPointExtension>
            <gpxtpx:Extensions>
              <highway>tertiary</highway>
            </gpxtpx:Extensions>
          </gpxtpx:TrackPointExtension>
        </extensions>
      </trkpt>
      <trkpt lat="48.91601" lon="-0.584927">
        <ele>206.5</ele>
        <extensions>
          <gpxtpx:TrackPointExtension>
            <gpxtpx:Extensions>
              <highway>tertiary</highway>
            </gpxtpx:Extensions>
          </gpxtpx:TrackPointExtension>
        </extensions>
      </trkpt>
      <trkpt lat="48.91594" lon="-0.587893">
        <ele>204.25</ele>
        <extensions>
          <gpxtpx:TrackPointExtension>
            <gpxtpx:Extensions>
              <highway>tertiary</highway>
            </gpxtpx:Extensions>
          </gpxtpx:TrackPointExtension>
        </extensions>
      </trkpt>
      <trkpt lat="48.915915" lon="-0.58833">
        <ele>204</ele>
        <extensions>
          <gpxtpx:TrackPointExtension>
            <gpxtpx:Extensions>
              <highway>tertiary</highway>
            </gpxtpx:Extensions>
          </gpxtpx:TrackPointExtension>
        </extensions>
      </trkpt>
      <trkpt lat="48.915879" lon="-0.588672">
        <ele>203.5</ele>
        <extensions>
          <gpxtpx:TrackPointExtension>
            <gpxtpx:Extensions>
              <highway>tertiary</highway>
            </gpxtpx:Extensions>
          </gpxtpx:TrackPointExtension>
        </extensions>
      </trkpt>
      <trkpt lat="48.915772" lon="-0.589244">
        <ele>201.75</ele>
        <extensions>
          <gpxtpx:TrackPointExtension>
            <gpxtpx:Extensions>
              <highway>tertiary</highway>
            </gpxtpx:Extensions>
          </gpxtpx:TrackPointExtension>
        </extensions>
      </trkpt>
      <trkpt lat="48.91563" lon="-0.58989">
        <ele>198.25</ele>
        <extensions>
          <gpxtpx:TrackPointExtension>
            <gpxtpx:Extensions>
              <highway>tertiary</highway>
            </gpxtpx:Extensions>
          </gpxtpx:TrackPointExtension>
        </extensions>
      </trkpt>
      <trkpt lat="48.915495" lon="-0.590541">
        <ele>196.25</ele>
        <extensions>
          <gpxtpx:TrackPointExtension>
            <gpxtpx:Extensions>
              <highway>tertiary</highway>
            </gpxtpx:Extensions>
          </gpxtpx:TrackPointExtension>
        </extensions>
      </trkpt>
      <trkpt lat="48.915341" lon="-0.591258">
        <ele>194.25</ele>
        <extensions>
          <gpxtpx:TrackPointExtension>
            <gpxtpx:Extensions>
              <highway>tertiary</highway>
            </gpxtpx:Extensions>
          </gpxtpx:TrackPointExtension>
        </extensions>
      </trkpt>
      <trkpt lat="48.915272" lon="-0.591509">
        <ele>193.25</ele>
        <extensions>
          <gpxtpx:TrackPointExtension>
            <gpxtpx:Extensions>
              <highway>tertiary</highway>
            </gpxtpx:Extensions>
          </gpxtpx:TrackPointExtension>
        </extensions>
      </trkpt>
      <trkpt lat="48.915209" lon="-0.591672">
        <ele>192.5</ele>
        <extensions>
          <gpxtpx:TrackPointExtension>
            <gpxtpx:Extensions>
              <highway>tertiary</highway>
            </gpxtpx:Extensions>
          </gpxtpx:TrackPointExtension>
        </extensions>
      </trkpt>
      <trkpt lat="48.915157" lon="-0.59176">
        <ele>191.75</ele>
        <extensions>
          <gpxtpx:TrackPointExtension>
            <gpxtpx:Extensions>
              <highway>tertiary</highway>
            </gpxtpx:Extensions>
          </gpxtpx:TrackPointExtension>
        </extensions>
      </trkpt>
      <trkpt lat="48.915014" lon="-0.591892">
        <ele>190.25</ele>
        <extensions>
          <gpxtpx:TrackPointExtension>
            <gpxtpx:Extensions>
              <highway>tertiary</highway>
            </gpxtpx:Extensions>
          </gpxtpx:TrackPointExtension>
        </extensions>
      </trkpt>
      <trkpt lat="48.914927" lon="-0.591933">
        <ele>190.25</ele>
        <extensions>
          <gpxtpx:TrackPointExtension>
            <gpxtpx:Extensions>
              <highway>tertiary</highway>
            </gpxtpx:Extensions>
          </gpxtpx:TrackPointExtension>
        </extensions>
      </trkpt>
      <trkpt lat="48.914776" lon="-0.591966">
        <ele>190.75</ele>
        <extensions>
          <gpxtpx:TrackPointExtension>
            <gpxtpx:Extensions>
              <highway>tertiary</highway>
            </gpxtpx:Extensions>
          </gpxtpx:TrackPointExtension>
        </extensions>
      </trkpt>
      <trkpt lat="48.914669" lon="-0.591949">
        <ele>191</ele>
        <extensions>
          <gpxtpx:TrackPointExtension>
            <gpxtpx:Extensions>
              <highway>tertiary</highway>
            </gpxtpx:Extensions>
          </gpxtpx:TrackPointExtension>
        </extensions>
      </trkpt>
      <trkpt lat="48.914605" lon="-0.591917">
        <ele>191</ele>
        <extensions>
          <gpxtpx:TrackPointExtension>
            <gpxtpx:Extensions>
              <highway>tertiary</highway>
            </gpxtpx:Extensions>
          </gpxtpx:TrackPointExtension>
        </extensions>
      </trkpt>
      <trkpt lat="48.914577" lon="-0.591903">
        <ele>191.25</ele>
        <extensions>
          <gpxtpx:TrackPointExtension>
            <gpxtpx:Extensions>
              <highway>tertiary</highway>
            </gpxtpx:Extensions>
          </gpxtpx:TrackPointExtension>
        </extensions>
      </trkpt>
      <trkpt lat="48.914506" lon="-0.591804">
        <ele>191.25</ele>
        <extensions>
          <gpxtpx:TrackPointExtension>
            <gpxtpx:Extensions>
              <highway>tertiary</highway>
            </gpxtpx:Extensions>
          </gpxtpx:TrackPointExtension>
        </extensions>
      </trkpt>
      <trkpt lat="48.91429" lon="-0.591138">
        <ele>190.5</ele>
        <extensions>
          <gpxtpx:TrackPointExtension>
            <gpxtpx:Extensions>
              <highway>tertiary</highway>
            </gpxtpx:Extensions>
          </gpxtpx:TrackPointExtension>
        </extensions>
      </trkpt>
      <trkpt lat="48.914111" lon="-0.590588">
        <ele>187.5</ele>
        <extensions>
          <gpxtpx:TrackPointExtension>
            <gpxtpx:Extensions>
              <highway>tertiary</highway>
            </gpxtpx:Extensions>
          </gpxtpx:TrackPointExtension>
        </extensions>
      </trkpt>
      <trkpt lat="48.913967" lon="-0.590145">
        <ele>183</ele>
        <extensions>
          <gpxtpx:TrackPointExtension>
            <gpxtpx:Extensions>
              <highway>tertiary</highway>
            </gpxtpx:Extensions>
          </gpxtpx:TrackPointExtension>
        </extensions>
      </trkpt>
      <trkpt lat="48.913835" lon="-0.58993">
        <ele>180.5</ele>
        <extensions>
          <gpxtpx:TrackPointExtension>
            <gpxtpx:Extensions>
              <highway>tertiary</highway>
            </gpxtpx:Extensions>
          </gpxtpx:TrackPointExtension>
        </extensions>
      </trkpt>
      <trkpt lat="48.913713" lon="-0.589814">
        <ele>178.5</ele>
        <extensions>
          <gpxtpx:TrackPointExtension>
            <gpxtpx:Extensions>
              <highway>tertiary</highway>
            </gpxtpx:Extensions>
          </gpxtpx:TrackPointExtension>
        </extensions>
      </trkpt>
      <trkpt lat="48.913612" lon="-0.589768">
        <ele>177.5</ele>
        <extensions>
          <gpxtpx:TrackPointExtension>
            <gpxtpx:Extensions>
              <highway>tertiary</highway>
            </gpxtpx:Extensions>
          </gpxtpx:TrackPointExtension>
        </extensions>
      </trkpt>
      <trkpt lat="48.913491" lon="-0.589764">
        <ele>177</ele>
        <extensions>
          <gpxtpx:TrackPointExtension>
            <gpxtpx:Extensions>
              <highway>tertiary</highway>
            </gpxtpx:Extensions>
          </gpxtpx:TrackPointExtension>
        </extensions>
      </trkpt>
      <trkpt lat="48.913376" lon="-0.589792">
        <ele>177</ele>
        <extensions>
          <gpxtpx:TrackPointExtension>
            <gpxtpx:Extensions>
              <highway>tertiary</highway>
            </gpxtpx:Extensions>
          </gpxtpx:TrackPointExtension>
        </extensions>
      </trkpt>
      <trkpt lat="48.913195" lon="-0.589883">
        <ele>175.75</ele>
        <extensions>
          <gpxtpx:TrackPointExtension>
            <gpxtpx:Extensions>
              <highway>tertiary</highway>
            </gpxtpx:Extensions>
          </gpxtpx:TrackPointExtension>
        </extensions>
      </trkpt>
      <trkpt lat="48.913009" lon="-0.589992">
        <ele>173.75</ele>
        <extensions>
          <gpxtpx:TrackPointExtension>
            <gpxtpx:Extensions>
              <highway>tertiary</highway>
            </gpxtpx:Extensions>
          </gpxtpx:TrackPointExtension>
        </extensions>
      </trkpt>
      <trkpt lat="48.912856" lon="-0.590117">
        <ele>172</ele>
        <extensions>
          <gpxtpx:TrackPointExtension>
            <gpxtpx:Extensions>
              <highway>tertiary</highway>
            </gpxtpx:Extensions>
          </gpxtpx:TrackPointExtension>
        </extensions>
      </trkpt>
      <trkpt lat="48.912726" lon="-0.590267">
        <ele>171.25</ele>
        <extensions>
          <gpxtpx:TrackPointExtension>
            <gpxtpx:Extensions>
              <highway>tertiary</highway>
            </gpxtpx:Extensions>
          </gpxtpx:TrackPointExtension>
        </extensions>
      </trkpt>
      <trkpt lat="48.912579" lon="-0.590551">
        <ele>172.25</ele>
        <extensions>
          <gpxtpx:TrackPointExtension>
            <gpxtpx:Extensions>
              <highway>tertiary</highway>
            </gpxtpx:Extensions>
          </gpxtpx:TrackPointExtension>
        </extensions>
      </trkpt>
      <trkpt lat="48.912318" lon="-0.591208">
        <ele>174.75</ele>
        <extensions>
          <gpxtpx:TrackPointExtension>
            <gpxtpx:Extensions>
              <highway>tertiary</highway>
            </gpxtpx:Extensions>
          </gpxtpx:TrackPointExtension>
        </extensions>
      </trkpt>
      <trkpt lat="48.912098" lon="-0.591683">
        <ele>172.5</ele>
        <extensions>
          <gpxtpx:TrackPointExtension>
            <gpxtpx:Extensions>
              <highway>tertiary</highway>
            </gpxtpx:Extensions>
          </gpxtpx:TrackPointExtension>
        </extensions>
      </trkpt>
      <trkpt lat="48.911638" lon="-0.592381">
        <ele>162.25</ele>
        <extensions>
          <gpxtpx:TrackPointExtension>
            <gpxtpx:Extensions>
              <highway>tertiary</highway>
            </gpxtpx:Extensions>
          </gpxtpx:TrackPointExtension>
        </extensions>
      </trkpt>
      <trkpt lat="48.911554" lon="-0.592528">
        <ele>161.25</ele>
        <extensions>
          <gpxtpx:TrackPointExtension>
            <gpxtpx:Extensions>
              <highway>tertiary</highway>
            </gpxtpx:Extensions>
          </gpxtpx:TrackPointExtension>
        </extensions>
      </trkpt>
      <trkpt lat="48.911497" lon="-0.592725">
        <ele>159</ele>
        <extensions>
          <gpxtpx:TrackPointExtension>
            <gpxtpx:Extensions>
              <highway>tertiary</highway>
            </gpxtpx:Extensions>
          </gpxtpx:TrackPointExtension>
        </extensions>
      </trkpt>
      <trkpt lat="48.911484" lon="-0.592948">
        <ele>158</ele>
        <extensions>
          <gpxtpx:TrackPointExtension>
            <gpxtpx:Extensions>
              <highway>tertiary</highway>
            </gpxtpx:Extensions>
          </gpxtpx:TrackPointExtension>
        </extensions>
      </trkpt>
      <trkpt lat="48.911521" lon="-0.593148">
        <ele>157.75</ele>
        <extensions>
          <gpxtpx:TrackPointExtension>
            <gpxtpx:Extensions>
              <highway>tertiary</highway>
            </gpxtpx:Extensions>
          </gpxtpx:TrackPointExtension>
        </extensions>
      </trkpt>
      <trkpt lat="48.911561" lon="-0.593318">
        <ele>158</ele>
        <extensions>
          <gpxtpx:TrackPointExtension>
            <gpxtpx:Extensions>
              <highway>tertiary</highway>
            </gpxtpx:Extensions>
          </gpxtpx:TrackPointExtension>
        </extensions>
      </trkpt>
      <trkpt lat="48.911932" lon="-0.594178">
        <ele>159.25</ele>
        <extensions>
          <gpxtpx:TrackPointExtension>
            <gpxtpx:Extensions>
              <highway>tertiary</highway>
            </gpxtpx:Extensions>
          </gpxtpx:TrackPointExtension>
        </extensions>
      </trkpt>
      <trkpt lat="48.912012" lon="-0.594408">
        <ele>159.75</ele>
        <extensions>
          <gpxtpx:TrackPointExtension>
            <gpxtpx:Extensions>
              <highway>tertiary</highway>
            </gpxtpx:Extensions>
          </gpxtpx:TrackPointExtension>
        </extensions>
      </trkpt>
      <trkpt lat="48.912072" lon="-0.594651">
        <ele>159.25</ele>
        <extensions>
          <gpxtpx:TrackPointExtension>
            <gpxtpx:Extensions>
              <highway>tertiary</highway>
            </gpxtpx:Extensions>
          </gpxtpx:TrackPointExtension>
        </extensions>
      </trkpt>
      <trkpt lat="48.91211" lon="-0.594909">
        <ele>158</ele>
        <extensions>
          <gpxtpx:TrackPointExtension>
            <gpxtpx:Extensions>
              <highway>tertiary</highway>
            </gpxtpx:Extensions>
          </gpxtpx:TrackPointExtension>
        </extensions>
      </trkpt>
      <trkpt lat="48.912152" lon="-0.595271">
        <ele>158</ele>
        <extensions>
          <gpxtpx:TrackPointExtension>
            <gpxtpx:Extensions>
              <highway>tertiary</highway>
            </gpxtpx:Extensions>
          </gpxtpx:TrackPointExtension>
        </extensions>
      </trkpt>
      <trkpt lat="48.912164" lon="-0.595599">
        <ele>157.5</ele>
        <extensions>
          <gpxtpx:TrackPointExtension>
            <gpxtpx:Extensions>
              <highway>tertiary</highway>
            </gpxtpx:Extensions>
          </gpxtpx:TrackPointExtension>
        </extensions>
      </trkpt>
      <trkpt lat="48.912142" lon="-0.595988">
        <ele>156.25</ele>
        <extensions>
          <gpxtpx:TrackPointExtension>
            <gpxtpx:Extensions>
              <highway>tertiary</highway>
            </gpxtpx:Extensions>
          </gpxtpx:TrackPointExtension>
        </extensions>
      </trkpt>
      <trkpt lat="48.912021" lon="-0.596712">
        <ele>151.75</ele>
        <extensions>
          <gpxtpx:TrackPointExtension>
            <gpxtpx:Extensions>
              <highway>tertiary</highway>
            </gpxtpx:Extensions>
          </gpxtpx:TrackPointExtension>
        </extensions>
      </trkpt>
      <trkpt lat="48.911943" lon="-0.596999">
        <ele>149.25</ele>
        <extensions>
          <gpxtpx:TrackPointExtension>
            <gpxtpx:Extensions>
              <highway>tertiary</highway>
            </gpxtpx:Extensions>
          </gpxtpx:TrackPointExtension>
        </extensions>
      </trkpt>
      <trkpt lat="48.911838" lon="-0.597246">
        <ele>146</ele>
        <extensions>
          <gpxtpx:TrackPointExtension>
            <gpxtpx:Extensions>
              <highway>tertiary</highway>
            </gpxtpx:Extensions>
          </gpxtpx:TrackPointExtension>
        </extensions>
      </trkpt>
      <trkpt lat="48.91174" lon="-0.597427">
        <ele>143</ele>
        <extensions>
          <gpxtpx:TrackPointExtension>
            <gpxtpx:Extensions>
              <highway>tertiary</highway>
            </gpxtpx:Extensions>
          </gpxtpx:TrackPointExtension>
        </extensions>
      </trkpt>
      <trkpt lat="48.911641" lon="-0.597654">
        <ele>140</ele>
        <extensions>
          <gpxtpx:TrackPointExtension>
            <gpxtpx:Extensions>
              <highway>tertiary</highway>
            </gpxtpx:Extensions>
          </gpxtpx:TrackPointExtension>
        </extensions>
      </trkpt>
      <trkpt lat="48.911549" lon="-0.59793">
        <ele>138</ele>
        <extensions>
          <gpxtpx:TrackPointExtension>
            <gpxtpx:Extensions>
              <highway>tertiary</highway>
            </gpxtpx:Extensions>
          </gpxtpx:TrackPointExtension>
        </extensions>
      </trkpt>
      <trkpt lat="48.911385" lon="-0.598518">
        <ele>133.75</ele>
        <extensions>
          <gpxtpx:TrackPointExtension>
            <gpxtpx:Extensions>
              <highway>tertiary</highway>
            </gpxtpx:Extensions>
          </gpxtpx:TrackPointExtension>
        </extensions>
      </trkpt>
      <trkpt lat="48.911327" lon="-0.598661">
        <ele>132.75</ele>
        <extensions>
          <gpxtpx:TrackPointExtension>
            <gpxtpx:Extensions>
              <highway>tertiary</highway>
            </gpxtpx:Extensions>
          </gpxtpx:TrackPointExtension>
        </extensions>
      </trkpt>
      <trkpt lat="48.911295" lon="-0.598738">
        <ele>132.25</ele>
        <extensions>
          <gpxtpx:TrackPointExtension>
            <gpxtpx:Extensions>
              <highway>tertiary</highway>
            </gpxtpx:Extensions>
          </gpxtpx:TrackPointExtension>
        </extensions>
      </trkpt>
      <trkpt lat="48.911225" lon="-0.598892">
        <ele>131.25</ele>
        <extensions>
          <gpxtpx:TrackPointExtension>
            <gpxtpx:Extensions>
              <highway>tertiary</highway>
            </gpxtpx:Extensions>
          </gpxtpx:TrackPointExtension>
        </extensions>
      </trkpt>
      <trkpt lat="48.910895" lon="-0.59958">
        <ele>129.75</ele>
        <extensions>
          <gpxtpx:TrackPointExtension>
            <gpxtpx:Extensions>
              <highway>tertiary</highway>
            </gpxtpx:Extensions>
          </gpxtpx:TrackPointExtension>
        </extensions>
      </trkpt>
      <trkpt lat="48.910662" lon="-0.599993">
        <ele>129.75</ele>
        <extensions>
          <gpxtpx:TrackPointExtension>
            <gpxtpx:Extensions>
              <highway>tertiary</highway>
            </gpxtpx:Extensions>
          </gpxtpx:TrackPointExtension>
        </extensions>
      </trkpt>
      <trkpt lat="48.910595" lon="-0.600077">
        <ele>130.75</ele>
        <extensions>
          <gpxtpx:TrackPointExtension>
            <gpxtpx:Extensions>
              <highway>tertiary</highway>
            </gpxtpx:Extensions>
          </gpxtpx:TrackPointExtension>
        </extensions>
      </trkpt>
      <trkpt lat="48.910191" lon="-0.600512">
        <ele>134.25</ele>
        <extensions>
          <gpxtpx:TrackPointExtension>
            <gpxtpx:Extensions>
              <highway>tertiary</highway>
            </gpxtpx:Extensions>
          </gpxtpx:TrackPointExtension>
        </extensions>
      </trkpt>
      <trkpt lat="48.909824" lon="-0.60088">
        <ele>135.25</ele>
        <extensions>
          <gpxtpx:TrackPointExtension>
            <gpxtpx:Extensions>
              <highway>tertiary</highway>
            </gpxtpx:Extensions>
          </gpxtpx:TrackPointExtension>
        </extensions>
      </trkpt>
      <trkpt lat="48.90969" lon="-0.601035">
        <ele>134.75</ele>
        <extensions>
          <gpxtpx:TrackPointExtension>
            <gpxtpx:Extensions>
              <highway>tertiary</highway>
            </gpxtpx:Extensions>
          </gpxtpx:TrackPointExtension>
        </extensions>
      </trkpt>
      <trkpt lat="48.909565" lon="-0.601338">
        <ele>134.75</ele>
        <extensions>
          <gpxtpx:TrackPointExtension>
            <gpxtpx:Extensions>
              <highway>tertiary</highway>
            </gpxtpx:Extensions>
          </gpxtpx:TrackPointExtension>
        </extensions>
      </trkpt>
      <trkpt lat="48.909489" lon="-0.601563">
        <ele>134.75</ele>
        <extensions>
          <gpxtpx:TrackPointExtension>
            <gpxtpx:Extensions>
              <highway>tertiary</highway>
            </gpxtpx:Extensions>
          </gpxtpx:TrackPointExtension>
        </extensions>
      </trkpt>
      <trkpt lat="48.909447" lon="-0.601837">
        <ele>134.5</ele>
        <extensions>
          <gpxtpx:TrackPointExtension>
            <gpxtpx:Extensions>
              <highway>tertiary</highway>
            </gpxtpx:Extensions>
          </gpxtpx:TrackPointExtension>
        </extensions>
      </trkpt>
      <trkpt lat="48.909446" lon="-0.602075">
        <ele>135</ele>
        <extensions>
          <gpxtpx:TrackPointExtension>
            <gpxtpx:Extensions>
              <highway>tertiary</highway>
            </gpxtpx:Extensions>
          </gpxtpx:TrackPointExtension>
        </extensions>
      </trkpt>
      <trkpt lat="48.909464" lon="-0.60234">
        <ele>135.75</ele>
        <extensions>
          <gpxtpx:TrackPointExtension>
            <gpxtpx:Extensions>
              <highway>tertiary</highway>
            </gpxtpx:Extensions>
          </gpxtpx:TrackPointExtension>
        </extensions>
      </trkpt>
      <trkpt lat="48.909649" lon="-0.603149">
        <ele>139</ele>
        <extensions>
          <gpxtpx:TrackPointExtension>
            <gpxtpx:Extensions>
              <highway>tertiary</highway>
            </gpxtpx:Extensions>
          </gpxtpx:TrackPointExtension>
        </extensions>
      </trkpt>
      <trkpt lat="48.910084" lon="-0.6052">
        <ele>137.25</ele>
        <extensions>
          <gpxtpx:TrackPointExtension>
            <gpxtpx:Extensions>
              <highway>tertiary</highway>
            </gpxtpx:Extensions>
          </gpxtpx:TrackPointExtension>
        </extensions>
      </trkpt>
      <trkpt lat="48.910166" lon="-0.605542">
        <ele>137.25</ele>
        <extensions>
          <gpxtpx:TrackPointExtension>
            <gpxtpx:Extensions>
              <highway>tertiary</highway>
            </gpxtpx:Extensions>
          </gpxtpx:TrackPointExtension>
        </extensions>
      </trkpt>
      <trkpt lat="48.910179" lon="-0.605739">
        <ele>136.25</ele>
        <extensions>
          <gpxtpx:TrackPointExtension>
            <gpxtpx:Extensions>
              <highway>tertiary</highway>
            </gpxtpx:Extensions>
          </gpxtpx:TrackPointExtension>
        </extensions>
      </trkpt>
      <trkpt lat="48.910141" lon="-0.606738">
        <ele>132.5</ele>
        <extensions>
          <gpxtpx:TrackPointExtension>
            <gpxtpx:Extensions>
              <highway>tertiary</highway>
            </gpxtpx:Extensions>
          </gpxtpx:TrackPointExtension>
        </extensions>
      </trkpt>
      <trkpt lat="48.910134" lon="-0.606969">
        <ele>133.5</ele>
        <extensions>
          <gpxtpx:TrackPointExtension>
            <gpxtpx:Extensions>
              <highway>tertiary</highway>
            </gpxtpx:Extensions>
          </gpxtpx:TrackPointExtension>
        </extensions>
      </trkpt>
      <trkpt lat="48.910116" lon="-0.607485">
        <ele>136.25</ele>
        <extensions>
          <gpxtpx:TrackPointExtension>
            <gpxtpx:Extensions>
              <highway>tertiary</highway>
            </gpxtpx:Extensions>
          </gpxtpx:TrackPointExtension>
        </extensions>
      </trkpt>
      <trkpt lat="48.910108" lon="-0.60765">
        <ele>137</ele>
        <extensions>
          <gpxtpx:TrackPointExtension>
            <gpxtpx:Extensions>
              <highway>tertiary</highway>
            </gpxtpx:Extensions>
          </gpxtpx:TrackPointExtension>
        </extensions>
      </trkpt>
      <trkpt lat="48.910125" lon="-0.608149">
        <ele>139.25</ele>
        <extensions>
          <gpxtpx:TrackPointExtension>
            <gpxtpx:Extensions>
              <highway>tertiary</highway>
            </gpxtpx:Extensions>
          </gpxtpx:TrackPointExtension>
        </extensions>
      </trkpt>
      <trkpt lat="48.910275" lon="-0.608846">
        <ele>141.5</ele>
        <extensions>
          <gpxtpx:TrackPointExtension>
            <gpxtpx:Extensions>
              <highway>tertiary</highway>
            </gpxtpx:Extensions>
          </gpxtpx:TrackPointExtension>
        </extensions>
      </trkpt>
      <trkpt lat="48.910519" lon="-0.609685">
        <ele>143.25</ele>
        <extensions>
          <gpxtpx:TrackPointExtension>
            <gpxtpx:Extensions>
              <highway>tertiary</highway>
            </gpxtpx:Extensions>
          </gpxtpx:TrackPointExtension>
        </extensions>
      </trkpt>
      <trkpt lat="48.910804" lon="-0.610758">
        <ele>147.75</ele>
        <extensions>
          <gpxtpx:TrackPointExtension>
            <gpxtpx:Extensions>
              <highway>tertiary</highway>
            </gpxtpx:Extensions>
          </gpxtpx:TrackPointExtension>
        </extensions>
      </trkpt>
      <trkpt lat="48.911231" lon="-0.612325">
        <ele>155.25</ele>
        <extensions>
          <gpxtpx:TrackPointExtension>
            <gpxtpx:Extensions>
              <highway>tertiary</highway>
            </gpxtpx:Extensions>
          </gpxtpx:TrackPointExtension>
        </extensions>
      </trkpt>
      <trkpt lat="48.911703" lon="-0.614105">
        <ele>156.5</ele>
        <extensions>
          <gpxtpx:TrackPointExtension>
            <gpxtpx:Extensions>
              <highway>tertiary</highway>
            </gpxtpx:Extensions>
          </gpxtpx:TrackPointExtension>
        </extensions>
      </trkpt>
      <trkpt lat="48.911772" lon="-0.614397">
        <ele>156</ele>
        <extensions>
          <gpxtpx:TrackPointExtension>
            <gpxtpx:Extensions>
              <highway>tertiary</highway>
            </gpxtpx:Extensions>
          </gpxtpx:TrackPointExtension>
        </extensions>
      </trkpt>
      <trkpt lat="48.911814" lon="-0.614715">
        <ele>156</ele>
        <extensions>
          <gpxtpx:TrackPointExtension>
            <gpxtpx:Extensions>
              <highway>tertiary</highway>
            </gpxtpx:Extensions>
          </gpxtpx:TrackPointExtension>
        </extensions>
      </trkpt>
      <trkpt lat="48.91184" lon="-0.615069">
        <ele>156.75</ele>
        <extensions>
          <gpxtpx:TrackPointExtension>
            <gpxtpx:Extensions>
              <highway>tertiary</highway>
            </gpxtpx:Extensions>
          </gpxtpx:TrackPointExtension>
        </extensions>
      </trkpt>
      <trkpt lat="48.911845" lon="-0.615331">
        <ele>158.25</ele>
        <extensions>
          <gpxtpx:TrackPointExtension>
            <gpxtpx:Extensions>
              <highway>tertiary</highway>
            </gpxtpx:Extensions>
          </gpxtpx:TrackPointExtension>
        </extensions>
      </trkpt>
      <trkpt lat="48.911836" lon="-0.615535">
        <ele>159.75</ele>
        <extensions>
          <gpxtpx:TrackPointExtension>
            <gpxtpx:Extensions>
              <highway>tertiary</highway>
            </gpxtpx:Extensions>
          </gpxtpx:TrackPointExtension>
        </extensions>
      </trkpt>
      <trkpt lat="48.911805" lon="-0.615767">
        <ele>161.75</ele>
        <extensions>
          <gpxtpx:TrackPointExtension>
            <gpxtpx:Extensions>
              <highway>tertiary</highway>
            </gpxtpx:Extensions>
          </gpxtpx:TrackPointExtension>
        </extensions>
      </trkpt>
      <trkpt lat="48.911729" lon="-0.616486">
        <ele>165.5</ele>
        <extensions>
          <gpxtpx:TrackPointExtension>
            <gpxtpx:Extensions>
              <highway>tertiary</highway>
            </gpxtpx:Extensions>
          </gpxtpx:TrackPointExtension>
        </extensions>
      </trkpt>
      <trkpt lat="48.911708" lon="-0.616727">
        <ele>166.5</ele>
        <extensions>
          <gpxtpx:TrackPointExtension>
            <gpxtpx:Extensions>
              <highway>tertiary</highway>
            </gpxtpx:Extensions>
          </gpxtpx:TrackPointExtension>
        </extensions>
      </trkpt>
      <trkpt lat="48.911713" lon="-0.616994">
        <ele>167</ele>
        <extensions>
          <gpxtpx:TrackPointExtension>
            <gpxtpx:Extensions>
              <highway>tertiary</highway>
            </gpxtpx:Extensions>
          </gpxtpx:TrackPointExtension>
        </extensions>
      </trkpt>
      <trkpt lat="48.911742" lon="-0.617251">
        <ele>167.25</ele>
        <extensions>
          <gpxtpx:TrackPointExtension>
            <gpxtpx:Extensions>
              <highway>tertiary</highway>
            </gpxtpx:Extensions>
          </gpxtpx:TrackPointExtension>
        </extensions>
      </trkpt>
      <trkpt lat="48.911954" lon="-0.618533">
        <ele>171</ele>
        <extensions>
          <gpxtpx:TrackPointExtension>
            <gpxtpx:Extensions>
              <highway>tertiary</highway>
            </gpxtpx:Extensions>
          </gpxtpx:TrackPointExtension>
        </extensions>
      </trkpt>
      <trkpt lat="48.911996" lon="-0.618828">
        <ele>172.5</ele>
        <extensions>
          <gpxtpx:TrackPointExtension>
            <gpxtpx:Extensions>
              <highway>tertiary</highway>
            </gpxtpx:Extensions>
          </gpxtpx:TrackPointExtension>
        </extensions>
      </trkpt>
      <trkpt lat="48.91202" lon="-0.619113">
        <ele>174.25</ele>
        <extensions>
          <gpxtpx:TrackPointExtension>
            <gpxtpx:Extensions>
              <highway>tertiary</highway>
            </gpxtpx:Extensions>
          </gpxtpx:TrackPointExtension>
        </extensions>
      </trkpt>
      <trkpt lat="48.912021" lon="-0.619378">
        <ele>175</ele>
        <extensions>
          <gpxtpx:TrackPointExtension>
            <gpxtpx:Extensions>
              <highway>tertiary</highway>
            </gpxtpx:Extensions>
          </gpxtpx:TrackPointExtension>
        </extensions>
      </trkpt>
      <trkpt lat="48.911963" lon="-0.621922">
        <ele>177.25</ele>
        <extensions>
          <gpxtpx:TrackPointExtension>
            <gpxtpx:Extensions>
              <highway>tertiary</highway>
            </gpxtpx:Extensions>
          </gpxtpx:TrackPointExtension>
        </extensions>
      </trkpt>
      <trkpt lat="48.911929" lon="-0.622508">
        <ele>174.25</ele>
        <extensions>
          <gpxtpx:TrackPointExtension>
            <gpxtpx:Extensions>
              <highway>tertiary</highway>
            </gpxtpx:Extensions>
          </gpxtpx:TrackPointExtension>
        </extensions>
      </trkpt>
      <trkpt lat="48.911735" lon="-0.624678">
        <ele>175.25</ele>
        <extensions>
          <gpxtpx:TrackPointExtension>
            <gpxtpx:Extensions>
              <highway>tertiary</highway>
            </gpxtpx:Extensions>
          </gpxtpx:TrackPointExtension>
        </extensions>
      </trkpt>
      <trkpt lat="48.911728" lon="-0.625028">
        <ele>175.25</ele>
        <extensions>
          <gpxtpx:TrackPointExtension>
            <gpxtpx:Extensions>
              <highway>tertiary</highway>
            </gpxtpx:Extensions>
          </gpxtpx:TrackPointExtension>
        </extensions>
      </trkpt>
      <trkpt lat="48.911751" lon="-0.625242">
        <ele>176</ele>
        <extensions>
          <gpxtpx:TrackPointExtension>
            <gpxtpx:Extensions>
              <highway>tertiary</highway>
            </gpxtpx:Extensions>
          </gpxtpx:TrackPointExtension>
        </extensions>
      </trkpt>
      <trkpt lat="48.911955" lon="-0.626589">
        <ele>178.25</ele>
        <extensions>
          <gpxtpx:TrackPointExtension>
            <gpxtpx:Extensions>
              <highway>tertiary</highway>
            </gpxtpx:Extensions>
          </gpxtpx:TrackPointExtension>
        </extensions>
      </trkpt>
      <trkpt lat="48.911983" lon="-0.626834">
        <ele>177.75</ele>
        <extensions>
          <gpxtpx:TrackPointExtension>
            <gpxtpx:Extensions>
              <highway>tertiary</highway>
            </gpxtpx:Extensions>
          </gpxtpx:TrackPointExtension>
        </extensions>
      </trkpt>
      <trkpt lat="48.911999" lon="-0.627087">
        <ele>177</ele>
        <extensions>
          <gpxtpx:TrackPointExtension>
            <gpxtpx:Extensions>
              <highway>tertiary</highway>
            </gpxtpx:Extensions>
          </gpxtpx:TrackPointExtension>
        </extensions>
      </trkpt>
      <trkpt lat="48.911994" lon="-0.627316">
        <ele>177</ele>
        <extensions>
          <gpxtpx:TrackPointExtension>
            <gpxtpx:Extensions>
              <highway>tertiary</highway>
            </gpxtpx:Extensions>
          </gpxtpx:TrackPointExtension>
        </extensions>
      </trkpt>
      <trkpt lat="48.911767" lon="-0.62978">
        <ele>185.75</ele>
        <extensions>
          <gpxtpx:TrackPointExtension>
            <gpxtpx:Extensions>
              <highway>tertiary</highway>
            </gpxtpx:Extensions>
          </gpxtpx:TrackPointExtension>
        </extensions>
      </trkpt>
      <trkpt lat="48.911746" lon="-0.630172">
        <ele>188.5</ele>
        <extensions>
          <gpxtpx:TrackPointExtension>
            <gpxtpx:Extensions>
              <highway>tertiary</highway>
            </gpxtpx:Extensions>
          </gpxtpx:TrackPointExtension>
        </extensions>
      </trkpt>
      <trkpt lat="48.911755" lon="-0.630495">
        <ele>191</ele>
        <extensions>
          <gpxtpx:TrackPointExtension>
            <gpxtpx:Extensions>
              <highway>tertiary</highway>
            </gpxtpx:Extensions>
          </gpxtpx:TrackPointExtension>
        </extensions>
      </trkpt>
      <trkpt lat="48.911932" lon="-0.632698">
        <ele>195</ele>
        <extensions>
          <gpxtpx:TrackPointExtension>
            <gpxtpx:Extensions>
              <highway>tertiary</highway>
            </gpxtpx:Extensions>
          </gpxtpx:TrackPointExtension>
        </extensions>
      </trkpt>
      <trkpt lat="48.911947" lon="-0.633015">
        <ele>196</ele>
        <extensions>
          <gpxtpx:TrackPointExtension>
            <gpxtpx:Extensions>
              <highway>tertiary</highway>
            </gpxtpx:Extensions>
          </gpxtpx:TrackPointExtension>
        </extensions>
      </trkpt>
      <trkpt lat="48.911938" lon="-0.633213">
        <ele>197.25</ele>
        <extensions>
          <gpxtpx:TrackPointExtension>
            <gpxtpx:Extensions>
              <highway>tertiary</highway>
            </gpxtpx:Extensions>
          </gpxtpx:TrackPointExtension>
        </extensions>
      </trkpt>
      <trkpt lat="48.91191" lon="-0.63345">
        <ele>198.25</ele>
        <extensions>
          <gpxtpx:TrackPointExtension>
            <gpxtpx:Extensions>
              <highway>tertiary</highway>
            </gpxtpx:Extensions>
          </gpxtpx:TrackPointExtension>
        </extensions>
      </trkpt>
      <trkpt lat="48.911845" lon="-0.633687">
        <ele>199.75</ele>
        <extensions>
          <gpxtpx:TrackPointExtension>
            <gpxtpx:Extensions>
              <highway>tertiary</highway>
            </gpxtpx:Extensions>
          </gpxtpx:TrackPointExtension>
        </extensions>
      </trkpt>
      <trkpt lat="48.911771" lon="-0.633874">
        <ele>201.25</ele>
        <extensions>
          <gpxtpx:TrackPointExtension>
            <gpxtpx:Extensions>
              <highway>tertiary</highway>
            </gpxtpx:Extensions>
          </gpxtpx:TrackPointExtension>
        </extensions>
      </trkpt>
      <trkpt lat="48.911693" lon="-0.634037">
        <ele>202.5</ele>
        <extensions>
          <gpxtpx:TrackPointExtension>
            <gpxtpx:Extensions>
              <highway>tertiary</highway>
            </gpxtpx:Extensions>
          </gpxtpx:TrackPointExtension>
        </extensions>
      </trkpt>
      <trkpt lat="48.911592" lon="-0.634206">
        <ele>203</ele>
        <extensions>
          <gpxtpx:TrackPointExtension>
            <gpxtpx:Extensions>
              <highway>tertiary</highway>
            </gpxtpx:Extensions>
          </gpxtpx:TrackPointExtension>
        </extensions>
      </trkpt>
      <trkpt lat="48.911204" lon="-0.634619">
        <ele>203.75</ele>
        <extensions>
          <gpxtpx:TrackPointExtension>
            <gpxtpx:Extensions>
              <highway>tertiary</highway>
            </gpxtpx:Extensions>
          </gpxtpx:TrackPointExtension>
        </extensions>
      </trkpt>
      <trkpt lat="48.911056" lon="-0.634847">
        <ele>203.75</ele>
        <extensions>
          <gpxtpx:TrackPointExtension>
            <gpxtpx:Extensions>
              <highway>tertiary</highway>
            </gpxtpx:Extensions>
          </gpxtpx:TrackPointExtension>
        </extensions>
      </trkpt>
      <trkpt lat="48.910962" lon="-0.635038">
        <ele>203.5</ele>
        <extensions>
          <gpxtpx:TrackPointExtension>
            <gpxtpx:Extensions>
              <highway>tertiary</highway>
            </gpxtpx:Extensions>
          </gpxtpx:TrackPointExtension>
        </extensions>
      </trkpt>
      <trkpt lat="48.910811" lon="-0.635446">
        <ele>203</ele>
        <extensions>
          <gpxtpx:TrackPointExtension>
            <gpxtpx:Extensions>
              <highway>tertiary</highway>
            </gpxtpx:Extensions>
          </gpxtpx:TrackPointExtension>
        </extensions>
      </trkpt>
      <trkpt lat="48.910617" lon="-0.635991">
        <ele>202.75</ele>
        <extensions>
          <gpxtpx:TrackPointExtension>
            <gpxtpx:Extensions>
              <highway>tertiary</highway>
            </gpxtpx:Extensions>
          </gpxtpx:TrackPointExtension>
        </extensions>
      </trkpt>
      <trkpt lat="48.910364" lon="-0.63665">
        <ele>202.25</ele>
        <extensions>
          <gpxtpx:TrackPointExtension>
            <gpxtpx:Extensions>
              <highway>tertiary</highway>
            </gpxtpx:Extensions>
          </gpxtpx:TrackPointExtension>
        </extensions>
      </trkpt>
      <trkpt lat="48.910232" lon="-0.636905">
        <ele>202.25</ele>
        <extensions>
          <gpxtpx:TrackPointExtension>
            <gpxtpx:Extensions>
              <highway>tertiary</highway>
            </gpxtpx:Extensions>
          </gpxtpx:TrackPointExtension>
        </extensions>
      </trkpt>
      <trkpt lat="48.910005" lon="-0.637309">
        <ele>202.5</ele>
        <extensions>
          <gpxtpx:TrackPointExtension>
            <gpxtpx:Extensions>
              <highway>tertiary</highway>
            </gpxtpx:Extensions>
          </gpxtpx:TrackPointExtension>
        </extensions>
      </trkpt>
      <trkpt lat="48.909916" lon="-0.637449">
        <ele>202.25</ele>
        <extensions>
          <gpxtpx:TrackPointExtension>
            <gpxtpx:Extensions>
              <highway>tertiary</highway>
            </gpxtpx:Extensions>
          </gpxtpx:TrackPointExtension>
        </extensions>
      </trkpt>
      <trkpt lat="48.90976" lon="-0.637697">
        <ele>202</ele>
        <extensions>
          <gpxtpx:TrackPointExtension>
            <gpxtpx:Extensions>
              <highway>tertiary</highway>
            </gpxtpx:Extensions>
          </gpxtpx:TrackPointExtension>
        </extensions>
      </trkpt>
      <trkpt lat="48.909697" lon="-0.637797">
        <ele>202</ele>
        <extensions>
          <gpxtpx:TrackPointExtension>
            <gpxtpx:Extensions>
              <highway>tertiary</highway>
            </gpxtpx:Extensions>
          </gpxtpx:TrackPointExtension>
        </extensions>
      </trkpt>
      <trkpt lat="48.909464" lon="-0.638178">
        <ele>202.25</ele>
        <extensions>
          <gpxtpx:TrackPointExtension>
            <gpxtpx:Extensions>
              <highway>tertiary</highway>
            </gpxtpx:Extensions>
          </gpxtpx:TrackPointExtension>
        </extensions>
      </trkpt>
      <trkpt lat="48.909337" lon="-0.638358">
        <ele>202.75</ele>
        <extensions>
          <gpxtpx:TrackPointExtension>
            <gpxtpx:Extensions>
              <highway>tertiary</highway>
            </gpxtpx:Extensions>
          </gpxtpx:TrackPointExtension>
        </extensions>
      </trkpt>
      <trkpt lat="48.909245" lon="-0.638437">
        <ele>203.5</ele>
        <extensions>
          <gpxtpx:TrackPointExtension>
            <gpxtpx:Extensions>
              <highway>tertiary</highway>
            </gpxtpx:Extensions>
          </gpxtpx:TrackPointExtension>
        </extensions>
      </trkpt>
      <trkpt lat="48.909144" lon="-0.638504">
        <ele>204</ele>
        <extensions>
          <gpxtpx:TrackPointExtension>
            <gpxtpx:Extensions>
              <highway>tertiary</highway>
            </gpxtpx:Extensions>
          </gpxtpx:TrackPointExtension>
        </extensions>
      </trkpt>
      <trkpt lat="48.908361" lon="-0.638715">
        <ele>205</ele>
        <extensions>
          <gpxtpx:TrackPointExtension>
            <gpxtpx:Extensions>
              <highway>tertiary</highway>
            </gpxtpx:Extensions>
          </gpxtpx:TrackPointExtension>
        </extensions>
      </trkpt>
      <trkpt lat="48.908263" lon="-0.638777">
        <ele>204.75</ele>
        <extensions>
          <gpxtpx:TrackPointExtension>
            <gpxtpx:Extensions>
              <highway>tertiary</highway>
            </gpxtpx:Extensions>
          </gpxtpx:TrackPointExtension>
        </extensions>
      </trkpt>
      <trkpt lat="48.908235" lon="-0.638795">
        <ele>204.75</ele>
        <extensions>
          <gpxtpx:TrackPointExtension>
            <gpxtpx:Extensions>
              <reversedirection>yes</reversedirection>
              <highway>secondary</highway>
            </gpxtpx:Extensions>
          </gpxtpx:TrackPointExtension>
        </extensions>
      </trkpt>
      <trkpt lat="48.908288" lon="-0.639034">
        <ele>204.25</ele>
        <extensions>
          <gpxtpx:TrackPointExtension>
            <gpxtpx:Extensions>
              <reversedirection>yes</reversedirection>
              <highway>secondary</highway>
            </gpxtpx:Extensions>
          </gpxtpx:TrackPointExtension>
        </extensions>
      </trkpt>
      <trkpt lat="48.908318" lon="-0.639267">
        <ele>204</ele>
        <extensions>
          <gpxtpx:TrackPointExtension>
            <gpxtpx:Extensions>
              <reversedirection>yes</reversedirection>
              <highway>secondary</highway>
            </gpxtpx:Extensions>
          </gpxtpx:TrackPointExtension>
        </extensions>
      </trkpt>
      <trkpt lat="48.908333" lon="-0.639687">
        <ele>205</ele>
        <extensions>
          <gpxtpx:TrackPointExtension>
            <gpxtpx:Extensions>
              <reversedirection>yes</reversedirection>
              <highway>secondary</highway>
            </gpxtpx:Extensions>
          </gpxtpx:TrackPointExtension>
        </extensions>
      </trkpt>
      <trkpt lat="48.908322" lon="-0.640609">
        <ele>205.75</ele>
        <extensions>
          <gpxtpx:TrackPointExtension>
            <gpxtpx:Extensions>
              <reversedirection>yes</reversedirection>
              <highway>secondary</highway>
            </gpxtpx:Extensions>
          </gpxtpx:TrackPointExtension>
        </extensions>
      </trkpt>
      <trkpt lat="48.908336" lon="-0.640733">
        <ele>206</ele>
        <extensions>
          <gpxtpx:TrackPointExtension>
            <gpxtpx:Extensions>
              <reversedirection>yes</reversedirection>
              <highway>secondary</highway>
            </gpxtpx:Extensions>
          </gpxtpx:TrackPointExtension>
        </extensions>
      </trkpt>
      <trkpt lat="48.908367" lon="-0.640834">
        <ele>206</ele>
        <extensions>
          <gpxtpx:TrackPointExtension>
            <gpxtpx:Extensions>
              <reversedirection>yes</reversedirection>
              <highway>secondary</highway>
            </gpxtpx:Extensions>
          </gpxtpx:TrackPointExtension>
        </extensions>
      </trkpt>
      <trkpt lat="48.90856" lon="-0.641348">
        <ele>205.25</ele>
        <extensions>
          <gpxtpx:TrackPointExtension>
            <gpxtpx:Extensions>
              <reversedirection>yes</reversedirection>
              <highway>secondary</highway>
            </gpxtpx:Extensions>
          </gpxtpx:TrackPointExtension>
        </extensions>
      </trkpt>
      <trkpt lat="48.908627" lon="-0.641708">
        <ele>205</ele>
        <extensions>
          <gpxtpx:TrackPointExtension>
            <gpxtpx:Extensions>
              <reversedirection>yes</reversedirection>
              <highway>secondary</highway>
            </gpxtpx:Extensions>
          </gpxtpx:TrackPointExtension>
        </extensions>
      </trkpt>
      <trkpt lat="48.908654" lon="-0.641898">
        <ele>205.25</ele>
        <extensions>
          <gpxtpx:TrackPointExtension>
            <gpxtpx:Extensions>
              <reversedirection>yes</reversedirection>
              <highway>secondary</highway>
            </gpxtpx:Extensions>
          </gpxtpx:TrackPointExtension>
        </extensions>
      </trkpt>
      <trkpt lat="48.908677" lon="-0.642117">
        <ele>205.25</ele>
        <extensions>
          <gpxtpx:TrackPointExtension>
            <gpxtpx:Extensions>
              <reversedirection>yes</reversedirection>
              <highway>secondary</highway>
            </gpxtpx:Extensions>
          </gpxtpx:TrackPointExtension>
        </extensions>
      </trkpt>
      <trkpt lat="48.908687" lon="-0.642673">
        <ele>206</ele>
        <extensions>
          <gpxtpx:TrackPointExtension>
            <gpxtpx:Extensions>
              <reversedirection>yes</reversedirection>
              <highway>secondary</highway>
            </gpxtpx:Extensions>
          </gpxtpx:TrackPointExtension>
        </extensions>
      </trkpt>
      <trkpt lat="48.908696" lon="-0.643113">
        <ele>207</ele>
        <extensions>
          <gpxtpx:TrackPointExtension>
            <gpxtpx:Extensions>
              <reversedirection>yes</reversedirection>
              <highway>secondary</highway>
            </gpxtpx:Extensions>
          </gpxtpx:TrackPointExtension>
        </extensions>
      </trkpt>
      <trkpt lat="48.908708" lon="-0.643236">
        <ele>207.5</ele>
        <extensions>
          <gpxtpx:TrackPointExtension>
            <gpxtpx:Extensions>
              <reversedirection>yes</reversedirection>
              <highway>secondary</highway>
            </gpxtpx:Extensions>
          </gpxtpx:TrackPointExtension>
        </extensions>
      </trkpt>
      <trkpt lat="48.908742" lon="-0.643322">
        <ele>207.75</ele>
        <extensions>
          <gpxtpx:TrackPointExtension>
            <gpxtpx:Extensions>
              <reversedirection>yes</reversedirection>
              <highway>secondary</highway>
            </gpxtpx:Extensions>
          </gpxtpx:TrackPointExtension>
        </extensions>
      </trkpt>
      <trkpt lat="48.908934" lon="-0.643615">
        <ele>209.25</ele>
        <extensions>
          <gpxtpx:TrackPointExtension>
            <gpxtpx:Extensions>
              <reversedirection>yes</reversedirection>
              <highway>secondary</highway>
            </gpxtpx:Extensions>
          </gpxtpx:TrackPointExtension>
        </extensions>
      </trkpt>
      <trkpt lat="48.908997" lon="-0.643735">
        <ele>209.75</ele>
        <extensions>
          <gpxtpx:TrackPointExtension>
            <gpxtpx:Extensions>
              <reversedirection>yes</reversedirection>
              <highway>secondary</highway>
            </gpxtpx:Extensions>
          </gpxtpx:TrackPointExtension>
        </extensions>
      </trkpt>
      <trkpt lat="48.909078" lon="-0.643939">
        <ele>210.25</ele>
        <extensions>
          <gpxtpx:TrackPointExtension>
            <gpxtpx:Extensions>
              <reversedirection>yes</reversedirection>
              <highway>secondary</highway>
            </gpxtpx:Extensions>
          </gpxtpx:TrackPointExtension>
        </extensions>
      </trkpt>
      <trkpt lat="48.90915" lon="-0.644185">
        <ele>211</ele>
        <extensions>
          <gpxtpx:TrackPointExtension>
            <gpxtpx:Extensions>
              <reversedirection>yes</reversedirection>
              <highway>secondary</highway>
            </gpxtpx:Extensions>
          </gpxtpx:TrackPointExtension>
        </extensions>
      </trkpt>
      <trkpt lat="48.909178" lon="-0.644337">
        <ele>211.25</ele>
        <extensions>
          <gpxtpx:TrackPointExtension>
            <gpxtpx:Extensions>
              <reversedirection>yes</reversedirection>
              <highway>secondary</highway>
            </gpxtpx:Extensions>
          </gpxtpx:TrackPointExtension>
        </extensions>
      </trkpt>
      <trkpt lat="48.909276" lon="-0.644853">
        <ele>212.75</ele>
        <extensions>
          <gpxtpx:TrackPointExtension>
            <gpxtpx:Extensions>
              <reversedirection>yes</reversedirection>
              <highway>secondary</highway>
            </gpxtpx:Extensions>
          </gpxtpx:TrackPointExtension>
        </extensions>
      </trkpt>
      <trkpt lat="48.909328" lon="-0.645072">
        <ele>213.25</ele>
        <extensions>
          <gpxtpx:TrackPointExtension>
            <gpxtpx:Extensions>
              <reversedirection>yes</reversedirection>
              <highway>secondary</highway>
            </gpxtpx:Extensions>
          </gpxtpx:TrackPointExtension>
        </extensions>
      </trkpt>
      <trkpt lat="48.90971" lon="-0.646414">
        <ele>214</ele>
        <extensions>
          <gpxtpx:TrackPointExtension>
            <gpxtpx:Extensions>
              <reversedirection>yes</reversedirection>
              <highway>secondary</highway>
            </gpxtpx:Extensions>
          </gpxtpx:TrackPointExtension>
        </extensions>
      </trkpt>
      <trkpt lat="48.910054" lon="-0.647721">
        <ele>212.25</ele>
        <extensions>
          <gpxtpx:TrackPointExtension>
            <gpxtpx:Extensions>
              <reversedirection>yes</reversedirection>
              <highway>secondary</highway>
            </gpxtpx:Extensions>
          </gpxtpx:TrackPointExtension>
        </extensions>
      </trkpt>
      <trkpt lat="48.910264" lon="-0.648573">
        <ele>210.25</ele>
        <extensions>
          <gpxtpx:TrackPointExtension>
            <gpxtpx:Extensions>
              <reversedirection>yes</reversedirection>
              <highway>secondary</highway>
            </gpxtpx:Extensions>
          </gpxtpx:TrackPointExtension>
        </extensions>
      </trkpt>
      <trkpt lat="48.910355" lon="-0.64913">
        <ele>209</ele>
        <extensions>
          <gpxtpx:TrackPointExtension>
            <gpxtpx:Extensions>
              <reversedirection>yes</reversedirection>
              <highway>secondary</highway>
            </gpxtpx:Extensions>
          </gpxtpx:TrackPointExtension>
        </extensions>
      </trkpt>
      <trkpt lat="48.910444" lon="-0.649826">
        <ele>207.25</ele>
        <extensions>
          <gpxtpx:TrackPointExtension>
            <gpxtpx:Extensions>
              <highway>secondary</highway>
            </gpxtpx:Extensions>
          </gpxtpx:TrackPointExtension>
        </extensions>
      </trkpt>
      <trkpt lat="48.910856" lon="-0.653118">
        <ele>191.75</ele>
        <extensions>
          <gpxtpx:TrackPointExtension>
            <gpxtpx:Extensions>
              <highway>secondary</highway>
            </gpxtpx:Extensions>
          </gpxtpx:TrackPointExtension>
        </extensions>
      </trkpt>
      <trkpt lat="48.911086" lon="-0.654959">
        <ele>183.25</ele>
        <extensions>
          <gpxtpx:TrackPointExtension>
            <gpxtpx:Extensions>
              <highway>secondary</highway>
            </gpxtpx:Extensions>
          </gpxtpx:TrackPointExtension>
        </extensions>
      </trkpt>
      <trkpt lat="48.91115" lon="-0.655274">
        <ele>182</ele>
        <extensions>
          <gpxtpx:TrackPointExtension>
            <gpxtpx:Extensions>
              <highway>secondary</highway>
            </gpxtpx:Extensions>
          </gpxtpx:TrackPointExtension>
        </extensions>
      </trkpt>
      <trkpt lat="48.911242" lon="-0.65556">
        <ele>180.75</ele>
        <extensions>
          <gpxtpx:TrackPointExtension>
            <gpxtpx:Extensions>
              <highway>secondary</highway>
            </gpxtpx:Extensions>
          </gpxtpx:TrackPointExtension>
        </extensions>
      </trkpt>
      <trkpt lat="48.911373" lon="-0.655836">
        <ele>179.25</ele>
        <extensions>
          <gpxtpx:TrackPointExtension>
            <gpxtpx:Extensions>
              <highway>secondary</highway>
            </gpxtpx:Extensions>
          </gpxtpx:TrackPointExtension>
        </extensions>
      </trkpt>
      <trkpt lat="48.911523" lon="-0.656059">
        <ele>178.75</ele>
        <extensions>
          <gpxtpx:TrackPointExtension>
            <gpxtpx:Extensions>
              <highway>secondary</highway>
            </gpxtpx:Extensions>
          </gpxtpx:TrackPointExtension>
        </extensions>
      </trkpt>
      <trkpt lat="48.91167" lon="-0.656207">
        <ele>178.25</ele>
        <extensions>
          <gpxtpx:TrackPointExtension>
            <gpxtpx:Extensions>
              <highway>secondary</highway>
            </gpxtpx:Extensions>
          </gpxtpx:TrackPointExtension>
        </extensions>
      </trkpt>
      <trkpt lat="48.911883" lon="-0.656341">
        <ele>177.75</ele>
        <extensions>
          <gpxtpx:TrackPointExtension>
            <gpxtpx:Extensions>
              <highway>secondary</highway>
            </gpxtpx:Extensions>
          </gpxtpx:TrackPointExtension>
        </extensions>
      </trkpt>
      <trkpt lat="48.91242" lon="-0.656567">
        <ele>176</ele>
        <extensions>
          <gpxtpx:TrackPointExtension>
            <gpxtpx:Extensions>
              <highway>secondary</highway>
            </gpxtpx:Extensions>
          </gpxtpx:TrackPointExtension>
        </extensions>
      </trkpt>
      <trkpt lat="48.912601" lon="-0.656706">
        <ele>175.25</ele>
        <extensions>
          <gpxtpx:TrackPointExtension>
            <gpxtpx:Extensions>
              <highway>secondary</highway>
            </gpxtpx:Extensions>
          </gpxtpx:TrackPointExtension>
        </extensions>
      </trkpt>
      <trkpt lat="48.912782" lon="-0.656937">
        <ele>174.5</ele>
        <extensions>
          <gpxtpx:TrackPointExtension>
            <gpxtpx:Extensions>
              <highway>secondary</highway>
            </gpxtpx:Extensions>
          </gpxtpx:TrackPointExtension>
        </extensions>
      </trkpt>
      <trkpt lat="48.912888" lon="-0.657132">
        <ele>173.75</ele>
        <extensions>
          <gpxtpx:TrackPointExtension>
            <gpxtpx:Extensions>
              <highway>secondary</highway>
            </gpxtpx:Extensions>
          </gpxtpx:TrackPointExtension>
        </extensions>
      </trkpt>
      <trkpt lat="48.912995" lon="-0.65745">
        <ele>173.25</ele>
        <extensions>
          <gpxtpx:TrackPointExtension>
            <gpxtpx:Extensions>
              <highway>secondary</highway>
            </gpxtpx:Extensions>
          </gpxtpx:TrackPointExtension>
        </extensions>
      </trkpt>
      <trkpt lat="48.913039" lon="-0.657678">
        <ele>172.25</ele>
        <extensions>
          <gpxtpx:TrackPointExtension>
            <gpxtpx:Extensions>
              <highway>secondary</highway>
            </gpxtpx:Extensions>
          </gpxtpx:TrackPointExtension>
        </extensions>
      </trkpt>
      <trkpt lat="48.913059" lon="-0.657879">
        <ele>171.5</ele>
        <extensions>
          <gpxtpx:TrackPointExtension>
            <gpxtpx:Extensions>
              <highway>secondary</highway>
            </gpxtpx:Extensions>
          </gpxtpx:TrackPointExtension>
        </extensions>
      </trkpt>
      <trkpt lat="48.913056" lon="-0.658144">
        <ele>170.5</ele>
        <extensions>
          <gpxtpx:TrackPointExtension>
            <gpxtpx:Extensions>
              <highway>secondary</highway>
            </gpxtpx:Extensions>
          </gpxtpx:TrackPointExtension>
        </extensions>
      </trkpt>
      <trkpt lat="48.91303" lon="-0.658351">
        <ele>170</ele>
        <extensions>
          <gpxtpx:TrackPointExtension>
            <gpxtpx:Extensions>
              <highway>secondary</highway>
            </gpxtpx:Extensions>
          </gpxtpx:TrackPointExtension>
        </extensions>
      </trkpt>
      <trkpt lat="48.912972" lon="-0.658594">
        <ele>169.25</ele>
        <extensions>
          <gpxtpx:TrackPointExtension>
            <gpxtpx:Extensions>
              <highway>secondary</highway>
            </gpxtpx:Extensions>
          </gpxtpx:TrackPointExtension>
        </extensions>
      </trkpt>
      <trkpt lat="48.912871" lon="-0.658876">
        <ele>169</ele>
        <extensions>
          <gpxtpx:TrackPointExtension>
            <gpxtpx:Extensions>
              <highway>secondary</highway>
            </gpxtpx:Extensions>
          </gpxtpx:TrackPointExtension>
        </extensions>
      </trkpt>
      <trkpt lat="48.911573" lon="-0.66191">
        <ele>162.5</ele>
        <extensions>
          <gpxtpx:TrackPointExtension>
            <gpxtpx:Extensions>
              <highway>secondary</highway>
            </gpxtpx:Extensions>
          </gpxtpx:TrackPointExtension>
        </extensions>
      </trkpt>
      <trkpt lat="48.911309" lon="-0.662635">
        <ele>161.25</ele>
        <extensions>
          <gpxtpx:TrackPointExtension>
            <gpxtpx:Extensions>
              <highway>secondary</highway>
            </gpxtpx:Extensions>
          </gpxtpx:TrackPointExtension>
        </extensions>
      </trkpt>
      <trkpt lat="48.911158" lon="-0.663193">
        <ele>162</ele>
        <extensions>
          <gpxtpx:TrackPointExtension>
            <gpxtpx:Extensions>
              <highway>secondary</highway>
            </gpxtpx:Extensions>
          </gpxtpx:TrackPointExtension>
        </extensions>
      </trkpt>
      <trkpt lat="48.911108" lon="-0.663613">
        <ele>162.75</ele>
        <extensions>
          <gpxtpx:TrackPointExtension>
            <gpxtpx:Extensions>
              <highway>secondary</highway>
            </gpxtpx:Extensions>
          </gpxtpx:TrackPointExtension>
        </extensions>
      </trkpt>
      <trkpt lat="48.911078" lon="-0.664061">
        <ele>163.25</ele>
        <extensions>
          <gpxtpx:TrackPointExtension>
            <gpxtpx:Extensions>
              <highway>secondary</highway>
            </gpxtpx:Extensions>
          </gpxtpx:TrackPointExtension>
        </extensions>
      </trkpt>
      <trkpt lat="48.911067" lon="-0.664388">
        <ele>164.25</ele>
        <extensions>
          <gpxtpx:TrackPointExtension>
            <gpxtpx:Extensions>
              <highway>secondary</highway>
            </gpxtpx:Extensions>
          </gpxtpx:TrackPointExtension>
        </extensions>
      </trkpt>
      <trkpt lat="48.911075" lon="-0.664602">
        <ele>165.25</ele>
        <extensions>
          <gpxtpx:TrackPointExtension>
            <gpxtpx:Extensions>
              <highway>secondary</highway>
            </gpxtpx:Extensions>
          </gpxtpx:TrackPointExtension>
        </extensions>
      </trkpt>
      <trkpt lat="48.9111" lon="-0.664895">
        <ele>166.5</ele>
        <extensions>
          <gpxtpx:TrackPointExtension>
            <gpxtpx:Extensions>
              <highway>secondary</highway>
            </gpxtpx:Extensions>
          </gpxtpx:TrackPointExtension>
        </extensions>
      </trkpt>
      <trkpt lat="48.911168" lon="-0.665358">
        <ele>169.25</ele>
        <extensions>
          <gpxtpx:TrackPointExtension>
            <gpxtpx:Extensions>
              <highway>secondary</highway>
            </gpxtpx:Extensions>
          </gpxtpx:TrackPointExtension>
        </extensions>
      </trkpt>
      <trkpt lat="48.911269" lon="-0.66582">
        <ele>172.25</ele>
        <extensions>
          <gpxtpx:TrackPointExtension>
            <gpxtpx:Extensions>
              <highway>secondary</highway>
            </gpxtpx:Extensions>
          </gpxtpx:TrackPointExtension>
        </extensions>
      </trkpt>
      <trkpt lat="48.911484" lon="-0.666416">
        <ele>174.5</ele>
        <extensions>
          <gpxtpx:TrackPointExtension>
            <gpxtpx:Extensions>
              <highway>secondary</highway>
            </gpxtpx:Extensions>
          </gpxtpx:TrackPointExtension>
        </extensions>
      </trkpt>
      <trkpt lat="48.911758" lon="-0.667011">
        <ele>174.75</ele>
        <extensions>
          <gpxtpx:TrackPointExtension>
            <gpxtpx:Extensions>
              <highway>secondary</highway>
            </gpxtpx:Extensions>
          </gpxtpx:TrackPointExtension>
        </extensions>
      </trkpt>
      <trkpt lat="48.912129" lon="-0.667736">
        <ele>171.75</ele>
        <extensions>
          <gpxtpx:TrackPointExtension>
            <gpxtpx:Extensions>
              <highway>secondary</highway>
            </gpxtpx:Extensions>
          </gpxtpx:TrackPointExtension>
        </extensions>
      </trkpt>
      <trkpt lat="48.912305" lon="-0.668119">
        <ele>170.5</ele>
        <extensions>
          <gpxtpx:TrackPointExtension>
            <gpxtpx:Extensions>
              <highway>secondary</highway>
            </gpxtpx:Extensions>
          </gpxtpx:TrackPointExtension>
        </extensions>
      </trkpt>
      <trkpt lat="48.912465" lon="-0.66857">
        <ele>169.5</ele>
        <extensions>
          <gpxtpx:TrackPointExtension>
            <gpxtpx:Extensions>
              <highway>secondary</highway>
            </gpxtpx:Extensions>
          </gpxtpx:TrackPointExtension>
        </extensions>
      </trkpt>
      <trkpt lat="48.912691" lon="-0.669343">
        <ele>167</ele>
        <extensions>
          <gpxtpx:TrackPointExtension>
            <gpxtpx:Extensions>
              <highway>secondary</highway>
            </gpxtpx:Extensions>
          </gpxtpx:TrackPointExtension>
        </extensions>
      </trkpt>
      <trkpt lat="48.91276" lon="-0.669668">
        <ele>166.5</ele>
        <extensions>
          <gpxtpx:TrackPointExtension>
            <gpxtpx:Extensions>
              <highway>secondary</highway>
            </gpxtpx:Extensions>
          </gpxtpx:TrackPointExtension>
        </extensions>
      </trkpt>
      <trkpt lat="48.912797" lon="-0.669965">
        <ele>166.25</ele>
        <extensions>
          <gpxtpx:TrackPointExtension>
            <gpxtpx:Extensions>
              <highway>secondary</highway>
            </gpxtpx:Extensions>
          </gpxtpx:TrackPointExtension>
        </extensions>
      </trkpt>
      <trkpt lat="48.912847" lon="-0.671184">
        <ele>165.5</ele>
        <extensions>
          <gpxtpx:TrackPointExtension>
            <gpxtpx:Extensions>
              <highway>secondary</highway>
            </gpxtpx:Extensions>
          </gpxtpx:TrackPointExtension>
        </extensions>
      </trkpt>
      <trkpt lat="48.912859" lon="-0.671462">
        <ele>165.5</ele>
        <extensions>
          <gpxtpx:TrackPointExtension>
            <gpxtpx:Extensions>
              <highway>secondary</highway>
            </gpxtpx:Extensions>
          </gpxtpx:TrackPointExtension>
        </extensions>
      </trkpt>
      <trkpt lat="48.912907" lon="-0.671919">
        <ele>164.75</ele>
        <extensions>
          <gpxtpx:TrackPointExtension>
            <gpxtpx:Extensions>
              <highway>secondary</highway>
            </gpxtpx:Extensions>
          </gpxtpx:TrackPointExtension>
        </extensions>
      </trkpt>
      <trkpt lat="48.912959" lon="-0.672308">
        <ele>163.75</ele>
        <extensions>
          <gpxtpx:TrackPointExtension>
            <gpxtpx:Extensions>
              <highway>secondary</highway>
            </gpxtpx:Extensions>
          </gpxtpx:TrackPointExtension>
        </extensions>
      </trkpt>
      <trkpt lat="48.913609" lon="-0.676728">
        <ele>157.5</ele>
        <extensions>
          <gpxtpx:TrackPointExtension>
            <gpxtpx:Extensions>
              <highway>secondary</highway>
            </gpxtpx:Extensions>
          </gpxtpx:TrackPointExtension>
        </extensions>
      </trkpt>
      <trkpt lat="48.913668" lon="-0.676981">
        <ele>157.5</ele>
        <extensions>
          <gpxtpx:TrackPointExtension>
            <gpxtpx:Extensions>
              <highway>secondary</highway>
            </gpxtpx:Extensions>
          </gpxtpx:TrackPointExtension>
        </extensions>
      </trkpt>
      <trkpt lat="48.913732" lon="-0.677184">
        <ele>157.25</ele>
        <extensions>
          <gpxtpx:TrackPointExtension>
            <gpxtpx:Extensions>
              <highway>secondary</highway>
            </gpxtpx:Extensions>
          </gpxtpx:TrackPointExtension>
        </extensions>
      </trkpt>
      <trkpt lat="48.913819" lon="-0.677361">
        <ele>157</ele>
        <extensions>
          <gpxtpx:TrackPointExtension>
            <gpxtpx:Extensions>
              <highway>secondary</highway>
            </gpxtpx:Extensions>
          </gpxtpx:TrackPointExtension>
        </extensions>
      </trkpt>
      <trkpt lat="48.914005" lon="-0.677579">
        <ele>156.5</ele>
        <extensions>
          <gpxtpx:TrackPointExtension>
            <gpxtpx:Extensions>
              <highway>secondary</highway>
            </gpxtpx:Extensions>
          </gpxtpx:TrackPointExtension>
        </extensions>
      </trkpt>
      <trkpt lat="48.914062" lon="-0.677621">
        <ele>156.25</ele>
        <extensions>
          <gpxtpx:TrackPointExtension>
            <gpxtpx:Extensions>
              <highway>secondary</highway>
            </gpxtpx:Extensions>
          </gpxtpx:TrackPointExtension>
        </extensions>
      </trkpt>
      <trkpt lat="48.914136" lon="-0.677654">
        <ele>156.25</ele>
        <extensions>
          <gpxtpx:TrackPointExtension>
            <gpxtpx:Extensions>
              <highway>secondary</highway>
            </gpxtpx:Extensions>
          </gpxtpx:TrackPointExtension>
        </extensions>
      </trkpt>
      <trkpt lat="48.915045" lon="-0.677989">
        <ele>160.5</ele>
        <extensions>
          <gpxtpx:TrackPointExtension>
            <gpxtpx:Extensions>
              <highway>secondary</highway>
            </gpxtpx:Extensions>
          </gpxtpx:TrackPointExtension>
        </extensions>
      </trkpt>
      <trkpt lat="48.9151" lon="-0.678345">
        <ele>160.5</ele>
        <extensions>
          <gpxtpx:TrackPointExtension>
            <gpxtpx:Extensions>
              <highway>secondary</highway>
            </gpxtpx:Extensions>
          </gpxtpx:TrackPointExtension>
        </extensions>
      </trkpt>
      <trkpt lat="48.915274" lon="-0.679334">
        <ele>161.5</ele>
        <extensions>
          <gpxtpx:TrackPointExtension>
            <gpxtpx:Extensions>
              <highway>secondary</highway>
            </gpxtpx:Extensions>
          </gpxtpx:TrackPointExtension>
        </extensions>
      </trkpt>
      <trkpt lat="48.915633" lon="-0.681595">
        <ele>162</ele>
        <extensions>
          <gpxtpx:TrackPointExtension>
            <gpxtpx:Extensions>
              <highway>secondary</highway>
            </gpxtpx:Extensions>
          </gpxtpx:TrackPointExtension>
        </extensions>
      </trkpt>
      <trkpt lat="48.915664" lon="-0.681913">
        <ele>162</ele>
        <extensions>
          <gpxtpx:TrackPointExtension>
            <gpxtpx:Extensions>
              <highway>secondary</highway>
            </gpxtpx:Extensions>
          </gpxtpx:TrackPointExtension>
        </extensions>
      </trkpt>
      <trkpt lat="48.915678" lon="-0.6822">
        <ele>161.75</ele>
        <extensions>
          <gpxtpx:TrackPointExtension>
            <gpxtpx:Extensions>
              <highway>secondary</highway>
            </gpxtpx:Extensions>
          </gpxtpx:TrackPointExtension>
        </extensions>
      </trkpt>
      <trkpt lat="48.915664" lon="-0.684505">
        <ele>161.75</ele>
        <extensions>
          <gpxtpx:TrackPointExtension>
            <gpxtpx:Extensions>
              <highway>unclassified</highway>
            </gpxtpx:Extensions>
          </gpxtpx:TrackPointExtension>
        </extensions>
      </trkpt>
      <trkpt lat="48.915269" lon="-0.684929">
        <ele>162.5</ele>
        <extensions>
          <gpxtpx:TrackPointExtension>
            <gpxtpx:Extensions>
              <highway>unclassified</highway>
            </gpxtpx:Extensions>
          </gpxtpx:TrackPointExtension>
        </extensions>
      </trkpt>
      <trkpt lat="48.915107" lon="-0.68509">
        <ele>162.75</ele>
        <extensions>
          <gpxtpx:TrackPointExtension>
            <gpxtpx:Extensions>
              <highway>unclassified</highway>
            </gpxtpx:Extensions>
          </gpxtpx:TrackPointExtension>
        </extensions>
      </trkpt>
      <trkpt lat="48.915019" lon="-0.685267">
        <ele>163.25</ele>
        <extensions>
          <gpxtpx:TrackPointExtension>
            <gpxtpx:Extensions>
              <highway>unclassified</highway>
            </gpxtpx:Extensions>
          </gpxtpx:TrackPointExtension>
        </extensions>
      </trkpt>
      <trkpt lat="48.914867" lon="-0.685763">
        <ele>164.75</ele>
        <extensions>
          <gpxtpx:TrackPointExtension>
            <gpxtpx:Extensions>
              <highway>unclassified</highway>
            </gpxtpx:Extensions>
          </gpxtpx:TrackPointExtension>
        </extensions>
      </trkpt>
      <trkpt lat="48.914746" lon="-0.686034">
        <ele>165.75</ele>
        <extensions>
          <gpxtpx:TrackPointExtension>
            <gpxtpx:Extensions>
              <highway>unclassified</highway>
            </gpxtpx:Extensions>
          </gpxtpx:TrackPointExtension>
        </extensions>
      </trkpt>
      <trkpt lat="48.914654" lon="-0.686187">
        <ele>166.25</ele>
        <extensions>
          <gpxtpx:TrackPointExtension>
            <gpxtpx:Extensions>
              <highway>unclassified</highway>
            </gpxtpx:Extensions>
          </gpxtpx:TrackPointExtension>
        </extensions>
      </trkpt>
      <trkpt lat="48.914543" lon="-0.686334">
        <ele>166.75</ele>
        <extensions>
          <gpxtpx:TrackPointExtension>
            <gpxtpx:Extensions>
              <highway>unclassified</highway>
            </gpxtpx:Extensions>
          </gpxtpx:TrackPointExtension>
        </extensions>
      </trkpt>
      <trkpt lat="48.914377" lon="-0.686479">
        <ele>167.75</ele>
        <extensions>
          <gpxtpx:TrackPointExtension>
            <gpxtpx:Extensions>
              <highway>unclassified</highway>
            </gpxtpx:Extensions>
          </gpxtpx:TrackPointExtension>
        </extensions>
      </trkpt>
      <trkpt lat="48.913287" lon="-0.686992">
        <ele>174.25</ele>
        <extensions>
          <gpxtpx:TrackPointExtension>
            <gpxtpx:Extensions>
              <highway>unclassified</highway>
            </gpxtpx:Extensions>
          </gpxtpx:TrackPointExtension>
        </extensions>
      </trkpt>
      <trkpt lat="48.913165" lon="-0.687085">
        <ele>174.75</ele>
        <extensions>
          <gpxtpx:TrackPointExtension>
            <gpxtpx:Extensions>
              <highway>unclassified</highway>
            </gpxtpx:Extensions>
          </gpxtpx:TrackPointExtension>
        </extensions>
      </trkpt>
      <trkpt lat="48.912944" lon="-0.687284">
        <ele>175.5</ele>
        <extensions>
          <gpxtpx:TrackPointExtension>
            <gpxtpx:Extensions>
              <highway>unclassified</highway>
            </gpxtpx:Extensions>
          </gpxtpx:TrackPointExtension>
        </extensions>
      </trkpt>
      <trkpt lat="48.912669" lon="-0.687614">
        <ele>176.5</ele>
        <extensions>
          <gpxtpx:TrackPointExtension>
            <gpxtpx:Extensions>
              <highway>unclassified</highway>
            </gpxtpx:Extensions>
          </gpxtpx:TrackPointExtension>
        </extensions>
      </trkpt>
      <trkpt lat="48.912521" lon="-0.687808">
        <ele>177.25</ele>
        <extensions>
          <gpxtpx:TrackPointExtension>
            <gpxtpx:Extensions>
              <highway>unclassified</highway>
            </gpxtpx:Extensions>
          </gpxtpx:TrackPointExtension>
        </extensions>
      </trkpt>
      <trkpt lat="48.912366" lon="-0.688217">
        <ele>177.5</ele>
        <extensions>
          <gpxtpx:TrackPointExtension>
            <gpxtpx:Extensions>
              <highway>unclassified</highway>
            </gpxtpx:Extensions>
          </gpxtpx:TrackPointExtension>
        </extensions>
      </trkpt>
      <trkpt lat="48.911536" lon="-0.691326">
        <ele>182.25</ele>
        <extensions>
          <gpxtpx:TrackPointExtension>
            <gpxtpx:Extensions>
              <highway>unclassified</highway>
            </gpxtpx:Extensions>
          </gpxtpx:TrackPointExtension>
        </extensions>
      </trkpt>
      <trkpt lat="48.911315" lon="-0.692262">
        <ele>185</ele>
        <extensions>
          <gpxtpx:TrackPointExtension>
            <gpxtpx:Extensions>
              <highway>unclassified</highway>
            </gpxtpx:Extensions>
          </gpxtpx:TrackPointExtension>
        </extensions>
      </trkpt>
      <trkpt lat="48.911118" lon="-0.693187">
        <ele>187.25</ele>
        <extensions>
          <gpxtpx:TrackPointExtension>
            <gpxtpx:Extensions>
              <highway>unclassified</highway>
            </gpxtpx:Extensions>
          </gpxtpx:TrackPointExtension>
        </extensions>
      </trkpt>
      <trkpt lat="48.910966" lon="-0.694172">
        <ele>190</ele>
        <extensions>
          <gpxtpx:TrackPointExtension>
            <gpxtpx:Extensions>
              <highway>unclassified</highway>
            </gpxtpx:Extensions>
          </gpxtpx:TrackPointExtension>
        </extensions>
      </trkpt>
      <trkpt lat="48.910817" lon="-0.695242">
        <ele>191</ele>
        <extensions>
          <gpxtpx:TrackPointExtension>
            <gpxtpx:Extensions>
              <highway>unclassified</highway>
            </gpxtpx:Extensions>
          </gpxtpx:TrackPointExtension>
        </extensions>
      </trkpt>
      <trkpt lat="48.910694" lon="-0.696032">
        <ele>192.25</ele>
        <extensions>
          <gpxtpx:TrackPointExtension>
            <gpxtpx:Extensions>
              <highway>unclassified</highway>
            </gpxtpx:Extensions>
          </gpxtpx:TrackPointExtension>
        </extensions>
      </trkpt>
      <trkpt lat="48.910643" lon="-0.696261">
        <ele>192.75</ele>
        <extensions>
          <gpxtpx:TrackPointExtension>
            <gpxtpx:Extensions>
              <highway>unclassified</highway>
            </gpxtpx:Extensions>
          </gpxtpx:TrackPointExtension>
        </extensions>
      </trkpt>
      <trkpt lat="48.910588" lon="-0.696435">
        <ele>193.25</ele>
        <extensions>
          <gpxtpx:TrackPointExtension>
            <gpxtpx:Extensions>
              <highway>unclassified</highway>
            </gpxtpx:Extensions>
          </gpxtpx:TrackPointExtension>
        </extensions>
      </trkpt>
      <trkpt lat="48.910455" lon="-0.696811">
        <ele>194.25</ele>
        <extensions>
          <gpxtpx:TrackPointExtension>
            <gpxtpx:Extensions>
              <highway>unclassified</highway>
            </gpxtpx:Extensions>
          </gpxtpx:TrackPointExtension>
        </extensions>
      </trkpt>
      <trkpt lat="48.910087" lon="-0.697688">
        <ele>196</ele>
        <extensions>
          <gpxtpx:TrackPointExtension>
            <gpxtpx:Extensions>
              <highway>unclassified</highway>
            </gpxtpx:Extensions>
          </gpxtpx:TrackPointExtension>
        </extensions>
      </trkpt>
      <trkpt lat="48.909427" lon="-0.699673">
        <ele>199</ele>
        <extensions>
          <gpxtpx:TrackPointExtension>
            <gpxtpx:Extensions>
              <highway>unclassified</highway>
            </gpxtpx:Extensions>
          </gpxtpx:TrackPointExtension>
        </extensions>
      </trkpt>
      <trkpt lat="48.909331" lon="-0.700075">
        <ele>199.25</ele>
        <extensions>
          <gpxtpx:TrackPointExtension>
            <gpxtpx:Extensions>
              <highway>unclassified</highway>
            </gpxtpx:Extensions>
          </gpxtpx:TrackPointExtension>
        </extensions>
      </trkpt>
      <trkpt lat="48.908694" lon="-0.702999">
        <ele>204.75</ele>
        <extensions>
          <gpxtpx:TrackPointExtension>
            <gpxtpx:Extensions>
              <reversedirection>yes</reversedirection>
              <highway>unclassified</highway>
            </gpxtpx:Extensions>
          </gpxtpx:TrackPointExtension>
        </extensions>
      </trkpt>
      <trkpt lat="48.908661" lon="-0.703148">
        <ele>204.75</ele>
        <extensions>
          <gpxtpx:TrackPointExtension>
            <gpxtpx:Extensions>
              <reversedirection>yes</reversedirection>
              <highway>unclassified</highway>
            </gpxtpx:Extensions>
          </gpxtpx:TrackPointExtension>
        </extensions>
      </trkpt>
      <trkpt lat="48.907861" lon="-0.705751">
        <ele>206.75</ele>
        <extensions>
          <gpxtpx:TrackPointExtension>
            <gpxtpx:Extensions>
              <reversedirection>yes</reversedirection>
              <highway>unclassified</highway>
            </gpxtpx:Extensions>
          </gpxtpx:TrackPointExtension>
        </extensions>
      </trkpt>
      <trkpt lat="48.907748" lon="-0.706169">
        <ele>206.75</ele>
        <extensions>
          <gpxtpx:TrackPointExtension>
            <gpxtpx:Extensions>
              <reversedirection>yes</reversedirection>
              <highway>unclassified</highway>
            </gpxtpx:Extensions>
          </gpxtpx:TrackPointExtension>
        </extensions>
      </trkpt>
      <trkpt lat="48.90739" lon="-0.707681">
        <ele>207.25</ele>
        <extensions>
          <gpxtpx:TrackPointExtension>
            <gpxtpx:Extensions>
              <reversedirection>yes</reversedirection>
              <highway>unclassified</highway>
            </gpxtpx:Extensions>
          </gpxtpx:TrackPointExtension>
        </extensions>
      </trkpt>
      <trkpt lat="48.907186" lon="-0.707698">
        <ele>206.75</ele>
        <extensions>
          <gpxtpx:TrackPointExtension>
            <gpxtpx:Extensions>
              <reversedirection>yes</reversedirection>
              <highway>unclassified</highway>
            </gpxtpx:Extensions>
          </gpxtpx:TrackPointExtension>
        </extensions>
      </trkpt>
      <trkpt lat="48.907096" lon="-0.707732">
        <ele>206.25</ele>
        <extensions>
          <gpxtpx:TrackPointExtension>
            <gpxtpx:Extensions>
              <reversedirection>yes</reversedirection>
              <highway>unclassified</highway>
            </gpxtpx:Extensions>
          </gpxtpx:TrackPointExtension>
        </extensions>
      </trkpt>
      <trkpt lat="48.907022" lon="-0.707797">
        <ele>206</ele>
        <extensions>
          <gpxtpx:TrackPointExtension>
            <gpxtpx:Extensions>
              <reversedirection>yes</reversedirection>
              <highway>unclassified</highway>
            </gpxtpx:Extensions>
          </gpxtpx:TrackPointExtension>
        </extensions>
      </trkpt>
      <trkpt lat="48.906923" lon="-0.707942">
        <ele>205.5</ele>
        <extensions>
          <gpxtpx:TrackPointExtension>
            <gpxtpx:Extensions>
              <reversedirection>yes</reversedirection>
              <highway>unclassified</highway>
            </gpxtpx:Extensions>
          </gpxtpx:TrackPointExtension>
        </extensions>
      </trkpt>
      <trkpt lat="48.906845" lon="-0.708">
        <ele>205</ele>
        <extensions>
          <gpxtpx:TrackPointExtension>
            <gpxtpx:Extensions>
              <reversedirection>yes</reversedirection>
              <highway>unclassified</highway>
            </gpxtpx:Extensions>
          </gpxtpx:TrackPointExtension>
        </extensions>
      </trkpt>
      <trkpt lat="48.906783" lon="-0.708007">
        <ele>205</ele>
        <extensions>
          <gpxtpx:TrackPointExtension>
            <gpxtpx:Extensions>
              <reversedirection>yes</reversedirection>
              <highway>unclassified</highway>
            </gpxtpx:Extensions>
          </gpxtpx:TrackPointExtension>
        </extensions>
      </trkpt>
      <trkpt lat="48.906467" lon="-0.707872">
        <ele>204.25</ele>
        <extensions>
          <gpxtpx:TrackPointExtension>
            <gpxtpx:Extensions>
              <reversedirection>yes</reversedirection>
              <highway>unclassified</highway>
            </gpxtpx:Extensions>
          </gpxtpx:TrackPointExtension>
        </extensions>
      </trkpt>
      <trkpt lat="48.90633" lon="-0.707846">
        <ele>203.75</ele>
        <extensions>
          <gpxtpx:TrackPointExtension>
            <gpxtpx:Extensions>
              <reversedirection>yes</reversedirection>
              <highway>unclassified</highway>
            </gpxtpx:Extensions>
          </gpxtpx:TrackPointExtension>
        </extensions>
      </trkpt>
      <trkpt lat="48.905963" lon="-0.707816">
        <ele>202.5</ele>
        <extensions>
          <gpxtpx:TrackPointExtension>
            <gpxtpx:Extensions>
              <reversedirection>yes</reversedirection>
              <highway>unclassified</highway>
            </gpxtpx:Extensions>
          </gpxtpx:TrackPointExtension>
        </extensions>
      </trkpt>
      <trkpt lat="48.905883" lon="-0.707819">
        <ele>202</ele>
        <extensions>
          <gpxtpx:TrackPointExtension>
            <gpxtpx:Extensions>
              <reversedirection>yes</reversedirection>
              <highway>unclassified</highway>
            </gpxtpx:Extensions>
          </gpxtpx:TrackPointExtension>
        </extensions>
      </trkpt>
      <trkpt lat="48.905841" lon="-0.707842">
        <ele>202</ele>
        <extensions>
          <gpxtpx:TrackPointExtension>
            <gpxtpx:Extensions>
              <reversedirection>yes</reversedirection>
              <highway>unclassified</highway>
            </gpxtpx:Extensions>
          </gpxtpx:TrackPointExtension>
        </extensions>
      </trkpt>
      <trkpt lat="48.90581" lon="-0.707888">
        <ele>201.75</ele>
        <extensions>
          <gpxtpx:TrackPointExtension>
            <gpxtpx:Extensions>
              <reversedirection>yes</reversedirection>
              <highway>unclassified</highway>
            </gpxtpx:Extensions>
          </gpxtpx:TrackPointExtension>
        </extensions>
      </trkpt>
      <trkpt lat="48.905727" lon="-0.708051">
        <ele>201.5</ele>
        <extensions>
          <gpxtpx:TrackPointExtension>
            <gpxtpx:Extensions>
              <reversedirection>yes</reversedirection>
              <highway>unclassified</highway>
            </gpxtpx:Extensions>
          </gpxtpx:TrackPointExtension>
        </extensions>
      </trkpt>
      <trkpt lat="48.905654" lon="-0.708235">
        <ele>201.25</ele>
        <extensions>
          <gpxtpx:TrackPointExtension>
            <gpxtpx:Extensions>
              <reversedirection>yes</reversedirection>
              <highway>unclassified</highway>
            </gpxtpx:Extensions>
          </gpxtpx:TrackPointExtension>
        </extensions>
      </trkpt>
      <trkpt lat="48.904869" lon="-0.710176">
        <ele>200.25</ele>
        <extensions>
          <gpxtpx:TrackPointExtension>
            <gpxtpx:Extensions>
              <reversedirection>yes</reversedirection>
              <highway>unclassified</highway>
            </gpxtpx:Extensions>
          </gpxtpx:TrackPointExtension>
        </extensions>
      </trkpt>
      <trkpt lat="48.904676" lon="-0.710843">
        <ele>201.75</ele>
        <extensions>
          <gpxtpx:TrackPointExtension>
            <gpxtpx:Extensions>
              <reversedirection>yes</reversedirection>
              <highway>unclassified</highway>
            </gpxtpx:Extensions>
          </gpxtpx:TrackPointExtension>
        </extensions>
      </trkpt>
      <trkpt lat="48.904584" lon="-0.711231">
        <ele>201.75</ele>
        <extensions>
          <gpxtpx:TrackPointExtension>
            <gpxtpx:Extensions>
              <reversedirection>yes</reversedirection>
              <highway>unclassified</highway>
            </gpxtpx:Extensions>
          </gpxtpx:TrackPointExtension>
        </extensions>
      </trkpt>
      <trkpt lat="48.904535" lon="-0.711485">
        <ele>202</ele>
        <extensions>
          <gpxtpx:TrackPointExtension>
            <gpxtpx:Extensions>
              <reversedirection>yes</reversedirection>
              <highway>unclassified</highway>
            </gpxtpx:Extensions>
          </gpxtpx:TrackPointExtension>
        </extensions>
      </trkpt>
      <trkpt lat="48.904471" lon="-0.711748">
        <ele>202.25</ele>
        <extensions>
          <gpxtpx:TrackPointExtension>
            <gpxtpx:Extensions>
              <reversedirection>yes</reversedirection>
              <highway>unclassified</highway>
            </gpxtpx:Extensions>
          </gpxtpx:TrackPointExtension>
        </extensions>
      </trkpt>
      <trkpt lat="48.904204" lon="-0.71245">
        <ele>203.75</ele>
        <extensions>
          <gpxtpx:TrackPointExtension>
            <gpxtpx:Extensions>
              <reversedirection>yes</reversedirection>
              <highway>unclassified</highway>
            </gpxtpx:Extensions>
          </gpxtpx:TrackPointExtension>
        </extensions>
      </trkpt>
      <trkpt lat="48.903986" lon="-0.712901">
        <ele>204</ele>
        <extensions>
          <gpxtpx:TrackPointExtension>
            <gpxtpx:Extensions>
              <reversedirection>yes</reversedirection>
              <highway>unclassified</highway>
            </gpxtpx:Extensions>
          </gpxtpx:TrackPointExtension>
        </extensions>
      </trkpt>
      <trkpt lat="48.903808" lon="-0.713217">
        <ele>204.25</ele>
        <extensions>
          <gpxtpx:TrackPointExtension>
            <gpxtpx:Extensions>
              <reversedirection>yes</reversedirection>
              <highway>unclassified</highway>
            </gpxtpx:Extensions>
          </gpxtpx:TrackPointExtension>
        </extensions>
      </trkpt>
      <trkpt lat="48.903535" lon="-0.713702">
        <ele>205</ele>
        <extensions>
          <gpxtpx:TrackPointExtension>
            <gpxtpx:Extensions>
              <reversedirection>yes</reversedirection>
              <highway>unclassified</highway>
            </gpxtpx:Extensions>
          </gpxtpx:TrackPointExtension>
        </extensions>
      </trkpt>
      <trkpt lat="48.903209" lon="-0.714349">
        <ele>206.25</ele>
        <extensions>
          <gpxtpx:TrackPointExtension>
            <gpxtpx:Extensions>
              <reversedirection>yes</reversedirection>
              <highway>unclassified</highway>
            </gpxtpx:Extensions>
          </gpxtpx:TrackPointExtension>
        </extensions>
      </trkpt>
      <trkpt lat="48.903057" lon="-0.714651">
        <ele>206.5</ele>
        <extensions>
          <gpxtpx:TrackPointExtension>
            <gpxtpx:Extensions>
              <reversedirection>yes</reversedirection>
              <highway>unclassified</highway>
            </gpxtpx:Extensions>
          </gpxtpx:TrackPointExtension>
        </extensions>
      </trkpt>
      <trkpt lat="48.902647" lon="-0.715569">
        <ele>206</ele>
        <extensions>
          <gpxtpx:TrackPointExtension>
            <gpxtpx:Extensions>
              <reversedirection>yes</reversedirection>
              <highway>unclassified</highway>
            </gpxtpx:Extensions>
          </gpxtpx:TrackPointExtension>
        </extensions>
      </trkpt>
      <trkpt lat="48.902494" lon="-0.715959">
        <ele>206</ele>
        <extensions>
          <gpxtpx:TrackPointExtension>
            <gpxtpx:Extensions>
              <reversedirection>yes</reversedirection>
              <highway>unclassified</highway>
            </gpxtpx:Extensions>
          </gpxtpx:TrackPointExtension>
        </extensions>
      </trkpt>
      <trkpt lat="48.90234" lon="-0.716425">
        <ele>205.5</ele>
        <extensions>
          <gpxtpx:TrackPointExtension>
            <gpxtpx:Extensions>
              <reversedirection>yes</reversedirection>
              <highway>unclassified</highway>
            </gpxtpx:Extensions>
          </gpxtpx:TrackPointExtension>
        </extensions>
      </trkpt>
      <trkpt lat="48.90207" lon="-0.717303">
        <ele>205.5</ele>
        <extensions>
          <gpxtpx:TrackPointExtension>
            <gpxtpx:Extensions>
              <reversedirection>yes</reversedirection>
              <highway>unclassified</highway>
            </gpxtpx:Extensions>
          </gpxtpx:TrackPointExtension>
        </extensions>
      </trkpt>
      <trkpt lat="48.901956" lon="-0.71766">
        <ele>205.5</ele>
        <extensions>
          <gpxtpx:TrackPointExtension>
            <gpxtpx:Extensions>
              <reversedirection>yes</reversedirection>
              <highway>unclassified</highway>
            </gpxtpx:Extensions>
          </gpxtpx:TrackPointExtension>
        </extensions>
      </trkpt>
      <trkpt lat="48.901623" lon="-0.718722">
        <ele>204.75</ele>
        <extensions>
          <gpxtpx:TrackPointExtension>
            <gpxtpx:Extensions>
              <reversedirection>yes</reversedirection>
              <highway>unclassified</highway>
            </gpxtpx:Extensions>
          </gpxtpx:TrackPointExtension>
        </extensions>
      </trkpt>
      <trkpt lat="48.901544" lon="-0.718974">
        <ele>204.75</ele>
        <extensions>
          <gpxtpx:TrackPointExtension>
            <gpxtpx:Extensions>
              <reversedirection>yes</reversedirection>
              <highway>unclassified</highway>
            </gpxtpx:Extensions>
          </gpxtpx:TrackPointExtension>
        </extensions>
      </trkpt>
      <trkpt lat="48.901452" lon="-0.71938">
        <ele>204.75</ele>
        <extensions>
          <gpxtpx:TrackPointExtension>
            <gpxtpx:Extensions>
              <reversedirection>yes</reversedirection>
              <highway>unclassified</highway>
            </gpxtpx:Extensions>
          </gpxtpx:TrackPointExtension>
        </extensions>
      </trkpt>
      <trkpt lat="48.901392" lon="-0.719645">
        <ele>204.75</ele>
        <extensions>
          <gpxtpx:TrackPointExtension>
            <gpxtpx:Extensions>
              <reversedirection>yes</reversedirection>
              <highway>unclassified</highway>
            </gpxtpx:Extensions>
          </gpxtpx:TrackPointExtension>
        </extensions>
      </trkpt>
      <trkpt lat="48.90082" lon="-0.722161">
        <ele>204</ele>
        <extensions>
          <gpxtpx:TrackPointExtension>
            <gpxtpx:Extensions>
              <reversedirection>yes</reversedirection>
              <highway>unclassified</highway>
            </gpxtpx:Extensions>
          </gpxtpx:TrackPointExtension>
        </extensions>
      </trkpt>
      <trkpt lat="48.900702" lon="-0.722569">
        <ele>204</ele>
        <extensions>
          <gpxtpx:TrackPointExtension>
            <gpxtpx:Extensions>
              <reversedirection>yes</reversedirection>
              <highway>unclassified</highway>
            </gpxtpx:Extensions>
          </gpxtpx:TrackPointExtension>
        </extensions>
      </trkpt>
      <trkpt lat="48.900367" lon="-0.723665">
        <ele>203.5</ele>
        <extensions>
          <gpxtpx:TrackPointExtension>
            <gpxtpx:Extensions>
              <reversedirection>yes</reversedirection>
              <highway>unclassified</highway>
            </gpxtpx:Extensions>
          </gpxtpx:TrackPointExtension>
        </extensions>
      </trkpt>
      <trkpt lat="48.900224" lon="-0.724084">
        <ele>203.5</ele>
        <extensions>
          <gpxtpx:TrackPointExtension>
            <gpxtpx:Extensions>
              <reversedirection>yes</reversedirection>
              <highway>unclassified</highway>
            </gpxtpx:Extensions>
          </gpxtpx:TrackPointExtension>
        </extensions>
      </trkpt>
      <trkpt lat="48.900121" lon="-0.724266">
        <ele>203.25</ele>
        <extensions>
          <gpxtpx:TrackPointExtension>
            <gpxtpx:Extensions>
              <reversedirection>yes</reversedirection>
              <highway>unclassified</highway>
            </gpxtpx:Extensions>
          </gpxtpx:TrackPointExtension>
        </extensions>
      </trkpt>
      <trkpt lat="48.900057" lon="-0.724321">
        <ele>203</ele>
        <extensions>
          <gpxtpx:TrackPointExtension>
            <gpxtpx:Extensions>
              <reversedirection>yes</reversedirection>
              <highway>unclassified</highway>
            </gpxtpx:Extensions>
          </gpxtpx:TrackPointExtension>
        </extensions>
      </trkpt>
      <trkpt lat="48.900006" lon="-0.724335">
        <ele>202.75</ele>
        <extensions>
          <gpxtpx:TrackPointExtension>
            <gpxtpx:Extensions>
              <reversedirection>yes</reversedirection>
              <highway>unclassified</highway>
            </gpxtpx:Extensions>
          </gpxtpx:TrackPointExtension>
        </extensions>
      </trkpt>
      <trkpt lat="48.899963" lon="-0.724347">
        <ele>202.5</ele>
        <extensions>
          <gpxtpx:TrackPointExtension>
            <gpxtpx:Extensions>
              <reversedirection>yes</reversedirection>
              <highway>unclassified</highway>
            </gpxtpx:Extensions>
          </gpxtpx:TrackPointExtension>
        </extensions>
      </trkpt>
      <trkpt lat="48.899821" lon="-0.724287">
        <ele>201.25</ele>
        <extensions>
          <gpxtpx:TrackPointExtension>
            <gpxtpx:Extensions>
              <reversedirection>yes</reversedirection>
              <highway>unclassified</highway>
            </gpxtpx:Extensions>
          </gpxtpx:TrackPointExtension>
        </extensions>
      </trkpt>
      <trkpt lat="48.899646" lon="-0.724128">
        <ele>199.75</ele>
        <extensions>
          <gpxtpx:TrackPointExtension>
            <gpxtpx:Extensions>
              <reversedirection>yes</reversedirection>
              <highway>unclassified</highway>
            </gpxtpx:Extensions>
          </gpxtpx:TrackPointExtension>
        </extensions>
      </trkpt>
      <trkpt lat="48.899484" lon="-0.723947">
        <ele>198.5</ele>
        <extensions>
          <gpxtpx:TrackPointExtension>
            <gpxtpx:Extensions>
              <reversedirection>yes</reversedirection>
              <highway>unclassified</highway>
            </gpxtpx:Extensions>
          </gpxtpx:TrackPointExtension>
        </extensions>
      </trkpt>
      <trkpt lat="48.899058" lon="-0.723494">
        <ele>196</ele>
        <extensions>
          <gpxtpx:TrackPointExtension>
            <gpxtpx:Extensions>
              <reversedirection>yes</reversedirection>
              <highway>unclassified</highway>
            </gpxtpx:Extensions>
          </gpxtpx:TrackPointExtension>
        </extensions>
      </trkpt>
      <trkpt lat="48.898987" lon="-0.723463">
        <ele>196.25</ele>
        <extensions>
          <gpxtpx:TrackPointExtension>
            <gpxtpx:Extensions>
              <reversedirection>yes</reversedirection>
              <highway>unclassified</highway>
            </gpxtpx:Extensions>
          </gpxtpx:TrackPointExtension>
        </extensions>
      </trkpt>
      <trkpt lat="48.898914" lon="-0.723453">
        <ele>196.25</ele>
        <extensions>
          <gpxtpx:TrackPointExtension>
            <gpxtpx:Extensions>
              <reversedirection>yes</reversedirection>
              <highway>unclassified</highway>
            </gpxtpx:Extensions>
          </gpxtpx:TrackPointExtension>
        </extensions>
      </trkpt>
      <trkpt lat="48.898819" lon="-0.723498">
        <ele>196.25</ele>
        <extensions>
          <gpxtpx:TrackPointExtension>
            <gpxtpx:Extensions>
              <reversedirection>yes</reversedirection>
              <highway>unclassified</highway>
            </gpxtpx:Extensions>
          </gpxtpx:TrackPointExtension>
        </extensions>
      </trkpt>
      <trkpt lat="48.898389" lon="-0.723906">
        <ele>195.5</ele>
        <extensions>
          <gpxtpx:TrackPointExtension>
            <gpxtpx:Extensions>
              <reversedirection>yes</reversedirection>
              <highway>unclassified</highway>
            </gpxtpx:Extensions>
          </gpxtpx:TrackPointExtension>
        </extensions>
      </trkpt>
      <trkpt lat="48.897881" lon="-0.724398">
        <ele>194</ele>
        <extensions>
          <gpxtpx:TrackPointExtension>
            <gpxtpx:Extensions>
              <reversedirection>yes</reversedirection>
              <highway>unclassified</highway>
            </gpxtpx:Extensions>
          </gpxtpx:TrackPointExtension>
        </extensions>
      </trkpt>
      <trkpt lat="48.897766" lon="-0.724494">
        <ele>193.75</ele>
        <extensions>
          <gpxtpx:TrackPointExtension>
            <gpxtpx:Extensions>
              <reversedirection>yes</reversedirection>
              <highway>unclassified</highway>
            </gpxtpx:Extensions>
          </gpxtpx:TrackPointExtension>
        </extensions>
      </trkpt>
      <trkpt lat="48.897473" lon="-0.724662">
        <ele>192.75</ele>
        <extensions>
          <gpxtpx:TrackPointExtension>
            <gpxtpx:Extensions>
              <reversedirection>yes</reversedirection>
              <highway>unclassified</highway>
            </gpxtpx:Extensions>
          </gpxtpx:TrackPointExtension>
        </extensions>
      </trkpt>
      <trkpt lat="48.896448" lon="-0.725077">
        <ele>189.25</ele>
        <extensions>
          <gpxtpx:TrackPointExtension>
            <gpxtpx:Extensions>
              <reversedirection>yes</reversedirection>
              <highway>unclassified</highway>
            </gpxtpx:Extensions>
          </gpxtpx:TrackPointExtension>
        </extensions>
      </trkpt>
      <trkpt lat="48.895964" lon="-0.725273">
        <ele>187.75</ele>
        <extensions>
          <gpxtpx:TrackPointExtension>
            <gpxtpx:Extensions>
              <reversedirection>yes</reversedirection>
              <highway>unclassified</highway>
            </gpxtpx:Extensions>
          </gpxtpx:TrackPointExtension>
        </extensions>
      </trkpt>
      <trkpt lat="48.895825" lon="-0.725329">
        <ele>187.5</ele>
        <extensions>
          <gpxtpx:TrackPointExtension>
            <gpxtpx:Extensions>
              <reversedirection>yes</reversedirection>
              <highway>unclassified</highway>
            </gpxtpx:Extensions>
          </gpxtpx:TrackPointExtension>
        </extensions>
      </trkpt>
      <trkpt lat="48.895217" lon="-0.725645">
        <ele>184.75</ele>
        <extensions>
          <gpxtpx:TrackPointExtension>
            <gpxtpx:Extensions>
              <reversedirection>yes</reversedirection>
              <highway>unclassified</highway>
            </gpxtpx:Extensions>
          </gpxtpx:TrackPointExtension>
        </extensions>
      </trkpt>
      <trkpt lat="48.895064" lon="-0.725791">
        <ele>183.25</ele>
        <extensions>
          <gpxtpx:TrackPointExtension>
            <gpxtpx:Extensions>
              <reversedirection>yes</reversedirection>
              <highway>unclassified</highway>
            </gpxtpx:Extensions>
          </gpxtpx:TrackPointExtension>
        </extensions>
      </trkpt>
      <trkpt lat="48.893972" lon="-0.727176">
        <ele>178.5</ele>
        <extensions>
          <gpxtpx:TrackPointExtension>
            <gpxtpx:Extensions>
              <reversedirection>yes</reversedirection>
              <highway>unclassified</highway>
            </gpxtpx:Extensions>
          </gpxtpx:TrackPointExtension>
        </extensions>
      </trkpt>
      <trkpt lat="48.893005" lon="-0.728351">
        <ele>175.5</ele>
        <extensions>
          <gpxtpx:TrackPointExtension>
            <gpxtpx:Extensions>
              <reversedirection>yes</reversedirection>
              <highway>unclassified</highway>
            </gpxtpx:Extensions>
          </gpxtpx:TrackPointExtension>
        </extensions>
      </trkpt>
      <trkpt lat="48.892855" lon="-0.728505">
        <ele>175.5</ele>
        <extensions>
          <gpxtpx:TrackPointExtension>
            <gpxtpx:Extensions>
              <reversedirection>yes</reversedirection>
              <highway>unclassified</highway>
            </gpxtpx:Extensions>
          </gpxtpx:TrackPointExtension>
        </extensions>
      </trkpt>
      <trkpt lat="48.892351" lon="-0.728853">
        <ele>176.75</ele>
        <extensions>
          <gpxtpx:TrackPointExtension>
            <gpxtpx:Extensions>
              <reversedirection>yes</reversedirection>
              <highway>unclassified</highway>
            </gpxtpx:Extensions>
          </gpxtpx:TrackPointExtension>
        </extensions>
      </trkpt>
      <trkpt lat="48.892125" lon="-0.729057">
        <ele>178</ele>
        <extensions>
          <gpxtpx:TrackPointExtension>
            <gpxtpx:Extensions>
              <reversedirection>yes</reversedirection>
              <highway>unclassified</highway>
            </gpxtpx:Extensions>
          </gpxtpx:TrackPointExtension>
        </extensions>
      </trkpt>
      <trkpt lat="48.8912" lon="-0.730099">
        <ele>181</ele>
        <extensions>
          <gpxtpx:TrackPointExtension>
            <gpxtpx:Extensions>
              <reversedirection>yes</reversedirection>
              <highway>secondary</highway>
              <surface>asphalt</surface>
            </gpxtpx:Extensions>
          </gpxtpx:TrackPointExtension>
        </extensions>
      </trkpt>
      <trkpt lat="48.891423" lon="-0.73047">
        <ele>181.75</ele>
        <extensions>
          <gpxtpx:TrackPointExtension>
            <gpxtpx:Extensions>
              <reversedirection>yes</reversedirection>
              <highway>secondary</highway>
              <surface>asphalt</surface>
            </gpxtpx:Extensions>
          </gpxtpx:TrackPointExtension>
        </extensions>
      </trkpt>
      <trkpt lat="48.891821" lon="-0.731031">
        <ele>182.75</ele>
        <extensions>
          <gpxtpx:TrackPointExtension>
            <gpxtpx:Extensions>
              <reversedirection>yes</reversedirection>
              <highway>secondary</highway>
              <surface>asphalt</surface>
            </gpxtpx:Extensions>
          </gpxtpx:TrackPointExtension>
        </extensions>
      </trkpt>
      <trkpt lat="48.892651" lon="-0.732168">
        <ele>184.75</ele>
        <extensions>
          <gpxtpx:TrackPointExtension>
            <gpxtpx:Extensions>
              <reversedirection>yes</reversedirection>
              <highway>secondary</highway>
              <surface>asphalt</surface>
            </gpxtpx:Extensions>
          </gpxtpx:TrackPointExtension>
        </extensions>
      </trkpt>
      <trkpt lat="48.893152" lon="-0.732805">
        <ele>187.5</ele>
        <extensions>
          <gpxtpx:TrackPointExtension>
            <gpxtpx:Extensions>
              <reversedirection>yes</reversedirection>
              <highway>secondary</highway>
              <surface>asphalt</surface>
            </gpxtpx:Extensions>
          </gpxtpx:TrackPointExtension>
        </extensions>
      </trkpt>
      <trkpt lat="48.893272" lon="-0.73291">
        <ele>188.25</ele>
        <extensions>
          <gpxtpx:TrackPointExtension>
            <gpxtpx:Extensions>
              <highway>secondary</highway>
              <oneway>no</oneway>
            </gpxtpx:Extensions>
          </gpxtpx:TrackPointExtension>
        </extensions>
      </trkpt>
      <trkpt lat="48.893242" lon="-0.732951">
        <ele>188.25</ele>
        <extensions>
          <gpxtpx:TrackPointExtension>
            <gpxtpx:Extensions>
              <highway>secondary</highway>
              <oneway>no</oneway>
            </gpxtpx:Extensions>
          </gpxtpx:TrackPointExtension>
        </extensions>
      </trkpt>
      <trkpt lat="48.893193" lon="-0.733016">
        <ele>188.5</ele>
        <extensions>
          <gpxtpx:TrackPointExtension>
            <gpxtpx:Extensions>
              <highway>secondary</highway>
              <oneway>no</oneway>
            </gpxtpx:Extensions>
          </gpxtpx:TrackPointExtension>
        </extensions>
      </trkpt>
      <trkpt lat="48.892283" lon="-0.733688">
        <ele>188.25</ele>
        <extensions>
          <gpxtpx:TrackPointExtension>
            <gpxtpx:Extensions>
              <highway>secondary</highway>
              <oneway>no</oneway>
            </gpxtpx:Extensions>
          </gpxtpx:TrackPointExtension>
        </extensions>
      </trkpt>
      <trkpt lat="48.891945" lon="-0.733911">
        <ele>188.25</ele>
        <extensions>
          <gpxtpx:TrackPointExtension>
            <gpxtpx:Extensions>
              <highway>secondary</highway>
              <oneway>no</oneway>
            </gpxtpx:Extensions>
          </gpxtpx:TrackPointExtension>
        </extensions>
      </trkpt>
      <trkpt lat="48.889712" lon="-0.73502">
        <ele>185.25</ele>
        <extensions>
          <gpxtpx:TrackPointExtension>
            <gpxtpx:Extensions>
              <highway>secondary</highway>
              <oneway>no</oneway>
            </gpxtpx:Extensions>
          </gpxtpx:TrackPointExtension>
        </extensions>
      </trkpt>
      <trkpt lat="48.88918" lon="-0.735276">
        <ele>182.25</ele>
        <extensions>
          <gpxtpx:TrackPointExtension>
            <gpxtpx:Extensions>
              <highway>secondary</highway>
              <oneway>no</oneway>
            </gpxtpx:Extensions>
          </gpxtpx:TrackPointExtension>
        </extensions>
      </trkpt>
      <trkpt lat="48.888445" lon="-0.735631">
        <ele>177.75</ele>
        <extensions>
          <gpxtpx:TrackPointExtension>
            <gpxtpx:Extensions>
              <highway>secondary</highway>
              <oneway>no</oneway>
            </gpxtpx:Extensions>
          </gpxtpx:TrackPointExtension>
        </extensions>
      </trkpt>
      <trkpt lat="48.887443" lon="-0.736321">
        <ele>171.5</ele>
        <extensions>
          <gpxtpx:TrackPointExtension>
            <gpxtpx:Extensions>
              <highway>secondary</highway>
              <oneway>no</oneway>
            </gpxtpx:Extensions>
          </gpxtpx:TrackPointExtension>
        </extensions>
      </trkpt>
      <trkpt lat="48.886804" lon="-0.736731">
        <ele>166.25</ele>
        <extensions>
          <gpxtpx:TrackPointExtension>
            <gpxtpx:Extensions>
              <highway>secondary</highway>
              <oneway>no</oneway>
            </gpxtpx:Extensions>
          </gpxtpx:TrackPointExtension>
        </extensions>
      </trkpt>
      <trkpt lat="48.886493" lon="-0.736879">
        <ele>164.25</ele>
        <extensions>
          <gpxtpx:TrackPointExtension>
            <gpxtpx:Extensions>
              <highway>secondary</highway>
              <oneway>no</oneway>
            </gpxtpx:Extensions>
          </gpxtpx:TrackPointExtension>
        </extensions>
      </trkpt>
      <trkpt lat="48.886162" lon="-0.736936">
        <ele>161.5</ele>
        <extensions>
          <gpxtpx:TrackPointExtension>
            <gpxtpx:Extensions>
              <highway>secondary</highway>
              <oneway>no</oneway>
            </gpxtpx:Extensions>
          </gpxtpx:TrackPointExtension>
        </extensions>
      </trkpt>
      <trkpt lat="48.886032" lon="-0.736946">
        <ele>160.25</ele>
        <extensions>
          <gpxtpx:TrackPointExtension>
            <gpxtpx:Extensions>
              <highway>secondary</highway>
              <oneway>no</oneway>
            </gpxtpx:Extensions>
          </gpxtpx:TrackPointExtension>
        </extensions>
      </trkpt>
      <trkpt lat="48.88567" lon="-0.736913">
        <ele>157.5</ele>
        <extensions>
          <gpxtpx:TrackPointExtension>
            <gpxtpx:Extensions>
              <highway>secondary</highway>
              <oneway>no</oneway>
            </gpxtpx:Extensions>
          </gpxtpx:TrackPointExtension>
        </extensions>
      </trkpt>
      <trkpt lat="48.885242" lon="-0.736731">
        <ele>155</ele>
        <extensions>
          <gpxtpx:TrackPointExtension>
            <gpxtpx:Extensions>
              <highway>secondary</highway>
              <oneway>no</oneway>
            </gpxtpx:Extensions>
          </gpxtpx:TrackPointExtension>
        </extensions>
      </trkpt>
      <trkpt lat="48.885004" lon="-0.736613">
        <ele>154</ele>
        <extensions>
          <gpxtpx:TrackPointExtension>
            <gpxtpx:Extensions>
              <highway>secondary</highway>
              <oneway>no</oneway>
            </gpxtpx:Extensions>
          </gpxtpx:TrackPointExtension>
        </extensions>
      </trkpt>
      <trkpt lat="48.884935" lon="-0.736578">
        <ele>154.25</ele>
        <extensions>
          <gpxtpx:TrackPointExtension>
            <gpxtpx:Extensions>
              <highway>secondary</highway>
              <oneway>no</oneway>
            </gpxtpx:Extensions>
          </gpxtpx:TrackPointExtension>
        </extensions>
      </trkpt>
      <trkpt lat="48.88414" lon="-0.736198">
        <ele>158.75</ele>
        <extensions>
          <gpxtpx:TrackPointExtension>
            <gpxtpx:Extensions>
              <highway>secondary</highway>
              <oneway>no</oneway>
            </gpxtpx:Extensions>
          </gpxtpx:TrackPointExtension>
        </extensions>
      </trkpt>
      <trkpt lat="48.883977" lon="-0.736119">
        <ele>160</ele>
        <extensions>
          <gpxtpx:TrackPointExtension>
            <gpxtpx:Extensions>
              <highway>secondary</highway>
              <oneway>no</oneway>
            </gpxtpx:Extensions>
          </gpxtpx:TrackPointExtension>
        </extensions>
      </trkpt>
      <trkpt lat="48.88352" lon="-0.735896">
        <ele>164.25</ele>
        <extensions>
          <gpxtpx:TrackPointExtension>
            <gpxtpx:Extensions>
              <reversedirection>yes</reversedirection>
              <highway>unclassified</highway>
            </gpxtpx:Extensions>
          </gpxtpx:TrackPointExtension>
        </extensions>
      </trkpt>
      <trkpt lat="48.883483" lon="-0.736113">
        <ele>164</ele>
        <extensions>
          <gpxtpx:TrackPointExtension>
            <gpxtpx:Extensions>
              <reversedirection>yes</reversedirection>
              <highway>unclassified</highway>
            </gpxtpx:Extensions>
          </gpxtpx:TrackPointExtension>
        </extensions>
      </trkpt>
      <trkpt lat="48.883207" lon="-0.737054">
        <ele>164.5</ele>
        <extensions>
          <gpxtpx:TrackPointExtension>
            <gpxtpx:Extensions>
              <reversedirection>yes</reversedirection>
              <highway>unclassified</highway>
            </gpxtpx:Extensions>
          </gpxtpx:TrackPointExtension>
        </extensions>
      </trkpt>
      <trkpt lat="48.883027" lon="-0.737532">
        <ele>165</ele>
        <extensions>
          <gpxtpx:TrackPointExtension>
            <gpxtpx:Extensions>
              <reversedirection>yes</reversedirection>
              <highway>unclassified</highway>
            </gpxtpx:Extensions>
          </gpxtpx:TrackPointExtension>
        </extensions>
      </trkpt>
      <trkpt lat="48.882907" lon="-0.737875">
        <ele>164.5</ele>
        <extensions>
          <gpxtpx:TrackPointExtension>
            <gpxtpx:Extensions>
              <reversedirection>yes</reversedirection>
              <highway>unclassified</highway>
            </gpxtpx:Extensions>
          </gpxtpx:TrackPointExtension>
        </extensions>
      </trkpt>
      <trkpt lat="48.882881" lon="-0.737962">
        <ele>164.5</ele>
        <extensions>
          <gpxtpx:TrackPointExtension>
            <gpxtpx:Extensions>
              <reversedirection>yes</reversedirection>
              <highway>unclassified</highway>
            </gpxtpx:Extensions>
          </gpxtpx:TrackPointExtension>
        </extensions>
      </trkpt>
      <trkpt lat="48.882758" lon="-0.738376">
        <ele>163.75</ele>
        <extensions>
          <gpxtpx:TrackPointExtension>
            <gpxtpx:Extensions>
              <reversedirection>yes</reversedirection>
              <highway>unclassified</highway>
            </gpxtpx:Extensions>
          </gpxtpx:TrackPointExtension>
        </extensions>
      </trkpt>
      <trkpt lat="48.88261" lon="-0.738742">
        <ele>163.5</ele>
        <extensions>
          <gpxtpx:TrackPointExtension>
            <gpxtpx:Extensions>
              <reversedirection>yes</reversedirection>
              <highway>unclassified</highway>
            </gpxtpx:Extensions>
          </gpxtpx:TrackPointExtension>
        </extensions>
      </trkpt>
      <trkpt lat="48.882458" lon="-0.739083">
        <ele>163.75</ele>
        <extensions>
          <gpxtpx:TrackPointExtension>
            <gpxtpx:Extensions>
              <reversedirection>yes</reversedirection>
              <highway>unclassified</highway>
            </gpxtpx:Extensions>
          </gpxtpx:TrackPointExtension>
        </extensions>
      </trkpt>
      <trkpt lat="48.882248" lon="-0.739549">
        <ele>164.75</ele>
        <extensions>
          <gpxtpx:TrackPointExtension>
            <gpxtpx:Extensions>
              <reversedirection>yes</reversedirection>
              <highway>unclassified</highway>
            </gpxtpx:Extensions>
          </gpxtpx:TrackPointExtension>
        </extensions>
      </trkpt>
      <trkpt lat="48.88202" lon="-0.740095">
        <ele>166.25</ele>
        <extensions>
          <gpxtpx:TrackPointExtension>
            <gpxtpx:Extensions>
              <reversedirection>yes</reversedirection>
              <highway>unclassified</highway>
            </gpxtpx:Extensions>
          </gpxtpx:TrackPointExtension>
        </extensions>
      </trkpt>
      <trkpt lat="48.881744" lon="-0.740947">
        <ele>165</ele>
        <extensions>
          <gpxtpx:TrackPointExtension>
            <gpxtpx:Extensions>
              <reversedirection>yes</reversedirection>
              <highway>unclassified</highway>
            </gpxtpx:Extensions>
          </gpxtpx:TrackPointExtension>
        </extensions>
      </trkpt>
      <trkpt lat="48.881421" lon="-0.741896">
        <ele>165.5</ele>
        <extensions>
          <gpxtpx:TrackPointExtension>
            <gpxtpx:Extensions>
              <reversedirection>yes</reversedirection>
              <highway>unclassified</highway>
            </gpxtpx:Extensions>
          </gpxtpx:TrackPointExtension>
        </extensions>
      </trkpt>
      <trkpt lat="48.88125" lon="-0.742417">
        <ele>167</ele>
        <extensions>
          <gpxtpx:TrackPointExtension>
            <gpxtpx:Extensions>
              <reversedirection>yes</reversedirection>
              <highway>unclassified</highway>
            </gpxtpx:Extensions>
          </gpxtpx:TrackPointExtension>
        </extensions>
      </trkpt>
      <trkpt lat="48.881159" lon="-0.742757">
        <ele>168</ele>
        <extensions>
          <gpxtpx:TrackPointExtension>
            <gpxtpx:Extensions>
              <reversedirection>yes</reversedirection>
              <highway>unclassified</highway>
            </gpxtpx:Extensions>
          </gpxtpx:TrackPointExtension>
        </extensions>
      </trkpt>
      <trkpt lat="48.881123" lon="-0.743035">
        <ele>168.25</ele>
        <extensions>
          <gpxtpx:TrackPointExtension>
            <gpxtpx:Extensions>
              <reversedirection>yes</reversedirection>
              <highway>unclassified</highway>
            </gpxtpx:Extensions>
          </gpxtpx:TrackPointExtension>
        </extensions>
      </trkpt>
      <trkpt lat="48.8811" lon="-0.743425">
        <ele>168.25</ele>
        <extensions>
          <gpxtpx:TrackPointExtension>
            <gpxtpx:Extensions>
              <reversedirection>yes</reversedirection>
              <highway>unclassified</highway>
            </gpxtpx:Extensions>
          </gpxtpx:TrackPointExtension>
        </extensions>
      </trkpt>
      <trkpt lat="48.881095" lon="-0.743763">
        <ele>167.75</ele>
        <extensions>
          <gpxtpx:TrackPointExtension>
            <gpxtpx:Extensions>
              <reversedirection>yes</reversedirection>
              <highway>unclassified</highway>
            </gpxtpx:Extensions>
          </gpxtpx:TrackPointExtension>
        </extensions>
      </trkpt>
      <trkpt lat="48.881086" lon="-0.743952">
        <ele>167.5</ele>
        <extensions>
          <gpxtpx:TrackPointExtension>
            <gpxtpx:Extensions>
              <reversedirection>yes</reversedirection>
              <highway>unclassified</highway>
            </gpxtpx:Extensions>
          </gpxtpx:TrackPointExtension>
        </extensions>
      </trkpt>
      <trkpt lat="48.881045" lon="-0.744219">
        <ele>167.5</ele>
        <extensions>
          <gpxtpx:TrackPointExtension>
            <gpxtpx:Extensions>
              <reversedirection>yes</reversedirection>
              <highway>unclassified</highway>
            </gpxtpx:Extensions>
          </gpxtpx:TrackPointExtension>
        </extensions>
      </trkpt>
      <trkpt lat="48.880737" lon="-0.745736">
        <ele>169</ele>
        <extensions>
          <gpxtpx:TrackPointExtension>
            <gpxtpx:Extensions>
              <reversedirection>yes</reversedirection>
              <highway>unclassified</highway>
            </gpxtpx:Extensions>
          </gpxtpx:TrackPointExtension>
        </extensions>
      </trkpt>
      <trkpt lat="48.880726" lon="-0.745954">
        <ele>168.25</ele>
        <extensions>
          <gpxtpx:TrackPointExtension>
            <gpxtpx:Extensions>
              <reversedirection>yes</reversedirection>
              <highway>unclassified</highway>
            </gpxtpx:Extensions>
          </gpxtpx:TrackPointExtension>
        </extensions>
      </trkpt>
      <trkpt lat="48.88076" lon="-0.74637">
        <ele>166.5</ele>
        <extensions>
          <gpxtpx:TrackPointExtension>
            <gpxtpx:Extensions>
              <reversedirection>yes</reversedirection>
              <highway>unclassified</highway>
            </gpxtpx:Extensions>
          </gpxtpx:TrackPointExtension>
        </extensions>
      </trkpt>
      <trkpt lat="48.880764" lon="-0.746605">
        <ele>165.5</ele>
        <extensions>
          <gpxtpx:TrackPointExtension>
            <gpxtpx:Extensions>
              <reversedirection>yes</reversedirection>
              <highway>unclassified</highway>
            </gpxtpx:Extensions>
          </gpxtpx:TrackPointExtension>
        </extensions>
      </trkpt>
      <trkpt lat="48.880725" lon="-0.747113">
        <ele>163.25</ele>
        <extensions>
          <gpxtpx:TrackPointExtension>
            <gpxtpx:Extensions>
              <reversedirection>yes</reversedirection>
              <highway>unclassified</highway>
            </gpxtpx:Extensions>
          </gpxtpx:TrackPointExtension>
        </extensions>
      </trkpt>
      <trkpt lat="48.880775" lon="-0.747283">
        <ele>162.25</ele>
        <extensions>
          <gpxtpx:TrackPointExtension>
            <gpxtpx:Extensions>
              <reversedirection>yes</reversedirection>
              <highway>unclassified</highway>
            </gpxtpx:Extensions>
          </gpxtpx:TrackPointExtension>
        </extensions>
      </trkpt>
      <trkpt lat="48.880845" lon="-0.747423">
        <ele>161.25</ele>
        <extensions>
          <gpxtpx:TrackPointExtension>
            <gpxtpx:Extensions>
              <reversedirection>yes</reversedirection>
              <highway>unclassified</highway>
            </gpxtpx:Extensions>
          </gpxtpx:TrackPointExtension>
        </extensions>
      </trkpt>
      <trkpt lat="48.880937" lon="-0.747561">
        <ele>159.75</ele>
        <extensions>
          <gpxtpx:TrackPointExtension>
            <gpxtpx:Extensions>
              <reversedirection>yes</reversedirection>
              <highway>unclassified</highway>
            </gpxtpx:Extensions>
          </gpxtpx:TrackPointExtension>
        </extensions>
      </trkpt>
      <trkpt lat="48.88097" lon="-0.747776">
        <ele>158.75</ele>
        <extensions>
          <gpxtpx:TrackPointExtension>
            <gpxtpx:Extensions>
              <reversedirection>yes</reversedirection>
              <highway>unclassified</highway>
            </gpxtpx:Extensions>
          </gpxtpx:TrackPointExtension>
        </extensions>
      </trkpt>
      <trkpt lat="48.880967" lon="-0.747961">
        <ele>158</ele>
        <extensions>
          <gpxtpx:TrackPointExtension>
            <gpxtpx:Extensions>
              <reversedirection>yes</reversedirection>
              <highway>unclassified</highway>
            </gpxtpx:Extensions>
          </gpxtpx:TrackPointExtension>
        </extensions>
      </trkpt>
      <trkpt lat="48.880906" lon="-0.748221">
        <ele>157</ele>
        <extensions>
          <gpxtpx:TrackPointExtension>
            <gpxtpx:Extensions>
              <reversedirection>yes</reversedirection>
              <highway>unclassified</highway>
            </gpxtpx:Extensions>
          </gpxtpx:TrackPointExtension>
        </extensions>
      </trkpt>
      <trkpt lat="48.880734" lon="-0.748717">
        <ele>159.25</ele>
        <extensions>
          <gpxtpx:TrackPointExtension>
            <gpxtpx:Extensions>
              <reversedirection>yes</reversedirection>
              <highway>unclassified</highway>
            </gpxtpx:Extensions>
          </gpxtpx:TrackPointExtension>
        </extensions>
      </trkpt>
      <trkpt lat="48.880636" lon="-0.749074">
        <ele>161.25</ele>
        <extensions>
          <gpxtpx:TrackPointExtension>
            <gpxtpx:Extensions>
              <reversedirection>yes</reversedirection>
              <highway>unclassified</highway>
            </gpxtpx:Extensions>
          </gpxtpx:TrackPointExtension>
        </extensions>
      </trkpt>
      <trkpt lat="48.880577" lon="-0.749392">
        <ele>162.25</ele>
        <extensions>
          <gpxtpx:TrackPointExtension>
            <gpxtpx:Extensions>
              <reversedirection>yes</reversedirection>
              <highway>unclassified</highway>
            </gpxtpx:Extensions>
          </gpxtpx:TrackPointExtension>
        </extensions>
      </trkpt>
      <trkpt lat="48.880558" lon="-0.749628">
        <ele>163</ele>
        <extensions>
          <gpxtpx:TrackPointExtension>
            <gpxtpx:Extensions>
              <reversedirection>yes</reversedirection>
              <highway>unclassified</highway>
            </gpxtpx:Extensions>
          </gpxtpx:TrackPointExtension>
        </extensions>
      </trkpt>
      <trkpt lat="48.88055" lon="-0.749734">
        <ele>163.25</ele>
        <extensions>
          <gpxtpx:TrackPointExtension>
            <gpxtpx:Extensions>
              <reversedirection>yes</reversedirection>
              <highway>unclassified</highway>
            </gpxtpx:Extensions>
          </gpxtpx:TrackPointExtension>
        </extensions>
      </trkpt>
      <trkpt lat="48.880516" lon="-0.750198">
        <ele>163.5</ele>
        <extensions>
          <gpxtpx:TrackPointExtension>
            <gpxtpx:Extensions>
              <reversedirection>yes</reversedirection>
              <highway>unclassified</highway>
            </gpxtpx:Extensions>
          </gpxtpx:TrackPointExtension>
        </extensions>
      </trkpt>
      <trkpt lat="48.880491" lon="-0.750403">
        <ele>163.25</ele>
        <extensions>
          <gpxtpx:TrackPointExtension>
            <gpxtpx:Extensions>
              <reversedirection>yes</reversedirection>
              <highway>unclassified</highway>
            </gpxtpx:Extensions>
          </gpxtpx:TrackPointExtension>
        </extensions>
      </trkpt>
      <trkpt lat="48.880119" lon="-0.75178">
        <ele>161</ele>
        <extensions>
          <gpxtpx:TrackPointExtension>
            <gpxtpx:Extensions>
              <reversedirection>yes</reversedirection>
              <highway>unclassified</highway>
            </gpxtpx:Extensions>
          </gpxtpx:TrackPointExtension>
        </extensions>
      </trkpt>
      <trkpt lat="48.87974" lon="-0.753133">
        <ele>161.75</ele>
        <extensions>
          <gpxtpx:TrackPointExtension>
            <gpxtpx:Extensions>
              <reversedirection>yes</reversedirection>
              <highway>unclassified</highway>
            </gpxtpx:Extensions>
          </gpxtpx:TrackPointExtension>
        </extensions>
      </trkpt>
      <trkpt lat="48.879554" lon="-0.753756">
        <ele>160</ele>
        <extensions>
          <gpxtpx:TrackPointExtension>
            <gpxtpx:Extensions>
              <reversedirection>yes</reversedirection>
              <highway>unclassified</highway>
            </gpxtpx:Extensions>
          </gpxtpx:TrackPointExtension>
        </extensions>
      </trkpt>
      <trkpt lat="48.879295" lon="-0.754508">
        <ele>158.5</ele>
        <extensions>
          <gpxtpx:TrackPointExtension>
            <gpxtpx:Extensions>
              <reversedirection>yes</reversedirection>
              <highway>unclassified</highway>
            </gpxtpx:Extensions>
          </gpxtpx:TrackPointExtension>
        </extensions>
      </trkpt>
      <trkpt lat="48.878962" lon="-0.755349">
        <ele>158</ele>
        <extensions>
          <gpxtpx:TrackPointExtension>
            <gpxtpx:Extensions>
              <reversedirection>yes</reversedirection>
              <highway>unclassified</highway>
            </gpxtpx:Extensions>
          </gpxtpx:TrackPointExtension>
        </extensions>
      </trkpt>
      <trkpt lat="48.878844" lon="-0.755668">
        <ele>157.5</ele>
        <extensions>
          <gpxtpx:TrackPointExtension>
            <gpxtpx:Extensions>
              <reversedirection>yes</reversedirection>
              <highway>unclassified</highway>
            </gpxtpx:Extensions>
          </gpxtpx:TrackPointExtension>
        </extensions>
      </trkpt>
      <trkpt lat="48.878772" lon="-0.75597">
        <ele>156.5</ele>
        <extensions>
          <gpxtpx:TrackPointExtension>
            <gpxtpx:Extensions>
              <reversedirection>yes</reversedirection>
              <highway>unclassified</highway>
            </gpxtpx:Extensions>
          </gpxtpx:TrackPointExtension>
        </extensions>
      </trkpt>
      <trkpt lat="48.87872" lon="-0.756624">
        <ele>154.25</ele>
        <extensions>
          <gpxtpx:TrackPointExtension>
            <gpxtpx:Extensions>
              <reversedirection>yes</reversedirection>
              <highway>unclassified</highway>
            </gpxtpx:Extensions>
          </gpxtpx:TrackPointExtension>
        </extensions>
      </trkpt>
      <trkpt lat="48.878677" lon="-0.75698">
        <ele>153.75</ele>
        <extensions>
          <gpxtpx:TrackPointExtension>
            <gpxtpx:Extensions>
              <reversedirection>yes</reversedirection>
              <highway>unclassified</highway>
            </gpxtpx:Extensions>
          </gpxtpx:TrackPointExtension>
        </extensions>
      </trkpt>
      <trkpt lat="48.878627" lon="-0.75723">
        <ele>153.75</ele>
        <extensions>
          <gpxtpx:TrackPointExtension>
            <gpxtpx:Extensions>
              <reversedirection>yes</reversedirection>
              <highway>unclassified</highway>
            </gpxtpx:Extensions>
          </gpxtpx:TrackPointExtension>
        </extensions>
      </trkpt>
      <trkpt lat="48.878432" lon="-0.757774">
        <ele>152.75</ele>
        <extensions>
          <gpxtpx:TrackPointExtension>
            <gpxtpx:Extensions>
              <reversedirection>yes</reversedirection>
              <highway>unclassified</highway>
            </gpxtpx:Extensions>
          </gpxtpx:TrackPointExtension>
        </extensions>
      </trkpt>
      <trkpt lat="48.877827" lon="-0.758993">
        <ele>150.75</ele>
        <extensions>
          <gpxtpx:TrackPointExtension>
            <gpxtpx:Extensions>
              <reversedirection>yes</reversedirection>
              <highway>unclassified</highway>
            </gpxtpx:Extensions>
          </gpxtpx:TrackPointExtension>
        </extensions>
      </trkpt>
      <trkpt lat="48.877557" lon="-0.759529">
        <ele>150.25</ele>
        <extensions>
          <gpxtpx:TrackPointExtension>
            <gpxtpx:Extensions>
              <reversedirection>yes</reversedirection>
              <highway>unclassified</highway>
            </gpxtpx:Extensions>
          </gpxtpx:TrackPointExtension>
        </extensions>
      </trkpt>
      <trkpt lat="48.87739" lon="-0.759859">
        <ele>150.25</ele>
        <extensions>
          <gpxtpx:TrackPointExtension>
            <gpxtpx:Extensions>
              <reversedirection>yes</reversedirection>
              <highway>unclassified</highway>
            </gpxtpx:Extensions>
          </gpxtpx:TrackPointExtension>
        </extensions>
      </trkpt>
      <trkpt lat="48.877313" lon="-0.760043">
        <ele>150</ele>
        <extensions>
          <gpxtpx:TrackPointExtension>
            <gpxtpx:Extensions>
              <reversedirection>yes</reversedirection>
              <highway>unclassified</highway>
            </gpxtpx:Extensions>
          </gpxtpx:TrackPointExtension>
        </extensions>
      </trkpt>
      <trkpt lat="48.877297" lon="-0.760113">
        <ele>150</ele>
        <extensions>
          <gpxtpx:TrackPointExtension>
            <gpxtpx:Extensions>
              <reversedirection>yes</reversedirection>
              <highway>unclassified</highway>
            </gpxtpx:Extensions>
          </gpxtpx:TrackPointExtension>
        </extensions>
      </trkpt>
      <trkpt lat="48.877265" lon="-0.760248">
        <ele>149.75</ele>
        <extensions>
          <gpxtpx:TrackPointExtension>
            <gpxtpx:Extensions>
              <reversedirection>yes</reversedirection>
              <highway>unclassified</highway>
            </gpxtpx:Extensions>
          </gpxtpx:TrackPointExtension>
        </extensions>
      </trkpt>
      <trkpt lat="48.877177" lon="-0.761083">
        <ele>148</ele>
        <extensions>
          <gpxtpx:TrackPointExtension>
            <gpxtpx:Extensions>
              <reversedirection>yes</reversedirection>
              <highway>unclassified</highway>
            </gpxtpx:Extensions>
          </gpxtpx:TrackPointExtension>
        </extensions>
      </trkpt>
      <trkpt lat="48.877152" lon="-0.761319">
        <ele>147.75</ele>
        <extensions>
          <gpxtpx:TrackPointExtension>
            <gpxtpx:Extensions>
              <reversedirection>yes</reversedirection>
              <highway>unclassified</highway>
            </gpxtpx:Extensions>
          </gpxtpx:TrackPointExtension>
        </extensions>
      </trkpt>
      <trkpt lat="48.877107" lon="-0.761487">
        <ele>147.75</ele>
        <extensions>
          <gpxtpx:TrackPointExtension>
            <gpxtpx:Extensions>
              <reversedirection>yes</reversedirection>
              <highway>unclassified</highway>
            </gpxtpx:Extensions>
          </gpxtpx:TrackPointExtension>
        </extensions>
      </trkpt>
      <trkpt lat="48.877056" lon="-0.761616">
        <ele>147.75</ele>
        <extensions>
          <gpxtpx:TrackPointExtension>
            <gpxtpx:Extensions>
              <reversedirection>yes</reversedirection>
              <highway>unclassified</highway>
            </gpxtpx:Extensions>
          </gpxtpx:TrackPointExtension>
        </extensions>
      </trkpt>
      <trkpt lat="48.876849" lon="-0.76206">
        <ele>147.5</ele>
        <extensions>
          <gpxtpx:TrackPointExtension>
            <gpxtpx:Extensions>
              <reversedirection>yes</reversedirection>
              <highway>unclassified</highway>
            </gpxtpx:Extensions>
          </gpxtpx:TrackPointExtension>
        </extensions>
      </trkpt>
      <trkpt lat="48.876904" lon="-0.762225">
        <ele>146.75</ele>
        <extensions>
          <gpxtpx:TrackPointExtension>
            <gpxtpx:Extensions>
              <reversedirection>yes</reversedirection>
              <highway>unclassified</highway>
            </gpxtpx:Extensions>
          </gpxtpx:TrackPointExtension>
        </extensions>
      </trkpt>
      <trkpt lat="48.876936" lon="-0.762356">
        <ele>146</ele>
        <extensions>
          <gpxtpx:TrackPointExtension>
            <gpxtpx:Extensions>
              <reversedirection>yes</reversedirection>
              <highway>unclassified</highway>
            </gpxtpx:Extensions>
          </gpxtpx:TrackPointExtension>
        </extensions>
      </trkpt>
      <trkpt lat="48.876952" lon="-0.762466">
        <ele>145.5</ele>
        <extensions>
          <gpxtpx:TrackPointExtension>
            <gpxtpx:Extensions>
              <reversedirection>yes</reversedirection>
              <highway>unclassified</highway>
            </gpxtpx:Extensions>
          </gpxtpx:TrackPointExtension>
        </extensions>
      </trkpt>
      <trkpt lat="48.876959" lon="-0.762564">
        <ele>145.25</ele>
        <extensions>
          <gpxtpx:TrackPointExtension>
            <gpxtpx:Extensions>
              <reversedirection>yes</reversedirection>
              <highway>unclassified</highway>
            </gpxtpx:Extensions>
          </gpxtpx:TrackPointExtension>
        </extensions>
      </trkpt>
      <trkpt lat="48.876959" lon="-0.76267">
        <ele>145</ele>
        <extensions>
          <gpxtpx:TrackPointExtension>
            <gpxtpx:Extensions>
              <reversedirection>yes</reversedirection>
              <highway>unclassified</highway>
            </gpxtpx:Extensions>
          </gpxtpx:TrackPointExtension>
        </extensions>
      </trkpt>
      <trkpt lat="48.876946" lon="-0.762772">
        <ele>144.75</ele>
        <extensions>
          <gpxtpx:TrackPointExtension>
            <gpxtpx:Extensions>
              <reversedirection>yes</reversedirection>
              <highway>unclassified</highway>
            </gpxtpx:Extensions>
          </gpxtpx:TrackPointExtension>
        </extensions>
      </trkpt>
      <trkpt lat="48.876922" lon="-0.762877">
        <ele>144.5</ele>
        <extensions>
          <gpxtpx:TrackPointExtension>
            <gpxtpx:Extensions>
              <reversedirection>yes</reversedirection>
              <highway>unclassified</highway>
            </gpxtpx:Extensions>
          </gpxtpx:TrackPointExtension>
        </extensions>
      </trkpt>
      <trkpt lat="48.876884" lon="-0.762987">
        <ele>144.5</ele>
        <extensions>
          <gpxtpx:TrackPointExtension>
            <gpxtpx:Extensions>
              <reversedirection>yes</reversedirection>
              <highway>unclassified</highway>
            </gpxtpx:Extensions>
          </gpxtpx:TrackPointExtension>
        </extensions>
      </trkpt>
      <trkpt lat="48.876718" lon="-0.76331">
        <ele>143.75</ele>
        <extensions>
          <gpxtpx:TrackPointExtension>
            <gpxtpx:Extensions>
              <reversedirection>yes</reversedirection>
              <highway>unclassified</highway>
            </gpxtpx:Extensions>
          </gpxtpx:TrackPointExtension>
        </extensions>
      </trkpt>
      <trkpt lat="48.876698" lon="-0.763362">
        <ele>143.75</ele>
        <extensions>
          <gpxtpx:TrackPointExtension>
            <gpxtpx:Extensions>
              <reversedirection>yes</reversedirection>
              <highway>unclassified</highway>
            </gpxtpx:Extensions>
          </gpxtpx:TrackPointExtension>
        </extensions>
      </trkpt>
      <trkpt lat="48.876679" lon="-0.76343">
        <ele>143.75</ele>
        <extensions>
          <gpxtpx:TrackPointExtension>
            <gpxtpx:Extensions>
              <reversedirection>yes</reversedirection>
              <highway>unclassified</highway>
            </gpxtpx:Extensions>
          </gpxtpx:TrackPointExtension>
        </extensions>
      </trkpt>
      <trkpt lat="48.876667" lon="-0.763527">
        <ele>144</ele>
        <extensions>
          <gpxtpx:TrackPointExtension>
            <gpxtpx:Extensions>
              <reversedirection>yes</reversedirection>
              <highway>unclassified</highway>
            </gpxtpx:Extensions>
          </gpxtpx:TrackPointExtension>
        </extensions>
      </trkpt>
      <trkpt lat="48.87667" lon="-0.763599">
        <ele>143.75</ele>
        <extensions>
          <gpxtpx:TrackPointExtension>
            <gpxtpx:Extensions>
              <reversedirection>yes</reversedirection>
              <highway>unclassified</highway>
            </gpxtpx:Extensions>
          </gpxtpx:TrackPointExtension>
        </extensions>
      </trkpt>
      <trkpt lat="48.876682" lon="-0.763686">
        <ele>143.75</ele>
        <extensions>
          <gpxtpx:TrackPointExtension>
            <gpxtpx:Extensions>
              <reversedirection>yes</reversedirection>
              <highway>unclassified</highway>
            </gpxtpx:Extensions>
          </gpxtpx:TrackPointExtension>
        </extensions>
      </trkpt>
      <trkpt lat="48.876708" lon="-0.76377">
        <ele>144</ele>
        <extensions>
          <gpxtpx:TrackPointExtension>
            <gpxtpx:Extensions>
              <reversedirection>yes</reversedirection>
              <highway>unclassified</highway>
            </gpxtpx:Extensions>
          </gpxtpx:TrackPointExtension>
        </extensions>
      </trkpt>
      <trkpt lat="48.876756" lon="-0.763869">
        <ele>144</ele>
        <extensions>
          <gpxtpx:TrackPointExtension>
            <gpxtpx:Extensions>
              <reversedirection>yes</reversedirection>
              <highway>unclassified</highway>
            </gpxtpx:Extensions>
          </gpxtpx:TrackPointExtension>
        </extensions>
      </trkpt>
      <trkpt lat="48.876826" lon="-0.76396">
        <ele>144</ele>
        <extensions>
          <gpxtpx:TrackPointExtension>
            <gpxtpx:Extensions>
              <reversedirection>yes</reversedirection>
              <highway>unclassified</highway>
            </gpxtpx:Extensions>
          </gpxtpx:TrackPointExtension>
        </extensions>
      </trkpt>
      <trkpt lat="48.87698" lon="-0.764118">
        <ele>144.5</ele>
        <extensions>
          <gpxtpx:TrackPointExtension>
            <gpxtpx:Extensions>
              <reversedirection>yes</reversedirection>
              <highway>unclassified</highway>
            </gpxtpx:Extensions>
          </gpxtpx:TrackPointExtension>
        </extensions>
      </trkpt>
      <trkpt lat="48.877046" lon="-0.764203">
        <ele>145</ele>
        <extensions>
          <gpxtpx:TrackPointExtension>
            <gpxtpx:Extensions>
              <reversedirection>yes</reversedirection>
              <highway>unclassified</highway>
            </gpxtpx:Extensions>
          </gpxtpx:TrackPointExtension>
        </extensions>
      </trkpt>
      <trkpt lat="48.877096" lon="-0.76429">
        <ele>145.75</ele>
        <extensions>
          <gpxtpx:TrackPointExtension>
            <gpxtpx:Extensions>
              <reversedirection>yes</reversedirection>
              <highway>unclassified</highway>
            </gpxtpx:Extensions>
          </gpxtpx:TrackPointExtension>
        </extensions>
      </trkpt>
      <trkpt lat="48.877133" lon="-0.764392">
        <ele>146.5</ele>
        <extensions>
          <gpxtpx:TrackPointExtension>
            <gpxtpx:Extensions>
              <reversedirection>yes</reversedirection>
              <highway>unclassified</highway>
            </gpxtpx:Extensions>
          </gpxtpx:TrackPointExtension>
        </extensions>
      </trkpt>
      <trkpt lat="48.877155" lon="-0.764502">
        <ele>147.25</ele>
        <extensions>
          <gpxtpx:TrackPointExtension>
            <gpxtpx:Extensions>
              <reversedirection>yes</reversedirection>
              <highway>unclassified</highway>
            </gpxtpx:Extensions>
          </gpxtpx:TrackPointExtension>
        </extensions>
      </trkpt>
      <trkpt lat="48.877167" lon="-0.764587">
        <ele>148</ele>
        <extensions>
          <gpxtpx:TrackPointExtension>
            <gpxtpx:Extensions>
              <reversedirection>yes</reversedirection>
              <highway>unclassified</highway>
            </gpxtpx:Extensions>
          </gpxtpx:TrackPointExtension>
        </extensions>
      </trkpt>
      <trkpt lat="48.877177" lon="-0.764679">
        <ele>148.5</ele>
        <extensions>
          <gpxtpx:TrackPointExtension>
            <gpxtpx:Extensions>
              <reversedirection>yes</reversedirection>
              <highway>unclassified</highway>
            </gpxtpx:Extensions>
          </gpxtpx:TrackPointExtension>
        </extensions>
      </trkpt>
      <trkpt lat="48.877229" lon="-0.765309">
        <ele>152.5</ele>
        <extensions>
          <gpxtpx:TrackPointExtension>
            <gpxtpx:Extensions>
              <reversedirection>yes</reversedirection>
              <highway>unclassified</highway>
            </gpxtpx:Extensions>
          </gpxtpx:TrackPointExtension>
        </extensions>
      </trkpt>
      <trkpt lat="48.877273" lon="-0.765465">
        <ele>153.25</ele>
        <extensions>
          <gpxtpx:TrackPointExtension>
            <gpxtpx:Extensions>
              <reversedirection>yes</reversedirection>
              <highway>unclassified</highway>
            </gpxtpx:Extensions>
          </gpxtpx:TrackPointExtension>
        </extensions>
      </trkpt>
      <trkpt lat="48.877348" lon="-0.76563">
        <ele>154</ele>
        <extensions>
          <gpxtpx:TrackPointExtension>
            <gpxtpx:Extensions>
              <reversedirection>yes</reversedirection>
              <highway>unclassified</highway>
            </gpxtpx:Extensions>
          </gpxtpx:TrackPointExtension>
        </extensions>
      </trkpt>
      <trkpt lat="48.877538" lon="-0.76597">
        <ele>155.5</ele>
        <extensions>
          <gpxtpx:TrackPointExtension>
            <gpxtpx:Extensions>
              <reversedirection>yes</reversedirection>
              <highway>unclassified</highway>
            </gpxtpx:Extensions>
          </gpxtpx:TrackPointExtension>
        </extensions>
      </trkpt>
      <trkpt lat="48.877818" lon="-0.766542">
        <ele>159</ele>
        <extensions>
          <gpxtpx:TrackPointExtension>
            <gpxtpx:Extensions>
              <reversedirection>yes</reversedirection>
              <highway>unclassified</highway>
            </gpxtpx:Extensions>
          </gpxtpx:TrackPointExtension>
        </extensions>
      </trkpt>
      <trkpt lat="48.878335" lon="-0.767979">
        <ele>164.5</ele>
        <extensions>
          <gpxtpx:TrackPointExtension>
            <gpxtpx:Extensions>
              <reversedirection>yes</reversedirection>
              <highway>unclassified</highway>
            </gpxtpx:Extensions>
          </gpxtpx:TrackPointExtension>
        </extensions>
      </trkpt>
      <trkpt lat="48.878365" lon="-0.768118">
        <ele>165.25</ele>
        <extensions>
          <gpxtpx:TrackPointExtension>
            <gpxtpx:Extensions>
              <reversedirection>yes</reversedirection>
              <highway>unclassified</highway>
            </gpxtpx:Extensions>
          </gpxtpx:TrackPointExtension>
        </extensions>
      </trkpt>
      <trkpt lat="48.878358" lon="-0.768348">
        <ele>166</ele>
        <extensions>
          <gpxtpx:TrackPointExtension>
            <gpxtpx:Extensions>
              <reversedirection>yes</reversedirection>
              <highway>unclassified</highway>
            </gpxtpx:Extensions>
          </gpxtpx:TrackPointExtension>
        </extensions>
      </trkpt>
      <trkpt lat="48.878287" lon="-0.769144">
        <ele>164.75</ele>
        <extensions>
          <gpxtpx:TrackPointExtension>
            <gpxtpx:Extensions>
              <reversedirection>yes</reversedirection>
              <highway>unclassified</highway>
            </gpxtpx:Extensions>
          </gpxtpx:TrackPointExtension>
        </extensions>
      </trkpt>
      <trkpt lat="48.878275" lon="-0.76987">
        <ele>163.25</ele>
        <extensions>
          <gpxtpx:TrackPointExtension>
            <gpxtpx:Extensions>
              <reversedirection>yes</reversedirection>
              <highway>unclassified</highway>
            </gpxtpx:Extensions>
          </gpxtpx:TrackPointExtension>
        </extensions>
      </trkpt>
      <trkpt lat="48.878303" lon="-0.770624">
        <ele>160</ele>
        <extensions>
          <gpxtpx:TrackPointExtension>
            <gpxtpx:Extensions>
              <reversedirection>yes</reversedirection>
              <highway>unclassified</highway>
            </gpxtpx:Extensions>
          </gpxtpx:TrackPointExtension>
        </extensions>
      </trkpt>
      <trkpt lat="48.878361" lon="-0.771291">
        <ele>158.5</ele>
        <extensions>
          <gpxtpx:TrackPointExtension>
            <gpxtpx:Extensions>
              <reversedirection>yes</reversedirection>
              <highway>unclassified</highway>
            </gpxtpx:Extensions>
          </gpxtpx:TrackPointExtension>
        </extensions>
      </trkpt>
      <trkpt lat="48.878432" lon="-0.771871">
        <ele>158</ele>
        <extensions>
          <gpxtpx:TrackPointExtension>
            <gpxtpx:Extensions>
              <reversedirection>yes</reversedirection>
              <highway>unclassified</highway>
            </gpxtpx:Extensions>
          </gpxtpx:TrackPointExtension>
        </extensions>
      </trkpt>
      <trkpt lat="48.87847" lon="-0.772177">
        <ele>157.5</ele>
        <extensions>
          <gpxtpx:TrackPointExtension>
            <gpxtpx:Extensions>
              <reversedirection>yes</reversedirection>
              <highway>unclassified</highway>
            </gpxtpx:Extensions>
          </gpxtpx:TrackPointExtension>
        </extensions>
      </trkpt>
      <trkpt lat="48.878554" lon="-0.772835">
        <ele>155.75</ele>
        <extensions>
          <gpxtpx:TrackPointExtension>
            <gpxtpx:Extensions>
              <reversedirection>yes</reversedirection>
              <highway>unclassified</highway>
            </gpxtpx:Extensions>
          </gpxtpx:TrackPointExtension>
        </extensions>
      </trkpt>
      <trkpt lat="48.878595" lon="-0.773157">
        <ele>154.25</ele>
        <extensions>
          <gpxtpx:TrackPointExtension>
            <gpxtpx:Extensions>
              <reversedirection>yes</reversedirection>
              <highway>unclassified</highway>
            </gpxtpx:Extensions>
          </gpxtpx:TrackPointExtension>
        </extensions>
      </trkpt>
      <trkpt lat="48.878618" lon="-0.773479">
        <ele>153.25</ele>
        <extensions>
          <gpxtpx:TrackPointExtension>
            <gpxtpx:Extensions>
              <reversedirection>yes</reversedirection>
              <highway>unclassified</highway>
            </gpxtpx:Extensions>
          </gpxtpx:TrackPointExtension>
        </extensions>
      </trkpt>
      <trkpt lat="48.878619" lon="-0.773695">
        <ele>153</ele>
        <extensions>
          <gpxtpx:TrackPointExtension>
            <gpxtpx:Extensions>
              <reversedirection>yes</reversedirection>
              <highway>unclassified</highway>
            </gpxtpx:Extensions>
          </gpxtpx:TrackPointExtension>
        </extensions>
      </trkpt>
      <trkpt lat="48.878603" lon="-0.774035">
        <ele>152.5</ele>
        <extensions>
          <gpxtpx:TrackPointExtension>
            <gpxtpx:Extensions>
              <reversedirection>yes</reversedirection>
              <highway>unclassified</highway>
            </gpxtpx:Extensions>
          </gpxtpx:TrackPointExtension>
        </extensions>
      </trkpt>
      <trkpt lat="48.87858" lon="-0.774277">
        <ele>152.25</ele>
        <extensions>
          <gpxtpx:TrackPointExtension>
            <gpxtpx:Extensions>
              <reversedirection>yes</reversedirection>
              <highway>unclassified</highway>
            </gpxtpx:Extensions>
          </gpxtpx:TrackPointExtension>
        </extensions>
      </trkpt>
      <trkpt lat="48.87855" lon="-0.774505">
        <ele>152.25</ele>
        <extensions>
          <gpxtpx:TrackPointExtension>
            <gpxtpx:Extensions>
              <reversedirection>yes</reversedirection>
              <highway>unclassified</highway>
            </gpxtpx:Extensions>
          </gpxtpx:TrackPointExtension>
        </extensions>
      </trkpt>
      <trkpt lat="48.878515" lon="-0.774704">
        <ele>152.25</ele>
        <extensions>
          <gpxtpx:TrackPointExtension>
            <gpxtpx:Extensions>
              <reversedirection>yes</reversedirection>
              <highway>unclassified</highway>
            </gpxtpx:Extensions>
          </gpxtpx:TrackPointExtension>
        </extensions>
      </trkpt>
      <trkpt lat="48.878466" lon="-0.774904">
        <ele>152</ele>
        <extensions>
          <gpxtpx:TrackPointExtension>
            <gpxtpx:Extensions>
              <reversedirection>yes</reversedirection>
              <highway>unclassified</highway>
            </gpxtpx:Extensions>
          </gpxtpx:TrackPointExtension>
        </extensions>
      </trkpt>
      <trkpt lat="48.877594" lon="-0.777921">
        <ele>148.75</ele>
        <extensions>
          <gpxtpx:TrackPointExtension>
            <gpxtpx:Extensions>
              <reversedirection>yes</reversedirection>
              <highway>unclassified</highway>
            </gpxtpx:Extensions>
          </gpxtpx:TrackPointExtension>
        </extensions>
      </trkpt>
      <trkpt lat="48.876855" lon="-0.780453">
        <ele>156.5</ele>
        <extensions>
          <gpxtpx:TrackPointExtension>
            <gpxtpx:Extensions>
              <reversedirection>yes</reversedirection>
              <highway>unclassified</highway>
            </gpxtpx:Extensions>
          </gpxtpx:TrackPointExtension>
        </extensions>
      </trkpt>
      <trkpt lat="48.876808" lon="-0.780646">
        <ele>157.25</ele>
        <extensions>
          <gpxtpx:TrackPointExtension>
            <gpxtpx:Extensions>
              <highway>tertiary</highway>
            </gpxtpx:Extensions>
          </gpxtpx:TrackPointExtension>
        </extensions>
      </trkpt>
      <trkpt lat="48.876815" lon="-0.780723">
        <ele>157.5</ele>
        <extensions>
          <gpxtpx:TrackPointExtension>
            <gpxtpx:Extensions>
              <highway>tertiary</highway>
            </gpxtpx:Extensions>
          </gpxtpx:TrackPointExtension>
        </extensions>
      </trkpt>
      <trkpt lat="48.876811" lon="-0.780796">
        <ele>158</ele>
        <extensions>
          <gpxtpx:TrackPointExtension>
            <gpxtpx:Extensions>
              <highway>tertiary</highway>
            </gpxtpx:Extensions>
          </gpxtpx:TrackPointExtension>
        </extensions>
      </trkpt>
      <trkpt lat="48.876784" lon="-0.780956">
        <ele>158.5</ele>
        <extensions>
          <gpxtpx:TrackPointExtension>
            <gpxtpx:Extensions>
              <highway>tertiary</highway>
            </gpxtpx:Extensions>
          </gpxtpx:TrackPointExtension>
        </extensions>
      </trkpt>
      <trkpt lat="48.876742" lon="-0.781144">
        <ele>159.25</ele>
        <extensions>
          <gpxtpx:TrackPointExtension>
            <gpxtpx:Extensions>
              <highway>tertiary</highway>
            </gpxtpx:Extensions>
          </gpxtpx:TrackPointExtension>
        </extensions>
      </trkpt>
      <trkpt lat="48.876695" lon="-0.781301">
        <ele>160</ele>
        <extensions>
          <gpxtpx:TrackPointExtension>
            <gpxtpx:Extensions>
              <highway>tertiary</highway>
            </gpxtpx:Extensions>
          </gpxtpx:TrackPointExtension>
        </extensions>
      </trkpt>
      <trkpt lat="48.876544" lon="-0.781741">
        <ele>161</ele>
        <extensions>
          <gpxtpx:TrackPointExtension>
            <gpxtpx:Extensions>
              <highway>tertiary</highway>
            </gpxtpx:Extensions>
          </gpxtpx:TrackPointExtension>
        </extensions>
      </trkpt>
      <trkpt lat="48.876489" lon="-0.781919">
        <ele>160.75</ele>
        <extensions>
          <gpxtpx:TrackPointExtension>
            <gpxtpx:Extensions>
              <highway>tertiary</highway>
            </gpxtpx:Extensions>
          </gpxtpx:TrackPointExtension>
        </extensions>
      </trkpt>
      <trkpt lat="48.876464" lon="-0.782023">
        <ele>160.75</ele>
        <extensions>
          <gpxtpx:TrackPointExtension>
            <gpxtpx:Extensions>
              <highway>tertiary</highway>
            </gpxtpx:Extensions>
          </gpxtpx:TrackPointExtension>
        </extensions>
      </trkpt>
      <trkpt lat="48.876224" lon="-0.783232">
        <ele>161.5</ele>
        <extensions>
          <gpxtpx:TrackPointExtension>
            <gpxtpx:Extensions>
              <highway>tertiary</highway>
            </gpxtpx:Extensions>
          </gpxtpx:TrackPointExtension>
        </extensions>
      </trkpt>
      <trkpt lat="48.876175" lon="-0.783496">
        <ele>161.75</ele>
        <extensions>
          <gpxtpx:TrackPointExtension>
            <gpxtpx:Extensions>
              <highway>tertiary</highway>
            </gpxtpx:Extensions>
          </gpxtpx:TrackPointExtension>
        </extensions>
      </trkpt>
      <trkpt lat="48.876082" lon="-0.784068">
        <ele>162.5</ele>
        <extensions>
          <gpxtpx:TrackPointExtension>
            <gpxtpx:Extensions>
              <highway>tertiary</highway>
            </gpxtpx:Extensions>
          </gpxtpx:TrackPointExtension>
        </extensions>
      </trkpt>
      <trkpt lat="48.875943" lon="-0.784938">
        <ele>162.25</ele>
        <extensions>
          <gpxtpx:TrackPointExtension>
            <gpxtpx:Extensions>
              <highway>tertiary</highway>
            </gpxtpx:Extensions>
          </gpxtpx:TrackPointExtension>
        </extensions>
      </trkpt>
      <trkpt lat="48.875894" lon="-0.785163">
        <ele>162</ele>
        <extensions>
          <gpxtpx:TrackPointExtension>
            <gpxtpx:Extensions>
              <highway>tertiary</highway>
            </gpxtpx:Extensions>
          </gpxtpx:TrackPointExtension>
        </extensions>
      </trkpt>
      <trkpt lat="48.87576" lon="-0.785852">
        <ele>161.25</ele>
        <extensions>
          <gpxtpx:TrackPointExtension>
            <gpxtpx:Extensions>
              <highway>tertiary</highway>
            </gpxtpx:Extensions>
          </gpxtpx:TrackPointExtension>
        </extensions>
      </trkpt>
      <trkpt lat="48.875737" lon="-0.786026">
        <ele>161.25</ele>
        <extensions>
          <gpxtpx:TrackPointExtension>
            <gpxtpx:Extensions>
              <highway>tertiary</highway>
            </gpxtpx:Extensions>
          </gpxtpx:TrackPointExtension>
        </extensions>
      </trkpt>
      <trkpt lat="48.875707" lon="-0.786575">
        <ele>162.5</ele>
        <extensions>
          <gpxtpx:TrackPointExtension>
            <gpxtpx:Extensions>
              <highway>tertiary</highway>
            </gpxtpx:Extensions>
          </gpxtpx:TrackPointExtension>
        </extensions>
      </trkpt>
      <trkpt lat="48.875689" lon="-0.786686">
        <ele>162.5</ele>
        <extensions>
          <gpxtpx:TrackPointExtension>
            <gpxtpx:Extensions>
              <highway>tertiary</highway>
            </gpxtpx:Extensions>
          </gpxtpx:TrackPointExtension>
        </extensions>
      </trkpt>
      <trkpt lat="48.875558" lon="-0.787175">
        <ele>162.75</ele>
        <extensions>
          <gpxtpx:TrackPointExtension>
            <gpxtpx:Extensions>
              <highway>tertiary</highway>
            </gpxtpx:Extensions>
          </gpxtpx:TrackPointExtension>
        </extensions>
      </trkpt>
      <trkpt lat="48.875527" lon="-0.787289">
        <ele>162.5</ele>
        <extensions>
          <gpxtpx:TrackPointExtension>
            <gpxtpx:Extensions>
              <highway>tertiary</highway>
            </gpxtpx:Extensions>
          </gpxtpx:TrackPointExtension>
        </extensions>
      </trkpt>
      <trkpt lat="48.875423" lon="-0.787666">
        <ele>162.75</ele>
        <extensions>
          <gpxtpx:TrackPointExtension>
            <gpxtpx:Extensions>
              <highway>tertiary</highway>
            </gpxtpx:Extensions>
          </gpxtpx:TrackPointExtension>
        </extensions>
      </trkpt>
      <trkpt lat="48.875346" lon="-0.787907">
        <ele>163.25</ele>
        <extensions>
          <gpxtpx:TrackPointExtension>
            <gpxtpx:Extensions>
              <highway>tertiary</highway>
            </gpxtpx:Extensions>
          </gpxtpx:TrackPointExtension>
        </extensions>
      </trkpt>
      <trkpt lat="48.874928" lon="-0.788889">
        <ele>162.5</ele>
        <extensions>
          <gpxtpx:TrackPointExtension>
            <gpxtpx:Extensions>
              <highway>tertiary</highway>
            </gpxtpx:Extensions>
          </gpxtpx:TrackPointExtension>
        </extensions>
      </trkpt>
      <trkpt lat="48.874723" lon="-0.789399">
        <ele>162.75</ele>
        <extensions>
          <gpxtpx:TrackPointExtension>
            <gpxtpx:Extensions>
              <highway>tertiary</highway>
            </gpxtpx:Extensions>
          </gpxtpx:TrackPointExtension>
        </extensions>
      </trkpt>
      <trkpt lat="48.874474" lon="-0.790049">
        <ele>163.75</ele>
        <extensions>
          <gpxtpx:TrackPointExtension>
            <gpxtpx:Extensions>
              <highway>tertiary</highway>
            </gpxtpx:Extensions>
          </gpxtpx:TrackPointExtension>
        </extensions>
      </trkpt>
      <trkpt lat="48.874386" lon="-0.790337">
        <ele>164.75</ele>
        <extensions>
          <gpxtpx:TrackPointExtension>
            <gpxtpx:Extensions>
              <highway>tertiary</highway>
            </gpxtpx:Extensions>
          </gpxtpx:TrackPointExtension>
        </extensions>
      </trkpt>
      <trkpt lat="48.874266" lon="-0.790819">
        <ele>166.5</ele>
        <extensions>
          <gpxtpx:TrackPointExtension>
            <gpxtpx:Extensions>
              <highway>tertiary</highway>
            </gpxtpx:Extensions>
          </gpxtpx:TrackPointExtension>
        </extensions>
      </trkpt>
      <trkpt lat="48.874185" lon="-0.791176">
        <ele>165.75</ele>
        <extensions>
          <gpxtpx:TrackPointExtension>
            <gpxtpx:Extensions>
              <highway>tertiary</highway>
            </gpxtpx:Extensions>
          </gpxtpx:TrackPointExtension>
        </extensions>
      </trkpt>
      <trkpt lat="48.874048" lon="-0.791669">
        <ele>164</ele>
        <extensions>
          <gpxtpx:TrackPointExtension>
            <gpxtpx:Extensions>
              <highway>tertiary</highway>
            </gpxtpx:Extensions>
          </gpxtpx:TrackPointExtension>
        </extensions>
      </trkpt>
      <trkpt lat="48.873942" lon="-0.791951">
        <ele>163</ele>
        <extensions>
          <gpxtpx:TrackPointExtension>
            <gpxtpx:Extensions>
              <highway>tertiary</highway>
            </gpxtpx:Extensions>
          </gpxtpx:TrackPointExtension>
        </extensions>
      </trkpt>
      <trkpt lat="48.873858" lon="-0.792154">
        <ele>162.25</ele>
        <extensions>
          <gpxtpx:TrackPointExtension>
            <gpxtpx:Extensions>
              <highway>tertiary</highway>
            </gpxtpx:Extensions>
          </gpxtpx:TrackPointExtension>
        </extensions>
      </trkpt>
      <trkpt lat="48.873698" lon="-0.79247">
        <ele>161</ele>
        <extensions>
          <gpxtpx:TrackPointExtension>
            <gpxtpx:Extensions>
              <highway>tertiary</highway>
            </gpxtpx:Extensions>
          </gpxtpx:TrackPointExtension>
        </extensions>
      </trkpt>
      <trkpt lat="48.873492" lon="-0.792815">
        <ele>159.25</ele>
        <extensions>
          <gpxtpx:TrackPointExtension>
            <gpxtpx:Extensions>
              <highway>tertiary</highway>
            </gpxtpx:Extensions>
          </gpxtpx:TrackPointExtension>
        </extensions>
      </trkpt>
      <trkpt lat="48.873364" lon="-0.793019">
        <ele>158.25</ele>
        <extensions>
          <gpxtpx:TrackPointExtension>
            <gpxtpx:Extensions>
              <highway>tertiary</highway>
            </gpxtpx:Extensions>
          </gpxtpx:TrackPointExtension>
        </extensions>
      </trkpt>
      <trkpt lat="48.873319" lon="-0.793074">
        <ele>157.75</ele>
        <extensions>
          <gpxtpx:TrackPointExtension>
            <gpxtpx:Extensions>
              <highway>tertiary</highway>
            </gpxtpx:Extensions>
          </gpxtpx:TrackPointExtension>
        </extensions>
      </trkpt>
      <trkpt lat="48.873231" lon="-0.793183">
        <ele>157</ele>
        <extensions>
          <gpxtpx:TrackPointExtension>
            <gpxtpx:Extensions>
              <highway>tertiary</highway>
            </gpxtpx:Extensions>
          </gpxtpx:TrackPointExtension>
        </extensions>
      </trkpt>
      <trkpt lat="48.872934" lon="-0.793517">
        <ele>155</ele>
        <extensions>
          <gpxtpx:TrackPointExtension>
            <gpxtpx:Extensions>
              <highway>tertiary</highway>
            </gpxtpx:Extensions>
          </gpxtpx:TrackPointExtension>
        </extensions>
      </trkpt>
      <trkpt lat="48.872752" lon="-0.793738">
        <ele>154</ele>
        <extensions>
          <gpxtpx:TrackPointExtension>
            <gpxtpx:Extensions>
              <highway>tertiary</highway>
            </gpxtpx:Extensions>
          </gpxtpx:TrackPointExtension>
        </extensions>
      </trkpt>
      <trkpt lat="48.872641" lon="-0.793894">
        <ele>153.5</ele>
        <extensions>
          <gpxtpx:TrackPointExtension>
            <gpxtpx:Extensions>
              <highway>tertiary</highway>
            </gpxtpx:Extensions>
          </gpxtpx:TrackPointExtension>
        </extensions>
      </trkpt>
      <trkpt lat="48.872569" lon="-0.794024">
        <ele>153.25</ele>
        <extensions>
          <gpxtpx:TrackPointExtension>
            <gpxtpx:Extensions>
              <highway>tertiary</highway>
            </gpxtpx:Extensions>
          </gpxtpx:TrackPointExtension>
        </extensions>
      </trkpt>
      <trkpt lat="48.87249" lon="-0.794207">
        <ele>152.75</ele>
        <extensions>
          <gpxtpx:TrackPointExtension>
            <gpxtpx:Extensions>
              <highway>tertiary</highway>
            </gpxtpx:Extensions>
          </gpxtpx:TrackPointExtension>
        </extensions>
      </trkpt>
      <trkpt lat="48.872401" lon="-0.794436">
        <ele>152.25</ele>
        <extensions>
          <gpxtpx:TrackPointExtension>
            <gpxtpx:Extensions>
              <highway>tertiary</highway>
            </gpxtpx:Extensions>
          </gpxtpx:TrackPointExtension>
        </extensions>
      </trkpt>
      <trkpt lat="48.872325" lon="-0.79468">
        <ele>152</ele>
        <extensions>
          <gpxtpx:TrackPointExtension>
            <gpxtpx:Extensions>
              <highway>tertiary</highway>
            </gpxtpx:Extensions>
          </gpxtpx:TrackPointExtension>
        </extensions>
      </trkpt>
      <trkpt lat="48.872269" lon="-0.794915">
        <ele>151.75</ele>
        <extensions>
          <gpxtpx:TrackPointExtension>
            <gpxtpx:Extensions>
              <highway>tertiary</highway>
            </gpxtpx:Extensions>
          </gpxtpx:TrackPointExtension>
        </extensions>
      </trkpt>
      <trkpt lat="48.872213" lon="-0.795192">
        <ele>151.5</ele>
        <extensions>
          <gpxtpx:TrackPointExtension>
            <gpxtpx:Extensions>
              <highway>tertiary</highway>
            </gpxtpx:Extensions>
          </gpxtpx:TrackPointExtension>
        </extensions>
      </trkpt>
      <trkpt lat="48.87214" lon="-0.795469">
        <ele>151.5</ele>
        <extensions>
          <gpxtpx:TrackPointExtension>
            <gpxtpx:Extensions>
              <highway>tertiary</highway>
            </gpxtpx:Extensions>
          </gpxtpx:TrackPointExtension>
        </extensions>
      </trkpt>
      <trkpt lat="48.87204" lon="-0.795809">
        <ele>151.5</ele>
        <extensions>
          <gpxtpx:TrackPointExtension>
            <gpxtpx:Extensions>
              <highway>tertiary</highway>
            </gpxtpx:Extensions>
          </gpxtpx:TrackPointExtension>
        </extensions>
      </trkpt>
      <trkpt lat="48.871957" lon="-0.796036">
        <ele>151.5</ele>
        <extensions>
          <gpxtpx:TrackPointExtension>
            <gpxtpx:Extensions>
              <highway>tertiary</highway>
            </gpxtpx:Extensions>
          </gpxtpx:TrackPointExtension>
        </extensions>
      </trkpt>
      <trkpt lat="48.871826" lon="-0.796312">
        <ele>151.5</ele>
        <extensions>
          <gpxtpx:TrackPointExtension>
            <gpxtpx:Extensions>
              <highway>tertiary</highway>
            </gpxtpx:Extensions>
          </gpxtpx:TrackPointExtension>
        </extensions>
      </trkpt>
      <trkpt lat="48.871718" lon="-0.79651">
        <ele>151.5</ele>
        <extensions>
          <gpxtpx:TrackPointExtension>
            <gpxtpx:Extensions>
              <highway>tertiary</highway>
            </gpxtpx:Extensions>
          </gpxtpx:TrackPointExtension>
        </extensions>
      </trkpt>
      <trkpt lat="48.871395" lon="-0.797132">
        <ele>149.75</ele>
        <extensions>
          <gpxtpx:TrackPointExtension>
            <gpxtpx:Extensions>
              <highway>tertiary</highway>
            </gpxtpx:Extensions>
          </gpxtpx:TrackPointExtension>
        </extensions>
      </trkpt>
      <trkpt lat="48.871101" lon="-0.79767">
        <ele>147.75</ele>
        <extensions>
          <gpxtpx:TrackPointExtension>
            <gpxtpx:Extensions>
              <highway>tertiary</highway>
            </gpxtpx:Extensions>
          </gpxtpx:TrackPointExtension>
        </extensions>
      </trkpt>
      <trkpt lat="48.870853" lon="-0.79808">
        <ele>147</ele>
        <extensions>
          <gpxtpx:TrackPointExtension>
            <gpxtpx:Extensions>
              <highway>tertiary</highway>
            </gpxtpx:Extensions>
          </gpxtpx:TrackPointExtension>
        </extensions>
      </trkpt>
      <trkpt lat="48.870718" lon="-0.798285">
        <ele>146.5</ele>
        <extensions>
          <gpxtpx:TrackPointExtension>
            <gpxtpx:Extensions>
              <highway>tertiary</highway>
            </gpxtpx:Extensions>
          </gpxtpx:TrackPointExtension>
        </extensions>
      </trkpt>
      <trkpt lat="48.870425" lon="-0.798647">
        <ele>144.75</ele>
        <extensions>
          <gpxtpx:TrackPointExtension>
            <gpxtpx:Extensions>
              <highway>tertiary</highway>
            </gpxtpx:Extensions>
          </gpxtpx:TrackPointExtension>
        </extensions>
      </trkpt>
      <trkpt lat="48.87025" lon="-0.798836">
        <ele>143.5</ele>
        <extensions>
          <gpxtpx:TrackPointExtension>
            <gpxtpx:Extensions>
              <highway>tertiary</highway>
            </gpxtpx:Extensions>
          </gpxtpx:TrackPointExtension>
        </extensions>
      </trkpt>
      <trkpt lat="48.870141" lon="-0.798994">
        <ele>143</ele>
        <extensions>
          <gpxtpx:TrackPointExtension>
            <gpxtpx:Extensions>
              <highway>tertiary</highway>
            </gpxtpx:Extensions>
          </gpxtpx:TrackPointExtension>
        </extensions>
      </trkpt>
      <trkpt lat="48.86998" lon="-0.799257">
        <ele>141.75</ele>
        <extensions>
          <gpxtpx:TrackPointExtension>
            <gpxtpx:Extensions>
              <highway>tertiary</highway>
            </gpxtpx:Extensions>
          </gpxtpx:TrackPointExtension>
        </extensions>
      </trkpt>
      <trkpt lat="48.869834" lon="-0.799537">
        <ele>140.75</ele>
        <extensions>
          <gpxtpx:TrackPointExtension>
            <gpxtpx:Extensions>
              <highway>tertiary</highway>
            </gpxtpx:Extensions>
          </gpxtpx:TrackPointExtension>
        </extensions>
      </trkpt>
      <trkpt lat="48.869678" lon="-0.799883">
        <ele>140</ele>
        <extensions>
          <gpxtpx:TrackPointExtension>
            <gpxtpx:Extensions>
              <highway>tertiary</highway>
            </gpxtpx:Extensions>
          </gpxtpx:TrackPointExtension>
        </extensions>
      </trkpt>
      <trkpt lat="48.869471" lon="-0.800427">
        <ele>139.75</ele>
        <extensions>
          <gpxtpx:TrackPointExtension>
            <gpxtpx:Extensions>
              <highway>tertiary</highway>
            </gpxtpx:Extensions>
          </gpxtpx:TrackPointExtension>
        </extensions>
      </trkpt>
      <trkpt lat="48.869405" lon="-0.800555">
        <ele>139.5</ele>
        <extensions>
          <gpxtpx:TrackPointExtension>
            <gpxtpx:Extensions>
              <highway>tertiary</highway>
            </gpxtpx:Extensions>
          </gpxtpx:TrackPointExtension>
        </extensions>
      </trkpt>
      <trkpt lat="48.869339" lon="-0.800654">
        <ele>139.25</ele>
        <extensions>
          <gpxtpx:TrackPointExtension>
            <gpxtpx:Extensions>
              <highway>tertiary</highway>
            </gpxtpx:Extensions>
          </gpxtpx:TrackPointExtension>
        </extensions>
      </trkpt>
      <trkpt lat="48.869255" lon="-0.800771">
        <ele>138.75</ele>
        <extensions>
          <gpxtpx:TrackPointExtension>
            <gpxtpx:Extensions>
              <highway>tertiary</highway>
            </gpxtpx:Extensions>
          </gpxtpx:TrackPointExtension>
        </extensions>
      </trkpt>
      <trkpt lat="48.869128" lon="-0.800917">
        <ele>138.25</ele>
        <extensions>
          <gpxtpx:TrackPointExtension>
            <gpxtpx:Extensions>
              <highway>tertiary</highway>
            </gpxtpx:Extensions>
          </gpxtpx:TrackPointExtension>
        </extensions>
      </trkpt>
      <trkpt lat="48.868896" lon="-0.80115">
        <ele>138.25</ele>
        <extensions>
          <gpxtpx:TrackPointExtension>
            <gpxtpx:Extensions>
              <highway>tertiary</highway>
            </gpxtpx:Extensions>
          </gpxtpx:TrackPointExtension>
        </extensions>
      </trkpt>
      <trkpt lat="48.868837" lon="-0.801219">
        <ele>138.25</ele>
        <extensions>
          <gpxtpx:TrackPointExtension>
            <gpxtpx:Extensions>
              <highway>tertiary</highway>
            </gpxtpx:Extensions>
          </gpxtpx:TrackPointExtension>
        </extensions>
      </trkpt>
      <trkpt lat="48.868285" lon="-0.80187">
        <ele>135.75</ele>
        <extensions>
          <gpxtpx:TrackPointExtension>
            <gpxtpx:Extensions>
              <highway>tertiary</highway>
            </gpxtpx:Extensions>
          </gpxtpx:TrackPointExtension>
        </extensions>
      </trkpt>
      <trkpt lat="48.867859" lon="-0.802393">
        <ele>133.75</ele>
        <extensions>
          <gpxtpx:TrackPointExtension>
            <gpxtpx:Extensions>
              <highway>tertiary</highway>
            </gpxtpx:Extensions>
          </gpxtpx:TrackPointExtension>
        </extensions>
      </trkpt>
      <trkpt lat="48.867588" lon="-0.802741">
        <ele>132.75</ele>
        <extensions>
          <gpxtpx:TrackPointExtension>
            <gpxtpx:Extensions>
              <highway>tertiary</highway>
            </gpxtpx:Extensions>
          </gpxtpx:TrackPointExtension>
        </extensions>
      </trkpt>
      <trkpt lat="48.867399" lon="-0.803136">
        <ele>132</ele>
        <extensions>
          <gpxtpx:TrackPointExtension>
            <gpxtpx:Extensions>
              <highway>tertiary</highway>
            </gpxtpx:Extensions>
          </gpxtpx:TrackPointExtension>
        </extensions>
      </trkpt>
      <trkpt lat="48.867138" lon="-0.803744">
        <ele>131.5</ele>
        <extensions>
          <gpxtpx:TrackPointExtension>
            <gpxtpx:Extensions>
              <highway>tertiary</highway>
            </gpxtpx:Extensions>
          </gpxtpx:TrackPointExtension>
        </extensions>
      </trkpt>
      <trkpt lat="48.867112" lon="-0.803804">
        <ele>131.5</ele>
        <extensions>
          <gpxtpx:TrackPointExtension>
            <gpxtpx:Extensions>
              <highway>unclassified</highway>
            </gpxtpx:Extensions>
          </gpxtpx:TrackPointExtension>
        </extensions>
      </trkpt>
      <trkpt lat="48.867005" lon="-0.80416">
        <ele>132</ele>
        <extensions>
          <gpxtpx:TrackPointExtension>
            <gpxtpx:Extensions>
              <highway>unclassified</highway>
            </gpxtpx:Extensions>
          </gpxtpx:TrackPointExtension>
        </extensions>
      </trkpt>
      <trkpt lat="48.866899" lon="-0.804511">
        <ele>132.25</ele>
        <extensions>
          <gpxtpx:TrackPointExtension>
            <gpxtpx:Extensions>
              <highway>unclassified</highway>
            </gpxtpx:Extensions>
          </gpxtpx:TrackPointExtension>
        </extensions>
      </trkpt>
      <trkpt lat="48.866447" lon="-0.805651">
        <ele>131</ele>
        <extensions>
          <gpxtpx:TrackPointExtension>
            <gpxtpx:Extensions>
              <highway>unclassified</highway>
            </gpxtpx:Extensions>
          </gpxtpx:TrackPointExtension>
        </extensions>
      </trkpt>
      <trkpt lat="48.866187" lon="-0.806415">
        <ele>131</ele>
        <extensions>
          <gpxtpx:TrackPointExtension>
            <gpxtpx:Extensions>
              <highway>unclassified</highway>
            </gpxtpx:Extensions>
          </gpxtpx:TrackPointExtension>
        </extensions>
      </trkpt>
      <trkpt lat="48.865714" lon="-0.807882">
        <ele>133.5</ele>
        <extensions>
          <gpxtpx:TrackPointExtension>
            <gpxtpx:Extensions>
              <highway>unclassified</highway>
            </gpxtpx:Extensions>
          </gpxtpx:TrackPointExtension>
        </extensions>
      </trkpt>
      <trkpt lat="48.865485" lon="-0.808674">
        <ele>134</ele>
        <extensions>
          <gpxtpx:TrackPointExtension>
            <gpxtpx:Extensions>
              <highway>unclassified</highway>
            </gpxtpx:Extensions>
          </gpxtpx:TrackPointExtension>
        </extensions>
      </trkpt>
      <trkpt lat="48.865477" lon="-0.80871">
        <ele>134.25</ele>
        <extensions>
          <gpxtpx:TrackPointExtension>
            <gpxtpx:Extensions>
              <highway>unclassified</highway>
            </gpxtpx:Extensions>
          </gpxtpx:TrackPointExtension>
        </extensions>
      </trkpt>
      <trkpt lat="48.865342" lon="-0.809288">
        <ele>135</ele>
        <extensions>
          <gpxtpx:TrackPointExtension>
            <gpxtpx:Extensions>
              <highway>unclassified</highway>
            </gpxtpx:Extensions>
          </gpxtpx:TrackPointExtension>
        </extensions>
      </trkpt>
      <trkpt lat="48.865271" lon="-0.809677">
        <ele>135.25</ele>
        <extensions>
          <gpxtpx:TrackPointExtension>
            <gpxtpx:Extensions>
              <highway>unclassified</highway>
            </gpxtpx:Extensions>
          </gpxtpx:TrackPointExtension>
        </extensions>
      </trkpt>
      <trkpt lat="48.864986" lon="-0.811554">
        <ele>135.5</ele>
        <extensions>
          <gpxtpx:TrackPointExtension>
            <gpxtpx:Extensions>
              <highway>unclassified</highway>
            </gpxtpx:Extensions>
          </gpxtpx:TrackPointExtension>
        </extensions>
      </trkpt>
      <trkpt lat="48.864861" lon="-0.812348">
        <ele>136.5</ele>
        <extensions>
          <gpxtpx:TrackPointExtension>
            <gpxtpx:Extensions>
              <highway>unclassified</highway>
            </gpxtpx:Extensions>
          </gpxtpx:TrackPointExtension>
        </extensions>
      </trkpt>
      <trkpt lat="48.864424" lon="-0.815266">
        <ele>137.75</ele>
        <extensions>
          <gpxtpx:TrackPointExtension>
            <gpxtpx:Extensions>
              <highway>unclassified</highway>
            </gpxtpx:Extensions>
          </gpxtpx:TrackPointExtension>
        </extensions>
      </trkpt>
      <trkpt lat="48.86434" lon="-0.815962">
        <ele>137.25</ele>
        <extensions>
          <gpxtpx:TrackPointExtension>
            <gpxtpx:Extensions>
              <highway>unclassified</highway>
            </gpxtpx:Extensions>
          </gpxtpx:TrackPointExtension>
        </extensions>
      </trkpt>
      <trkpt lat="48.864272" lon="-0.816615">
        <ele>139.5</ele>
        <extensions>
          <gpxtpx:TrackPointExtension>
            <gpxtpx:Extensions>
              <highway>unclassified</highway>
            </gpxtpx:Extensions>
          </gpxtpx:TrackPointExtension>
        </extensions>
      </trkpt>
      <trkpt lat="48.864243" lon="-0.816856">
        <ele>139</ele>
        <extensions>
          <gpxtpx:TrackPointExtension>
            <gpxtpx:Extensions>
              <highway>unclassified</highway>
            </gpxtpx:Extensions>
          </gpxtpx:TrackPointExtension>
        </extensions>
      </trkpt>
      <trkpt lat="48.864172" lon="-0.817655">
        <ele>136.5</ele>
        <extensions>
          <gpxtpx:TrackPointExtension>
            <gpxtpx:Extensions>
              <highway>unclassified</highway>
            </gpxtpx:Extensions>
          </gpxtpx:TrackPointExtension>
        </extensions>
      </trkpt>
      <trkpt lat="48.864166" lon="-0.817717">
        <ele>136.25</ele>
        <extensions>
          <gpxtpx:TrackPointExtension>
            <gpxtpx:Extensions>
              <highway>unclassified</highway>
            </gpxtpx:Extensions>
          </gpxtpx:TrackPointExtension>
        </extensions>
      </trkpt>
      <trkpt lat="48.864154" lon="-0.817833">
        <ele>136</ele>
        <extensions>
          <gpxtpx:TrackPointExtension>
            <gpxtpx:Extensions>
              <highway>unclassified</highway>
            </gpxtpx:Extensions>
          </gpxtpx:TrackPointExtension>
        </extensions>
      </trkpt>
      <trkpt lat="48.86414" lon="-0.818392">
        <ele>134.5</ele>
        <extensions>
          <gpxtpx:TrackPointExtension>
            <gpxtpx:Extensions>
              <highway>unclassified</highway>
            </gpxtpx:Extensions>
          </gpxtpx:TrackPointExtension>
        </extensions>
      </trkpt>
      <trkpt lat="48.864138" lon="-0.818501">
        <ele>134.25</ele>
        <extensions>
          <gpxtpx:TrackPointExtension>
            <gpxtpx:Extensions>
              <highway>unclassified</highway>
            </gpxtpx:Extensions>
          </gpxtpx:TrackPointExtension>
        </extensions>
      </trkpt>
      <trkpt lat="48.86412" lon="-0.818714">
        <ele>133.5</ele>
        <extensions>
          <gpxtpx:TrackPointExtension>
            <gpxtpx:Extensions>
              <highway>unclassified</highway>
            </gpxtpx:Extensions>
          </gpxtpx:TrackPointExtension>
        </extensions>
      </trkpt>
      <trkpt lat="48.864081" lon="-0.819164">
        <ele>132.25</ele>
        <extensions>
          <gpxtpx:TrackPointExtension>
            <gpxtpx:Extensions>
              <highway>unclassified</highway>
            </gpxtpx:Extensions>
          </gpxtpx:TrackPointExtension>
        </extensions>
      </trkpt>
      <trkpt lat="48.864021" lon="-0.819688">
        <ele>132.25</ele>
        <extensions>
          <gpxtpx:TrackPointExtension>
            <gpxtpx:Extensions>
              <highway>unclassified</highway>
            </gpxtpx:Extensions>
          </gpxtpx:TrackPointExtension>
        </extensions>
      </trkpt>
      <trkpt lat="48.863987" lon="-0.820056">
        <ele>132.25</ele>
        <extensions>
          <gpxtpx:TrackPointExtension>
            <gpxtpx:Extensions>
              <highway>unclassified</highway>
            </gpxtpx:Extensions>
          </gpxtpx:TrackPointExtension>
        </extensions>
      </trkpt>
      <trkpt lat="48.863976" lon="-0.820405">
        <ele>131.75</ele>
        <extensions>
          <gpxtpx:TrackPointExtension>
            <gpxtpx:Extensions>
              <highway>unclassified</highway>
            </gpxtpx:Extensions>
          </gpxtpx:TrackPointExtension>
        </extensions>
      </trkpt>
      <trkpt lat="48.863997" lon="-0.821089">
        <ele>131</ele>
        <extensions>
          <gpxtpx:TrackPointExtension>
            <gpxtpx:Extensions>
              <highway>unclassified</highway>
            </gpxtpx:Extensions>
          </gpxtpx:TrackPointExtension>
        </extensions>
      </trkpt>
      <trkpt lat="48.864003" lon="-0.821503">
        <ele>131</ele>
        <extensions>
          <gpxtpx:TrackPointExtension>
            <gpxtpx:Extensions>
              <highway>unclassified</highway>
            </gpxtpx:Extensions>
          </gpxtpx:TrackPointExtension>
        </extensions>
      </trkpt>
      <trkpt lat="48.863902" lon="-0.823357">
        <ele>130</ele>
        <extensions>
          <gpxtpx:TrackPointExtension>
            <gpxtpx:Extensions>
              <highway>unclassified</highway>
            </gpxtpx:Extensions>
          </gpxtpx:TrackPointExtension>
        </extensions>
      </trkpt>
      <trkpt lat="48.863743" lon="-0.826059">
        <ele>130.25</ele>
        <extensions>
          <gpxtpx:TrackPointExtension>
            <gpxtpx:Extensions>
              <highway>unclassified</highway>
            </gpxtpx:Extensions>
          </gpxtpx:TrackPointExtension>
        </extensions>
      </trkpt>
      <trkpt lat="48.863701" lon="-0.82643">
        <ele>130</ele>
        <extensions>
          <gpxtpx:TrackPointExtension>
            <gpxtpx:Extensions>
              <highway>unclassified</highway>
            </gpxtpx:Extensions>
          </gpxtpx:TrackPointExtension>
        </extensions>
      </trkpt>
      <trkpt lat="48.863635" lon="-0.826796">
        <ele>129.25</ele>
        <extensions>
          <gpxtpx:TrackPointExtension>
            <gpxtpx:Extensions>
              <highway>unclassified</highway>
            </gpxtpx:Extensions>
          </gpxtpx:TrackPointExtension>
        </extensions>
      </trkpt>
      <trkpt lat="48.863538" lon="-0.827244">
        <ele>128</ele>
        <extensions>
          <gpxtpx:TrackPointExtension>
            <gpxtpx:Extensions>
              <highway>unclassified</highway>
            </gpxtpx:Extensions>
          </gpxtpx:TrackPointExtension>
        </extensions>
      </trkpt>
      <trkpt lat="48.863156" lon="-0.828824">
        <ele>126</ele>
        <extensions>
          <gpxtpx:TrackPointExtension>
            <gpxtpx:Extensions>
              <highway>unclassified</highway>
            </gpxtpx:Extensions>
          </gpxtpx:TrackPointExtension>
        </extensions>
      </trkpt>
      <trkpt lat="48.862888" lon="-0.830238">
        <ele>125</ele>
        <extensions>
          <gpxtpx:TrackPointExtension>
            <gpxtpx:Extensions>
              <highway>unclassified</highway>
            </gpxtpx:Extensions>
          </gpxtpx:TrackPointExtension>
        </extensions>
      </trkpt>
      <trkpt lat="48.862827" lon="-0.830586">
        <ele>124</ele>
        <extensions>
          <gpxtpx:TrackPointExtension>
            <gpxtpx:Extensions>
              <highway>unclassified</highway>
            </gpxtpx:Extensions>
          </gpxtpx:TrackPointExtension>
        </extensions>
      </trkpt>
      <trkpt lat="48.862786" lon="-0.830908">
        <ele>123.25</ele>
        <extensions>
          <gpxtpx:TrackPointExtension>
            <gpxtpx:Extensions>
              <highway>unclassified</highway>
            </gpxtpx:Extensions>
          </gpxtpx:TrackPointExtension>
        </extensions>
      </trkpt>
      <trkpt lat="48.862765" lon="-0.831179">
        <ele>122.75</ele>
        <extensions>
          <gpxtpx:TrackPointExtension>
            <gpxtpx:Extensions>
              <highway>unclassified</highway>
            </gpxtpx:Extensions>
          </gpxtpx:TrackPointExtension>
        </extensions>
      </trkpt>
      <trkpt lat="48.862764" lon="-0.831609">
        <ele>122.25</ele>
        <extensions>
          <gpxtpx:TrackPointExtension>
            <gpxtpx:Extensions>
              <highway>unclassified</highway>
            </gpxtpx:Extensions>
          </gpxtpx:TrackPointExtension>
        </extensions>
      </trkpt>
      <trkpt lat="48.862769" lon="-0.831731">
        <ele>122.25</ele>
        <extensions>
          <gpxtpx:TrackPointExtension>
            <gpxtpx:Extensions>
              <highway>unclassified</highway>
            </gpxtpx:Extensions>
          </gpxtpx:TrackPointExtension>
        </extensions>
      </trkpt>
      <trkpt lat="48.862872" lon="-0.83324">
        <ele>119</ele>
        <extensions>
          <gpxtpx:TrackPointExtension>
            <gpxtpx:Extensions>
              <highway>unclassified</highway>
            </gpxtpx:Extensions>
          </gpxtpx:TrackPointExtension>
        </extensions>
      </trkpt>
      <trkpt lat="48.863197" lon="-0.833417">
        <ele>119.75</ele>
        <extensions>
          <gpxtpx:TrackPointExtension>
            <gpxtpx:Extensions>
              <highway>unclassified</highway>
            </gpxtpx:Extensions>
          </gpxtpx:TrackPointExtension>
        </extensions>
      </trkpt>
      <trkpt lat="48.86331" lon="-0.833536">
        <ele>120.75</ele>
        <extensions>
          <gpxtpx:TrackPointExtension>
            <gpxtpx:Extensions>
              <highway>unclassified</highway>
            </gpxtpx:Extensions>
          </gpxtpx:TrackPointExtension>
        </extensions>
      </trkpt>
      <trkpt lat="48.863347" lon="-0.833637">
        <ele>121.5</ele>
        <extensions>
          <gpxtpx:TrackPointExtension>
            <gpxtpx:Extensions>
              <highway>unclassified</highway>
            </gpxtpx:Extensions>
          </gpxtpx:TrackPointExtension>
        </extensions>
      </trkpt>
      <trkpt lat="48.863384" lon="-0.833793">
        <ele>122.5</ele>
        <extensions>
          <gpxtpx:TrackPointExtension>
            <gpxtpx:Extensions>
              <highway>unclassified</highway>
            </gpxtpx:Extensions>
          </gpxtpx:TrackPointExtension>
        </extensions>
      </trkpt>
      <trkpt lat="48.863408" lon="-0.833951">
        <ele>123.5</ele>
        <extensions>
          <gpxtpx:TrackPointExtension>
            <gpxtpx:Extensions>
              <highway>unclassified</highway>
            </gpxtpx:Extensions>
          </gpxtpx:TrackPointExtension>
        </extensions>
      </trkpt>
      <trkpt lat="48.863419" lon="-0.834104">
        <ele>124.5</ele>
        <extensions>
          <gpxtpx:TrackPointExtension>
            <gpxtpx:Extensions>
              <highway>unclassified</highway>
            </gpxtpx:Extensions>
          </gpxtpx:TrackPointExtension>
        </extensions>
      </trkpt>
      <trkpt lat="48.863406" lon="-0.834277">
        <ele>125.25</ele>
        <extensions>
          <gpxtpx:TrackPointExtension>
            <gpxtpx:Extensions>
              <highway>unclassified</highway>
            </gpxtpx:Extensions>
          </gpxtpx:TrackPointExtension>
        </extensions>
      </trkpt>
      <trkpt lat="48.863371" lon="-0.834455">
        <ele>126</ele>
        <extensions>
          <gpxtpx:TrackPointExtension>
            <gpxtpx:Extensions>
              <highway>unclassified</highway>
            </gpxtpx:Extensions>
          </gpxtpx:TrackPointExtension>
        </extensions>
      </trkpt>
      <trkpt lat="48.86323" lon="-0.834989">
        <ele>127.25</ele>
        <extensions>
          <gpxtpx:TrackPointExtension>
            <gpxtpx:Extensions>
              <highway>unclassified</highway>
            </gpxtpx:Extensions>
          </gpxtpx:TrackPointExtension>
        </extensions>
      </trkpt>
      <trkpt lat="48.862932" lon="-0.836235">
        <ele>126.75</ele>
        <extensions>
          <gpxtpx:TrackPointExtension>
            <gpxtpx:Extensions>
              <highway>unclassified</highway>
            </gpxtpx:Extensions>
          </gpxtpx:TrackPointExtension>
        </extensions>
      </trkpt>
      <trkpt lat="48.86289" lon="-0.836419">
        <ele>126.5</ele>
        <extensions>
          <gpxtpx:TrackPointExtension>
            <gpxtpx:Extensions>
              <highway>unclassified</highway>
            </gpxtpx:Extensions>
          </gpxtpx:TrackPointExtension>
        </extensions>
      </trkpt>
      <trkpt lat="48.862851" lon="-0.836699">
        <ele>126.5</ele>
        <extensions>
          <gpxtpx:TrackPointExtension>
            <gpxtpx:Extensions>
              <highway>unclassified</highway>
            </gpxtpx:Extensions>
          </gpxtpx:TrackPointExtension>
        </extensions>
      </trkpt>
      <trkpt lat="48.862826" lon="-0.8373">
        <ele>126.5</ele>
        <extensions>
          <gpxtpx:TrackPointExtension>
            <gpxtpx:Extensions>
              <highway>unclassified</highway>
            </gpxtpx:Extensions>
          </gpxtpx:TrackPointExtension>
        </extensions>
      </trkpt>
      <trkpt lat="48.862824" lon="-0.838225">
        <ele>125.75</ele>
        <extensions>
          <gpxtpx:TrackPointExtension>
            <gpxtpx:Extensions>
              <highway>unclassified</highway>
            </gpxtpx:Extensions>
          </gpxtpx:TrackPointExtension>
        </extensions>
      </trkpt>
      <trkpt lat="48.862835" lon="-0.838409">
        <ele>125.75</ele>
        <extensions>
          <gpxtpx:TrackPointExtension>
            <gpxtpx:Extensions>
              <highway>unclassified</highway>
            </gpxtpx:Extensions>
          </gpxtpx:TrackPointExtension>
        </extensions>
      </trkpt>
      <trkpt lat="48.862856" lon="-0.83854">
        <ele>126.25</ele>
        <extensions>
          <gpxtpx:TrackPointExtension>
            <gpxtpx:Extensions>
              <highway>unclassified</highway>
            </gpxtpx:Extensions>
          </gpxtpx:TrackPointExtension>
        </extensions>
      </trkpt>
      <trkpt lat="48.862901" lon="-0.838673">
        <ele>127.25</ele>
        <extensions>
          <gpxtpx:TrackPointExtension>
            <gpxtpx:Extensions>
              <highway>unclassified</highway>
            </gpxtpx:Extensions>
          </gpxtpx:TrackPointExtension>
        </extensions>
      </trkpt>
      <trkpt lat="48.863716" lon="-0.840288">
        <ele>139</ele>
        <extensions>
          <gpxtpx:TrackPointExtension>
            <gpxtpx:Extensions>
              <highway>secondary</highway>
              <surface>asphalt</surface>
            </gpxtpx:Extensions>
          </gpxtpx:TrackPointExtension>
        </extensions>
      </trkpt>
      <trkpt lat="48.862688" lon="-0.841882">
        <ele>130</ele>
        <extensions>
          <gpxtpx:TrackPointExtension>
            <gpxtpx:Extensions>
              <highway>secondary</highway>
              <surface>asphalt</surface>
            </gpxtpx:Extensions>
          </gpxtpx:TrackPointExtension>
        </extensions>
      </trkpt>
      <trkpt lat="48.862539" lon="-0.842357">
        <ele>129</ele>
        <extensions>
          <gpxtpx:TrackPointExtension>
            <gpxtpx:Extensions>
              <highway>secondary</highway>
              <surface>asphalt</surface>
            </gpxtpx:Extensions>
          </gpxtpx:TrackPointExtension>
        </extensions>
      </trkpt>
      <trkpt lat="48.862163" lon="-0.843628">
        <ele>127.75</ele>
        <extensions>
          <gpxtpx:TrackPointExtension>
            <gpxtpx:Extensions>
              <highway>secondary</highway>
              <surface>asphalt</surface>
            </gpxtpx:Extensions>
          </gpxtpx:TrackPointExtension>
        </extensions>
      </trkpt>
      <trkpt lat="48.861738" lon="-0.844393">
        <ele>122.5</ele>
        <extensions>
          <gpxtpx:TrackPointExtension>
            <gpxtpx:Extensions>
              <highway>secondary</highway>
              <surface>asphalt</surface>
            </gpxtpx:Extensions>
          </gpxtpx:TrackPointExtension>
        </extensions>
      </trkpt>
      <trkpt lat="48.860711" lon="-0.845952">
        <ele>115.5</ele>
        <extensions>
          <gpxtpx:TrackPointExtension>
            <gpxtpx:Extensions>
              <highway>secondary</highway>
              <surface>asphalt</surface>
            </gpxtpx:Extensions>
          </gpxtpx:TrackPointExtension>
        </extensions>
      </trkpt>
      <trkpt lat="48.860325" lon="-0.846232">
        <ele>113</ele>
        <extensions>
          <gpxtpx:TrackPointExtension>
            <gpxtpx:Extensions>
              <highway>secondary</highway>
              <surface>asphalt</surface>
            </gpxtpx:Extensions>
          </gpxtpx:TrackPointExtension>
        </extensions>
      </trkpt>
      <trkpt lat="48.859752" lon="-0.846216">
        <ele>111.5</ele>
        <extensions>
          <gpxtpx:TrackPointExtension>
            <gpxtpx:Extensions>
              <highway>secondary</highway>
            </gpxtpx:Extensions>
          </gpxtpx:TrackPointExtension>
        </extensions>
      </trkpt>
      <trkpt lat="48.8596" lon="-0.846212">
        <ele>112</ele>
        <extensions>
          <gpxtpx:TrackPointExtension>
            <gpxtpx:Extensions>
              <highway>secondary</highway>
              <surface>asphalt</surface>
            </gpxtpx:Extensions>
          </gpxtpx:TrackPointExtension>
        </extensions>
      </trkpt>
      <trkpt lat="48.85922" lon="-0.846208">
        <ele>112.75</ele>
        <extensions>
          <gpxtpx:TrackPointExtension>
            <gpxtpx:Extensions>
              <highway>secondary</highway>
              <surface>asphalt</surface>
            </gpxtpx:Extensions>
          </gpxtpx:TrackPointExtension>
        </extensions>
      </trkpt>
      <trkpt lat="48.858071" lon="-0.846195">
        <ele>116.75</ele>
        <extensions>
          <gpxtpx:TrackPointExtension>
            <gpxtpx:Extensions>
              <highway>secondary</highway>
              <surface>asphalt</surface>
            </gpxtpx:Extensions>
          </gpxtpx:TrackPointExtension>
        </extensions>
      </trkpt>
      <trkpt lat="48.85801" lon="-0.846204">
        <ele>116.75</ele>
        <extensions>
          <gpxtpx:TrackPointExtension>
            <gpxtpx:Extensions>
              <highway>secondary</highway>
              <surface>asphalt</surface>
            </gpxtpx:Extensions>
          </gpxtpx:TrackPointExtension>
        </extensions>
      </trkpt>
      <trkpt lat="48.857952" lon="-0.846228">
        <ele>117</ele>
        <extensions>
          <gpxtpx:TrackPointExtension>
            <gpxtpx:Extensions>
              <highway>secondary</highway>
              <surface>asphalt</surface>
            </gpxtpx:Extensions>
          </gpxtpx:TrackPointExtension>
        </extensions>
      </trkpt>
      <trkpt lat="48.857894" lon="-0.846274">
        <ele>117.25</ele>
        <extensions>
          <gpxtpx:TrackPointExtension>
            <gpxtpx:Extensions>
              <highway>secondary</highway>
              <surface>asphalt</surface>
            </gpxtpx:Extensions>
          </gpxtpx:TrackPointExtension>
        </extensions>
      </trkpt>
      <trkpt lat="48.857839" lon="-0.846347">
        <ele>117.25</ele>
        <extensions>
          <gpxtpx:TrackPointExtension>
            <gpxtpx:Extensions>
              <highway>secondary</highway>
              <surface>asphalt</surface>
            </gpxtpx:Extensions>
          </gpxtpx:TrackPointExtension>
        </extensions>
      </trkpt>
      <trkpt lat="48.8578" lon="-0.846441">
        <ele>117.25</ele>
        <extensions>
          <gpxtpx:TrackPointExtension>
            <gpxtpx:Extensions>
              <highway>secondary</highway>
              <surface>asphalt</surface>
            </gpxtpx:Extensions>
          </gpxtpx:TrackPointExtension>
        </extensions>
      </trkpt>
      <trkpt lat="48.857779" lon="-0.846538">
        <ele>117.25</ele>
        <extensions>
          <gpxtpx:TrackPointExtension>
            <gpxtpx:Extensions>
              <highway>secondary</highway>
              <surface>asphalt</surface>
            </gpxtpx:Extensions>
          </gpxtpx:TrackPointExtension>
        </extensions>
      </trkpt>
      <trkpt lat="48.857768" lon="-0.846653">
        <ele>117.25</ele>
        <extensions>
          <gpxtpx:TrackPointExtension>
            <gpxtpx:Extensions>
              <highway>secondary</highway>
              <surface>asphalt</surface>
            </gpxtpx:Extensions>
          </gpxtpx:TrackPointExtension>
        </extensions>
      </trkpt>
      <trkpt lat="48.857765" lon="-0.846859">
        <ele>117.75</ele>
        <extensions>
          <gpxtpx:TrackPointExtension>
            <gpxtpx:Extensions>
              <highway>secondary</highway>
              <surface>asphalt</surface>
            </gpxtpx:Extensions>
          </gpxtpx:TrackPointExtension>
        </extensions>
      </trkpt>
      <trkpt lat="48.857785" lon="-0.847951">
        <ele>120.25</ele>
        <extensions>
          <gpxtpx:TrackPointExtension>
            <gpxtpx:Extensions>
              <highway>secondary</highway>
              <surface>asphalt</surface>
            </gpxtpx:Extensions>
          </gpxtpx:TrackPointExtension>
        </extensions>
      </trkpt>
      <trkpt lat="48.857767" lon="-0.848524">
        <ele>121.25</ele>
        <extensions>
          <gpxtpx:TrackPointExtension>
            <gpxtpx:Extensions>
              <highway>secondary</highway>
              <surface>asphalt</surface>
            </gpxtpx:Extensions>
          </gpxtpx:TrackPointExtension>
        </extensions>
      </trkpt>
      <trkpt lat="48.857715" lon="-0.849013">
        <ele>121.25</ele>
        <extensions>
          <gpxtpx:TrackPointExtension>
            <gpxtpx:Extensions>
              <highway>secondary</highway>
              <surface>asphalt</surface>
            </gpxtpx:Extensions>
          </gpxtpx:TrackPointExtension>
        </extensions>
      </trkpt>
      <trkpt lat="48.857664" lon="-0.84934">
        <ele>121.5</ele>
        <extensions>
          <gpxtpx:TrackPointExtension>
            <gpxtpx:Extensions>
              <highway>secondary</highway>
              <surface>asphalt</surface>
            </gpxtpx:Extensions>
          </gpxtpx:TrackPointExtension>
        </extensions>
      </trkpt>
      <trkpt lat="48.85761" lon="-0.84963">
        <ele>121.5</ele>
        <extensions>
          <gpxtpx:TrackPointExtension>
            <gpxtpx:Extensions>
              <highway>secondary</highway>
              <surface>asphalt</surface>
            </gpxtpx:Extensions>
          </gpxtpx:TrackPointExtension>
        </extensions>
      </trkpt>
      <trkpt lat="48.857522" lon="-0.85005">
        <ele>122</ele>
        <extensions>
          <gpxtpx:TrackPointExtension>
            <gpxtpx:Extensions>
              <highway>secondary</highway>
              <surface>asphalt</surface>
            </gpxtpx:Extensions>
          </gpxtpx:TrackPointExtension>
        </extensions>
      </trkpt>
      <trkpt lat="48.857405" lon="-0.850504">
        <ele>122.75</ele>
        <extensions>
          <gpxtpx:TrackPointExtension>
            <gpxtpx:Extensions>
              <highway>secondary</highway>
              <surface>asphalt</surface>
            </gpxtpx:Extensions>
          </gpxtpx:TrackPointExtension>
        </extensions>
      </trkpt>
      <trkpt lat="48.857341" lon="-0.850727">
        <ele>123.25</ele>
        <extensions>
          <gpxtpx:TrackPointExtension>
            <gpxtpx:Extensions>
              <highway>secondary</highway>
              <surface>asphalt</surface>
            </gpxtpx:Extensions>
          </gpxtpx:TrackPointExtension>
        </extensions>
      </trkpt>
      <trkpt lat="48.857153" lon="-0.851327">
        <ele>123</ele>
        <extensions>
          <gpxtpx:TrackPointExtension>
            <gpxtpx:Extensions>
              <highway>secondary</highway>
              <surface>asphalt</surface>
            </gpxtpx:Extensions>
          </gpxtpx:TrackPointExtension>
        </extensions>
      </trkpt>
      <trkpt lat="48.856761" lon="-0.852516">
        <ele>122</ele>
        <extensions>
          <gpxtpx:TrackPointExtension>
            <gpxtpx:Extensions>
              <highway>secondary</highway>
              <surface>asphalt</surface>
            </gpxtpx:Extensions>
          </gpxtpx:TrackPointExtension>
        </extensions>
      </trkpt>
      <trkpt lat="48.85651" lon="-0.853217">
        <ele>121</ele>
        <extensions>
          <gpxtpx:TrackPointExtension>
            <gpxtpx:Extensions>
              <highway>secondary</highway>
              <surface>asphalt</surface>
            </gpxtpx:Extensions>
          </gpxtpx:TrackPointExtension>
        </extensions>
      </trkpt>
      <trkpt lat="48.856319" lon="-0.853704">
        <ele>120.25</ele>
        <extensions>
          <gpxtpx:TrackPointExtension>
            <gpxtpx:Extensions>
              <highway>secondary</highway>
              <surface>asphalt</surface>
            </gpxtpx:Extensions>
          </gpxtpx:TrackPointExtension>
        </extensions>
      </trkpt>
      <trkpt lat="48.855616" lon="-0.855086">
        <ele>120.5</ele>
        <extensions>
          <gpxtpx:TrackPointExtension>
            <gpxtpx:Extensions>
              <highway>secondary</highway>
              <surface>asphalt</surface>
            </gpxtpx:Extensions>
          </gpxtpx:TrackPointExtension>
        </extensions>
      </trkpt>
      <trkpt lat="48.855171" lon="-0.855965">
        <ele>118.25</ele>
        <extensions>
          <gpxtpx:TrackPointExtension>
            <gpxtpx:Extensions>
              <highway>secondary</highway>
              <surface>asphalt</surface>
            </gpxtpx:Extensions>
          </gpxtpx:TrackPointExtension>
        </extensions>
      </trkpt>
      <trkpt lat="48.854799" lon="-0.856597">
        <ele>116.25</ele>
        <extensions>
          <gpxtpx:TrackPointExtension>
            <gpxtpx:Extensions>
              <highway>secondary</highway>
              <surface>asphalt</surface>
            </gpxtpx:Extensions>
          </gpxtpx:TrackPointExtension>
        </extensions>
      </trkpt>
      <trkpt lat="48.854537" lon="-0.856939">
        <ele>116</ele>
        <extensions>
          <gpxtpx:TrackPointExtension>
            <gpxtpx:Extensions>
              <highway>secondary</highway>
              <surface>asphalt</surface>
            </gpxtpx:Extensions>
          </gpxtpx:TrackPointExtension>
        </extensions>
      </trkpt>
      <trkpt lat="48.854391" lon="-0.857208">
        <ele>115.75</ele>
        <extensions>
          <gpxtpx:TrackPointExtension>
            <gpxtpx:Extensions>
              <highway>secondary</highway>
              <surface>asphalt</surface>
            </gpxtpx:Extensions>
          </gpxtpx:TrackPointExtension>
        </extensions>
      </trkpt>
      <trkpt lat="48.854257" lon="-0.85749">
        <ele>115.75</ele>
        <extensions>
          <gpxtpx:TrackPointExtension>
            <gpxtpx:Extensions>
              <highway>secondary</highway>
              <surface>asphalt</surface>
            </gpxtpx:Extensions>
          </gpxtpx:TrackPointExtension>
        </extensions>
      </trkpt>
      <trkpt lat="48.85419" lon="-0.857791">
        <ele>116.5</ele>
        <extensions>
          <gpxtpx:TrackPointExtension>
            <gpxtpx:Extensions>
              <highway>secondary</highway>
              <surface>asphalt</surface>
            </gpxtpx:Extensions>
          </gpxtpx:TrackPointExtension>
        </extensions>
      </trkpt>
      <trkpt lat="48.854124" lon="-0.858202">
        <ele>117.5</ele>
        <extensions>
          <gpxtpx:TrackPointExtension>
            <gpxtpx:Extensions>
              <highway>secondary</highway>
              <surface>asphalt</surface>
            </gpxtpx:Extensions>
          </gpxtpx:TrackPointExtension>
        </extensions>
      </trkpt>
      <trkpt lat="48.854097" lon="-0.858432">
        <ele>118</ele>
        <extensions>
          <gpxtpx:TrackPointExtension>
            <gpxtpx:Extensions>
              <highway>secondary</highway>
              <surface>asphalt</surface>
            </gpxtpx:Extensions>
          </gpxtpx:TrackPointExtension>
        </extensions>
      </trkpt>
      <trkpt lat="48.854028" lon="-0.858897">
        <ele>119.25</ele>
        <extensions>
          <gpxtpx:TrackPointExtension>
            <gpxtpx:Extensions>
              <highway>secondary</highway>
              <surface>asphalt</surface>
            </gpxtpx:Extensions>
          </gpxtpx:TrackPointExtension>
        </extensions>
      </trkpt>
      <trkpt lat="48.853978" lon="-0.859133">
        <ele>119.75</ele>
        <extensions>
          <gpxtpx:TrackPointExtension>
            <gpxtpx:Extensions>
              <highway>secondary</highway>
              <surface>asphalt</surface>
            </gpxtpx:Extensions>
          </gpxtpx:TrackPointExtension>
        </extensions>
      </trkpt>
      <trkpt lat="48.853926" lon="-0.859306">
        <ele>120.25</ele>
        <extensions>
          <gpxtpx:TrackPointExtension>
            <gpxtpx:Extensions>
              <highway>secondary</highway>
              <surface>asphalt</surface>
            </gpxtpx:Extensions>
          </gpxtpx:TrackPointExtension>
        </extensions>
      </trkpt>
      <trkpt lat="48.853881" lon="-0.859433">
        <ele>120.5</ele>
        <extensions>
          <gpxtpx:TrackPointExtension>
            <gpxtpx:Extensions>
              <highway>secondary</highway>
              <surface>asphalt</surface>
            </gpxtpx:Extensions>
          </gpxtpx:TrackPointExtension>
        </extensions>
      </trkpt>
      <trkpt lat="48.853753" lon="-0.859725">
        <ele>121</ele>
        <extensions>
          <gpxtpx:TrackPointExtension>
            <gpxtpx:Extensions>
              <highway>secondary</highway>
              <surface>asphalt</surface>
            </gpxtpx:Extensions>
          </gpxtpx:TrackPointExtension>
        </extensions>
      </trkpt>
      <trkpt lat="48.853593" lon="-0.860012">
        <ele>121.25</ele>
        <extensions>
          <gpxtpx:TrackPointExtension>
            <gpxtpx:Extensions>
              <highway>secondary</highway>
              <surface>asphalt</surface>
            </gpxtpx:Extensions>
          </gpxtpx:TrackPointExtension>
        </extensions>
      </trkpt>
      <trkpt lat="48.853526" lon="-0.860118">
        <ele>121.5</ele>
        <extensions>
          <gpxtpx:TrackPointExtension>
            <gpxtpx:Extensions>
              <highway>secondary</highway>
              <surface>asphalt</surface>
            </gpxtpx:Extensions>
          </gpxtpx:TrackPointExtension>
        </extensions>
      </trkpt>
      <trkpt lat="48.853411" lon="-0.860278">
        <ele>122</ele>
        <extensions>
          <gpxtpx:TrackPointExtension>
            <gpxtpx:Extensions>
              <highway>secondary</highway>
              <surface>asphalt</surface>
            </gpxtpx:Extensions>
          </gpxtpx:TrackPointExtension>
        </extensions>
      </trkpt>
      <trkpt lat="48.852862" lon="-0.861057">
        <ele>123.5</ele>
        <extensions>
          <gpxtpx:TrackPointExtension>
            <gpxtpx:Extensions>
              <highway>secondary</highway>
              <surface>asphalt</surface>
            </gpxtpx:Extensions>
          </gpxtpx:TrackPointExtension>
        </extensions>
      </trkpt>
      <trkpt lat="48.852634" lon="-0.861433">
        <ele>123.75</ele>
        <extensions>
          <gpxtpx:TrackPointExtension>
            <gpxtpx:Extensions>
              <highway>secondary</highway>
              <surface>asphalt</surface>
            </gpxtpx:Extensions>
          </gpxtpx:TrackPointExtension>
        </extensions>
      </trkpt>
      <trkpt lat="48.852469" lon="-0.861705">
        <ele>124.25</ele>
        <extensions>
          <gpxtpx:TrackPointExtension>
            <gpxtpx:Extensions>
              <highway>secondary</highway>
              <surface>asphalt</surface>
            </gpxtpx:Extensions>
          </gpxtpx:TrackPointExtension>
        </extensions>
      </trkpt>
      <trkpt lat="48.852164" lon="-0.862048">
        <ele>126.5</ele>
        <extensions>
          <gpxtpx:TrackPointExtension>
            <gpxtpx:Extensions>
              <highway>primary</highway>
              <surface>asphalt</surface>
              <junction>roundabout</junction>
            </gpxtpx:Extensions>
          </gpxtpx:TrackPointExtension>
        </extensions>
      </trkpt>
      <trkpt lat="48.85219" lon="-0.862106">
        <ele>126.5</ele>
        <extensions>
          <gpxtpx:TrackPointExtension>
            <gpxtpx:Extensions>
              <highway>primary</highway>
              <surface>asphalt</surface>
              <junction>roundabout</junction>
            </gpxtpx:Extensions>
          </gpxtpx:TrackPointExtension>
        </extensions>
      </trkpt>
      <trkpt lat="48.852206" lon="-0.862172">
        <ele>126.5</ele>
        <extensions>
          <gpxtpx:TrackPointExtension>
            <gpxtpx:Extensions>
              <highway>primary</highway>
              <surface>asphalt</surface>
              <junction>roundabout</junction>
            </gpxtpx:Extensions>
          </gpxtpx:TrackPointExtension>
        </extensions>
      </trkpt>
      <trkpt lat="48.852212" lon="-0.862242">
        <ele>126.5</ele>
        <extensions>
          <gpxtpx:TrackPointExtension>
            <gpxtpx:Extensions>
              <highway>primary</highway>
              <surface>asphalt</surface>
              <junction>roundabout</junction>
            </gpxtpx:Extensions>
          </gpxtpx:TrackPointExtension>
        </extensions>
      </trkpt>
      <trkpt lat="48.852206" lon="-0.86232">
        <ele>126.75</ele>
        <extensions>
          <gpxtpx:TrackPointExtension>
            <gpxtpx:Extensions>
              <highway>primary</highway>
              <surface>asphalt</surface>
              <junction>roundabout</junction>
            </gpxtpx:Extensions>
          </gpxtpx:TrackPointExtension>
        </extensions>
      </trkpt>
      <trkpt lat="48.852186" lon="-0.862394">
        <ele>126.75</ele>
        <extensions>
          <gpxtpx:TrackPointExtension>
            <gpxtpx:Extensions>
              <highway>primary</highway>
              <surface>asphalt</surface>
              <junction>roundabout</junction>
            </gpxtpx:Extensions>
          </gpxtpx:TrackPointExtension>
        </extensions>
      </trkpt>
      <trkpt lat="48.852154" lon="-0.862457">
        <ele>127</ele>
        <extensions>
          <gpxtpx:TrackPointExtension>
            <gpxtpx:Extensions>
              <highway>primary</highway>
              <surface>asphalt</surface>
              <junction>roundabout</junction>
            </gpxtpx:Extensions>
          </gpxtpx:TrackPointExtension>
        </extensions>
      </trkpt>
      <trkpt lat="48.852112" lon="-0.862505">
        <ele>127.25</ele>
        <extensions>
          <gpxtpx:TrackPointExtension>
            <gpxtpx:Extensions>
              <highway>primary</highway>
              <surface>asphalt</surface>
              <junction>roundabout</junction>
            </gpxtpx:Extensions>
          </gpxtpx:TrackPointExtension>
        </extensions>
      </trkpt>
      <trkpt lat="48.852074" lon="-0.86253">
        <ele>127.5</ele>
        <extensions>
          <gpxtpx:TrackPointExtension>
            <gpxtpx:Extensions>
              <highway>primary</highway>
              <surface>asphalt</surface>
              <junction>roundabout</junction>
            </gpxtpx:Extensions>
          </gpxtpx:TrackPointExtension>
        </extensions>
      </trkpt>
      <trkpt lat="48.852033" lon="-0.862542">
        <ele>127.5</ele>
        <extensions>
          <gpxtpx:TrackPointExtension>
            <gpxtpx:Extensions>
              <highway>primary</highway>
              <surface>asphalt</surface>
              <junction>roundabout</junction>
            </gpxtpx:Extensions>
          </gpxtpx:TrackPointExtension>
        </extensions>
      </trkpt>
      <trkpt lat="48.851991" lon="-0.862541">
        <ele>127.75</ele>
        <extensions>
          <gpxtpx:TrackPointExtension>
            <gpxtpx:Extensions>
              <highway>primary</highway>
              <surface>asphalt</surface>
              <junction>roundabout</junction>
            </gpxtpx:Extensions>
          </gpxtpx:TrackPointExtension>
        </extensions>
      </trkpt>
      <trkpt lat="48.85195" lon="-0.862527">
        <ele>127.75</ele>
        <extensions>
          <gpxtpx:TrackPointExtension>
            <gpxtpx:Extensions>
              <reversedirection>yes</reversedirection>
              <highway>secondary</highway>
              <surface>asphalt</surface>
            </gpxtpx:Extensions>
          </gpxtpx:TrackPointExtension>
        </extensions>
      </trkpt>
      <trkpt lat="48.851862" lon="-0.862758">
        <ele>128</ele>
        <extensions>
          <gpxtpx:TrackPointExtension>
            <gpxtpx:Extensions>
              <reversedirection>yes</reversedirection>
              <highway>secondary</highway>
              <surface>asphalt</surface>
            </gpxtpx:Extensions>
          </gpxtpx:TrackPointExtension>
        </extensions>
      </trkpt>
      <trkpt lat="48.851791" lon="-0.862991">
        <ele>128</ele>
        <extensions>
          <gpxtpx:TrackPointExtension>
            <gpxtpx:Extensions>
              <reversedirection>yes</reversedirection>
              <highway>secondary</highway>
              <surface>asphalt</surface>
            </gpxtpx:Extensions>
          </gpxtpx:TrackPointExtension>
        </extensions>
      </trkpt>
      <trkpt lat="48.851584" lon="-0.863383">
        <ele>128.5</ele>
        <extensions>
          <gpxtpx:TrackPointExtension>
            <gpxtpx:Extensions>
              <reversedirection>yes</reversedirection>
              <highway>secondary</highway>
              <surface>asphalt</surface>
            </gpxtpx:Extensions>
          </gpxtpx:TrackPointExtension>
        </extensions>
      </trkpt>
      <trkpt lat="48.851521" lon="-0.863499">
        <ele>129</ele>
        <extensions>
          <gpxtpx:TrackPointExtension>
            <gpxtpx:Extensions>
              <reversedirection>yes</reversedirection>
              <highway>secondary</highway>
              <surface>asphalt</surface>
            </gpxtpx:Extensions>
          </gpxtpx:TrackPointExtension>
        </extensions>
      </trkpt>
      <trkpt lat="48.851286" lon="-0.863945">
        <ele>130.25</ele>
        <extensions>
          <gpxtpx:TrackPointExtension>
            <gpxtpx:Extensions>
              <reversedirection>yes</reversedirection>
              <highway>secondary</highway>
              <surface>asphalt</surface>
            </gpxtpx:Extensions>
          </gpxtpx:TrackPointExtension>
        </extensions>
      </trkpt>
      <trkpt lat="48.851249" lon="-0.864012">
        <ele>130.5</ele>
        <extensions>
          <gpxtpx:TrackPointExtension>
            <gpxtpx:Extensions>
              <reversedirection>yes</reversedirection>
              <highway>secondary</highway>
              <surface>asphalt</surface>
            </gpxtpx:Extensions>
          </gpxtpx:TrackPointExtension>
        </extensions>
      </trkpt>
      <trkpt lat="48.850731" lon="-0.864902">
        <ele>132</ele>
        <extensions>
          <gpxtpx:TrackPointExtension>
            <gpxtpx:Extensions>
              <reversedirection>yes</reversedirection>
              <highway>secondary</highway>
              <surface>asphalt</surface>
            </gpxtpx:Extensions>
          </gpxtpx:TrackPointExtension>
        </extensions>
      </trkpt>
      <trkpt lat="48.850495" lon="-0.865513">
        <ele>134</ele>
        <extensions>
          <gpxtpx:TrackPointExtension>
            <gpxtpx:Extensions>
              <reversedirection>yes</reversedirection>
              <highway>secondary</highway>
              <surface>asphalt</surface>
            </gpxtpx:Extensions>
          </gpxtpx:TrackPointExtension>
        </extensions>
      </trkpt>
      <trkpt lat="48.850456" lon="-0.865614">
        <ele>134.25</ele>
        <extensions>
          <gpxtpx:TrackPointExtension>
            <gpxtpx:Extensions>
              <reversedirection>yes</reversedirection>
              <highway>secondary</highway>
              <surface>asphalt</surface>
            </gpxtpx:Extensions>
          </gpxtpx:TrackPointExtension>
        </extensions>
      </trkpt>
      <trkpt lat="48.849552" lon="-0.868403">
        <ele>132</ele>
        <extensions>
          <gpxtpx:TrackPointExtension>
            <gpxtpx:Extensions>
              <reversedirection>yes</reversedirection>
              <highway>secondary</highway>
              <surface>asphalt</surface>
            </gpxtpx:Extensions>
          </gpxtpx:TrackPointExtension>
        </extensions>
      </trkpt>
      <trkpt lat="48.849485" lon="-0.86864">
        <ele>132.75</ele>
        <extensions>
          <gpxtpx:TrackPointExtension>
            <gpxtpx:Extensions>
              <highway>secondary</highway>
              <surface>asphalt</surface>
            </gpxtpx:Extensions>
          </gpxtpx:TrackPointExtension>
        </extensions>
      </trkpt>
      <trkpt lat="48.849316" lon="-0.86938">
        <ele>134</ele>
        <extensions>
          <gpxtpx:TrackPointExtension>
            <gpxtpx:Extensions>
              <highway>secondary</highway>
              <surface>asphalt</surface>
            </gpxtpx:Extensions>
          </gpxtpx:TrackPointExtension>
        </extensions>
      </trkpt>
      <trkpt lat="48.848928" lon="-0.870977">
        <ele>134</ele>
        <extensions>
          <gpxtpx:TrackPointExtension>
            <gpxtpx:Extensions>
              <highway>secondary</highway>
              <surface>asphalt</surface>
            </gpxtpx:Extensions>
          </gpxtpx:TrackPointExtension>
        </extensions>
      </trkpt>
      <trkpt lat="48.848816" lon="-0.871438">
        <ele>134</ele>
        <extensions>
          <gpxtpx:TrackPointExtension>
            <gpxtpx:Extensions>
              <highway>secondary</highway>
              <surface>asphalt</surface>
            </gpxtpx:Extensions>
          </gpxtpx:TrackPointExtension>
        </extensions>
      </trkpt>
      <trkpt lat="48.848771" lon="-0.871728">
        <ele>134</ele>
        <extensions>
          <gpxtpx:TrackPointExtension>
            <gpxtpx:Extensions>
              <highway>secondary</highway>
              <surface>asphalt</surface>
            </gpxtpx:Extensions>
          </gpxtpx:TrackPointExtension>
        </extensions>
      </trkpt>
      <trkpt lat="48.848758" lon="-0.871948">
        <ele>133.25</ele>
        <extensions>
          <gpxtpx:TrackPointExtension>
            <gpxtpx:Extensions>
              <highway>secondary</highway>
              <surface>asphalt</surface>
            </gpxtpx:Extensions>
          </gpxtpx:TrackPointExtension>
        </extensions>
      </trkpt>
      <trkpt lat="48.848857" lon="-0.873696">
        <ele>129.75</ele>
        <extensions>
          <gpxtpx:TrackPointExtension>
            <gpxtpx:Extensions>
              <highway>secondary</highway>
              <surface>asphalt</surface>
            </gpxtpx:Extensions>
          </gpxtpx:TrackPointExtension>
        </extensions>
      </trkpt>
      <trkpt lat="48.848849" lon="-0.873862">
        <ele>129.25</ele>
        <extensions>
          <gpxtpx:TrackPointExtension>
            <gpxtpx:Extensions>
              <highway>secondary</highway>
              <surface>asphalt</surface>
            </gpxtpx:Extensions>
          </gpxtpx:TrackPointExtension>
        </extensions>
      </trkpt>
      <trkpt lat="48.848832" lon="-0.873991">
        <ele>129.25</ele>
        <extensions>
          <gpxtpx:TrackPointExtension>
            <gpxtpx:Extensions>
              <highway>secondary</highway>
              <surface>asphalt</surface>
            </gpxtpx:Extensions>
          </gpxtpx:TrackPointExtension>
        </extensions>
      </trkpt>
      <trkpt lat="48.84878" lon="-0.874187">
        <ele>129.25</ele>
        <extensions>
          <gpxtpx:TrackPointExtension>
            <gpxtpx:Extensions>
              <highway>secondary</highway>
              <surface>asphalt</surface>
            </gpxtpx:Extensions>
          </gpxtpx:TrackPointExtension>
        </extensions>
      </trkpt>
      <trkpt lat="48.848716" lon="-0.874349">
        <ele>129.5</ele>
        <extensions>
          <gpxtpx:TrackPointExtension>
            <gpxtpx:Extensions>
              <highway>secondary</highway>
              <surface>asphalt</surface>
            </gpxtpx:Extensions>
          </gpxtpx:TrackPointExtension>
        </extensions>
      </trkpt>
      <trkpt lat="48.848602" lon="-0.874528">
        <ele>130.25</ele>
        <extensions>
          <gpxtpx:TrackPointExtension>
            <gpxtpx:Extensions>
              <highway>secondary</highway>
              <surface>asphalt</surface>
            </gpxtpx:Extensions>
          </gpxtpx:TrackPointExtension>
        </extensions>
      </trkpt>
      <trkpt lat="48.848486" lon="-0.87465">
        <ele>130.75</ele>
        <extensions>
          <gpxtpx:TrackPointExtension>
            <gpxtpx:Extensions>
              <highway>secondary</highway>
              <surface>asphalt</surface>
            </gpxtpx:Extensions>
          </gpxtpx:TrackPointExtension>
        </extensions>
      </trkpt>
      <trkpt lat="48.848339" lon="-0.874712">
        <ele>131.75</ele>
        <extensions>
          <gpxtpx:TrackPointExtension>
            <gpxtpx:Extensions>
              <highway>secondary</highway>
              <surface>asphalt</surface>
            </gpxtpx:Extensions>
          </gpxtpx:TrackPointExtension>
        </extensions>
      </trkpt>
      <trkpt lat="48.848192" lon="-0.87474">
        <ele>132.25</ele>
        <extensions>
          <gpxtpx:TrackPointExtension>
            <gpxtpx:Extensions>
              <highway>secondary</highway>
              <surface>asphalt</surface>
            </gpxtpx:Extensions>
          </gpxtpx:TrackPointExtension>
        </extensions>
      </trkpt>
      <trkpt lat="48.848088" lon="-0.874738">
        <ele>132.5</ele>
        <extensions>
          <gpxtpx:TrackPointExtension>
            <gpxtpx:Extensions>
              <highway>secondary</highway>
              <surface>asphalt</surface>
            </gpxtpx:Extensions>
          </gpxtpx:TrackPointExtension>
        </extensions>
      </trkpt>
      <trkpt lat="48.847459" lon="-0.87475">
        <ele>134.5</ele>
        <extensions>
          <gpxtpx:TrackPointExtension>
            <gpxtpx:Extensions>
              <highway>secondary</highway>
              <surface>asphalt</surface>
            </gpxtpx:Extensions>
          </gpxtpx:TrackPointExtension>
        </extensions>
      </trkpt>
      <trkpt lat="48.847238" lon="-0.874755">
        <ele>136.25</ele>
        <extensions>
          <gpxtpx:TrackPointExtension>
            <gpxtpx:Extensions>
              <highway>secondary</highway>
              <surface>asphalt</surface>
            </gpxtpx:Extensions>
          </gpxtpx:TrackPointExtension>
        </extensions>
      </trkpt>
      <trkpt lat="48.847133" lon="-0.874766">
        <ele>137</ele>
        <extensions>
          <gpxtpx:TrackPointExtension>
            <gpxtpx:Extensions>
              <highway>secondary</highway>
              <surface>asphalt</surface>
            </gpxtpx:Extensions>
          </gpxtpx:TrackPointExtension>
        </extensions>
      </trkpt>
      <trkpt lat="48.847038" lon="-0.874803">
        <ele>137.75</ele>
        <extensions>
          <gpxtpx:TrackPointExtension>
            <gpxtpx:Extensions>
              <highway>secondary</highway>
              <surface>asphalt</surface>
            </gpxtpx:Extensions>
          </gpxtpx:TrackPointExtension>
        </extensions>
      </trkpt>
      <trkpt lat="48.846929" lon="-0.874873">
        <ele>138.5</ele>
        <extensions>
          <gpxtpx:TrackPointExtension>
            <gpxtpx:Extensions>
              <highway>secondary</highway>
              <surface>asphalt</surface>
            </gpxtpx:Extensions>
          </gpxtpx:TrackPointExtension>
        </extensions>
      </trkpt>
      <trkpt lat="48.846825" lon="-0.874981">
        <ele>139.5</ele>
        <extensions>
          <gpxtpx:TrackPointExtension>
            <gpxtpx:Extensions>
              <highway>secondary</highway>
              <surface>asphalt</surface>
            </gpxtpx:Extensions>
          </gpxtpx:TrackPointExtension>
        </extensions>
      </trkpt>
      <trkpt lat="48.846718" lon="-0.875161">
        <ele>140</ele>
        <extensions>
          <gpxtpx:TrackPointExtension>
            <gpxtpx:Extensions>
              <highway>secondary</highway>
              <surface>asphalt</surface>
            </gpxtpx:Extensions>
          </gpxtpx:TrackPointExtension>
        </extensions>
      </trkpt>
      <trkpt lat="48.84636" lon="-0.875919">
        <ele>140</ele>
        <extensions>
          <gpxtpx:TrackPointExtension>
            <gpxtpx:Extensions>
              <highway>secondary</highway>
              <surface>asphalt</surface>
            </gpxtpx:Extensions>
          </gpxtpx:TrackPointExtension>
        </extensions>
      </trkpt>
      <trkpt lat="48.846255" lon="-0.876294">
        <ele>140.25</ele>
        <extensions>
          <gpxtpx:TrackPointExtension>
            <gpxtpx:Extensions>
              <highway>secondary</highway>
              <surface>asphalt</surface>
            </gpxtpx:Extensions>
          </gpxtpx:TrackPointExtension>
        </extensions>
      </trkpt>
      <trkpt lat="48.84623" lon="-0.87651">
        <ele>140.25</ele>
        <extensions>
          <gpxtpx:TrackPointExtension>
            <gpxtpx:Extensions>
              <highway>secondary</highway>
              <surface>asphalt</surface>
            </gpxtpx:Extensions>
          </gpxtpx:TrackPointExtension>
        </extensions>
      </trkpt>
      <trkpt lat="48.846176" lon="-0.87699">
        <ele>140</ele>
        <extensions>
          <gpxtpx:TrackPointExtension>
            <gpxtpx:Extensions>
              <highway>secondary</highway>
              <surface>asphalt</surface>
            </gpxtpx:Extensions>
          </gpxtpx:TrackPointExtension>
        </extensions>
      </trkpt>
      <trkpt lat="48.846165" lon="-0.8771">
        <ele>140</ele>
        <extensions>
          <gpxtpx:TrackPointExtension>
            <gpxtpx:Extensions>
              <highway>secondary</highway>
              <surface>asphalt</surface>
            </gpxtpx:Extensions>
          </gpxtpx:TrackPointExtension>
        </extensions>
      </trkpt>
      <trkpt lat="48.84613" lon="-0.877435">
        <ele>139.75</ele>
        <extensions>
          <gpxtpx:TrackPointExtension>
            <gpxtpx:Extensions>
              <highway>secondary</highway>
              <surface>asphalt</surface>
            </gpxtpx:Extensions>
          </gpxtpx:TrackPointExtension>
        </extensions>
      </trkpt>
      <trkpt lat="48.846096" lon="-0.877763">
        <ele>140.5</ele>
        <extensions>
          <gpxtpx:TrackPointExtension>
            <gpxtpx:Extensions>
              <highway>secondary</highway>
              <surface>asphalt</surface>
            </gpxtpx:Extensions>
          </gpxtpx:TrackPointExtension>
        </extensions>
      </trkpt>
      <trkpt lat="48.846021" lon="-0.878374">
        <ele>142.25</ele>
        <extensions>
          <gpxtpx:TrackPointExtension>
            <gpxtpx:Extensions>
              <highway>secondary</highway>
              <surface>asphalt</surface>
              <cycleway>lane</cycleway>
              <oneway>no</oneway>
            </gpxtpx:Extensions>
          </gpxtpx:TrackPointExtension>
        </extensions>
      </trkpt>
      <trkpt lat="48.845971" lon="-0.87857">
        <ele>143</ele>
        <extensions>
          <gpxtpx:TrackPointExtension>
            <gpxtpx:Extensions>
              <highway>secondary</highway>
              <surface>asphalt</surface>
              <cycleway>lane</cycleway>
              <oneway>no</oneway>
            </gpxtpx:Extensions>
          </gpxtpx:TrackPointExtension>
        </extensions>
      </trkpt>
      <trkpt lat="48.84587" lon="-0.878865">
        <ele>144.25</ele>
        <extensions>
          <gpxtpx:TrackPointExtension>
            <gpxtpx:Extensions>
              <highway>secondary</highway>
              <surface>asphalt</surface>
              <cycleway>lane</cycleway>
              <oneway>no</oneway>
            </gpxtpx:Extensions>
          </gpxtpx:TrackPointExtension>
        </extensions>
      </trkpt>
      <trkpt lat="48.845467" lon="-0.879905">
        <ele>146.75</ele>
        <extensions>
          <gpxtpx:TrackPointExtension>
            <gpxtpx:Extensions>
              <highway>secondary</highway>
              <surface>asphalt</surface>
              <cycleway>lane</cycleway>
              <oneway>no</oneway>
            </gpxtpx:Extensions>
          </gpxtpx:TrackPointExtension>
        </extensions>
      </trkpt>
      <trkpt lat="48.845252" lon="-0.880414">
        <ele>147.25</ele>
        <extensions>
          <gpxtpx:TrackPointExtension>
            <gpxtpx:Extensions>
              <highway>secondary</highway>
              <surface>asphalt</surface>
              <cycleway>lane</cycleway>
              <oneway>no</oneway>
            </gpxtpx:Extensions>
          </gpxtpx:TrackPointExtension>
        </extensions>
      </trkpt>
      <trkpt lat="48.845098" lon="-0.880705">
        <ele>147.5</ele>
        <extensions>
          <gpxtpx:TrackPointExtension>
            <gpxtpx:Extensions>
              <highway>secondary</highway>
              <surface>asphalt</surface>
              <cycleway>lane</cycleway>
              <oneway>no</oneway>
            </gpxtpx:Extensions>
          </gpxtpx:TrackPointExtension>
        </extensions>
      </trkpt>
      <trkpt lat="48.844981" lon="-0.880867">
        <ele>148</ele>
        <extensions>
          <gpxtpx:TrackPointExtension>
            <gpxtpx:Extensions>
              <highway>secondary</highway>
              <surface>asphalt</surface>
              <cycleway>lane</cycleway>
              <oneway>no</oneway>
            </gpxtpx:Extensions>
          </gpxtpx:TrackPointExtension>
        </extensions>
      </trkpt>
      <trkpt lat="48.844891" lon="-0.880995">
        <ele>148.5</ele>
        <extensions>
          <gpxtpx:TrackPointExtension>
            <gpxtpx:Extensions>
              <highway>secondary</highway>
              <surface>asphalt</surface>
              <cycleway>lane</cycleway>
              <oneway>no</oneway>
            </gpxtpx:Extensions>
          </gpxtpx:TrackPointExtension>
        </extensions>
      </trkpt>
      <trkpt lat="48.844169" lon="-0.882095">
        <ele>150.75</ele>
        <extensions>
          <gpxtpx:TrackPointExtension>
            <gpxtpx:Extensions>
              <highway>secondary</highway>
              <surface>asphalt</surface>
              <cycleway>lane</cycleway>
              <oneway>no</oneway>
            </gpxtpx:Extensions>
          </gpxtpx:TrackPointExtension>
        </extensions>
      </trkpt>
      <trkpt lat="48.843997" lon="-0.882444">
        <ele>151.75</ele>
        <extensions>
          <gpxtpx:TrackPointExtension>
            <gpxtpx:Extensions>
              <highway>secondary</highway>
              <surface>asphalt</surface>
              <cycleway>lane</cycleway>
              <oneway>no</oneway>
            </gpxtpx:Extensions>
          </gpxtpx:TrackPointExtension>
        </extensions>
      </trkpt>
      <trkpt lat="48.843958" lon="-0.88262">
        <ele>151.75</ele>
        <extensions>
          <gpxtpx:TrackPointExtension>
            <gpxtpx:Extensions>
              <highway>secondary</highway>
              <surface>asphalt</surface>
              <cycleway>lane</cycleway>
              <oneway>no</oneway>
            </gpxtpx:Extensions>
          </gpxtpx:TrackPointExtension>
        </extensions>
      </trkpt>
      <trkpt lat="48.843968" lon="-0.882768">
        <ele>151.25</ele>
        <extensions>
          <gpxtpx:TrackPointExtension>
            <gpxtpx:Extensions>
              <highway>secondary</highway>
              <surface>asphalt</surface>
              <cycleway>lane</cycleway>
              <oneway>no</oneway>
            </gpxtpx:Extensions>
          </gpxtpx:TrackPointExtension>
        </extensions>
      </trkpt>
      <trkpt lat="48.844038" lon="-0.883884">
        <ele>149</ele>
        <extensions>
          <gpxtpx:TrackPointExtension>
            <gpxtpx:Extensions>
              <highway>secondary</highway>
              <surface>asphalt</surface>
              <cycleway>lane</cycleway>
              <oneway>no</oneway>
            </gpxtpx:Extensions>
          </gpxtpx:TrackPointExtension>
        </extensions>
      </trkpt>
      <trkpt lat="48.844077" lon="-0.884208">
        <ele>149</ele>
        <extensions>
          <gpxtpx:TrackPointExtension>
            <gpxtpx:Extensions>
              <highway>secondary</highway>
              <surface>asphalt</surface>
              <cycleway>lane</cycleway>
              <oneway>no</oneway>
            </gpxtpx:Extensions>
          </gpxtpx:TrackPointExtension>
        </extensions>
      </trkpt>
      <trkpt lat="48.844112" lon="-0.884327">
        <ele>148.75</ele>
        <extensions>
          <gpxtpx:TrackPointExtension>
            <gpxtpx:Extensions>
              <highway>secondary</highway>
              <surface>asphalt</surface>
              <cycleway>lane</cycleway>
              <oneway>no</oneway>
            </gpxtpx:Extensions>
          </gpxtpx:TrackPointExtension>
        </extensions>
      </trkpt>
      <trkpt lat="48.844193" lon="-0.884507">
        <ele>148</ele>
        <extensions>
          <gpxtpx:TrackPointExtension>
            <gpxtpx:Extensions>
              <highway>secondary</highway>
              <surface>asphalt</surface>
              <cycleway>lane</cycleway>
              <oneway>no</oneway>
            </gpxtpx:Extensions>
          </gpxtpx:TrackPointExtension>
        </extensions>
      </trkpt>
      <trkpt lat="48.844596" lon="-0.88522">
        <ele>144</ele>
        <extensions>
          <gpxtpx:TrackPointExtension>
            <gpxtpx:Extensions>
              <highway>secondary</highway>
              <surface>asphalt</surface>
              <cycleway>lane</cycleway>
              <oneway>no</oneway>
            </gpxtpx:Extensions>
          </gpxtpx:TrackPointExtension>
        </extensions>
      </trkpt>
      <trkpt lat="48.844626" lon="-0.885272">
        <ele>143.75</ele>
        <extensions>
          <gpxtpx:TrackPointExtension>
            <gpxtpx:Extensions>
              <highway>secondary</highway>
              <surface>asphalt</surface>
              <cycleway>lane</cycleway>
              <oneway>no</oneway>
            </gpxtpx:Extensions>
          </gpxtpx:TrackPointExtension>
        </extensions>
      </trkpt>
      <trkpt lat="48.844713" lon="-0.885428">
        <ele>142.75</ele>
        <extensions>
          <gpxtpx:TrackPointExtension>
            <gpxtpx:Extensions>
              <highway>tertiary</highway>
              <surface>asphalt</surface>
            </gpxtpx:Extensions>
          </gpxtpx:TrackPointExtension>
        </extensions>
      </trkpt>
      <trkpt lat="48.844646" lon="-0.885471">
        <ele>143.5</ele>
        <extensions>
          <gpxtpx:TrackPointExtension>
            <gpxtpx:Extensions>
              <highway>tertiary</highway>
              <surface>asphalt</surface>
            </gpxtpx:Extensions>
          </gpxtpx:TrackPointExtension>
        </extensions>
      </trkpt>
      <trkpt lat="48.844354" lon="-0.885659">
        <ele>146.25</ele>
        <extensions>
          <gpxtpx:TrackPointExtension>
            <gpxtpx:Extensions>
              <highway>tertiary</highway>
              <surface>asphalt</surface>
            </gpxtpx:Extensions>
          </gpxtpx:TrackPointExtension>
        </extensions>
      </trkpt>
      <trkpt lat="48.843515" lon="-0.886174">
        <ele>153</ele>
        <extensions>
          <gpxtpx:TrackPointExtension>
            <gpxtpx:Extensions>
              <highway>tertiary</highway>
              <surface>asphalt</surface>
            </gpxtpx:Extensions>
          </gpxtpx:TrackPointExtension>
        </extensions>
      </trkpt>
      <trkpt lat="48.843348" lon="-0.886278">
        <ele>154</ele>
        <extensions>
          <gpxtpx:TrackPointExtension>
            <gpxtpx:Extensions>
              <highway>tertiary</highway>
              <surface>asphalt</surface>
            </gpxtpx:Extensions>
          </gpxtpx:TrackPointExtension>
        </extensions>
      </trkpt>
      <trkpt lat="48.843049" lon="-0.886466">
        <ele>155.5</ele>
        <extensions>
          <gpxtpx:TrackPointExtension>
            <gpxtpx:Extensions>
              <highway>tertiary</highway>
              <surface>asphalt</surface>
            </gpxtpx:Extensions>
          </gpxtpx:TrackPointExtension>
        </extensions>
      </trkpt>
      <trkpt lat="48.842967" lon="-0.886517">
        <ele>155.75</ele>
        <extensions>
          <gpxtpx:TrackPointExtension>
            <gpxtpx:Extensions>
              <highway>tertiary</highway>
              <surface>asphalt</surface>
            </gpxtpx:Extensions>
          </gpxtpx:TrackPointExtension>
        </extensions>
      </trkpt>
      <trkpt lat="48.842895" lon="-0.886562">
        <ele>156.25</ele>
        <extensions>
          <gpxtpx:TrackPointExtension>
            <gpxtpx:Extensions>
              <highway>tertiary</highway>
              <surface>asphalt</surface>
            </gpxtpx:Extensions>
          </gpxtpx:TrackPointExtension>
        </extensions>
      </trkpt>
      <trkpt lat="48.842735" lon="-0.886661">
        <ele>157</ele>
        <extensions>
          <gpxtpx:TrackPointExtension>
            <gpxtpx:Extensions>
              <reversedirection>yes</reversedirection>
              <highway>residential</highway>
              <cycleway>shared_lane</cycleway>
            </gpxtpx:Extensions>
          </gpxtpx:TrackPointExtension>
        </extensions>
      </trkpt>
      <trkpt lat="48.84275" lon="-0.886732">
        <ele>156.5</ele>
        <extensions>
          <gpxtpx:TrackPointExtension>
            <gpxtpx:Extensions>
              <reversedirection>yes</reversedirection>
              <highway>residential</highway>
              <cycleway>shared_lane</cycleway>
            </gpxtpx:Extensions>
          </gpxtpx:TrackPointExtension>
        </extensions>
      </trkpt>
      <trkpt lat="48.842901" lon="-0.887444">
        <ele>151.25</ele>
        <extensions>
          <gpxtpx:TrackPointExtension>
            <gpxtpx:Extensions>
              <highway>service</highway>
              <surface>asphalt</surface>
            </gpxtpx:Extensions>
          </gpxtpx:TrackPointExtension>
        </extensions>
      </trkpt>
      <trkpt lat="48.842848" lon="-0.887468">
        <ele>151.75</ele>
        <extensions>
          <gpxtpx:TrackPointExtension>
            <gpxtpx:Extensions>
              <highway>service</highway>
              <surface>asphalt</surface>
            </gpxtpx:Extensions>
          </gpxtpx:TrackPointExtension>
        </extensions>
      </trkpt>
      <trkpt lat="48.84263" lon="-0.887567">
        <ele>153.25</ele>
        <extensions>
          <gpxtpx:TrackPointExtension>
            <gpxtpx:Extensions>
              <highway>service</highway>
              <surface>asphalt</surface>
            </gpxtpx:Extensions>
          </gpxtpx:TrackPointExtension>
        </extensions>
      </trkpt>
      <trkpt lat="48.842529" lon="-0.887554">
        <ele>154.25</ele>
        <extensions>
          <gpxtpx:TrackPointExtension>
            <gpxtpx:Extensions>
              <highway>service</highway>
              <surface>asphalt</surface>
            </gpxtpx:Extensions>
          </gpxtpx:TrackPointExtension>
        </extensions>
      </trkpt>
      <trkpt lat="48.84222" lon="-0.887693">
        <ele>156</ele>
      </trkpt>
    </trkseg>
  </trk>
</gpx>
