<?xml version="1.0" encoding="UTF-8"?>
<gpx creator="Loopi" version="1.1" schemaLocation="http://www.topografix.com/GPX/1/1 http://www.topografix.com/GPX/1/1/gpx.xsd http://www.garmin.com/xmlschemas/GpxExtensions/v3 http://www.garmin.com/xmlschemas/GpxExtensionsv3.xsd http://www.garmin.com/xmlschemas/TrackPointExtension/v1 http://www.garmin.com/xmlschemas/TrackPointExtensionv1.xsd http://www.garmin.com/xmlschemas/PowerExtension/v1 http://www.garmin.com/xmlschemas/PowerExtensionv1.xsd http://www.topografix.com/GPX/gpx_style/0/2 http://www.topografix.com/GPX/gpx_style/0/2/gpx_style.xsd" xmlns="http://www.topografix.com/GPX/1/1" xmlns:xsi="http://www.w3.org/2001/XMLSchema-instance" xsi:schemaLocation="http://www.topografix.com/GPX/1/1 http://www.topografix.com/GPX/1/1/gpx.xsd http://www.garmin.com/xmlschemas/GpxExtensions/v3 http://www.garmin.com/xmlschemas/GpxExtensionsv3.xsd http://www.garmin.com/xmlschemas/TrackPointExtension/v1 http://www.garmin.com/xmlschemas/TrackPointExtensionv1.xsd http://www.garmin.com/xmlschemas/PowerExtension/v1 http://www.garmin.com/xmlschemas/PowerExtensionv1.xsd http://www.topografix.com/GPX/gpx_style/0/2 http://www.topografix.com/GPX/gpx_style/0/2/gpx_style.xsd" xmlns:gpxtpx="http://www.garmin.com/xmlschemas/TrackPointExtension/v1" xmlns:gpxx="http://www.garmin.com/xmlschemas/GpxExtensions/v3" xmlns:gpxpx="http://www.garmin.com/xmlschemas/PowerExtension/v1" xmlns:gpx_style="http://www.topografix.com/GPX/gpx_style/0/2">
  <metadata>
    <name>Step16</name>
    <author>
      <name>gpx.studio</name>
      <link href="https://gpx.studio"/>
    </author>
  </metadata>
  <trk>
    <name>Step16</name>
    <trkseg>
      <trkpt lat="45.576418" lon="5.920036">
        <ele>267.25</ele>
      </trkpt>
      <trkpt lat="45.576231" lon="5.920734">
        <ele>267.25</ele>
        <extensions>
          <gpxtpx:TrackPointExtension>
            <gpxtpx:Extensions>
              <reversedirection>yes</reversedirection>
              <highway>secondary</highway>
              <surface>asphalt</surface>
              <oneway>no</oneway>
            </gpxtpx:Extensions>
          </gpxtpx:TrackPointExtension>
        </extensions>
      </trkpt>
      <trkpt lat="45.576042" lon="5.921447">
        <ele>268.5</ele>
        <extensions>
          <gpxtpx:TrackPointExtension>
            <gpxtpx:Extensions>
              <reversedirection>yes</reversedirection>
              <highway>secondary</highway>
              <surface>asphalt</surface>
              <oneway>no</oneway>
            </gpxtpx:Extensions>
          </gpxtpx:TrackPointExtension>
        </extensions>
      </trkpt>
      <trkpt lat="45.575845" lon="5.922175">
        <ele>270.75</ele>
        <extensions>
          <gpxtpx:TrackPointExtension>
            <gpxtpx:Extensions>
              <reversedirection>yes</reversedirection>
              <highway>secondary</highway>
              <surface>asphalt</surface>
              <oneway>no</oneway>
            </gpxtpx:Extensions>
          </gpxtpx:TrackPointExtension>
        </extensions>
      </trkpt>
      <trkpt lat="45.575815" lon="5.92227">
        <ele>271</ele>
        <extensions>
          <gpxtpx:TrackPointExtension>
            <gpxtpx:Extensions>
              <reversedirection>yes</reversedirection>
              <highway>secondary</highway>
              <surface>asphalt</surface>
              <oneway>no</oneway>
            </gpxtpx:Extensions>
          </gpxtpx:TrackPointExtension>
        </extensions>
      </trkpt>
      <trkpt lat="45.575783" lon="5.922329">
        <ele>271.5</ele>
        <extensions>
          <gpxtpx:TrackPointExtension>
            <gpxtpx:Extensions>
              <reversedirection>yes</reversedirection>
              <highway>secondary</highway>
              <surface>asphalt</surface>
              <oneway>no</oneway>
            </gpxtpx:Extensions>
          </gpxtpx:TrackPointExtension>
        </extensions>
      </trkpt>
      <trkpt lat="45.575752" lon="5.922358">
        <ele>271.75</ele>
        <extensions>
          <gpxtpx:TrackPointExtension>
            <gpxtpx:Extensions>
              <reversedirection>yes</reversedirection>
              <highway>secondary</highway>
              <surface>asphalt</surface>
            </gpxtpx:Extensions>
          </gpxtpx:TrackPointExtension>
        </extensions>
      </trkpt>
      <trkpt lat="45.575721" lon="5.922371">
        <ele>272</ele>
        <extensions>
          <gpxtpx:TrackPointExtension>
            <gpxtpx:Extensions>
              <reversedirection>yes</reversedirection>
              <highway>secondary</highway>
              <surface>asphalt</surface>
            </gpxtpx:Extensions>
          </gpxtpx:TrackPointExtension>
        </extensions>
      </trkpt>
      <trkpt lat="45.575674" lon="5.922375">
        <ele>272</ele>
        <extensions>
          <gpxtpx:TrackPointExtension>
            <gpxtpx:Extensions>
              <reversedirection>yes</reversedirection>
              <highway>secondary</highway>
              <surface>asphalt</surface>
            </gpxtpx:Extensions>
          </gpxtpx:TrackPointExtension>
        </extensions>
      </trkpt>
      <trkpt lat="45.575607" lon="5.922349">
        <ele>272.25</ele>
        <extensions>
          <gpxtpx:TrackPointExtension>
            <gpxtpx:Extensions>
              <reversedirection>yes</reversedirection>
              <highway>secondary</highway>
              <surface>asphalt</surface>
            </gpxtpx:Extensions>
          </gpxtpx:TrackPointExtension>
        </extensions>
      </trkpt>
      <trkpt lat="45.575537" lon="5.922305">
        <ele>272.25</ele>
        <extensions>
          <gpxtpx:TrackPointExtension>
            <gpxtpx:Extensions>
              <reversedirection>yes</reversedirection>
              <highway>secondary</highway>
              <surface>asphalt</surface>
            </gpxtpx:Extensions>
          </gpxtpx:TrackPointExtension>
        </extensions>
      </trkpt>
      <trkpt lat="45.575283" lon="5.922157">
        <ele>272.5</ele>
        <extensions>
          <gpxtpx:TrackPointExtension>
            <gpxtpx:Extensions>
              <reversedirection>yes</reversedirection>
              <highway>secondary</highway>
              <surface>asphalt</surface>
            </gpxtpx:Extensions>
          </gpxtpx:TrackPointExtension>
        </extensions>
      </trkpt>
      <trkpt lat="45.57448" lon="5.921688">
        <ele>269.5</ele>
        <extensions>
          <gpxtpx:TrackPointExtension>
            <gpxtpx:Extensions>
              <reversedirection>yes</reversedirection>
              <highway>secondary</highway>
              <surface>asphalt</surface>
            </gpxtpx:Extensions>
          </gpxtpx:TrackPointExtension>
        </extensions>
      </trkpt>
      <trkpt lat="45.57431" lon="5.921601">
        <ele>269</ele>
        <extensions>
          <gpxtpx:TrackPointExtension>
            <gpxtpx:Extensions>
              <reversedirection>yes</reversedirection>
              <highway>secondary</highway>
              <surface>asphalt</surface>
            </gpxtpx:Extensions>
          </gpxtpx:TrackPointExtension>
        </extensions>
      </trkpt>
      <trkpt lat="45.57414" lon="5.921497">
        <ele>268.75</ele>
        <extensions>
          <gpxtpx:TrackPointExtension>
            <gpxtpx:Extensions>
              <reversedirection>yes</reversedirection>
              <highway>secondary</highway>
              <surface>asphalt</surface>
            </gpxtpx:Extensions>
          </gpxtpx:TrackPointExtension>
        </extensions>
      </trkpt>
      <trkpt lat="45.573652" lon="5.921209">
        <ele>271</ele>
        <extensions>
          <gpxtpx:TrackPointExtension>
            <gpxtpx:Extensions>
              <reversedirection>yes</reversedirection>
              <highway>secondary</highway>
              <surface>asphalt</surface>
            </gpxtpx:Extensions>
          </gpxtpx:TrackPointExtension>
        </extensions>
      </trkpt>
      <trkpt lat="45.573489" lon="5.92111">
        <ele>271.25</ele>
        <extensions>
          <gpxtpx:TrackPointExtension>
            <gpxtpx:Extensions>
              <reversedirection>yes</reversedirection>
              <highway>secondary</highway>
              <surface>asphalt</surface>
            </gpxtpx:Extensions>
          </gpxtpx:TrackPointExtension>
        </extensions>
      </trkpt>
      <trkpt lat="45.573407" lon="5.921072">
        <ele>271.25</ele>
        <extensions>
          <gpxtpx:TrackPointExtension>
            <gpxtpx:Extensions>
              <reversedirection>yes</reversedirection>
              <highway>secondary</highway>
              <surface>asphalt</surface>
            </gpxtpx:Extensions>
          </gpxtpx:TrackPointExtension>
        </extensions>
      </trkpt>
      <trkpt lat="45.573125" lon="5.920974">
        <ele>271.5</ele>
        <extensions>
          <gpxtpx:TrackPointExtension>
            <gpxtpx:Extensions>
              <reversedirection>yes</reversedirection>
              <highway>secondary</highway>
              <surface>asphalt</surface>
            </gpxtpx:Extensions>
          </gpxtpx:TrackPointExtension>
        </extensions>
      </trkpt>
      <trkpt lat="45.57264" lon="5.920807">
        <ele>271.5</ele>
        <extensions>
          <gpxtpx:TrackPointExtension>
            <gpxtpx:Extensions>
              <reversedirection>yes</reversedirection>
              <highway>secondary</highway>
              <surface>asphalt</surface>
            </gpxtpx:Extensions>
          </gpxtpx:TrackPointExtension>
        </extensions>
      </trkpt>
      <trkpt lat="45.572389" lon="5.920715">
        <ele>271.75</ele>
        <extensions>
          <gpxtpx:TrackPointExtension>
            <gpxtpx:Extensions>
              <reversedirection>yes</reversedirection>
              <highway>secondary</highway>
              <surface>asphalt</surface>
            </gpxtpx:Extensions>
          </gpxtpx:TrackPointExtension>
        </extensions>
      </trkpt>
      <trkpt lat="45.572347" lon="5.920701">
        <ele>271.75</ele>
        <extensions>
          <gpxtpx:TrackPointExtension>
            <gpxtpx:Extensions>
              <reversedirection>yes</reversedirection>
              <highway>secondary</highway>
              <surface>asphalt</surface>
            </gpxtpx:Extensions>
          </gpxtpx:TrackPointExtension>
        </extensions>
      </trkpt>
      <trkpt lat="45.572268" lon="5.920673">
        <ele>272</ele>
        <extensions>
          <gpxtpx:TrackPointExtension>
            <gpxtpx:Extensions>
              <reversedirection>yes</reversedirection>
              <highway>secondary</highway>
              <surface>asphalt</surface>
            </gpxtpx:Extensions>
          </gpxtpx:TrackPointExtension>
        </extensions>
      </trkpt>
      <trkpt lat="45.572232" lon="5.920661">
        <ele>272</ele>
        <extensions>
          <gpxtpx:TrackPointExtension>
            <gpxtpx:Extensions>
              <reversedirection>yes</reversedirection>
              <highway>secondary</highway>
              <surface>asphalt</surface>
            </gpxtpx:Extensions>
          </gpxtpx:TrackPointExtension>
        </extensions>
      </trkpt>
      <trkpt lat="45.57215" lon="5.920634">
        <ele>272</ele>
        <extensions>
          <gpxtpx:TrackPointExtension>
            <gpxtpx:Extensions>
              <reversedirection>yes</reversedirection>
              <highway>secondary</highway>
              <surface>asphalt</surface>
            </gpxtpx:Extensions>
          </gpxtpx:TrackPointExtension>
        </extensions>
      </trkpt>
      <trkpt lat="45.57166" lon="5.920478">
        <ele>272.25</ele>
        <extensions>
          <gpxtpx:TrackPointExtension>
            <gpxtpx:Extensions>
              <reversedirection>yes</reversedirection>
              <highway>secondary</highway>
              <surface>asphalt</surface>
            </gpxtpx:Extensions>
          </gpxtpx:TrackPointExtension>
        </extensions>
      </trkpt>
      <trkpt lat="45.571543" lon="5.920464">
        <ele>272.25</ele>
        <extensions>
          <gpxtpx:TrackPointExtension>
            <gpxtpx:Extensions>
              <reversedirection>yes</reversedirection>
              <highway>secondary</highway>
              <surface>asphalt</surface>
            </gpxtpx:Extensions>
          </gpxtpx:TrackPointExtension>
        </extensions>
      </trkpt>
      <trkpt lat="45.571484" lon="5.920475">
        <ele>272.25</ele>
        <extensions>
          <gpxtpx:TrackPointExtension>
            <gpxtpx:Extensions>
              <reversedirection>yes</reversedirection>
              <highway>secondary</highway>
              <surface>asphalt</surface>
            </gpxtpx:Extensions>
          </gpxtpx:TrackPointExtension>
        </extensions>
      </trkpt>
      <trkpt lat="45.571409" lon="5.920501">
        <ele>272.5</ele>
        <extensions>
          <gpxtpx:TrackPointExtension>
            <gpxtpx:Extensions>
              <reversedirection>yes</reversedirection>
              <highway>secondary</highway>
              <surface>asphalt</surface>
            </gpxtpx:Extensions>
          </gpxtpx:TrackPointExtension>
        </extensions>
      </trkpt>
      <trkpt lat="45.570937" lon="5.920734">
        <ele>274.25</ele>
        <extensions>
          <gpxtpx:TrackPointExtension>
            <gpxtpx:Extensions>
              <reversedirection>yes</reversedirection>
              <highway>secondary</highway>
              <surface>asphalt</surface>
            </gpxtpx:Extensions>
          </gpxtpx:TrackPointExtension>
        </extensions>
      </trkpt>
      <trkpt lat="45.570897" lon="5.920754">
        <ele>274.5</ele>
        <extensions>
          <gpxtpx:TrackPointExtension>
            <gpxtpx:Extensions>
              <reversedirection>yes</reversedirection>
              <highway>secondary</highway>
              <surface>asphalt</surface>
            </gpxtpx:Extensions>
          </gpxtpx:TrackPointExtension>
        </extensions>
      </trkpt>
      <trkpt lat="45.570277" lon="5.921045">
        <ele>278</ele>
        <extensions>
          <gpxtpx:TrackPointExtension>
            <gpxtpx:Extensions>
              <reversedirection>yes</reversedirection>
              <highway>secondary</highway>
              <surface>asphalt</surface>
            </gpxtpx:Extensions>
          </gpxtpx:TrackPointExtension>
        </extensions>
      </trkpt>
      <trkpt lat="45.570221" lon="5.921083">
        <ele>278.25</ele>
        <extensions>
          <gpxtpx:TrackPointExtension>
            <gpxtpx:Extensions>
              <reversedirection>yes</reversedirection>
              <highway>secondary</highway>
              <surface>asphalt</surface>
            </gpxtpx:Extensions>
          </gpxtpx:TrackPointExtension>
        </extensions>
      </trkpt>
      <trkpt lat="45.569975" lon="5.921364">
        <ele>279.75</ele>
        <extensions>
          <gpxtpx:TrackPointExtension>
            <gpxtpx:Extensions>
              <reversedirection>yes</reversedirection>
              <highway>secondary</highway>
              <surface>asphalt</surface>
            </gpxtpx:Extensions>
          </gpxtpx:TrackPointExtension>
        </extensions>
      </trkpt>
      <trkpt lat="45.56989" lon="5.921476">
        <ele>280.25</ele>
        <extensions>
          <gpxtpx:TrackPointExtension>
            <gpxtpx:Extensions>
              <reversedirection>yes</reversedirection>
              <highway>secondary</highway>
              <surface>asphalt</surface>
            </gpxtpx:Extensions>
          </gpxtpx:TrackPointExtension>
        </extensions>
      </trkpt>
      <trkpt lat="45.569851" lon="5.921525">
        <ele>280.5</ele>
        <extensions>
          <gpxtpx:TrackPointExtension>
            <gpxtpx:Extensions>
              <reversedirection>yes</reversedirection>
              <highway>secondary</highway>
              <surface>asphalt</surface>
            </gpxtpx:Extensions>
          </gpxtpx:TrackPointExtension>
        </extensions>
      </trkpt>
      <trkpt lat="45.569789" lon="5.921537">
        <ele>280.5</ele>
        <extensions>
          <gpxtpx:TrackPointExtension>
            <gpxtpx:Extensions>
              <highway>secondary</highway>
              <surface>asphalt</surface>
              <oneway>no</oneway>
              <route_bicycle_lcn>yes</route_bicycle_lcn>
            </gpxtpx:Extensions>
          </gpxtpx:TrackPointExtension>
        </extensions>
      </trkpt>
      <trkpt lat="45.569454" lon="5.921605">
        <ele>279.75</ele>
        <extensions>
          <gpxtpx:TrackPointExtension>
            <gpxtpx:Extensions>
              <highway>secondary</highway>
              <surface>asphalt</surface>
              <oneway>no</oneway>
              <route_bicycle_lcn>yes</route_bicycle_lcn>
            </gpxtpx:Extensions>
          </gpxtpx:TrackPointExtension>
        </extensions>
      </trkpt>
      <trkpt lat="45.569367" lon="5.921631">
        <ele>279.5</ele>
        <extensions>
          <gpxtpx:TrackPointExtension>
            <gpxtpx:Extensions>
              <highway>secondary</highway>
              <surface>asphalt</surface>
              <oneway>no</oneway>
              <route_bicycle_lcn>yes</route_bicycle_lcn>
            </gpxtpx:Extensions>
          </gpxtpx:TrackPointExtension>
        </extensions>
      </trkpt>
      <trkpt lat="45.569335" lon="5.921633">
        <ele>279.5</ele>
        <extensions>
          <gpxtpx:TrackPointExtension>
            <gpxtpx:Extensions>
              <highway>secondary</highway>
              <surface>asphalt</surface>
              <oneway>no</oneway>
              <route_bicycle_lcn>yes</route_bicycle_lcn>
            </gpxtpx:Extensions>
          </gpxtpx:TrackPointExtension>
        </extensions>
      </trkpt>
      <trkpt lat="45.56933" lon="5.921662">
        <ele>279.5</ele>
        <extensions>
          <gpxtpx:TrackPointExtension>
            <gpxtpx:Extensions>
              <highway>secondary</highway>
              <surface>asphalt</surface>
              <junction>roundabout</junction>
              <route_bicycle_lcn>yes</route_bicycle_lcn>
            </gpxtpx:Extensions>
          </gpxtpx:TrackPointExtension>
        </extensions>
      </trkpt>
      <trkpt lat="45.569316" lon="5.921677">
        <ele>279.5</ele>
        <extensions>
          <gpxtpx:TrackPointExtension>
            <gpxtpx:Extensions>
              <highway>secondary</highway>
              <surface>asphalt</surface>
              <junction>roundabout</junction>
              <route_bicycle_lcn>yes</route_bicycle_lcn>
            </gpxtpx:Extensions>
          </gpxtpx:TrackPointExtension>
        </extensions>
      </trkpt>
      <trkpt lat="45.56929" lon="5.921672">
        <ele>279.25</ele>
        <extensions>
          <gpxtpx:TrackPointExtension>
            <gpxtpx:Extensions>
              <highway>secondary</highway>
              <surface>asphalt</surface>
              <junction>roundabout</junction>
              <route_bicycle_lcn>yes</route_bicycle_lcn>
            </gpxtpx:Extensions>
          </gpxtpx:TrackPointExtension>
        </extensions>
      </trkpt>
      <trkpt lat="45.569279" lon="5.921645">
        <ele>279.25</ele>
        <extensions>
          <gpxtpx:TrackPointExtension>
            <gpxtpx:Extensions>
              <highway>secondary</highway>
              <surface>asphalt</surface>
              <junction>roundabout</junction>
              <route_bicycle_lcn>yes</route_bicycle_lcn>
            </gpxtpx:Extensions>
          </gpxtpx:TrackPointExtension>
        </extensions>
      </trkpt>
      <trkpt lat="45.569191" lon="5.921676">
        <ele>279</ele>
        <extensions>
          <gpxtpx:TrackPointExtension>
            <gpxtpx:Extensions>
              <reversedirection>yes</reversedirection>
              <highway>secondary</highway>
              <surface>asphalt</surface>
              <oneway>no</oneway>
              <cycleway_right>no</cycleway_right>
              <route_bicycle_lcn>yes</route_bicycle_lcn>
            </gpxtpx:Extensions>
          </gpxtpx:TrackPointExtension>
        </extensions>
      </trkpt>
      <trkpt lat="45.569093" lon="5.921676">
        <ele>279</ele>
        <extensions>
          <gpxtpx:TrackPointExtension>
            <gpxtpx:Extensions>
              <reversedirection>yes</reversedirection>
              <highway>secondary</highway>
              <surface>asphalt</surface>
              <oneway>no</oneway>
              <cycleway_right>no</cycleway_right>
              <route_bicycle_lcn>yes</route_bicycle_lcn>
            </gpxtpx:Extensions>
          </gpxtpx:TrackPointExtension>
        </extensions>
      </trkpt>
      <trkpt lat="45.568938" lon="5.921637">
        <ele>279</ele>
        <extensions>
          <gpxtpx:TrackPointExtension>
            <gpxtpx:Extensions>
              <reversedirection>yes</reversedirection>
              <highway>secondary</highway>
              <surface>asphalt</surface>
              <oneway>no</oneway>
              <cycleway_right>no</cycleway_right>
              <route_bicycle_lcn>yes</route_bicycle_lcn>
            </gpxtpx:Extensions>
          </gpxtpx:TrackPointExtension>
        </extensions>
      </trkpt>
      <trkpt lat="45.568697" lon="5.921515">
        <ele>279.25</ele>
        <extensions>
          <gpxtpx:TrackPointExtension>
            <gpxtpx:Extensions>
              <reversedirection>yes</reversedirection>
              <highway>secondary</highway>
              <surface>asphalt</surface>
              <oneway>no</oneway>
              <cycleway_right>no</cycleway_right>
              <route_bicycle_lcn>yes</route_bicycle_lcn>
            </gpxtpx:Extensions>
          </gpxtpx:TrackPointExtension>
        </extensions>
      </trkpt>
      <trkpt lat="45.56866" lon="5.921494">
        <ele>279.5</ele>
        <extensions>
          <gpxtpx:TrackPointExtension>
            <gpxtpx:Extensions>
              <reversedirection>yes</reversedirection>
              <highway>secondary</highway>
              <surface>asphalt</surface>
              <oneway>no</oneway>
              <cycleway_right>no</cycleway_right>
              <route_bicycle_lcn>yes</route_bicycle_lcn>
            </gpxtpx:Extensions>
          </gpxtpx:TrackPointExtension>
        </extensions>
      </trkpt>
      <trkpt lat="45.568483" lon="5.921414">
        <ele>279.75</ele>
        <extensions>
          <gpxtpx:TrackPointExtension>
            <gpxtpx:Extensions>
              <highway>secondary</highway>
              <surface>asphalt</surface>
              <oneway>yes</oneway>
              <cycleway_right>no</cycleway_right>
              <route_bicycle_lcn>yes</route_bicycle_lcn>
            </gpxtpx:Extensions>
          </gpxtpx:TrackPointExtension>
        </extensions>
      </trkpt>
      <trkpt lat="45.568427" lon="5.921562">
        <ele>279.75</ele>
        <extensions>
          <gpxtpx:TrackPointExtension>
            <gpxtpx:Extensions>
              <highway>primary</highway>
              <surface>asphalt</surface>
              <oneway>yes</oneway>
              <cycleway_right>no</cycleway_right>
              <route_bicycle_lcn>yes</route_bicycle_lcn>
            </gpxtpx:Extensions>
          </gpxtpx:TrackPointExtension>
        </extensions>
      </trkpt>
      <trkpt lat="45.568414" lon="5.921596">
        <ele>279.75</ele>
        <extensions>
          <gpxtpx:TrackPointExtension>
            <gpxtpx:Extensions>
              <highway>primary</highway>
              <surface>asphalt</surface>
              <oneway>yes</oneway>
              <cycleway_right>lane</cycleway_right>
              <route_bicycle_lcn>yes</route_bicycle_lcn>
            </gpxtpx:Extensions>
          </gpxtpx:TrackPointExtension>
        </extensions>
      </trkpt>
      <trkpt lat="45.568185" lon="5.9222">
        <ele>282.5</ele>
        <extensions>
          <gpxtpx:TrackPointExtension>
            <gpxtpx:Extensions>
              <highway>primary</highway>
              <surface>asphalt</surface>
              <oneway>yes</oneway>
              <cycleway_right>lane</cycleway_right>
              <route_bicycle_lcn>yes</route_bicycle_lcn>
            </gpxtpx:Extensions>
          </gpxtpx:TrackPointExtension>
        </extensions>
      </trkpt>
      <trkpt lat="45.568003" lon="5.922628">
        <ele>283.75</ele>
        <extensions>
          <gpxtpx:TrackPointExtension>
            <gpxtpx:Extensions>
              <highway>primary</highway>
              <surface>asphalt</surface>
              <oneway>yes</oneway>
              <cycleway_right>lane</cycleway_right>
              <route_bicycle_lcn>yes</route_bicycle_lcn>
            </gpxtpx:Extensions>
          </gpxtpx:TrackPointExtension>
        </extensions>
      </trkpt>
      <trkpt lat="45.567757" lon="5.92318">
        <ele>282.25</ele>
        <extensions>
          <gpxtpx:TrackPointExtension>
            <gpxtpx:Extensions>
              <highway>primary</highway>
              <surface>asphalt</surface>
              <oneway>yes</oneway>
              <cycleway_right>lane</cycleway_right>
              <route_bicycle_lcn>yes</route_bicycle_lcn>
            </gpxtpx:Extensions>
          </gpxtpx:TrackPointExtension>
        </extensions>
      </trkpt>
      <trkpt lat="45.567699" lon="5.923321">
        <ele>281.5</ele>
        <extensions>
          <gpxtpx:TrackPointExtension>
            <gpxtpx:Extensions>
              <highway>primary</highway>
              <surface>asphalt</surface>
              <oneway>yes</oneway>
              <cycleway_right>lane</cycleway_right>
              <route_bicycle_lcn>yes</route_bicycle_lcn>
            </gpxtpx:Extensions>
          </gpxtpx:TrackPointExtension>
        </extensions>
      </trkpt>
      <trkpt lat="45.567667" lon="5.923413">
        <ele>281.5</ele>
        <extensions>
          <gpxtpx:TrackPointExtension>
            <gpxtpx:Extensions>
              <highway>primary</highway>
              <surface>asphalt</surface>
              <oneway>yes</oneway>
              <cycleway_right>lane</cycleway_right>
              <route_bicycle_lcn>yes</route_bicycle_lcn>
            </gpxtpx:Extensions>
          </gpxtpx:TrackPointExtension>
        </extensions>
      </trkpt>
      <trkpt lat="45.567594" lon="5.923604">
        <ele>281.25</ele>
        <extensions>
          <gpxtpx:TrackPointExtension>
            <gpxtpx:Extensions>
              <highway>primary</highway>
              <surface>asphalt</surface>
              <oneway>yes</oneway>
              <cycleway_right>lane</cycleway_right>
              <route_bicycle_lcn>yes</route_bicycle_lcn>
            </gpxtpx:Extensions>
          </gpxtpx:TrackPointExtension>
        </extensions>
      </trkpt>
      <trkpt lat="45.56756" lon="5.923776">
        <ele>281</ele>
        <extensions>
          <gpxtpx:TrackPointExtension>
            <gpxtpx:Extensions>
              <highway>primary</highway>
              <surface>asphalt</surface>
              <oneway>yes</oneway>
              <cycleway_right>lane</cycleway_right>
              <route_bicycle_lcn>yes</route_bicycle_lcn>
            </gpxtpx:Extensions>
          </gpxtpx:TrackPointExtension>
        </extensions>
      </trkpt>
      <trkpt lat="45.567544" lon="5.92387">
        <ele>281</ele>
        <extensions>
          <gpxtpx:TrackPointExtension>
            <gpxtpx:Extensions>
              <highway>primary</highway>
              <surface>asphalt</surface>
              <oneway>yes</oneway>
              <cycleway_right>lane</cycleway_right>
              <route_bicycle_lcn>yes</route_bicycle_lcn>
            </gpxtpx:Extensions>
          </gpxtpx:TrackPointExtension>
        </extensions>
      </trkpt>
      <trkpt lat="45.567532" lon="5.924003">
        <ele>281</ele>
        <extensions>
          <gpxtpx:TrackPointExtension>
            <gpxtpx:Extensions>
              <highway>primary</highway>
              <surface>asphalt</surface>
              <oneway>yes</oneway>
              <cycleway_right>lane</cycleway_right>
              <route_bicycle_lcn>yes</route_bicycle_lcn>
            </gpxtpx:Extensions>
          </gpxtpx:TrackPointExtension>
        </extensions>
      </trkpt>
      <trkpt lat="45.567531" lon="5.924241">
        <ele>280.75</ele>
        <extensions>
          <gpxtpx:TrackPointExtension>
            <gpxtpx:Extensions>
              <highway>primary</highway>
              <surface>asphalt</surface>
              <oneway>yes</oneway>
              <cycleway_right>lane</cycleway_right>
              <route_bicycle_lcn>yes</route_bicycle_lcn>
            </gpxtpx:Extensions>
          </gpxtpx:TrackPointExtension>
        </extensions>
      </trkpt>
      <trkpt lat="45.567537" lon="5.924364">
        <ele>280.75</ele>
        <extensions>
          <gpxtpx:TrackPointExtension>
            <gpxtpx:Extensions>
              <highway>primary</highway>
              <surface>asphalt</surface>
              <oneway>yes</oneway>
              <cycleway_right>lane</cycleway_right>
              <route_bicycle_lcn>yes</route_bicycle_lcn>
            </gpxtpx:Extensions>
          </gpxtpx:TrackPointExtension>
        </extensions>
      </trkpt>
      <trkpt lat="45.567568" lon="5.924525">
        <ele>280.5</ele>
        <extensions>
          <gpxtpx:TrackPointExtension>
            <gpxtpx:Extensions>
              <highway>primary</highway>
              <surface>asphalt</surface>
              <oneway>yes</oneway>
              <cycleway_right>no</cycleway_right>
              <route_bicycle_lcn>yes</route_bicycle_lcn>
            </gpxtpx:Extensions>
          </gpxtpx:TrackPointExtension>
        </extensions>
      </trkpt>
      <trkpt lat="45.567589" lon="5.924677">
        <ele>280.25</ele>
        <extensions>
          <gpxtpx:TrackPointExtension>
            <gpxtpx:Extensions>
              <highway>primary</highway>
              <surface>asphalt</surface>
              <oneway>yes</oneway>
              <cycleway_right>no</cycleway_right>
              <route_bicycle_lcn>yes</route_bicycle_lcn>
            </gpxtpx:Extensions>
          </gpxtpx:TrackPointExtension>
        </extensions>
      </trkpt>
      <trkpt lat="45.567601" lon="5.924798">
        <ele>280.25</ele>
        <extensions>
          <gpxtpx:TrackPointExtension>
            <gpxtpx:Extensions>
              <highway>primary</highway>
              <surface>asphalt</surface>
              <oneway>yes</oneway>
            </gpxtpx:Extensions>
          </gpxtpx:TrackPointExtension>
        </extensions>
      </trkpt>
      <trkpt lat="45.56766" lon="5.925459">
        <ele>278.5</ele>
        <extensions>
          <gpxtpx:TrackPointExtension>
            <gpxtpx:Extensions>
              <highway>primary</highway>
              <surface>asphalt</surface>
              <oneway>yes</oneway>
              <cycleway_right>shared_lane</cycleway_right>
              <cycleway_left>no</cycleway_left>
            </gpxtpx:Extensions>
          </gpxtpx:TrackPointExtension>
        </extensions>
      </trkpt>
      <trkpt lat="45.567678" lon="5.925759">
        <ele>277.5</ele>
        <extensions>
          <gpxtpx:TrackPointExtension>
            <gpxtpx:Extensions>
              <highway>primary</highway>
              <surface>asphalt</surface>
              <oneway>yes</oneway>
              <cycleway_right>shared_lane</cycleway_right>
              <cycleway_left>no</cycleway_left>
            </gpxtpx:Extensions>
          </gpxtpx:TrackPointExtension>
        </extensions>
      </trkpt>
      <trkpt lat="45.567691" lon="5.925963">
        <ele>277.5</ele>
        <extensions>
          <gpxtpx:TrackPointExtension>
            <gpxtpx:Extensions>
              <highway>primary</highway>
              <surface>asphalt</surface>
              <oneway>yes</oneway>
              <cycleway_right>shared_lane</cycleway_right>
              <cycleway_left>no</cycleway_left>
            </gpxtpx:Extensions>
          </gpxtpx:TrackPointExtension>
        </extensions>
      </trkpt>
      <trkpt lat="45.56769" lon="5.926146">
        <ele>277.5</ele>
        <extensions>
          <gpxtpx:TrackPointExtension>
            <gpxtpx:Extensions>
              <highway>primary</highway>
              <surface>asphalt</surface>
              <oneway>yes</oneway>
              <cycleway_right>shared_lane</cycleway_right>
              <cycleway_left>no</cycleway_left>
            </gpxtpx:Extensions>
          </gpxtpx:TrackPointExtension>
        </extensions>
      </trkpt>
      <trkpt lat="45.56769" lon="5.92645">
        <ele>277.75</ele>
        <extensions>
          <gpxtpx:TrackPointExtension>
            <gpxtpx:Extensions>
              <highway>primary</highway>
              <surface>asphalt</surface>
              <oneway>yes</oneway>
              <cycleway_right>shared_lane</cycleway_right>
              <cycleway_left>no</cycleway_left>
            </gpxtpx:Extensions>
          </gpxtpx:TrackPointExtension>
        </extensions>
      </trkpt>
      <trkpt lat="45.567662" lon="5.927022">
        <ele>278</ele>
        <extensions>
          <gpxtpx:TrackPointExtension>
            <gpxtpx:Extensions>
              <highway>primary</highway>
              <surface>asphalt</surface>
              <oneway>yes</oneway>
              <cycleway_right>shared_lane</cycleway_right>
              <cycleway_left>no</cycleway_left>
            </gpxtpx:Extensions>
          </gpxtpx:TrackPointExtension>
        </extensions>
      </trkpt>
      <trkpt lat="45.567616" lon="5.927507">
        <ele>278</ele>
        <extensions>
          <gpxtpx:TrackPointExtension>
            <gpxtpx:Extensions>
              <highway>primary</highway>
              <surface>asphalt</surface>
              <oneway>yes</oneway>
              <cycleway_right>shared_lane</cycleway_right>
              <cycleway_left>no</cycleway_left>
            </gpxtpx:Extensions>
          </gpxtpx:TrackPointExtension>
        </extensions>
      </trkpt>
      <trkpt lat="45.567385" lon="5.929631">
        <ele>278.5</ele>
        <extensions>
          <gpxtpx:TrackPointExtension>
            <gpxtpx:Extensions>
              <highway>primary</highway>
              <surface>asphalt</surface>
              <oneway>yes</oneway>
              <cycleway_right>shared_lane</cycleway_right>
              <cycleway_left>no</cycleway_left>
            </gpxtpx:Extensions>
          </gpxtpx:TrackPointExtension>
        </extensions>
      </trkpt>
      <trkpt lat="45.567383" lon="5.929639">
        <ele>278.5</ele>
        <extensions>
          <gpxtpx:TrackPointExtension>
            <gpxtpx:Extensions>
              <highway>primary</highway>
              <surface>asphalt</surface>
              <oneway>yes</oneway>
              <cycleway_right>shared_lane</cycleway_right>
              <cycleway_left>no</cycleway_left>
            </gpxtpx:Extensions>
          </gpxtpx:TrackPointExtension>
        </extensions>
      </trkpt>
      <trkpt lat="45.567377" lon="5.929733">
        <ele>278.5</ele>
        <extensions>
          <gpxtpx:TrackPointExtension>
            <gpxtpx:Extensions>
              <highway>primary</highway>
              <surface>asphalt</surface>
              <oneway>yes</oneway>
              <cycleway_right>shared_lane</cycleway_right>
              <cycleway_left>no</cycleway_left>
            </gpxtpx:Extensions>
          </gpxtpx:TrackPointExtension>
        </extensions>
      </trkpt>
      <trkpt lat="45.567367" lon="5.929814">
        <ele>278.5</ele>
        <extensions>
          <gpxtpx:TrackPointExtension>
            <gpxtpx:Extensions>
              <reversedirection>yes</reversedirection>
              <highway>residential</highway>
              <surface>asphalt</surface>
              <oneway>yes</oneway>
              <cycleway_left>opposite_lane</cycleway_left>
              <route_bicycle_rcn>yes</route_bicycle_rcn>
              <route_bicycle_lcn>yes</route_bicycle_lcn>
            </gpxtpx:Extensions>
          </gpxtpx:TrackPointExtension>
        </extensions>
      </trkpt>
      <trkpt lat="45.567361" lon="5.929873">
        <ele>278.25</ele>
        <extensions>
          <gpxtpx:TrackPointExtension>
            <gpxtpx:Extensions>
              <reversedirection>yes</reversedirection>
              <highway>residential</highway>
              <surface>asphalt</surface>
              <oneway>yes</oneway>
              <oneway_bicycle>no</oneway_bicycle>
              <cycleway_right>shared_lane</cycleway_right>
              <cycleway_left>opposite_lane</cycleway_left>
              <route_bicycle_rcn>yes</route_bicycle_rcn>
              <route_bicycle_lcn>yes</route_bicycle_lcn>
              <cycleway_left_oneway>-1</cycleway_left_oneway>
            </gpxtpx:Extensions>
          </gpxtpx:TrackPointExtension>
        </extensions>
      </trkpt>
      <trkpt lat="45.567361" lon="5.9299">
        <ele>278.25</ele>
        <extensions>
          <gpxtpx:TrackPointExtension>
            <gpxtpx:Extensions>
              <reversedirection>yes</reversedirection>
              <highway>residential</highway>
              <surface>asphalt</surface>
              <oneway>yes</oneway>
              <oneway_bicycle>no</oneway_bicycle>
              <cycleway_right>shared_lane</cycleway_right>
              <cycleway_left>opposite_lane</cycleway_left>
              <route_bicycle_rcn>yes</route_bicycle_rcn>
              <route_bicycle_lcn>yes</route_bicycle_lcn>
              <cycleway_left_oneway>-1</cycleway_left_oneway>
            </gpxtpx:Extensions>
          </gpxtpx:TrackPointExtension>
        </extensions>
      </trkpt>
      <trkpt lat="45.567391" lon="5.930968">
        <ele>278.5</ele>
        <extensions>
          <gpxtpx:TrackPointExtension>
            <gpxtpx:Extensions>
              <reversedirection>yes</reversedirection>
              <highway>residential</highway>
              <surface>asphalt</surface>
              <oneway>yes</oneway>
              <oneway_bicycle>no</oneway_bicycle>
              <cycleway_right>shared_lane</cycleway_right>
              <cycleway_left>opposite_lane</cycleway_left>
              <route_bicycle_rcn>yes</route_bicycle_rcn>
              <route_bicycle_lcn>yes</route_bicycle_lcn>
              <cycleway_left_oneway>-1</cycleway_left_oneway>
            </gpxtpx:Extensions>
          </gpxtpx:TrackPointExtension>
        </extensions>
      </trkpt>
      <trkpt lat="45.567447" lon="5.932255">
        <ele>279.75</ele>
        <extensions>
          <gpxtpx:TrackPointExtension>
            <gpxtpx:Extensions>
              <reversedirection>yes</reversedirection>
              <highway>residential</highway>
              <surface>asphalt</surface>
              <oneway>yes</oneway>
              <oneway_bicycle>no</oneway_bicycle>
              <cycleway_right>shared_lane</cycleway_right>
              <cycleway_left>opposite_lane</cycleway_left>
              <route_bicycle_rcn>yes</route_bicycle_rcn>
              <route_bicycle_lcn>yes</route_bicycle_lcn>
              <cycleway_left_oneway>-1</cycleway_left_oneway>
            </gpxtpx:Extensions>
          </gpxtpx:TrackPointExtension>
        </extensions>
      </trkpt>
      <trkpt lat="45.567505" lon="5.933317">
        <ele>280</ele>
        <extensions>
          <gpxtpx:TrackPointExtension>
            <gpxtpx:Extensions>
              <reversedirection>yes</reversedirection>
              <highway>residential</highway>
              <surface>asphalt</surface>
              <oneway>yes</oneway>
              <oneway_bicycle>no</oneway_bicycle>
              <cycleway_right>shared_lane</cycleway_right>
              <cycleway_left>opposite_lane</cycleway_left>
              <route_bicycle_rcn>yes</route_bicycle_rcn>
              <route_bicycle_lcn>yes</route_bicycle_lcn>
              <cycleway_left_oneway>-1</cycleway_left_oneway>
            </gpxtpx:Extensions>
          </gpxtpx:TrackPointExtension>
        </extensions>
      </trkpt>
      <trkpt lat="45.567519" lon="5.933537">
        <ele>280.5</ele>
        <extensions>
          <gpxtpx:TrackPointExtension>
            <gpxtpx:Extensions>
              <reversedirection>yes</reversedirection>
              <highway>residential</highway>
              <surface>asphalt</surface>
              <oneway>yes</oneway>
              <oneway_bicycle>no</oneway_bicycle>
              <cycleway_right>shared_lane</cycleway_right>
              <cycleway_left>opposite_lane</cycleway_left>
              <route_bicycle_rcn>yes</route_bicycle_rcn>
              <route_bicycle_lcn>yes</route_bicycle_lcn>
              <cycleway_left_oneway>-1</cycleway_left_oneway>
            </gpxtpx:Extensions>
          </gpxtpx:TrackPointExtension>
        </extensions>
      </trkpt>
      <trkpt lat="45.567528" lon="5.93366">
        <ele>281</ele>
        <extensions>
          <gpxtpx:TrackPointExtension>
            <gpxtpx:Extensions>
              <reversedirection>yes</reversedirection>
              <highway>residential</highway>
              <surface>asphalt</surface>
              <oneway>yes</oneway>
              <oneway_bicycle>no</oneway_bicycle>
              <cycleway_right>no</cycleway_right>
              <cycleway_left>opposite_lane</cycleway_left>
              <route_bicycle_lcn>yes</route_bicycle_lcn>
              <cycleway_left_oneway>-1</cycleway_left_oneway>
            </gpxtpx:Extensions>
          </gpxtpx:TrackPointExtension>
        </extensions>
      </trkpt>
      <trkpt lat="45.567484" lon="5.933694">
        <ele>281</ele>
        <extensions>
          <gpxtpx:TrackPointExtension>
            <gpxtpx:Extensions>
              <reversedirection>yes</reversedirection>
              <highway>unclassified</highway>
              <surface>asphalt</surface>
              <bicycle>yes</bicycle>
              <oneway>yes</oneway>
              <oneway_bicycle>no</oneway_bicycle>
              <cycleway_right>lane</cycleway_right>
              <cycleway_left>opposite_lane</cycleway_left>
              <route_bicycle_lcn>yes</route_bicycle_lcn>
              <cycleway_left_oneway>-1</cycleway_left_oneway>
            </gpxtpx:Extensions>
          </gpxtpx:TrackPointExtension>
        </extensions>
      </trkpt>
      <trkpt lat="45.567337" lon="5.933719">
        <ele>281</ele>
        <extensions>
          <gpxtpx:TrackPointExtension>
            <gpxtpx:Extensions>
              <reversedirection>yes</reversedirection>
              <highway>unclassified</highway>
              <surface>asphalt</surface>
              <bicycle>yes</bicycle>
              <oneway>yes</oneway>
              <oneway_bicycle>no</oneway_bicycle>
              <cycleway_right>lane</cycleway_right>
              <cycleway_left>opposite_lane</cycleway_left>
              <route_bicycle_lcn>yes</route_bicycle_lcn>
              <cycleway_left_oneway>-1</cycleway_left_oneway>
            </gpxtpx:Extensions>
          </gpxtpx:TrackPointExtension>
        </extensions>
      </trkpt>
      <trkpt lat="45.567313" lon="5.933723">
        <ele>281</ele>
        <extensions>
          <gpxtpx:TrackPointExtension>
            <gpxtpx:Extensions>
              <reversedirection>yes</reversedirection>
              <highway>unclassified</highway>
              <surface>asphalt</surface>
              <bicycle>yes</bicycle>
              <oneway>yes</oneway>
              <oneway_bicycle>no</oneway_bicycle>
              <cycleway_right>lane</cycleway_right>
              <cycleway_left>opposite_lane</cycleway_left>
              <route_bicycle_lcn>yes</route_bicycle_lcn>
              <cycleway_left_oneway>-1</cycleway_left_oneway>
            </gpxtpx:Extensions>
          </gpxtpx:TrackPointExtension>
        </extensions>
      </trkpt>
      <trkpt lat="45.567262" lon="5.93373">
        <ele>281.25</ele>
        <extensions>
          <gpxtpx:TrackPointExtension>
            <gpxtpx:Extensions>
              <reversedirection>yes</reversedirection>
              <highway>unclassified</highway>
              <surface>asphalt</surface>
              <bicycle>yes</bicycle>
              <oneway>yes</oneway>
              <oneway_bicycle>no</oneway_bicycle>
              <cycleway_right>lane</cycleway_right>
              <cycleway_left>opposite_lane</cycleway_left>
              <route_bicycle_lcn>yes</route_bicycle_lcn>
              <cycleway_left_oneway>-1</cycleway_left_oneway>
            </gpxtpx:Extensions>
          </gpxtpx:TrackPointExtension>
        </extensions>
      </trkpt>
      <trkpt lat="45.567181" lon="5.93374">
        <ele>281.25</ele>
        <extensions>
          <gpxtpx:TrackPointExtension>
            <gpxtpx:Extensions>
              <highway>residential</highway>
              <surface>asphalt</surface>
              <route_bicycle_lcn>yes</route_bicycle_lcn>
            </gpxtpx:Extensions>
          </gpxtpx:TrackPointExtension>
        </extensions>
      </trkpt>
      <trkpt lat="45.567163" lon="5.933742">
        <ele>281.25</ele>
        <extensions>
          <gpxtpx:TrackPointExtension>
            <gpxtpx:Extensions>
              <highway>residential</highway>
              <surface>asphalt</surface>
              <route_bicycle_lcn>yes</route_bicycle_lcn>
            </gpxtpx:Extensions>
          </gpxtpx:TrackPointExtension>
        </extensions>
      </trkpt>
      <trkpt lat="45.567087" lon="5.933751">
        <ele>281.25</ele>
        <extensions>
          <gpxtpx:TrackPointExtension>
            <gpxtpx:Extensions>
              <highway>residential</highway>
              <surface>asphalt</surface>
              <route_bicycle_lcn>yes</route_bicycle_lcn>
            </gpxtpx:Extensions>
          </gpxtpx:TrackPointExtension>
        </extensions>
      </trkpt>
      <trkpt lat="45.567069" lon="5.933754">
        <ele>281</ele>
        <extensions>
          <gpxtpx:TrackPointExtension>
            <gpxtpx:Extensions>
              <highway>residential</highway>
              <surface>asphalt</surface>
              <route_bicycle_lcn>yes</route_bicycle_lcn>
            </gpxtpx:Extensions>
          </gpxtpx:TrackPointExtension>
        </extensions>
      </trkpt>
      <trkpt lat="45.566535" lon="5.933856">
        <ele>280.5</ele>
        <extensions>
          <gpxtpx:TrackPointExtension>
            <gpxtpx:Extensions>
              <highway>residential</highway>
              <surface>asphalt</surface>
              <route_bicycle_lcn>yes</route_bicycle_lcn>
            </gpxtpx:Extensions>
          </gpxtpx:TrackPointExtension>
        </extensions>
      </trkpt>
      <trkpt lat="45.566433" lon="5.933915">
        <ele>280.5</ele>
        <extensions>
          <gpxtpx:TrackPointExtension>
            <gpxtpx:Extensions>
              <highway>residential</highway>
              <surface>asphalt</surface>
              <route_bicycle_lcn>yes</route_bicycle_lcn>
            </gpxtpx:Extensions>
          </gpxtpx:TrackPointExtension>
        </extensions>
      </trkpt>
      <trkpt lat="45.566375" lon="5.933997">
        <ele>280.25</ele>
        <extensions>
          <gpxtpx:TrackPointExtension>
            <gpxtpx:Extensions>
              <highway>residential</highway>
              <surface>asphalt</surface>
              <route_bicycle_lcn>yes</route_bicycle_lcn>
            </gpxtpx:Extensions>
          </gpxtpx:TrackPointExtension>
        </extensions>
      </trkpt>
      <trkpt lat="45.566322" lon="5.934143">
        <ele>280</ele>
        <extensions>
          <gpxtpx:TrackPointExtension>
            <gpxtpx:Extensions>
              <highway>residential</highway>
              <surface>asphalt</surface>
              <oneway>yes</oneway>
              <route_bicycle_lcn>yes</route_bicycle_lcn>
            </gpxtpx:Extensions>
          </gpxtpx:TrackPointExtension>
        </extensions>
      </trkpt>
      <trkpt lat="45.566324" lon="5.934189">
        <ele>280</ele>
        <extensions>
          <gpxtpx:TrackPointExtension>
            <gpxtpx:Extensions>
              <highway>primary</highway>
              <surface>asphalt</surface>
              <junction>roundabout</junction>
              <route_bicycle_ncn>yes</route_bicycle_ncn>
              <route_bicycle_rcn>yes</route_bicycle_rcn>
              <route_bicycle_lcn>yes</route_bicycle_lcn>
            </gpxtpx:Extensions>
          </gpxtpx:TrackPointExtension>
        </extensions>
      </trkpt>
      <trkpt lat="45.566318" lon="5.934234">
        <ele>280</ele>
        <extensions>
          <gpxtpx:TrackPointExtension>
            <gpxtpx:Extensions>
              <highway>primary</highway>
              <surface>asphalt</surface>
              <junction>roundabout</junction>
              <route_bicycle_ncn>yes</route_bicycle_ncn>
              <route_bicycle_rcn>yes</route_bicycle_rcn>
              <route_bicycle_lcn>yes</route_bicycle_lcn>
            </gpxtpx:Extensions>
          </gpxtpx:TrackPointExtension>
        </extensions>
      </trkpt>
      <trkpt lat="45.566305" lon="5.934274">
        <ele>280</ele>
        <extensions>
          <gpxtpx:TrackPointExtension>
            <gpxtpx:Extensions>
              <highway>primary</highway>
              <surface>asphalt</surface>
              <junction>roundabout</junction>
              <route_bicycle_ncn>yes</route_bicycle_ncn>
              <route_bicycle_rcn>yes</route_bicycle_rcn>
              <route_bicycle_lcn>yes</route_bicycle_lcn>
            </gpxtpx:Extensions>
          </gpxtpx:TrackPointExtension>
        </extensions>
      </trkpt>
      <trkpt lat="45.566284" lon="5.934309">
        <ele>280</ele>
        <extensions>
          <gpxtpx:TrackPointExtension>
            <gpxtpx:Extensions>
              <highway>primary</highway>
              <surface>asphalt</surface>
              <junction>roundabout</junction>
              <route_bicycle_ncn>yes</route_bicycle_ncn>
              <route_bicycle_rcn>yes</route_bicycle_rcn>
              <route_bicycle_lcn>yes</route_bicycle_lcn>
            </gpxtpx:Extensions>
          </gpxtpx:TrackPointExtension>
        </extensions>
      </trkpt>
      <trkpt lat="45.566259" lon="5.934335">
        <ele>280</ele>
        <extensions>
          <gpxtpx:TrackPointExtension>
            <gpxtpx:Extensions>
              <highway>primary</highway>
              <surface>asphalt</surface>
              <junction>roundabout</junction>
              <route_bicycle_ncn>yes</route_bicycle_ncn>
              <route_bicycle_rcn>yes</route_bicycle_rcn>
              <route_bicycle_lcn>yes</route_bicycle_lcn>
            </gpxtpx:Extensions>
          </gpxtpx:TrackPointExtension>
        </extensions>
      </trkpt>
      <trkpt lat="45.566243" lon="5.934346">
        <ele>279.75</ele>
        <extensions>
          <gpxtpx:TrackPointExtension>
            <gpxtpx:Extensions>
              <highway>primary</highway>
              <surface>asphalt</surface>
              <junction>roundabout</junction>
              <route_bicycle_ncn>yes</route_bicycle_ncn>
              <route_bicycle_rcn>yes</route_bicycle_rcn>
              <route_bicycle_lcn>yes</route_bicycle_lcn>
            </gpxtpx:Extensions>
          </gpxtpx:TrackPointExtension>
        </extensions>
      </trkpt>
      <trkpt lat="45.566258" lon="5.934453">
        <ele>280</ele>
        <extensions>
          <gpxtpx:TrackPointExtension>
            <gpxtpx:Extensions>
              <highway>secondary</highway>
              <surface>asphalt</surface>
              <foot>yes</foot>
              <bicycle>yes</bicycle>
              <oneway>yes</oneway>
              <cycleway_right>no</cycleway_right>
            </gpxtpx:Extensions>
          </gpxtpx:TrackPointExtension>
        </extensions>
      </trkpt>
      <trkpt lat="45.566255" lon="5.934792">
        <ele>280</ele>
        <extensions>
          <gpxtpx:TrackPointExtension>
            <gpxtpx:Extensions>
              <highway>secondary</highway>
              <surface>asphalt</surface>
              <foot>yes</foot>
              <bicycle>yes</bicycle>
              <oneway>yes</oneway>
              <cycleway_right>no</cycleway_right>
            </gpxtpx:Extensions>
          </gpxtpx:TrackPointExtension>
        </extensions>
      </trkpt>
      <trkpt lat="45.566302" lon="5.935742">
        <ele>280</ele>
        <extensions>
          <gpxtpx:TrackPointExtension>
            <gpxtpx:Extensions>
              <reversedirection>yes</reversedirection>
              <highway>secondary</highway>
              <surface>asphalt</surface>
              <foot>yes</foot>
              <bicycle>yes</bicycle>
              <oneway>no</oneway>
            </gpxtpx:Extensions>
          </gpxtpx:TrackPointExtension>
        </extensions>
      </trkpt>
      <trkpt lat="45.566311" lon="5.935843">
        <ele>280</ele>
        <extensions>
          <gpxtpx:TrackPointExtension>
            <gpxtpx:Extensions>
              <reversedirection>yes</reversedirection>
              <highway>secondary</highway>
              <surface>asphalt</surface>
              <foot>yes</foot>
              <bicycle>yes</bicycle>
              <oneway>no</oneway>
            </gpxtpx:Extensions>
          </gpxtpx:TrackPointExtension>
        </extensions>
      </trkpt>
      <trkpt lat="45.566334" lon="5.93611">
        <ele>280.25</ele>
        <extensions>
          <gpxtpx:TrackPointExtension>
            <gpxtpx:Extensions>
              <reversedirection>yes</reversedirection>
              <highway>secondary</highway>
              <surface>asphalt</surface>
              <foot>yes</foot>
              <bicycle>yes</bicycle>
              <oneway>no</oneway>
            </gpxtpx:Extensions>
          </gpxtpx:TrackPointExtension>
        </extensions>
      </trkpt>
      <trkpt lat="45.566374" lon="5.936833">
        <ele>281.25</ele>
        <extensions>
          <gpxtpx:TrackPointExtension>
            <gpxtpx:Extensions>
              <reversedirection>yes</reversedirection>
              <highway>secondary</highway>
              <surface>asphalt</surface>
              <foot>yes</foot>
              <bicycle>yes</bicycle>
              <oneway>no</oneway>
            </gpxtpx:Extensions>
          </gpxtpx:TrackPointExtension>
        </extensions>
      </trkpt>
      <trkpt lat="45.566375" lon="5.936874">
        <ele>281.25</ele>
        <extensions>
          <gpxtpx:TrackPointExtension>
            <gpxtpx:Extensions>
              <reversedirection>yes</reversedirection>
              <highway>secondary</highway>
              <surface>asphalt</surface>
              <foot>yes</foot>
              <bicycle>yes</bicycle>
              <oneway>no</oneway>
            </gpxtpx:Extensions>
          </gpxtpx:TrackPointExtension>
        </extensions>
      </trkpt>
      <trkpt lat="45.566386" lon="5.937241">
        <ele>281.5</ele>
        <extensions>
          <gpxtpx:TrackPointExtension>
            <gpxtpx:Extensions>
              <reversedirection>yes</reversedirection>
              <highway>secondary</highway>
              <surface>asphalt</surface>
              <foot>yes</foot>
              <bicycle>yes</bicycle>
              <oneway>no</oneway>
            </gpxtpx:Extensions>
          </gpxtpx:TrackPointExtension>
        </extensions>
      </trkpt>
      <trkpt lat="45.566388" lon="5.937289">
        <ele>281.5</ele>
        <extensions>
          <gpxtpx:TrackPointExtension>
            <gpxtpx:Extensions>
              <reversedirection>yes</reversedirection>
              <highway>secondary</highway>
              <surface>asphalt</surface>
              <foot>yes</foot>
              <bicycle>yes</bicycle>
              <oneway>no</oneway>
            </gpxtpx:Extensions>
          </gpxtpx:TrackPointExtension>
        </extensions>
      </trkpt>
      <trkpt lat="45.566374" lon="5.937706">
        <ele>281.75</ele>
        <extensions>
          <gpxtpx:TrackPointExtension>
            <gpxtpx:Extensions>
              <reversedirection>yes</reversedirection>
              <highway>secondary</highway>
              <surface>asphalt</surface>
              <foot>yes</foot>
              <bicycle>yes</bicycle>
              <oneway>no</oneway>
            </gpxtpx:Extensions>
          </gpxtpx:TrackPointExtension>
        </extensions>
      </trkpt>
      <trkpt lat="45.56635" lon="5.938068">
        <ele>282.25</ele>
        <extensions>
          <gpxtpx:TrackPointExtension>
            <gpxtpx:Extensions>
              <reversedirection>yes</reversedirection>
              <highway>secondary</highway>
              <surface>asphalt</surface>
              <foot>yes</foot>
              <bicycle>yes</bicycle>
              <oneway>no</oneway>
            </gpxtpx:Extensions>
          </gpxtpx:TrackPointExtension>
        </extensions>
      </trkpt>
      <trkpt lat="45.566324" lon="5.938268">
        <ele>282.5</ele>
        <extensions>
          <gpxtpx:TrackPointExtension>
            <gpxtpx:Extensions>
              <reversedirection>yes</reversedirection>
              <highway>secondary</highway>
              <surface>asphalt</surface>
              <foot>yes</foot>
              <bicycle>yes</bicycle>
            </gpxtpx:Extensions>
          </gpxtpx:TrackPointExtension>
        </extensions>
      </trkpt>
      <trkpt lat="45.566254" lon="5.938577">
        <ele>283.75</ele>
        <extensions>
          <gpxtpx:TrackPointExtension>
            <gpxtpx:Extensions>
              <reversedirection>yes</reversedirection>
              <highway>secondary</highway>
              <surface>asphalt</surface>
              <foot>yes</foot>
              <bicycle>yes</bicycle>
            </gpxtpx:Extensions>
          </gpxtpx:TrackPointExtension>
        </extensions>
      </trkpt>
      <trkpt lat="45.566155" lon="5.938942">
        <ele>285.5</ele>
        <extensions>
          <gpxtpx:TrackPointExtension>
            <gpxtpx:Extensions>
              <reversedirection>yes</reversedirection>
              <highway>secondary</highway>
              <surface>asphalt</surface>
              <foot>yes</foot>
              <bicycle>yes</bicycle>
              <cycleway_left>lane</cycleway_left>
            </gpxtpx:Extensions>
          </gpxtpx:TrackPointExtension>
        </extensions>
      </trkpt>
      <trkpt lat="45.565962" lon="5.939642">
        <ele>289.25</ele>
        <extensions>
          <gpxtpx:TrackPointExtension>
            <gpxtpx:Extensions>
              <reversedirection>yes</reversedirection>
              <highway>secondary</highway>
              <surface>asphalt</surface>
              <foot>yes</foot>
              <bicycle>yes</bicycle>
              <cycleway>lane</cycleway>
            </gpxtpx:Extensions>
          </gpxtpx:TrackPointExtension>
        </extensions>
      </trkpt>
      <trkpt lat="45.565818" lon="5.940095">
        <ele>290.75</ele>
        <extensions>
          <gpxtpx:TrackPointExtension>
            <gpxtpx:Extensions>
              <reversedirection>yes</reversedirection>
              <highway>secondary</highway>
              <surface>asphalt</surface>
              <foot>yes</foot>
              <bicycle>yes</bicycle>
              <cycleway>lane</cycleway>
            </gpxtpx:Extensions>
          </gpxtpx:TrackPointExtension>
        </extensions>
      </trkpt>
      <trkpt lat="45.565771" lon="5.940251">
        <ele>288.75</ele>
        <extensions>
          <gpxtpx:TrackPointExtension>
            <gpxtpx:Extensions>
              <reversedirection>yes</reversedirection>
              <highway>secondary</highway>
              <surface>asphalt</surface>
              <foot>yes</foot>
              <bicycle>yes</bicycle>
              <cycleway>lane</cycleway>
            </gpxtpx:Extensions>
          </gpxtpx:TrackPointExtension>
        </extensions>
      </trkpt>
      <trkpt lat="45.565719" lon="5.940427">
        <ele>286.75</ele>
        <extensions>
          <gpxtpx:TrackPointExtension>
            <gpxtpx:Extensions>
              <reversedirection>yes</reversedirection>
              <highway>secondary</highway>
              <surface>asphalt</surface>
              <foot>yes</foot>
              <bicycle>yes</bicycle>
              <cycleway>lane</cycleway>
            </gpxtpx:Extensions>
          </gpxtpx:TrackPointExtension>
        </extensions>
      </trkpt>
      <trkpt lat="45.565708" lon="5.940462">
        <ele>286.5</ele>
        <extensions>
          <gpxtpx:TrackPointExtension>
            <gpxtpx:Extensions>
              <reversedirection>yes</reversedirection>
              <highway>secondary</highway>
              <surface>asphalt</surface>
              <foot>yes</foot>
              <bicycle>yes</bicycle>
              <cycleway>lane</cycleway>
            </gpxtpx:Extensions>
          </gpxtpx:TrackPointExtension>
        </extensions>
      </trkpt>
      <trkpt lat="45.565665" lon="5.940603">
        <ele>285</ele>
        <extensions>
          <gpxtpx:TrackPointExtension>
            <gpxtpx:Extensions>
              <reversedirection>yes</reversedirection>
              <highway>secondary</highway>
              <surface>asphalt</surface>
              <foot>yes</foot>
              <bicycle>yes</bicycle>
              <cycleway>lane</cycleway>
            </gpxtpx:Extensions>
          </gpxtpx:TrackPointExtension>
        </extensions>
      </trkpt>
      <trkpt lat="45.565558" lon="5.941013">
        <ele>282</ele>
        <extensions>
          <gpxtpx:TrackPointExtension>
            <gpxtpx:Extensions>
              <reversedirection>yes</reversedirection>
              <highway>secondary</highway>
              <surface>asphalt</surface>
              <cycleway>lane</cycleway>
            </gpxtpx:Extensions>
          </gpxtpx:TrackPointExtension>
        </extensions>
      </trkpt>
      <trkpt lat="45.565514" lon="5.941257">
        <ele>281.25</ele>
        <extensions>
          <gpxtpx:TrackPointExtension>
            <gpxtpx:Extensions>
              <reversedirection>yes</reversedirection>
              <highway>secondary</highway>
              <surface>asphalt</surface>
              <cycleway>lane</cycleway>
            </gpxtpx:Extensions>
          </gpxtpx:TrackPointExtension>
        </extensions>
      </trkpt>
      <trkpt lat="45.56547" lon="5.941411">
        <ele>280.75</ele>
        <extensions>
          <gpxtpx:TrackPointExtension>
            <gpxtpx:Extensions>
              <reversedirection>yes</reversedirection>
              <highway>secondary</highway>
              <surface>asphalt</surface>
              <cycleway>lane</cycleway>
            </gpxtpx:Extensions>
          </gpxtpx:TrackPointExtension>
        </extensions>
      </trkpt>
      <trkpt lat="45.565428" lon="5.941521">
        <ele>280.75</ele>
        <extensions>
          <gpxtpx:TrackPointExtension>
            <gpxtpx:Extensions>
              <reversedirection>yes</reversedirection>
              <highway>secondary</highway>
              <surface>asphalt</surface>
              <cycleway>lane</cycleway>
            </gpxtpx:Extensions>
          </gpxtpx:TrackPointExtension>
        </extensions>
      </trkpt>
      <trkpt lat="45.565403" lon="5.941589">
        <ele>280.5</ele>
        <extensions>
          <gpxtpx:TrackPointExtension>
            <gpxtpx:Extensions>
              <reversedirection>yes</reversedirection>
              <highway>secondary</highway>
              <surface>asphalt</surface>
              <cycleway>lane</cycleway>
            </gpxtpx:Extensions>
          </gpxtpx:TrackPointExtension>
        </extensions>
      </trkpt>
      <trkpt lat="45.565363" lon="5.941714">
        <ele>280.5</ele>
        <extensions>
          <gpxtpx:TrackPointExtension>
            <gpxtpx:Extensions>
              <reversedirection>yes</reversedirection>
              <highway>secondary</highway>
              <surface>asphalt</surface>
              <cycleway>lane</cycleway>
            </gpxtpx:Extensions>
          </gpxtpx:TrackPointExtension>
        </extensions>
      </trkpt>
      <trkpt lat="45.565298" lon="5.941872">
        <ele>280.75</ele>
        <extensions>
          <gpxtpx:TrackPointExtension>
            <gpxtpx:Extensions>
              <reversedirection>yes</reversedirection>
              <highway>secondary</highway>
              <surface>asphalt</surface>
              <cycleway>lane</cycleway>
            </gpxtpx:Extensions>
          </gpxtpx:TrackPointExtension>
        </extensions>
      </trkpt>
      <trkpt lat="45.565254" lon="5.941955">
        <ele>281</ele>
        <extensions>
          <gpxtpx:TrackPointExtension>
            <gpxtpx:Extensions>
              <reversedirection>yes</reversedirection>
              <highway>secondary</highway>
              <surface>asphalt</surface>
              <cycleway>lane</cycleway>
            </gpxtpx:Extensions>
          </gpxtpx:TrackPointExtension>
        </extensions>
      </trkpt>
      <trkpt lat="45.565233" lon="5.942047">
        <ele>281.25</ele>
        <extensions>
          <gpxtpx:TrackPointExtension>
            <gpxtpx:Extensions>
              <highway>secondary</highway>
              <surface>asphalt</surface>
              <cycleway>lane</cycleway>
              <oneway>yes</oneway>
            </gpxtpx:Extensions>
          </gpxtpx:TrackPointExtension>
        </extensions>
      </trkpt>
      <trkpt lat="45.565077" lon="5.942329">
        <ele>281.75</ele>
        <extensions>
          <gpxtpx:TrackPointExtension>
            <gpxtpx:Extensions>
              <highway>secondary</highway>
              <surface>asphalt</surface>
              <cycleway>lane</cycleway>
              <oneway>yes</oneway>
            </gpxtpx:Extensions>
          </gpxtpx:TrackPointExtension>
        </extensions>
      </trkpt>
      <trkpt lat="45.564946" lon="5.942557">
        <ele>281.75</ele>
        <extensions>
          <gpxtpx:TrackPointExtension>
            <gpxtpx:Extensions>
              <highway>secondary</highway>
              <surface>asphalt</surface>
              <oneway>yes</oneway>
            </gpxtpx:Extensions>
          </gpxtpx:TrackPointExtension>
        </extensions>
      </trkpt>
      <trkpt lat="45.564873" lon="5.942665">
        <ele>281.5</ele>
        <extensions>
          <gpxtpx:TrackPointExtension>
            <gpxtpx:Extensions>
              <highway>secondary</highway>
              <surface>asphalt</surface>
              <oneway>yes</oneway>
            </gpxtpx:Extensions>
          </gpxtpx:TrackPointExtension>
        </extensions>
      </trkpt>
      <trkpt lat="45.564762" lon="5.942863">
        <ele>281.5</ele>
        <extensions>
          <gpxtpx:TrackPointExtension>
            <gpxtpx:Extensions>
              <highway>secondary</highway>
              <surface>asphalt</surface>
              <oneway>yes</oneway>
            </gpxtpx:Extensions>
          </gpxtpx:TrackPointExtension>
        </extensions>
      </trkpt>
      <trkpt lat="45.564669" lon="5.942968">
        <ele>281.25</ele>
        <extensions>
          <gpxtpx:TrackPointExtension>
            <gpxtpx:Extensions>
              <highway>secondary</highway>
              <surface>asphalt</surface>
              <oneway>yes</oneway>
            </gpxtpx:Extensions>
          </gpxtpx:TrackPointExtension>
        </extensions>
      </trkpt>
      <trkpt lat="45.564379" lon="5.94365">
        <ele>281.75</ele>
        <extensions>
          <gpxtpx:TrackPointExtension>
            <gpxtpx:Extensions>
              <highway>secondary</highway>
              <surface>asphalt</surface>
              <oneway>no</oneway>
            </gpxtpx:Extensions>
          </gpxtpx:TrackPointExtension>
        </extensions>
      </trkpt>
      <trkpt lat="45.564343" lon="5.943741">
        <ele>281.5</ele>
        <extensions>
          <gpxtpx:TrackPointExtension>
            <gpxtpx:Extensions>
              <highway>secondary</highway>
              <surface>asphalt</surface>
              <oneway>no</oneway>
            </gpxtpx:Extensions>
          </gpxtpx:TrackPointExtension>
        </extensions>
      </trkpt>
      <trkpt lat="45.564326" lon="5.943896">
        <ele>281.5</ele>
        <extensions>
          <gpxtpx:TrackPointExtension>
            <gpxtpx:Extensions>
              <highway>secondary</highway>
              <surface>asphalt</surface>
              <oneway>yes</oneway>
            </gpxtpx:Extensions>
          </gpxtpx:TrackPointExtension>
        </extensions>
      </trkpt>
      <trkpt lat="45.564341" lon="5.943952">
        <ele>281.5</ele>
        <extensions>
          <gpxtpx:TrackPointExtension>
            <gpxtpx:Extensions>
              <highway>secondary</highway>
              <surface>asphalt</surface>
              <junction>roundabout</junction>
            </gpxtpx:Extensions>
          </gpxtpx:TrackPointExtension>
        </extensions>
      </trkpt>
      <trkpt lat="45.564411" lon="5.94409">
        <ele>281.5</ele>
        <extensions>
          <gpxtpx:TrackPointExtension>
            <gpxtpx:Extensions>
              <highway>secondary</highway>
              <surface>asphalt</surface>
              <oneway>yes</oneway>
              <cycleway_right>lane</cycleway_right>
            </gpxtpx:Extensions>
          </gpxtpx:TrackPointExtension>
        </extensions>
      </trkpt>
      <trkpt lat="45.564424" lon="5.944117">
        <ele>281.5</ele>
        <extensions>
          <gpxtpx:TrackPointExtension>
            <gpxtpx:Extensions>
              <highway>secondary</highway>
              <surface>asphalt</surface>
              <oneway>yes</oneway>
              <cycleway_right>lane</cycleway_right>
            </gpxtpx:Extensions>
          </gpxtpx:TrackPointExtension>
        </extensions>
      </trkpt>
      <trkpt lat="45.564509" lon="5.944203">
        <ele>281.75</ele>
        <extensions>
          <gpxtpx:TrackPointExtension>
            <gpxtpx:Extensions>
              <highway>secondary</highway>
              <surface>asphalt</surface>
              <cycleway>lane</cycleway>
            </gpxtpx:Extensions>
          </gpxtpx:TrackPointExtension>
        </extensions>
      </trkpt>
      <trkpt lat="45.564581" lon="5.944333">
        <ele>282</ele>
        <extensions>
          <gpxtpx:TrackPointExtension>
            <gpxtpx:Extensions>
              <highway>secondary</highway>
              <surface>asphalt</surface>
              <cycleway>lane</cycleway>
            </gpxtpx:Extensions>
          </gpxtpx:TrackPointExtension>
        </extensions>
      </trkpt>
      <trkpt lat="45.564635" lon="5.944504">
        <ele>282.5</ele>
        <extensions>
          <gpxtpx:TrackPointExtension>
            <gpxtpx:Extensions>
              <highway>secondary</highway>
              <surface>asphalt</surface>
              <cycleway>lane</cycleway>
            </gpxtpx:Extensions>
          </gpxtpx:TrackPointExtension>
        </extensions>
      </trkpt>
      <trkpt lat="45.564662" lon="5.944678">
        <ele>282.75</ele>
        <extensions>
          <gpxtpx:TrackPointExtension>
            <gpxtpx:Extensions>
              <highway>secondary</highway>
              <surface>asphalt</surface>
              <cycleway>lane</cycleway>
            </gpxtpx:Extensions>
          </gpxtpx:TrackPointExtension>
        </extensions>
      </trkpt>
      <trkpt lat="45.564658" lon="5.944893">
        <ele>283</ele>
        <extensions>
          <gpxtpx:TrackPointExtension>
            <gpxtpx:Extensions>
              <highway>secondary</highway>
              <surface>asphalt</surface>
              <cycleway>lane</cycleway>
            </gpxtpx:Extensions>
          </gpxtpx:TrackPointExtension>
        </extensions>
      </trkpt>
      <trkpt lat="45.564641" lon="5.945202">
        <ele>283</ele>
        <extensions>
          <gpxtpx:TrackPointExtension>
            <gpxtpx:Extensions>
              <highway>secondary</highway>
              <surface>asphalt</surface>
              <cycleway>lane</cycleway>
            </gpxtpx:Extensions>
          </gpxtpx:TrackPointExtension>
        </extensions>
      </trkpt>
      <trkpt lat="45.564612" lon="5.945773">
        <ele>283</ele>
        <extensions>
          <gpxtpx:TrackPointExtension>
            <gpxtpx:Extensions>
              <highway>secondary</highway>
              <surface>asphalt</surface>
              <cycleway>lane</cycleway>
            </gpxtpx:Extensions>
          </gpxtpx:TrackPointExtension>
        </extensions>
      </trkpt>
      <trkpt lat="45.56457" lon="5.946613">
        <ele>283.75</ele>
        <extensions>
          <gpxtpx:TrackPointExtension>
            <gpxtpx:Extensions>
              <highway>secondary</highway>
              <surface>asphalt</surface>
              <cycleway>lane</cycleway>
            </gpxtpx:Extensions>
          </gpxtpx:TrackPointExtension>
        </extensions>
      </trkpt>
      <trkpt lat="45.564569" lon="5.946627">
        <ele>283.75</ele>
        <extensions>
          <gpxtpx:TrackPointExtension>
            <gpxtpx:Extensions>
              <highway>secondary</highway>
              <surface>asphalt</surface>
              <cycleway>lane</cycleway>
            </gpxtpx:Extensions>
          </gpxtpx:TrackPointExtension>
        </extensions>
      </trkpt>
      <trkpt lat="45.564564" lon="5.946764">
        <ele>284</ele>
        <extensions>
          <gpxtpx:TrackPointExtension>
            <gpxtpx:Extensions>
              <highway>secondary</highway>
              <surface>asphalt</surface>
              <cycleway>lane</cycleway>
            </gpxtpx:Extensions>
          </gpxtpx:TrackPointExtension>
        </extensions>
      </trkpt>
      <trkpt lat="45.564605" lon="5.946795">
        <ele>284</ele>
        <extensions>
          <gpxtpx:TrackPointExtension>
            <gpxtpx:Extensions>
              <highway>secondary</highway>
              <surface>asphalt</surface>
              <junction>roundabout</junction>
            </gpxtpx:Extensions>
          </gpxtpx:TrackPointExtension>
        </extensions>
      </trkpt>
      <trkpt lat="45.564618" lon="5.946822">
        <ele>284.25</ele>
        <extensions>
          <gpxtpx:TrackPointExtension>
            <gpxtpx:Extensions>
              <highway>secondary</highway>
              <surface>asphalt</surface>
              <junction>roundabout</junction>
            </gpxtpx:Extensions>
          </gpxtpx:TrackPointExtension>
        </extensions>
      </trkpt>
      <trkpt lat="45.564624" lon="5.946854">
        <ele>284.25</ele>
        <extensions>
          <gpxtpx:TrackPointExtension>
            <gpxtpx:Extensions>
              <highway>secondary</highway>
              <surface>asphalt</surface>
              <junction>roundabout</junction>
            </gpxtpx:Extensions>
          </gpxtpx:TrackPointExtension>
        </extensions>
      </trkpt>
      <trkpt lat="45.56462" lon="5.946902">
        <ele>284.25</ele>
        <extensions>
          <gpxtpx:TrackPointExtension>
            <gpxtpx:Extensions>
              <highway>secondary</highway>
              <surface>asphalt</surface>
              <junction>roundabout</junction>
            </gpxtpx:Extensions>
          </gpxtpx:TrackPointExtension>
        </extensions>
      </trkpt>
      <trkpt lat="45.564612" lon="5.946923">
        <ele>284.25</ele>
        <extensions>
          <gpxtpx:TrackPointExtension>
            <gpxtpx:Extensions>
              <highway>secondary</highway>
              <surface>asphalt</surface>
              <junction>roundabout</junction>
            </gpxtpx:Extensions>
          </gpxtpx:TrackPointExtension>
        </extensions>
      </trkpt>
      <trkpt lat="45.564768" lon="5.947123">
        <ele>284.75</ele>
        <extensions>
          <gpxtpx:TrackPointExtension>
            <gpxtpx:Extensions>
              <highway>secondary</highway>
              <surface>asphalt</surface>
              <cycleway>lane</cycleway>
            </gpxtpx:Extensions>
          </gpxtpx:TrackPointExtension>
        </extensions>
      </trkpt>
      <trkpt lat="45.564992" lon="5.947473">
        <ele>285.75</ele>
        <extensions>
          <gpxtpx:TrackPointExtension>
            <gpxtpx:Extensions>
              <highway>secondary</highway>
              <surface>asphalt</surface>
              <cycleway>lane</cycleway>
            </gpxtpx:Extensions>
          </gpxtpx:TrackPointExtension>
        </extensions>
      </trkpt>
      <trkpt lat="45.565121" lon="5.947694">
        <ele>285.75</ele>
        <extensions>
          <gpxtpx:TrackPointExtension>
            <gpxtpx:Extensions>
              <highway>secondary</highway>
              <surface>asphalt</surface>
              <cycleway>lane</cycleway>
            </gpxtpx:Extensions>
          </gpxtpx:TrackPointExtension>
        </extensions>
      </trkpt>
      <trkpt lat="45.565177" lon="5.947825">
        <ele>285.75</ele>
        <extensions>
          <gpxtpx:TrackPointExtension>
            <gpxtpx:Extensions>
              <highway>secondary</highway>
              <surface>asphalt</surface>
              <cycleway>lane</cycleway>
            </gpxtpx:Extensions>
          </gpxtpx:TrackPointExtension>
        </extensions>
      </trkpt>
      <trkpt lat="45.565219" lon="5.947953">
        <ele>285.5</ele>
        <extensions>
          <gpxtpx:TrackPointExtension>
            <gpxtpx:Extensions>
              <highway>secondary</highway>
              <surface>asphalt</surface>
              <cycleway>lane</cycleway>
            </gpxtpx:Extensions>
          </gpxtpx:TrackPointExtension>
        </extensions>
      </trkpt>
      <trkpt lat="45.56523" lon="5.947987">
        <ele>285.5</ele>
        <extensions>
          <gpxtpx:TrackPointExtension>
            <gpxtpx:Extensions>
              <highway>secondary</highway>
              <surface>asphalt</surface>
              <cycleway>lane</cycleway>
              <route_bicycle_lcn>yes</route_bicycle_lcn>
            </gpxtpx:Extensions>
          </gpxtpx:TrackPointExtension>
        </extensions>
      </trkpt>
      <trkpt lat="45.565295" lon="5.948174">
        <ele>285.5</ele>
        <extensions>
          <gpxtpx:TrackPointExtension>
            <gpxtpx:Extensions>
              <highway>secondary</highway>
              <surface>asphalt</surface>
              <cycleway>lane</cycleway>
              <route_bicycle_lcn>yes</route_bicycle_lcn>
            </gpxtpx:Extensions>
          </gpxtpx:TrackPointExtension>
        </extensions>
      </trkpt>
      <trkpt lat="45.56537" lon="5.948366">
        <ele>285.5</ele>
        <extensions>
          <gpxtpx:TrackPointExtension>
            <gpxtpx:Extensions>
              <highway>secondary</highway>
              <surface>asphalt</surface>
              <cycleway>lane</cycleway>
              <route_bicycle_lcn>yes</route_bicycle_lcn>
            </gpxtpx:Extensions>
          </gpxtpx:TrackPointExtension>
        </extensions>
      </trkpt>
      <trkpt lat="45.565407" lon="5.948441">
        <ele>285.5</ele>
        <extensions>
          <gpxtpx:TrackPointExtension>
            <gpxtpx:Extensions>
              <highway>secondary</highway>
              <surface>asphalt</surface>
              <cycleway_left>lane</cycleway_left>
              <route_bicycle_lcn>yes</route_bicycle_lcn>
            </gpxtpx:Extensions>
          </gpxtpx:TrackPointExtension>
        </extensions>
      </trkpt>
      <trkpt lat="45.565449" lon="5.948525">
        <ele>285.5</ele>
        <extensions>
          <gpxtpx:TrackPointExtension>
            <gpxtpx:Extensions>
              <highway>secondary</highway>
              <surface>asphalt</surface>
              <cycleway_left>lane</cycleway_left>
              <route_bicycle_lcn>yes</route_bicycle_lcn>
            </gpxtpx:Extensions>
          </gpxtpx:TrackPointExtension>
        </extensions>
      </trkpt>
      <trkpt lat="45.565429" lon="5.948605">
        <ele>285.5</ele>
        <extensions>
          <gpxtpx:TrackPointExtension>
            <gpxtpx:Extensions>
              <highway>secondary</highway>
              <surface>asphalt</surface>
              <oneway>no</oneway>
              <route_bicycle_lcn>yes</route_bicycle_lcn>
            </gpxtpx:Extensions>
          </gpxtpx:TrackPointExtension>
        </extensions>
      </trkpt>
      <trkpt lat="45.565423" lon="5.948627">
        <ele>285.5</ele>
        <extensions>
          <gpxtpx:TrackPointExtension>
            <gpxtpx:Extensions>
              <highway>secondary</highway>
              <surface>asphalt</surface>
              <oneway>no</oneway>
              <route_bicycle_lcn>yes</route_bicycle_lcn>
            </gpxtpx:Extensions>
          </gpxtpx:TrackPointExtension>
        </extensions>
      </trkpt>
      <trkpt lat="45.565411" lon="5.948648">
        <ele>285.5</ele>
        <extensions>
          <gpxtpx:TrackPointExtension>
            <gpxtpx:Extensions>
              <highway>secondary</highway>
              <surface>asphalt</surface>
              <oneway>no</oneway>
            </gpxtpx:Extensions>
          </gpxtpx:TrackPointExtension>
        </extensions>
      </trkpt>
      <trkpt lat="45.565339" lon="5.948769">
        <ele>285.75</ele>
        <extensions>
          <gpxtpx:TrackPointExtension>
            <gpxtpx:Extensions>
              <highway>secondary</highway>
              <surface>asphalt</surface>
              <oneway>no</oneway>
            </gpxtpx:Extensions>
          </gpxtpx:TrackPointExtension>
        </extensions>
      </trkpt>
      <trkpt lat="45.56499" lon="5.949365">
        <ele>286.25</ele>
        <extensions>
          <gpxtpx:TrackPointExtension>
            <gpxtpx:Extensions>
              <highway>secondary</highway>
              <surface>asphalt</surface>
              <oneway>no</oneway>
            </gpxtpx:Extensions>
          </gpxtpx:TrackPointExtension>
        </extensions>
      </trkpt>
      <trkpt lat="45.564922" lon="5.94948">
        <ele>286.5</ele>
        <extensions>
          <gpxtpx:TrackPointExtension>
            <gpxtpx:Extensions>
              <highway>secondary</highway>
              <surface>asphalt</surface>
              <oneway>no</oneway>
            </gpxtpx:Extensions>
          </gpxtpx:TrackPointExtension>
        </extensions>
      </trkpt>
      <trkpt lat="45.564828" lon="5.949428">
        <ele>286.75</ele>
        <extensions>
          <gpxtpx:TrackPointExtension>
            <gpxtpx:Extensions>
              <highway>secondary</highway>
            </gpxtpx:Extensions>
          </gpxtpx:TrackPointExtension>
        </extensions>
      </trkpt>
      <trkpt lat="45.564737" lon="5.949376">
        <ele>286.75</ele>
        <extensions>
          <gpxtpx:TrackPointExtension>
            <gpxtpx:Extensions>
              <highway>secondary</highway>
            </gpxtpx:Extensions>
          </gpxtpx:TrackPointExtension>
        </extensions>
      </trkpt>
      <trkpt lat="45.564478" lon="5.949273">
        <ele>287</ele>
        <extensions>
          <gpxtpx:TrackPointExtension>
            <gpxtpx:Extensions>
              <highway>secondary</highway>
            </gpxtpx:Extensions>
          </gpxtpx:TrackPointExtension>
        </extensions>
      </trkpt>
      <trkpt lat="45.564142" lon="5.949193">
        <ele>287</ele>
        <extensions>
          <gpxtpx:TrackPointExtension>
            <gpxtpx:Extensions>
              <highway>secondary</highway>
            </gpxtpx:Extensions>
          </gpxtpx:TrackPointExtension>
        </extensions>
      </trkpt>
      <trkpt lat="45.563713" lon="5.949118">
        <ele>286.25</ele>
        <extensions>
          <gpxtpx:TrackPointExtension>
            <gpxtpx:Extensions>
              <highway>secondary</highway>
            </gpxtpx:Extensions>
          </gpxtpx:TrackPointExtension>
        </extensions>
      </trkpt>
      <trkpt lat="45.563161" lon="5.948996">
        <ele>286</ele>
        <extensions>
          <gpxtpx:TrackPointExtension>
            <gpxtpx:Extensions>
              <highway>secondary</highway>
            </gpxtpx:Extensions>
          </gpxtpx:TrackPointExtension>
        </extensions>
      </trkpt>
      <trkpt lat="45.56306" lon="5.948974">
        <ele>286.25</ele>
        <extensions>
          <gpxtpx:TrackPointExtension>
            <gpxtpx:Extensions>
              <highway>secondary</highway>
            </gpxtpx:Extensions>
          </gpxtpx:TrackPointExtension>
        </extensions>
      </trkpt>
      <trkpt lat="45.562964" lon="5.948966">
        <ele>286.25</ele>
        <extensions>
          <gpxtpx:TrackPointExtension>
            <gpxtpx:Extensions>
              <highway>secondary</highway>
            </gpxtpx:Extensions>
          </gpxtpx:TrackPointExtension>
        </extensions>
      </trkpt>
      <trkpt lat="45.562836" lon="5.948999">
        <ele>286.75</ele>
        <extensions>
          <gpxtpx:TrackPointExtension>
            <gpxtpx:Extensions>
              <highway>secondary</highway>
            </gpxtpx:Extensions>
          </gpxtpx:TrackPointExtension>
        </extensions>
      </trkpt>
      <trkpt lat="45.562782" lon="5.948987">
        <ele>286.75</ele>
        <extensions>
          <gpxtpx:TrackPointExtension>
            <gpxtpx:Extensions>
              <highway>secondary</highway>
              <oneway>yes</oneway>
            </gpxtpx:Extensions>
          </gpxtpx:TrackPointExtension>
        </extensions>
      </trkpt>
      <trkpt lat="45.562648" lon="5.948915">
        <ele>286.75</ele>
        <extensions>
          <gpxtpx:TrackPointExtension>
            <gpxtpx:Extensions>
              <highway>secondary</highway>
              <oneway>yes</oneway>
            </gpxtpx:Extensions>
          </gpxtpx:TrackPointExtension>
        </extensions>
      </trkpt>
      <trkpt lat="45.562558" lon="5.948897">
        <ele>286.75</ele>
        <extensions>
          <gpxtpx:TrackPointExtension>
            <gpxtpx:Extensions>
              <highway>secondary</highway>
              <oneway>yes</oneway>
            </gpxtpx:Extensions>
          </gpxtpx:TrackPointExtension>
        </extensions>
      </trkpt>
      <trkpt lat="45.56242" lon="5.948902">
        <ele>286.75</ele>
        <extensions>
          <gpxtpx:TrackPointExtension>
            <gpxtpx:Extensions>
              <highway>secondary</highway>
              <oneway>yes</oneway>
            </gpxtpx:Extensions>
          </gpxtpx:TrackPointExtension>
        </extensions>
      </trkpt>
      <trkpt lat="45.561566" lon="5.949007">
        <ele>285.5</ele>
        <extensions>
          <gpxtpx:TrackPointExtension>
            <gpxtpx:Extensions>
              <highway>secondary</highway>
              <oneway>yes</oneway>
            </gpxtpx:Extensions>
          </gpxtpx:TrackPointExtension>
        </extensions>
      </trkpt>
      <trkpt lat="45.561504" lon="5.94902">
        <ele>285.5</ele>
        <extensions>
          <gpxtpx:TrackPointExtension>
            <gpxtpx:Extensions>
              <highway>secondary</highway>
              <surface>asphalt</surface>
              <oneway>yes</oneway>
            </gpxtpx:Extensions>
          </gpxtpx:TrackPointExtension>
        </extensions>
      </trkpt>
      <trkpt lat="45.561447" lon="5.949046">
        <ele>285.5</ele>
        <extensions>
          <gpxtpx:TrackPointExtension>
            <gpxtpx:Extensions>
              <highway>secondary</highway>
              <surface>asphalt</surface>
              <oneway>yes</oneway>
            </gpxtpx:Extensions>
          </gpxtpx:TrackPointExtension>
        </extensions>
      </trkpt>
      <trkpt lat="45.561369" lon="5.949009">
        <ele>285.5</ele>
        <extensions>
          <gpxtpx:TrackPointExtension>
            <gpxtpx:Extensions>
              <highway>secondary</highway>
              <surface>asphalt</surface>
              <oneway>yes</oneway>
            </gpxtpx:Extensions>
          </gpxtpx:TrackPointExtension>
        </extensions>
      </trkpt>
      <trkpt lat="45.561176" lon="5.948938">
        <ele>285.25</ele>
        <extensions>
          <gpxtpx:TrackPointExtension>
            <gpxtpx:Extensions>
              <highway>secondary</highway>
              <surface>asphalt</surface>
              <oneway>yes</oneway>
            </gpxtpx:Extensions>
          </gpxtpx:TrackPointExtension>
        </extensions>
      </trkpt>
      <trkpt lat="45.56099" lon="5.948904">
        <ele>285.25</ele>
        <extensions>
          <gpxtpx:TrackPointExtension>
            <gpxtpx:Extensions>
              <highway>secondary</highway>
              <surface>asphalt</surface>
              <oneway>yes</oneway>
            </gpxtpx:Extensions>
          </gpxtpx:TrackPointExtension>
        </extensions>
      </trkpt>
      <trkpt lat="45.560669" lon="5.948973">
        <ele>285.75</ele>
        <extensions>
          <gpxtpx:TrackPointExtension>
            <gpxtpx:Extensions>
              <highway>secondary</highway>
              <surface>asphalt</surface>
              <oneway>yes</oneway>
            </gpxtpx:Extensions>
          </gpxtpx:TrackPointExtension>
        </extensions>
      </trkpt>
      <trkpt lat="45.560456" lon="5.949029">
        <ele>286.75</ele>
        <extensions>
          <gpxtpx:TrackPointExtension>
            <gpxtpx:Extensions>
              <highway>secondary</highway>
              <surface>asphalt</surface>
              <oneway>yes</oneway>
            </gpxtpx:Extensions>
          </gpxtpx:TrackPointExtension>
        </extensions>
      </trkpt>
      <trkpt lat="45.559782" lon="5.949247">
        <ele>288.75</ele>
        <extensions>
          <gpxtpx:TrackPointExtension>
            <gpxtpx:Extensions>
              <highway>secondary</highway>
              <surface>asphalt</surface>
              <oneway>yes</oneway>
            </gpxtpx:Extensions>
          </gpxtpx:TrackPointExtension>
        </extensions>
      </trkpt>
      <trkpt lat="45.559704" lon="5.949378">
        <ele>289</ele>
        <extensions>
          <gpxtpx:TrackPointExtension>
            <gpxtpx:Extensions>
              <highway>secondary</highway>
              <oneway>yes</oneway>
            </gpxtpx:Extensions>
          </gpxtpx:TrackPointExtension>
        </extensions>
      </trkpt>
      <trkpt lat="45.559672" lon="5.949482">
        <ele>289.5</ele>
        <extensions>
          <gpxtpx:TrackPointExtension>
            <gpxtpx:Extensions>
              <highway>secondary</highway>
              <oneway>yes</oneway>
            </gpxtpx:Extensions>
          </gpxtpx:TrackPointExtension>
        </extensions>
      </trkpt>
      <trkpt lat="45.559654" lon="5.949782">
        <ele>290.75</ele>
        <extensions>
          <gpxtpx:TrackPointExtension>
            <gpxtpx:Extensions>
              <highway>secondary</highway>
              <oneway>yes</oneway>
            </gpxtpx:Extensions>
          </gpxtpx:TrackPointExtension>
        </extensions>
      </trkpt>
      <trkpt lat="45.559739" lon="5.950731">
        <ele>294.25</ele>
        <extensions>
          <gpxtpx:TrackPointExtension>
            <gpxtpx:Extensions>
              <highway>secondary</highway>
              <surface>asphalt</surface>
              <oneway>yes</oneway>
            </gpxtpx:Extensions>
          </gpxtpx:TrackPointExtension>
        </extensions>
      </trkpt>
      <trkpt lat="45.55975" lon="5.950978">
        <ele>294.75</ele>
        <extensions>
          <gpxtpx:TrackPointExtension>
            <gpxtpx:Extensions>
              <highway>secondary</highway>
              <surface>asphalt</surface>
              <oneway>yes</oneway>
            </gpxtpx:Extensions>
          </gpxtpx:TrackPointExtension>
        </extensions>
      </trkpt>
      <trkpt lat="45.559742" lon="5.951247">
        <ele>295.5</ele>
        <extensions>
          <gpxtpx:TrackPointExtension>
            <gpxtpx:Extensions>
              <highway>secondary</highway>
              <surface>asphalt</surface>
              <oneway>yes</oneway>
            </gpxtpx:Extensions>
          </gpxtpx:TrackPointExtension>
        </extensions>
      </trkpt>
      <trkpt lat="45.559705" lon="5.951605">
        <ele>296.5</ele>
        <extensions>
          <gpxtpx:TrackPointExtension>
            <gpxtpx:Extensions>
              <highway>secondary</highway>
              <surface>asphalt</surface>
              <oneway>yes</oneway>
            </gpxtpx:Extensions>
          </gpxtpx:TrackPointExtension>
        </extensions>
      </trkpt>
      <trkpt lat="45.559706" lon="5.951615">
        <ele>296.5</ele>
        <extensions>
          <gpxtpx:TrackPointExtension>
            <gpxtpx:Extensions>
              <highway>secondary</highway>
              <surface>asphalt</surface>
              <oneway>yes</oneway>
            </gpxtpx:Extensions>
          </gpxtpx:TrackPointExtension>
        </extensions>
      </trkpt>
      <trkpt lat="45.559718" lon="5.951803">
        <ele>297.25</ele>
        <extensions>
          <gpxtpx:TrackPointExtension>
            <gpxtpx:Extensions>
              <highway>secondary</highway>
              <surface>asphalt</surface>
              <oneway>yes</oneway>
            </gpxtpx:Extensions>
          </gpxtpx:TrackPointExtension>
        </extensions>
      </trkpt>
      <trkpt lat="45.559726" lon="5.951823">
        <ele>297.25</ele>
        <extensions>
          <gpxtpx:TrackPointExtension>
            <gpxtpx:Extensions>
              <highway>secondary</highway>
              <surface>asphalt</surface>
              <junction>roundabout</junction>
            </gpxtpx:Extensions>
          </gpxtpx:TrackPointExtension>
        </extensions>
      </trkpt>
      <trkpt lat="45.559738" lon="5.951887">
        <ele>297.75</ele>
        <extensions>
          <gpxtpx:TrackPointExtension>
            <gpxtpx:Extensions>
              <highway>secondary</highway>
              <surface>asphalt</surface>
              <junction>roundabout</junction>
            </gpxtpx:Extensions>
          </gpxtpx:TrackPointExtension>
        </extensions>
      </trkpt>
      <trkpt lat="45.559733" lon="5.951933">
        <ele>298</ele>
        <extensions>
          <gpxtpx:TrackPointExtension>
            <gpxtpx:Extensions>
              <highway>secondary</highway>
              <surface>asphalt</surface>
              <junction>roundabout</junction>
            </gpxtpx:Extensions>
          </gpxtpx:TrackPointExtension>
        </extensions>
      </trkpt>
      <trkpt lat="45.559719" lon="5.951976">
        <ele>298.25</ele>
        <extensions>
          <gpxtpx:TrackPointExtension>
            <gpxtpx:Extensions>
              <highway>secondary</highway>
              <surface>asphalt</surface>
              <junction>roundabout</junction>
            </gpxtpx:Extensions>
          </gpxtpx:TrackPointExtension>
        </extensions>
      </trkpt>
      <trkpt lat="45.559696" lon="5.952009">
        <ele>298.25</ele>
        <extensions>
          <gpxtpx:TrackPointExtension>
            <gpxtpx:Extensions>
              <highway>secondary</highway>
              <surface>asphalt</surface>
              <junction>roundabout</junction>
            </gpxtpx:Extensions>
          </gpxtpx:TrackPointExtension>
        </extensions>
      </trkpt>
      <trkpt lat="45.559669" lon="5.952031">
        <ele>298.25</ele>
        <extensions>
          <gpxtpx:TrackPointExtension>
            <gpxtpx:Extensions>
              <highway>secondary</highway>
              <surface>asphalt</surface>
              <junction>roundabout</junction>
            </gpxtpx:Extensions>
          </gpxtpx:TrackPointExtension>
        </extensions>
      </trkpt>
      <trkpt lat="45.559639" lon="5.95204">
        <ele>298.25</ele>
        <extensions>
          <gpxtpx:TrackPointExtension>
            <gpxtpx:Extensions>
              <highway>secondary</highway>
              <surface>asphalt</surface>
              <junction>roundabout</junction>
            </gpxtpx:Extensions>
          </gpxtpx:TrackPointExtension>
        </extensions>
      </trkpt>
      <trkpt lat="45.559579" lon="5.95216">
        <ele>298.5</ele>
        <extensions>
          <gpxtpx:TrackPointExtension>
            <gpxtpx:Extensions>
              <highway>secondary</highway>
              <surface>asphalt</surface>
              <oneway>yes</oneway>
            </gpxtpx:Extensions>
          </gpxtpx:TrackPointExtension>
        </extensions>
      </trkpt>
      <trkpt lat="45.559465" lon="5.952478">
        <ele>299</ele>
        <extensions>
          <gpxtpx:TrackPointExtension>
            <gpxtpx:Extensions>
              <highway>secondary</highway>
              <surface>asphalt</surface>
              <oneway>yes</oneway>
            </gpxtpx:Extensions>
          </gpxtpx:TrackPointExtension>
        </extensions>
      </trkpt>
      <trkpt lat="45.559354" lon="5.952804">
        <ele>300</ele>
        <extensions>
          <gpxtpx:TrackPointExtension>
            <gpxtpx:Extensions>
              <highway>secondary</highway>
              <surface>asphalt</surface>
              <oneway>yes</oneway>
            </gpxtpx:Extensions>
          </gpxtpx:TrackPointExtension>
        </extensions>
      </trkpt>
      <trkpt lat="45.559312" lon="5.953017">
        <ele>300.75</ele>
        <extensions>
          <gpxtpx:TrackPointExtension>
            <gpxtpx:Extensions>
              <highway>secondary</highway>
              <surface>asphalt</surface>
              <oneway>yes</oneway>
            </gpxtpx:Extensions>
          </gpxtpx:TrackPointExtension>
        </extensions>
      </trkpt>
      <trkpt lat="45.559299" lon="5.953152">
        <ele>301.5</ele>
        <extensions>
          <gpxtpx:TrackPointExtension>
            <gpxtpx:Extensions>
              <highway>secondary</highway>
              <surface>asphalt</surface>
              <oneway>yes</oneway>
            </gpxtpx:Extensions>
          </gpxtpx:TrackPointExtension>
        </extensions>
      </trkpt>
      <trkpt lat="45.559307" lon="5.953278">
        <ele>302.25</ele>
        <extensions>
          <gpxtpx:TrackPointExtension>
            <gpxtpx:Extensions>
              <highway>secondary</highway>
              <surface>asphalt</surface>
              <oneway>yes</oneway>
            </gpxtpx:Extensions>
          </gpxtpx:TrackPointExtension>
        </extensions>
      </trkpt>
      <trkpt lat="45.559331" lon="5.953311">
        <ele>302.5</ele>
        <extensions>
          <gpxtpx:TrackPointExtension>
            <gpxtpx:Extensions>
              <highway>secondary</highway>
              <surface>asphalt</surface>
              <junction>roundabout</junction>
            </gpxtpx:Extensions>
          </gpxtpx:TrackPointExtension>
        </extensions>
      </trkpt>
      <trkpt lat="45.559347" lon="5.953352">
        <ele>302.75</ele>
        <extensions>
          <gpxtpx:TrackPointExtension>
            <gpxtpx:Extensions>
              <highway>secondary</highway>
              <surface>asphalt</surface>
              <junction>roundabout</junction>
            </gpxtpx:Extensions>
          </gpxtpx:TrackPointExtension>
        </extensions>
      </trkpt>
      <trkpt lat="45.559355" lon="5.953403">
        <ele>302.75</ele>
        <extensions>
          <gpxtpx:TrackPointExtension>
            <gpxtpx:Extensions>
              <highway>secondary</highway>
              <surface>asphalt</surface>
              <junction>roundabout</junction>
            </gpxtpx:Extensions>
          </gpxtpx:TrackPointExtension>
        </extensions>
      </trkpt>
      <trkpt lat="45.559352" lon="5.953455">
        <ele>303</ele>
        <extensions>
          <gpxtpx:TrackPointExtension>
            <gpxtpx:Extensions>
              <highway>secondary</highway>
              <surface>asphalt</surface>
              <junction>roundabout</junction>
            </gpxtpx:Extensions>
          </gpxtpx:TrackPointExtension>
        </extensions>
      </trkpt>
      <trkpt lat="45.559337" lon="5.953503">
        <ele>303</ele>
        <extensions>
          <gpxtpx:TrackPointExtension>
            <gpxtpx:Extensions>
              <highway>secondary</highway>
              <surface>asphalt</surface>
              <junction>roundabout</junction>
            </gpxtpx:Extensions>
          </gpxtpx:TrackPointExtension>
        </extensions>
      </trkpt>
      <trkpt lat="45.559295" lon="5.953559">
        <ele>302.75</ele>
        <extensions>
          <gpxtpx:TrackPointExtension>
            <gpxtpx:Extensions>
              <highway>secondary</highway>
              <surface>asphalt</surface>
              <junction>roundabout</junction>
            </gpxtpx:Extensions>
          </gpxtpx:TrackPointExtension>
        </extensions>
      </trkpt>
      <trkpt lat="45.559268" lon="5.953575">
        <ele>302.75</ele>
        <extensions>
          <gpxtpx:TrackPointExtension>
            <gpxtpx:Extensions>
              <highway>secondary</highway>
              <surface>asphalt</surface>
              <junction>roundabout</junction>
            </gpxtpx:Extensions>
          </gpxtpx:TrackPointExtension>
        </extensions>
      </trkpt>
      <trkpt lat="45.559194" lon="5.95371">
        <ele>302.5</ele>
        <extensions>
          <gpxtpx:TrackPointExtension>
            <gpxtpx:Extensions>
              <highway>secondary</highway>
              <surface>asphalt</surface>
              <oneway>yes</oneway>
            </gpxtpx:Extensions>
          </gpxtpx:TrackPointExtension>
        </extensions>
      </trkpt>
      <trkpt lat="45.559075" lon="5.95392">
        <ele>302</ele>
        <extensions>
          <gpxtpx:TrackPointExtension>
            <gpxtpx:Extensions>
              <highway>secondary</highway>
              <surface>asphalt</surface>
              <oneway>yes</oneway>
            </gpxtpx:Extensions>
          </gpxtpx:TrackPointExtension>
        </extensions>
      </trkpt>
      <trkpt lat="45.559016" lon="5.954098">
        <ele>302</ele>
        <extensions>
          <gpxtpx:TrackPointExtension>
            <gpxtpx:Extensions>
              <reversedirection>yes</reversedirection>
              <highway>secondary</highway>
              <surface>asphalt</surface>
            </gpxtpx:Extensions>
          </gpxtpx:TrackPointExtension>
        </extensions>
      </trkpt>
      <trkpt lat="45.558755" lon="5.955542">
        <ele>301.5</ele>
        <extensions>
          <gpxtpx:TrackPointExtension>
            <gpxtpx:Extensions>
              <reversedirection>yes</reversedirection>
              <highway>secondary</highway>
              <surface>asphalt</surface>
            </gpxtpx:Extensions>
          </gpxtpx:TrackPointExtension>
        </extensions>
      </trkpt>
      <trkpt lat="45.558678" lon="5.956094">
        <ele>299.75</ele>
        <extensions>
          <gpxtpx:TrackPointExtension>
            <gpxtpx:Extensions>
              <reversedirection>yes</reversedirection>
              <highway>secondary</highway>
              <surface>asphalt</surface>
            </gpxtpx:Extensions>
          </gpxtpx:TrackPointExtension>
        </extensions>
      </trkpt>
      <trkpt lat="45.558541" lon="5.957">
        <ele>296.5</ele>
        <extensions>
          <gpxtpx:TrackPointExtension>
            <gpxtpx:Extensions>
              <reversedirection>yes</reversedirection>
              <highway>secondary</highway>
              <surface>asphalt</surface>
            </gpxtpx:Extensions>
          </gpxtpx:TrackPointExtension>
        </extensions>
      </trkpt>
      <trkpt lat="45.558514" lon="5.957139">
        <ele>296.25</ele>
        <extensions>
          <gpxtpx:TrackPointExtension>
            <gpxtpx:Extensions>
              <reversedirection>yes</reversedirection>
              <highway>secondary</highway>
              <surface>asphalt</surface>
            </gpxtpx:Extensions>
          </gpxtpx:TrackPointExtension>
        </extensions>
      </trkpt>
      <trkpt lat="45.558485" lon="5.957271">
        <ele>295.75</ele>
        <extensions>
          <gpxtpx:TrackPointExtension>
            <gpxtpx:Extensions>
              <reversedirection>yes</reversedirection>
              <highway>secondary</highway>
              <surface>asphalt</surface>
            </gpxtpx:Extensions>
          </gpxtpx:TrackPointExtension>
        </extensions>
      </trkpt>
      <trkpt lat="45.558449" lon="5.957396">
        <ele>295.25</ele>
        <extensions>
          <gpxtpx:TrackPointExtension>
            <gpxtpx:Extensions>
              <reversedirection>yes</reversedirection>
              <highway>secondary</highway>
              <surface>asphalt</surface>
            </gpxtpx:Extensions>
          </gpxtpx:TrackPointExtension>
        </extensions>
      </trkpt>
      <trkpt lat="45.558367" lon="5.95761">
        <ele>294.25</ele>
        <extensions>
          <gpxtpx:TrackPointExtension>
            <gpxtpx:Extensions>
              <reversedirection>yes</reversedirection>
              <highway>secondary</highway>
              <surface>asphalt</surface>
            </gpxtpx:Extensions>
          </gpxtpx:TrackPointExtension>
        </extensions>
      </trkpt>
      <trkpt lat="45.558266" lon="5.957875">
        <ele>292.5</ele>
        <extensions>
          <gpxtpx:TrackPointExtension>
            <gpxtpx:Extensions>
              <reversedirection>yes</reversedirection>
              <highway>secondary</highway>
              <surface>asphalt</surface>
            </gpxtpx:Extensions>
          </gpxtpx:TrackPointExtension>
        </extensions>
      </trkpt>
      <trkpt lat="45.558248" lon="5.95792">
        <ele>292</ele>
        <extensions>
          <gpxtpx:TrackPointExtension>
            <gpxtpx:Extensions>
              <reversedirection>yes</reversedirection>
              <highway>secondary</highway>
              <surface>asphalt</surface>
            </gpxtpx:Extensions>
          </gpxtpx:TrackPointExtension>
        </extensions>
      </trkpt>
      <trkpt lat="45.558171" lon="5.958194">
        <ele>290.5</ele>
        <extensions>
          <gpxtpx:TrackPointExtension>
            <gpxtpx:Extensions>
              <reversedirection>yes</reversedirection>
              <highway>secondary</highway>
              <surface>asphalt</surface>
            </gpxtpx:Extensions>
          </gpxtpx:TrackPointExtension>
        </extensions>
      </trkpt>
      <trkpt lat="45.558128" lon="5.958389">
        <ele>289.75</ele>
        <extensions>
          <gpxtpx:TrackPointExtension>
            <gpxtpx:Extensions>
              <reversedirection>yes</reversedirection>
              <highway>secondary</highway>
            </gpxtpx:Extensions>
          </gpxtpx:TrackPointExtension>
        </extensions>
      </trkpt>
      <trkpt lat="45.558122" lon="5.958417">
        <ele>289.75</ele>
        <extensions>
          <gpxtpx:TrackPointExtension>
            <gpxtpx:Extensions>
              <reversedirection>yes</reversedirection>
              <highway>secondary</highway>
            </gpxtpx:Extensions>
          </gpxtpx:TrackPointExtension>
        </extensions>
      </trkpt>
      <trkpt lat="45.558106" lon="5.958464">
        <ele>289.75</ele>
        <extensions>
          <gpxtpx:TrackPointExtension>
            <gpxtpx:Extensions>
              <reversedirection>yes</reversedirection>
              <highway>secondary</highway>
              <surface>asphalt</surface>
              <cycleway>lane</cycleway>
            </gpxtpx:Extensions>
          </gpxtpx:TrackPointExtension>
        </extensions>
      </trkpt>
      <trkpt lat="45.557998" lon="5.958839">
        <ele>289.5</ele>
        <extensions>
          <gpxtpx:TrackPointExtension>
            <gpxtpx:Extensions>
              <reversedirection>yes</reversedirection>
              <highway>secondary</highway>
              <surface>asphalt</surface>
              <cycleway>lane</cycleway>
            </gpxtpx:Extensions>
          </gpxtpx:TrackPointExtension>
        </extensions>
      </trkpt>
      <trkpt lat="45.557774" lon="5.959579">
        <ele>289.5</ele>
        <extensions>
          <gpxtpx:TrackPointExtension>
            <gpxtpx:Extensions>
              <reversedirection>yes</reversedirection>
              <highway>secondary</highway>
              <cycleway>lane</cycleway>
            </gpxtpx:Extensions>
          </gpxtpx:TrackPointExtension>
        </extensions>
      </trkpt>
      <trkpt lat="45.557719" lon="5.959772">
        <ele>289.75</ele>
        <extensions>
          <gpxtpx:TrackPointExtension>
            <gpxtpx:Extensions>
              <reversedirection>yes</reversedirection>
              <highway>secondary</highway>
              <cycleway>lane</cycleway>
            </gpxtpx:Extensions>
          </gpxtpx:TrackPointExtension>
        </extensions>
      </trkpt>
      <trkpt lat="45.55769" lon="5.959859">
        <ele>289.75</ele>
        <extensions>
          <gpxtpx:TrackPointExtension>
            <gpxtpx:Extensions>
              <reversedirection>yes</reversedirection>
              <highway>secondary</highway>
              <cycleway>lane</cycleway>
            </gpxtpx:Extensions>
          </gpxtpx:TrackPointExtension>
        </extensions>
      </trkpt>
      <trkpt lat="45.557621" lon="5.960067">
        <ele>290</ele>
        <extensions>
          <gpxtpx:TrackPointExtension>
            <gpxtpx:Extensions>
              <reversedirection>yes</reversedirection>
              <highway>secondary</highway>
              <cycleway>lane</cycleway>
            </gpxtpx:Extensions>
          </gpxtpx:TrackPointExtension>
        </extensions>
      </trkpt>
      <trkpt lat="45.557415" lon="5.960624">
        <ele>289.75</ele>
        <extensions>
          <gpxtpx:TrackPointExtension>
            <gpxtpx:Extensions>
              <reversedirection>yes</reversedirection>
              <highway>secondary</highway>
              <cycleway>lane</cycleway>
            </gpxtpx:Extensions>
          </gpxtpx:TrackPointExtension>
        </extensions>
      </trkpt>
      <trkpt lat="45.55729" lon="5.960916">
        <ele>289.5</ele>
        <extensions>
          <gpxtpx:TrackPointExtension>
            <gpxtpx:Extensions>
              <reversedirection>yes</reversedirection>
              <highway>secondary</highway>
              <cycleway>lane</cycleway>
            </gpxtpx:Extensions>
          </gpxtpx:TrackPointExtension>
        </extensions>
      </trkpt>
      <trkpt lat="45.557266" lon="5.961023">
        <ele>289.5</ele>
        <extensions>
          <gpxtpx:TrackPointExtension>
            <gpxtpx:Extensions>
              <highway>secondary</highway>
              <oneway>yes</oneway>
            </gpxtpx:Extensions>
          </gpxtpx:TrackPointExtension>
        </extensions>
      </trkpt>
      <trkpt lat="45.55711" lon="5.961342">
        <ele>289.25</ele>
        <extensions>
          <gpxtpx:TrackPointExtension>
            <gpxtpx:Extensions>
              <highway>secondary</highway>
              <oneway>yes</oneway>
            </gpxtpx:Extensions>
          </gpxtpx:TrackPointExtension>
        </extensions>
      </trkpt>
      <trkpt lat="45.556951" lon="5.961674">
        <ele>289.25</ele>
        <extensions>
          <gpxtpx:TrackPointExtension>
            <gpxtpx:Extensions>
              <highway>secondary</highway>
              <cycleway>lane</cycleway>
              <oneway>yes</oneway>
            </gpxtpx:Extensions>
          </gpxtpx:TrackPointExtension>
        </extensions>
      </trkpt>
      <trkpt lat="45.556795" lon="5.961977">
        <ele>290</ele>
        <extensions>
          <gpxtpx:TrackPointExtension>
            <gpxtpx:Extensions>
              <highway>secondary</highway>
              <cycleway>lane</cycleway>
              <oneway>yes</oneway>
            </gpxtpx:Extensions>
          </gpxtpx:TrackPointExtension>
        </extensions>
      </trkpt>
      <trkpt lat="45.556751" lon="5.962063">
        <ele>290.25</ele>
        <extensions>
          <gpxtpx:TrackPointExtension>
            <gpxtpx:Extensions>
              <highway>secondary</highway>
              <oneway>yes</oneway>
            </gpxtpx:Extensions>
          </gpxtpx:TrackPointExtension>
        </extensions>
      </trkpt>
      <trkpt lat="45.556689" lon="5.962188">
        <ele>290.75</ele>
        <extensions>
          <gpxtpx:TrackPointExtension>
            <gpxtpx:Extensions>
              <highway>secondary</highway>
              <oneway>yes</oneway>
            </gpxtpx:Extensions>
          </gpxtpx:TrackPointExtension>
        </extensions>
      </trkpt>
      <trkpt lat="45.556629" lon="5.962292">
        <ele>291.25</ele>
        <extensions>
          <gpxtpx:TrackPointExtension>
            <gpxtpx:Extensions>
              <highway>secondary</highway>
              <oneway>yes</oneway>
            </gpxtpx:Extensions>
          </gpxtpx:TrackPointExtension>
        </extensions>
      </trkpt>
      <trkpt lat="45.556569" lon="5.962396">
        <ele>291.75</ele>
        <extensions>
          <gpxtpx:TrackPointExtension>
            <gpxtpx:Extensions>
              <highway>secondary</highway>
              <cycleway>lane</cycleway>
              <oneway>yes</oneway>
            </gpxtpx:Extensions>
          </gpxtpx:TrackPointExtension>
        </extensions>
      </trkpt>
      <trkpt lat="45.556344" lon="5.962842">
        <ele>294.25</ele>
        <extensions>
          <gpxtpx:TrackPointExtension>
            <gpxtpx:Extensions>
              <highway>secondary</highway>
              <cycleway>lane</cycleway>
              <oneway>yes</oneway>
            </gpxtpx:Extensions>
          </gpxtpx:TrackPointExtension>
        </extensions>
      </trkpt>
      <trkpt lat="45.5563" lon="5.962917">
        <ele>294.75</ele>
        <extensions>
          <gpxtpx:TrackPointExtension>
            <gpxtpx:Extensions>
              <highway>secondary</highway>
              <cycleway>lane</cycleway>
              <oneway>yes</oneway>
            </gpxtpx:Extensions>
          </gpxtpx:TrackPointExtension>
        </extensions>
      </trkpt>
      <trkpt lat="45.556254" lon="5.962958">
        <ele>295</ele>
        <extensions>
          <gpxtpx:TrackPointExtension>
            <gpxtpx:Extensions>
              <highway>secondary</highway>
              <cycleway>lane</cycleway>
              <oneway>yes</oneway>
            </gpxtpx:Extensions>
          </gpxtpx:TrackPointExtension>
        </extensions>
      </trkpt>
      <trkpt lat="45.556006" lon="5.963333">
        <ele>296.75</ele>
        <extensions>
          <gpxtpx:TrackPointExtension>
            <gpxtpx:Extensions>
              <reversedirection>yes</reversedirection>
              <highway>secondary</highway>
              <cycleway>lane</cycleway>
            </gpxtpx:Extensions>
          </gpxtpx:TrackPointExtension>
        </extensions>
      </trkpt>
      <trkpt lat="45.555782" lon="5.96367">
        <ele>297.5</ele>
        <extensions>
          <gpxtpx:TrackPointExtension>
            <gpxtpx:Extensions>
              <reversedirection>yes</reversedirection>
              <highway>secondary</highway>
              <cycleway>lane</cycleway>
            </gpxtpx:Extensions>
          </gpxtpx:TrackPointExtension>
        </extensions>
      </trkpt>
      <trkpt lat="45.555547" lon="5.964009">
        <ele>297.75</ele>
        <extensions>
          <gpxtpx:TrackPointExtension>
            <gpxtpx:Extensions>
              <reversedirection>yes</reversedirection>
              <highway>secondary</highway>
              <cycleway>lane</cycleway>
            </gpxtpx:Extensions>
          </gpxtpx:TrackPointExtension>
        </extensions>
      </trkpt>
      <trkpt lat="45.555037" lon="5.964625">
        <ele>297</ele>
        <extensions>
          <gpxtpx:TrackPointExtension>
            <gpxtpx:Extensions>
              <reversedirection>yes</reversedirection>
              <highway>secondary</highway>
              <cycleway>lane</cycleway>
            </gpxtpx:Extensions>
          </gpxtpx:TrackPointExtension>
        </extensions>
      </trkpt>
      <trkpt lat="45.554842" lon="5.965014">
        <ele>297</ele>
        <extensions>
          <gpxtpx:TrackPointExtension>
            <gpxtpx:Extensions>
              <reversedirection>yes</reversedirection>
              <highway>secondary</highway>
              <cycleway>lane</cycleway>
            </gpxtpx:Extensions>
          </gpxtpx:TrackPointExtension>
        </extensions>
      </trkpt>
      <trkpt lat="45.554602" lon="5.96554">
        <ele>296.75</ele>
        <extensions>
          <gpxtpx:TrackPointExtension>
            <gpxtpx:Extensions>
              <reversedirection>yes</reversedirection>
              <highway>secondary</highway>
              <cycleway>lane</cycleway>
            </gpxtpx:Extensions>
          </gpxtpx:TrackPointExtension>
        </extensions>
      </trkpt>
      <trkpt lat="45.554532" lon="5.96571">
        <ele>296.5</ele>
        <extensions>
          <gpxtpx:TrackPointExtension>
            <gpxtpx:Extensions>
              <reversedirection>yes</reversedirection>
              <highway>secondary</highway>
              <cycleway>lane</cycleway>
            </gpxtpx:Extensions>
          </gpxtpx:TrackPointExtension>
        </extensions>
      </trkpt>
      <trkpt lat="45.554349" lon="5.966116">
        <ele>297.25</ele>
        <extensions>
          <gpxtpx:TrackPointExtension>
            <gpxtpx:Extensions>
              <reversedirection>yes</reversedirection>
              <highway>secondary</highway>
              <cycleway>lane</cycleway>
            </gpxtpx:Extensions>
          </gpxtpx:TrackPointExtension>
        </extensions>
      </trkpt>
      <trkpt lat="45.554278" lon="5.966326">
        <ele>298</ele>
        <extensions>
          <gpxtpx:TrackPointExtension>
            <gpxtpx:Extensions>
              <reversedirection>yes</reversedirection>
              <highway>secondary</highway>
            </gpxtpx:Extensions>
          </gpxtpx:TrackPointExtension>
        </extensions>
      </trkpt>
      <trkpt lat="45.554206" lon="5.966657">
        <ele>298.75</ele>
        <extensions>
          <gpxtpx:TrackPointExtension>
            <gpxtpx:Extensions>
              <reversedirection>yes</reversedirection>
              <highway>secondary</highway>
            </gpxtpx:Extensions>
          </gpxtpx:TrackPointExtension>
        </extensions>
      </trkpt>
      <trkpt lat="45.554173" lon="5.966755">
        <ele>298.75</ele>
        <extensions>
          <gpxtpx:TrackPointExtension>
            <gpxtpx:Extensions>
              <reversedirection>yes</reversedirection>
              <highway>secondary</highway>
              <surface>asphalt</surface>
              <cycleway_right>lane</cycleway_right>
              <cycleway_left>no</cycleway_left>
            </gpxtpx:Extensions>
          </gpxtpx:TrackPointExtension>
        </extensions>
      </trkpt>
      <trkpt lat="45.554093" lon="5.966932">
        <ele>299</ele>
        <extensions>
          <gpxtpx:TrackPointExtension>
            <gpxtpx:Extensions>
              <reversedirection>yes</reversedirection>
              <highway>secondary</highway>
              <surface>asphalt</surface>
              <cycleway_right>lane</cycleway_right>
              <cycleway_left>no</cycleway_left>
            </gpxtpx:Extensions>
          </gpxtpx:TrackPointExtension>
        </extensions>
      </trkpt>
      <trkpt lat="45.553964" lon="5.967102">
        <ele>299</ele>
        <extensions>
          <gpxtpx:TrackPointExtension>
            <gpxtpx:Extensions>
              <reversedirection>yes</reversedirection>
              <highway>secondary</highway>
              <surface>asphalt</surface>
              <cycleway_right>lane</cycleway_right>
              <cycleway_left>no</cycleway_left>
            </gpxtpx:Extensions>
          </gpxtpx:TrackPointExtension>
        </extensions>
      </trkpt>
      <trkpt lat="45.553299" lon="5.967684">
        <ele>299.75</ele>
        <extensions>
          <gpxtpx:TrackPointExtension>
            <gpxtpx:Extensions>
              <reversedirection>yes</reversedirection>
              <highway>secondary</highway>
              <surface>asphalt</surface>
              <cycleway_right>lane</cycleway_right>
              <cycleway_left>no</cycleway_left>
            </gpxtpx:Extensions>
          </gpxtpx:TrackPointExtension>
        </extensions>
      </trkpt>
      <trkpt lat="45.552827" lon="5.968072">
        <ele>300</ele>
        <extensions>
          <gpxtpx:TrackPointExtension>
            <gpxtpx:Extensions>
              <reversedirection>yes</reversedirection>
              <highway>secondary</highway>
              <surface>asphalt</surface>
              <cycleway_right>lane</cycleway_right>
              <cycleway_left>no</cycleway_left>
            </gpxtpx:Extensions>
          </gpxtpx:TrackPointExtension>
        </extensions>
      </trkpt>
      <trkpt lat="45.552359" lon="5.968407">
        <ele>301.5</ele>
        <extensions>
          <gpxtpx:TrackPointExtension>
            <gpxtpx:Extensions>
              <reversedirection>yes</reversedirection>
              <highway>secondary</highway>
              <surface>asphalt</surface>
              <cycleway_right>lane</cycleway_right>
              <cycleway_left>no</cycleway_left>
            </gpxtpx:Extensions>
          </gpxtpx:TrackPointExtension>
        </extensions>
      </trkpt>
      <trkpt lat="45.552284" lon="5.968463">
        <ele>301.75</ele>
        <extensions>
          <gpxtpx:TrackPointExtension>
            <gpxtpx:Extensions>
              <reversedirection>yes</reversedirection>
              <highway>secondary</highway>
              <surface>asphalt</surface>
              <cycleway_right>lane</cycleway_right>
              <cycleway_left>no</cycleway_left>
            </gpxtpx:Extensions>
          </gpxtpx:TrackPointExtension>
        </extensions>
      </trkpt>
      <trkpt lat="45.552127" lon="5.968613">
        <ele>302.25</ele>
        <extensions>
          <gpxtpx:TrackPointExtension>
            <gpxtpx:Extensions>
              <reversedirection>yes</reversedirection>
              <highway>secondary</highway>
              <surface>asphalt</surface>
              <cycleway_right>lane</cycleway_right>
              <cycleway_left>no</cycleway_left>
            </gpxtpx:Extensions>
          </gpxtpx:TrackPointExtension>
        </extensions>
      </trkpt>
      <trkpt lat="45.55184" lon="5.969012">
        <ele>304</ele>
        <extensions>
          <gpxtpx:TrackPointExtension>
            <gpxtpx:Extensions>
              <reversedirection>yes</reversedirection>
              <highway>secondary</highway>
              <surface>asphalt</surface>
              <cycleway_right>lane</cycleway_right>
              <cycleway_left>no</cycleway_left>
            </gpxtpx:Extensions>
          </gpxtpx:TrackPointExtension>
        </extensions>
      </trkpt>
      <trkpt lat="45.551741" lon="5.969137">
        <ele>304.5</ele>
        <extensions>
          <gpxtpx:TrackPointExtension>
            <gpxtpx:Extensions>
              <reversedirection>yes</reversedirection>
              <highway>secondary</highway>
              <surface>asphalt</surface>
              <cycleway_right>lane</cycleway_right>
              <cycleway_left>no</cycleway_left>
            </gpxtpx:Extensions>
          </gpxtpx:TrackPointExtension>
        </extensions>
      </trkpt>
      <trkpt lat="45.551641" lon="5.969281">
        <ele>304.5</ele>
        <extensions>
          <gpxtpx:TrackPointExtension>
            <gpxtpx:Extensions>
              <highway>secondary</highway>
              <surface>asphalt</surface>
              <oneway>yes</oneway>
              <cycleway_right>lane</cycleway_right>
              <cycleway_left>no</cycleway_left>
            </gpxtpx:Extensions>
          </gpxtpx:TrackPointExtension>
        </extensions>
      </trkpt>
      <trkpt lat="45.551547" lon="5.969387">
        <ele>304</ele>
        <extensions>
          <gpxtpx:TrackPointExtension>
            <gpxtpx:Extensions>
              <highway>secondary</highway>
              <surface>asphalt</surface>
              <oneway>yes</oneway>
              <cycleway_right>lane</cycleway_right>
              <cycleway_left>no</cycleway_left>
            </gpxtpx:Extensions>
          </gpxtpx:TrackPointExtension>
        </extensions>
      </trkpt>
      <trkpt lat="45.551516" lon="5.969462">
        <ele>303.75</ele>
        <extensions>
          <gpxtpx:TrackPointExtension>
            <gpxtpx:Extensions>
              <highway>secondary</highway>
              <junction>roundabout</junction>
              <route_bicycle_lcn>yes</route_bicycle_lcn>
            </gpxtpx:Extensions>
          </gpxtpx:TrackPointExtension>
        </extensions>
      </trkpt>
      <trkpt lat="45.551492" lon="5.969482">
        <ele>303.75</ele>
        <extensions>
          <gpxtpx:TrackPointExtension>
            <gpxtpx:Extensions>
              <highway>secondary</highway>
              <junction>roundabout</junction>
              <route_bicycle_lcn>yes</route_bicycle_lcn>
            </gpxtpx:Extensions>
          </gpxtpx:TrackPointExtension>
        </extensions>
      </trkpt>
      <trkpt lat="45.551459" lon="5.96951">
        <ele>303.75</ele>
        <extensions>
          <gpxtpx:TrackPointExtension>
            <gpxtpx:Extensions>
              <highway>secondary</highway>
              <junction>roundabout</junction>
              <route_bicycle_lcn>yes</route_bicycle_lcn>
            </gpxtpx:Extensions>
          </gpxtpx:TrackPointExtension>
        </extensions>
      </trkpt>
      <trkpt lat="45.551387" lon="5.969518">
        <ele>303.75</ele>
        <extensions>
          <gpxtpx:TrackPointExtension>
            <gpxtpx:Extensions>
              <highway>secondary</highway>
              <junction>roundabout</junction>
              <route_bicycle_lcn>yes</route_bicycle_lcn>
            </gpxtpx:Extensions>
          </gpxtpx:TrackPointExtension>
        </extensions>
      </trkpt>
      <trkpt lat="45.551338" lon="5.969488">
        <ele>303.75</ele>
        <extensions>
          <gpxtpx:TrackPointExtension>
            <gpxtpx:Extensions>
              <highway>secondary</highway>
              <junction>roundabout</junction>
            </gpxtpx:Extensions>
          </gpxtpx:TrackPointExtension>
        </extensions>
      </trkpt>
      <trkpt lat="45.551136" lon="5.969584">
        <ele>303.75</ele>
        <extensions>
          <gpxtpx:TrackPointExtension>
            <gpxtpx:Extensions>
              <highway>secondary</highway>
              <oneway>yes</oneway>
            </gpxtpx:Extensions>
          </gpxtpx:TrackPointExtension>
        </extensions>
      </trkpt>
      <trkpt lat="45.551022" lon="5.969686">
        <ele>303.75</ele>
        <extensions>
          <gpxtpx:TrackPointExtension>
            <gpxtpx:Extensions>
              <highway>secondary</highway>
              <oneway>no</oneway>
              <route_bicycle_lcn>yes</route_bicycle_lcn>
            </gpxtpx:Extensions>
          </gpxtpx:TrackPointExtension>
        </extensions>
      </trkpt>
      <trkpt lat="45.55094" lon="5.969739">
        <ele>303.75</ele>
        <extensions>
          <gpxtpx:TrackPointExtension>
            <gpxtpx:Extensions>
              <highway>secondary</highway>
              <oneway>no</oneway>
              <route_bicycle_lcn>yes</route_bicycle_lcn>
            </gpxtpx:Extensions>
          </gpxtpx:TrackPointExtension>
        </extensions>
      </trkpt>
      <trkpt lat="45.550924" lon="5.969744">
        <ele>303.75</ele>
        <extensions>
          <gpxtpx:TrackPointExtension>
            <gpxtpx:Extensions>
              <reversedirection>yes</reversedirection>
              <highway>secondary</highway>
              <route_bicycle_lcn>yes</route_bicycle_lcn>
            </gpxtpx:Extensions>
          </gpxtpx:TrackPointExtension>
        </extensions>
      </trkpt>
      <trkpt lat="45.550373" lon="5.970034">
        <ele>304.25</ele>
        <extensions>
          <gpxtpx:TrackPointExtension>
            <gpxtpx:Extensions>
              <reversedirection>yes</reversedirection>
              <highway>secondary</highway>
              <surface>asphalt</surface>
              <route_bicycle_lcn>yes</route_bicycle_lcn>
            </gpxtpx:Extensions>
          </gpxtpx:TrackPointExtension>
        </extensions>
      </trkpt>
      <trkpt lat="45.549628" lon="5.970491">
        <ele>305</ele>
        <extensions>
          <gpxtpx:TrackPointExtension>
            <gpxtpx:Extensions>
              <reversedirection>yes</reversedirection>
              <highway>secondary</highway>
              <surface>asphalt</surface>
              <route_bicycle_lcn>yes</route_bicycle_lcn>
            </gpxtpx:Extensions>
          </gpxtpx:TrackPointExtension>
        </extensions>
      </trkpt>
      <trkpt lat="45.549585" lon="5.970519">
        <ele>305</ele>
        <extensions>
          <gpxtpx:TrackPointExtension>
            <gpxtpx:Extensions>
              <reversedirection>yes</reversedirection>
              <highway>secondary</highway>
              <surface>asphalt</surface>
              <route_bicycle_lcn>yes</route_bicycle_lcn>
            </gpxtpx:Extensions>
          </gpxtpx:TrackPointExtension>
        </extensions>
      </trkpt>
      <trkpt lat="45.548069" lon="5.971442">
        <ele>304.25</ele>
        <extensions>
          <gpxtpx:TrackPointExtension>
            <gpxtpx:Extensions>
              <reversedirection>yes</reversedirection>
              <highway>secondary</highway>
              <surface>asphalt</surface>
              <route_bicycle_lcn>yes</route_bicycle_lcn>
            </gpxtpx:Extensions>
          </gpxtpx:TrackPointExtension>
        </extensions>
      </trkpt>
      <trkpt lat="45.547519" lon="5.971767">
        <ele>306.25</ele>
        <extensions>
          <gpxtpx:TrackPointExtension>
            <gpxtpx:Extensions>
              <reversedirection>yes</reversedirection>
              <highway>secondary</highway>
              <surface>asphalt</surface>
              <route_bicycle_lcn>yes</route_bicycle_lcn>
            </gpxtpx:Extensions>
          </gpxtpx:TrackPointExtension>
        </extensions>
      </trkpt>
      <trkpt lat="45.547281" lon="5.971892">
        <ele>307.25</ele>
        <extensions>
          <gpxtpx:TrackPointExtension>
            <gpxtpx:Extensions>
              <reversedirection>yes</reversedirection>
              <highway>secondary</highway>
              <surface>asphalt</surface>
              <route_bicycle_lcn>yes</route_bicycle_lcn>
            </gpxtpx:Extensions>
          </gpxtpx:TrackPointExtension>
        </extensions>
      </trkpt>
      <trkpt lat="45.54722" lon="5.971923">
        <ele>307.5</ele>
        <extensions>
          <gpxtpx:TrackPointExtension>
            <gpxtpx:Extensions>
              <reversedirection>yes</reversedirection>
              <highway>secondary</highway>
              <cycleway>lane</cycleway>
              <route_bicycle_lcn>yes</route_bicycle_lcn>
            </gpxtpx:Extensions>
          </gpxtpx:TrackPointExtension>
        </extensions>
      </trkpt>
      <trkpt lat="45.5468" lon="5.972191">
        <ele>308.75</ele>
        <extensions>
          <gpxtpx:TrackPointExtension>
            <gpxtpx:Extensions>
              <reversedirection>yes</reversedirection>
              <highway>secondary</highway>
              <cycleway>lane</cycleway>
            </gpxtpx:Extensions>
          </gpxtpx:TrackPointExtension>
        </extensions>
      </trkpt>
      <trkpt lat="45.546688" lon="5.972294">
        <ele>308.75</ele>
        <extensions>
          <gpxtpx:TrackPointExtension>
            <gpxtpx:Extensions>
              <reversedirection>yes</reversedirection>
              <highway>secondary</highway>
              <cycleway>lane</cycleway>
            </gpxtpx:Extensions>
          </gpxtpx:TrackPointExtension>
        </extensions>
      </trkpt>
      <trkpt lat="45.546578" lon="5.972415">
        <ele>309</ele>
        <extensions>
          <gpxtpx:TrackPointExtension>
            <gpxtpx:Extensions>
              <reversedirection>yes</reversedirection>
              <highway>secondary</highway>
              <cycleway>lane</cycleway>
            </gpxtpx:Extensions>
          </gpxtpx:TrackPointExtension>
        </extensions>
      </trkpt>
      <trkpt lat="45.546287" lon="5.972763">
        <ele>309.75</ele>
        <extensions>
          <gpxtpx:TrackPointExtension>
            <gpxtpx:Extensions>
              <reversedirection>yes</reversedirection>
              <highway>secondary</highway>
              <cycleway>lane</cycleway>
            </gpxtpx:Extensions>
          </gpxtpx:TrackPointExtension>
        </extensions>
      </trkpt>
      <trkpt lat="45.546217" lon="5.972856">
        <ele>310</ele>
        <extensions>
          <gpxtpx:TrackPointExtension>
            <gpxtpx:Extensions>
              <reversedirection>yes</reversedirection>
              <highway>secondary</highway>
              <cycleway>lane</cycleway>
            </gpxtpx:Extensions>
          </gpxtpx:TrackPointExtension>
        </extensions>
      </trkpt>
      <trkpt lat="45.546173" lon="5.972914">
        <ele>310</ele>
        <extensions>
          <gpxtpx:TrackPointExtension>
            <gpxtpx:Extensions>
              <reversedirection>yes</reversedirection>
              <highway>secondary</highway>
              <cycleway>lane</cycleway>
            </gpxtpx:Extensions>
          </gpxtpx:TrackPointExtension>
        </extensions>
      </trkpt>
      <trkpt lat="45.546075" lon="5.973068">
        <ele>310.25</ele>
        <extensions>
          <gpxtpx:TrackPointExtension>
            <gpxtpx:Extensions>
              <reversedirection>yes</reversedirection>
              <highway>secondary</highway>
              <cycleway>lane</cycleway>
            </gpxtpx:Extensions>
          </gpxtpx:TrackPointExtension>
        </extensions>
      </trkpt>
      <trkpt lat="45.545911" lon="5.973362">
        <ele>310.25</ele>
        <extensions>
          <gpxtpx:TrackPointExtension>
            <gpxtpx:Extensions>
              <reversedirection>yes</reversedirection>
              <highway>secondary</highway>
              <cycleway>lane</cycleway>
            </gpxtpx:Extensions>
          </gpxtpx:TrackPointExtension>
        </extensions>
      </trkpt>
      <trkpt lat="45.545776" lon="5.973675">
        <ele>310.25</ele>
        <extensions>
          <gpxtpx:TrackPointExtension>
            <gpxtpx:Extensions>
              <reversedirection>yes</reversedirection>
              <highway>secondary</highway>
              <cycleway>lane</cycleway>
            </gpxtpx:Extensions>
          </gpxtpx:TrackPointExtension>
        </extensions>
      </trkpt>
      <trkpt lat="45.545693" lon="5.97389">
        <ele>310.5</ele>
        <extensions>
          <gpxtpx:TrackPointExtension>
            <gpxtpx:Extensions>
              <reversedirection>yes</reversedirection>
              <highway>secondary</highway>
              <cycleway>lane</cycleway>
            </gpxtpx:Extensions>
          </gpxtpx:TrackPointExtension>
        </extensions>
      </trkpt>
      <trkpt lat="45.545625" lon="5.974109">
        <ele>310.5</ele>
        <extensions>
          <gpxtpx:TrackPointExtension>
            <gpxtpx:Extensions>
              <reversedirection>yes</reversedirection>
              <highway>secondary</highway>
              <cycleway>lane</cycleway>
            </gpxtpx:Extensions>
          </gpxtpx:TrackPointExtension>
        </extensions>
      </trkpt>
      <trkpt lat="45.545561" lon="5.974368">
        <ele>310.75</ele>
        <extensions>
          <gpxtpx:TrackPointExtension>
            <gpxtpx:Extensions>
              <reversedirection>yes</reversedirection>
              <highway>secondary</highway>
              <cycleway>lane</cycleway>
            </gpxtpx:Extensions>
          </gpxtpx:TrackPointExtension>
        </extensions>
      </trkpt>
      <trkpt lat="45.545537" lon="5.974517">
        <ele>310.75</ele>
        <extensions>
          <gpxtpx:TrackPointExtension>
            <gpxtpx:Extensions>
              <reversedirection>yes</reversedirection>
              <highway>secondary</highway>
              <cycleway>lane</cycleway>
            </gpxtpx:Extensions>
          </gpxtpx:TrackPointExtension>
        </extensions>
      </trkpt>
      <trkpt lat="45.545531" lon="5.974968">
        <ele>311.25</ele>
        <extensions>
          <gpxtpx:TrackPointExtension>
            <gpxtpx:Extensions>
              <highway>secondary</highway>
              <surface>asphalt</surface>
              <cycleway>lane</cycleway>
              <oneway>yes</oneway>
            </gpxtpx:Extensions>
          </gpxtpx:TrackPointExtension>
        </extensions>
      </trkpt>
      <trkpt lat="45.545548" lon="5.975014">
        <ele>311.25</ele>
        <extensions>
          <gpxtpx:TrackPointExtension>
            <gpxtpx:Extensions>
              <highway>secondary</highway>
              <surface>asphalt</surface>
              <junction>roundabout</junction>
              <cycleway_right>no</cycleway_right>
            </gpxtpx:Extensions>
          </gpxtpx:TrackPointExtension>
        </extensions>
      </trkpt>
      <trkpt lat="45.545554" lon="5.975066">
        <ele>310.75</ele>
        <extensions>
          <gpxtpx:TrackPointExtension>
            <gpxtpx:Extensions>
              <highway>secondary</highway>
              <surface>asphalt</surface>
              <junction>roundabout</junction>
              <cycleway_right>no</cycleway_right>
            </gpxtpx:Extensions>
          </gpxtpx:TrackPointExtension>
        </extensions>
      </trkpt>
      <trkpt lat="45.545549" lon="5.975118">
        <ele>310.5</ele>
        <extensions>
          <gpxtpx:TrackPointExtension>
            <gpxtpx:Extensions>
              <highway>secondary</highway>
              <surface>asphalt</surface>
              <junction>roundabout</junction>
              <cycleway_right>no</cycleway_right>
            </gpxtpx:Extensions>
          </gpxtpx:TrackPointExtension>
        </extensions>
      </trkpt>
      <trkpt lat="45.545533" lon="5.975167">
        <ele>310.25</ele>
        <extensions>
          <gpxtpx:TrackPointExtension>
            <gpxtpx:Extensions>
              <highway>secondary</highway>
              <surface>asphalt</surface>
              <junction>roundabout</junction>
              <cycleway_right>no</cycleway_right>
            </gpxtpx:Extensions>
          </gpxtpx:TrackPointExtension>
        </extensions>
      </trkpt>
      <trkpt lat="45.545507" lon="5.975206">
        <ele>310</ele>
        <extensions>
          <gpxtpx:TrackPointExtension>
            <gpxtpx:Extensions>
              <highway>secondary</highway>
              <surface>asphalt</surface>
              <junction>roundabout</junction>
              <cycleway_right>no</cycleway_right>
            </gpxtpx:Extensions>
          </gpxtpx:TrackPointExtension>
        </extensions>
      </trkpt>
      <trkpt lat="45.545474" lon="5.975232">
        <ele>310</ele>
        <extensions>
          <gpxtpx:TrackPointExtension>
            <gpxtpx:Extensions>
              <highway>secondary</highway>
              <surface>asphalt</surface>
              <junction>roundabout</junction>
              <cycleway_right>no</cycleway_right>
            </gpxtpx:Extensions>
          </gpxtpx:TrackPointExtension>
        </extensions>
      </trkpt>
      <trkpt lat="45.545435" lon="5.975242">
        <ele>310.25</ele>
        <extensions>
          <gpxtpx:TrackPointExtension>
            <gpxtpx:Extensions>
              <highway>secondary</highway>
              <surface>asphalt</surface>
              <junction>roundabout</junction>
              <cycleway_right>no</cycleway_right>
            </gpxtpx:Extensions>
          </gpxtpx:TrackPointExtension>
        </extensions>
      </trkpt>
      <trkpt lat="45.545339" lon="5.975305">
        <ele>310.25</ele>
        <extensions>
          <gpxtpx:TrackPointExtension>
            <gpxtpx:Extensions>
              <highway>secondary</highway>
              <surface>asphalt</surface>
              <cycleway>lane</cycleway>
              <oneway>yes</oneway>
            </gpxtpx:Extensions>
          </gpxtpx:TrackPointExtension>
        </extensions>
      </trkpt>
      <trkpt lat="45.545252" lon="5.9755">
        <ele>310</ele>
        <extensions>
          <gpxtpx:TrackPointExtension>
            <gpxtpx:Extensions>
              <highway>secondary</highway>
              <surface>asphalt</surface>
              <cycleway>lane</cycleway>
              <oneway>yes</oneway>
            </gpxtpx:Extensions>
          </gpxtpx:TrackPointExtension>
        </extensions>
      </trkpt>
      <trkpt lat="45.545143" lon="5.975889">
        <ele>309.25</ele>
        <extensions>
          <gpxtpx:TrackPointExtension>
            <gpxtpx:Extensions>
              <reversedirection>yes</reversedirection>
              <highway>secondary</highway>
              <surface>asphalt</surface>
              <cycleway>lane</cycleway>
              <route_bicycle_lcn>yes</route_bicycle_lcn>
            </gpxtpx:Extensions>
          </gpxtpx:TrackPointExtension>
        </extensions>
      </trkpt>
      <trkpt lat="45.544957" lon="5.976452">
        <ele>306.75</ele>
        <extensions>
          <gpxtpx:TrackPointExtension>
            <gpxtpx:Extensions>
              <reversedirection>yes</reversedirection>
              <highway>secondary</highway>
              <surface>asphalt</surface>
              <cycleway>lane</cycleway>
              <route_bicycle_lcn>yes</route_bicycle_lcn>
            </gpxtpx:Extensions>
          </gpxtpx:TrackPointExtension>
        </extensions>
      </trkpt>
      <trkpt lat="45.544732" lon="5.977055">
        <ele>306.75</ele>
        <extensions>
          <gpxtpx:TrackPointExtension>
            <gpxtpx:Extensions>
              <reversedirection>yes</reversedirection>
              <highway>secondary</highway>
              <surface>asphalt</surface>
              <cycleway>lane</cycleway>
              <route_bicycle_lcn>yes</route_bicycle_lcn>
            </gpxtpx:Extensions>
          </gpxtpx:TrackPointExtension>
        </extensions>
      </trkpt>
      <trkpt lat="45.544582" lon="5.977443">
        <ele>307</ele>
        <extensions>
          <gpxtpx:TrackPointExtension>
            <gpxtpx:Extensions>
              <reversedirection>yes</reversedirection>
              <highway>secondary</highway>
              <surface>asphalt</surface>
              <cycleway>lane</cycleway>
              <route_bicycle_lcn>yes</route_bicycle_lcn>
            </gpxtpx:Extensions>
          </gpxtpx:TrackPointExtension>
        </extensions>
      </trkpt>
      <trkpt lat="45.544534" lon="5.977567">
        <ele>307.25</ele>
        <extensions>
          <gpxtpx:TrackPointExtension>
            <gpxtpx:Extensions>
              <reversedirection>yes</reversedirection>
              <highway>secondary</highway>
              <surface>asphalt</surface>
              <cycleway>lane</cycleway>
              <route_bicycle_lcn>yes</route_bicycle_lcn>
            </gpxtpx:Extensions>
          </gpxtpx:TrackPointExtension>
        </extensions>
      </trkpt>
      <trkpt lat="45.544472" lon="5.977715">
        <ele>307.75</ele>
        <extensions>
          <gpxtpx:TrackPointExtension>
            <gpxtpx:Extensions>
              <reversedirection>yes</reversedirection>
              <highway>secondary</highway>
              <surface>asphalt</surface>
              <cycleway>lane</cycleway>
              <route_bicycle_lcn>yes</route_bicycle_lcn>
            </gpxtpx:Extensions>
          </gpxtpx:TrackPointExtension>
        </extensions>
      </trkpt>
      <trkpt lat="45.544456" lon="5.977754">
        <ele>308</ele>
        <extensions>
          <gpxtpx:TrackPointExtension>
            <gpxtpx:Extensions>
              <reversedirection>yes</reversedirection>
              <highway>secondary</highway>
              <surface>asphalt</surface>
              <cycleway>lane</cycleway>
              <route_bicycle_lcn>yes</route_bicycle_lcn>
            </gpxtpx:Extensions>
          </gpxtpx:TrackPointExtension>
        </extensions>
      </trkpt>
      <trkpt lat="45.544376" lon="5.978029">
        <ele>308.75</ele>
        <extensions>
          <gpxtpx:TrackPointExtension>
            <gpxtpx:Extensions>
              <highway>secondary</highway>
              <surface>asphalt</surface>
              <cycleway>lane</cycleway>
              <oneway>yes</oneway>
            </gpxtpx:Extensions>
          </gpxtpx:TrackPointExtension>
        </extensions>
      </trkpt>
      <trkpt lat="45.544159" lon="5.97861">
        <ele>310.5</ele>
        <extensions>
          <gpxtpx:TrackPointExtension>
            <gpxtpx:Extensions>
              <highway>secondary</highway>
              <surface>asphalt</surface>
              <cycleway>lane</cycleway>
              <oneway>yes</oneway>
            </gpxtpx:Extensions>
          </gpxtpx:TrackPointExtension>
        </extensions>
      </trkpt>
      <trkpt lat="45.544086" lon="5.978799">
        <ele>311.25</ele>
        <extensions>
          <gpxtpx:TrackPointExtension>
            <gpxtpx:Extensions>
              <highway>secondary</highway>
              <surface>asphalt</surface>
              <cycleway>lane</cycleway>
              <oneway>yes</oneway>
            </gpxtpx:Extensions>
          </gpxtpx:TrackPointExtension>
        </extensions>
      </trkpt>
      <trkpt lat="45.544003" lon="5.978986">
        <ele>312</ele>
        <extensions>
          <gpxtpx:TrackPointExtension>
            <gpxtpx:Extensions>
              <highway>secondary</highway>
              <surface>asphalt</surface>
              <oneway>yes</oneway>
            </gpxtpx:Extensions>
          </gpxtpx:TrackPointExtension>
        </extensions>
      </trkpt>
      <trkpt lat="45.543995" lon="5.979006">
        <ele>312</ele>
        <extensions>
          <gpxtpx:TrackPointExtension>
            <gpxtpx:Extensions>
              <highway>secondary</highway>
              <surface>asphalt</surface>
              <oneway>yes</oneway>
            </gpxtpx:Extensions>
          </gpxtpx:TrackPointExtension>
        </extensions>
      </trkpt>
      <trkpt lat="45.543962" lon="5.979085">
        <ele>312.25</ele>
        <extensions>
          <gpxtpx:TrackPointExtension>
            <gpxtpx:Extensions>
              <highway>secondary</highway>
              <surface>asphalt</surface>
              <oneway>yes</oneway>
            </gpxtpx:Extensions>
          </gpxtpx:TrackPointExtension>
        </extensions>
      </trkpt>
      <trkpt lat="45.543829" lon="5.979476">
        <ele>313.75</ele>
        <extensions>
          <gpxtpx:TrackPointExtension>
            <gpxtpx:Extensions>
              <highway>secondary</highway>
              <surface>asphalt</surface>
              <oneway>yes</oneway>
            </gpxtpx:Extensions>
          </gpxtpx:TrackPointExtension>
        </extensions>
      </trkpt>
      <trkpt lat="45.543766" lon="5.979608">
        <ele>314.25</ele>
        <extensions>
          <gpxtpx:TrackPointExtension>
            <gpxtpx:Extensions>
              <highway>secondary</highway>
              <surface>asphalt</surface>
              <oneway>yes</oneway>
            </gpxtpx:Extensions>
          </gpxtpx:TrackPointExtension>
        </extensions>
      </trkpt>
      <trkpt lat="45.543744" lon="5.979713">
        <ele>314.5</ele>
        <extensions>
          <gpxtpx:TrackPointExtension>
            <gpxtpx:Extensions>
              <reversedirection>yes</reversedirection>
              <highway>secondary</highway>
              <surface>asphalt</surface>
              <cycleway_right>lane</cycleway_right>
              <route_bicycle_lcn>yes</route_bicycle_lcn>
            </gpxtpx:Extensions>
          </gpxtpx:TrackPointExtension>
        </extensions>
      </trkpt>
      <trkpt lat="45.543687" lon="5.980083">
        <ele>315.75</ele>
        <extensions>
          <gpxtpx:TrackPointExtension>
            <gpxtpx:Extensions>
              <reversedirection>yes</reversedirection>
              <highway>secondary</highway>
              <surface>asphalt</surface>
              <cycleway_right>lane</cycleway_right>
              <route_bicycle_lcn>yes</route_bicycle_lcn>
            </gpxtpx:Extensions>
          </gpxtpx:TrackPointExtension>
        </extensions>
      </trkpt>
      <trkpt lat="45.543668" lon="5.980328">
        <ele>317</ele>
        <extensions>
          <gpxtpx:TrackPointExtension>
            <gpxtpx:Extensions>
              <reversedirection>yes</reversedirection>
              <highway>secondary</highway>
              <surface>asphalt</surface>
              <cycleway_right>lane</cycleway_right>
              <route_bicycle_lcn>yes</route_bicycle_lcn>
            </gpxtpx:Extensions>
          </gpxtpx:TrackPointExtension>
        </extensions>
      </trkpt>
      <trkpt lat="45.543672" lon="5.980523">
        <ele>318</ele>
        <extensions>
          <gpxtpx:TrackPointExtension>
            <gpxtpx:Extensions>
              <reversedirection>yes</reversedirection>
              <highway>secondary</highway>
              <surface>asphalt</surface>
              <cycleway_right>lane</cycleway_right>
              <route_bicycle_lcn>yes</route_bicycle_lcn>
            </gpxtpx:Extensions>
          </gpxtpx:TrackPointExtension>
        </extensions>
      </trkpt>
      <trkpt lat="45.543679" lon="5.980623">
        <ele>318.5</ele>
        <extensions>
          <gpxtpx:TrackPointExtension>
            <gpxtpx:Extensions>
              <reversedirection>yes</reversedirection>
              <highway>secondary</highway>
              <surface>asphalt</surface>
              <cycleway_right>lane</cycleway_right>
              <route_bicycle_lcn>yes</route_bicycle_lcn>
            </gpxtpx:Extensions>
          </gpxtpx:TrackPointExtension>
        </extensions>
      </trkpt>
      <trkpt lat="45.543691" lon="5.980779">
        <ele>319.25</ele>
        <extensions>
          <gpxtpx:TrackPointExtension>
            <gpxtpx:Extensions>
              <reversedirection>yes</reversedirection>
              <highway>secondary</highway>
              <surface>asphalt</surface>
              <cycleway_right>lane</cycleway_right>
              <route_bicycle_lcn>yes</route_bicycle_lcn>
            </gpxtpx:Extensions>
          </gpxtpx:TrackPointExtension>
        </extensions>
      </trkpt>
      <trkpt lat="45.54371" lon="5.980934">
        <ele>320</ele>
        <extensions>
          <gpxtpx:TrackPointExtension>
            <gpxtpx:Extensions>
              <reversedirection>yes</reversedirection>
              <highway>secondary</highway>
              <surface>asphalt</surface>
              <cycleway_right>lane</cycleway_right>
              <route_bicycle_lcn>yes</route_bicycle_lcn>
            </gpxtpx:Extensions>
          </gpxtpx:TrackPointExtension>
        </extensions>
      </trkpt>
      <trkpt lat="45.543845" lon="5.981476">
        <ele>322.5</ele>
        <extensions>
          <gpxtpx:TrackPointExtension>
            <gpxtpx:Extensions>
              <highway>secondary</highway>
              <surface>asphalt</surface>
              <oneway>yes</oneway>
              <cycleway_right>lane</cycleway_right>
            </gpxtpx:Extensions>
          </gpxtpx:TrackPointExtension>
        </extensions>
      </trkpt>
      <trkpt lat="45.54386" lon="5.981537">
        <ele>322.75</ele>
        <extensions>
          <gpxtpx:TrackPointExtension>
            <gpxtpx:Extensions>
              <highway>secondary</highway>
              <surface>asphalt</surface>
              <oneway>yes</oneway>
              <cycleway_right>lane</cycleway_right>
            </gpxtpx:Extensions>
          </gpxtpx:TrackPointExtension>
        </extensions>
      </trkpt>
      <trkpt lat="45.543902" lon="5.981746">
        <ele>323.25</ele>
        <extensions>
          <gpxtpx:TrackPointExtension>
            <gpxtpx:Extensions>
              <highway>secondary</highway>
              <surface>asphalt</surface>
              <oneway>yes</oneway>
              <cycleway_right>lane</cycleway_right>
            </gpxtpx:Extensions>
          </gpxtpx:TrackPointExtension>
        </extensions>
      </trkpt>
      <trkpt lat="45.543932" lon="5.981906">
        <ele>323.5</ele>
        <extensions>
          <gpxtpx:TrackPointExtension>
            <gpxtpx:Extensions>
              <highway>secondary</highway>
              <surface>asphalt</surface>
              <oneway>yes</oneway>
              <cycleway_right>lane</cycleway_right>
            </gpxtpx:Extensions>
          </gpxtpx:TrackPointExtension>
        </extensions>
      </trkpt>
      <trkpt lat="45.543937" lon="5.981933">
        <ele>323.5</ele>
        <extensions>
          <gpxtpx:TrackPointExtension>
            <gpxtpx:Extensions>
              <highway>secondary</highway>
              <surface>asphalt</surface>
              <oneway>yes</oneway>
              <cycleway_right>lane</cycleway_right>
            </gpxtpx:Extensions>
          </gpxtpx:TrackPointExtension>
        </extensions>
      </trkpt>
      <trkpt lat="45.543943" lon="5.981965">
        <ele>323.5</ele>
        <extensions>
          <gpxtpx:TrackPointExtension>
            <gpxtpx:Extensions>
              <highway>secondary</highway>
              <surface>asphalt</surface>
              <oneway>yes</oneway>
              <cycleway_right>lane</cycleway_right>
            </gpxtpx:Extensions>
          </gpxtpx:TrackPointExtension>
        </extensions>
      </trkpt>
      <trkpt lat="45.543971" lon="5.982115">
        <ele>323.75</ele>
        <extensions>
          <gpxtpx:TrackPointExtension>
            <gpxtpx:Extensions>
              <highway>secondary</highway>
              <surface>asphalt</surface>
              <oneway>yes</oneway>
              <cycleway_right>lane</cycleway_right>
            </gpxtpx:Extensions>
          </gpxtpx:TrackPointExtension>
        </extensions>
      </trkpt>
      <trkpt lat="45.543992" lon="5.982376">
        <ele>324</ele>
        <extensions>
          <gpxtpx:TrackPointExtension>
            <gpxtpx:Extensions>
              <highway>secondary</highway>
              <surface>asphalt</surface>
              <oneway>yes</oneway>
              <cycleway_right>lane</cycleway_right>
            </gpxtpx:Extensions>
          </gpxtpx:TrackPointExtension>
        </extensions>
      </trkpt>
      <trkpt lat="45.54398" lon="5.98262">
        <ele>324.25</ele>
        <extensions>
          <gpxtpx:TrackPointExtension>
            <gpxtpx:Extensions>
              <highway>secondary</highway>
              <surface>asphalt</surface>
              <oneway>yes</oneway>
              <cycleway_right>lane</cycleway_right>
            </gpxtpx:Extensions>
          </gpxtpx:TrackPointExtension>
        </extensions>
      </trkpt>
      <trkpt lat="45.543968" lon="5.982936">
        <ele>323.75</ele>
        <extensions>
          <gpxtpx:TrackPointExtension>
            <gpxtpx:Extensions>
              <reversedirection>yes</reversedirection>
              <highway>secondary</highway>
              <surface>asphalt</surface>
              <cycleway_left>lane</cycleway_left>
              <route_bicycle_lcn>yes</route_bicycle_lcn>
            </gpxtpx:Extensions>
          </gpxtpx:TrackPointExtension>
        </extensions>
      </trkpt>
      <trkpt lat="45.543955" lon="5.983051">
        <ele>323.75</ele>
        <extensions>
          <gpxtpx:TrackPointExtension>
            <gpxtpx:Extensions>
              <reversedirection>yes</reversedirection>
              <highway>secondary</highway>
              <surface>asphalt</surface>
              <cycleway_left>lane</cycleway_left>
              <route_bicycle_lcn>yes</route_bicycle_lcn>
            </gpxtpx:Extensions>
          </gpxtpx:TrackPointExtension>
        </extensions>
      </trkpt>
      <trkpt lat="45.54391" lon="5.983308">
        <ele>323.5</ele>
        <extensions>
          <gpxtpx:TrackPointExtension>
            <gpxtpx:Extensions>
              <reversedirection>yes</reversedirection>
              <highway>secondary</highway>
              <surface>asphalt</surface>
              <cycleway_left>lane</cycleway_left>
              <route_bicycle_lcn>yes</route_bicycle_lcn>
            </gpxtpx:Extensions>
          </gpxtpx:TrackPointExtension>
        </extensions>
      </trkpt>
      <trkpt lat="45.543821" lon="5.983593">
        <ele>322.75</ele>
        <extensions>
          <gpxtpx:TrackPointExtension>
            <gpxtpx:Extensions>
              <reversedirection>yes</reversedirection>
              <highway>secondary</highway>
              <surface>asphalt</surface>
              <cycleway_left>lane</cycleway_left>
              <route_bicycle_lcn>yes</route_bicycle_lcn>
            </gpxtpx:Extensions>
          </gpxtpx:TrackPointExtension>
        </extensions>
      </trkpt>
      <trkpt lat="45.543728" lon="5.983852">
        <ele>321.75</ele>
        <extensions>
          <gpxtpx:TrackPointExtension>
            <gpxtpx:Extensions>
              <reversedirection>yes</reversedirection>
              <highway>secondary</highway>
              <surface>asphalt</surface>
              <cycleway_left>lane</cycleway_left>
              <route_bicycle_lcn>yes</route_bicycle_lcn>
            </gpxtpx:Extensions>
          </gpxtpx:TrackPointExtension>
        </extensions>
      </trkpt>
      <trkpt lat="45.543607" lon="5.984015">
        <ele>321.25</ele>
        <extensions>
          <gpxtpx:TrackPointExtension>
            <gpxtpx:Extensions>
              <reversedirection>yes</reversedirection>
              <highway>secondary</highway>
              <surface>asphalt</surface>
              <cycleway>lane</cycleway>
              <route_bicycle_lcn>yes</route_bicycle_lcn>
            </gpxtpx:Extensions>
          </gpxtpx:TrackPointExtension>
        </extensions>
      </trkpt>
      <trkpt lat="45.543411" lon="5.984278">
        <ele>320</ele>
        <extensions>
          <gpxtpx:TrackPointExtension>
            <gpxtpx:Extensions>
              <reversedirection>yes</reversedirection>
              <highway>secondary</highway>
              <surface>asphalt</surface>
              <cycleway>lane</cycleway>
              <route_bicycle_lcn>yes</route_bicycle_lcn>
            </gpxtpx:Extensions>
          </gpxtpx:TrackPointExtension>
        </extensions>
      </trkpt>
      <trkpt lat="45.542788" lon="5.985189">
        <ele>317.75</ele>
        <extensions>
          <gpxtpx:TrackPointExtension>
            <gpxtpx:Extensions>
              <reversedirection>yes</reversedirection>
              <highway>secondary</highway>
              <surface>asphalt</surface>
              <cycleway>lane</cycleway>
              <route_bicycle_lcn>yes</route_bicycle_lcn>
            </gpxtpx:Extensions>
          </gpxtpx:TrackPointExtension>
        </extensions>
      </trkpt>
      <trkpt lat="45.542373" lon="5.985801">
        <ele>315.75</ele>
        <extensions>
          <gpxtpx:TrackPointExtension>
            <gpxtpx:Extensions>
              <reversedirection>yes</reversedirection>
              <highway>secondary</highway>
              <surface>asphalt</surface>
              <cycleway_right>no</cycleway_right>
              <cycleway_left>lane</cycleway_left>
              <route_bicycle_lcn>yes</route_bicycle_lcn>
            </gpxtpx:Extensions>
          </gpxtpx:TrackPointExtension>
        </extensions>
      </trkpt>
      <trkpt lat="45.54196" lon="5.986382">
        <ele>316</ele>
        <extensions>
          <gpxtpx:TrackPointExtension>
            <gpxtpx:Extensions>
              <reversedirection>yes</reversedirection>
              <highway>secondary</highway>
              <surface>asphalt</surface>
              <cycleway_right>no</cycleway_right>
              <cycleway_left>lane</cycleway_left>
              <route_bicycle_lcn>yes</route_bicycle_lcn>
            </gpxtpx:Extensions>
          </gpxtpx:TrackPointExtension>
        </extensions>
      </trkpt>
      <trkpt lat="45.540946" lon="5.987844">
        <ele>317</ele>
        <extensions>
          <gpxtpx:TrackPointExtension>
            <gpxtpx:Extensions>
              <reversedirection>yes</reversedirection>
              <highway>secondary</highway>
              <surface>asphalt</surface>
              <cycleway_right>no</cycleway_right>
              <cycleway_left>lane</cycleway_left>
              <route_bicycle_lcn>yes</route_bicycle_lcn>
            </gpxtpx:Extensions>
          </gpxtpx:TrackPointExtension>
        </extensions>
      </trkpt>
      <trkpt lat="45.540405" lon="5.988641">
        <ele>319.5</ele>
        <extensions>
          <gpxtpx:TrackPointExtension>
            <gpxtpx:Extensions>
              <reversedirection>yes</reversedirection>
              <highway>secondary</highway>
              <surface>asphalt</surface>
              <cycleway_right>no</cycleway_right>
              <cycleway_left>lane</cycleway_left>
              <route_bicycle_lcn>yes</route_bicycle_lcn>
            </gpxtpx:Extensions>
          </gpxtpx:TrackPointExtension>
        </extensions>
      </trkpt>
      <trkpt lat="45.540287" lon="5.988816">
        <ele>320</ele>
        <extensions>
          <gpxtpx:TrackPointExtension>
            <gpxtpx:Extensions>
              <reversedirection>yes</reversedirection>
              <highway>secondary</highway>
              <surface>asphalt</surface>
              <cycleway>lane</cycleway>
              <route_bicycle_lcn>yes</route_bicycle_lcn>
            </gpxtpx:Extensions>
          </gpxtpx:TrackPointExtension>
        </extensions>
      </trkpt>
      <trkpt lat="45.540262" lon="5.988848">
        <ele>320</ele>
        <extensions>
          <gpxtpx:TrackPointExtension>
            <gpxtpx:Extensions>
              <reversedirection>yes</reversedirection>
              <highway>secondary</highway>
              <surface>asphalt</surface>
              <route_bicycle_lcn>yes</route_bicycle_lcn>
            </gpxtpx:Extensions>
          </gpxtpx:TrackPointExtension>
        </extensions>
      </trkpt>
      <trkpt lat="45.540048" lon="5.989229">
        <ele>321</ele>
        <extensions>
          <gpxtpx:TrackPointExtension>
            <gpxtpx:Extensions>
              <highway>secondary</highway>
              <surface>asphalt</surface>
              <oneway>yes</oneway>
            </gpxtpx:Extensions>
          </gpxtpx:TrackPointExtension>
        </extensions>
      </trkpt>
      <trkpt lat="45.539902" lon="5.989447">
        <ele>322.25</ele>
        <extensions>
          <gpxtpx:TrackPointExtension>
            <gpxtpx:Extensions>
              <highway>secondary</highway>
              <surface>asphalt</surface>
              <oneway>yes</oneway>
            </gpxtpx:Extensions>
          </gpxtpx:TrackPointExtension>
        </extensions>
      </trkpt>
      <trkpt lat="45.539854" lon="5.989559">
        <ele>322.5</ele>
        <extensions>
          <gpxtpx:TrackPointExtension>
            <gpxtpx:Extensions>
              <highway>secondary</highway>
              <surface>asphalt</surface>
              <oneway>yes</oneway>
            </gpxtpx:Extensions>
          </gpxtpx:TrackPointExtension>
        </extensions>
      </trkpt>
      <trkpt lat="45.539849" lon="5.989632">
        <ele>323</ele>
        <extensions>
          <gpxtpx:TrackPointExtension>
            <gpxtpx:Extensions>
              <highway>secondary</highway>
              <surface>asphalt</surface>
              <oneway>yes</oneway>
            </gpxtpx:Extensions>
          </gpxtpx:TrackPointExtension>
        </extensions>
      </trkpt>
      <trkpt lat="45.539853" lon="5.989715">
        <ele>323.25</ele>
        <extensions>
          <gpxtpx:TrackPointExtension>
            <gpxtpx:Extensions>
              <highway>secondary</highway>
              <surface>asphalt</surface>
              <oneway>yes</oneway>
            </gpxtpx:Extensions>
          </gpxtpx:TrackPointExtension>
        </extensions>
      </trkpt>
      <trkpt lat="45.53988" lon="5.989765">
        <ele>323.5</ele>
        <extensions>
          <gpxtpx:TrackPointExtension>
            <gpxtpx:Extensions>
              <highway>primary</highway>
              <surface>asphalt</surface>
              <junction>roundabout</junction>
              <cycleway_right>no</cycleway_right>
            </gpxtpx:Extensions>
          </gpxtpx:TrackPointExtension>
        </extensions>
      </trkpt>
      <trkpt lat="45.539904" lon="5.989859">
        <ele>324</ele>
        <extensions>
          <gpxtpx:TrackPointExtension>
            <gpxtpx:Extensions>
              <highway>primary</highway>
              <surface>asphalt</surface>
              <junction>roundabout</junction>
              <cycleway_right>no</cycleway_right>
            </gpxtpx:Extensions>
          </gpxtpx:TrackPointExtension>
        </extensions>
      </trkpt>
      <trkpt lat="45.539902" lon="5.989958">
        <ele>324.25</ele>
        <extensions>
          <gpxtpx:TrackPointExtension>
            <gpxtpx:Extensions>
              <highway>primary</highway>
              <surface>asphalt</surface>
              <junction>roundabout</junction>
              <cycleway_right>no</cycleway_right>
            </gpxtpx:Extensions>
          </gpxtpx:TrackPointExtension>
        </extensions>
      </trkpt>
      <trkpt lat="45.539891" lon="5.990006">
        <ele>324.5</ele>
        <extensions>
          <gpxtpx:TrackPointExtension>
            <gpxtpx:Extensions>
              <highway>primary</highway>
              <surface>asphalt</surface>
              <junction>roundabout</junction>
              <cycleway_right>no</cycleway_right>
            </gpxtpx:Extensions>
          </gpxtpx:TrackPointExtension>
        </extensions>
      </trkpt>
      <trkpt lat="45.539853" lon="5.990087">
        <ele>324.5</ele>
        <extensions>
          <gpxtpx:TrackPointExtension>
            <gpxtpx:Extensions>
              <highway>primary</highway>
              <surface>asphalt</surface>
              <junction>roundabout</junction>
              <cycleway_right>no</cycleway_right>
            </gpxtpx:Extensions>
          </gpxtpx:TrackPointExtension>
        </extensions>
      </trkpt>
      <trkpt lat="45.539817" lon="5.990128">
        <ele>324.25</ele>
        <extensions>
          <gpxtpx:TrackPointExtension>
            <gpxtpx:Extensions>
              <highway>primary</highway>
              <surface>asphalt</surface>
              <junction>roundabout</junction>
              <cycleway_right>no</cycleway_right>
            </gpxtpx:Extensions>
          </gpxtpx:TrackPointExtension>
        </extensions>
      </trkpt>
      <trkpt lat="45.539776" lon="5.990155">
        <ele>324.25</ele>
        <extensions>
          <gpxtpx:TrackPointExtension>
            <gpxtpx:Extensions>
              <highway>primary</highway>
              <surface>asphalt</surface>
              <junction>roundabout</junction>
              <cycleway_right>no</cycleway_right>
            </gpxtpx:Extensions>
          </gpxtpx:TrackPointExtension>
        </extensions>
      </trkpt>
      <trkpt lat="45.53973" lon="5.990167">
        <ele>324</ele>
        <extensions>
          <gpxtpx:TrackPointExtension>
            <gpxtpx:Extensions>
              <highway>primary</highway>
              <surface>asphalt</surface>
              <junction>roundabout</junction>
              <cycleway_right>no</cycleway_right>
            </gpxtpx:Extensions>
          </gpxtpx:TrackPointExtension>
        </extensions>
      </trkpt>
      <trkpt lat="45.539684" lon="5.990162">
        <ele>324</ele>
        <extensions>
          <gpxtpx:TrackPointExtension>
            <gpxtpx:Extensions>
              <highway>primary</highway>
              <surface>asphalt</surface>
              <junction>roundabout</junction>
              <cycleway_right>no</cycleway_right>
            </gpxtpx:Extensions>
          </gpxtpx:TrackPointExtension>
        </extensions>
      </trkpt>
      <trkpt lat="45.539626" lon="5.990131">
        <ele>323.75</ele>
        <extensions>
          <gpxtpx:TrackPointExtension>
            <gpxtpx:Extensions>
              <highway>primary</highway>
              <surface>asphalt</surface>
              <junction>roundabout</junction>
              <cycleway_right>no</cycleway_right>
              <route_bicycle_lcn>yes</route_bicycle_lcn>
            </gpxtpx:Extensions>
          </gpxtpx:TrackPointExtension>
        </extensions>
      </trkpt>
      <trkpt lat="45.539566" lon="5.990133">
        <ele>323.5</ele>
        <extensions>
          <gpxtpx:TrackPointExtension>
            <gpxtpx:Extensions>
              <highway>primary</highway>
              <surface>asphalt</surface>
              <cycleway>lane</cycleway>
              <oneway>yes</oneway>
            </gpxtpx:Extensions>
          </gpxtpx:TrackPointExtension>
        </extensions>
      </trkpt>
      <trkpt lat="45.539502" lon="5.990149">
        <ele>323.5</ele>
        <extensions>
          <gpxtpx:TrackPointExtension>
            <gpxtpx:Extensions>
              <highway>primary</highway>
              <surface>asphalt</surface>
              <cycleway>lane</cycleway>
              <oneway>yes</oneway>
            </gpxtpx:Extensions>
          </gpxtpx:TrackPointExtension>
        </extensions>
      </trkpt>
      <trkpt lat="45.539429" lon="5.990203">
        <ele>323.25</ele>
        <extensions>
          <gpxtpx:TrackPointExtension>
            <gpxtpx:Extensions>
              <highway>primary</highway>
              <surface>asphalt</surface>
              <cycleway>lane</cycleway>
              <oneway>yes</oneway>
            </gpxtpx:Extensions>
          </gpxtpx:TrackPointExtension>
        </extensions>
      </trkpt>
      <trkpt lat="45.538762" lon="5.99056">
        <ele>325.25</ele>
        <extensions>
          <gpxtpx:TrackPointExtension>
            <gpxtpx:Extensions>
              <highway>primary</highway>
              <surface>asphalt</surface>
              <cycleway>lane</cycleway>
              <oneway>yes</oneway>
            </gpxtpx:Extensions>
          </gpxtpx:TrackPointExtension>
        </extensions>
      </trkpt>
      <trkpt lat="45.538643" lon="5.990581">
        <ele>325.5</ele>
        <extensions>
          <gpxtpx:TrackPointExtension>
            <gpxtpx:Extensions>
              <highway>primary</highway>
              <surface>asphalt</surface>
              <cycleway>lane</cycleway>
              <oneway>yes</oneway>
            </gpxtpx:Extensions>
          </gpxtpx:TrackPointExtension>
        </extensions>
      </trkpt>
      <trkpt lat="45.537975" lon="5.990925">
        <ele>327</ele>
        <extensions>
          <gpxtpx:TrackPointExtension>
            <gpxtpx:Extensions>
              <highway>primary</highway>
              <surface>asphalt</surface>
              <cycleway>lane</cycleway>
            </gpxtpx:Extensions>
          </gpxtpx:TrackPointExtension>
        </extensions>
      </trkpt>
      <trkpt lat="45.536827" lon="5.991551">
        <ele>328.75</ele>
        <extensions>
          <gpxtpx:TrackPointExtension>
            <gpxtpx:Extensions>
              <highway>primary</highway>
              <surface>asphalt</surface>
              <cycleway>lane</cycleway>
            </gpxtpx:Extensions>
          </gpxtpx:TrackPointExtension>
        </extensions>
      </trkpt>
      <trkpt lat="45.536614" lon="5.991674">
        <ele>328</ele>
        <extensions>
          <gpxtpx:TrackPointExtension>
            <gpxtpx:Extensions>
              <highway>primary</highway>
              <surface>asphalt</surface>
              <cycleway>lane</cycleway>
            </gpxtpx:Extensions>
          </gpxtpx:TrackPointExtension>
        </extensions>
      </trkpt>
      <trkpt lat="45.536592" lon="5.991686">
        <ele>328</ele>
        <extensions>
          <gpxtpx:TrackPointExtension>
            <gpxtpx:Extensions>
              <highway>primary</highway>
              <surface>asphalt</surface>
              <cycleway>lane</cycleway>
            </gpxtpx:Extensions>
          </gpxtpx:TrackPointExtension>
        </extensions>
      </trkpt>
      <trkpt lat="45.536567" lon="5.991699">
        <ele>328</ele>
        <extensions>
          <gpxtpx:TrackPointExtension>
            <gpxtpx:Extensions>
              <highway>primary</highway>
              <surface>asphalt</surface>
              <cycleway>lane</cycleway>
            </gpxtpx:Extensions>
          </gpxtpx:TrackPointExtension>
        </extensions>
      </trkpt>
      <trkpt lat="45.536434" lon="5.991762">
        <ele>328.25</ele>
        <extensions>
          <gpxtpx:TrackPointExtension>
            <gpxtpx:Extensions>
              <highway>primary</highway>
              <surface>asphalt</surface>
              <cycleway>lane</cycleway>
            </gpxtpx:Extensions>
          </gpxtpx:TrackPointExtension>
        </extensions>
      </trkpt>
      <trkpt lat="45.536323" lon="5.991818">
        <ele>328.5</ele>
        <extensions>
          <gpxtpx:TrackPointExtension>
            <gpxtpx:Extensions>
              <highway>primary</highway>
              <surface>asphalt</surface>
              <cycleway>no</cycleway>
            </gpxtpx:Extensions>
          </gpxtpx:TrackPointExtension>
        </extensions>
      </trkpt>
      <trkpt lat="45.536301" lon="5.991829">
        <ele>328.5</ele>
        <extensions>
          <gpxtpx:TrackPointExtension>
            <gpxtpx:Extensions>
              <highway>primary</highway>
              <surface>asphalt</surface>
              <cycleway>no</cycleway>
            </gpxtpx:Extensions>
          </gpxtpx:TrackPointExtension>
        </extensions>
      </trkpt>
      <trkpt lat="45.536288" lon="5.991835">
        <ele>328.5</ele>
        <extensions>
          <gpxtpx:TrackPointExtension>
            <gpxtpx:Extensions>
              <highway>primary</highway>
              <surface>asphalt</surface>
              <cycleway>no</cycleway>
            </gpxtpx:Extensions>
          </gpxtpx:TrackPointExtension>
        </extensions>
      </trkpt>
      <trkpt lat="45.535965" lon="5.991996">
        <ele>328.75</ele>
        <extensions>
          <gpxtpx:TrackPointExtension>
            <gpxtpx:Extensions>
              <highway>primary</highway>
              <surface>asphalt</surface>
              <cycleway>no</cycleway>
            </gpxtpx:Extensions>
          </gpxtpx:TrackPointExtension>
        </extensions>
      </trkpt>
      <trkpt lat="45.535518" lon="5.992239">
        <ele>330.25</ele>
        <extensions>
          <gpxtpx:TrackPointExtension>
            <gpxtpx:Extensions>
              <highway>primary</highway>
              <surface>asphalt</surface>
              <cycleway>no</cycleway>
            </gpxtpx:Extensions>
          </gpxtpx:TrackPointExtension>
        </extensions>
      </trkpt>
      <trkpt lat="45.535349" lon="5.992309">
        <ele>330.75</ele>
        <extensions>
          <gpxtpx:TrackPointExtension>
            <gpxtpx:Extensions>
              <highway>primary</highway>
              <surface>asphalt</surface>
              <cycleway>no</cycleway>
            </gpxtpx:Extensions>
          </gpxtpx:TrackPointExtension>
        </extensions>
      </trkpt>
      <trkpt lat="45.53519" lon="5.992351">
        <ele>331.25</ele>
        <extensions>
          <gpxtpx:TrackPointExtension>
            <gpxtpx:Extensions>
              <highway>primary</highway>
              <surface>asphalt</surface>
              <cycleway>no</cycleway>
            </gpxtpx:Extensions>
          </gpxtpx:TrackPointExtension>
        </extensions>
      </trkpt>
      <trkpt lat="45.534923" lon="5.992371">
        <ele>332</ele>
        <extensions>
          <gpxtpx:TrackPointExtension>
            <gpxtpx:Extensions>
              <highway>primary</highway>
              <surface>asphalt</surface>
              <cycleway>no</cycleway>
            </gpxtpx:Extensions>
          </gpxtpx:TrackPointExtension>
        </extensions>
      </trkpt>
      <trkpt lat="45.534663" lon="5.992351">
        <ele>332.75</ele>
        <extensions>
          <gpxtpx:TrackPointExtension>
            <gpxtpx:Extensions>
              <highway>primary</highway>
              <surface>asphalt</surface>
              <cycleway>no</cycleway>
            </gpxtpx:Extensions>
          </gpxtpx:TrackPointExtension>
        </extensions>
      </trkpt>
      <trkpt lat="45.533949" lon="5.992134">
        <ele>333.75</ele>
        <extensions>
          <gpxtpx:TrackPointExtension>
            <gpxtpx:Extensions>
              <highway>primary</highway>
              <surface>asphalt</surface>
              <cycleway>no</cycleway>
            </gpxtpx:Extensions>
          </gpxtpx:TrackPointExtension>
        </extensions>
      </trkpt>
      <trkpt lat="45.533694" lon="5.992066">
        <ele>331.5</ele>
        <extensions>
          <gpxtpx:TrackPointExtension>
            <gpxtpx:Extensions>
              <highway>primary</highway>
              <surface>asphalt</surface>
              <cycleway>no</cycleway>
            </gpxtpx:Extensions>
          </gpxtpx:TrackPointExtension>
        </extensions>
      </trkpt>
      <trkpt lat="45.533568" lon="5.992087">
        <ele>330.25</ele>
        <extensions>
          <gpxtpx:TrackPointExtension>
            <gpxtpx:Extensions>
              <highway>primary</highway>
              <surface>asphalt</surface>
              <oneway>yes</oneway>
              <cycleway_right>no</cycleway_right>
            </gpxtpx:Extensions>
          </gpxtpx:TrackPointExtension>
        </extensions>
      </trkpt>
      <trkpt lat="45.533475" lon="5.992082">
        <ele>329.25</ele>
        <extensions>
          <gpxtpx:TrackPointExtension>
            <gpxtpx:Extensions>
              <highway>primary</highway>
              <surface>asphalt</surface>
              <oneway>yes</oneway>
              <cycleway_right>no</cycleway_right>
            </gpxtpx:Extensions>
          </gpxtpx:TrackPointExtension>
        </extensions>
      </trkpt>
      <trkpt lat="45.533362" lon="5.992084">
        <ele>328.25</ele>
        <extensions>
          <gpxtpx:TrackPointExtension>
            <gpxtpx:Extensions>
              <highway>primary</highway>
              <surface>asphalt</surface>
              <oneway>yes</oneway>
              <cycleway_right>no</cycleway_right>
            </gpxtpx:Extensions>
          </gpxtpx:TrackPointExtension>
        </extensions>
      </trkpt>
      <trkpt lat="45.533241" lon="5.9921">
        <ele>327.25</ele>
        <extensions>
          <gpxtpx:TrackPointExtension>
            <gpxtpx:Extensions>
              <highway>primary</highway>
              <surface>asphalt</surface>
              <oneway>yes</oneway>
              <cycleway_right>no</cycleway_right>
            </gpxtpx:Extensions>
          </gpxtpx:TrackPointExtension>
        </extensions>
      </trkpt>
      <trkpt lat="45.533016" lon="5.992158">
        <ele>325.5</ele>
        <extensions>
          <gpxtpx:TrackPointExtension>
            <gpxtpx:Extensions>
              <highway>primary</highway>
              <surface>asphalt</surface>
              <oneway>yes</oneway>
              <cycleway_right>no</cycleway_right>
            </gpxtpx:Extensions>
          </gpxtpx:TrackPointExtension>
        </extensions>
      </trkpt>
      <trkpt lat="45.532932" lon="5.992138">
        <ele>324.75</ele>
        <extensions>
          <gpxtpx:TrackPointExtension>
            <gpxtpx:Extensions>
              <highway>primary</highway>
              <surface>asphalt</surface>
              <oneway>yes</oneway>
              <cycleway_right>no</cycleway_right>
            </gpxtpx:Extensions>
          </gpxtpx:TrackPointExtension>
        </extensions>
      </trkpt>
      <trkpt lat="45.532819" lon="5.992163">
        <ele>323.75</ele>
        <extensions>
          <gpxtpx:TrackPointExtension>
            <gpxtpx:Extensions>
              <highway>primary</highway>
              <surface>asphalt</surface>
              <cycleway>no</cycleway>
            </gpxtpx:Extensions>
          </gpxtpx:TrackPointExtension>
        </extensions>
      </trkpt>
      <trkpt lat="45.532693" lon="5.992199">
        <ele>323</ele>
        <extensions>
          <gpxtpx:TrackPointExtension>
            <gpxtpx:Extensions>
              <highway>primary</highway>
              <surface>asphalt</surface>
            </gpxtpx:Extensions>
          </gpxtpx:TrackPointExtension>
        </extensions>
      </trkpt>
      <trkpt lat="45.532435" lon="5.992294">
        <ele>321.75</ele>
        <extensions>
          <gpxtpx:TrackPointExtension>
            <gpxtpx:Extensions>
              <highway>primary</highway>
              <surface>asphalt</surface>
              <oneway>yes</oneway>
              <cycleway_right>no</cycleway_right>
            </gpxtpx:Extensions>
          </gpxtpx:TrackPointExtension>
        </extensions>
      </trkpt>
      <trkpt lat="45.531153" lon="5.992432">
        <ele>317.75</ele>
        <extensions>
          <gpxtpx:TrackPointExtension>
            <gpxtpx:Extensions>
              <highway>primary</highway>
              <surface>asphalt</surface>
              <oneway>yes</oneway>
              <cycleway_right>no</cycleway_right>
            </gpxtpx:Extensions>
          </gpxtpx:TrackPointExtension>
        </extensions>
      </trkpt>
      <trkpt lat="45.530637" lon="5.992519">
        <ele>317.25</ele>
        <extensions>
          <gpxtpx:TrackPointExtension>
            <gpxtpx:Extensions>
              <highway>primary</highway>
              <surface>asphalt</surface>
              <oneway>yes</oneway>
              <cycleway_right>no</cycleway_right>
            </gpxtpx:Extensions>
          </gpxtpx:TrackPointExtension>
        </extensions>
      </trkpt>
      <trkpt lat="45.530601" lon="5.992525">
        <ele>317.25</ele>
        <extensions>
          <gpxtpx:TrackPointExtension>
            <gpxtpx:Extensions>
              <highway>primary</highway>
              <surface>asphalt</surface>
              <oneway>yes</oneway>
              <cycleway_right>no</cycleway_right>
            </gpxtpx:Extensions>
          </gpxtpx:TrackPointExtension>
        </extensions>
      </trkpt>
      <trkpt lat="45.530498" lon="5.992543">
        <ele>317.5</ele>
        <extensions>
          <gpxtpx:TrackPointExtension>
            <gpxtpx:Extensions>
              <highway>primary</highway>
              <surface>asphalt</surface>
              <oneway>yes</oneway>
              <cycleway_right>no</cycleway_right>
            </gpxtpx:Extensions>
          </gpxtpx:TrackPointExtension>
        </extensions>
      </trkpt>
      <trkpt lat="45.530281" lon="5.992552">
        <ele>317.5</ele>
        <extensions>
          <gpxtpx:TrackPointExtension>
            <gpxtpx:Extensions>
              <highway>primary</highway>
              <surface>asphalt</surface>
              <oneway>yes</oneway>
              <cycleway_right>no</cycleway_right>
            </gpxtpx:Extensions>
          </gpxtpx:TrackPointExtension>
        </extensions>
      </trkpt>
      <trkpt lat="45.530015" lon="5.992564">
        <ele>317.75</ele>
        <extensions>
          <gpxtpx:TrackPointExtension>
            <gpxtpx:Extensions>
              <highway>primary</highway>
              <surface>asphalt</surface>
              <oneway>yes</oneway>
              <cycleway_right>no</cycleway_right>
            </gpxtpx:Extensions>
          </gpxtpx:TrackPointExtension>
        </extensions>
      </trkpt>
      <trkpt lat="45.529043" lon="5.992635">
        <ele>316.25</ele>
        <extensions>
          <gpxtpx:TrackPointExtension>
            <gpxtpx:Extensions>
              <highway>primary</highway>
              <surface>asphalt</surface>
            </gpxtpx:Extensions>
          </gpxtpx:TrackPointExtension>
        </extensions>
      </trkpt>
      <trkpt lat="45.528232" lon="5.992695">
        <ele>314.5</ele>
        <extensions>
          <gpxtpx:TrackPointExtension>
            <gpxtpx:Extensions>
              <highway>primary</highway>
              <surface>asphalt</surface>
            </gpxtpx:Extensions>
          </gpxtpx:TrackPointExtension>
        </extensions>
      </trkpt>
      <trkpt lat="45.52809" lon="5.992705">
        <ele>314.25</ele>
        <extensions>
          <gpxtpx:TrackPointExtension>
            <gpxtpx:Extensions>
              <highway>primary</highway>
              <surface>asphalt</surface>
            </gpxtpx:Extensions>
          </gpxtpx:TrackPointExtension>
        </extensions>
      </trkpt>
      <trkpt lat="45.527438" lon="5.992753">
        <ele>313</ele>
        <extensions>
          <gpxtpx:TrackPointExtension>
            <gpxtpx:Extensions>
              <highway>primary</highway>
              <surface>asphalt</surface>
            </gpxtpx:Extensions>
          </gpxtpx:TrackPointExtension>
        </extensions>
      </trkpt>
      <trkpt lat="45.527222" lon="5.992786">
        <ele>313.5</ele>
        <extensions>
          <gpxtpx:TrackPointExtension>
            <gpxtpx:Extensions>
              <highway>primary</highway>
              <surface>asphalt</surface>
            </gpxtpx:Extensions>
          </gpxtpx:TrackPointExtension>
        </extensions>
      </trkpt>
      <trkpt lat="45.527168" lon="5.992798">
        <ele>313.5</ele>
        <extensions>
          <gpxtpx:TrackPointExtension>
            <gpxtpx:Extensions>
              <highway>primary</highway>
              <surface>asphalt</surface>
            </gpxtpx:Extensions>
          </gpxtpx:TrackPointExtension>
        </extensions>
      </trkpt>
      <trkpt lat="45.52678" lon="5.992881">
        <ele>314.25</ele>
        <extensions>
          <gpxtpx:TrackPointExtension>
            <gpxtpx:Extensions>
              <highway>primary</highway>
              <surface>asphalt</surface>
            </gpxtpx:Extensions>
          </gpxtpx:TrackPointExtension>
        </extensions>
      </trkpt>
      <trkpt lat="45.526315" lon="5.993037">
        <ele>314</ele>
        <extensions>
          <gpxtpx:TrackPointExtension>
            <gpxtpx:Extensions>
              <highway>primary</highway>
              <surface>asphalt</surface>
            </gpxtpx:Extensions>
          </gpxtpx:TrackPointExtension>
        </extensions>
      </trkpt>
      <trkpt lat="45.525873" lon="5.993233">
        <ele>312.5</ele>
        <extensions>
          <gpxtpx:TrackPointExtension>
            <gpxtpx:Extensions>
              <highway>primary</highway>
              <surface>asphalt</surface>
            </gpxtpx:Extensions>
          </gpxtpx:TrackPointExtension>
        </extensions>
      </trkpt>
      <trkpt lat="45.525515" lon="5.993446">
        <ele>310.5</ele>
        <extensions>
          <gpxtpx:TrackPointExtension>
            <gpxtpx:Extensions>
              <highway>primary</highway>
              <surface>asphalt</surface>
            </gpxtpx:Extensions>
          </gpxtpx:TrackPointExtension>
        </extensions>
      </trkpt>
      <trkpt lat="45.52508" lon="5.993704">
        <ele>308.75</ele>
        <extensions>
          <gpxtpx:TrackPointExtension>
            <gpxtpx:Extensions>
              <highway>primary</highway>
              <surface>asphalt</surface>
            </gpxtpx:Extensions>
          </gpxtpx:TrackPointExtension>
        </extensions>
      </trkpt>
      <trkpt lat="45.524597" lon="5.994018">
        <ele>308.25</ele>
        <extensions>
          <gpxtpx:TrackPointExtension>
            <gpxtpx:Extensions>
              <highway>primary</highway>
              <surface>asphalt</surface>
            </gpxtpx:Extensions>
          </gpxtpx:TrackPointExtension>
        </extensions>
      </trkpt>
      <trkpt lat="45.522824" lon="5.995144">
        <ele>304.25</ele>
        <extensions>
          <gpxtpx:TrackPointExtension>
            <gpxtpx:Extensions>
              <highway>primary</highway>
              <surface>asphalt</surface>
            </gpxtpx:Extensions>
          </gpxtpx:TrackPointExtension>
        </extensions>
      </trkpt>
      <trkpt lat="45.522168" lon="5.995691">
        <ele>303.75</ele>
        <extensions>
          <gpxtpx:TrackPointExtension>
            <gpxtpx:Extensions>
              <highway>primary</highway>
              <surface>asphalt</surface>
            </gpxtpx:Extensions>
          </gpxtpx:TrackPointExtension>
        </extensions>
      </trkpt>
      <trkpt lat="45.521647" lon="5.996282">
        <ele>302.25</ele>
        <extensions>
          <gpxtpx:TrackPointExtension>
            <gpxtpx:Extensions>
              <highway>primary</highway>
              <surface>asphalt</surface>
            </gpxtpx:Extensions>
          </gpxtpx:TrackPointExtension>
        </extensions>
      </trkpt>
      <trkpt lat="45.52107" lon="5.99708">
        <ele>300.5</ele>
        <extensions>
          <gpxtpx:TrackPointExtension>
            <gpxtpx:Extensions>
              <highway>primary</highway>
              <surface>asphalt</surface>
            </gpxtpx:Extensions>
          </gpxtpx:TrackPointExtension>
        </extensions>
      </trkpt>
      <trkpt lat="45.519903" lon="5.99875">
        <ele>296.25</ele>
        <extensions>
          <gpxtpx:TrackPointExtension>
            <gpxtpx:Extensions>
              <highway>primary</highway>
              <surface>asphalt</surface>
            </gpxtpx:Extensions>
          </gpxtpx:TrackPointExtension>
        </extensions>
      </trkpt>
      <trkpt lat="45.519715" lon="5.999058">
        <ele>296</ele>
        <extensions>
          <gpxtpx:TrackPointExtension>
            <gpxtpx:Extensions>
              <highway>primary</highway>
              <surface>asphalt</surface>
              <oneway>yes</oneway>
              <cycleway_right>lane</cycleway_right>
            </gpxtpx:Extensions>
          </gpxtpx:TrackPointExtension>
        </extensions>
      </trkpt>
      <trkpt lat="45.519364" lon="5.999593">
        <ele>297</ele>
        <extensions>
          <gpxtpx:TrackPointExtension>
            <gpxtpx:Extensions>
              <highway>primary</highway>
              <surface>asphalt</surface>
              <oneway>yes</oneway>
              <cycleway_right>lane</cycleway_right>
            </gpxtpx:Extensions>
          </gpxtpx:TrackPointExtension>
        </extensions>
      </trkpt>
      <trkpt lat="45.518468" lon="6.000896">
        <ele>298</ele>
        <extensions>
          <gpxtpx:TrackPointExtension>
            <gpxtpx:Extensions>
              <highway>primary</highway>
              <surface>asphalt</surface>
              <oneway>yes</oneway>
              <cycleway_right>lane</cycleway_right>
            </gpxtpx:Extensions>
          </gpxtpx:TrackPointExtension>
        </extensions>
      </trkpt>
      <trkpt lat="45.518424" lon="6.00095">
        <ele>298</ele>
        <extensions>
          <gpxtpx:TrackPointExtension>
            <gpxtpx:Extensions>
              <highway>primary</highway>
              <surface>asphalt</surface>
              <oneway>yes</oneway>
              <cycleway_right>lane</cycleway_right>
            </gpxtpx:Extensions>
          </gpxtpx:TrackPointExtension>
        </extensions>
      </trkpt>
      <trkpt lat="45.518384" lon="6.001005">
        <ele>298</ele>
        <extensions>
          <gpxtpx:TrackPointExtension>
            <gpxtpx:Extensions>
              <highway>primary</highway>
              <surface>asphalt</surface>
              <oneway>yes</oneway>
              <cycleway_right>lane</cycleway_right>
            </gpxtpx:Extensions>
          </gpxtpx:TrackPointExtension>
        </extensions>
      </trkpt>
      <trkpt lat="45.51831" lon="6.001111">
        <ele>297.75</ele>
        <extensions>
          <gpxtpx:TrackPointExtension>
            <gpxtpx:Extensions>
              <highway>primary</highway>
              <surface>asphalt</surface>
              <oneway>yes</oneway>
              <cycleway_right>lane</cycleway_right>
            </gpxtpx:Extensions>
          </gpxtpx:TrackPointExtension>
        </extensions>
      </trkpt>
      <trkpt lat="45.518077" lon="6.001443">
        <ele>297.5</ele>
        <extensions>
          <gpxtpx:TrackPointExtension>
            <gpxtpx:Extensions>
              <highway>primary</highway>
              <surface>asphalt</surface>
              <oneway>yes</oneway>
              <cycleway_right>lane</cycleway_right>
            </gpxtpx:Extensions>
          </gpxtpx:TrackPointExtension>
        </extensions>
      </trkpt>
      <trkpt lat="45.51791" lon="6.001683">
        <ele>297.5</ele>
        <extensions>
          <gpxtpx:TrackPointExtension>
            <gpxtpx:Extensions>
              <highway>primary</highway>
              <surface>asphalt</surface>
              <oneway>yes</oneway>
              <cycleway_right>lane</cycleway_right>
            </gpxtpx:Extensions>
          </gpxtpx:TrackPointExtension>
        </extensions>
      </trkpt>
      <trkpt lat="45.517733" lon="6.001934">
        <ele>297.5</ele>
        <extensions>
          <gpxtpx:TrackPointExtension>
            <gpxtpx:Extensions>
              <highway>primary</highway>
              <surface>asphalt</surface>
              <cycleway>no</cycleway>
              <oneway>yes</oneway>
            </gpxtpx:Extensions>
          </gpxtpx:TrackPointExtension>
        </extensions>
      </trkpt>
      <trkpt lat="45.517475" lon="6.0023">
        <ele>297.75</ele>
        <extensions>
          <gpxtpx:TrackPointExtension>
            <gpxtpx:Extensions>
              <highway>primary</highway>
              <surface>asphalt</surface>
              <cycleway>no</cycleway>
              <oneway>yes</oneway>
            </gpxtpx:Extensions>
          </gpxtpx:TrackPointExtension>
        </extensions>
      </trkpt>
      <trkpt lat="45.51662" lon="6.003476">
        <ele>297.5</ele>
        <extensions>
          <gpxtpx:TrackPointExtension>
            <gpxtpx:Extensions>
              <highway>primary</highway>
              <surface>asphalt</surface>
              <cycleway>no</cycleway>
              <oneway>yes</oneway>
            </gpxtpx:Extensions>
          </gpxtpx:TrackPointExtension>
        </extensions>
      </trkpt>
      <trkpt lat="45.516386" lon="6.003745">
        <ele>297.25</ele>
        <extensions>
          <gpxtpx:TrackPointExtension>
            <gpxtpx:Extensions>
              <highway>primary</highway>
              <surface>asphalt</surface>
              <cycleway>no</cycleway>
              <oneway>yes</oneway>
            </gpxtpx:Extensions>
          </gpxtpx:TrackPointExtension>
        </extensions>
      </trkpt>
      <trkpt lat="45.516225" lon="6.003972">
        <ele>297.25</ele>
        <extensions>
          <gpxtpx:TrackPointExtension>
            <gpxtpx:Extensions>
              <highway>primary</highway>
              <surface>asphalt</surface>
            </gpxtpx:Extensions>
          </gpxtpx:TrackPointExtension>
        </extensions>
      </trkpt>
      <trkpt lat="45.51607" lon="6.004212">
        <ele>297.25</ele>
        <extensions>
          <gpxtpx:TrackPointExtension>
            <gpxtpx:Extensions>
              <highway>primary</highway>
              <surface>asphalt</surface>
            </gpxtpx:Extensions>
          </gpxtpx:TrackPointExtension>
        </extensions>
      </trkpt>
      <trkpt lat="45.515924" lon="6.004495">
        <ele>297.75</ele>
        <extensions>
          <gpxtpx:TrackPointExtension>
            <gpxtpx:Extensions>
              <highway>primary</highway>
              <surface>asphalt</surface>
            </gpxtpx:Extensions>
          </gpxtpx:TrackPointExtension>
        </extensions>
      </trkpt>
      <trkpt lat="45.51583" lon="6.004766">
        <ele>297.75</ele>
        <extensions>
          <gpxtpx:TrackPointExtension>
            <gpxtpx:Extensions>
              <highway>primary</highway>
              <surface>asphalt</surface>
            </gpxtpx:Extensions>
          </gpxtpx:TrackPointExtension>
        </extensions>
      </trkpt>
      <trkpt lat="45.515708" lon="6.005231">
        <ele>298</ele>
        <extensions>
          <gpxtpx:TrackPointExtension>
            <gpxtpx:Extensions>
              <highway>primary</highway>
              <surface>asphalt</surface>
            </gpxtpx:Extensions>
          </gpxtpx:TrackPointExtension>
        </extensions>
      </trkpt>
      <trkpt lat="45.515653" lon="6.005401">
        <ele>298.25</ele>
        <extensions>
          <gpxtpx:TrackPointExtension>
            <gpxtpx:Extensions>
              <highway>primary</highway>
              <surface>asphalt</surface>
            </gpxtpx:Extensions>
          </gpxtpx:TrackPointExtension>
        </extensions>
      </trkpt>
      <trkpt lat="45.515558" lon="6.005641">
        <ele>298.5</ele>
        <extensions>
          <gpxtpx:TrackPointExtension>
            <gpxtpx:Extensions>
              <highway>primary</highway>
              <surface>asphalt</surface>
            </gpxtpx:Extensions>
          </gpxtpx:TrackPointExtension>
        </extensions>
      </trkpt>
      <trkpt lat="45.515503" lon="6.005756">
        <ele>298.5</ele>
        <extensions>
          <gpxtpx:TrackPointExtension>
            <gpxtpx:Extensions>
              <highway>primary</highway>
              <surface>asphalt</surface>
            </gpxtpx:Extensions>
          </gpxtpx:TrackPointExtension>
        </extensions>
      </trkpt>
      <trkpt lat="45.515357" lon="6.005992">
        <ele>299</ele>
        <extensions>
          <gpxtpx:TrackPointExtension>
            <gpxtpx:Extensions>
              <highway>primary</highway>
              <surface>asphalt</surface>
            </gpxtpx:Extensions>
          </gpxtpx:TrackPointExtension>
        </extensions>
      </trkpt>
      <trkpt lat="45.515267" lon="6.006102">
        <ele>299.25</ele>
        <extensions>
          <gpxtpx:TrackPointExtension>
            <gpxtpx:Extensions>
              <highway>primary</highway>
              <surface>asphalt</surface>
            </gpxtpx:Extensions>
          </gpxtpx:TrackPointExtension>
        </extensions>
      </trkpt>
      <trkpt lat="45.515176" lon="6.006198">
        <ele>299.5</ele>
        <extensions>
          <gpxtpx:TrackPointExtension>
            <gpxtpx:Extensions>
              <highway>primary</highway>
              <surface>asphalt</surface>
            </gpxtpx:Extensions>
          </gpxtpx:TrackPointExtension>
        </extensions>
      </trkpt>
      <trkpt lat="45.514797" lon="6.006605">
        <ele>299.75</ele>
        <extensions>
          <gpxtpx:TrackPointExtension>
            <gpxtpx:Extensions>
              <highway>primary</highway>
              <surface>asphalt</surface>
            </gpxtpx:Extensions>
          </gpxtpx:TrackPointExtension>
        </extensions>
      </trkpt>
      <trkpt lat="45.514679" lon="6.006738">
        <ele>299.5</ele>
        <extensions>
          <gpxtpx:TrackPointExtension>
            <gpxtpx:Extensions>
              <highway>primary</highway>
              <surface>asphalt</surface>
            </gpxtpx:Extensions>
          </gpxtpx:TrackPointExtension>
        </extensions>
      </trkpt>
      <trkpt lat="45.514504" lon="6.00695">
        <ele>299.25</ele>
        <extensions>
          <gpxtpx:TrackPointExtension>
            <gpxtpx:Extensions>
              <highway>primary</highway>
              <surface>asphalt</surface>
            </gpxtpx:Extensions>
          </gpxtpx:TrackPointExtension>
        </extensions>
      </trkpt>
      <trkpt lat="45.514356" lon="6.007156">
        <ele>298.75</ele>
        <extensions>
          <gpxtpx:TrackPointExtension>
            <gpxtpx:Extensions>
              <highway>primary</highway>
              <surface>asphalt</surface>
            </gpxtpx:Extensions>
          </gpxtpx:TrackPointExtension>
        </extensions>
      </trkpt>
      <trkpt lat="45.5141" lon="6.007614">
        <ele>298</ele>
        <extensions>
          <gpxtpx:TrackPointExtension>
            <gpxtpx:Extensions>
              <highway>primary</highway>
              <surface>asphalt</surface>
            </gpxtpx:Extensions>
          </gpxtpx:TrackPointExtension>
        </extensions>
      </trkpt>
      <trkpt lat="45.513932" lon="6.0079">
        <ele>298.5</ele>
        <extensions>
          <gpxtpx:TrackPointExtension>
            <gpxtpx:Extensions>
              <highway>primary</highway>
              <surface>asphalt</surface>
            </gpxtpx:Extensions>
          </gpxtpx:TrackPointExtension>
        </extensions>
      </trkpt>
      <trkpt lat="45.513773" lon="6.008087">
        <ele>298.25</ele>
        <extensions>
          <gpxtpx:TrackPointExtension>
            <gpxtpx:Extensions>
              <highway>primary</highway>
              <surface>asphalt</surface>
            </gpxtpx:Extensions>
          </gpxtpx:TrackPointExtension>
        </extensions>
      </trkpt>
      <trkpt lat="45.513584" lon="6.008342">
        <ele>297.75</ele>
        <extensions>
          <gpxtpx:TrackPointExtension>
            <gpxtpx:Extensions>
              <highway>primary</highway>
              <surface>asphalt</surface>
              <oneway>yes</oneway>
              <cycleway_right>no</cycleway_right>
            </gpxtpx:Extensions>
          </gpxtpx:TrackPointExtension>
        </extensions>
      </trkpt>
      <trkpt lat="45.513501" lon="6.008482">
        <ele>297.75</ele>
        <extensions>
          <gpxtpx:TrackPointExtension>
            <gpxtpx:Extensions>
              <highway>primary</highway>
              <surface>asphalt</surface>
              <oneway>yes</oneway>
              <cycleway_right>no</cycleway_right>
            </gpxtpx:Extensions>
          </gpxtpx:TrackPointExtension>
        </extensions>
      </trkpt>
      <trkpt lat="45.513458" lon="6.008608">
        <ele>298</ele>
        <extensions>
          <gpxtpx:TrackPointExtension>
            <gpxtpx:Extensions>
              <highway>primary</highway>
              <surface>asphalt</surface>
              <oneway>yes</oneway>
              <cycleway_right>no</cycleway_right>
            </gpxtpx:Extensions>
          </gpxtpx:TrackPointExtension>
        </extensions>
      </trkpt>
      <trkpt lat="45.513426" lon="6.008783">
        <ele>298</ele>
        <extensions>
          <gpxtpx:TrackPointExtension>
            <gpxtpx:Extensions>
              <highway>primary</highway>
              <surface>asphalt</surface>
              <oneway>yes</oneway>
              <cycleway_right>no</cycleway_right>
            </gpxtpx:Extensions>
          </gpxtpx:TrackPointExtension>
        </extensions>
      </trkpt>
      <trkpt lat="45.513416" lon="6.008889">
        <ele>298.25</ele>
        <extensions>
          <gpxtpx:TrackPointExtension>
            <gpxtpx:Extensions>
              <highway>primary</highway>
              <surface>asphalt</surface>
              <junction>roundabout</junction>
              <cycleway_right>no</cycleway_right>
            </gpxtpx:Extensions>
          </gpxtpx:TrackPointExtension>
        </extensions>
      </trkpt>
      <trkpt lat="45.513391" lon="6.00899">
        <ele>298.25</ele>
        <extensions>
          <gpxtpx:TrackPointExtension>
            <gpxtpx:Extensions>
              <highway>primary</highway>
              <surface>asphalt</surface>
              <junction>roundabout</junction>
              <cycleway_right>no</cycleway_right>
            </gpxtpx:Extensions>
          </gpxtpx:TrackPointExtension>
        </extensions>
      </trkpt>
      <trkpt lat="45.513338" lon="6.009106">
        <ele>297.75</ele>
        <extensions>
          <gpxtpx:TrackPointExtension>
            <gpxtpx:Extensions>
              <highway>primary</highway>
              <surface>asphalt</surface>
              <junction>roundabout</junction>
              <cycleway_right>no</cycleway_right>
            </gpxtpx:Extensions>
          </gpxtpx:TrackPointExtension>
        </extensions>
      </trkpt>
      <trkpt lat="45.513266" lon="6.009198">
        <ele>297.5</ele>
        <extensions>
          <gpxtpx:TrackPointExtension>
            <gpxtpx:Extensions>
              <highway>primary</highway>
              <surface>asphalt</surface>
              <junction>roundabout</junction>
              <cycleway_right>no</cycleway_right>
            </gpxtpx:Extensions>
          </gpxtpx:TrackPointExtension>
        </extensions>
      </trkpt>
      <trkpt lat="45.513178" lon="6.00926">
        <ele>297.25</ele>
        <extensions>
          <gpxtpx:TrackPointExtension>
            <gpxtpx:Extensions>
              <highway>primary</highway>
              <surface>asphalt</surface>
              <junction>roundabout</junction>
              <cycleway_right>no</cycleway_right>
            </gpxtpx:Extensions>
          </gpxtpx:TrackPointExtension>
        </extensions>
      </trkpt>
      <trkpt lat="45.513083" lon="6.009286">
        <ele>296.75</ele>
        <extensions>
          <gpxtpx:TrackPointExtension>
            <gpxtpx:Extensions>
              <highway>primary</highway>
              <surface>asphalt</surface>
              <junction>roundabout</junction>
              <cycleway_right>no</cycleway_right>
            </gpxtpx:Extensions>
          </gpxtpx:TrackPointExtension>
        </extensions>
      </trkpt>
      <trkpt lat="45.513014" lon="6.009337">
        <ele>296.25</ele>
        <extensions>
          <gpxtpx:TrackPointExtension>
            <gpxtpx:Extensions>
              <highway>primary</highway>
              <surface>asphalt</surface>
              <oneway>yes</oneway>
              <cycleway_right>no</cycleway_right>
            </gpxtpx:Extensions>
          </gpxtpx:TrackPointExtension>
        </extensions>
      </trkpt>
      <trkpt lat="45.512982" lon="6.009375">
        <ele>296.25</ele>
        <extensions>
          <gpxtpx:TrackPointExtension>
            <gpxtpx:Extensions>
              <highway>primary</highway>
              <surface>asphalt</surface>
              <oneway>yes</oneway>
              <cycleway_right>no</cycleway_right>
            </gpxtpx:Extensions>
          </gpxtpx:TrackPointExtension>
        </extensions>
      </trkpt>
      <trkpt lat="45.512929" lon="6.009496">
        <ele>296</ele>
        <extensions>
          <gpxtpx:TrackPointExtension>
            <gpxtpx:Extensions>
              <highway>primary</highway>
              <surface>asphalt</surface>
              <oneway>yes</oneway>
              <cycleway_right>no</cycleway_right>
            </gpxtpx:Extensions>
          </gpxtpx:TrackPointExtension>
        </extensions>
      </trkpt>
      <trkpt lat="45.512769" lon="6.010023">
        <ele>295.25</ele>
        <extensions>
          <gpxtpx:TrackPointExtension>
            <gpxtpx:Extensions>
              <highway>primary</highway>
              <surface>asphalt</surface>
              <oneway>yes</oneway>
              <cycleway_right>no</cycleway_right>
            </gpxtpx:Extensions>
          </gpxtpx:TrackPointExtension>
        </extensions>
      </trkpt>
      <trkpt lat="45.512615" lon="6.010441">
        <ele>294</ele>
        <extensions>
          <gpxtpx:TrackPointExtension>
            <gpxtpx:Extensions>
              <highway>primary</highway>
              <surface>asphalt</surface>
              <oneway>yes</oneway>
              <cycleway_right>no</cycleway_right>
            </gpxtpx:Extensions>
          </gpxtpx:TrackPointExtension>
        </extensions>
      </trkpt>
      <trkpt lat="45.512513" lon="6.010686">
        <ele>293.25</ele>
        <extensions>
          <gpxtpx:TrackPointExtension>
            <gpxtpx:Extensions>
              <highway>primary</highway>
              <surface>asphalt</surface>
              <oneway>yes</oneway>
              <cycleway_right>no</cycleway_right>
            </gpxtpx:Extensions>
          </gpxtpx:TrackPointExtension>
        </extensions>
      </trkpt>
      <trkpt lat="45.512264" lon="6.011172">
        <ele>292.75</ele>
        <extensions>
          <gpxtpx:TrackPointExtension>
            <gpxtpx:Extensions>
              <highway>primary</highway>
              <surface>asphalt</surface>
              <oneway>yes</oneway>
              <cycleway_right>no</cycleway_right>
            </gpxtpx:Extensions>
          </gpxtpx:TrackPointExtension>
        </extensions>
      </trkpt>
      <trkpt lat="45.511916" lon="6.011812">
        <ele>292.25</ele>
        <extensions>
          <gpxtpx:TrackPointExtension>
            <gpxtpx:Extensions>
              <highway>primary</highway>
              <surface>asphalt</surface>
              <oneway>yes</oneway>
              <cycleway_right>no</cycleway_right>
            </gpxtpx:Extensions>
          </gpxtpx:TrackPointExtension>
        </extensions>
      </trkpt>
      <trkpt lat="45.51189" lon="6.011867">
        <ele>292.25</ele>
        <extensions>
          <gpxtpx:TrackPointExtension>
            <gpxtpx:Extensions>
              <reversedirection>yes</reversedirection>
              <highway>primary</highway>
              <surface>asphalt</surface>
            </gpxtpx:Extensions>
          </gpxtpx:TrackPointExtension>
        </extensions>
      </trkpt>
      <trkpt lat="45.510681" lon="6.014279">
        <ele>292.25</ele>
        <extensions>
          <gpxtpx:TrackPointExtension>
            <gpxtpx:Extensions>
              <reversedirection>yes</reversedirection>
              <highway>primary</highway>
              <surface>asphalt</surface>
            </gpxtpx:Extensions>
          </gpxtpx:TrackPointExtension>
        </extensions>
      </trkpt>
      <trkpt lat="45.508924" lon="6.017653">
        <ele>288</ele>
        <extensions>
          <gpxtpx:TrackPointExtension>
            <gpxtpx:Extensions>
              <reversedirection>yes</reversedirection>
              <highway>primary</highway>
              <surface>asphalt</surface>
            </gpxtpx:Extensions>
          </gpxtpx:TrackPointExtension>
        </extensions>
      </trkpt>
      <trkpt lat="45.508545" lon="6.01848">
        <ele>286.75</ele>
        <extensions>
          <gpxtpx:TrackPointExtension>
            <gpxtpx:Extensions>
              <reversedirection>yes</reversedirection>
              <highway>primary</highway>
              <surface>asphalt</surface>
            </gpxtpx:Extensions>
          </gpxtpx:TrackPointExtension>
        </extensions>
      </trkpt>
      <trkpt lat="45.508364" lon="6.018919">
        <ele>288</ele>
        <extensions>
          <gpxtpx:TrackPointExtension>
            <gpxtpx:Extensions>
              <reversedirection>yes</reversedirection>
              <highway>primary</highway>
              <surface>asphalt</surface>
            </gpxtpx:Extensions>
          </gpxtpx:TrackPointExtension>
        </extensions>
      </trkpt>
      <trkpt lat="45.508172" lon="6.01949">
        <ele>288.5</ele>
        <extensions>
          <gpxtpx:TrackPointExtension>
            <gpxtpx:Extensions>
              <reversedirection>yes</reversedirection>
              <highway>primary</highway>
              <surface>asphalt</surface>
            </gpxtpx:Extensions>
          </gpxtpx:TrackPointExtension>
        </extensions>
      </trkpt>
      <trkpt lat="45.508074" lon="6.01986">
        <ele>287.75</ele>
        <extensions>
          <gpxtpx:TrackPointExtension>
            <gpxtpx:Extensions>
              <reversedirection>yes</reversedirection>
              <highway>primary</highway>
              <surface>asphalt</surface>
            </gpxtpx:Extensions>
          </gpxtpx:TrackPointExtension>
        </extensions>
      </trkpt>
      <trkpt lat="45.507704" lon="6.021696">
        <ele>288.5</ele>
        <extensions>
          <gpxtpx:TrackPointExtension>
            <gpxtpx:Extensions>
              <reversedirection>yes</reversedirection>
              <highway>primary</highway>
              <surface>asphalt</surface>
            </gpxtpx:Extensions>
          </gpxtpx:TrackPointExtension>
        </extensions>
      </trkpt>
      <trkpt lat="45.507302" lon="6.023658">
        <ele>286</ele>
        <extensions>
          <gpxtpx:TrackPointExtension>
            <gpxtpx:Extensions>
              <reversedirection>yes</reversedirection>
              <highway>primary</highway>
              <surface>asphalt</surface>
            </gpxtpx:Extensions>
          </gpxtpx:TrackPointExtension>
        </extensions>
      </trkpt>
      <trkpt lat="45.50673" lon="6.026392">
        <ele>289.25</ele>
        <extensions>
          <gpxtpx:TrackPointExtension>
            <gpxtpx:Extensions>
              <reversedirection>yes</reversedirection>
              <highway>primary</highway>
              <surface>asphalt</surface>
            </gpxtpx:Extensions>
          </gpxtpx:TrackPointExtension>
        </extensions>
      </trkpt>
      <trkpt lat="45.506165" lon="6.029181">
        <ele>283</ele>
        <extensions>
          <gpxtpx:TrackPointExtension>
            <gpxtpx:Extensions>
              <reversedirection>yes</reversedirection>
              <highway>primary</highway>
              <surface>asphalt</surface>
            </gpxtpx:Extensions>
          </gpxtpx:TrackPointExtension>
        </extensions>
      </trkpt>
      <trkpt lat="45.505603" lon="6.031866">
        <ele>284.75</ele>
        <extensions>
          <gpxtpx:TrackPointExtension>
            <gpxtpx:Extensions>
              <reversedirection>yes</reversedirection>
              <highway>primary</highway>
              <surface>asphalt</surface>
            </gpxtpx:Extensions>
          </gpxtpx:TrackPointExtension>
        </extensions>
      </trkpt>
      <trkpt lat="45.505107" lon="6.034326">
        <ele>283.25</ele>
        <extensions>
          <gpxtpx:TrackPointExtension>
            <gpxtpx:Extensions>
              <reversedirection>yes</reversedirection>
              <highway>primary</highway>
              <surface>asphalt</surface>
            </gpxtpx:Extensions>
          </gpxtpx:TrackPointExtension>
        </extensions>
      </trkpt>
      <trkpt lat="45.504577" lon="6.037012">
        <ele>283.75</ele>
        <extensions>
          <gpxtpx:TrackPointExtension>
            <gpxtpx:Extensions>
              <reversedirection>yes</reversedirection>
              <highway>primary</highway>
              <surface>asphalt</surface>
            </gpxtpx:Extensions>
          </gpxtpx:TrackPointExtension>
        </extensions>
      </trkpt>
      <trkpt lat="45.504349" lon="6.03812">
        <ele>283.75</ele>
        <extensions>
          <gpxtpx:TrackPointExtension>
            <gpxtpx:Extensions>
              <reversedirection>yes</reversedirection>
              <highway>primary</highway>
              <surface>asphalt</surface>
              <smoothness>good</smoothness>
            </gpxtpx:Extensions>
          </gpxtpx:TrackPointExtension>
        </extensions>
      </trkpt>
      <trkpt lat="45.504314" lon="6.038288">
        <ele>283.5</ele>
        <extensions>
          <gpxtpx:TrackPointExtension>
            <gpxtpx:Extensions>
              <reversedirection>yes</reversedirection>
              <highway>primary</highway>
              <surface>asphalt</surface>
              <smoothness>good</smoothness>
            </gpxtpx:Extensions>
          </gpxtpx:TrackPointExtension>
        </extensions>
      </trkpt>
      <trkpt lat="45.504302" lon="6.038411">
        <ele>283.5</ele>
        <extensions>
          <gpxtpx:TrackPointExtension>
            <gpxtpx:Extensions>
              <highway>primary</highway>
              <surface>asphalt</surface>
              <oneway>yes</oneway>
              <cycleway_right>no</cycleway_right>
            </gpxtpx:Extensions>
          </gpxtpx:TrackPointExtension>
        </extensions>
      </trkpt>
      <trkpt lat="45.504278" lon="6.038539">
        <ele>283.5</ele>
        <extensions>
          <gpxtpx:TrackPointExtension>
            <gpxtpx:Extensions>
              <highway>primary</highway>
              <surface>asphalt</surface>
              <oneway>yes</oneway>
              <cycleway_right>no</cycleway_right>
            </gpxtpx:Extensions>
          </gpxtpx:TrackPointExtension>
        </extensions>
      </trkpt>
      <trkpt lat="45.504247" lon="6.038652">
        <ele>283.25</ele>
        <extensions>
          <gpxtpx:TrackPointExtension>
            <gpxtpx:Extensions>
              <highway>primary</highway>
              <surface>asphalt</surface>
              <oneway>yes</oneway>
              <cycleway_right>no</cycleway_right>
            </gpxtpx:Extensions>
          </gpxtpx:TrackPointExtension>
        </extensions>
      </trkpt>
      <trkpt lat="45.504211" lon="6.038748">
        <ele>282.75</ele>
        <extensions>
          <gpxtpx:TrackPointExtension>
            <gpxtpx:Extensions>
              <highway>primary</highway>
              <surface>asphalt</surface>
              <oneway>yes</oneway>
              <cycleway_right>no</cycleway_right>
            </gpxtpx:Extensions>
          </gpxtpx:TrackPointExtension>
        </extensions>
      </trkpt>
      <trkpt lat="45.504161" lon="6.038854">
        <ele>282.5</ele>
        <extensions>
          <gpxtpx:TrackPointExtension>
            <gpxtpx:Extensions>
              <highway>primary</highway>
              <surface>asphalt</surface>
              <oneway>yes</oneway>
              <cycleway_right>no</cycleway_right>
            </gpxtpx:Extensions>
          </gpxtpx:TrackPointExtension>
        </extensions>
      </trkpt>
      <trkpt lat="45.504158" lon="6.038918">
        <ele>282.5</ele>
        <extensions>
          <gpxtpx:TrackPointExtension>
            <gpxtpx:Extensions>
              <highway>primary</highway>
              <surface>asphalt</surface>
              <oneway>yes</oneway>
              <cycleway_right>no</cycleway_right>
            </gpxtpx:Extensions>
          </gpxtpx:TrackPointExtension>
        </extensions>
      </trkpt>
      <trkpt lat="45.504172" lon="6.03899">
        <ele>282.75</ele>
        <extensions>
          <gpxtpx:TrackPointExtension>
            <gpxtpx:Extensions>
              <highway>primary</highway>
              <surface>asphalt</surface>
              <junction>roundabout</junction>
              <route_bicycle_ncn>yes</route_bicycle_ncn>
            </gpxtpx:Extensions>
          </gpxtpx:TrackPointExtension>
        </extensions>
      </trkpt>
      <trkpt lat="45.504173" lon="6.039065">
        <ele>282.75</ele>
        <extensions>
          <gpxtpx:TrackPointExtension>
            <gpxtpx:Extensions>
              <highway>primary</highway>
              <surface>asphalt</surface>
              <junction>roundabout</junction>
              <route_bicycle_ncn>yes</route_bicycle_ncn>
            </gpxtpx:Extensions>
          </gpxtpx:TrackPointExtension>
        </extensions>
      </trkpt>
      <trkpt lat="45.504161" lon="6.039138">
        <ele>282.75</ele>
        <extensions>
          <gpxtpx:TrackPointExtension>
            <gpxtpx:Extensions>
              <highway>primary</highway>
              <surface>asphalt</surface>
              <junction>roundabout</junction>
              <route_bicycle_ncn>yes</route_bicycle_ncn>
            </gpxtpx:Extensions>
          </gpxtpx:TrackPointExtension>
        </extensions>
      </trkpt>
      <trkpt lat="45.504135" lon="6.039204">
        <ele>283</ele>
        <extensions>
          <gpxtpx:TrackPointExtension>
            <gpxtpx:Extensions>
              <highway>primary</highway>
              <surface>asphalt</surface>
              <junction>roundabout</junction>
              <route_bicycle_ncn>yes</route_bicycle_ncn>
            </gpxtpx:Extensions>
          </gpxtpx:TrackPointExtension>
        </extensions>
      </trkpt>
      <trkpt lat="45.504127" lon="6.03927">
        <ele>283</ele>
        <extensions>
          <gpxtpx:TrackPointExtension>
            <gpxtpx:Extensions>
              <highway>tertiary</highway>
              <surface>asphalt</surface>
              <oneway>yes</oneway>
              <route_bicycle_ncn>yes</route_bicycle_ncn>
            </gpxtpx:Extensions>
          </gpxtpx:TrackPointExtension>
        </extensions>
      </trkpt>
      <trkpt lat="45.504138" lon="6.039345">
        <ele>283</ele>
        <extensions>
          <gpxtpx:TrackPointExtension>
            <gpxtpx:Extensions>
              <highway>tertiary</highway>
              <surface>asphalt</surface>
              <oneway>yes</oneway>
              <route_bicycle_ncn>yes</route_bicycle_ncn>
            </gpxtpx:Extensions>
          </gpxtpx:TrackPointExtension>
        </extensions>
      </trkpt>
      <trkpt lat="45.504133" lon="6.039403">
        <ele>283</ele>
        <extensions>
          <gpxtpx:TrackPointExtension>
            <gpxtpx:Extensions>
              <highway>tertiary</highway>
              <surface>asphalt</surface>
              <oneway>yes</oneway>
              <route_bicycle_ncn>yes</route_bicycle_ncn>
            </gpxtpx:Extensions>
          </gpxtpx:TrackPointExtension>
        </extensions>
      </trkpt>
      <trkpt lat="45.504116" lon="6.039459">
        <ele>283</ele>
        <extensions>
          <gpxtpx:TrackPointExtension>
            <gpxtpx:Extensions>
              <highway>tertiary</highway>
              <surface>asphalt</surface>
              <oneway>yes</oneway>
              <route_bicycle_ncn>yes</route_bicycle_ncn>
            </gpxtpx:Extensions>
          </gpxtpx:TrackPointExtension>
        </extensions>
      </trkpt>
      <trkpt lat="45.504071" lon="6.03963">
        <ele>283.25</ele>
        <extensions>
          <gpxtpx:TrackPointExtension>
            <gpxtpx:Extensions>
              <highway>tertiary</highway>
              <surface>asphalt</surface>
              <oneway>yes</oneway>
              <route_bicycle_ncn>yes</route_bicycle_ncn>
            </gpxtpx:Extensions>
          </gpxtpx:TrackPointExtension>
        </extensions>
      </trkpt>
      <trkpt lat="45.503938" lon="6.040064">
        <ele>284</ele>
        <extensions>
          <gpxtpx:TrackPointExtension>
            <gpxtpx:Extensions>
              <highway>tertiary</highway>
              <surface>asphalt</surface>
            </gpxtpx:Extensions>
          </gpxtpx:TrackPointExtension>
        </extensions>
      </trkpt>
      <trkpt lat="45.503886" lon="6.040216">
        <ele>284</ele>
        <extensions>
          <gpxtpx:TrackPointExtension>
            <gpxtpx:Extensions>
              <highway>tertiary</highway>
              <surface>asphalt</surface>
            </gpxtpx:Extensions>
          </gpxtpx:TrackPointExtension>
        </extensions>
      </trkpt>
      <trkpt lat="45.503839" lon="6.040324">
        <ele>284</ele>
        <extensions>
          <gpxtpx:TrackPointExtension>
            <gpxtpx:Extensions>
              <highway>tertiary</highway>
              <surface>asphalt</surface>
            </gpxtpx:Extensions>
          </gpxtpx:TrackPointExtension>
        </extensions>
      </trkpt>
      <trkpt lat="45.503792" lon="6.040422">
        <ele>284.25</ele>
        <extensions>
          <gpxtpx:TrackPointExtension>
            <gpxtpx:Extensions>
              <highway>tertiary</highway>
              <surface>asphalt</surface>
            </gpxtpx:Extensions>
          </gpxtpx:TrackPointExtension>
        </extensions>
      </trkpt>
      <trkpt lat="45.503252" lon="6.041355">
        <ele>287</ele>
        <extensions>
          <gpxtpx:TrackPointExtension>
            <gpxtpx:Extensions>
              <highway>tertiary</highway>
              <surface>asphalt</surface>
            </gpxtpx:Extensions>
          </gpxtpx:TrackPointExtension>
        </extensions>
      </trkpt>
      <trkpt lat="45.503105" lon="6.041664">
        <ele>288.25</ele>
        <extensions>
          <gpxtpx:TrackPointExtension>
            <gpxtpx:Extensions>
              <highway>tertiary</highway>
              <surface>asphalt</surface>
            </gpxtpx:Extensions>
          </gpxtpx:TrackPointExtension>
        </extensions>
      </trkpt>
      <trkpt lat="45.50299" lon="6.042036">
        <ele>287.25</ele>
        <extensions>
          <gpxtpx:TrackPointExtension>
            <gpxtpx:Extensions>
              <highway>tertiary</highway>
              <surface>asphalt</surface>
            </gpxtpx:Extensions>
          </gpxtpx:TrackPointExtension>
        </extensions>
      </trkpt>
      <trkpt lat="45.502814" lon="6.042728">
        <ele>285</ele>
        <extensions>
          <gpxtpx:TrackPointExtension>
            <gpxtpx:Extensions>
              <highway>tertiary</highway>
              <surface>asphalt</surface>
            </gpxtpx:Extensions>
          </gpxtpx:TrackPointExtension>
        </extensions>
      </trkpt>
      <trkpt lat="45.502753" lon="6.04289">
        <ele>285</ele>
        <extensions>
          <gpxtpx:TrackPointExtension>
            <gpxtpx:Extensions>
              <highway>tertiary</highway>
              <surface>asphalt</surface>
            </gpxtpx:Extensions>
          </gpxtpx:TrackPointExtension>
        </extensions>
      </trkpt>
      <trkpt lat="45.502718" lon="6.042958">
        <ele>285</ele>
        <extensions>
          <gpxtpx:TrackPointExtension>
            <gpxtpx:Extensions>
              <highway>tertiary</highway>
              <surface>asphalt</surface>
            </gpxtpx:Extensions>
          </gpxtpx:TrackPointExtension>
        </extensions>
      </trkpt>
      <trkpt lat="45.502583" lon="6.043197">
        <ele>285</ele>
        <extensions>
          <gpxtpx:TrackPointExtension>
            <gpxtpx:Extensions>
              <highway>tertiary</highway>
              <surface>asphalt</surface>
            </gpxtpx:Extensions>
          </gpxtpx:TrackPointExtension>
        </extensions>
      </trkpt>
      <trkpt lat="45.502427" lon="6.043393">
        <ele>284.75</ele>
        <extensions>
          <gpxtpx:TrackPointExtension>
            <gpxtpx:Extensions>
              <highway>tertiary</highway>
              <surface>asphalt</surface>
            </gpxtpx:Extensions>
          </gpxtpx:TrackPointExtension>
        </extensions>
      </trkpt>
      <trkpt lat="45.50227" lon="6.043576">
        <ele>285</ele>
        <extensions>
          <gpxtpx:TrackPointExtension>
            <gpxtpx:Extensions>
              <highway>tertiary</highway>
              <surface>asphalt</surface>
            </gpxtpx:Extensions>
          </gpxtpx:TrackPointExtension>
        </extensions>
      </trkpt>
      <trkpt lat="45.502075" lon="6.043767">
        <ele>285</ele>
        <extensions>
          <gpxtpx:TrackPointExtension>
            <gpxtpx:Extensions>
              <highway>tertiary</highway>
              <surface>asphalt</surface>
            </gpxtpx:Extensions>
          </gpxtpx:TrackPointExtension>
        </extensions>
      </trkpt>
      <trkpt lat="45.501835" lon="6.043972">
        <ele>284.75</ele>
        <extensions>
          <gpxtpx:TrackPointExtension>
            <gpxtpx:Extensions>
              <highway>tertiary</highway>
              <surface>asphalt</surface>
            </gpxtpx:Extensions>
          </gpxtpx:TrackPointExtension>
        </extensions>
      </trkpt>
      <trkpt lat="45.501598" lon="6.044054">
        <ele>284.75</ele>
        <extensions>
          <gpxtpx:TrackPointExtension>
            <gpxtpx:Extensions>
              <highway>tertiary</highway>
              <surface>asphalt</surface>
            </gpxtpx:Extensions>
          </gpxtpx:TrackPointExtension>
        </extensions>
      </trkpt>
      <trkpt lat="45.50147" lon="6.044073">
        <ele>284.75</ele>
        <extensions>
          <gpxtpx:TrackPointExtension>
            <gpxtpx:Extensions>
              <highway>tertiary</highway>
              <surface>asphalt</surface>
            </gpxtpx:Extensions>
          </gpxtpx:TrackPointExtension>
        </extensions>
      </trkpt>
      <trkpt lat="45.501256" lon="6.044049">
        <ele>284.5</ele>
        <extensions>
          <gpxtpx:TrackPointExtension>
            <gpxtpx:Extensions>
              <highway>tertiary</highway>
              <surface>asphalt</surface>
            </gpxtpx:Extensions>
          </gpxtpx:TrackPointExtension>
        </extensions>
      </trkpt>
      <trkpt lat="45.501095" lon="6.044032">
        <ele>284.5</ele>
        <extensions>
          <gpxtpx:TrackPointExtension>
            <gpxtpx:Extensions>
              <highway>tertiary</highway>
              <surface>asphalt</surface>
            </gpxtpx:Extensions>
          </gpxtpx:TrackPointExtension>
        </extensions>
      </trkpt>
      <trkpt lat="45.5009" lon="6.044016">
        <ele>284.25</ele>
        <extensions>
          <gpxtpx:TrackPointExtension>
            <gpxtpx:Extensions>
              <highway>tertiary</highway>
              <surface>asphalt</surface>
            </gpxtpx:Extensions>
          </gpxtpx:TrackPointExtension>
        </extensions>
      </trkpt>
      <trkpt lat="45.500804" lon="6.044059">
        <ele>284.5</ele>
        <extensions>
          <gpxtpx:TrackPointExtension>
            <gpxtpx:Extensions>
              <highway>tertiary</highway>
              <surface>asphalt</surface>
              <oneway>yes</oneway>
            </gpxtpx:Extensions>
          </gpxtpx:TrackPointExtension>
        </extensions>
      </trkpt>
      <trkpt lat="45.500651" lon="6.044182">
        <ele>285.75</ele>
        <extensions>
          <gpxtpx:TrackPointExtension>
            <gpxtpx:Extensions>
              <highway>tertiary</highway>
              <surface>asphalt</surface>
              <oneway>yes</oneway>
              <cycleway_right>no</cycleway_right>
            </gpxtpx:Extensions>
          </gpxtpx:TrackPointExtension>
        </extensions>
      </trkpt>
      <trkpt lat="45.500475" lon="6.044361">
        <ele>286.75</ele>
        <extensions>
          <gpxtpx:TrackPointExtension>
            <gpxtpx:Extensions>
              <highway>tertiary</highway>
              <surface>asphalt</surface>
              <oneway>yes</oneway>
              <cycleway_right>no</cycleway_right>
            </gpxtpx:Extensions>
          </gpxtpx:TrackPointExtension>
        </extensions>
      </trkpt>
      <trkpt lat="45.500411" lon="6.044504">
        <ele>287</ele>
        <extensions>
          <gpxtpx:TrackPointExtension>
            <gpxtpx:Extensions>
              <reversedirection>yes</reversedirection>
              <highway>secondary</highway>
              <surface>asphalt</surface>
              <route_bicycle_lcn>yes</route_bicycle_lcn>
            </gpxtpx:Extensions>
          </gpxtpx:TrackPointExtension>
        </extensions>
      </trkpt>
      <trkpt lat="45.500265" lon="6.044872">
        <ele>287.5</ele>
        <extensions>
          <gpxtpx:TrackPointExtension>
            <gpxtpx:Extensions>
              <reversedirection>yes</reversedirection>
              <highway>secondary</highway>
              <surface>asphalt</surface>
              <route_bicycle_lcn>yes</route_bicycle_lcn>
            </gpxtpx:Extensions>
          </gpxtpx:TrackPointExtension>
        </extensions>
      </trkpt>
      <trkpt lat="45.500233" lon="6.045021">
        <ele>287.75</ele>
        <extensions>
          <gpxtpx:TrackPointExtension>
            <gpxtpx:Extensions>
              <highway>secondary</highway>
              <surface>asphalt</surface>
              <oneway>yes</oneway>
              <route_bicycle_lcn>yes</route_bicycle_lcn>
            </gpxtpx:Extensions>
          </gpxtpx:TrackPointExtension>
        </extensions>
      </trkpt>
      <trkpt lat="45.500218" lon="6.045234">
        <ele>288</ele>
        <extensions>
          <gpxtpx:TrackPointExtension>
            <gpxtpx:Extensions>
              <highway>secondary</highway>
              <surface>asphalt</surface>
              <oneway>yes</oneway>
              <route_bicycle_lcn>yes</route_bicycle_lcn>
            </gpxtpx:Extensions>
          </gpxtpx:TrackPointExtension>
        </extensions>
      </trkpt>
      <trkpt lat="45.50024" lon="6.045263">
        <ele>288</ele>
        <extensions>
          <gpxtpx:TrackPointExtension>
            <gpxtpx:Extensions>
              <highway>secondary</highway>
              <surface>asphalt</surface>
              <junction>roundabout</junction>
              <route_bicycle_lcn>yes</route_bicycle_lcn>
            </gpxtpx:Extensions>
          </gpxtpx:TrackPointExtension>
        </extensions>
      </trkpt>
      <trkpt lat="45.50026" lon="6.045318">
        <ele>288.25</ele>
        <extensions>
          <gpxtpx:TrackPointExtension>
            <gpxtpx:Extensions>
              <highway>secondary</highway>
              <surface>asphalt</surface>
              <junction>roundabout</junction>
              <route_bicycle_lcn>yes</route_bicycle_lcn>
            </gpxtpx:Extensions>
          </gpxtpx:TrackPointExtension>
        </extensions>
      </trkpt>
      <trkpt lat="45.500269" lon="6.045372">
        <ele>288.25</ele>
        <extensions>
          <gpxtpx:TrackPointExtension>
            <gpxtpx:Extensions>
              <highway>secondary</highway>
              <surface>asphalt</surface>
              <junction>roundabout</junction>
              <route_bicycle_lcn>yes</route_bicycle_lcn>
            </gpxtpx:Extensions>
          </gpxtpx:TrackPointExtension>
        </extensions>
      </trkpt>
      <trkpt lat="45.500268" lon="6.045432">
        <ele>288.5</ele>
        <extensions>
          <gpxtpx:TrackPointExtension>
            <gpxtpx:Extensions>
              <highway>secondary</highway>
              <surface>asphalt</surface>
              <junction>roundabout</junction>
              <route_bicycle_lcn>yes</route_bicycle_lcn>
            </gpxtpx:Extensions>
          </gpxtpx:TrackPointExtension>
        </extensions>
      </trkpt>
      <trkpt lat="45.500257" lon="6.045512">
        <ele>288.5</ele>
        <extensions>
          <gpxtpx:TrackPointExtension>
            <gpxtpx:Extensions>
              <highway>secondary</highway>
              <surface>asphalt</surface>
              <junction>roundabout</junction>
              <route_bicycle_lcn>yes</route_bicycle_lcn>
            </gpxtpx:Extensions>
          </gpxtpx:TrackPointExtension>
        </extensions>
      </trkpt>
      <trkpt lat="45.500231" lon="6.045586">
        <ele>288.75</ele>
        <extensions>
          <gpxtpx:TrackPointExtension>
            <gpxtpx:Extensions>
              <highway>secondary</highway>
              <surface>asphalt</surface>
              <junction>roundabout</junction>
              <route_bicycle_lcn>yes</route_bicycle_lcn>
            </gpxtpx:Extensions>
          </gpxtpx:TrackPointExtension>
        </extensions>
      </trkpt>
      <trkpt lat="45.500198" lon="6.045649">
        <ele>288.75</ele>
        <extensions>
          <gpxtpx:TrackPointExtension>
            <gpxtpx:Extensions>
              <highway>secondary</highway>
              <surface>asphalt</surface>
              <junction>roundabout</junction>
              <route_bicycle_lcn>yes</route_bicycle_lcn>
            </gpxtpx:Extensions>
          </gpxtpx:TrackPointExtension>
        </extensions>
      </trkpt>
      <trkpt lat="45.500181" lon="6.045707">
        <ele>288.75</ele>
        <extensions>
          <gpxtpx:TrackPointExtension>
            <gpxtpx:Extensions>
              <highway>secondary</highway>
              <surface>asphalt</surface>
              <oneway>yes</oneway>
              <route_bicycle_lcn>yes</route_bicycle_lcn>
            </gpxtpx:Extensions>
          </gpxtpx:TrackPointExtension>
        </extensions>
      </trkpt>
      <trkpt lat="45.500167" lon="6.045758">
        <ele>289</ele>
        <extensions>
          <gpxtpx:TrackPointExtension>
            <gpxtpx:Extensions>
              <highway>secondary</highway>
              <surface>asphalt</surface>
              <oneway>yes</oneway>
              <route_bicycle_lcn>yes</route_bicycle_lcn>
            </gpxtpx:Extensions>
          </gpxtpx:TrackPointExtension>
        </extensions>
      </trkpt>
      <trkpt lat="45.500161" lon="6.045833">
        <ele>289</ele>
        <extensions>
          <gpxtpx:TrackPointExtension>
            <gpxtpx:Extensions>
              <highway>secondary</highway>
              <surface>asphalt</surface>
              <oneway>yes</oneway>
              <route_bicycle_lcn>yes</route_bicycle_lcn>
            </gpxtpx:Extensions>
          </gpxtpx:TrackPointExtension>
        </extensions>
      </trkpt>
      <trkpt lat="45.500156" lon="6.046144">
        <ele>289</ele>
        <extensions>
          <gpxtpx:TrackPointExtension>
            <gpxtpx:Extensions>
              <highway>secondary</highway>
              <surface>asphalt</surface>
              <oneway>yes</oneway>
              <route_bicycle_lcn>yes</route_bicycle_lcn>
            </gpxtpx:Extensions>
          </gpxtpx:TrackPointExtension>
        </extensions>
      </trkpt>
      <trkpt lat="45.500261" lon="6.047153">
        <ele>289.75</ele>
        <extensions>
          <gpxtpx:TrackPointExtension>
            <gpxtpx:Extensions>
              <reversedirection>yes</reversedirection>
              <highway>secondary</highway>
              <route_bicycle_lcn>yes</route_bicycle_lcn>
            </gpxtpx:Extensions>
          </gpxtpx:TrackPointExtension>
        </extensions>
      </trkpt>
      <trkpt lat="45.500282" lon="6.047353">
        <ele>290</ele>
        <extensions>
          <gpxtpx:TrackPointExtension>
            <gpxtpx:Extensions>
              <reversedirection>yes</reversedirection>
              <highway>secondary</highway>
              <route_bicycle_lcn>yes</route_bicycle_lcn>
            </gpxtpx:Extensions>
          </gpxtpx:TrackPointExtension>
        </extensions>
      </trkpt>
      <trkpt lat="45.500313" lon="6.047581">
        <ele>290.5</ele>
        <extensions>
          <gpxtpx:TrackPointExtension>
            <gpxtpx:Extensions>
              <reversedirection>yes</reversedirection>
              <highway>secondary</highway>
              <route_bicycle_lcn>yes</route_bicycle_lcn>
            </gpxtpx:Extensions>
          </gpxtpx:TrackPointExtension>
        </extensions>
      </trkpt>
      <trkpt lat="45.500397" lon="6.048147">
        <ele>292</ele>
        <extensions>
          <gpxtpx:TrackPointExtension>
            <gpxtpx:Extensions>
              <highway>secondary</highway>
              <surface>asphalt</surface>
              <oneway>yes</oneway>
              <route_bicycle_lcn>yes</route_bicycle_lcn>
            </gpxtpx:Extensions>
          </gpxtpx:TrackPointExtension>
        </extensions>
      </trkpt>
      <trkpt lat="45.500416" lon="6.048266">
        <ele>292.25</ele>
        <extensions>
          <gpxtpx:TrackPointExtension>
            <gpxtpx:Extensions>
              <highway>secondary</highway>
              <surface>asphalt</surface>
              <oneway>yes</oneway>
              <route_bicycle_lcn>yes</route_bicycle_lcn>
            </gpxtpx:Extensions>
          </gpxtpx:TrackPointExtension>
        </extensions>
      </trkpt>
      <trkpt lat="45.500443" lon="6.048377">
        <ele>292.5</ele>
        <extensions>
          <gpxtpx:TrackPointExtension>
            <gpxtpx:Extensions>
              <highway>secondary</highway>
              <surface>asphalt</surface>
              <oneway>yes</oneway>
              <route_bicycle_lcn>yes</route_bicycle_lcn>
            </gpxtpx:Extensions>
          </gpxtpx:TrackPointExtension>
        </extensions>
      </trkpt>
      <trkpt lat="45.500474" lon="6.048457">
        <ele>292.75</ele>
        <extensions>
          <gpxtpx:TrackPointExtension>
            <gpxtpx:Extensions>
              <highway>secondary</highway>
              <surface>asphalt</surface>
              <oneway>yes</oneway>
              <route_bicycle_lcn>yes</route_bicycle_lcn>
            </gpxtpx:Extensions>
          </gpxtpx:TrackPointExtension>
        </extensions>
      </trkpt>
      <trkpt lat="45.500511" lon="6.04849">
        <ele>292.75</ele>
        <extensions>
          <gpxtpx:TrackPointExtension>
            <gpxtpx:Extensions>
              <highway>secondary</highway>
              <surface>asphalt</surface>
              <oneway>yes</oneway>
              <junction>roundabout</junction>
              <route_bicycle_lcn>yes</route_bicycle_lcn>
            </gpxtpx:Extensions>
          </gpxtpx:TrackPointExtension>
        </extensions>
      </trkpt>
      <trkpt lat="45.500537" lon="6.048534">
        <ele>292.75</ele>
        <extensions>
          <gpxtpx:TrackPointExtension>
            <gpxtpx:Extensions>
              <highway>secondary</highway>
              <surface>asphalt</surface>
              <oneway>yes</oneway>
              <junction>roundabout</junction>
              <route_bicycle_lcn>yes</route_bicycle_lcn>
            </gpxtpx:Extensions>
          </gpxtpx:TrackPointExtension>
        </extensions>
      </trkpt>
      <trkpt lat="45.500552" lon="6.048587">
        <ele>293</ele>
        <extensions>
          <gpxtpx:TrackPointExtension>
            <gpxtpx:Extensions>
              <highway>secondary</highway>
              <surface>asphalt</surface>
              <oneway>yes</oneway>
              <junction>roundabout</junction>
              <route_bicycle_lcn>yes</route_bicycle_lcn>
            </gpxtpx:Extensions>
          </gpxtpx:TrackPointExtension>
        </extensions>
      </trkpt>
      <trkpt lat="45.500556" lon="6.048647">
        <ele>293</ele>
        <extensions>
          <gpxtpx:TrackPointExtension>
            <gpxtpx:Extensions>
              <highway>secondary</highway>
              <surface>asphalt</surface>
              <oneway>yes</oneway>
              <junction>roundabout</junction>
              <route_bicycle_lcn>yes</route_bicycle_lcn>
            </gpxtpx:Extensions>
          </gpxtpx:TrackPointExtension>
        </extensions>
      </trkpt>
      <trkpt lat="45.500547" lon="6.048705">
        <ele>293.25</ele>
        <extensions>
          <gpxtpx:TrackPointExtension>
            <gpxtpx:Extensions>
              <highway>secondary</highway>
              <surface>asphalt</surface>
              <oneway>yes</oneway>
              <junction>roundabout</junction>
              <route_bicycle_lcn>yes</route_bicycle_lcn>
            </gpxtpx:Extensions>
          </gpxtpx:TrackPointExtension>
        </extensions>
      </trkpt>
      <trkpt lat="45.500526" lon="6.048756">
        <ele>293.25</ele>
        <extensions>
          <gpxtpx:TrackPointExtension>
            <gpxtpx:Extensions>
              <highway>secondary</highway>
              <surface>asphalt</surface>
              <oneway>yes</oneway>
              <junction>roundabout</junction>
              <route_bicycle_lcn>yes</route_bicycle_lcn>
            </gpxtpx:Extensions>
          </gpxtpx:TrackPointExtension>
        </extensions>
      </trkpt>
      <trkpt lat="45.500496" lon="6.048795">
        <ele>293.25</ele>
        <extensions>
          <gpxtpx:TrackPointExtension>
            <gpxtpx:Extensions>
              <highway>secondary</highway>
              <surface>asphalt</surface>
              <oneway>yes</oneway>
              <junction>roundabout</junction>
              <route_bicycle_lcn>yes</route_bicycle_lcn>
            </gpxtpx:Extensions>
          </gpxtpx:TrackPointExtension>
        </extensions>
      </trkpt>
      <trkpt lat="45.500459" lon="6.048819">
        <ele>293.25</ele>
        <extensions>
          <gpxtpx:TrackPointExtension>
            <gpxtpx:Extensions>
              <highway>secondary</highway>
              <surface>asphalt</surface>
              <oneway>yes</oneway>
              <junction>roundabout</junction>
              <route_bicycle_lcn>yes</route_bicycle_lcn>
            </gpxtpx:Extensions>
          </gpxtpx:TrackPointExtension>
        </extensions>
      </trkpt>
      <trkpt lat="45.500481" lon="6.048939">
        <ele>293.5</ele>
        <extensions>
          <gpxtpx:TrackPointExtension>
            <gpxtpx:Extensions>
              <reversedirection>yes</reversedirection>
              <highway>secondary</highway>
              <surface>asphalt</surface>
              <oneway>no</oneway>
              <route_bicycle_lcn>yes</route_bicycle_lcn>
            </gpxtpx:Extensions>
          </gpxtpx:TrackPointExtension>
        </extensions>
      </trkpt>
      <trkpt lat="45.500493" lon="6.049">
        <ele>293.5</ele>
        <extensions>
          <gpxtpx:TrackPointExtension>
            <gpxtpx:Extensions>
              <reversedirection>yes</reversedirection>
              <highway>secondary</highway>
              <surface>asphalt</surface>
              <oneway>no</oneway>
              <route_bicycle_lcn>yes</route_bicycle_lcn>
            </gpxtpx:Extensions>
          </gpxtpx:TrackPointExtension>
        </extensions>
      </trkpt>
      <trkpt lat="45.50065" lon="6.049483">
        <ele>294.5</ele>
        <extensions>
          <gpxtpx:TrackPointExtension>
            <gpxtpx:Extensions>
              <reversedirection>yes</reversedirection>
              <highway>secondary</highway>
              <surface>asphalt</surface>
              <oneway>no</oneway>
              <route_bicycle_lcn>yes</route_bicycle_lcn>
            </gpxtpx:Extensions>
          </gpxtpx:TrackPointExtension>
        </extensions>
      </trkpt>
      <trkpt lat="45.500754" lon="6.049749">
        <ele>294.75</ele>
        <extensions>
          <gpxtpx:TrackPointExtension>
            <gpxtpx:Extensions>
              <reversedirection>yes</reversedirection>
              <highway>secondary</highway>
              <surface>asphalt</surface>
              <oneway>no</oneway>
              <route_bicycle_lcn>yes</route_bicycle_lcn>
            </gpxtpx:Extensions>
          </gpxtpx:TrackPointExtension>
        </extensions>
      </trkpt>
      <trkpt lat="45.500894" lon="6.050062">
        <ele>295</ele>
        <extensions>
          <gpxtpx:TrackPointExtension>
            <gpxtpx:Extensions>
              <reversedirection>yes</reversedirection>
              <highway>secondary</highway>
              <surface>asphalt</surface>
              <oneway>no</oneway>
              <route_bicycle_lcn>yes</route_bicycle_lcn>
            </gpxtpx:Extensions>
          </gpxtpx:TrackPointExtension>
        </extensions>
      </trkpt>
      <trkpt lat="45.501012" lon="6.05028">
        <ele>295.25</ele>
        <extensions>
          <gpxtpx:TrackPointExtension>
            <gpxtpx:Extensions>
              <reversedirection>yes</reversedirection>
              <highway>secondary</highway>
              <surface>asphalt</surface>
              <oneway>no</oneway>
              <route_bicycle_lcn>yes</route_bicycle_lcn>
            </gpxtpx:Extensions>
          </gpxtpx:TrackPointExtension>
        </extensions>
      </trkpt>
      <trkpt lat="45.501291" lon="6.050663">
        <ele>295.5</ele>
        <extensions>
          <gpxtpx:TrackPointExtension>
            <gpxtpx:Extensions>
              <reversedirection>yes</reversedirection>
              <highway>secondary</highway>
              <surface>asphalt</surface>
              <oneway>no</oneway>
              <route_bicycle_lcn>yes</route_bicycle_lcn>
            </gpxtpx:Extensions>
          </gpxtpx:TrackPointExtension>
        </extensions>
      </trkpt>
      <trkpt lat="45.501428" lon="6.05079">
        <ele>295.5</ele>
        <extensions>
          <gpxtpx:TrackPointExtension>
            <gpxtpx:Extensions>
              <reversedirection>yes</reversedirection>
              <highway>secondary</highway>
              <surface>asphalt</surface>
              <oneway>no</oneway>
              <route_bicycle_lcn>yes</route_bicycle_lcn>
            </gpxtpx:Extensions>
          </gpxtpx:TrackPointExtension>
        </extensions>
      </trkpt>
      <trkpt lat="45.501456" lon="6.050815">
        <ele>295.25</ele>
        <extensions>
          <gpxtpx:TrackPointExtension>
            <gpxtpx:Extensions>
              <reversedirection>yes</reversedirection>
              <highway>secondary</highway>
              <surface>asphalt</surface>
              <oneway>no</oneway>
              <route_bicycle_lcn>yes</route_bicycle_lcn>
            </gpxtpx:Extensions>
          </gpxtpx:TrackPointExtension>
        </extensions>
      </trkpt>
      <trkpt lat="45.501561" lon="6.050827">
        <ele>295</ele>
        <extensions>
          <gpxtpx:TrackPointExtension>
            <gpxtpx:Extensions>
              <highway>secondary</highway>
              <surface>asphalt</surface>
              <oneway>yes</oneway>
              <route_bicycle_lcn>yes</route_bicycle_lcn>
            </gpxtpx:Extensions>
          </gpxtpx:TrackPointExtension>
        </extensions>
      </trkpt>
      <trkpt lat="45.501588" lon="6.050795">
        <ele>295</ele>
        <extensions>
          <gpxtpx:TrackPointExtension>
            <gpxtpx:Extensions>
              <highway>secondary</highway>
              <surface>asphalt</surface>
              <junction>roundabout</junction>
              <route_bicycle_lcn>yes</route_bicycle_lcn>
            </gpxtpx:Extensions>
          </gpxtpx:TrackPointExtension>
        </extensions>
      </trkpt>
      <trkpt lat="45.501617" lon="6.050783">
        <ele>295</ele>
        <extensions>
          <gpxtpx:TrackPointExtension>
            <gpxtpx:Extensions>
              <highway>secondary</highway>
              <surface>asphalt</surface>
              <junction>roundabout</junction>
              <route_bicycle_lcn>yes</route_bicycle_lcn>
            </gpxtpx:Extensions>
          </gpxtpx:TrackPointExtension>
        </extensions>
      </trkpt>
      <trkpt lat="45.501648" lon="6.050779">
        <ele>294.75</ele>
        <extensions>
          <gpxtpx:TrackPointExtension>
            <gpxtpx:Extensions>
              <highway>secondary</highway>
              <surface>asphalt</surface>
              <junction>roundabout</junction>
              <route_bicycle_lcn>yes</route_bicycle_lcn>
            </gpxtpx:Extensions>
          </gpxtpx:TrackPointExtension>
        </extensions>
      </trkpt>
      <trkpt lat="45.501685" lon="6.050786">
        <ele>294.75</ele>
        <extensions>
          <gpxtpx:TrackPointExtension>
            <gpxtpx:Extensions>
              <highway>secondary</highway>
              <surface>asphalt</surface>
              <junction>roundabout</junction>
              <route_bicycle_lcn>yes</route_bicycle_lcn>
            </gpxtpx:Extensions>
          </gpxtpx:TrackPointExtension>
        </extensions>
      </trkpt>
      <trkpt lat="45.501742" lon="6.050815">
        <ele>294.75</ele>
        <extensions>
          <gpxtpx:TrackPointExtension>
            <gpxtpx:Extensions>
              <highway>secondary</highway>
              <surface>asphalt</surface>
              <junction>roundabout</junction>
              <route_bicycle_lcn>yes</route_bicycle_lcn>
            </gpxtpx:Extensions>
          </gpxtpx:TrackPointExtension>
        </extensions>
      </trkpt>
      <trkpt lat="45.501794" lon="6.050876">
        <ele>295</ele>
        <extensions>
          <gpxtpx:TrackPointExtension>
            <gpxtpx:Extensions>
              <highway>secondary</highway>
              <surface>asphalt</surface>
              <junction>roundabout</junction>
              <route_bicycle_lcn>yes</route_bicycle_lcn>
            </gpxtpx:Extensions>
          </gpxtpx:TrackPointExtension>
        </extensions>
      </trkpt>
      <trkpt lat="45.501821" lon="6.050958">
        <ele>295</ele>
        <extensions>
          <gpxtpx:TrackPointExtension>
            <gpxtpx:Extensions>
              <highway>secondary</highway>
              <surface>asphalt</surface>
              <junction>roundabout</junction>
              <route_bicycle_lcn>yes</route_bicycle_lcn>
            </gpxtpx:Extensions>
          </gpxtpx:TrackPointExtension>
        </extensions>
      </trkpt>
      <trkpt lat="45.501828" lon="6.051036">
        <ele>295</ele>
        <extensions>
          <gpxtpx:TrackPointExtension>
            <gpxtpx:Extensions>
              <highway>secondary</highway>
              <surface>asphalt</surface>
              <junction>roundabout</junction>
              <route_bicycle_lcn>yes</route_bicycle_lcn>
            </gpxtpx:Extensions>
          </gpxtpx:TrackPointExtension>
        </extensions>
      </trkpt>
      <trkpt lat="45.501828" lon="6.051092">
        <ele>295</ele>
        <extensions>
          <gpxtpx:TrackPointExtension>
            <gpxtpx:Extensions>
              <highway>secondary</highway>
              <surface>asphalt</surface>
              <junction>roundabout</junction>
              <route_bicycle_lcn>yes</route_bicycle_lcn>
            </gpxtpx:Extensions>
          </gpxtpx:TrackPointExtension>
        </extensions>
      </trkpt>
      <trkpt lat="45.501815" lon="6.051145">
        <ele>295</ele>
        <extensions>
          <gpxtpx:TrackPointExtension>
            <gpxtpx:Extensions>
              <highway>secondary</highway>
              <surface>asphalt</surface>
              <junction>roundabout</junction>
              <route_bicycle_lcn>yes</route_bicycle_lcn>
            </gpxtpx:Extensions>
          </gpxtpx:TrackPointExtension>
        </extensions>
      </trkpt>
      <trkpt lat="45.501798" lon="6.051187">
        <ele>295</ele>
        <extensions>
          <gpxtpx:TrackPointExtension>
            <gpxtpx:Extensions>
              <highway>secondary</highway>
              <surface>asphalt</surface>
              <junction>roundabout</junction>
              <route_bicycle_lcn>yes</route_bicycle_lcn>
            </gpxtpx:Extensions>
          </gpxtpx:TrackPointExtension>
        </extensions>
      </trkpt>
      <trkpt lat="45.50174" lon="6.051257">
        <ele>295</ele>
        <extensions>
          <gpxtpx:TrackPointExtension>
            <gpxtpx:Extensions>
              <highway>secondary</highway>
              <surface>asphalt</surface>
              <junction>roundabout</junction>
              <route_bicycle_lcn>yes</route_bicycle_lcn>
            </gpxtpx:Extensions>
          </gpxtpx:TrackPointExtension>
        </extensions>
      </trkpt>
      <trkpt lat="45.501765" lon="6.051317">
        <ele>295</ele>
        <extensions>
          <gpxtpx:TrackPointExtension>
            <gpxtpx:Extensions>
              <reversedirection>yes</reversedirection>
              <highway>secondary</highway>
              <surface>asphalt</surface>
              <route_bicycle_lcn>yes</route_bicycle_lcn>
            </gpxtpx:Extensions>
          </gpxtpx:TrackPointExtension>
        </extensions>
      </trkpt>
      <trkpt lat="45.502051" lon="6.051864">
        <ele>296.5</ele>
        <extensions>
          <gpxtpx:TrackPointExtension>
            <gpxtpx:Extensions>
              <reversedirection>yes</reversedirection>
              <highway>secondary</highway>
              <surface>asphalt</surface>
              <route_bicycle_lcn>yes</route_bicycle_lcn>
            </gpxtpx:Extensions>
          </gpxtpx:TrackPointExtension>
        </extensions>
      </trkpt>
      <trkpt lat="45.502108" lon="6.051954">
        <ele>297</ele>
        <extensions>
          <gpxtpx:TrackPointExtension>
            <gpxtpx:Extensions>
              <reversedirection>yes</reversedirection>
              <highway>secondary</highway>
              <surface>asphalt</surface>
              <route_bicycle_lcn>yes</route_bicycle_lcn>
            </gpxtpx:Extensions>
          </gpxtpx:TrackPointExtension>
        </extensions>
      </trkpt>
      <trkpt lat="45.502185" lon="6.052048">
        <ele>297.5</ele>
        <extensions>
          <gpxtpx:TrackPointExtension>
            <gpxtpx:Extensions>
              <reversedirection>yes</reversedirection>
              <highway>secondary</highway>
              <surface>asphalt</surface>
              <route_bicycle_lcn>yes</route_bicycle_lcn>
            </gpxtpx:Extensions>
          </gpxtpx:TrackPointExtension>
        </extensions>
      </trkpt>
      <trkpt lat="45.502255" lon="6.052131">
        <ele>297.75</ele>
        <extensions>
          <gpxtpx:TrackPointExtension>
            <gpxtpx:Extensions>
              <reversedirection>yes</reversedirection>
              <highway>secondary</highway>
              <surface>asphalt</surface>
              <route_bicycle_lcn>yes</route_bicycle_lcn>
            </gpxtpx:Extensions>
          </gpxtpx:TrackPointExtension>
        </extensions>
      </trkpt>
      <trkpt lat="45.502322" lon="6.052203">
        <ele>297.75</ele>
        <extensions>
          <gpxtpx:TrackPointExtension>
            <gpxtpx:Extensions>
              <reversedirection>yes</reversedirection>
              <highway>secondary</highway>
              <surface>asphalt</surface>
              <route_bicycle_lcn>yes</route_bicycle_lcn>
            </gpxtpx:Extensions>
          </gpxtpx:TrackPointExtension>
        </extensions>
      </trkpt>
      <trkpt lat="45.502351" lon="6.052171">
        <ele>297.5</ele>
        <extensions>
          <gpxtpx:TrackPointExtension>
            <gpxtpx:Extensions>
              <highway>secondary</highway>
              <surface>asphalt</surface>
              <junction>roundabout</junction>
              <route_bicycle_ncn>proposed</route_bicycle_ncn>
              <route_bicycle_lcn>yes</route_bicycle_lcn>
            </gpxtpx:Extensions>
          </gpxtpx:TrackPointExtension>
        </extensions>
      </trkpt>
      <trkpt lat="45.50239" lon="6.052157">
        <ele>297.5</ele>
        <extensions>
          <gpxtpx:TrackPointExtension>
            <gpxtpx:Extensions>
              <highway>secondary</highway>
              <surface>asphalt</surface>
              <junction>roundabout</junction>
              <route_bicycle_ncn>proposed</route_bicycle_ncn>
              <route_bicycle_lcn>yes</route_bicycle_lcn>
            </gpxtpx:Extensions>
          </gpxtpx:TrackPointExtension>
        </extensions>
      </trkpt>
      <trkpt lat="45.502454" lon="6.052161">
        <ele>297.25</ele>
        <extensions>
          <gpxtpx:TrackPointExtension>
            <gpxtpx:Extensions>
              <highway>secondary</highway>
              <surface>asphalt</surface>
              <junction>roundabout</junction>
              <route_bicycle_ncn>proposed</route_bicycle_ncn>
              <route_bicycle_lcn>yes</route_bicycle_lcn>
            </gpxtpx:Extensions>
          </gpxtpx:TrackPointExtension>
        </extensions>
      </trkpt>
      <trkpt lat="45.502517" lon="6.052201">
        <ele>297</ele>
        <extensions>
          <gpxtpx:TrackPointExtension>
            <gpxtpx:Extensions>
              <highway>secondary</highway>
              <surface>asphalt</surface>
              <junction>roundabout</junction>
              <route_bicycle_ncn>proposed</route_bicycle_ncn>
              <route_bicycle_lcn>yes</route_bicycle_lcn>
            </gpxtpx:Extensions>
          </gpxtpx:TrackPointExtension>
        </extensions>
      </trkpt>
      <trkpt lat="45.502542" lon="6.052227">
        <ele>297</ele>
        <extensions>
          <gpxtpx:TrackPointExtension>
            <gpxtpx:Extensions>
              <highway>secondary</highway>
              <surface>asphalt</surface>
              <junction>roundabout</junction>
              <route_bicycle_ncn>proposed</route_bicycle_ncn>
              <route_bicycle_lcn>yes</route_bicycle_lcn>
            </gpxtpx:Extensions>
          </gpxtpx:TrackPointExtension>
        </extensions>
      </trkpt>
      <trkpt lat="45.502568" lon="6.052265">
        <ele>297.25</ele>
        <extensions>
          <gpxtpx:TrackPointExtension>
            <gpxtpx:Extensions>
              <highway>secondary</highway>
              <surface>asphalt</surface>
              <junction>roundabout</junction>
              <route_bicycle_ncn>proposed</route_bicycle_ncn>
              <route_bicycle_lcn>yes</route_bicycle_lcn>
            </gpxtpx:Extensions>
          </gpxtpx:TrackPointExtension>
        </extensions>
      </trkpt>
      <trkpt lat="45.502578" lon="6.052293">
        <ele>297.25</ele>
        <extensions>
          <gpxtpx:TrackPointExtension>
            <gpxtpx:Extensions>
              <highway>secondary</highway>
              <surface>asphalt</surface>
              <junction>roundabout</junction>
              <route_bicycle_ncn>proposed</route_bicycle_ncn>
              <route_bicycle_lcn>yes</route_bicycle_lcn>
            </gpxtpx:Extensions>
          </gpxtpx:TrackPointExtension>
        </extensions>
      </trkpt>
      <trkpt lat="45.502588" lon="6.052319">
        <ele>297.25</ele>
        <extensions>
          <gpxtpx:TrackPointExtension>
            <gpxtpx:Extensions>
              <highway>secondary</highway>
              <surface>asphalt</surface>
              <junction>roundabout</junction>
              <route_bicycle_ncn>proposed</route_bicycle_ncn>
              <route_bicycle_lcn>yes</route_bicycle_lcn>
            </gpxtpx:Extensions>
          </gpxtpx:TrackPointExtension>
        </extensions>
      </trkpt>
      <trkpt lat="45.502591" lon="6.052369">
        <ele>297.25</ele>
        <extensions>
          <gpxtpx:TrackPointExtension>
            <gpxtpx:Extensions>
              <highway>secondary</highway>
              <surface>asphalt</surface>
              <junction>roundabout</junction>
              <route_bicycle_ncn>proposed</route_bicycle_ncn>
              <route_bicycle_lcn>yes</route_bicycle_lcn>
            </gpxtpx:Extensions>
          </gpxtpx:TrackPointExtension>
        </extensions>
      </trkpt>
      <trkpt lat="45.502581" lon="6.052424">
        <ele>297.5</ele>
        <extensions>
          <gpxtpx:TrackPointExtension>
            <gpxtpx:Extensions>
              <highway>secondary</highway>
              <surface>asphalt</surface>
              <junction>roundabout</junction>
              <route_bicycle_ncn>proposed</route_bicycle_ncn>
              <route_bicycle_lcn>yes</route_bicycle_lcn>
            </gpxtpx:Extensions>
          </gpxtpx:TrackPointExtension>
        </extensions>
      </trkpt>
      <trkpt lat="45.502565" lon="6.052472">
        <ele>297.75</ele>
        <extensions>
          <gpxtpx:TrackPointExtension>
            <gpxtpx:Extensions>
              <highway>secondary</highway>
              <surface>asphalt</surface>
              <junction>roundabout</junction>
              <route_bicycle_ncn>proposed</route_bicycle_ncn>
              <route_bicycle_lcn>yes</route_bicycle_lcn>
            </gpxtpx:Extensions>
          </gpxtpx:TrackPointExtension>
        </extensions>
      </trkpt>
      <trkpt lat="45.502602" lon="6.052509">
        <ele>297.75</ele>
        <extensions>
          <gpxtpx:TrackPointExtension>
            <gpxtpx:Extensions>
              <reversedirection>yes</reversedirection>
              <highway>secondary</highway>
              <surface>asphalt</surface>
              <route_bicycle_lcn>yes</route_bicycle_lcn>
            </gpxtpx:Extensions>
          </gpxtpx:TrackPointExtension>
        </extensions>
      </trkpt>
      <trkpt lat="45.502677" lon="6.052574">
        <ele>297.75</ele>
        <extensions>
          <gpxtpx:TrackPointExtension>
            <gpxtpx:Extensions>
              <reversedirection>yes</reversedirection>
              <highway>secondary</highway>
              <surface>asphalt</surface>
              <route_bicycle_lcn>yes</route_bicycle_lcn>
            </gpxtpx:Extensions>
          </gpxtpx:TrackPointExtension>
        </extensions>
      </trkpt>
      <trkpt lat="45.502982" lon="6.052838">
        <ele>297.5</ele>
        <extensions>
          <gpxtpx:TrackPointExtension>
            <gpxtpx:Extensions>
              <reversedirection>yes</reversedirection>
              <highway>secondary</highway>
              <surface>asphalt</surface>
              <route_bicycle_lcn>yes</route_bicycle_lcn>
            </gpxtpx:Extensions>
          </gpxtpx:TrackPointExtension>
        </extensions>
      </trkpt>
      <trkpt lat="45.503142" lon="6.053022">
        <ele>296.75</ele>
        <extensions>
          <gpxtpx:TrackPointExtension>
            <gpxtpx:Extensions>
              <reversedirection>yes</reversedirection>
              <highway>secondary</highway>
              <surface>asphalt</surface>
              <route_bicycle_lcn>yes</route_bicycle_lcn>
            </gpxtpx:Extensions>
          </gpxtpx:TrackPointExtension>
        </extensions>
      </trkpt>
      <trkpt lat="45.503277" lon="6.05323">
        <ele>295.5</ele>
        <extensions>
          <gpxtpx:TrackPointExtension>
            <gpxtpx:Extensions>
              <reversedirection>yes</reversedirection>
              <highway>secondary</highway>
              <surface>asphalt</surface>
              <route_bicycle_lcn>yes</route_bicycle_lcn>
            </gpxtpx:Extensions>
          </gpxtpx:TrackPointExtension>
        </extensions>
      </trkpt>
      <trkpt lat="45.503495" lon="6.053654">
        <ele>292</ele>
        <extensions>
          <gpxtpx:TrackPointExtension>
            <gpxtpx:Extensions>
              <reversedirection>yes</reversedirection>
              <highway>secondary</highway>
              <surface>asphalt</surface>
              <route_bicycle_lcn>yes</route_bicycle_lcn>
            </gpxtpx:Extensions>
          </gpxtpx:TrackPointExtension>
        </extensions>
      </trkpt>
      <trkpt lat="45.503564" lon="6.05364">
        <ele>291.25</ele>
        <extensions>
          <gpxtpx:TrackPointExtension>
            <gpxtpx:Extensions>
              <highway>secondary</highway>
              <surface>asphalt</surface>
              <junction>roundabout</junction>
              <cycleway_right>no</cycleway_right>
              <route_bicycle_lcn>yes</route_bicycle_lcn>
            </gpxtpx:Extensions>
          </gpxtpx:TrackPointExtension>
        </extensions>
      </trkpt>
      <trkpt lat="45.503593" lon="6.053646">
        <ele>290.75</ele>
        <extensions>
          <gpxtpx:TrackPointExtension>
            <gpxtpx:Extensions>
              <highway>secondary</highway>
              <surface>asphalt</surface>
              <junction>roundabout</junction>
              <cycleway_right>no</cycleway_right>
              <route_bicycle_lcn>yes</route_bicycle_lcn>
            </gpxtpx:Extensions>
          </gpxtpx:TrackPointExtension>
        </extensions>
      </trkpt>
      <trkpt lat="45.503644" lon="6.053679">
        <ele>290.25</ele>
        <extensions>
          <gpxtpx:TrackPointExtension>
            <gpxtpx:Extensions>
              <highway>secondary</highway>
              <surface>asphalt</surface>
              <junction>roundabout</junction>
              <cycleway_right>no</cycleway_right>
              <route_bicycle_lcn>yes</route_bicycle_lcn>
            </gpxtpx:Extensions>
          </gpxtpx:TrackPointExtension>
        </extensions>
      </trkpt>
      <trkpt lat="45.503679" lon="6.053724">
        <ele>289.75</ele>
        <extensions>
          <gpxtpx:TrackPointExtension>
            <gpxtpx:Extensions>
              <highway>secondary</highway>
              <surface>asphalt</surface>
              <junction>roundabout</junction>
              <cycleway_right>no</cycleway_right>
              <route_bicycle_lcn>yes</route_bicycle_lcn>
            </gpxtpx:Extensions>
          </gpxtpx:TrackPointExtension>
        </extensions>
      </trkpt>
      <trkpt lat="45.503706" lon="6.053794">
        <ele>289.25</ele>
        <extensions>
          <gpxtpx:TrackPointExtension>
            <gpxtpx:Extensions>
              <highway>secondary</highway>
              <surface>asphalt</surface>
              <junction>roundabout</junction>
              <cycleway_right>no</cycleway_right>
              <route_bicycle_lcn>yes</route_bicycle_lcn>
            </gpxtpx:Extensions>
          </gpxtpx:TrackPointExtension>
        </extensions>
      </trkpt>
      <trkpt lat="45.503714" lon="6.053847">
        <ele>289</ele>
        <extensions>
          <gpxtpx:TrackPointExtension>
            <gpxtpx:Extensions>
              <highway>secondary</highway>
              <surface>asphalt</surface>
              <junction>roundabout</junction>
              <cycleway_right>no</cycleway_right>
              <route_bicycle_lcn>yes</route_bicycle_lcn>
            </gpxtpx:Extensions>
          </gpxtpx:TrackPointExtension>
        </extensions>
      </trkpt>
      <trkpt lat="45.503703" lon="6.053958">
        <ele>288.75</ele>
        <extensions>
          <gpxtpx:TrackPointExtension>
            <gpxtpx:Extensions>
              <highway>secondary</highway>
              <surface>asphalt</surface>
              <junction>roundabout</junction>
              <cycleway_right>no</cycleway_right>
              <route_bicycle_lcn>yes</route_bicycle_lcn>
            </gpxtpx:Extensions>
          </gpxtpx:TrackPointExtension>
        </extensions>
      </trkpt>
      <trkpt lat="45.503682" lon="6.054009">
        <ele>289</ele>
        <extensions>
          <gpxtpx:TrackPointExtension>
            <gpxtpx:Extensions>
              <highway>secondary</highway>
              <surface>asphalt</surface>
              <junction>roundabout</junction>
              <cycleway_right>no</cycleway_right>
              <route_bicycle_lcn>yes</route_bicycle_lcn>
            </gpxtpx:Extensions>
          </gpxtpx:TrackPointExtension>
        </extensions>
      </trkpt>
      <trkpt lat="45.503616" lon="6.054087">
        <ele>289.5</ele>
        <extensions>
          <gpxtpx:TrackPointExtension>
            <gpxtpx:Extensions>
              <highway>secondary</highway>
              <surface>asphalt</surface>
              <junction>roundabout</junction>
              <cycleway_right>no</cycleway_right>
              <route_bicycle_lcn>yes</route_bicycle_lcn>
            </gpxtpx:Extensions>
          </gpxtpx:TrackPointExtension>
        </extensions>
      </trkpt>
      <trkpt lat="45.50365" lon="6.054437">
        <ele>288.75</ele>
        <extensions>
          <gpxtpx:TrackPointExtension>
            <gpxtpx:Extensions>
              <highway>unclassified</highway>
              <oneway>yes</oneway>
            </gpxtpx:Extensions>
          </gpxtpx:TrackPointExtension>
        </extensions>
      </trkpt>
      <trkpt lat="45.503678" lon="6.054815">
        <ele>288.5</ele>
        <extensions>
          <gpxtpx:TrackPointExtension>
            <gpxtpx:Extensions>
              <highway>unclassified</highway>
              <oneway>yes</oneway>
            </gpxtpx:Extensions>
          </gpxtpx:TrackPointExtension>
        </extensions>
      </trkpt>
      <trkpt lat="45.503783" lon="6.056653">
        <ele>279.75</ele>
        <extensions>
          <gpxtpx:TrackPointExtension>
            <gpxtpx:Extensions>
              <highway>unclassified</highway>
              <oneway>yes</oneway>
            </gpxtpx:Extensions>
          </gpxtpx:TrackPointExtension>
        </extensions>
      </trkpt>
      <trkpt lat="45.503841" lon="6.057718">
        <ele>278.25</ele>
        <extensions>
          <gpxtpx:TrackPointExtension>
            <gpxtpx:Extensions>
              <highway>unclassified</highway>
              <oneway>yes</oneway>
            </gpxtpx:Extensions>
          </gpxtpx:TrackPointExtension>
        </extensions>
      </trkpt>
      <trkpt lat="45.503899" lon="6.058696">
        <ele>276.25</ele>
        <extensions>
          <gpxtpx:TrackPointExtension>
            <gpxtpx:Extensions>
              <highway>unclassified</highway>
              <oneway>yes</oneway>
            </gpxtpx:Extensions>
          </gpxtpx:TrackPointExtension>
        </extensions>
      </trkpt>
      <trkpt lat="45.50395" lon="6.059422">
        <ele>276.25</ele>
        <extensions>
          <gpxtpx:TrackPointExtension>
            <gpxtpx:Extensions>
              <highway>unclassified</highway>
              <oneway>yes</oneway>
            </gpxtpx:Extensions>
          </gpxtpx:TrackPointExtension>
        </extensions>
      </trkpt>
      <trkpt lat="45.503978" lon="6.059765">
        <ele>276</ele>
        <extensions>
          <gpxtpx:TrackPointExtension>
            <gpxtpx:Extensions>
              <highway>unclassified</highway>
              <oneway>yes</oneway>
            </gpxtpx:Extensions>
          </gpxtpx:TrackPointExtension>
        </extensions>
      </trkpt>
      <trkpt lat="45.504109" lon="6.060973">
        <ele>275.5</ele>
        <extensions>
          <gpxtpx:TrackPointExtension>
            <gpxtpx:Extensions>
              <highway>unclassified</highway>
              <oneway>yes</oneway>
            </gpxtpx:Extensions>
          </gpxtpx:TrackPointExtension>
        </extensions>
      </trkpt>
      <trkpt lat="45.504176" lon="6.06148">
        <ele>275</ele>
        <extensions>
          <gpxtpx:TrackPointExtension>
            <gpxtpx:Extensions>
              <highway>unclassified</highway>
              <oneway>yes</oneway>
            </gpxtpx:Extensions>
          </gpxtpx:TrackPointExtension>
        </extensions>
      </trkpt>
      <trkpt lat="45.504243" lon="6.061977">
        <ele>274.25</ele>
        <extensions>
          <gpxtpx:TrackPointExtension>
            <gpxtpx:Extensions>
              <highway>unclassified</highway>
              <oneway>yes</oneway>
            </gpxtpx:Extensions>
          </gpxtpx:TrackPointExtension>
        </extensions>
      </trkpt>
      <trkpt lat="45.504302" lon="6.062334">
        <ele>273.75</ele>
        <extensions>
          <gpxtpx:TrackPointExtension>
            <gpxtpx:Extensions>
              <highway>unclassified</highway>
              <oneway>yes</oneway>
            </gpxtpx:Extensions>
          </gpxtpx:TrackPointExtension>
        </extensions>
      </trkpt>
      <trkpt lat="45.504321" lon="6.062364">
        <ele>273.5</ele>
        <extensions>
          <gpxtpx:TrackPointExtension>
            <gpxtpx:Extensions>
              <highway>secondary</highway>
              <surface>asphalt</surface>
              <junction>roundabout</junction>
              <route_bicycle_lcn>yes</route_bicycle_lcn>
            </gpxtpx:Extensions>
          </gpxtpx:TrackPointExtension>
        </extensions>
      </trkpt>
      <trkpt lat="45.504343" lon="6.062396">
        <ele>273.5</ele>
        <extensions>
          <gpxtpx:TrackPointExtension>
            <gpxtpx:Extensions>
              <highway>secondary</highway>
              <surface>asphalt</surface>
              <junction>roundabout</junction>
            </gpxtpx:Extensions>
          </gpxtpx:TrackPointExtension>
        </extensions>
      </trkpt>
      <trkpt lat="45.504373" lon="6.062481">
        <ele>273.25</ele>
        <extensions>
          <gpxtpx:TrackPointExtension>
            <gpxtpx:Extensions>
              <highway>secondary</highway>
              <surface>asphalt</surface>
              <junction>roundabout</junction>
            </gpxtpx:Extensions>
          </gpxtpx:TrackPointExtension>
        </extensions>
      </trkpt>
      <trkpt lat="45.504373" lon="6.062573">
        <ele>273.25</ele>
        <extensions>
          <gpxtpx:TrackPointExtension>
            <gpxtpx:Extensions>
              <highway>secondary</highway>
              <surface>asphalt</surface>
              <junction>roundabout</junction>
            </gpxtpx:Extensions>
          </gpxtpx:TrackPointExtension>
        </extensions>
      </trkpt>
      <trkpt lat="45.504363" lon="6.062631">
        <ele>273.25</ele>
        <extensions>
          <gpxtpx:TrackPointExtension>
            <gpxtpx:Extensions>
              <highway>secondary</highway>
              <surface>asphalt</surface>
              <junction>roundabout</junction>
            </gpxtpx:Extensions>
          </gpxtpx:TrackPointExtension>
        </extensions>
      </trkpt>
      <trkpt lat="45.504359" lon="6.06265">
        <ele>273.25</ele>
        <extensions>
          <gpxtpx:TrackPointExtension>
            <gpxtpx:Extensions>
              <highway>secondary</highway>
              <surface>asphalt</surface>
              <junction>roundabout</junction>
              <route_bicycle_lcn>yes</route_bicycle_lcn>
            </gpxtpx:Extensions>
          </gpxtpx:TrackPointExtension>
        </extensions>
      </trkpt>
      <trkpt lat="45.504336" lon="6.062692">
        <ele>273.5</ele>
        <extensions>
          <gpxtpx:TrackPointExtension>
            <gpxtpx:Extensions>
              <highway>secondary</highway>
              <surface>asphalt</surface>
              <junction>roundabout</junction>
              <route_bicycle_lcn>yes</route_bicycle_lcn>
            </gpxtpx:Extensions>
          </gpxtpx:TrackPointExtension>
        </extensions>
      </trkpt>
      <trkpt lat="45.504335" lon="6.062759">
        <ele>273.5</ele>
        <extensions>
          <gpxtpx:TrackPointExtension>
            <gpxtpx:Extensions>
              <highway>secondary</highway>
              <surface>asphalt</surface>
              <oneway>yes</oneway>
            </gpxtpx:Extensions>
          </gpxtpx:TrackPointExtension>
        </extensions>
      </trkpt>
      <trkpt lat="45.504378" lon="6.062852">
        <ele>273.5</ele>
        <extensions>
          <gpxtpx:TrackPointExtension>
            <gpxtpx:Extensions>
              <highway>unclassified</highway>
              <oneway>yes</oneway>
            </gpxtpx:Extensions>
          </gpxtpx:TrackPointExtension>
        </extensions>
      </trkpt>
      <trkpt lat="45.50474" lon="6.064573">
        <ele>272.25</ele>
        <extensions>
          <gpxtpx:TrackPointExtension>
            <gpxtpx:Extensions>
              <highway>unclassified</highway>
              <oneway>yes</oneway>
            </gpxtpx:Extensions>
          </gpxtpx:TrackPointExtension>
        </extensions>
      </trkpt>
      <trkpt lat="45.504842" lon="6.064831">
        <ele>271.5</ele>
        <extensions>
          <gpxtpx:TrackPointExtension>
            <gpxtpx:Extensions>
              <highway>unclassified</highway>
              <oneway>yes</oneway>
            </gpxtpx:Extensions>
          </gpxtpx:TrackPointExtension>
        </extensions>
      </trkpt>
      <trkpt lat="45.504887" lon="6.064874">
        <ele>271.25</ele>
        <extensions>
          <gpxtpx:TrackPointExtension>
            <gpxtpx:Extensions>
              <highway>secondary</highway>
              <surface>asphalt</surface>
              <junction>roundabout</junction>
              <cycleway_right>no</cycleway_right>
            </gpxtpx:Extensions>
          </gpxtpx:TrackPointExtension>
        </extensions>
      </trkpt>
      <trkpt lat="45.50492" lon="6.064935">
        <ele>271.25</ele>
        <extensions>
          <gpxtpx:TrackPointExtension>
            <gpxtpx:Extensions>
              <highway>secondary</highway>
              <surface>asphalt</surface>
              <junction>roundabout</junction>
              <cycleway_right>no</cycleway_right>
            </gpxtpx:Extensions>
          </gpxtpx:TrackPointExtension>
        </extensions>
      </trkpt>
      <trkpt lat="45.504939" lon="6.065007">
        <ele>271</ele>
        <extensions>
          <gpxtpx:TrackPointExtension>
            <gpxtpx:Extensions>
              <highway>secondary</highway>
              <surface>asphalt</surface>
              <junction>roundabout</junction>
              <cycleway_right>no</cycleway_right>
            </gpxtpx:Extensions>
          </gpxtpx:TrackPointExtension>
        </extensions>
      </trkpt>
      <trkpt lat="45.504942" lon="6.065079">
        <ele>271</ele>
        <extensions>
          <gpxtpx:TrackPointExtension>
            <gpxtpx:Extensions>
              <highway>secondary</highway>
              <surface>asphalt</surface>
              <junction>roundabout</junction>
              <cycleway_right>no</cycleway_right>
            </gpxtpx:Extensions>
          </gpxtpx:TrackPointExtension>
        </extensions>
      </trkpt>
      <trkpt lat="45.504931" lon="6.065149">
        <ele>270.75</ele>
        <extensions>
          <gpxtpx:TrackPointExtension>
            <gpxtpx:Extensions>
              <highway>secondary</highway>
              <surface>asphalt</surface>
              <junction>roundabout</junction>
              <cycleway_right>no</cycleway_right>
            </gpxtpx:Extensions>
          </gpxtpx:TrackPointExtension>
        </extensions>
      </trkpt>
      <trkpt lat="45.504905" lon="6.065212">
        <ele>270.75</ele>
        <extensions>
          <gpxtpx:TrackPointExtension>
            <gpxtpx:Extensions>
              <highway>secondary</highway>
              <surface>asphalt</surface>
              <junction>roundabout</junction>
              <cycleway_right>no</cycleway_right>
            </gpxtpx:Extensions>
          </gpxtpx:TrackPointExtension>
        </extensions>
      </trkpt>
      <trkpt lat="45.504868" lon="6.065261">
        <ele>270.75</ele>
        <extensions>
          <gpxtpx:TrackPointExtension>
            <gpxtpx:Extensions>
              <highway>secondary</highway>
              <surface>asphalt</surface>
              <junction>roundabout</junction>
              <cycleway_right>no</cycleway_right>
            </gpxtpx:Extensions>
          </gpxtpx:TrackPointExtension>
        </extensions>
      </trkpt>
      <trkpt lat="45.504823" lon="6.065294">
        <ele>270.75</ele>
        <extensions>
          <gpxtpx:TrackPointExtension>
            <gpxtpx:Extensions>
              <highway>secondary</highway>
              <surface>asphalt</surface>
              <junction>roundabout</junction>
              <cycleway_right>no</cycleway_right>
            </gpxtpx:Extensions>
          </gpxtpx:TrackPointExtension>
        </extensions>
      </trkpt>
      <trkpt lat="45.504834" lon="6.065331">
        <ele>270.5</ele>
        <extensions>
          <gpxtpx:TrackPointExtension>
            <gpxtpx:Extensions>
              <reversedirection>yes</reversedirection>
              <highway>unclassified</highway>
              <surface>asphalt</surface>
            </gpxtpx:Extensions>
          </gpxtpx:TrackPointExtension>
        </extensions>
      </trkpt>
      <trkpt lat="45.50497" lon="6.065811">
        <ele>269.75</ele>
        <extensions>
          <gpxtpx:TrackPointExtension>
            <gpxtpx:Extensions>
              <reversedirection>yes</reversedirection>
              <highway>unclassified</highway>
              <surface>asphalt</surface>
            </gpxtpx:Extensions>
          </gpxtpx:TrackPointExtension>
        </extensions>
      </trkpt>
      <trkpt lat="45.505065" lon="6.066148">
        <ele>269.5</ele>
        <extensions>
          <gpxtpx:TrackPointExtension>
            <gpxtpx:Extensions>
              <reversedirection>yes</reversedirection>
              <highway>unclassified</highway>
              <surface>asphalt</surface>
            </gpxtpx:Extensions>
          </gpxtpx:TrackPointExtension>
        </extensions>
      </trkpt>
      <trkpt lat="45.505563" lon="6.068029">
        <ele>268</ele>
        <extensions>
          <gpxtpx:TrackPointExtension>
            <gpxtpx:Extensions>
              <reversedirection>yes</reversedirection>
              <highway>unclassified</highway>
              <surface>asphalt</surface>
            </gpxtpx:Extensions>
          </gpxtpx:TrackPointExtension>
        </extensions>
      </trkpt>
      <trkpt lat="45.505765" lon="6.06871">
        <ele>268</ele>
        <extensions>
          <gpxtpx:TrackPointExtension>
            <gpxtpx:Extensions>
              <reversedirection>yes</reversedirection>
              <highway>unclassified</highway>
              <surface>asphalt</surface>
            </gpxtpx:Extensions>
          </gpxtpx:TrackPointExtension>
        </extensions>
      </trkpt>
      <trkpt lat="45.505987" lon="6.069533">
        <ele>269.5</ele>
        <extensions>
          <gpxtpx:TrackPointExtension>
            <gpxtpx:Extensions>
              <reversedirection>yes</reversedirection>
              <highway>unclassified</highway>
              <surface>asphalt</surface>
            </gpxtpx:Extensions>
          </gpxtpx:TrackPointExtension>
        </extensions>
      </trkpt>
      <trkpt lat="45.506109" lon="6.070014">
        <ele>270.5</ele>
        <extensions>
          <gpxtpx:TrackPointExtension>
            <gpxtpx:Extensions>
              <reversedirection>yes</reversedirection>
              <highway>unclassified</highway>
              <surface>asphalt</surface>
            </gpxtpx:Extensions>
          </gpxtpx:TrackPointExtension>
        </extensions>
      </trkpt>
      <trkpt lat="45.506371" lon="6.070901">
        <ele>268</ele>
        <extensions>
          <gpxtpx:TrackPointExtension>
            <gpxtpx:Extensions>
              <reversedirection>yes</reversedirection>
              <highway>unclassified</highway>
            </gpxtpx:Extensions>
          </gpxtpx:TrackPointExtension>
        </extensions>
      </trkpt>
      <trkpt lat="45.506747" lon="6.072315">
        <ele>268.5</ele>
        <extensions>
          <gpxtpx:TrackPointExtension>
            <gpxtpx:Extensions>
              <reversedirection>yes</reversedirection>
              <highway>unclassified</highway>
            </gpxtpx:Extensions>
          </gpxtpx:TrackPointExtension>
        </extensions>
      </trkpt>
      <trkpt lat="45.506916" lon="6.073023">
        <ele>268.5</ele>
        <extensions>
          <gpxtpx:TrackPointExtension>
            <gpxtpx:Extensions>
              <reversedirection>yes</reversedirection>
              <highway>unclassified</highway>
            </gpxtpx:Extensions>
          </gpxtpx:TrackPointExtension>
        </extensions>
      </trkpt>
      <trkpt lat="45.507012" lon="6.073387">
        <ele>268</ele>
        <extensions>
          <gpxtpx:TrackPointExtension>
            <gpxtpx:Extensions>
              <reversedirection>yes</reversedirection>
              <highway>unclassified</highway>
            </gpxtpx:Extensions>
          </gpxtpx:TrackPointExtension>
        </extensions>
      </trkpt>
      <trkpt lat="45.506132" lon="6.074031">
        <ele>268.5</ele>
        <extensions>
          <gpxtpx:TrackPointExtension>
            <gpxtpx:Extensions>
              <reversedirection>yes</reversedirection>
              <highway>residential</highway>
              <surface>asphalt</surface>
            </gpxtpx:Extensions>
          </gpxtpx:TrackPointExtension>
        </extensions>
      </trkpt>
      <trkpt lat="45.505518" lon="6.074505">
        <ele>268.5</ele>
        <extensions>
          <gpxtpx:TrackPointExtension>
            <gpxtpx:Extensions>
              <reversedirection>yes</reversedirection>
              <highway>residential</highway>
              <surface>asphalt</surface>
            </gpxtpx:Extensions>
          </gpxtpx:TrackPointExtension>
        </extensions>
      </trkpt>
      <trkpt lat="45.505195" lon="6.074749">
        <ele>268.25</ele>
        <extensions>
          <gpxtpx:TrackPointExtension>
            <gpxtpx:Extensions>
              <reversedirection>yes</reversedirection>
              <highway>residential</highway>
              <surface>asphalt</surface>
            </gpxtpx:Extensions>
          </gpxtpx:TrackPointExtension>
        </extensions>
      </trkpt>
      <trkpt lat="45.505042" lon="6.074893">
        <ele>268</ele>
        <extensions>
          <gpxtpx:TrackPointExtension>
            <gpxtpx:Extensions>
              <highway>residential</highway>
              <surface>asphalt</surface>
              <oneway>yes</oneway>
            </gpxtpx:Extensions>
          </gpxtpx:TrackPointExtension>
        </extensions>
      </trkpt>
      <trkpt lat="45.504925" lon="6.07499">
        <ele>267.75</ele>
        <extensions>
          <gpxtpx:TrackPointExtension>
            <gpxtpx:Extensions>
              <highway>residential</highway>
              <surface>asphalt</surface>
              <oneway>yes</oneway>
            </gpxtpx:Extensions>
          </gpxtpx:TrackPointExtension>
        </extensions>
      </trkpt>
      <trkpt lat="45.504898" lon="6.075094">
        <ele>267.75</ele>
        <extensions>
          <gpxtpx:TrackPointExtension>
            <gpxtpx:Extensions>
              <highway>primary_link</highway>
              <surface>asphalt</surface>
              <oneway>yes</oneway>
            </gpxtpx:Extensions>
          </gpxtpx:TrackPointExtension>
        </extensions>
      </trkpt>
      <trkpt lat="45.504897" lon="6.075206">
        <ele>267.75</ele>
        <extensions>
          <gpxtpx:TrackPointExtension>
            <gpxtpx:Extensions>
              <highway>primary_link</highway>
              <surface>asphalt</surface>
              <oneway>yes</oneway>
            </gpxtpx:Extensions>
          </gpxtpx:TrackPointExtension>
        </extensions>
      </trkpt>
      <trkpt lat="45.504949" lon="6.075402">
        <ele>267.75</ele>
        <extensions>
          <gpxtpx:TrackPointExtension>
            <gpxtpx:Extensions>
              <highway>primary_link</highway>
              <surface>asphalt</surface>
              <oneway>yes</oneway>
            </gpxtpx:Extensions>
          </gpxtpx:TrackPointExtension>
        </extensions>
      </trkpt>
      <trkpt lat="45.505125" lon="6.075983">
        <ele>267.5</ele>
        <extensions>
          <gpxtpx:TrackPointExtension>
            <gpxtpx:Extensions>
              <highway>primary_link</highway>
              <surface>asphalt</surface>
              <oneway>yes</oneway>
            </gpxtpx:Extensions>
          </gpxtpx:TrackPointExtension>
        </extensions>
      </trkpt>
      <trkpt lat="45.505187" lon="6.076328">
        <ele>266.25</ele>
        <extensions>
          <gpxtpx:TrackPointExtension>
            <gpxtpx:Extensions>
              <highway>primary_link</highway>
              <surface>asphalt</surface>
              <oneway>yes</oneway>
            </gpxtpx:Extensions>
          </gpxtpx:TrackPointExtension>
        </extensions>
      </trkpt>
      <trkpt lat="45.505396" lon="6.076869">
        <ele>266</ele>
        <extensions>
          <gpxtpx:TrackPointExtension>
            <gpxtpx:Extensions>
              <highway>primary</highway>
              <surface>asphalt</surface>
            </gpxtpx:Extensions>
          </gpxtpx:TrackPointExtension>
        </extensions>
      </trkpt>
      <trkpt lat="45.506348" lon="6.078936">
        <ele>267</ele>
        <extensions>
          <gpxtpx:TrackPointExtension>
            <gpxtpx:Extensions>
              <highway>primary</highway>
              <surface>asphalt</surface>
            </gpxtpx:Extensions>
          </gpxtpx:TrackPointExtension>
        </extensions>
      </trkpt>
      <trkpt lat="45.507057" lon="6.080453">
        <ele>267</ele>
        <extensions>
          <gpxtpx:TrackPointExtension>
            <gpxtpx:Extensions>
              <highway>primary</highway>
              <surface>asphalt</surface>
            </gpxtpx:Extensions>
          </gpxtpx:TrackPointExtension>
        </extensions>
      </trkpt>
      <trkpt lat="45.508131" lon="6.082383">
        <ele>268.75</ele>
        <extensions>
          <gpxtpx:TrackPointExtension>
            <gpxtpx:Extensions>
              <highway>primary</highway>
              <surface>asphalt</surface>
            </gpxtpx:Extensions>
          </gpxtpx:TrackPointExtension>
        </extensions>
      </trkpt>
      <trkpt lat="45.508818" lon="6.083423">
        <ele>270.25</ele>
        <extensions>
          <gpxtpx:TrackPointExtension>
            <gpxtpx:Extensions>
              <highway>primary</highway>
              <surface>asphalt</surface>
            </gpxtpx:Extensions>
          </gpxtpx:TrackPointExtension>
        </extensions>
      </trkpt>
      <trkpt lat="45.511208" lon="6.087394">
        <ele>271</ele>
        <extensions>
          <gpxtpx:TrackPointExtension>
            <gpxtpx:Extensions>
              <highway>primary</highway>
              <surface>asphalt</surface>
            </gpxtpx:Extensions>
          </gpxtpx:TrackPointExtension>
        </extensions>
      </trkpt>
      <trkpt lat="45.513898" lon="6.091758">
        <ele>270.5</ele>
        <extensions>
          <gpxtpx:TrackPointExtension>
            <gpxtpx:Extensions>
              <highway>primary</highway>
              <surface>asphalt</surface>
            </gpxtpx:Extensions>
          </gpxtpx:TrackPointExtension>
        </extensions>
      </trkpt>
      <trkpt lat="45.517108" lon="6.097013">
        <ele>272.25</ele>
        <extensions>
          <gpxtpx:TrackPointExtension>
            <gpxtpx:Extensions>
              <highway>primary</highway>
              <surface>asphalt</surface>
            </gpxtpx:Extensions>
          </gpxtpx:TrackPointExtension>
        </extensions>
      </trkpt>
      <trkpt lat="45.519623" lon="6.101151">
        <ele>272.25</ele>
        <extensions>
          <gpxtpx:TrackPointExtension>
            <gpxtpx:Extensions>
              <highway>primary</highway>
              <surface>asphalt</surface>
            </gpxtpx:Extensions>
          </gpxtpx:TrackPointExtension>
        </extensions>
      </trkpt>
      <trkpt lat="45.522183" lon="6.105309">
        <ele>273.25</ele>
        <extensions>
          <gpxtpx:TrackPointExtension>
            <gpxtpx:Extensions>
              <highway>primary</highway>
              <surface>asphalt</surface>
            </gpxtpx:Extensions>
          </gpxtpx:TrackPointExtension>
        </extensions>
      </trkpt>
      <trkpt lat="45.522272" lon="6.10521">
        <ele>273.5</ele>
        <extensions>
          <gpxtpx:TrackPointExtension>
            <gpxtpx:Extensions>
              <highway>unclassified</highway>
              <surface>asphalt</surface>
              <oneway>no</oneway>
            </gpxtpx:Extensions>
          </gpxtpx:TrackPointExtension>
        </extensions>
      </trkpt>
      <trkpt lat="45.522341" lon="6.10513">
        <ele>273.75</ele>
        <extensions>
          <gpxtpx:TrackPointExtension>
            <gpxtpx:Extensions>
              <highway>unclassified</highway>
              <surface>asphalt</surface>
            </gpxtpx:Extensions>
          </gpxtpx:TrackPointExtension>
        </extensions>
      </trkpt>
      <trkpt lat="45.52247" lon="6.104992">
        <ele>273.75</ele>
        <extensions>
          <gpxtpx:TrackPointExtension>
            <gpxtpx:Extensions>
              <highway>unclassified</highway>
              <surface>asphalt</surface>
              <oneway>no</oneway>
            </gpxtpx:Extensions>
          </gpxtpx:TrackPointExtension>
        </extensions>
      </trkpt>
      <trkpt lat="45.52217" lon="6.104673">
        <ele>272.75</ele>
        <extensions>
          <gpxtpx:TrackPointExtension>
            <gpxtpx:Extensions>
              <reversedirection>yes</reversedirection>
              <highway>cycleway</highway>
              <surface>asphalt</surface>
              <foot>designated</foot>
              <bicycle>designated</bicycle>
            </gpxtpx:Extensions>
          </gpxtpx:TrackPointExtension>
        </extensions>
      </trkpt>
      <trkpt lat="45.522112" lon="6.10458">
        <ele>272.5</ele>
        <extensions>
          <gpxtpx:TrackPointExtension>
            <gpxtpx:Extensions>
              <reversedirection>yes</reversedirection>
              <highway>cycleway</highway>
              <surface>asphalt</surface>
              <foot>designated</foot>
              <bicycle>designated</bicycle>
            </gpxtpx:Extensions>
          </gpxtpx:TrackPointExtension>
        </extensions>
      </trkpt>
      <trkpt lat="45.522072522" lon="6.104630481">
        <ele>273.08</ele>
      </trkpt>
      <trkpt lat="45.522326179" lon="6.104929076">
        <ele>273.84</ele>
      </trkpt>
      <trkpt lat="45.522425628" lon="6.105039043">
        <ele>275.08</ele>
      </trkpt>
      <trkpt lat="45.522564655" lon="6.105057509">
        <ele>275.83</ele>
      </trkpt>
      <trkpt lat="45.522890689" lon="6.105075787">
        <ele>276.34</ele>
      </trkpt>
      <trkpt lat="45.523420604" lon="6.105022727">
        <ele>276.02</ele>
      </trkpt>
      <trkpt lat="45.523678822" lon="6.10501918">
        <ele>276.16</ele>
      </trkpt>
      <trkpt lat="45.52683732" lon="6.10493001">
        <ele>275.72</ele>
      </trkpt>
      <trkpt lat="45.527562462" lon="6.104865732">
        <ele>275.07</ele>
      </trkpt>
      <trkpt lat="45.528290209" lon="6.104812853">
        <ele>274.78</ele>
      </trkpt>
      <trkpt lat="45.528513149" lon="6.10480373">
        <ele>275.65</ele>
      </trkpt>
      <trkpt lat="45.528600888" lon="6.104833842">
        <ele>276.36</ele>
      </trkpt>
      <trkpt lat="45.528798106" lon="6.104902585">
        <ele>276.79</ele>
      </trkpt>
      <trkpt lat="45.528934714" lon="6.104948695">
        <ele>277.61</ele>
      </trkpt>
      <trkpt lat="45.529069572" lon="6.105025479">
        <ele>277.82</ele>
      </trkpt>
      <trkpt lat="45.529231399" lon="6.105137098">
        <ele>277.15</ele>
      </trkpt>
      <trkpt lat="45.529544154" lon="6.10536359">
        <ele>276.1</ele>
      </trkpt>
      <trkpt lat="45.531172835" lon="6.10668952">
        <ele>275.46</ele>
      </trkpt>
      <trkpt lat="45.531629458" lon="6.107057449">
        <ele>274.59</ele>
      </trkpt>
      <trkpt lat="45.531900783" lon="6.107282918">
        <ele>274.3</ele>
      </trkpt>
      <trkpt lat="45.53306957" lon="6.108230962">
        <ele>274.07</ele>
      </trkpt>
      <trkpt lat="45.53343811" lon="6.10855512">
        <ele>274.86</ele>
      </trkpt>
      <trkpt lat="45.534562842" lon="6.109463157">
        <ele>275.52</ele>
      </trkpt>
      <trkpt lat="45.535065938" lon="6.109910673">
        <ele>275.97</ele>
      </trkpt>
      <trkpt lat="45.535210632" lon="6.109989298">
        <ele>276.42</ele>
      </trkpt>
      <trkpt lat="45.535272412" lon="6.110004326">
        <ele>276.7</ele>
      </trkpt>
      <trkpt lat="45.535324824" lon="6.110031623">
        <ele>276.41</ele>
      </trkpt>
      <trkpt lat="45.535360608" lon="6.110073368">
        <ele>276.45</ele>
      </trkpt>
      <trkpt lat="45.535409019" lon="6.110147903">
        <ele>276.18</ele>
      </trkpt>
      <trkpt lat="45.535471929" lon="6.110219374">
        <ele>276.31</ele>
      </trkpt>
      <trkpt lat="45.536938589" lon="6.111536502">
        <ele>276.46</ele>
      </trkpt>
      <trkpt lat="45.53742935" lon="6.111973109">
        <ele>276.28</ele>
      </trkpt>
      <trkpt lat="45.537438668" lon="6.11198325">
        <ele>275.7</ele>
      </trkpt>
      <trkpt lat="45.537615669" lon="6.112175898">
        <ele>275.74</ele>
      </trkpt>
      <trkpt lat="45.537785659" lon="6.112377118">
        <ele>276.18</ele>
      </trkpt>
      <trkpt lat="45.538076917" lon="6.112799357">
        <ele>276.7</ele>
      </trkpt>
      <trkpt lat="45.538711581" lon="6.113700588">
        <ele>277.46</ele>
      </trkpt>
      <trkpt lat="45.539158918" lon="6.114370718">
        <ele>278.45</ele>
      </trkpt>
      <trkpt lat="45.53927014" lon="6.114519308">
        <ele>278.3</ele>
      </trkpt>
      <trkpt lat="45.539501668" lon="6.11487983">
        <ele>277.65</ele>
      </trkpt>
      <trkpt lat="45.539623692" lon="6.115029028">
        <ele>276.61</ele>
      </trkpt>
      <trkpt lat="45.539852797" lon="6.115315646">
        <ele>275.58</ele>
      </trkpt>
      <trkpt lat="45.539984798" lon="6.115496376">
        <ele>274.69</ele>
      </trkpt>
      <trkpt lat="45.54008443" lon="6.11560507">
        <ele>274.74</ele>
      </trkpt>
      <trkpt lat="45.540309002" lon="6.115825442">
        <ele>274.37</ele>
      </trkpt>
      <trkpt lat="45.540531056" lon="6.116038719">
        <ele>274.26</ele>
      </trkpt>
      <trkpt lat="45.54087754" lon="6.116411102">
        <ele>274.35</ele>
      </trkpt>
      <trkpt lat="45.54110953" lon="6.116692431">
        <ele>274.1</ele>
      </trkpt>
      <trkpt lat="45.541727561" lon="6.117315817">
        <ele>273.99</ele>
      </trkpt>
      <trkpt lat="45.542304093" lon="6.117940692">
        <ele>274.25</ele>
      </trkpt>
      <trkpt lat="45.542573538" lon="6.118217023">
        <ele>274.64</ele>
      </trkpt>
      <trkpt lat="45.542737436" lon="6.118420716">
        <ele>274.69</ele>
      </trkpt>
      <trkpt lat="45.542885075" lon="6.11856717">
        <ele>274.8</ele>
      </trkpt>
      <trkpt lat="45.54295632" lon="6.118649101">
        <ele>274.84</ele>
      </trkpt>
      <trkpt lat="45.542998173" lon="6.118691068">
        <ele>274.75</ele>
      </trkpt>
      <trkpt lat="45.543029721" lon="6.118739657">
        <ele>274.58</ele>
      </trkpt>
      <trkpt lat="45.543088765" lon="6.118800604">
        <ele>274.57</ele>
      </trkpt>
      <trkpt lat="45.543186638" lon="6.118921346">
        <ele>274.54</ele>
      </trkpt>
      <trkpt lat="45.543324136" lon="6.119073134">
        <ele>274.52</ele>
      </trkpt>
      <trkpt lat="45.543470073" lon="6.119243857">
        <ele>274.43</ele>
      </trkpt>
      <trkpt lat="45.54364069" lon="6.119429467">
        <ele>274.41</ele>
      </trkpt>
      <trkpt lat="45.543775561" lon="6.119584711">
        <ele>274.52</ele>
      </trkpt>
      <trkpt lat="45.543905379" lon="6.119739671">
        <ele>274.62</ele>
      </trkpt>
      <trkpt lat="45.544009432" lon="6.119911189">
        <ele>274.63</ele>
      </trkpt>
      <trkpt lat="45.544070403" lon="6.119993854">
        <ele>274.62</ele>
      </trkpt>
      <trkpt lat="45.544182235" lon="6.120158608">
        <ele>274.54</ele>
      </trkpt>
      <trkpt lat="45.544293367" lon="6.120348532">
        <ele>274.38</ele>
      </trkpt>
      <trkpt lat="45.544334321" lon="6.120422862">
        <ele>274.23</ele>
      </trkpt>
      <trkpt lat="45.544426339" lon="6.120572098">
        <ele>274.14</ele>
      </trkpt>
      <trkpt lat="45.544532756" lon="6.120793892">
        <ele>274.11</ele>
      </trkpt>
      <trkpt lat="45.544640312" lon="6.121008988">
        <ele>274.08</ele>
      </trkpt>
      <trkpt lat="45.544743889" lon="6.121205909">
        <ele>274.01</ele>
      </trkpt>
      <trkpt lat="45.544815312" lon="6.121392063">
        <ele>273.99</ele>
      </trkpt>
      <trkpt lat="45.544830311" lon="6.121409134">
        <ele>273.99</ele>
      </trkpt>
      <trkpt lat="45.544859988" lon="6.121442939">
        <ele>274.01</ele>
      </trkpt>
      <trkpt lat="45.54488299" lon="6.121505681">
        <ele>274.01</ele>
      </trkpt>
      <trkpt lat="45.544894753" lon="6.121566727">
        <ele>274.02</ele>
      </trkpt>
      <trkpt lat="45.544947166" lon="6.121691521">
        <ele>274.04</ele>
      </trkpt>
      <trkpt lat="45.545059637" lon="6.12195693">
        <ele>274.17</ele>
      </trkpt>
      <trkpt lat="45.545084182" lon="6.122027094">
        <ele>274.4</ele>
      </trkpt>
      <trkpt lat="45.545378802" lon="6.122710587">
        <ele>274.63</ele>
      </trkpt>
      <trkpt lat="45.545544017" lon="6.123087981">
        <ele>274.84</ele>
      </trkpt>
      <trkpt lat="45.54569136" lon="6.123401002">
        <ele>275.07</ele>
      </trkpt>
      <trkpt lat="45.545797459" lon="6.123636579">
        <ele>275.32</ele>
      </trkpt>
      <trkpt lat="45.54589793" lon="6.123847439">
        <ele>275.41</ele>
      </trkpt>
      <trkpt lat="45.54604711" lon="6.12418673">
        <ele>275.55</ele>
      </trkpt>
      <trkpt lat="45.546187393" lon="6.124456265">
        <ele>275.54</ele>
      </trkpt>
      <trkpt lat="45.54633324" lon="6.124787427">
        <ele>275.5</ele>
      </trkpt>
      <trkpt lat="45.546870201" lon="6.12563467">
        <ele>275.38</ele>
      </trkpt>
      <trkpt lat="45.547013393" lon="6.125864629">
        <ele>275.26</ele>
      </trkpt>
      <trkpt lat="45.547124649" lon="6.126019562">
        <ele>275.16</ele>
      </trkpt>
      <trkpt lat="45.54719338" lon="6.126140161">
        <ele>275.21</ele>
      </trkpt>
      <trkpt lat="45.547387767" lon="6.126440968">
        <ele>275.35</ele>
      </trkpt>
      <trkpt lat="45.547480039" lon="6.126538278">
        <ele>275.44</ele>
      </trkpt>
      <trkpt lat="45.547595026" lon="6.126746129">
        <ele>275.63</ele>
      </trkpt>
      <trkpt lat="45.547656521" lon="6.126842612">
        <ele>275.8</ele>
      </trkpt>
      <trkpt lat="45.547724818" lon="6.126943017">
        <ele>275.97</ele>
      </trkpt>
      <trkpt lat="45.547780431" lon="6.127036197">
        <ele>275.97</ele>
      </trkpt>
      <trkpt lat="45.547819254" lon="6.127096011">
        <ele>276.36</ele>
      </trkpt>
      <trkpt lat="45.547902258" lon="6.127205143">
        <ele>276.56</ele>
      </trkpt>
      <trkpt lat="45.547956834" lon="6.12732274">
        <ele>277.28</ele>
      </trkpt>
      <trkpt lat="45.548017364" lon="6.127419425">
        <ele>277.85</ele>
      </trkpt>
      <trkpt lat="45.548073112" lon="6.127508471">
        <ele>278.34</ele>
      </trkpt>
      <trkpt lat="45.548131115" lon="6.127601121">
        <ele>278.79</ele>
      </trkpt>
      <trkpt lat="45.548192232" lon="6.127703434">
        <ele>279.45</ele>
      </trkpt>
      <trkpt lat="45.548236511" lon="6.127778468">
        <ele>279.49</ele>
      </trkpt>
      <trkpt lat="45.548279098" lon="6.127850634">
        <ele>279.66</ele>
      </trkpt>
      <trkpt lat="45.548353672" lon="6.127976716">
        <ele>280.28</ele>
      </trkpt>
      <trkpt lat="45.548412281" lon="6.128074345">
        <ele>280.1</ele>
      </trkpt>
      <trkpt lat="45.548496918" lon="6.128215332">
        <ele>279.83</ele>
      </trkpt>
      <trkpt lat="45.548610629" lon="6.128404751">
        <ele>279.36</ele>
      </trkpt>
      <trkpt lat="45.548782077" lon="6.128655554">
        <ele>278.73</ele>
      </trkpt>
      <trkpt lat="45.548895775" lon="6.128845554">
        <ele>277.76</ele>
      </trkpt>
      <trkpt lat="45.548279093" lon="6.129145343">
        <ele>277.18</ele>
      </trkpt>
      <trkpt lat="45.548293592" lon="6.129271855">
        <ele>276.71</ele>
      </trkpt>
      <trkpt lat="45.548326463" lon="6.129482771">
        <ele>276.47</ele>
      </trkpt>
      <trkpt lat="45.549357707" lon="6.132930937">
        <ele>276.57</ele>
      </trkpt>
      <trkpt lat="45.549726161" lon="6.134485756">
        <ele>276.81</ele>
      </trkpt>
      <trkpt lat="45.550025425" lon="6.135742986">
        <ele>277.11</ele>
      </trkpt>
      <trkpt lat="45.550363262" lon="6.137166606">
        <ele>277.29</ele>
      </trkpt>
      <trkpt lat="45.55109891" lon="6.140253285">
        <ele>277.55</ele>
      </trkpt>
      <trkpt lat="45.551338836" lon="6.141116002">
        <ele>277.69</ele>
      </trkpt>
      <trkpt lat="45.551128047" lon="6.14120924">
        <ele>277.7</ele>
      </trkpt>
      <trkpt lat="45.550767354" lon="6.141346566">
        <ele>277.72</ele>
      </trkpt>
      <trkpt lat="45.550328258" lon="6.141515373">
        <ele>277.79</ele>
      </trkpt>
      <trkpt lat="45.550221465" lon="6.141563209">
        <ele>277.82</ele>
      </trkpt>
      <trkpt lat="45.550172567" lon="6.141604036">
        <ele>277.85</ele>
      </trkpt>
      <trkpt lat="45.550117179" lon="6.141650936">
        <ele>277.86</ele>
      </trkpt>
      <trkpt lat="45.549977845" lon="6.14176743">
        <ele>277.85</ele>
      </trkpt>
      <trkpt lat="45.549834198" lon="6.141909383">
        <ele>278.01</ele>
      </trkpt>
      <trkpt lat="45.549711454" lon="6.142012717">
        <ele>278.25</ele>
      </trkpt>
      <trkpt lat="45.54953476" lon="6.14217586">
        <ele>278.5</ele>
      </trkpt>
      <trkpt lat="45.549474983" lon="6.142218639">
        <ele>278.86</ele>
      </trkpt>
      <trkpt lat="45.549444681" lon="6.142238748">
        <ele>279.22</ele>
      </trkpt>
      <trkpt lat="45.549392617" lon="6.142264018">
        <ele>279.42</ele>
      </trkpt>
      <trkpt lat="45.549370726" lon="6.142273036">
        <ele>279.56</ele>
      </trkpt>
      <trkpt lat="45.549353389" lon="6.142281019">
        <ele>280.3</ele>
      </trkpt>
      <trkpt lat="45.549318698" lon="6.14229703">
        <ele>281.03</ele>
      </trkpt>
      <trkpt lat="45.549247324" lon="6.142335304">
        <ele>281.65</ele>
      </trkpt>
      <trkpt lat="45.549182255" lon="6.142373944">
        <ele>282.5</ele>
      </trkpt>
      <trkpt lat="45.548951723" lon="6.142496832">
        <ele>283.3</ele>
      </trkpt>
      <trkpt lat="45.548855917" lon="6.142538869">
        <ele>283.32</ele>
      </trkpt>
      <trkpt lat="45.548622083" lon="6.142651303">
        <ele>283.25</ele>
      </trkpt>
      <trkpt lat="45.54837246" lon="6.142779525">
        <ele>283.28</ele>
      </trkpt>
      <trkpt lat="45.548199027" lon="6.142858187">
        <ele>283.27</ele>
      </trkpt>
      <trkpt lat="45.548016897" lon="6.142958173">
        <ele>283.2</ele>
      </trkpt>
      <trkpt lat="45.547876229" lon="6.143025879">
        <ele>282.62</ele>
      </trkpt>
      <trkpt lat="45.547672642" lon="6.143119499">
        <ele>281.63</ele>
      </trkpt>
      <trkpt lat="45.547525382" lon="6.143197095">
        <ele>281.19</ele>
      </trkpt>
      <trkpt lat="45.547069278" lon="6.143407423">
        <ele>280.96</ele>
      </trkpt>
      <trkpt lat="45.546353778" lon="6.14374503">
        <ele>280.64</ele>
      </trkpt>
      <trkpt lat="45.546289008" lon="6.143806776">
        <ele>280.95</ele>
      </trkpt>
      <trkpt lat="45.546424256" lon="6.144061973">
        <ele>281.68</ele>
      </trkpt>
      <trkpt lat="45.54643891" lon="6.144085898">
        <ele>281.84</ele>
      </trkpt>
      <trkpt lat="45.546611476" lon="6.144359888">
        <ele>281.78</ele>
      </trkpt>
      <trkpt lat="45.546723975" lon="6.144623201">
        <ele>281.73</ele>
      </trkpt>
      <trkpt lat="45.546816093" lon="6.144937111">
        <ele>281.49</ele>
      </trkpt>
      <trkpt lat="45.5469556" lon="6.145265654">
        <ele>281.44</ele>
      </trkpt>
      <trkpt lat="45.547205401" lon="6.145806971">
        <ele>281.36</ele>
      </trkpt>
      <trkpt lat="45.547543503" lon="6.146476416">
        <ele>281.19</ele>
      </trkpt>
      <trkpt lat="45.547908158" lon="6.147260263">
        <ele>281.14</ele>
      </trkpt>
      <trkpt lat="45.548233092" lon="6.148025966">
        <ele>282.03</ele>
      </trkpt>
      <trkpt lat="45.548453454" lon="6.148560727">
        <ele>282.29</ele>
      </trkpt>
      <trkpt lat="45.548747285" lon="6.149227983">
        <ele>282.65</ele>
      </trkpt>
      <trkpt lat="45.549045412" lon="6.149888816">
        <ele>282.92</ele>
      </trkpt>
      <trkpt lat="45.549065505" lon="6.149953301">
        <ele>283.15</ele>
      </trkpt>
      <trkpt lat="45.549088941" lon="6.150017476">
        <ele>282.96</ele>
      </trkpt>
      <trkpt lat="45.549195331" lon="6.150272363">
        <ele>283.21</ele>
      </trkpt>
      <trkpt lat="45.550927667" lon="6.154053323">
        <ele>283.68</ele>
      </trkpt>
      <trkpt lat="45.551023152" lon="6.154279392">
        <ele>284.15</ele>
      </trkpt>
      <trkpt lat="45.551301791" lon="6.154882701">
        <ele>283.7</ele>
      </trkpt>
      <trkpt lat="45.551710518" lon="6.155828201">
        <ele>284.04</ele>
      </trkpt>
      <trkpt lat="45.552106602" lon="6.156710171">
        <ele>283.71</ele>
      </trkpt>
      <trkpt lat="45.552422467" lon="6.157431068">
        <ele>283.25</ele>
      </trkpt>
      <trkpt lat="45.552850999" lon="6.158376457">
        <ele>282.74</ele>
      </trkpt>
      <trkpt lat="45.552929459" lon="6.15856638">
        <ele>283.19</ele>
      </trkpt>
      <trkpt lat="45.553010147" lon="6.158645374">
        <ele>282.46</ele>
      </trkpt>
      <trkpt lat="45.553236092" lon="6.158718534">
        <ele>282.25</ele>
      </trkpt>
      <trkpt lat="45.553432307" lon="6.158887488">
        <ele>281.9</ele>
      </trkpt>
      <trkpt lat="45.553485321" lon="6.158893074">
        <ele>281.72</ele>
      </trkpt>
      <trkpt lat="45.553548196" lon="6.158868436">
        <ele>281.53</ele>
      </trkpt>
      <trkpt lat="45.553598331" lon="6.158816135">
        <ele>281.51</ele>
      </trkpt>
      <trkpt lat="45.553703352" lon="6.158734891">
        <ele>281.92</ele>
      </trkpt>
      <trkpt lat="45.554228724" lon="6.158455531">
        <ele>282.92</ele>
      </trkpt>
      <trkpt lat="45.554445229" lon="6.158510841">
        <ele>283.08</ele>
      </trkpt>
      <trkpt lat="45.554943361" lon="6.162388038">
        <ele>283.42</ele>
      </trkpt>
      <trkpt lat="45.554975694" lon="6.163099592">
        <ele>283.59</ele>
      </trkpt>
      <trkpt lat="45.555139501" lon="6.163483564">
        <ele>283.55</ele>
      </trkpt>
      <trkpt lat="45.55528269" lon="6.163790719">
        <ele>282.89</ele>
      </trkpt>
      <trkpt lat="45.555422946" lon="6.164112116">
        <ele>283.05</ele>
      </trkpt>
      <trkpt lat="45.555553732" lon="6.16442684">
        <ele>283.16</ele>
      </trkpt>
      <trkpt lat="45.555682195" lon="6.164697147">
        <ele>283.26</ele>
      </trkpt>
      <trkpt lat="45.55577103" lon="6.164870253">
        <ele>283.31</ele>
      </trkpt>
      <trkpt lat="45.555826315" lon="6.164973946">
        <ele>283.63</ele>
      </trkpt>
      <trkpt lat="45.555855705" lon="6.165043348">
        <ele>283.66</ele>
      </trkpt>
      <trkpt lat="45.555918601" lon="6.1651981">
        <ele>283.71</ele>
      </trkpt>
      <trkpt lat="45.556005251" lon="6.165417248">
        <ele>283.81</ele>
      </trkpt>
      <trkpt lat="45.556095621" lon="6.165600734">
        <ele>283.89</ele>
      </trkpt>
      <trkpt lat="45.556140848" lon="6.165658477">
        <ele>283.57</ele>
      </trkpt>
      <trkpt lat="45.556199366" lon="6.165692605">
        <ele>283.4</ele>
      </trkpt>
      <trkpt lat="45.556340807" lon="6.165694267">
        <ele>283.17</ele>
      </trkpt>
      <trkpt lat="45.556404942" lon="6.16568895">
        <ele>283.02</ele>
      </trkpt>
      <trkpt lat="45.556449782" lon="6.165728711">
        <ele>282.64</ele>
      </trkpt>
      <trkpt lat="45.556486453" lon="6.165770572">
        <ele>282.4</ele>
      </trkpt>
      <trkpt lat="45.556584732" lon="6.165896768">
        <ele>282.14</ele>
      </trkpt>
      <trkpt lat="45.556766152" lon="6.165631335">
        <ele>281.88</ele>
      </trkpt>
      <trkpt lat="45.556895628" lon="6.165386">
        <ele>281.64</ele>
      </trkpt>
      <trkpt lat="45.557010407" lon="6.165182158">
        <ele>281.67</ele>
      </trkpt>
      <trkpt lat="45.557146383" lon="6.164993662">
        <ele>281.62</ele>
      </trkpt>
      <trkpt lat="45.557279356" lon="6.164880667">
        <ele>281.64</ele>
      </trkpt>
      <trkpt lat="45.557409665" lon="6.164797025">
        <ele>281.66</ele>
      </trkpt>
      <trkpt lat="45.557519229" lon="6.164778906">
        <ele>281.5</ele>
      </trkpt>
      <trkpt lat="45.557591531" lon="6.164803558">
        <ele>281.35</ele>
      </trkpt>
      <trkpt lat="45.557667933" lon="6.164874627">
        <ele>281.36</ele>
      </trkpt>
      <trkpt lat="45.557760542" lon="6.16491455">
        <ele>281.28</ele>
      </trkpt>
      <trkpt lat="45.557896671" lon="6.164976187">
        <ele>281.35</ele>
      </trkpt>
      <trkpt lat="45.558084355" lon="6.165031801">
        <ele>281.45</ele>
      </trkpt>
      <trkpt lat="45.558284463" lon="6.16512661">
        <ele>281.9</ele>
      </trkpt>
      <trkpt lat="45.558431726" lon="6.165241507">
        <ele>282.62</ele>
      </trkpt>
      <trkpt lat="45.55852222" lon="6.1653878">
        <ele>283.09</ele>
      </trkpt>
      <trkpt lat="45.558590517" lon="6.165554623">
        <ele>283.38</ele>
      </trkpt>
      <trkpt lat="45.558608082" lon="6.165763423">
        <ele>283.61</ele>
      </trkpt>
      <trkpt lat="45.558613126" lon="6.166031828">
        <ele>283.35</ele>
      </trkpt>
      <trkpt lat="45.558612877" lon="6.166424368">
        <ele>282.73</ele>
      </trkpt>
      <trkpt lat="45.55864108" lon="6.166894222">
        <ele>282.63</ele>
      </trkpt>
      <trkpt lat="45.558685755" lon="6.167259836">
        <ele>282.73</ele>
      </trkpt>
      <trkpt lat="45.55875947" lon="6.167650188">
        <ele>283.03</ele>
      </trkpt>
      <trkpt lat="45.558794584" lon="6.167779211">
        <ele>283.78</ele>
      </trkpt>
      <trkpt lat="45.558857849" lon="6.16802784">
        <ele>284.83</ele>
      </trkpt>
      <trkpt lat="45.558936022" lon="6.168355589">
        <ele>285.22</ele>
      </trkpt>
      <trkpt lat="45.558965718" lon="6.168740876">
        <ele>285.8</ele>
      </trkpt>
      <trkpt lat="45.558981191" lon="6.169022709">
        <ele>285.91</ele>
      </trkpt>
      <trkpt lat="45.559003102" lon="6.169172748">
        <ele>285.53</ele>
      </trkpt>
      <trkpt lat="45.559648079" lon="6.170428367">
        <ele>284.97</ele>
      </trkpt>
      <trkpt lat="45.559426528" lon="6.170646631">
        <ele>284.86</ele>
      </trkpt>
      <trkpt lat="45.559293534" lon="6.170792955">
        <ele>284.31</ele>
      </trkpt>
      <trkpt lat="45.559272148" lon="6.170848176">
        <ele>283.79</ele>
      </trkpt>
      <trkpt lat="45.559275814" lon="6.170942038">
        <ele>283.56</ele>
      </trkpt>
      <trkpt lat="45.559633925" lon="6.171600127">
        <ele>283.25</ele>
      </trkpt>
      <trkpt lat="45.560984495" lon="6.174132894">
        <ele>282.95</ele>
      </trkpt>
      <trkpt lat="45.561033003" lon="6.174202378">
        <ele>282.68</ele>
      </trkpt>
      <trkpt lat="45.561077017" lon="6.174239537">
        <ele>282.82</ele>
      </trkpt>
      <trkpt lat="45.561119771" lon="6.174257372">
        <ele>282.83</ele>
      </trkpt>
      <trkpt lat="45.561201198" lon="6.174532734">
        <ele>282.75</ele>
      </trkpt>
      <trkpt lat="45.561241107" lon="6.174619677">
        <ele>282.69</ele>
      </trkpt>
      <trkpt lat="45.561340256" lon="6.174778028">
        <ele>282.67</ele>
      </trkpt>
      <trkpt lat="45.561379594" lon="6.174853407">
        <ele>282.66</ele>
      </trkpt>
      <trkpt lat="45.561429129" lon="6.174981992">
        <ele>282.53</ele>
      </trkpt>
      <trkpt lat="45.561442764" lon="6.17504179">
        <ele>282.65</ele>
      </trkpt>
      <trkpt lat="45.56153034" lon="6.175131464">
        <ele>282.69</ele>
      </trkpt>
      <trkpt lat="45.561582807" lon="6.175220435">
        <ele>282.75</ele>
      </trkpt>
      <trkpt lat="45.56169239" lon="6.175392195">
        <ele>282.8</ele>
      </trkpt>
      <trkpt lat="45.561904323" lon="6.175802056">
        <ele>283.05</ele>
      </trkpt>
      <trkpt lat="45.562198946" lon="6.176346232">
        <ele>283.68</ele>
      </trkpt>
      <trkpt lat="45.56265778" lon="6.177202601">
        <ele>284.3</ele>
      </trkpt>
      <trkpt lat="45.562992577" lon="6.177823487">
        <ele>284.91</ele>
      </trkpt>
      <trkpt lat="45.563444432" lon="6.17867176">
        <ele>285.5</ele>
      </trkpt>
      <trkpt lat="45.563495486" lon="6.178746547">
        <ele>285.98</ele>
      </trkpt>
      <trkpt lat="45.563551617" lon="6.178833156">
        <ele>286.06</ele>
      </trkpt>
      <trkpt lat="45.563601909" lon="6.17890275">
        <ele>286.24</ele>
      </trkpt>
      <trkpt lat="45.56362486" lon="6.178984247">
        <ele>286.44</ele>
      </trkpt>
      <trkpt lat="45.563625875" lon="6.179057105">
        <ele>286.64</ele>
      </trkpt>
      <trkpt lat="45.563624501" lon="6.179123428">
        <ele>286.81</ele>
      </trkpt>
      <trkpt lat="45.563648323" lon="6.179173576">
        <ele>286.79</ele>
      </trkpt>
      <trkpt lat="45.563697335" lon="6.179225137">
        <ele>286.71</ele>
      </trkpt>
      <trkpt lat="45.563740648" lon="6.179254548">
        <ele>286.31</ele>
      </trkpt>
      <trkpt lat="45.563861191" lon="6.179262763">
        <ele>285.7</ele>
      </trkpt>
      <trkpt lat="45.564068343" lon="6.179266945">
        <ele>285.5</ele>
      </trkpt>
      <trkpt lat="45.564208807" lon="6.179271129">
        <ele>285.24</ele>
      </trkpt>
      <trkpt lat="45.564385235" lon="6.179278707">
        <ele>285.45</ele>
      </trkpt>
      <trkpt lat="45.564462503" lon="6.179286979">
        <ele>286.07</ele>
      </trkpt>
      <trkpt lat="45.564597636" lon="6.179320379">
        <ele>286.77</ele>
      </trkpt>
      <trkpt lat="45.564703948" lon="6.179353428">
        <ele>287.09</ele>
      </trkpt>
      <trkpt lat="45.564810649" lon="6.179404458">
        <ele>287.4</ele>
      </trkpt>
      <trkpt lat="45.564813306" lon="6.17940588">
        <ele>287.16</ele>
      </trkpt>
      <trkpt lat="45.564930052" lon="6.179452368">
        <ele>286.54</ele>
      </trkpt>
      <trkpt lat="45.565031427" lon="6.179500514">
        <ele>286.01</ele>
      </trkpt>
      <trkpt lat="45.565210324" lon="6.179580058">
        <ele>285.3</ele>
      </trkpt>
      <trkpt lat="45.565315438" lon="6.179623307">
        <ele>284.68</ele>
      </trkpt>
      <trkpt lat="45.565528306" lon="6.179712491">
        <ele>284.15</ele>
      </trkpt>
      <trkpt lat="45.565622805" lon="6.179748704">
        <ele>283.84</ele>
      </trkpt>
      <trkpt lat="45.565717212" lon="6.179788769">
        <ele>283.61</ele>
      </trkpt>
      <trkpt lat="45.565814358" lon="6.179826404">
        <ele>283.53</ele>
      </trkpt>
      <trkpt lat="45.565917541" lon="6.179874664">
        <ele>283.49</ele>
      </trkpt>
      <trkpt lat="45.56608578" lon="6.179948448">
        <ele>283.51</ele>
      </trkpt>
      <trkpt lat="45.566175202" lon="6.179972839">
        <ele>283.53</ele>
      </trkpt>
      <trkpt lat="45.566250211" lon="6.179997673">
        <ele>283.53</ele>
      </trkpt>
      <trkpt lat="45.566382671" lon="6.180061716">
        <ele>283.52</ele>
      </trkpt>
      <trkpt lat="45.566441189" lon="6.180095874">
        <ele>283.52</ele>
      </trkpt>
      <trkpt lat="45.56648749" lon="6.180147283">
        <ele>284.2</ele>
      </trkpt>
      <trkpt lat="45.566491878" lon="6.180151384">
        <ele>284.44</ele>
      </trkpt>
      <trkpt lat="45.567236947" lon="6.179713282">
        <ele>284.75</ele>
      </trkpt>
      <trkpt lat="45.56801005" lon="6.179423283">
        <ele>284.96</ele>
      </trkpt>
      <trkpt lat="45.568305874" lon="6.179402039">
        <ele>285.39</ele>
      </trkpt>
      <trkpt lat="45.568501439" lon="6.179604314">
        <ele>285.07</ele>
      </trkpt>
      <trkpt lat="45.571333571" lon="6.186022488">
        <ele>285.66</ele>
      </trkpt>
      <trkpt lat="45.571920402" lon="6.187384301">
        <ele>286.09</ele>
      </trkpt>
      <trkpt lat="45.57212839" lon="6.187867201">
        <ele>286.89</ele>
      </trkpt>
      <trkpt lat="45.572225689" lon="6.188090921">
        <ele>287.11</ele>
      </trkpt>
      <trkpt lat="45.572334734" lon="6.188344866">
        <ele>287.43</ele>
      </trkpt>
      <trkpt lat="45.572384364" lon="6.188469622">
        <ele>287.25</ele>
      </trkpt>
      <trkpt lat="45.572541519" lon="6.188870018">
        <ele>287.12</ele>
      </trkpt>
      <trkpt lat="45.57264549" lon="6.189144209">
        <ele>286.7</ele>
      </trkpt>
      <trkpt lat="45.572766996" lon="6.18949895">
        <ele>286.56</ele>
      </trkpt>
      <trkpt lat="45.572810994" lon="6.189632345">
        <ele>286.24</ele>
      </trkpt>
      <trkpt lat="45.57285356" lon="6.189751576">
        <ele>285.97</ele>
      </trkpt>
      <trkpt lat="45.572730415" lon="6.189835594">
        <ele>285.75</ele>
      </trkpt>
      <trkpt lat="45.572683172" lon="6.189880364">
        <ele>285.57</ele>
      </trkpt>
      <trkpt lat="45.572658225" lon="6.18990201">
        <ele>285.5</ele>
      </trkpt>
      <trkpt lat="45.5726415" lon="6.189920303">
        <ele>285.42</ele>
      </trkpt>
      <trkpt lat="45.572684576" lon="6.190021578">
        <ele>285.41</ele>
      </trkpt>
      <trkpt lat="45.572760595" lon="6.190200487">
        <ele>285.34</ele>
      </trkpt>
      <trkpt lat="45.572858034" lon="6.190419101">
        <ele>285.47</ele>
      </trkpt>
      <trkpt lat="45.572934226" lon="6.190592878">
        <ele>285.34</ele>
      </trkpt>
      <trkpt lat="45.573009917" lon="6.190783287">
        <ele>285.51</ele>
      </trkpt>
      <trkpt lat="45.573097206" lon="6.191010305">
        <ele>285.52</ele>
      </trkpt>
      <trkpt lat="45.573181344" lon="6.191220465">
        <ele>285.57</ele>
      </trkpt>
      <trkpt lat="45.573255617" lon="6.191397975">
        <ele>285.34</ele>
      </trkpt>
      <trkpt lat="45.573326844" lon="6.191618927">
        <ele>285.54</ele>
      </trkpt>
      <trkpt lat="45.573395272" lon="6.191843598">
        <ele>285.52</ele>
      </trkpt>
      <trkpt lat="45.573488254" lon="6.192091481">
        <ele>285.69</ele>
      </trkpt>
      <trkpt lat="45.573561369" lon="6.192277904">
        <ele>286.01</ele>
      </trkpt>
      <trkpt lat="45.573651738" lon="6.192490991">
        <ele>286.41</ele>
      </trkpt>
      <trkpt lat="45.573755594" lon="6.192736939">
        <ele>286.52</ele>
      </trkpt>
      <trkpt lat="45.573843674" lon="6.192935782">
        <ele>286.65</ele>
      </trkpt>
      <trkpt lat="45.57393604" lon="6.193110497">
        <ele>286.67</ele>
      </trkpt>
      <trkpt lat="45.57411614" lon="6.193432676">
        <ele>286.68</ele>
      </trkpt>
      <trkpt lat="45.574216574" lon="6.193641234">
        <ele>286.73</ele>
      </trkpt>
      <trkpt lat="45.574383947" lon="6.194220637">
        <ele>286.76</ele>
      </trkpt>
      <trkpt lat="45.574479952" lon="6.194584195">
        <ele>286.8</ele>
      </trkpt>
      <trkpt lat="45.574549593" lon="6.194924429">
        <ele>286.85</ele>
      </trkpt>
      <trkpt lat="45.57458176" lon="6.195218856">
        <ele>286.79</ele>
      </trkpt>
      <trkpt lat="45.574582642" lon="6.195378008">
        <ele>286.69</ele>
      </trkpt>
      <trkpt lat="45.574583701" lon="6.19556288">
        <ele>287.28</ele>
      </trkpt>
      <trkpt lat="45.57458374" lon="6.195624455">
        <ele>287.9</ele>
      </trkpt>
      <trkpt lat="45.57458471" lon="6.195654038">
        <ele>288.52</ele>
      </trkpt>
      <trkpt lat="45.574584978" lon="6.195666542">
        <ele>288.96</ele>
      </trkpt>
      <trkpt lat="45.574585869" lon="6.195707986">
        <ele>289.6</ele>
      </trkpt>
      <trkpt lat="45.574645468" lon="6.195957814">
        <ele>290.09</ele>
      </trkpt>
      <trkpt lat="45.574799169" lon="6.196415835">
        <ele>290.53</ele>
      </trkpt>
      <trkpt lat="45.574918631" lon="6.196778173">
        <ele>290.43</ele>
      </trkpt>
      <trkpt lat="45.575062353" lon="6.197111115">
        <ele>290.02</ele>
      </trkpt>
      <trkpt lat="45.575288427" lon="6.197496299">
        <ele>289.32</ele>
      </trkpt>
      <trkpt lat="45.575557495" lon="6.197985372">
        <ele>288.35</ele>
      </trkpt>
      <trkpt lat="45.575852901" lon="6.198434869">
        <ele>287.38</ele>
      </trkpt>
      <trkpt lat="45.576033667" lon="6.198701962">
        <ele>286.92</ele>
      </trkpt>
      <trkpt lat="45.576081191" lon="6.198774002">
        <ele>286.9</ele>
      </trkpt>
      <trkpt lat="45.576103884" lon="6.198862573">
        <ele>287.82</ele>
      </trkpt>
      <trkpt lat="45.576102097" lon="6.198925346">
        <ele>288.58</ele>
      </trkpt>
      <trkpt lat="45.576084349" lon="6.198979513">
        <ele>289.31</ele>
      </trkpt>
      <trkpt lat="45.576052538" lon="6.199052094">
        <ele>289.92</ele>
      </trkpt>
      <trkpt lat="45.576046071" lon="6.199121018">
        <ele>290.3</ele>
      </trkpt>
      <trkpt lat="45.57605517" lon="6.199212646">
        <ele>290.74</ele>
      </trkpt>
      <trkpt lat="45.576098253" lon="6.199313966">
        <ele>291.01</ele>
      </trkpt>
      <trkpt lat="45.576266994" lon="6.199749771">
        <ele>290.75</ele>
      </trkpt>
      <trkpt lat="45.576431056" lon="6.2001917">
        <ele>290.26</ele>
      </trkpt>
      <trkpt lat="45.576481261" lon="6.200263896">
        <ele>290.16</ele>
      </trkpt>
      <trkpt lat="45.576550074" lon="6.200347439">
        <ele>289.2</ele>
      </trkpt>
      <trkpt lat="45.576664202" lon="6.200422026">
        <ele>288.24</ele>
      </trkpt>
      <trkpt lat="45.576870101" lon="6.200501944">
        <ele>287.7</ele>
      </trkpt>
      <trkpt lat="45.576688741" lon="6.200826396">
        <ele>287.58</ele>
      </trkpt>
      <trkpt lat="45.577502257" lon="6.201911589">
        <ele>287.34</ele>
      </trkpt>
      <trkpt lat="45.577693342" lon="6.202195992">
        <ele>287.06</ele>
      </trkpt>
      <trkpt lat="45.577849279" lon="6.202447551">
        <ele>286.84</ele>
      </trkpt>
      <trkpt lat="45.577970733" lon="6.202676567">
        <ele>286.96</ele>
      </trkpt>
      <trkpt lat="45.578224589" lon="6.20316096">
        <ele>287.3</ele>
      </trkpt>
      <trkpt lat="45.578617479" lon="6.203889503">
        <ele>287.45</ele>
      </trkpt>
      <trkpt lat="45.578726027" lon="6.204128066">
        <ele>287.88</ele>
      </trkpt>
      <trkpt lat="45.578921077" lon="6.204525627">
        <ele>288.74</ele>
      </trkpt>
      <trkpt lat="45.579127309" lon="6.204909723">
        <ele>289.03</ele>
      </trkpt>
      <trkpt lat="45.579419858" lon="6.205459232">
        <ele>289.09</ele>
      </trkpt>
      <trkpt lat="45.579741205" lon="6.205156981">
        <ele>289.6</ele>
      </trkpt>
      <trkpt lat="45.579824258" lon="6.20508864">
        <ele>289.84</ele>
      </trkpt>
      <trkpt lat="45.579913886" lon="6.205074557">
        <ele>289.24</ele>
      </trkpt>
      <trkpt lat="45.579989154" lon="6.205121254">
        <ele>289.05</ele>
      </trkpt>
      <trkpt lat="45.580569119" lon="6.205894037">
        <ele>288.84</ele>
      </trkpt>
      <trkpt lat="45.580633487" lon="6.206006844">
        <ele>288.32</ele>
      </trkpt>
      <trkpt lat="45.580667015" lon="6.206158956">
        <ele>288.22</ele>
      </trkpt>
      <trkpt lat="45.580789132" lon="6.206964281">
        <ele>288.49</ele>
      </trkpt>
      <trkpt lat="45.580945232" lon="6.208125819">
        <ele>289.14</ele>
      </trkpt>
      <trkpt lat="45.58098352" lon="6.209152199">
        <ele>290.62</ele>
      </trkpt>
      <trkpt lat="45.58098439" lon="6.209689969">
        <ele>291.58</ele>
      </trkpt>
      <trkpt lat="45.580990254" lon="6.210430858">
        <ele>293.14</ele>
      </trkpt>
      <trkpt lat="45.58098607" lon="6.211050493">
        <ele>294.47</ele>
      </trkpt>
      <trkpt lat="45.580996414" lon="6.211540077">
        <ele>295.95</ele>
      </trkpt>
      <trkpt lat="45.581000399" lon="6.211748227">
        <ele>296.31</ele>
      </trkpt>
      <trkpt lat="45.581001799" lon="6.211951076">
        <ele>296.99</ele>
      </trkpt>
      <trkpt lat="45.58102782" lon="6.212113">
        <ele>296.99</ele>
      </trkpt>
      <trkpt lat="45.581091308" lon="6.212256566">
        <ele>297.33</ele>
      </trkpt>
      <trkpt lat="45.581159338" lon="6.212367045">
        <ele>296.95</ele>
      </trkpt>
      <trkpt lat="45.581241086" lon="6.212502668">
        <ele>296.29</ele>
      </trkpt>
      <trkpt lat="45.581350164" lon="6.212722064">
        <ele>295.38</ele>
      </trkpt>
      <trkpt lat="45.581454847" lon="6.212969397">
        <ele>294.21</ele>
      </trkpt>
      <trkpt lat="45.581586275" lon="6.213258094">
        <ele>293.73</ele>
      </trkpt>
      <trkpt lat="45.581640557" lon="6.213376741">
        <ele>292.57</ele>
      </trkpt>
      <trkpt lat="45.582049237" lon="6.213078316">
        <ele>291.78</ele>
      </trkpt>
      <trkpt lat="45.582216016" lon="6.212950645">
        <ele>291.47</ele>
      </trkpt>
      <trkpt lat="45.582758068" lon="6.212589338">
        <ele>290.93</ele>
      </trkpt>
      <trkpt lat="45.582732981" lon="6.212993463">
        <ele>289.66</ele>
      </trkpt>
      <trkpt lat="45.582724716" lon="6.213345944">
        <ele>289.3</ele>
      </trkpt>
      <trkpt lat="45.58273533" lon="6.213762373">
        <ele>289.14</ele>
      </trkpt>
      <trkpt lat="45.582750855" lon="6.214197084">
        <ele>289</ele>
      </trkpt>
      <trkpt lat="45.582759813" lon="6.21454542">
        <ele>289.18</ele>
      </trkpt>
      <trkpt lat="45.582757154" lon="6.214858422">
        <ele>289.41</ele>
      </trkpt>
      <trkpt lat="45.58275168" lon="6.215176413">
        <ele>289.7</ele>
      </trkpt>
      <trkpt lat="45.58272722" lon="6.215400878">
        <ele>290.05</ele>
      </trkpt>
      <trkpt lat="45.582690976" lon="6.215565625">
        <ele>290.45</ele>
      </trkpt>
      <trkpt lat="45.582513909" lon="6.216084124">
        <ele>290.94</ele>
      </trkpt>
      <trkpt lat="45.582496034" lon="6.216205011">
        <ele>292.01</ele>
      </trkpt>
      <trkpt lat="45.582521325" lon="6.216360485">
        <ele>293.16</ele>
      </trkpt>
      <trkpt lat="45.582722272" lon="6.216927883">
        <ele>293.39</ele>
      </trkpt>
      <trkpt lat="45.58287116" lon="6.217299753">
        <ele>293.85</ele>
      </trkpt>
      <trkpt lat="45.583030147" lon="6.217664496">
        <ele>294.23</ele>
      </trkpt>
      <trkpt lat="45.58332288" lon="6.218268039">
        <ele>294.01</ele>
      </trkpt>
      <trkpt lat="45.58352678" lon="6.218637968">
        <ele>292.9</ele>
      </trkpt>
      <trkpt lat="45.583704568" lon="6.218912687">
        <ele>292.58</ele>
      </trkpt>
      <trkpt lat="45.584042321" lon="6.219517566">
        <ele>292.01</ele>
      </trkpt>
      <trkpt lat="45.584107825" lon="6.219527794">
        <ele>291.05</ele>
      </trkpt>
      <trkpt lat="45.584165667" lon="6.21952216">
        <ele>290.18</ele>
      </trkpt>
      <trkpt lat="45.584604386" lon="6.220157319">
        <ele>289.95</ele>
      </trkpt>
      <trkpt lat="45.58468253" lon="6.220260679">
        <ele>289.72</ele>
      </trkpt>
      <trkpt lat="45.584754693" lon="6.220321367">
        <ele>289.5</ele>
      </trkpt>
      <trkpt lat="45.584821071" lon="6.220363729">
        <ele>289.48</ele>
      </trkpt>
      <trkpt lat="45.584969289" lon="6.220475005">
        <ele>289.46</ele>
      </trkpt>
      <trkpt lat="45.585061746" lon="6.220550989">
        <ele>289.52</ele>
      </trkpt>
      <trkpt lat="45.585223834" lon="6.220743934">
        <ele>289.78</ele>
      </trkpt>
      <trkpt lat="45.585380565" lon="6.220967395">
        <ele>290.06</ele>
      </trkpt>
      <trkpt lat="45.585521604" lon="6.221171963">
        <ele>290.3</ele>
      </trkpt>
      <trkpt lat="45.585596738" lon="6.221254636">
        <ele>290.4</ele>
      </trkpt>
      <trkpt lat="45.585676296" lon="6.221340114">
        <ele>290.79</ele>
      </trkpt>
      <trkpt lat="45.585783171" lon="6.221415638">
        <ele>290.6</ele>
      </trkpt>
      <trkpt lat="45.58595179" lon="6.221538409">
        <ele>290.41</ele>
      </trkpt>
      <trkpt lat="45.586099765" lon="6.221626588">
        <ele>290.23</ele>
      </trkpt>
      <trkpt lat="45.586180352" lon="6.221676171">
        <ele>290.11</ele>
      </trkpt>
      <trkpt lat="45.58615927" lon="6.221719905">
        <ele>289.75</ele>
      </trkpt>
      <trkpt lat="45.586139006" lon="6.22179828">
        <ele>289.75</ele>
      </trkpt>
      <trkpt lat="45.586129958" lon="6.221831131">
        <ele>289.67</ele>
      </trkpt>
      <trkpt lat="45.586150852" lon="6.221919623">
        <ele>289.53</ele>
      </trkpt>
      <trkpt lat="45.586210466" lon="6.222009096">
        <ele>289.41</ele>
      </trkpt>
      <trkpt lat="45.586484027" lon="6.222431882">
        <ele>289.28</ele>
      </trkpt>
      <trkpt lat="45.586492438" lon="6.222484994">
        <ele>289.16</ele>
      </trkpt>
      <trkpt lat="45.586493417" lon="6.222513283">
        <ele>289.13</ele>
      </trkpt>
      <trkpt lat="45.586480464" lon="6.222556181">
        <ele>289.25</ele>
      </trkpt>
      <trkpt lat="45.586421807" lon="6.222622088">
        <ele>289.36</ele>
      </trkpt>
      <trkpt lat="45.586230839" lon="6.222807347">
        <ele>289.48</ele>
      </trkpt>
      <trkpt lat="45.586201445" lon="6.22285826">
        <ele>289.57</ele>
      </trkpt>
      <trkpt lat="45.586192312" lon="6.222925761">
        <ele>289.64</ele>
      </trkpt>
      <trkpt lat="45.586202936" lon="6.223026502">
        <ele>289.68</ele>
      </trkpt>
      <trkpt lat="45.58623884" lon="6.223219835">
        <ele>289.75</ele>
      </trkpt>
      <trkpt lat="45.586284989" lon="6.223433009">
        <ele>289.79</ele>
      </trkpt>
      <trkpt lat="45.586295524" lon="6.223537588">
        <ele>289.84</ele>
      </trkpt>
      <trkpt lat="45.586292798" lon="6.223758208">
        <ele>289.95</ele>
      </trkpt>
      <trkpt lat="45.586259006" lon="6.224308141">
        <ele>289.95</ele>
      </trkpt>
      <trkpt lat="45.586244638" lon="6.224431818">
        <ele>289.95</ele>
      </trkpt>
      <trkpt lat="45.586210567" lon="6.224582574">
        <ele>289.99</ele>
      </trkpt>
      <trkpt lat="45.586160466" lon="6.224758087">
        <ele>290.09</ele>
      </trkpt>
      <trkpt lat="45.586137328" lon="6.224842717">
        <ele>290.17</ele>
      </trkpt>
      <trkpt lat="45.586128265" lon="6.224938462">
        <ele>290.32</ele>
      </trkpt>
      <trkpt lat="45.586130776" lon="6.225007919">
        <ele>290.4</ele>
      </trkpt>
      <trkpt lat="45.586151704" lon="6.225095144">
        <ele>290.45</ele>
      </trkpt>
      <trkpt lat="45.586211059" lon="6.22519357">
        <ele>290.5</ele>
      </trkpt>
      <trkpt lat="45.586227061" lon="6.225233154">
        <ele>290.43</ele>
      </trkpt>
      <trkpt lat="45.586251445" lon="6.225293472">
        <ele>290.37</ele>
      </trkpt>
      <trkpt lat="45.586285364" lon="6.225393568">
        <ele>290.46</ele>
      </trkpt>
      <trkpt lat="45.586303805" lon="6.225447987">
        <ele>290.67</ele>
      </trkpt>
      <trkpt lat="45.586337807" lon="6.225645061">
        <ele>291.17</ele>
      </trkpt>
      <trkpt lat="45.586344163" lon="6.22589442">
        <ele>291.42</ele>
      </trkpt>
      <trkpt lat="45.5863253" lon="6.226111528">
        <ele>291.66</ele>
      </trkpt>
      <trkpt lat="45.586283233" lon="6.226290058">
        <ele>292.32</ele>
      </trkpt>
      <trkpt lat="45.586256208" lon="6.226352856">
        <ele>292.88</ele>
      </trkpt>
      <trkpt lat="45.586236888" lon="6.226397749">
        <ele>293.12</ele>
      </trkpt>
      <trkpt lat="45.586221055" lon="6.226430796">
        <ele>293.89</ele>
      </trkpt>
      <trkpt lat="45.586171683" lon="6.226533852">
        <ele>293.8</ele>
      </trkpt>
      <trkpt lat="45.585904181" lon="6.226936719">
        <ele>293.13</ele>
      </trkpt>
      <trkpt lat="45.585662255" lon="6.227326933">
        <ele>292.3</ele>
      </trkpt>
      <trkpt lat="45.585604664" lon="6.227418549">
        <ele>291.49</ele>
      </trkpt>
      <trkpt lat="45.585366791" lon="6.2278873">
        <ele>290.69</ele>
      </trkpt>
      <trkpt lat="45.585234378" lon="6.228136294">
        <ele>290.88</ele>
      </trkpt>
      <trkpt lat="45.585128707" lon="6.228426622">
        <ele>291.38</ele>
      </trkpt>
      <trkpt lat="45.585096514" lon="6.228605721">
        <ele>292.1</ele>
      </trkpt>
      <trkpt lat="45.585067547" lon="6.228767042">
        <ele>292.87</ele>
      </trkpt>
      <trkpt lat="45.585059663" lon="6.22894755">
        <ele>294.14</ele>
      </trkpt>
      <trkpt lat="45.585098874" lon="6.229088462">
        <ele>294.92</ele>
      </trkpt>
      <trkpt lat="45.585174609" lon="6.229181453">
        <ele>295.03</ele>
      </trkpt>
      <trkpt lat="45.585254585" lon="6.229220768">
        <ele>296.02</ele>
      </trkpt>
      <trkpt lat="45.58538987" lon="6.229217077">
        <ele>296.21</ele>
      </trkpt>
      <trkpt lat="45.585473107" lon="6.229237346">
        <ele>296.35</ele>
      </trkpt>
      <trkpt lat="45.585593465" lon="6.229282865">
        <ele>296.78</ele>
      </trkpt>
      <trkpt lat="45.585734097" lon="6.229375766">
        <ele>297.58</ele>
      </trkpt>
      <trkpt lat="45.585890956" lon="6.229562035">
        <ele>296.85</ele>
      </trkpt>
      <trkpt lat="45.585986344" lon="6.229817883">
        <ele>297.54</ele>
      </trkpt>
      <trkpt lat="45.586018272" lon="6.230023833">
        <ele>297.82</ele>
      </trkpt>
      <trkpt lat="45.586035244" lon="6.230205916">
        <ele>297.53</ele>
      </trkpt>
      <trkpt lat="45.586041008" lon="6.230267754">
        <ele>297.97</ele>
      </trkpt>
      <trkpt lat="45.586049585" lon="6.23053393">
        <ele>298.28</ele>
      </trkpt>
      <trkpt lat="45.586027972" lon="6.230712586">
        <ele>296.9</ele>
      </trkpt>
      <trkpt lat="45.585985751" lon="6.231061592">
        <ele>295.43</ele>
      </trkpt>
      <trkpt lat="45.585977942" lon="6.231239573">
        <ele>294.58</ele>
      </trkpt>
      <trkpt lat="45.58598092" lon="6.231376978">
        <ele>293.15</ele>
      </trkpt>
      <trkpt lat="45.585981424" lon="6.231400207">
        <ele>292.59</ele>
      </trkpt>
      <trkpt lat="45.585987084" lon="6.231485243">
        <ele>293.07</ele>
      </trkpt>
      <trkpt lat="45.585795627" lon="6.231906645">
        <ele>293.44</ele>
      </trkpt>
      <trkpt lat="45.585763482" lon="6.231958663">
        <ele>293.76</ele>
      </trkpt>
      <trkpt lat="45.585721109" lon="6.231990847">
        <ele>293.84</ele>
      </trkpt>
      <trkpt lat="45.585562439" lon="6.231993137">
        <ele>294.08</ele>
      </trkpt>
      <trkpt lat="45.585477858" lon="6.231988203">
        <ele>294.25</ele>
      </trkpt>
      <trkpt lat="45.58541661" lon="6.231994807">
        <ele>293.98</ele>
      </trkpt>
      <trkpt lat="45.585408238" lon="6.23199571">
        <ele>293.73</ele>
      </trkpt>
      <trkpt lat="45.585391395" lon="6.232111515">
        <ele>293.58</ele>
      </trkpt>
      <trkpt lat="45.585349062" lon="6.232236122">
        <ele>293.5</ele>
      </trkpt>
      <trkpt lat="45.585272279" lon="6.232367691">
        <ele>293.1</ele>
      </trkpt>
      <trkpt lat="45.585191809" lon="6.232470812">
        <ele>293.28</ele>
      </trkpt>
      <trkpt lat="45.585081385" lon="6.232581181">
        <ele>293.7</ele>
      </trkpt>
      <trkpt lat="45.584909994" lon="6.232743162">
        <ele>294.32</ele>
      </trkpt>
      <trkpt lat="45.584780018" lon="6.232875477">
        <ele>294.48</ele>
      </trkpt>
      <trkpt lat="45.584677359" lon="6.232967029">
        <ele>295.19</ele>
      </trkpt>
      <trkpt lat="45.584517539" lon="6.233133557">
        <ele>295.76</ele>
      </trkpt>
      <trkpt lat="45.584409291" lon="6.233231205">
        <ele>296.02</ele>
      </trkpt>
      <trkpt lat="45.584262028" lon="6.233368931">
        <ele>296.07</ele>
      </trkpt>
      <trkpt lat="45.584165668" lon="6.233460849">
        <ele>296.37</ele>
      </trkpt>
      <trkpt lat="45.584060039" lon="6.233561228">
        <ele>296.35</ele>
      </trkpt>
      <trkpt lat="45.583938096" lon="6.233664466">
        <ele>296.2</ele>
      </trkpt>
      <trkpt lat="45.583848815" lon="6.233760677">
        <ele>296.6</ele>
      </trkpt>
      <trkpt lat="45.58377146" lon="6.233880641">
        <ele>296.4</ele>
      </trkpt>
      <trkpt lat="45.583689382" lon="6.234008044">
        <ele>296.2</ele>
      </trkpt>
      <trkpt lat="45.583619771" lon="6.234141327">
        <ele>296.19</ele>
      </trkpt>
      <trkpt lat="45.583571443" lon="6.234286094">
        <ele>296.23</ele>
      </trkpt>
      <trkpt lat="45.583544365" lon="6.234443675">
        <ele>296</ele>
      </trkpt>
      <trkpt lat="45.583530872" lon="6.234599469">
        <ele>296.43</ele>
      </trkpt>
      <trkpt lat="45.583528066" lon="6.234759738">
        <ele>296.89</ele>
      </trkpt>
      <trkpt lat="45.583531345" lon="6.234802307">
        <ele>297.28</ele>
      </trkpt>
      <trkpt lat="45.58354379" lon="6.234933925">
        <ele>297.94</ele>
      </trkpt>
      <trkpt lat="45.583570526" lon="6.235131874">
        <ele>298.37</ele>
      </trkpt>
      <trkpt lat="45.583594578" lon="6.23526675">
        <ele>298.81</ele>
      </trkpt>
      <trkpt lat="45.583611771" lon="6.235389682">
        <ele>299.46</ele>
      </trkpt>
      <trkpt lat="45.583634167" lon="6.235488529">
        <ele>299.64</ele>
      </trkpt>
      <trkpt lat="45.583728468" lon="6.235938131">
        <ele>298.88</ele>
      </trkpt>
      <trkpt lat="45.583864272" lon="6.236479997">
        <ele>298.32</ele>
      </trkpt>
      <trkpt lat="45.583918525" lon="6.236755263">
        <ele>297.33</ele>
      </trkpt>
      <trkpt lat="45.583934377" lon="6.236830649">
        <ele>296.2</ele>
      </trkpt>
      <trkpt lat="45.5840129" lon="6.237202294">
        <ele>295.53</ele>
      </trkpt>
      <trkpt lat="45.584111159" lon="6.237576394">
        <ele>295.65</ele>
      </trkpt>
      <trkpt lat="45.584155462" lon="6.237727873">
        <ele>295.64</ele>
      </trkpt>
      <trkpt lat="45.584217331" lon="6.237895773">
        <ele>295.92</ele>
      </trkpt>
      <trkpt lat="45.584278867" lon="6.238043138">
        <ele>296.02</ele>
      </trkpt>
      <trkpt lat="45.58435478" lon="6.238192584">
        <ele>296.05</ele>
      </trkpt>
      <trkpt lat="45.58443755" lon="6.238354006">
        <ele>296.08</ele>
      </trkpt>
      <trkpt lat="45.584520152" lon="6.238489766">
        <ele>296</ele>
      </trkpt>
      <trkpt lat="45.584603507" lon="6.238630684">
        <ele>296.08</ele>
      </trkpt>
      <trkpt lat="45.584710844" lon="6.238815352">
        <ele>296.29</ele>
      </trkpt>
      <trkpt lat="45.584789132" lon="6.238944438">
        <ele>296.38</ele>
      </trkpt>
      <trkpt lat="45.58490146" lon="6.239143546">
        <ele>296.49</ele>
      </trkpt>
      <trkpt lat="45.585007082" lon="6.239293462">
        <ele>296.84</ele>
      </trkpt>
      <trkpt lat="45.585189996" lon="6.239639145">
        <ele>296.85</ele>
      </trkpt>
      <trkpt lat="45.5852721" lon="6.239805777">
        <ele>296.58</ele>
      </trkpt>
      <trkpt lat="45.585379245" lon="6.239956715">
        <ele>296.74</ele>
      </trkpt>
      <trkpt lat="45.585466294" lon="6.24011706">
        <ele>296.54</ele>
      </trkpt>
      <trkpt lat="45.585521729" lon="6.240342596">
        <ele>296.18</ele>
      </trkpt>
      <trkpt lat="45.585520342" lon="6.2404766">
        <ele>296.05</ele>
      </trkpt>
      <trkpt lat="45.585520684" lon="6.240487003">
        <ele>296.05</ele>
      </trkpt>
      <trkpt lat="45.585523267" lon="6.24056548">
        <ele>295.53</ele>
      </trkpt>
      <trkpt lat="45.585524979" lon="6.240617526">
        <ele>295.22</ele>
      </trkpt>
      <trkpt lat="45.585866586" lon="6.242397256">
        <ele>296.06</ele>
      </trkpt>
      <trkpt lat="45.586108144" lon="6.243676963">
        <ele>296.32</ele>
      </trkpt>
      <trkpt lat="45.586262386" lon="6.24457804">
        <ele>296.24</ele>
      </trkpt>
      <trkpt lat="45.586578652" lon="6.246234395">
        <ele>297.04</ele>
      </trkpt>
      <trkpt lat="45.586731764" lon="6.247173929">
        <ele>297.96</ele>
      </trkpt>
      <trkpt lat="45.586811436" lon="6.247629136">
        <ele>297.46</ele>
      </trkpt>
      <trkpt lat="45.586864114" lon="6.247927449">
        <ele>297.87</ele>
      </trkpt>
      <trkpt lat="45.586899917" lon="6.248278659">
        <ele>298.5</ele>
      </trkpt>
      <trkpt lat="45.586867823" lon="6.248578426">
        <ele>298.32</ele>
      </trkpt>
      <trkpt lat="45.586770684" lon="6.248883366">
        <ele>298.13</ele>
      </trkpt>
      <trkpt lat="45.586892432" lon="6.248926601">
        <ele>298.23</ele>
      </trkpt>
      <trkpt lat="45.586910676" lon="6.248932045">
        <ele>298.09</ele>
      </trkpt>
      <trkpt lat="45.586929982" lon="6.248936088">
        <ele>297.78</ele>
      </trkpt>
      <trkpt lat="45.58697558" lon="6.248950414">
        <ele>297.1</ele>
      </trkpt>
      <trkpt lat="45.587218516" lon="6.249001055">
        <ele>296.41</ele>
      </trkpt>
      <trkpt lat="45.587972807" lon="6.249260819">
        <ele>295.65</ele>
      </trkpt>
      <trkpt lat="45.58793943" lon="6.249389934">
        <ele>294.82</ele>
      </trkpt>
      <trkpt lat="45.587913474" lon="6.249509303">
        <ele>294.27</ele>
      </trkpt>
      <trkpt lat="45.587880512" lon="6.249658844">
        <ele>294.17</ele>
      </trkpt>
      <trkpt lat="45.587858225" lon="6.249864315">
        <ele>294.08</ele>
      </trkpt>
      <trkpt lat="45.587848095" lon="6.250073473">
        <ele>294.06</ele>
      </trkpt>
      <trkpt lat="45.587840721" lon="6.250292942">
        <ele>294.04</ele>
      </trkpt>
      <trkpt lat="45.587834653" lon="6.250608603">
        <ele>294</ele>
      </trkpt>
      <trkpt lat="45.587820346" lon="6.250785454">
        <ele>294.02</ele>
      </trkpt>
      <trkpt lat="45.587792468" lon="6.250900327">
        <ele>294.02</ele>
      </trkpt>
      <trkpt lat="45.587760983" lon="6.250964004">
        <ele>293.97</ele>
      </trkpt>
      <trkpt lat="45.587725657" lon="6.251018738">
        <ele>294.01</ele>
      </trkpt>
      <trkpt lat="45.587648005" lon="6.251087015">
        <ele>294.01</ele>
      </trkpt>
      <trkpt lat="45.587502689" lon="6.251161503">
        <ele>293.99</ele>
      </trkpt>
      <trkpt lat="45.58728062" lon="6.251273707">
        <ele>294.04</ele>
      </trkpt>
      <trkpt lat="45.587141215" lon="6.251355819">
        <ele>294.06</ele>
      </trkpt>
      <trkpt lat="45.587004276" lon="6.25142352">
        <ele>295.15</ele>
      </trkpt>
      <trkpt lat="45.586884257" lon="6.251543181">
        <ele>295.29</ele>
      </trkpt>
      <trkpt lat="45.586492858" lon="6.251958575">
        <ele>295.62</ele>
      </trkpt>
      <trkpt lat="45.586384577" lon="6.252096404">
        <ele>295.78</ele>
      </trkpt>
      <trkpt lat="45.586324065" lon="6.252279264">
        <ele>295.99</ele>
      </trkpt>
      <trkpt lat="45.586228196" lon="6.252659565">
        <ele>295.4</ele>
      </trkpt>
      <trkpt lat="45.586034943" lon="6.253436079">
        <ele>295.68</ele>
      </trkpt>
      <trkpt lat="45.585932868" lon="6.253888844">
        <ele>295.5</ele>
      </trkpt>
      <trkpt lat="45.585847288" lon="6.25440809">
        <ele>295.43</ele>
      </trkpt>
      <trkpt lat="45.585739776" lon="6.255154698">
        <ele>295.34</ele>
      </trkpt>
      <trkpt lat="45.58565338" lon="6.255453999">
        <ele>294.95</ele>
      </trkpt>
      <trkpt lat="45.585544072" lon="6.255698067">
        <ele>294.64</ele>
      </trkpt>
      <trkpt lat="45.58530662" lon="6.256199635">
        <ele>295.54</ele>
      </trkpt>
      <trkpt lat="45.585201177" lon="6.256521124">
        <ele>297.17</ele>
      </trkpt>
      <trkpt lat="45.584881341" lon="6.257642599">
        <ele>297.52</ele>
      </trkpt>
      <trkpt lat="45.584865342" lon="6.257771284">
        <ele>299.48</ele>
      </trkpt>
      <trkpt lat="45.584875521" lon="6.257949541">
        <ele>300.3</ele>
      </trkpt>
      <trkpt lat="45.584881314" lon="6.258701352">
        <ele>300.69</ele>
      </trkpt>
      <trkpt lat="45.58488375" lon="6.259005838">
        <ele>300.84</ele>
      </trkpt>
      <trkpt lat="45.584859946" lon="6.259262226">
        <ele>301.5</ele>
      </trkpt>
      <trkpt lat="45.584806278" lon="6.259596911">
        <ele>299.89</ele>
      </trkpt>
      <trkpt lat="45.584718557" lon="6.25987138">
        <ele>300.27</ele>
      </trkpt>
      <trkpt lat="45.584614876" lon="6.260131785">
        <ele>299.65</ele>
      </trkpt>
      <trkpt lat="45.584417841" lon="6.260720171">
        <ele>298.45</ele>
      </trkpt>
      <trkpt lat="45.584371082" lon="6.260992672">
        <ele>298.7</ele>
      </trkpt>
      <trkpt lat="45.584339769" lon="6.261331595">
        <ele>300.11</ele>
      </trkpt>
      <trkpt lat="45.584326167" lon="6.261553625">
        <ele>299.85</ele>
      </trkpt>
      <trkpt lat="45.584283094" lon="6.261945724">
        <ele>300.17</ele>
      </trkpt>
      <trkpt lat="45.5841766" lon="6.26261956">
        <ele>300.15</ele>
      </trkpt>
      <trkpt lat="45.584167225" lon="6.262661218">
        <ele>300.22</ele>
      </trkpt>
      <trkpt lat="45.584033412" lon="6.263254807">
        <ele>299.22</ele>
      </trkpt>
      <trkpt lat="45.583888195" lon="6.263748671">
        <ele>299.74</ele>
      </trkpt>
      <trkpt lat="45.583784566" lon="6.264077501">
        <ele>300.47</ele>
      </trkpt>
      <trkpt lat="45.583567135" lon="6.264521963">
        <ele>302.14</ele>
      </trkpt>
      <trkpt lat="45.583431116" lon="6.264768799">
        <ele>302.37</ele>
      </trkpt>
      <trkpt lat="45.583337073" lon="6.264978801">
        <ele>302.92</ele>
      </trkpt>
      <trkpt lat="45.583314462" lon="6.265194451">
        <ele>303.66</ele>
      </trkpt>
      <trkpt lat="45.583317823" lon="6.2654655">
        <ele>303.28</ele>
      </trkpt>
      <trkpt lat="45.583379309" lon="6.2657429">
        <ele>302.33</ele>
      </trkpt>
      <trkpt lat="45.583488662" lon="6.266237203">
        <ele>302.1</ele>
      </trkpt>
      <trkpt lat="45.583614219" lon="6.266631987">
        <ele>302.33</ele>
      </trkpt>
      <trkpt lat="45.583742443" lon="6.266935166">
        <ele>301.8</ele>
      </trkpt>
      <trkpt lat="45.583826227" lon="6.267183304">
        <ele>303.71</ele>
      </trkpt>
      <trkpt lat="45.58392157" lon="6.267561726">
        <ele>304.33</ele>
      </trkpt>
      <trkpt lat="45.583973699" lon="6.267914313">
        <ele>304.61</ele>
      </trkpt>
      <trkpt lat="45.584009411" lon="6.268057672">
        <ele>303.95</ele>
      </trkpt>
      <trkpt lat="45.584080498" lon="6.268144882">
        <ele>303.35</ele>
      </trkpt>
      <trkpt lat="45.584635573" lon="6.268686114">
        <ele>301.4</ele>
      </trkpt>
      <trkpt lat="45.584584715" lon="6.268761409">
        <ele>300.79</ele>
      </trkpt>
      <trkpt lat="45.584412248" lon="6.26905158">
        <ele>300.44</ele>
      </trkpt>
      <trkpt lat="45.584395644" lon="6.269064719">
        <ele>300.75</ele>
      </trkpt>
      <trkpt lat="45.58433679" lon="6.269074082">
        <ele>301.26</ele>
      </trkpt>
      <trkpt lat="45.584310401" lon="6.269082794">
        <ele>301.36</ele>
      </trkpt>
      <trkpt lat="45.584236934" lon="6.2691298">
        <ele>300.99</ele>
      </trkpt>
      <trkpt lat="45.58420406" lon="6.269144546">
        <ele>300.54</ele>
      </trkpt>
      <trkpt lat="45.584111241" lon="6.269144205">
        <ele>300.04</ele>
      </trkpt>
      <trkpt lat="45.584093886" lon="6.269152165">
        <ele>299.13</ele>
      </trkpt>
      <trkpt lat="45.584087275" lon="6.269176365">
        <ele>298.07</ele>
      </trkpt>
      <trkpt lat="45.584080773" lon="6.269200165">
        <ele>297.5</ele>
      </trkpt>
      <trkpt lat="45.584047761" lon="6.269281646">
        <ele>297.04</ele>
      </trkpt>
      <trkpt lat="45.584052419" lon="6.269338396">
        <ele>296.69</ele>
      </trkpt>
      <trkpt lat="45.584059622" lon="6.269369625">
        <ele>296.48</ele>
      </trkpt>
      <trkpt lat="45.584075183" lon="6.269392363">
        <ele>296.62</ele>
      </trkpt>
      <trkpt lat="45.584107013" lon="6.269413493">
        <ele>296.74</ele>
      </trkpt>
      <trkpt lat="45.584151668" lon="6.269458484">
        <ele>296.8</ele>
      </trkpt>
      <trkpt lat="45.584164306" lon="6.269488751">
        <ele>296.78</ele>
      </trkpt>
      <trkpt lat="45.584171062" lon="6.269535356">
        <ele>296.71</ele>
      </trkpt>
      <trkpt lat="45.584179654" lon="6.269580786">
        <ele>296.69</ele>
      </trkpt>
      <trkpt lat="45.584219405" lon="6.269591895">
        <ele>296.52</ele>
      </trkpt>
      <trkpt lat="45.584194585" lon="6.269706941">
        <ele>297.01</ele>
      </trkpt>
      <trkpt lat="45.58402175" lon="6.27003287">
        <ele>297.58</ele>
      </trkpt>
      <trkpt lat="45.58398513" lon="6.270101926">
        <ele>298.61</ele>
      </trkpt>
      <trkpt lat="45.583958715" lon="6.270151738">
        <ele>299.07</ele>
      </trkpt>
      <trkpt lat="45.583607639" lon="6.27083149">
        <ele>300.23</ele>
      </trkpt>
      <trkpt lat="45.583566292" lon="6.270916433">
        <ele>300.99</ele>
      </trkpt>
      <trkpt lat="45.583461228" lon="6.271118474">
        <ele>301.95</ele>
      </trkpt>
      <trkpt lat="45.583328012" lon="6.2713742">
        <ele>302.39</ele>
      </trkpt>
      <trkpt lat="45.583236934" lon="6.271552314">
        <ele>303.29</ele>
      </trkpt>
      <trkpt lat="45.583098948" lon="6.271831067">
        <ele>304.04</ele>
      </trkpt>
      <trkpt lat="45.582991316" lon="6.272047214">
        <ele>304</ele>
      </trkpt>
      <trkpt lat="45.583188902" lon="6.27222279">
        <ele>303.35</ele>
      </trkpt>
      <trkpt lat="45.583494414" lon="6.272501387">
        <ele>302.19</ele>
      </trkpt>
      <trkpt lat="45.583992082" lon="6.272897873">
        <ele>301.11</ele>
      </trkpt>
      <trkpt lat="45.584573218" lon="6.273274907">
        <ele>299.72</ele>
      </trkpt>
      <trkpt lat="45.585156459" lon="6.273580167">
        <ele>299.04</ele>
      </trkpt>
      <trkpt lat="45.586037279" lon="6.27397235">
        <ele>298.79</ele>
      </trkpt>
      <trkpt lat="45.587880016" lon="6.27478724">
        <ele>299.18</ele>
      </trkpt>
      <trkpt lat="45.590972586" lon="6.276197189">
        <ele>299.52</ele>
      </trkpt>
      <trkpt lat="45.593192113" lon="6.277164159">
        <ele>300.31</ele>
      </trkpt>
      <trkpt lat="45.594876905" lon="6.277955767">
        <ele>300.8</ele>
      </trkpt>
      <trkpt lat="45.595535117" lon="6.278255325">
        <ele>301.11</ele>
      </trkpt>
      <trkpt lat="45.595603143" lon="6.278301708">
        <ele>302.85</ele>
      </trkpt>
      <trkpt lat="45.595638916" lon="6.278403968">
        <ele>304.1</ele>
      </trkpt>
      <trkpt lat="45.595734271" lon="6.278564959">
        <ele>304.99</ele>
      </trkpt>
      <trkpt lat="45.595841966" lon="6.278641928">
        <ele>305.56</ele>
      </trkpt>
      <trkpt lat="45.596022667" lon="6.278688563">
        <ele>305.69</ele>
      </trkpt>
      <trkpt lat="45.596116235" lon="6.278663282">
        <ele>304.35</ele>
      </trkpt>
      <trkpt lat="45.596242747" lon="6.278620716">
        <ele>303.3</ele>
      </trkpt>
      <trkpt lat="45.596383927" lon="6.278631644">
        <ele>301.97</ele>
      </trkpt>
      <trkpt lat="45.59654617" lon="6.2786926">
        <ele>301.11</ele>
      </trkpt>
      <trkpt lat="45.596817039" lon="6.278808788">
        <ele>300.85</ele>
      </trkpt>
      <trkpt lat="45.596823903" lon="6.278811732">
        <ele>300.65</ele>
      </trkpt>
      <trkpt lat="45.597060861" lon="6.278915194">
        <ele>300.87</ele>
      </trkpt>
      <trkpt lat="45.597932735" lon="6.27929588">
        <ele>301.69</ele>
      </trkpt>
      <trkpt lat="45.598808094" lon="6.279689225">
        <ele>302.61</ele>
      </trkpt>
      <trkpt lat="45.599296482" lon="6.279877318">
        <ele>302.97</ele>
      </trkpt>
      <trkpt lat="45.5998333" lon="6.280136364">
        <ele>303.19</ele>
      </trkpt>
      <trkpt lat="45.600989588" lon="6.280754343">
        <ele>303.21</ele>
      </trkpt>
      <trkpt lat="45.601576147" lon="6.281099781">
        <ele>304.41</ele>
      </trkpt>
      <trkpt lat="45.602346923" lon="6.281617932">
        <ele>305.26</ele>
      </trkpt>
      <trkpt lat="45.603281791" lon="6.282319156">
        <ele>306.57</ele>
      </trkpt>
      <trkpt lat="45.604028858" lon="6.282969459">
        <ele>307.95</ele>
      </trkpt>
      <trkpt lat="45.604656769" lon="6.283565222">
        <ele>308.75</ele>
      </trkpt>
      <trkpt lat="45.605529614" lon="6.284475973">
        <ele>308.27</ele>
      </trkpt>
      <trkpt lat="45.606485508" lon="6.285660035">
        <ele>307.94</ele>
      </trkpt>
      <trkpt lat="45.607000436" lon="6.286265855">
        <ele>307.76</ele>
      </trkpt>
      <trkpt lat="45.607481777" lon="6.286973687">
        <ele>307.59</ele>
      </trkpt>
      <trkpt lat="45.607500742" lon="6.287045408">
        <ele>307.88</ele>
      </trkpt>
      <trkpt lat="45.607507338" lon="6.287137582">
        <ele>307.77</ele>
      </trkpt>
      <trkpt lat="45.607523828" lon="6.287230344">
        <ele>307.9</ele>
      </trkpt>
      <trkpt lat="45.607742376" lon="6.287461681">
        <ele>308.16</ele>
      </trkpt>
      <trkpt lat="45.608162031" lon="6.288150463">
        <ele>308.84</ele>
      </trkpt>
      <trkpt lat="45.608759205" lon="6.289241429">
        <ele>308.66</ele>
      </trkpt>
      <trkpt lat="45.609667801" lon="6.291023811">
        <ele>308.27</ele>
      </trkpt>
      <trkpt lat="45.610791111" lon="6.293259493">
        <ele>307.81</ele>
      </trkpt>
      <trkpt lat="45.611800147" lon="6.295271447">
        <ele>307.23</ele>
      </trkpt>
      <trkpt lat="45.611824032" lon="6.295317789">
        <ele>306.27</ele>
      </trkpt>
      <trkpt lat="45.612615879" lon="6.296898238">
        <ele>305.99</ele>
      </trkpt>
      <trkpt lat="45.613444965" lon="6.298529741">
        <ele>306.09</ele>
      </trkpt>
      <trkpt lat="45.614519485" lon="6.300642099">
        <ele>305.98</ele>
      </trkpt>
      <trkpt lat="45.615079035" lon="6.30172084">
        <ele>305.86</ele>
      </trkpt>
      <trkpt lat="45.615145941" lon="6.302174316">
        <ele>305.62</ele>
      </trkpt>
      <trkpt lat="45.615703052" lon="6.30324394">
        <ele>306.14</ele>
      </trkpt>
      <trkpt lat="45.61596513" lon="6.303741191">
        <ele>306.52</ele>
      </trkpt>
      <trkpt lat="45.616314854" lon="6.304468776">
        <ele>306.78</ele>
      </trkpt>
      <trkpt lat="45.616347134" lon="6.304512708">
        <ele>307.33</ele>
      </trkpt>
      <trkpt lat="45.616374069" lon="6.304638891">
        <ele>307.72</ele>
      </trkpt>
      <trkpt lat="45.616370075" lon="6.304774787">
        <ele>307.5</ele>
      </trkpt>
      <trkpt lat="45.616382351" lon="6.304909086">
        <ele>307.59</ele>
      </trkpt>
      <trkpt lat="45.616425264" lon="6.304982282">
        <ele>307.79</ele>
      </trkpt>
      <trkpt lat="45.616587637" lon="6.305130676">
        <ele>307.72</ele>
      </trkpt>
      <trkpt lat="45.6166755" lon="6.305243987">
        <ele>307.82</ele>
      </trkpt>
      <trkpt lat="45.616743973" lon="6.305331628">
        <ele>307.99</ele>
      </trkpt>
      <trkpt lat="45.616809068" lon="6.305419082">
        <ele>307.93</ele>
      </trkpt>
      <trkpt lat="45.616921669" lon="6.305578463">
        <ele>307.89</ele>
      </trkpt>
      <trkpt lat="45.616964856" lon="6.30564372">
        <ele>308.42</ele>
      </trkpt>
      <trkpt lat="45.616967992" lon="6.305975773">
        <ele>309.15</ele>
      </trkpt>
      <trkpt lat="45.617122456" lon="6.306183195">
        <ele>309.93</ele>
      </trkpt>
      <trkpt lat="45.617448819" lon="6.30669957">
        <ele>310.25</ele>
      </trkpt>
      <trkpt lat="45.617466376" lon="6.306728321">
        <ele>311.06</ele>
      </trkpt>
      <trkpt lat="45.617706266" lon="6.307194365">
        <ele>311.18</ele>
      </trkpt>
      <trkpt lat="45.617979759" lon="6.307943689">
        <ele>310.83</ele>
      </trkpt>
      <trkpt lat="45.6185792" lon="6.309570778">
        <ele>310.54</ele>
      </trkpt>
      <trkpt lat="45.61883633" lon="6.31035411">
        <ele>311.32</ele>
      </trkpt>
      <trkpt lat="45.618874847" lon="6.310470085">
        <ele>311.07</ele>
      </trkpt>
      <trkpt lat="45.619078297" lon="6.311409063">
        <ele>310.84</ele>
      </trkpt>
      <trkpt lat="45.619217437" lon="6.312135796">
        <ele>310.92</ele>
      </trkpt>
      <trkpt lat="45.619283818" lon="6.31241664">
        <ele>310.99</ele>
      </trkpt>
      <trkpt lat="45.619379129" lon="6.312687557">
        <ele>310.79</ele>
      </trkpt>
      <trkpt lat="45.619495813" lon="6.312996196">
        <ele>311.29</ele>
      </trkpt>
      <trkpt lat="45.619721641" lon="6.313452721">
        <ele>311.92</ele>
      </trkpt>
      <trkpt lat="45.619799749" lon="6.313613315">
        <ele>312.89</ele>
      </trkpt>
      <trkpt lat="45.620339219" lon="6.314635086">
        <ele>313.67</ele>
      </trkpt>
      <trkpt lat="45.620462568" lon="6.314856698">
        <ele>313.97</ele>
      </trkpt>
      <trkpt lat="45.620530544" lon="6.314978789">
        <ele>314.06</ele>
      </trkpt>
      <trkpt lat="45.620559635" lon="6.315032996">
        <ele>314.09</ele>
      </trkpt>
      <trkpt lat="45.620637211" lon="6.315141121">
        <ele>313.76</ele>
      </trkpt>
      <trkpt lat="45.62076659" lon="6.31526252">
        <ele>314.03</ele>
      </trkpt>
      <trkpt lat="45.62114241" lon="6.315591065">
        <ele>314.26</ele>
      </trkpt>
      <trkpt lat="45.621327047" lon="6.315814887">
        <ele>314.48</ele>
      </trkpt>
      <trkpt lat="45.621408042" lon="6.31591156">
        <ele>314.18</ele>
      </trkpt>
      <trkpt lat="45.621471107" lon="6.315986607">
        <ele>314.36</ele>
      </trkpt>
      <trkpt lat="45.621606624" lon="6.316147872">
        <ele>313.4</ele>
      </trkpt>
      <trkpt lat="45.621749721" lon="6.31639253">
        <ele>312.46</ele>
      </trkpt>
      <trkpt lat="45.622033304" lon="6.317040511">
        <ele>311.69</ele>
      </trkpt>
      <trkpt lat="45.622789578" lon="6.31885797">
        <ele>311.48</ele>
      </trkpt>
      <trkpt lat="45.622877556" lon="6.319134295">
        <ele>310.58</ele>
      </trkpt>
      <trkpt lat="45.62298975" lon="6.319490796">
        <ele>310.49</ele>
      </trkpt>
      <trkpt lat="45.623036532" lon="6.319637893">
        <ele>310.44</ele>
      </trkpt>
      <trkpt lat="45.623262696" lon="6.32063662">
        <ele>310.44</ele>
      </trkpt>
      <trkpt lat="45.623394779" lon="6.321497086">
        <ele>310.56</ele>
      </trkpt>
      <trkpt lat="45.62347498" lon="6.321793359">
        <ele>310.74</ele>
      </trkpt>
      <trkpt lat="45.623575745" lon="6.321983065">
        <ele>310.99</ele>
      </trkpt>
      <trkpt lat="45.623732674" lon="6.322139648">
        <ele>311.29</ele>
      </trkpt>
      <trkpt lat="45.623966431" lon="6.322324136">
        <ele>311.54</ele>
      </trkpt>
      <trkpt lat="45.623966522" lon="6.322324208">
        <ele>311.73</ele>
      </trkpt>
      <trkpt lat="45.623966313" lon="6.322325352">
        <ele>312.01</ele>
      </trkpt>
      <trkpt lat="45.623950676" lon="6.322410684">
        <ele>312.08</ele>
      </trkpt>
      <trkpt lat="45.623964968" lon="6.322515029">
        <ele>312.15</ele>
      </trkpt>
      <trkpt lat="45.623981149" lon="6.322549115">
        <ele>312.2</ele>
      </trkpt>
      <trkpt lat="45.623981345" lon="6.322549528">
        <ele>312.2</ele>
      </trkpt>
      <trkpt lat="45.624017558" lon="6.32260417">
        <ele>312.26</ele>
      </trkpt>
      <trkpt lat="45.624067603" lon="6.32264069">
        <ele>312.37</ele>
      </trkpt>
      <trkpt lat="45.624141865" lon="6.322653901">
        <ele>312.51</ele>
      </trkpt>
      <trkpt lat="45.624209116" lon="6.322627324">
        <ele>312.58</ele>
      </trkpt>
      <trkpt lat="45.62424567" lon="6.322581928">
        <ele>312.68</ele>
      </trkpt>
      <trkpt lat="45.624562281" lon="6.322903655">
        <ele>312.73</ele>
      </trkpt>
      <trkpt lat="45.62522533" lon="6.323697309">
        <ele>312.74</ele>
      </trkpt>
      <trkpt lat="45.625845231" lon="6.324587462">
        <ele>312.75</ele>
      </trkpt>
      <trkpt lat="45.625912249" lon="6.324683346">
        <ele>312.85</ele>
      </trkpt>
      <trkpt lat="45.626080439" lon="6.324923981">
        <ele>312.87</ele>
      </trkpt>
      <trkpt lat="45.626100323" lon="6.324951864">
        <ele>313.02</ele>
      </trkpt>
      <trkpt lat="45.626505348" lon="6.325519831">
        <ele>313.25</ele>
      </trkpt>
      <trkpt lat="45.626842988" lon="6.326019252">
        <ele>313.22</ele>
      </trkpt>
      <trkpt lat="45.627185326" lon="6.326450868">
        <ele>313.41</ele>
      </trkpt>
      <trkpt lat="45.627803026" lon="6.327171382">
        <ele>313.56</ele>
      </trkpt>
      <trkpt lat="45.627999906" lon="6.327461961">
        <ele>313.67</ele>
      </trkpt>
      <trkpt lat="45.628233959" lon="6.327867806">
        <ele>313.74</ele>
      </trkpt>
      <trkpt lat="45.628336757" lon="6.328079515">
        <ele>314.01</ele>
      </trkpt>
      <trkpt lat="45.628484407" lon="6.328388998">
        <ele>314.02</ele>
      </trkpt>
      <trkpt lat="45.628531357" lon="6.328447061">
        <ele>314.01</ele>
      </trkpt>
      <trkpt lat="45.628620607" lon="6.328507667">
        <ele>313.92</ele>
      </trkpt>
      <trkpt lat="45.628689898" lon="6.328541364">
        <ele>313.87</ele>
      </trkpt>
      <trkpt lat="45.628732587" lon="6.328560635">
        <ele>313.89</ele>
      </trkpt>
      <trkpt lat="45.628894073" lon="6.328616581">
        <ele>313.96</ele>
      </trkpt>
      <trkpt lat="45.629072105" lon="6.328722335">
        <ele>314.16</ele>
      </trkpt>
      <trkpt lat="45.629314319" lon="6.328973266">
        <ele>314.81</ele>
      </trkpt>
      <trkpt lat="45.630050549" lon="6.329677832">
        <ele>315.21</ele>
      </trkpt>
      <trkpt lat="45.630168292" lon="6.329779993">
        <ele>316.23</ele>
      </trkpt>
      <trkpt lat="45.630243842" lon="6.32984618">
        <ele>317.16</ele>
      </trkpt>
      <trkpt lat="45.630298189" lon="6.329898263">
        <ele>317.98</ele>
      </trkpt>
      <trkpt lat="45.630542062" lon="6.330123621">
        <ele>317.49</ele>
      </trkpt>
      <trkpt lat="45.631199396" lon="6.330661595">
        <ele>317.42</ele>
      </trkpt>
      <trkpt lat="45.631914205" lon="6.331145245">
        <ele>317.45</ele>
      </trkpt>
      <trkpt lat="45.632593996" lon="6.331563828">
        <ele>317.47</ele>
      </trkpt>
      <trkpt lat="45.633291496" lon="6.331962956">
        <ele>317.21</ele>
      </trkpt>
      <trkpt lat="45.634103043" lon="6.33234455">
        <ele>317.64</ele>
      </trkpt>
      <trkpt lat="45.6347706" lon="6.332628826">
        <ele>318.78</ele>
      </trkpt>
      <trkpt lat="45.635137909" lon="6.33276398">
        <ele>318.48</ele>
      </trkpt>
      <trkpt lat="45.635849233" lon="6.33296997">
        <ele>318.79</ele>
      </trkpt>
      <trkpt lat="45.636802832" lon="6.333181574">
        <ele>319.67</ele>
      </trkpt>
      <trkpt lat="45.638287997" lon="6.33343032">
        <ele>320.76</ele>
      </trkpt>
      <trkpt lat="45.639354609" lon="6.333629434">
        <ele>321.11</ele>
      </trkpt>
      <trkpt lat="45.640194985" lon="6.333799552">
        <ele>321.96</ele>
      </trkpt>
      <trkpt lat="45.642075872" lon="6.334167239">
        <ele>322.35</ele>
      </trkpt>
      <trkpt lat="45.642999323" lon="6.334332069">
        <ele>322.36</ele>
      </trkpt>
      <trkpt lat="45.643124714" lon="6.334328067">
        <ele>322.09</ele>
      </trkpt>
      <trkpt lat="45.643222526" lon="6.334312096">
        <ele>321.4</ele>
      </trkpt>
      <trkpt lat="45.643337582" lon="6.33420084">
        <ele>321.63</ele>
      </trkpt>
      <trkpt lat="45.643445682" lon="6.334324263">
        <ele>321.81</ele>
      </trkpt>
      <trkpt lat="45.644208007" lon="6.335180988">
        <ele>322.16</ele>
      </trkpt>
      <trkpt lat="45.644373283" lon="6.335382405">
        <ele>323.01</ele>
      </trkpt>
      <trkpt lat="45.644588378" lon="6.335606112">
        <ele>324.03</ele>
      </trkpt>
      <trkpt lat="45.644715667" lon="6.335786342">
        <ele>324.32</ele>
      </trkpt>
      <trkpt lat="45.644726767" lon="6.335802059">
        <ele>324.9</ele>
      </trkpt>
      <trkpt lat="45.644736661" lon="6.33581607">
        <ele>325.41</ele>
      </trkpt>
      <trkpt lat="45.64519211" lon="6.336461018">
        <ele>325.93</ele>
      </trkpt>
      <trkpt lat="45.645451828" lon="6.336821048">
        <ele>325.91</ele>
      </trkpt>
      <trkpt lat="45.645801892" lon="6.337325313">
        <ele>324.89</ele>
      </trkpt>
      <trkpt lat="45.646052661" lon="6.337713079">
        <ele>323.52</ele>
      </trkpt>
      <trkpt lat="45.646258764" lon="6.338087874">
        <ele>322.19</ele>
      </trkpt>
      <trkpt lat="45.646497568" lon="6.338575162">
        <ele>320.58</ele>
      </trkpt>
      <trkpt lat="45.646710901" lon="6.338978667">
        <ele>319.55</ele>
      </trkpt>
      <trkpt lat="45.647011124" lon="6.339613581">
        <ele>319.67</ele>
      </trkpt>
      <trkpt lat="45.647249453" lon="6.340147133">
        <ele>319.79</ele>
      </trkpt>
      <trkpt lat="45.647334868" lon="6.340336054">
        <ele>319.88</ele>
      </trkpt>
      <trkpt lat="45.647352464" lon="6.340380791">
        <ele>319.95</ele>
      </trkpt>
      <trkpt lat="45.647508082" lon="6.34078598">
        <ele>320.07</ele>
      </trkpt>
      <trkpt lat="45.64763053" lon="6.341123627">
        <ele>320.06</ele>
      </trkpt>
      <trkpt lat="45.647768242" lon="6.341554704">
        <ele>320.12</ele>
      </trkpt>
      <trkpt lat="45.647873733" lon="6.341947867">
        <ele>320.3</ele>
      </trkpt>
      <trkpt lat="45.648096519" lon="6.342761901">
        <ele>320.48</ele>
      </trkpt>
      <trkpt lat="45.648214506" lon="6.343189247">
        <ele>320.57</ele>
      </trkpt>
      <trkpt lat="45.648329866" lon="6.343644701">
        <ele>320.72</ele>
      </trkpt>
      <trkpt lat="45.648432107" lon="6.344055662">
        <ele>320.85</ele>
      </trkpt>
      <trkpt lat="45.648538842" lon="6.344466922">
        <ele>321.06</ele>
      </trkpt>
      <trkpt lat="45.648640794" lon="6.34488815">
        <ele>321.79</ele>
      </trkpt>
      <trkpt lat="45.648700189" lon="6.345103778">
        <ele>322.4</ele>
      </trkpt>
      <trkpt lat="45.648781375" lon="6.345404251">
        <ele>322.76</ele>
      </trkpt>
      <trkpt lat="45.648865671" lon="6.345782014">
        <ele>322.95</ele>
      </trkpt>
      <trkpt lat="45.648980104" lon="6.346177008">
        <ele>322.93</ele>
      </trkpt>
      <trkpt lat="45.649092951" lon="6.346625922">
        <ele>322.37</ele>
      </trkpt>
      <trkpt lat="45.649154058" lon="6.346873778">
        <ele>322.19</ele>
      </trkpt>
      <trkpt lat="45.649608998" lon="6.348547482">
        <ele>323.15</ele>
      </trkpt>
      <trkpt lat="45.649812292" lon="6.349287144">
        <ele>324.37</ele>
      </trkpt>
      <trkpt lat="45.650213199" lon="6.350776422">
        <ele>325.66</ele>
      </trkpt>
      <trkpt lat="45.650579046" lon="6.352110669">
        <ele>327.57</ele>
      </trkpt>
      <trkpt lat="45.650605833" lon="6.352209958">
        <ele>329.66</ele>
      </trkpt>
      <trkpt lat="45.650913599" lon="6.353374916">
        <ele>329.96</ele>
      </trkpt>
      <trkpt lat="45.651482572" lon="6.355573561">
        <ele>329.6</ele>
      </trkpt>
      <trkpt lat="45.651795901" lon="6.356792885">
        <ele>329.29</ele>
      </trkpt>
      <trkpt lat="45.651842076" lon="6.356873177">
        <ele>328.33</ele>
      </trkpt>
      <trkpt lat="45.651893956" lon="6.35694625">
        <ele>326.98</ele>
      </trkpt>
      <trkpt lat="45.651946637" lon="6.357076715">
        <ele>326.51</ele>
      </trkpt>
      <trkpt lat="45.651980862" lon="6.357193506">
        <ele>326.62</ele>
      </trkpt>
      <trkpt lat="45.651995101" lon="6.357264268">
        <ele>326.79</ele>
      </trkpt>
      <trkpt lat="45.652011509" lon="6.357345915">
        <ele>326.82</ele>
      </trkpt>
      <trkpt lat="45.652034879" lon="6.357531974">
        <ele>326.84</ele>
      </trkpt>
      <trkpt lat="45.652068071" lon="6.357810034">
        <ele>326.8</ele>
      </trkpt>
      <trkpt lat="45.652201941" lon="6.35831859">
        <ele>326.71</ele>
      </trkpt>
      <trkpt lat="45.652401095" lon="6.35904394">
        <ele>326.56</ele>
      </trkpt>
      <trkpt lat="45.652501723" lon="6.359447159">
        <ele>326.83</ele>
      </trkpt>
      <trkpt lat="45.65278467" lon="6.360505317">
        <ele>326.52</ele>
      </trkpt>
      <trkpt lat="45.652867435" lon="6.360843186">
        <ele>326.68</ele>
      </trkpt>
      <trkpt lat="45.653090393" lon="6.361676679">
        <ele>326.63</ele>
      </trkpt>
      <trkpt lat="45.653296858" lon="6.362549006">
        <ele>326.56</ele>
      </trkpt>
      <trkpt lat="45.653325756" lon="6.362728117">
        <ele>327.12</ele>
      </trkpt>
      <trkpt lat="45.653401219" lon="6.363188941">
        <ele>328.14</ele>
      </trkpt>
      <trkpt lat="45.653561966" lon="6.364233279">
        <ele>328.33</ele>
      </trkpt>
      <trkpt lat="45.653624448" lon="6.364645784">
        <ele>328.42</ele>
      </trkpt>
      <trkpt lat="45.653641135" lon="6.364750902">
        <ele>329.2</ele>
      </trkpt>
      <trkpt lat="45.65371899" lon="6.365191311">
        <ele>328.21</ele>
      </trkpt>
      <trkpt lat="45.653848129" lon="6.36590602">
        <ele>327.43</ele>
      </trkpt>
      <trkpt lat="45.653900876" lon="6.366221537">
        <ele>327.61</ele>
      </trkpt>
      <trkpt lat="45.654012211" lon="6.366838769">
        <ele>328.38</ele>
      </trkpt>
      <trkpt lat="45.654045138" lon="6.367033542">
        <ele>328.25</ele>
      </trkpt>
      <trkpt lat="45.654068088" lon="6.367169891">
        <ele>328.95</ele>
      </trkpt>
      <trkpt lat="45.654093393" lon="6.367338849">
        <ele>329.8</ele>
      </trkpt>
      <trkpt lat="45.65411605" lon="6.367490131">
        <ele>330.12</ele>
      </trkpt>
      <trkpt lat="45.65413569" lon="6.367621269">
        <ele>329.72</ele>
      </trkpt>
      <trkpt lat="45.654185686" lon="6.367968748">
        <ele>329.43</ele>
      </trkpt>
      <trkpt lat="45.654214481" lon="6.368181259">
        <ele>329.19</ele>
      </trkpt>
      <trkpt lat="45.654261765" lon="6.368528573">
        <ele>328.67</ele>
      </trkpt>
      <trkpt lat="45.654430245" lon="6.369554155">
        <ele>328.17</ele>
      </trkpt>
      <trkpt lat="45.65448994" lon="6.369938204">
        <ele>327.96</ele>
      </trkpt>
      <trkpt lat="45.654539332" lon="6.370275368">
        <ele>328.54</ele>
      </trkpt>
      <trkpt lat="45.65455217" lon="6.370358414">
        <ele>329.31</ele>
      </trkpt>
      <trkpt lat="45.654600792" lon="6.37066083">
        <ele>330.11</ele>
      </trkpt>
      <trkpt lat="45.654682199" lon="6.371102775">
        <ele>330.33</ele>
      </trkpt>
      <trkpt lat="45.654730954" lon="6.371430894">
        <ele>330.74</ele>
      </trkpt>
      <trkpt lat="45.654874886" lon="6.372402307">
        <ele>330.37</ele>
      </trkpt>
      <trkpt lat="45.654947695" lon="6.372889994">
        <ele>329.82</ele>
      </trkpt>
      <trkpt lat="45.655000865" lon="6.373220964">
        <ele>329.3</ele>
      </trkpt>
      <trkpt lat="45.655061585" lon="6.373630779">
        <ele>329.24</ele>
      </trkpt>
      <trkpt lat="45.655130971" lon="6.374052708">
        <ele>329.16</ele>
      </trkpt>
      <trkpt lat="45.655249885" lon="6.374805419">
        <ele>329.1</ele>
      </trkpt>
      <trkpt lat="45.655296287" lon="6.375061419">
        <ele>329.18</ele>
      </trkpt>
      <trkpt lat="45.65534457" lon="6.375375409">
        <ele>329.36</ele>
      </trkpt>
      <trkpt lat="45.655393987" lon="6.375650886">
        <ele>330.26</ele>
      </trkpt>
      <trkpt lat="45.655441962" lon="6.375944265">
        <ele>331.76</ele>
      </trkpt>
      <trkpt lat="45.65548757" lon="6.37625679">
        <ele>333.68</ele>
      </trkpt>
      <trkpt lat="45.655548587" lon="6.376656375">
        <ele>334.08</ele>
      </trkpt>
      <trkpt lat="45.655671497" lon="6.377486451">
        <ele>334.55</ele>
      </trkpt>
      <trkpt lat="45.655707994" lon="6.377771427">
        <ele>334.61</ele>
      </trkpt>
      <trkpt lat="45.65577892" lon="6.378201168">
        <ele>334.39</ele>
      </trkpt>
      <trkpt lat="45.65586333" lon="6.378692158">
        <ele>333.67</ele>
      </trkpt>
      <trkpt lat="45.655923455" lon="6.379060844">
        <ele>333.6</ele>
      </trkpt>
      <trkpt lat="45.655978491" lon="6.379389363">
        <ele>333.43</ele>
      </trkpt>
      <trkpt lat="45.656020536" lon="6.379669552">
        <ele>332.98</ele>
      </trkpt>
      <trkpt lat="45.65610086" lon="6.380236106">
        <ele>332.06</ele>
      </trkpt>
      <trkpt lat="45.656191613" lon="6.380845734">
        <ele>331.39</ele>
      </trkpt>
      <trkpt lat="45.656272492" lon="6.381363487">
        <ele>331.6</ele>
      </trkpt>
      <trkpt lat="45.656361146" lon="6.381952425">
        <ele>331.55</ele>
      </trkpt>
      <trkpt lat="45.656449513" lon="6.382491204">
        <ele>331.63</ele>
      </trkpt>
      <trkpt lat="45.65653054" lon="6.383003843">
        <ele>332.2</ele>
      </trkpt>
      <trkpt lat="45.656608532" lon="6.383467459">
        <ele>333.25</ele>
      </trkpt>
      <trkpt lat="45.656691477" lon="6.383976337">
        <ele>335.02</ele>
      </trkpt>
      <trkpt lat="45.656762352" lon="6.384466517">
        <ele>337.99</ele>
      </trkpt>
      <trkpt lat="45.656811061" lon="6.384855085">
        <ele>340.81</ele>
      </trkpt>
      <trkpt lat="45.656865957" lon="6.385278613">
        <ele>343.57</ele>
      </trkpt>
      <trkpt lat="45.656921315" lon="6.385343105">
        <ele>345.41</ele>
      </trkpt>
      <trkpt lat="45.657026688" lon="6.385477887">
        <ele>347.27</ele>
      </trkpt>
      <trkpt lat="45.657058386" lon="6.385511925">
        <ele>347.59</ele>
      </trkpt>
      <trkpt lat="45.65770093" lon="6.386214767">
        <ele>347.13</ele>
      </trkpt>
      <trkpt lat="45.657801523" lon="6.386270484">
        <ele>345.72</ele>
      </trkpt>
      <trkpt lat="45.657902798" lon="6.386269391">
        <ele>342.56</ele>
      </trkpt>
      <trkpt lat="45.657970416" lon="6.386231258">
        <ele>338.28</ele>
      </trkpt>
      <trkpt lat="45.658269581" lon="6.385870801">
        <ele>334.5</ele>
      </trkpt>
      <trkpt lat="45.658319407" lon="6.385810768">
        <ele>331.86</ele>
      </trkpt>
      <trkpt lat="45.658320587" lon="6.385809345">
        <ele>330.86</ele>
      </trkpt>
      <trkpt lat="45.658702439" lon="6.385387898">
        <ele>331.86</ele>
      </trkpt>
      <trkpt lat="45.658778988" lon="6.385359041">
        <ele>333.1</ele>
      </trkpt>
      <trkpt lat="45.658835336" lon="6.385355198">
        <ele>334.31</ele>
      </trkpt>
      <trkpt lat="45.658896995" lon="6.385379399">
        <ele>335.16</ele>
      </trkpt>
      <trkpt lat="45.658942269" lon="6.38540404">
        <ele>335.72</ele>
      </trkpt>
      <trkpt lat="45.658993097" lon="6.385447979">
        <ele>336.12</ele>
      </trkpt>
      <trkpt lat="45.659042569" lon="6.385537047">
        <ele>336.61</ele>
      </trkpt>
      <trkpt lat="45.659084386" lon="6.385643166">
        <ele>336.9</ele>
      </trkpt>
      <trkpt lat="45.65931133" lon="6.38615581">
        <ele>337.28</ele>
      </trkpt>
      <trkpt lat="45.659389985" lon="6.386328327">
        <ele>336.96</ele>
      </trkpt>
      <trkpt lat="45.659593054" lon="6.386648471">
        <ele>336.68</ele>
      </trkpt>
      <trkpt lat="45.659644005" lon="6.38672305">
        <ele>336.28</ele>
      </trkpt>
      <trkpt lat="45.659672534" lon="6.38682833">
        <ele>336.08</ele>
      </trkpt>
      <trkpt lat="45.659693635" lon="6.386908373">
        <ele>335.89</ele>
      </trkpt>
      <trkpt lat="45.659733082" lon="6.386991009">
        <ele>335.79</ele>
      </trkpt>
      <trkpt lat="45.659781922" lon="6.387066902">
        <ele>335.75</ele>
      </trkpt>
      <trkpt lat="45.659822699" lon="6.387139418">
        <ele>335.41</ele>
      </trkpt>
      <trkpt lat="45.659857961" lon="6.387224709">
        <ele>334.98</ele>
      </trkpt>
      <trkpt lat="45.659893568" lon="6.387333332">
        <ele>334.51</ele>
      </trkpt>
      <trkpt lat="45.659929915" lon="6.387450789">
        <ele>333.72</ele>
      </trkpt>
      <trkpt lat="45.659961498" lon="6.387522715">
        <ele>333.09</ele>
      </trkpt>
      <trkpt lat="45.660007134" lon="6.387602792">
        <ele>332.91</ele>
      </trkpt>
      <trkpt lat="45.660052117" lon="6.387671187">
        <ele>332.72</ele>
      </trkpt>
      <trkpt lat="45.660096272" lon="6.387733682">
        <ele>332.4</ele>
      </trkpt>
      <trkpt lat="45.660146808" lon="6.38782135">
        <ele>332.29</ele>
      </trkpt>
      <trkpt lat="45.660188677" lon="6.387890997">
        <ele>332.12</ele>
      </trkpt>
      <trkpt lat="45.660231699" lon="6.387956361">
        <ele>332.02</ele>
      </trkpt>
      <trkpt lat="45.660272432" lon="6.388030318">
        <ele>332.12</ele>
      </trkpt>
      <trkpt lat="45.660319506" lon="6.388097371">
        <ele>331.99</ele>
      </trkpt>
      <trkpt lat="45.66038375" lon="6.388171298">
        <ele>331.99</ele>
      </trkpt>
      <trkpt lat="45.660427386" lon="6.388216272">
        <ele>332.08</ele>
      </trkpt>
      <trkpt lat="45.660478975" lon="6.388268994">
        <ele>332.17</ele>
      </trkpt>
      <trkpt lat="45.660524483" lon="6.388319931">
        <ele>332.11</ele>
      </trkpt>
      <trkpt lat="45.660556137" lon="6.388355411">
        <ele>332.47</ele>
      </trkpt>
      <trkpt lat="45.660596591" lon="6.388404542">
        <ele>332.74</ele>
      </trkpt>
      <trkpt lat="45.660639071" lon="6.388453824">
        <ele>332.02</ele>
      </trkpt>
      <trkpt lat="45.660676474" lon="6.388502767">
        <ele>331.52</ele>
      </trkpt>
      <trkpt lat="45.660715904" lon="6.388551862">
        <ele>331.37</ele>
      </trkpt>
      <trkpt lat="45.660770279" lon="6.388613516">
        <ele>331.41</ele>
      </trkpt>
      <trkpt lat="45.660826592" lon="6.388679696">
        <ele>331.69</ele>
      </trkpt>
      <trkpt lat="45.66088186" lon="6.388745783">
        <ele>331.55</ele>
      </trkpt>
      <trkpt lat="45.660939264" lon="6.388809092">
        <ele>331.08</ele>
      </trkpt>
      <trkpt lat="45.660987712" lon="6.388864562">
        <ele>330.31</ele>
      </trkpt>
      <trkpt lat="45.661043024" lon="6.388929212">
        <ele>329.27</ele>
      </trkpt>
      <trkpt lat="45.661091384" lon="6.388987586">
        <ele>328</ele>
      </trkpt>
      <trkpt lat="45.661131818" lon="6.389036717">
        <ele>328</ele>
      </trkpt>
      <trkpt lat="45.661174144" lon="6.389091812">
        <ele>328.03</ele>
      </trkpt>
      <trkpt lat="45.661213485" lon="6.389143814">
        <ele>328.62</ele>
      </trkpt>
      <trkpt lat="45.661281453" lon="6.389229642">
        <ele>329.28</ele>
      </trkpt>
      <trkpt lat="45.661328482" lon="6.389298165">
        <ele>329.82</ele>
      </trkpt>
      <trkpt lat="45.661381372" lon="6.389375779">
        <ele>330.17</ele>
      </trkpt>
      <trkpt lat="45.661453172" lon="6.389470602">
        <ele>330.74</ele>
      </trkpt>
      <trkpt lat="45.661541599" lon="6.389556243">
        <ele>330.4</ele>
      </trkpt>
      <trkpt lat="45.661639308" lon="6.389639513">
        <ele>330.03</ele>
      </trkpt>
      <trkpt lat="45.66173889" lon="6.389728749">
        <ele>329.89</ele>
      </trkpt>
      <trkpt lat="45.661827273" lon="6.389815829">
        <ele>330.01</ele>
      </trkpt>
      <trkpt lat="45.661923788" lon="6.389871335">
        <ele>329.92</ele>
      </trkpt>
      <trkpt lat="45.662032688" lon="6.389888207">
        <ele>330.54</ele>
      </trkpt>
      <trkpt lat="45.662145859" lon="6.38989952">
        <ele>331.15</ele>
      </trkpt>
      <trkpt lat="45.662264412" lon="6.389902403">
        <ele>331.93</ele>
      </trkpt>
      <trkpt lat="45.662395323" lon="6.389901663">
        <ele>332.88</ele>
      </trkpt>
      <trkpt lat="45.662526252" lon="6.389900953">
        <ele>333.77</ele>
      </trkpt>
      <trkpt lat="45.662638749" lon="6.389900554">
        <ele>334.22</ele>
      </trkpt>
      <trkpt lat="45.662721936" lon="6.389923142">
        <ele>334.91</ele>
      </trkpt>
      <trkpt lat="45.662800368" lon="6.389967339">
        <ele>335.86</ele>
      </trkpt>
      <trkpt lat="45.663079644" lon="6.390066117">
        <ele>336.44</ele>
      </trkpt>
      <trkpt lat="45.663163073" lon="6.390079961">
        <ele>336.77</ele>
      </trkpt>
      <trkpt lat="45.663276873" lon="6.390104453">
        <ele>337.68</ele>
      </trkpt>
      <trkpt lat="45.663362978" lon="6.390131601">
        <ele>338.02</ele>
      </trkpt>
      <trkpt lat="45.663475228" lon="6.390173491">
        <ele>337.53</ele>
      </trkpt>
      <trkpt lat="45.663573639" lon="6.390233467">
        <ele>336.89</ele>
      </trkpt>
      <trkpt lat="45.663650624" lon="6.390325702">
        <ele>337.2</ele>
      </trkpt>
      <trkpt lat="45.663723797" lon="6.390408943">
        <ele>336.32</ele>
      </trkpt>
      <trkpt lat="45.663801923" lon="6.390463325">
        <ele>335.83</ele>
      </trkpt>
      <trkpt lat="45.663876368" lon="6.390504341">
        <ele>335.75</ele>
      </trkpt>
      <trkpt lat="45.663940684" lon="6.390541825">
        <ele>335.95</ele>
      </trkpt>
      <trkpt lat="45.66399813" lon="6.390603673">
        <ele>335.29</ele>
      </trkpt>
      <trkpt lat="45.664072094" lon="6.390660711">
        <ele>335.16</ele>
      </trkpt>
      <trkpt lat="45.664170941" lon="6.390706161">
        <ele>335.41</ele>
      </trkpt>
      <trkpt lat="45.664267982" lon="6.390744182">
        <ele>335.3</ele>
      </trkpt>
      <trkpt lat="45.664353868" lon="6.390778637">
        <ele>335.02</ele>
      </trkpt>
      <trkpt lat="45.664442747" lon="6.390781145">
        <ele>335.46</ele>
      </trkpt>
      <trkpt lat="45.664523767" lon="6.390739453">
        <ele>335.98</ele>
      </trkpt>
      <trkpt lat="45.664607098" lon="6.390689143">
        <ele>336.04</ele>
      </trkpt>
      <trkpt lat="45.664687095" lon="6.390647361">
        <ele>336.28</ele>
      </trkpt>
      <trkpt lat="45.664746169" lon="6.390621816">
        <ele>336.68</ele>
      </trkpt>
      <trkpt lat="45.664805003" lon="6.390603549">
        <ele>337.07</ele>
      </trkpt>
      <trkpt lat="45.664840021" lon="6.390595465">
        <ele>337.44</ele>
      </trkpt>
      <trkpt lat="45.664872858" lon="6.390591656">
        <ele>337.77</ele>
      </trkpt>
      <trkpt lat="45.664921011" lon="6.390588785">
        <ele>338.05</ele>
      </trkpt>
      <trkpt lat="45.66497932" lon="6.390587978">
        <ele>338.28</ele>
      </trkpt>
      <trkpt lat="45.6650407" lon="6.390587358">
        <ele>337.84</ele>
      </trkpt>
      <trkpt lat="45.66508979" lon="6.390587456">
        <ele>337.39</ele>
      </trkpt>
      <trkpt lat="45.665282036" lon="6.390587566">
        <ele>336.97</ele>
      </trkpt>
      <trkpt lat="45.665340082" lon="6.390595503">
        <ele>336.57</ele>
      </trkpt>
      <trkpt lat="45.6654037" lon="6.390622716">
        <ele>336.22</ele>
      </trkpt>
      <trkpt lat="45.665465095" lon="6.39065567">
        <ele>335.98</ele>
      </trkpt>
      <trkpt lat="45.665558824" lon="6.390700781">
        <ele>335.69</ele>
      </trkpt>
      <trkpt lat="45.665661857" lon="6.39074355">
        <ele>335.49</ele>
      </trkpt>
      <trkpt lat="45.665770859" lon="6.390791066">
        <ele>335.23</ele>
      </trkpt>
      <trkpt lat="45.665876334" lon="6.390820872">
        <ele>335.05</ele>
      </trkpt>
      <trkpt lat="45.666006103" lon="6.39085799">
        <ele>335.12</ele>
      </trkpt>
      <trkpt lat="45.666122691" lon="6.390891389">
        <ele>335.6</ele>
      </trkpt>
      <trkpt lat="45.666281112" lon="6.390928821">
        <ele>336.05</ele>
      </trkpt>
      <trkpt lat="45.666369863" lon="6.390902184">
        <ele>336.65</ele>
      </trkpt>
      <trkpt lat="45.666417418" lon="6.390851122">
        <ele>337.08</ele>
      </trkpt>
      <trkpt lat="45.666462427" lon="6.39078241">
        <ele>337.19</ele>
      </trkpt>
      <trkpt lat="45.666688696" lon="6.390841493">
        <ele>337</ele>
      </trkpt>
      <trkpt lat="45.666944312" lon="6.390911136">
        <ele>336.81</ele>
      </trkpt>
      <trkpt lat="45.667323121" lon="6.390998532">
        <ele>336.68</ele>
      </trkpt>
      <trkpt lat="45.667564839" lon="6.391054184">
        <ele>336.96</ele>
      </trkpt>
      <trkpt lat="45.667808584" lon="6.391109961">
        <ele>336.7</ele>
      </trkpt>
      <trkpt lat="45.667906151" lon="6.391130523">
        <ele>336.56</ele>
      </trkpt>
      <trkpt lat="45.66794847" lon="6.391117066">
        <ele>336.52</ele>
      </trkpt>
      <trkpt lat="45.667980654" lon="6.391101545">
        <ele>336.84</ele>
      </trkpt>
      <trkpt lat="45.668006345" lon="6.391097269">
        <ele>336.06</ele>
      </trkpt>
      <trkpt lat="45.668119033" lon="6.391124608">
        <ele>336.14</ele>
      </trkpt>
      <trkpt lat="45.668209169" lon="6.391153477">
        <ele>336.27</ele>
      </trkpt>
      <trkpt lat="45.668256256" lon="6.391151982">
        <ele>336.41</ele>
      </trkpt>
      <trkpt lat="45.668290819" lon="6.391124935">
        <ele>336.77</ele>
      </trkpt>
      <trkpt lat="45.66831184" lon="6.391038698">
        <ele>337.72</ele>
      </trkpt>
      <trkpt lat="45.66870454" lon="6.391153615">
        <ele>338.69</ele>
      </trkpt>
      <trkpt lat="45.668757889" lon="6.390957661">
        <ele>339.41</ele>
      </trkpt>
      <trkpt lat="45.668834821" lon="6.390853386">
        <ele>339.94</ele>
      </trkpt>
      <trkpt lat="45.668902281" lon="6.390801136">
        <ele>339.83</ele>
      </trkpt>
      <trkpt lat="45.668996978" lon="6.390806939">
        <ele>339.93</ele>
      </trkpt>
      <trkpt lat="45.670079428" lon="6.391191144">
        <ele>340.49</ele>
      </trkpt>
      <trkpt lat="45.670075895" lon="6.391207588">
        <ele>341.16</ele>
      </trkpt>
      <trkpt lat="45.673006954" lon="6.392264619">
        <ele>342.05</ele>
      </trkpt>
      <trkpt lat="45.67301126" lon="6.39223926">
        <ele>343.36</ele>
      </trkpt>
      <trkpt lat="45.673433389" lon="6.392396038">
        <ele>343.56</ele>
      </trkpt>
      <trkpt lat="45.673800849" lon="6.392525128">
        <ele>343.16</ele>
      </trkpt>
      <trkpt lat="45.674331144" lon="6.392703767">
        <ele>343.1</ele>
      </trkpt>
      <trkpt lat="45.674677666" lon="6.392819414">
        <ele>343.22</ele>
      </trkpt>
      <trkpt lat="45.675163879" lon="6.392974063">
        <ele>343.22</ele>
      </trkpt>
      <trkpt lat="45.675557531" lon="6.393083438">
        <ele>343.97</ele>
      </trkpt>
      <trkpt lat="45.676199284" lon="6.393317641">
        <ele>344.86</ele>
      </trkpt>
      <trkpt lat="45.676284423" lon="6.393395932">
        <ele>345.19</ele>
      </trkpt>
      <trkpt lat="45.676363717" lon="6.393455581">
        <ele>345.07</ele>
      </trkpt>
      <trkpt lat="45.676440998" lon="6.393631004">
        <ele>344.94</ele>
      </trkpt>
      <trkpt lat="45.676417999" lon="6.393751996">
        <ele>345.75</ele>
      </trkpt>
      <trkpt lat="45.676314999" lon="6.394321997">
        <ele>346.36</ele>
      </trkpt>
      <trkpt lat="45.676243003" lon="6.394744007">
        <ele>347.24</ele>
      </trkpt>
      <trkpt lat="45.676230971" lon="6.394813329">
        <ele>348.8</ele>
      </trkpt>
      <trkpt lat="45.676204745" lon="6.394876006">
        <ele>349.21</ele>
      </trkpt>
      <trkpt lat="45.676204745" lon="6.394876006">
        <ele>349.21</ele>
      </trkpt>
      <trkpt lat="45.676294663" lon="6.394882821">
        <ele>350.51</ele>
      </trkpt>
      <trkpt lat="45.676406736" lon="6.394902537">
        <ele>348.66</ele>
      </trkpt>
      <trkpt lat="45.676634357" lon="6.394946093">
        <ele>348.34</ele>
      </trkpt>
      <trkpt lat="45.676742178" lon="6.394987425">
        <ele>347.65</ele>
      </trkpt>
      <trkpt lat="45.67681681" lon="6.395022867">
        <ele>347.75</ele>
      </trkpt>
      <trkpt lat="45.676859489" lon="6.395042179">
        <ele>348.51</ele>
      </trkpt>
      <trkpt lat="45.677002878" lon="6.395099837">
        <ele>348.92</ele>
      </trkpt>
      <trkpt lat="45.677117292" lon="6.395131288">
        <ele>349.11</ele>
      </trkpt>
      <trkpt lat="45.677257131" lon="6.395156591">
        <ele>348.93</ele>
      </trkpt>
      <trkpt lat="45.677413687" lon="6.395195786">
        <ele>348.29</ele>
      </trkpt>
      <trkpt lat="45.677566359" lon="6.395243727">
        <ele>347.28</ele>
      </trkpt>
      <trkpt lat="45.677783065" lon="6.395290441">
        <ele>346.77</ele>
      </trkpt>
      <trkpt lat="45.677952341" lon="6.395344006">
        <ele>346.13</ele>
      </trkpt>
      <trkpt lat="45.678016286" lon="6.395349706">
        <ele>345.79</ele>
      </trkpt>
      <trkpt lat="45.678036766" lon="6.395254133">
        <ele>345.23</ele>
      </trkpt>
      <trkpt lat="45.678092918" lon="6.395237475">
        <ele>344.94</ele>
      </trkpt>
      <trkpt lat="45.678431928" lon="6.395263413">
        <ele>345.17</ele>
      </trkpt>
      <trkpt lat="45.678652362" lon="6.39530653">
        <ele>346.52</ele>
      </trkpt>
      <trkpt lat="45.678864667" lon="6.39543913">
        <ele>347.38</ele>
      </trkpt>
      <trkpt lat="45.678970345" lon="6.395521486">
        <ele>348.11</ele>
      </trkpt>
      <trkpt lat="45.679123095" lon="6.395566856">
        <ele>348.27</ele>
      </trkpt>
      <trkpt lat="45.679411904" lon="6.395614171">
        <ele>348.06</ele>
      </trkpt>
      <trkpt lat="45.679621686" lon="6.395681038">
        <ele>346.77</ele>
      </trkpt>
      <trkpt lat="45.679771236" lon="6.395683786">
        <ele>346.11</ele>
      </trkpt>
      <trkpt lat="45.679906553" lon="6.395739677">
        <ele>346.52</ele>
      </trkpt>
      <trkpt lat="45.680221472" lon="6.395906867">
        <ele>346.71</ele>
      </trkpt>
      <trkpt lat="45.680450363" lon="6.396027654">
        <ele>347.17</ele>
      </trkpt>
      <trkpt lat="45.680610526" lon="6.396096636">
        <ele>347.91</ele>
      </trkpt>
      <trkpt lat="45.680780211" lon="6.396118617">
        <ele>348.83</ele>
      </trkpt>
      <trkpt lat="45.681111781" lon="6.396151842">
        <ele>349</ele>
      </trkpt>
      <trkpt lat="45.681388886" lon="6.396198445">
        <ele>349.44</ele>
      </trkpt>
      <trkpt lat="45.681559849" lon="6.396268091">
        <ele>349.97</ele>
      </trkpt>
      <trkpt lat="45.681730455" lon="6.396378842">
        <ele>350.58</ele>
      </trkpt>
      <trkpt lat="45.681914727" lon="6.396485329">
        <ele>351.12</ele>
      </trkpt>
      <trkpt lat="45.682101721" lon="6.396620243">
        <ele>351.54</ele>
      </trkpt>
      <trkpt lat="45.68282605" lon="6.397109647">
        <ele>351.74</ele>
      </trkpt>
      <trkpt lat="45.683921441" lon="6.397786447">
        <ele>351.3</ele>
      </trkpt>
      <trkpt lat="45.684052053" lon="6.397908922">
        <ele>350.58</ele>
      </trkpt>
      <trkpt lat="45.684211458" lon="6.398002299">
        <ele>349.98</ele>
      </trkpt>
      <trkpt lat="45.684491684" lon="6.39809539">
        <ele>349.57</ele>
      </trkpt>
      <trkpt lat="45.685050364" lon="6.398457625">
        <ele>349.39</ele>
      </trkpt>
      <trkpt lat="45.686004013" lon="6.399083337">
        <ele>349.44</ele>
      </trkpt>
      <trkpt lat="45.686688399" lon="6.399491895">
        <ele>350.14</ele>
      </trkpt>
      <trkpt lat="45.686987871" lon="6.399692929">
        <ele>350.66</ele>
      </trkpt>
      <trkpt lat="45.68758925" lon="6.400194134">
        <ele>351.02</ele>
      </trkpt>
      <trkpt lat="45.687693072" lon="6.400307237">
        <ele>351.82</ele>
      </trkpt>
      <trkpt lat="45.687806461" lon="6.400432521">
        <ele>352.75</ele>
      </trkpt>
      <trkpt lat="45.687906166" lon="6.4005634">
        <ele>353.03</ele>
      </trkpt>
      <trkpt lat="45.688034658" lon="6.400696049">
        <ele>353.25</ele>
      </trkpt>
      <trkpt lat="45.688040309" lon="6.400698837">
        <ele>353.56</ele>
      </trkpt>
      <trkpt lat="45.688179735" lon="6.400767632">
        <ele>353.45</ele>
      </trkpt>
      <trkpt lat="45.688186513" lon="6.400770977">
        <ele>353.37</ele>
      </trkpt>
      <trkpt lat="45.68844168" lon="6.40085739">
        <ele>353.39</ele>
      </trkpt>
      <trkpt lat="45.688892448" lon="6.401062583">
        <ele>353.22</ele>
      </trkpt>
      <trkpt lat="45.689364067" lon="6.401263929">
        <ele>353.14</ele>
      </trkpt>
      <trkpt lat="45.689500119" lon="6.401295427">
        <ele>353.34</ele>
      </trkpt>
      <trkpt lat="45.689830816" lon="6.4013582">
        <ele>353.21</ele>
      </trkpt>
      <trkpt lat="45.690023899" lon="6.401411234">
        <ele>353.35</ele>
      </trkpt>
      <trkpt lat="45.690847868" lon="6.401764145">
        <ele>354.58</ele>
      </trkpt>
      <trkpt lat="45.691950895" lon="6.402247398">
        <ele>355.74</ele>
      </trkpt>
      <trkpt lat="45.692840537" lon="6.402633971">
        <ele>357.08</ele>
      </trkpt>
      <trkpt lat="45.693014536" lon="6.402692244">
        <ele>358.88</ele>
      </trkpt>
      <trkpt lat="45.692999923" lon="6.402787814">
        <ele>360.49</ele>
      </trkpt>
      <trkpt lat="45.692992409" lon="6.40285808">
        <ele>361.12</ele>
      </trkpt>
      <trkpt lat="45.693003222" lon="6.402947503">
        <ele>361.92</ele>
      </trkpt>
      <trkpt lat="45.69304661" lon="6.403032469">
        <ele>362.03</ele>
      </trkpt>
      <trkpt lat="45.693117968" lon="6.403087036">
        <ele>361.68</ele>
      </trkpt>
      <trkpt lat="45.693238838" lon="6.40311375">
        <ele>361.05</ele>
      </trkpt>
      <trkpt lat="45.693331504" lon="6.403119453">
        <ele>360.5</ele>
      </trkpt>
      <trkpt lat="45.693366595" lon="6.403121612">
        <ele>359.31</ele>
      </trkpt>
      <trkpt lat="45.693398168" lon="6.403121003">
        <ele>358.16</ele>
      </trkpt>
      <trkpt lat="45.693509918" lon="6.403121445">
        <ele>357.2</ele>
      </trkpt>
      <trkpt lat="45.693704114" lon="6.403107655">
        <ele>357.02</ele>
      </trkpt>
      <trkpt lat="45.69372572" lon="6.403106517">
        <ele>356.94</ele>
      </trkpt>
      <trkpt lat="45.693831309" lon="6.40310096">
        <ele>357.29</ele>
      </trkpt>
      <trkpt lat="45.693850361" lon="6.403099957">
        <ele>358.07</ele>
      </trkpt>
      <trkpt lat="45.693960947" lon="6.40313891">
        <ele>359.48</ele>
      </trkpt>
      <trkpt lat="45.694110501" lon="6.403260005">
        <ele>359.99</ele>
      </trkpt>
      <trkpt lat="45.694395828" lon="6.40351164">
        <ele>360.24</ele>
      </trkpt>
      <trkpt lat="45.69442889" lon="6.403550983">
        <ele>360.39</ele>
      </trkpt>
      <trkpt lat="45.694486332" lon="6.403618812">
        <ele>360.41</ele>
      </trkpt>
      <trkpt lat="45.694528475" lon="6.40368573">
        <ele>361.94</ele>
      </trkpt>
      <trkpt lat="45.694544743" lon="6.403713747">
        <ele>363.07</ele>
      </trkpt>
      <trkpt lat="45.694683345" lon="6.403899744">
        <ele>365.1</ele>
      </trkpt>
      <trkpt lat="45.694793604" lon="6.404068602">
        <ele>366.98</ele>
      </trkpt>
      <trkpt lat="45.694898783" lon="6.404197261">
        <ele>369.64</ele>
      </trkpt>
      <trkpt lat="45.69502655" lon="6.404293886">
        <ele>368.22</ele>
      </trkpt>
      <trkpt lat="45.695284259" lon="6.404415211">
        <ele>367.91</ele>
      </trkpt>
      <trkpt lat="45.695930608" lon="6.404650501">
        <ele>365.72</ele>
      </trkpt>
      <trkpt lat="45.696946678" lon="6.405088642">
        <ele>363.66</ele>
      </trkpt>
      <trkpt lat="45.698046757" lon="6.405549975">
        <ele>360.76</ele>
      </trkpt>
      <trkpt lat="45.698863829" lon="6.405921855">
        <ele>359.83</ele>
      </trkpt>
      <trkpt lat="45.699328438" lon="6.406145983">
        <ele>358.59</ele>
      </trkpt>
      <trkpt lat="45.699598335" lon="6.406311822">
        <ele>359.94</ele>
      </trkpt>
      <trkpt lat="45.699880964" lon="6.406502886">
        <ele>360.94</ele>
      </trkpt>
      <trkpt lat="45.700266039" lon="6.406823737">
        <ele>361.96</ele>
      </trkpt>
      <trkpt lat="45.700319088" lon="6.406857881">
        <ele>362.4</ele>
      </trkpt>
      <trkpt lat="45.700325275" lon="6.406862117">
        <ele>365.74</ele>
      </trkpt>
      <trkpt lat="45.700674189" lon="6.407097162">
        <ele>367.5</ele>
      </trkpt>
      <trkpt lat="45.700896592" lon="6.407224049">
        <ele>369.69</ele>
      </trkpt>
      <trkpt lat="45.701084262" lon="6.407306352">
        <ele>371.68</ele>
      </trkpt>
      <trkpt lat="45.701101172" lon="6.40731383">
        <ele>374.31</ele>
      </trkpt>
      <trkpt lat="45.701188291" lon="6.40735393">
        <ele>372.94</ele>
      </trkpt>
      <trkpt lat="45.70158187" lon="6.407452807">
        <ele>372.85</ele>
      </trkpt>
      <trkpt lat="45.702079781" lon="6.407500191">
        <ele>373.14</ele>
      </trkpt>
      <trkpt lat="45.70244705" lon="6.407485539">
        <ele>374.32</ele>
      </trkpt>
      <trkpt lat="45.702726375" lon="6.407488606">
        <ele>374.39</ele>
      </trkpt>
      <trkpt lat="45.702951021" lon="6.407511438">
        <ele>376.16</ele>
      </trkpt>
      <trkpt lat="45.703130367" lon="6.407541799">
        <ele>376.13</ele>
      </trkpt>
      <trkpt lat="45.703259356" lon="6.407538151">
        <ele>375.49</ele>
      </trkpt>
      <trkpt lat="45.703383857" lon="6.407504683">
        <ele>374.01</ele>
      </trkpt>
      <trkpt lat="45.703424571" lon="6.407469879">
        <ele>374.37</ele>
      </trkpt>
      <trkpt lat="45.703457807" lon="6.407443631">
        <ele>373.87</ele>
      </trkpt>
      <trkpt lat="45.703499832" lon="6.407335585">
        <ele>372.92</ele>
      </trkpt>
      <trkpt lat="45.703507717" lon="6.40725376">
        <ele>372.07</ele>
      </trkpt>
      <trkpt lat="45.703518459" lon="6.407137351">
        <ele>371.05</ele>
      </trkpt>
      <trkpt lat="45.703530227" lon="6.406960575">
        <ele>369.11</ele>
      </trkpt>
      <trkpt lat="45.703541572" lon="6.406790167">
        <ele>367.16</ele>
      </trkpt>
      <trkpt lat="45.703549" lon="6.406633688">
        <ele>366.39</ele>
      </trkpt>
      <trkpt lat="45.70355032" lon="6.406530847">
        <ele>365.81</ele>
      </trkpt>
      <trkpt lat="45.703550837" lon="6.406515949">
        <ele>365.63</ele>
      </trkpt>
      <trkpt lat="45.703557399" lon="6.40632674">
        <ele>365.61</ele>
      </trkpt>
      <trkpt lat="45.703563767" lon="6.406175356">
        <ele>365.28</ele>
      </trkpt>
      <trkpt lat="45.70356903" lon="6.406061188">
        <ele>365.16</ele>
      </trkpt>
      <trkpt lat="45.703574371" lon="6.405944446">
        <ele>365.23</ele>
      </trkpt>
      <trkpt lat="45.703581642" lon="6.405793117">
        <ele>365.06</ele>
      </trkpt>
      <trkpt lat="45.703676813" lon="6.405775814">
        <ele>364.59</ele>
      </trkpt>
      <trkpt lat="45.703837376" lon="6.405771556">
        <ele>364.57</ele>
      </trkpt>
      <trkpt lat="45.704095063" lon="6.405774556">
        <ele>364.36</ele>
      </trkpt>
      <trkpt lat="45.704382002" lon="6.405763933">
        <ele>363.98</ele>
      </trkpt>
      <trkpt lat="45.70466389" lon="6.40574143">
        <ele>363.93</ele>
      </trkpt>
      <trkpt lat="45.704906794" lon="6.405697217">
        <ele>364.28</ele>
      </trkpt>
      <trkpt lat="45.705212049" lon="6.40561695">
        <ele>364.73</ele>
      </trkpt>
      <trkpt lat="45.705524287" lon="6.405515278">
        <ele>365.06</ele>
      </trkpt>
      <trkpt lat="45.705939407" lon="6.405378743">
        <ele>365.38</ele>
      </trkpt>
      <trkpt lat="45.70629193" lon="6.405256384">
        <ele>365.52</ele>
      </trkpt>
      <trkpt lat="45.706648" lon="6.405165093">
        <ele>365.59</ele>
      </trkpt>
      <trkpt lat="45.706904871" lon="6.405135886">
        <ele>365.77</ele>
      </trkpt>
      <trkpt lat="45.707067026" lon="6.405138159">
        <ele>366.32</ele>
      </trkpt>
      <trkpt lat="45.707272189" lon="6.405149518">
        <ele>366.81</ele>
      </trkpt>
      <trkpt lat="45.707541871" lon="6.405203416">
        <ele>367.33</ele>
      </trkpt>
      <trkpt lat="45.70776139" lon="6.405276115">
        <ele>368</ele>
      </trkpt>
      <trkpt lat="45.707992145" lon="6.40536496">
        <ele>368.46</ele>
      </trkpt>
      <trkpt lat="45.708097728" lon="6.405410184">
        <ele>368.8</ele>
      </trkpt>
      <trkpt lat="45.708111374" lon="6.405416029">
        <ele>368.66</ele>
      </trkpt>
      <trkpt lat="45.708168327" lon="6.405440123">
        <ele>368.62</ele>
      </trkpt>
      <trkpt lat="45.708195495" lon="6.405447725">
        <ele>368.48</ele>
      </trkpt>
      <trkpt lat="45.70822732" lon="6.40545663">
        <ele>368.18</ele>
      </trkpt>
      <trkpt lat="45.708316673" lon="6.40548272">
        <ele>367.6</ele>
      </trkpt>
      <trkpt lat="45.70850618" lon="6.405534262">
        <ele>367.58</ele>
      </trkpt>
      <trkpt lat="45.70872496" lon="6.405572181">
        <ele>367.4</ele>
      </trkpt>
      <trkpt lat="45.708946877" lon="6.405596144">
        <ele>367.41</ele>
      </trkpt>
      <trkpt lat="45.709302385" lon="6.405583307">
        <ele>367.73</ele>
      </trkpt>
      <trkpt lat="45.709743312" lon="6.405577035">
        <ele>368.11</ele>
      </trkpt>
      <trkpt lat="45.710201898" lon="6.405583392">
        <ele>368.46</ele>
      </trkpt>
      <trkpt lat="45.710610387" lon="6.405636884">
        <ele>369.02</ele>
      </trkpt>
      <trkpt lat="45.710971229" lon="6.405715714">
        <ele>369.5</ele>
      </trkpt>
      <trkpt lat="45.711356721" lon="6.405814071">
        <ele>369.8</ele>
      </trkpt>
      <trkpt lat="45.711962481" lon="6.406050801">
        <ele>370.29</ele>
      </trkpt>
      <trkpt lat="45.71202729" lon="6.406083123">
        <ele>370.5</ele>
      </trkpt>
      <trkpt lat="45.712430915" lon="6.406267534">
        <ele>370.98</ele>
      </trkpt>
      <trkpt lat="45.712913415" lon="6.40649668">
        <ele>371.62</ele>
      </trkpt>
      <trkpt lat="45.713823071" lon="6.406936144">
        <ele>372.08</ele>
      </trkpt>
      <trkpt lat="45.71460094" lon="6.40729286">
        <ele>372.33</ele>
      </trkpt>
      <trkpt lat="45.714954409" lon="6.407466482">
        <ele>373.2</ele>
      </trkpt>
      <trkpt lat="45.715240338" lon="6.407608918">
        <ele>373.8</ele>
      </trkpt>
      <trkpt lat="45.715869909" lon="6.407892188">
        <ele>373.84</ele>
      </trkpt>
      <trkpt lat="45.716275833" lon="6.408089615">
        <ele>374.01</ele>
      </trkpt>
      <trkpt lat="45.716409968" lon="6.408154519">
        <ele>374.35</ele>
      </trkpt>
      <trkpt lat="45.716870194" lon="6.40837461">
        <ele>374.56</ele>
      </trkpt>
      <trkpt lat="45.717437351" lon="6.40863604">
        <ele>374.63</ele>
      </trkpt>
      <trkpt lat="45.717993727" lon="6.408895507">
        <ele>374.85</ele>
      </trkpt>
      <trkpt lat="45.718137989" lon="6.408960707">
        <ele>375.35</ele>
      </trkpt>
      <trkpt lat="45.718151997" lon="6.408967038">
        <ele>375.77</ele>
      </trkpt>
      <trkpt lat="45.718217827" lon="6.408995545">
        <ele>375.91</ele>
      </trkpt>
      <trkpt lat="45.718242938" lon="6.409007277">
        <ele>376.23</ele>
      </trkpt>
      <trkpt lat="45.718512884" lon="6.409133398">
        <ele>376.35</ele>
      </trkpt>
      <trkpt lat="45.718695349" lon="6.409210279">
        <ele>376.43</ele>
      </trkpt>
      <trkpt lat="45.718877365" lon="6.409301286">
        <ele>376.95</ele>
      </trkpt>
      <trkpt lat="45.719295999" lon="6.409525269">
        <ele>377.53</ele>
      </trkpt>
      <trkpt lat="45.719689071" lon="6.409760555">
        <ele>377.82</ele>
      </trkpt>
      <trkpt lat="45.71995262" lon="6.409927358">
        <ele>378.44</ele>
      </trkpt>
      <trkpt lat="45.720121953" lon="6.41002014">
        <ele>378.77</ele>
      </trkpt>
      <trkpt lat="45.720239479" lon="6.410098182">
        <ele>378.99</ele>
      </trkpt>
      <trkpt lat="45.72037307" lon="6.410181045">
        <ele>378.96</ele>
      </trkpt>
      <trkpt lat="45.720492345" lon="6.410260472">
        <ele>379.32</ele>
      </trkpt>
      <trkpt lat="45.720607598" lon="6.410353803">
        <ele>379.54</ele>
      </trkpt>
      <trkpt lat="45.720727816" lon="6.410431985">
        <ele>379.76</ele>
      </trkpt>
      <trkpt lat="45.720892231" lon="6.410568229">
        <ele>379.75</ele>
      </trkpt>
      <trkpt lat="45.721127507" lon="6.410746171">
        <ele>380.19</ele>
      </trkpt>
      <trkpt lat="45.721464214" lon="6.411026894">
        <ele>380.54</ele>
      </trkpt>
      <trkpt lat="45.722411894" lon="6.411817575">
        <ele>381.06</ele>
      </trkpt>
      <trkpt lat="45.723408671" lon="6.412653778">
        <ele>381.7</ele>
      </trkpt>
      <trkpt lat="45.724365625" lon="6.41343607">
        <ele>382.56</ele>
      </trkpt>
      <trkpt lat="45.724787256" lon="6.413799278">
        <ele>383.07</ele>
      </trkpt>
      <trkpt lat="45.725484204" lon="6.414386704">
        <ele>383.58</ele>
      </trkpt>
      <trkpt lat="45.725634865" lon="6.41450153">
        <ele>383.83</ele>
      </trkpt>
      <trkpt lat="45.725750076" lon="6.414596154">
        <ele>383.92</ele>
      </trkpt>
      <trkpt lat="45.725836745" lon="6.41465041">
        <ele>383.98</ele>
      </trkpt>
      <trkpt lat="45.725947607" lon="6.414710019">
        <ele>384.14</ele>
      </trkpt>
      <trkpt lat="45.726042796" lon="6.414751923">
        <ele>384.1</ele>
      </trkpt>
      <trkpt lat="45.726159738" lon="6.414788761">
        <ele>384.18</ele>
      </trkpt>
      <trkpt lat="45.72626492" lon="6.414827426">
        <ele>384.4</ele>
      </trkpt>
      <trkpt lat="45.726346995" lon="6.414885257">
        <ele>384.33</ele>
      </trkpt>
      <trkpt lat="45.726385103" lon="6.414936514">
        <ele>384.34</ele>
      </trkpt>
      <trkpt lat="45.726368482" lon="6.414979254">
        <ele>384.41</ele>
      </trkpt>
      <trkpt lat="45.726360349" lon="6.415039226">
        <ele>384.46</ele>
      </trkpt>
      <trkpt lat="45.726360365" lon="6.415098427">
        <ele>384.51</ele>
      </trkpt>
      <trkpt lat="45.726370473" lon="6.415151811">
        <ele>384.53</ele>
      </trkpt>
      <trkpt lat="45.726394874" lon="6.415208659">
        <ele>384.51</ele>
      </trkpt>
      <trkpt lat="45.726432586" lon="6.415243156">
        <ele>384.45</ele>
      </trkpt>
      <trkpt lat="45.726471705" lon="6.415261033">
        <ele>384.3</ele>
      </trkpt>
      <trkpt lat="45.726526744" lon="6.415259299">
        <ele>384.16</ele>
      </trkpt>
      <trkpt lat="45.726562536" lon="6.415238336">
        <ele>384.1</ele>
      </trkpt>
      <trkpt lat="45.726594493" lon="6.415195267">
        <ele>384.11</ele>
      </trkpt>
      <trkpt lat="45.726635369" lon="6.415244113">
        <ele>384.07</ele>
      </trkpt>
      <trkpt lat="45.726720024" lon="6.415335576">
        <ele>384.11</ele>
      </trkpt>
      <trkpt lat="45.726806748" lon="6.415447732">
        <ele>384.47</ele>
      </trkpt>
      <trkpt lat="45.726891052" lon="6.415550774">
        <ele>384.6</ele>
      </trkpt>
      <trkpt lat="45.726966084" lon="6.415632622">
        <ele>384.9</ele>
      </trkpt>
      <trkpt lat="45.727047496" lon="6.415712284">
        <ele>385.19</ele>
      </trkpt>
      <trkpt lat="45.72716799" lon="6.415811098">
        <ele>385.46</ele>
      </trkpt>
      <trkpt lat="45.727373014" lon="6.41597564">
        <ele>385.56</ele>
      </trkpt>
      <trkpt lat="45.727583029" lon="6.416153342">
        <ele>385.91</ele>
      </trkpt>
      <trkpt lat="45.727790491" lon="6.416327031">
        <ele>386.08</ele>
      </trkpt>
      <trkpt lat="45.728039468" lon="6.416527765">
        <ele>386.37</ele>
      </trkpt>
      <trkpt lat="45.728461343" lon="6.416883294">
        <ele>386.74</ele>
      </trkpt>
      <trkpt lat="45.728830266" lon="6.417200832">
        <ele>387.07</ele>
      </trkpt>
      <trkpt lat="45.729264569" lon="6.417562302">
        <ele>387.5</ele>
      </trkpt>
      <trkpt lat="45.729626557" lon="6.4178704">
        <ele>387.84</ele>
      </trkpt>
      <trkpt lat="45.729948106" lon="6.418145109">
        <ele>388.19</ele>
      </trkpt>
      <trkpt lat="45.730084135" lon="6.418266766">
        <ele>388.52</ele>
      </trkpt>
      <trkpt lat="45.730164246" lon="6.418329647">
        <ele>388.78</ele>
      </trkpt>
      <trkpt lat="45.73023277" lon="6.418387952">
        <ele>388.92</ele>
      </trkpt>
      <trkpt lat="45.73031125" lon="6.41844557">
        <ele>389.22</ele>
      </trkpt>
      <trkpt lat="45.730427043" lon="6.418520929">
        <ele>389.48</ele>
      </trkpt>
      <trkpt lat="45.730523081" lon="6.41859379">
        <ele>389.73</ele>
      </trkpt>
      <trkpt lat="45.730662442" lon="6.418693809">
        <ele>389.98</ele>
      </trkpt>
      <trkpt lat="45.73078574" lon="6.418788951">
        <ele>390.89</ele>
      </trkpt>
      <trkpt lat="45.73089751" lon="6.418878217">
        <ele>391.51</ele>
      </trkpt>
      <trkpt lat="45.731016194" lon="6.418976961">
        <ele>392.33</ele>
      </trkpt>
      <trkpt lat="45.731155621" lon="6.419105271">
        <ele>392.6</ele>
      </trkpt>
      <trkpt lat="45.731360595" lon="6.419241496">
        <ele>393</ele>
      </trkpt>
      <trkpt lat="45.73153979" lon="6.419395444">
        <ele>392.52</ele>
      </trkpt>
      <trkpt lat="45.731777989" lon="6.419625128">
        <ele>392.35</ele>
      </trkpt>
      <trkpt lat="45.731882889" lon="6.419732014">
        <ele>392.16</ele>
      </trkpt>
      <trkpt lat="45.732003659" lon="6.419851459">
        <ele>392.43</ele>
      </trkpt>
      <trkpt lat="45.732117339" lon="6.419966605">
        <ele>392.59</ele>
      </trkpt>
      <trkpt lat="45.73223098" lon="6.420083027">
        <ele>392.9</ele>
      </trkpt>
      <trkpt lat="45.7323477" lon="6.420186788">
        <ele>393.06</ele>
      </trkpt>
      <trkpt lat="45.732472804" lon="6.420282048">
        <ele>393.14</ele>
      </trkpt>
      <trkpt lat="45.732580367" lon="6.42036079">
        <ele>393.21</ele>
      </trkpt>
      <trkpt lat="45.732640502" lon="6.420399263">
        <ele>393.34</ele>
      </trkpt>
      <trkpt lat="45.732957782" lon="6.420666021">
        <ele>393.83</ele>
      </trkpt>
      <trkpt lat="45.733356821" lon="6.421000909">
        <ele>394.48</ele>
      </trkpt>
      <trkpt lat="45.734161928" lon="6.421676269">
        <ele>395.3</ele>
      </trkpt>
      <trkpt lat="45.734484136" lon="6.421958809">
        <ele>396.05</ele>
      </trkpt>
      <trkpt lat="45.734697008" lon="6.422131571">
        <ele>396.87</ele>
      </trkpt>
      <trkpt lat="45.734806124" lon="6.422219437">
        <ele>397.2</ele>
      </trkpt>
      <trkpt lat="45.734905045" lon="6.422286048">
        <ele>397.26</ele>
      </trkpt>
      <trkpt lat="45.734984796" lon="6.422330903">
        <ele>397.13</ele>
      </trkpt>
      <trkpt lat="45.735083263" lon="6.42238333">
        <ele>397.09</ele>
      </trkpt>
      <trkpt lat="45.735151936" lon="6.422406875">
        <ele>396.84</ele>
      </trkpt>
      <trkpt lat="45.735204622" lon="6.422423018">
        <ele>396.7</ele>
      </trkpt>
      <trkpt lat="45.73523937" lon="6.422377537">
        <ele>396.66</ele>
      </trkpt>
      <trkpt lat="45.735267364" lon="6.422345822">
        <ele>396.61</ele>
      </trkpt>
      <trkpt lat="45.735309811" lon="6.422313697">
        <ele>396.57</ele>
      </trkpt>
      <trkpt lat="45.735349495" lon="6.422312296">
        <ele>396.72</ele>
      </trkpt>
      <trkpt lat="45.73539148" lon="6.422325195">
        <ele>396.83</ele>
      </trkpt>
      <trkpt lat="45.735422613" lon="6.422368289">
        <ele>396.93</ele>
      </trkpt>
      <trkpt lat="45.735433464" lon="6.422426892">
        <ele>397</ele>
      </trkpt>
      <trkpt lat="45.73542787" lon="6.42245944">
        <ele>397.02</ele>
      </trkpt>
      <trkpt lat="45.735466155" lon="6.422472969">
        <ele>397.12</ele>
      </trkpt>
      <trkpt lat="45.735586413" lon="6.422521727">
        <ele>397.47</ele>
      </trkpt>
      <trkpt lat="45.735726601" lon="6.422578565">
        <ele>398.99</ele>
      </trkpt>
      <trkpt lat="45.736293528" lon="6.422825562">
        <ele>399.74</ele>
      </trkpt>
      <trkpt lat="45.736743885" lon="6.422985785">
        <ele>400.65</ele>
      </trkpt>
      <trkpt lat="45.737401366" lon="6.423183491">
        <ele>401.09</ele>
      </trkpt>
      <trkpt lat="45.737927159" lon="6.423256455">
        <ele>401.72</ele>
      </trkpt>
      <trkpt lat="45.7386915" lon="6.423382534">
        <ele>401.22</ele>
      </trkpt>
      <trkpt lat="45.73928588" lon="6.423357426">
        <ele>401.5</ele>
      </trkpt>
      <trkpt lat="45.739344844" lon="6.423370156">
        <ele>401.62</ele>
      </trkpt>
      <trkpt lat="45.739404458" lon="6.423368159">
        <ele>402</ele>
      </trkpt>
      <trkpt lat="45.739444802" lon="6.423333127">
        <ele>401.97</ele>
      </trkpt>
      <trkpt lat="45.739456421" lon="6.423306808">
        <ele>401.92</ele>
      </trkpt>
      <trkpt lat="45.739490447" lon="6.423284459">
        <ele>401.72</ele>
      </trkpt>
      <trkpt lat="45.739537455" lon="6.423279654">
        <ele>401.51</ele>
      </trkpt>
      <trkpt lat="45.739651362" lon="6.423268695">
        <ele>401.75</ele>
      </trkpt>
      <trkpt lat="45.739781347" lon="6.423232969">
        <ele>402.21</ele>
      </trkpt>
      <trkpt lat="45.739906264" lon="6.423185353">
        <ele>403.59</ele>
      </trkpt>
      <trkpt lat="45.740047908" lon="6.423122035">
        <ele>407.4</ele>
      </trkpt>
      <trkpt lat="45.740203177" lon="6.423054423">
        <ele>409.19</ele>
      </trkpt>
      <trkpt lat="45.740380242" lon="6.422981721">
        <ele>409.43</ele>
      </trkpt>
      <trkpt lat="45.740572916" lon="6.422899686">
        <ele>410.1</ele>
      </trkpt>
      <trkpt lat="45.740760619" lon="6.422803186">
        <ele>410.7</ele>
      </trkpt>
      <trkpt lat="45.740937073" lon="6.422721449">
        <ele>409.34</ele>
      </trkpt>
      <trkpt lat="45.741092694" lon="6.422642253">
        <ele>410.13</ele>
      </trkpt>
      <trkpt lat="45.741157859" lon="6.422603815">
        <ele>409.99</ele>
      </trkpt>
      <trkpt lat="45.741210081" lon="6.422546559">
        <ele>409.22</ele>
      </trkpt>
      <trkpt lat="45.741250599" lon="6.422488549">
        <ele>407.59</ele>
      </trkpt>
      <trkpt lat="45.741287991" lon="6.422414938">
        <ele>405.65</ele>
      </trkpt>
      <trkpt lat="45.74132134" lon="6.422355207">
        <ele>403.66</ele>
      </trkpt>
      <trkpt lat="45.741363235" lon="6.422311467">
        <ele>403.75</ele>
      </trkpt>
      <trkpt lat="45.741414227" lon="6.422294">
        <ele>403.93</ele>
      </trkpt>
      <trkpt lat="45.741467441" lon="6.422293436">
        <ele>403.87</ele>
      </trkpt>
      <trkpt lat="45.741524508" lon="6.422313712">
        <ele>403.82</ele>
      </trkpt>
      <trkpt lat="45.741584265" lon="6.422334153">
        <ele>403.74</ele>
      </trkpt>
      <trkpt lat="45.741655265" lon="6.422311511">
        <ele>408.69</ele>
      </trkpt>
      <trkpt lat="45.741724732" lon="6.422279779">
        <ele>408.59</ele>
      </trkpt>
      <trkpt lat="45.741795946" lon="6.422249432">
        <ele>409.67</ele>
      </trkpt>
      <trkpt lat="45.741825442" lon="6.422234338">
        <ele>409.63</ele>
      </trkpt>
      <trkpt lat="45.741955258" lon="6.422167909">
        <ele>410.15</ele>
      </trkpt>
      <trkpt lat="45.74212908" lon="6.422083397">
        <ele>405.07</ele>
      </trkpt>
      <trkpt lat="45.742304001" lon="6.421992538">
        <ele>404.89</ele>
      </trkpt>
      <trkpt lat="45.742483515" lon="6.421898106">
        <ele>404.09</ele>
      </trkpt>
      <trkpt lat="45.742654133" lon="6.42180054">
        <ele>404.24</ele>
      </trkpt>
      <trkpt lat="45.742825518" lon="6.42170688">
        <ele>403.98</ele>
      </trkpt>
      <trkpt lat="45.742995351" lon="6.421605405">
        <ele>406.1</ele>
      </trkpt>
      <trkpt lat="45.743176828" lon="6.421505928">
        <ele>406.81</ele>
      </trkpt>
      <trkpt lat="45.743350844" lon="6.42141501">
        <ele>407.91</ele>
      </trkpt>
      <trkpt lat="45.743523093" lon="6.421322706">
        <ele>408.03</ele>
      </trkpt>
      <trkpt lat="45.74360375" lon="6.421278755">
        <ele>408.62</ele>
      </trkpt>
      <trkpt lat="45.743754106" lon="6.421195395">
        <ele>407.87</ele>
      </trkpt>
      <trkpt lat="45.743910824" lon="6.421109845">
        <ele>409.69</ele>
      </trkpt>
      <trkpt lat="45.744056014" lon="6.421018418">
        <ele>409.05</ele>
      </trkpt>
      <trkpt lat="45.744184888" lon="6.420929838">
        <ele>410.04</ele>
      </trkpt>
      <trkpt lat="45.744307107" lon="6.420852452">
        <ele>410.11</ele>
      </trkpt>
      <trkpt lat="45.744413976" lon="6.420806291">
        <ele>409.75</ele>
      </trkpt>
      <trkpt lat="45.744604531" lon="6.420734385">
        <ele>410.47</ele>
      </trkpt>
      <trkpt lat="45.744643014" lon="6.420624772">
        <ele>413.08</ele>
      </trkpt>
      <trkpt lat="45.74468266" lon="6.42053583">
        <ele>415.16</ele>
      </trkpt>
      <trkpt lat="45.744712195" lon="6.420453981">
        <ele>417.26</ele>
      </trkpt>
      <trkpt lat="45.744734211" lon="6.420381967">
        <ele>423.87</ele>
      </trkpt>
      <trkpt lat="45.744755005" lon="6.420290581">
        <ele>427.66</ele>
      </trkpt>
      <trkpt lat="45.744771414" lon="6.420165415">
        <ele>430.37</ele>
      </trkpt>
      <trkpt lat="45.744799421" lon="6.420104071">
        <ele>429.25</ele>
      </trkpt>
      <trkpt lat="45.744847885" lon="6.420022116">
        <ele>428.3</ele>
      </trkpt>
      <trkpt lat="45.745080377" lon="6.419755849">
        <ele>422.68</ele>
      </trkpt>
      <trkpt lat="45.745096562" lon="6.419723564">
        <ele>417.64</ele>
      </trkpt>
      <trkpt lat="45.745107166" lon="6.419701537">
        <ele>413.38</ele>
      </trkpt>
      <trkpt lat="45.745120712" lon="6.419674668">
        <ele>412.78</ele>
      </trkpt>
      <trkpt lat="45.745112056" lon="6.419603336">
        <ele>412.12</ele>
      </trkpt>
      <trkpt lat="45.745103394" lon="6.419502381">
        <ele>412.15</ele>
      </trkpt>
      <trkpt lat="45.745113211" lon="6.419416756">
        <ele>411.6</ele>
      </trkpt>
      <trkpt lat="45.745131712" lon="6.419341941">
        <ele>411.24</ele>
      </trkpt>
      <trkpt lat="45.745161461" lon="6.419252358">
        <ele>411.1</ele>
      </trkpt>
      <trkpt lat="45.745195984" lon="6.419183698">
        <ele>411.12</ele>
      </trkpt>
      <trkpt lat="45.745238502" lon="6.419119393">
        <ele>410.47</ele>
      </trkpt>
      <trkpt lat="45.745288011" lon="6.41906196">
        <ele>410.17</ele>
      </trkpt>
      <trkpt lat="45.745346215" lon="6.418985743">
        <ele>410.02</ele>
      </trkpt>
      <trkpt lat="45.745397742" lon="6.418902227">
        <ele>409.81</ele>
      </trkpt>
      <trkpt lat="45.745446282" lon="6.418819054">
        <ele>409.59</ele>
      </trkpt>
      <trkpt lat="45.74550188" lon="6.418739231">
        <ele>409.36</ele>
      </trkpt>
      <trkpt lat="45.745553978" lon="6.418640203">
        <ele>409.36</ele>
      </trkpt>
      <trkpt lat="45.745611175" lon="6.418541489">
        <ele>409.34</ele>
      </trkpt>
      <trkpt lat="45.745660819" lon="6.418421875">
        <ele>409.41</ele>
      </trkpt>
      <trkpt lat="45.74569978" lon="6.418317646">
        <ele>409.55</ele>
      </trkpt>
      <trkpt lat="45.74573905" lon="6.418203247">
        <ele>409.24</ele>
      </trkpt>
      <trkpt lat="45.745760167" lon="6.418147583">
        <ele>409.01</ele>
      </trkpt>
      <trkpt lat="45.745781328" lon="6.41809045">
        <ele>408.65</ele>
      </trkpt>
      <trkpt lat="45.745816665" lon="6.417902763">
        <ele>408.57</ele>
      </trkpt>
      <trkpt lat="45.74588898" lon="6.417710031">
        <ele>408.6</ele>
      </trkpt>
      <trkpt lat="45.745991966" lon="6.41748416">
        <ele>408.35</ele>
      </trkpt>
      <trkpt lat="45.746109296" lon="6.417291297">
        <ele>408.82</ele>
      </trkpt>
      <trkpt lat="45.746195132" lon="6.417124249">
        <ele>408.67</ele>
      </trkpt>
      <trkpt lat="45.746296739" lon="6.416909979">
        <ele>408.28</ele>
      </trkpt>
      <trkpt lat="45.74636142" lon="6.41673285">
        <ele>407.88</ele>
      </trkpt>
      <trkpt lat="45.746376778" lon="6.416631545">
        <ele>408.03</ele>
      </trkpt>
      <trkpt lat="45.746381318" lon="6.416514969">
        <ele>407.44</ele>
      </trkpt>
      <trkpt lat="45.746376563" lon="6.416368609">
        <ele>407.46</ele>
      </trkpt>
      <trkpt lat="45.7463647" lon="6.416287556">
        <ele>407.41</ele>
      </trkpt>
      <trkpt lat="45.746336376" lon="6.416176248">
        <ele>407.27</ele>
      </trkpt>
      <trkpt lat="45.746306056" lon="6.416096968">
        <ele>407.45</ele>
      </trkpt>
      <trkpt lat="45.746270309" lon="6.416027542">
        <ele>407.63</ele>
      </trkpt>
      <trkpt lat="45.74622358" lon="6.415950163">
        <ele>407.79</ele>
      </trkpt>
      <trkpt lat="45.746181886" lon="6.415874567">
        <ele>407.91</ele>
      </trkpt>
      <trkpt lat="45.746133736" lon="6.415810233">
        <ele>407.97</ele>
      </trkpt>
      <trkpt lat="45.746082627" lon="6.415741329">
        <ele>407.94</ele>
      </trkpt>
      <trkpt lat="45.746028133" lon="6.415683931">
        <ele>407.96</ele>
      </trkpt>
      <trkpt lat="45.745967186" lon="6.415636353">
        <ele>407.92</ele>
      </trkpt>
      <trkpt lat="45.745909091" lon="6.415596224">
        <ele>407.84</ele>
      </trkpt>
      <trkpt lat="45.745839818" lon="6.415553962">
        <ele>407.73</ele>
      </trkpt>
      <trkpt lat="45.745785531" lon="6.415522871">
        <ele>408.02</ele>
      </trkpt>
      <trkpt lat="45.745731334" lon="6.415488841">
        <ele>408.15</ele>
      </trkpt>
      <trkpt lat="45.745681586" lon="6.415443398">
        <ele>408.25</ele>
      </trkpt>
      <trkpt lat="45.745640606" lon="6.415378065">
        <ele>408.33</ele>
      </trkpt>
      <trkpt lat="45.745608503" lon="6.415289903">
        <ele>409.09</ele>
      </trkpt>
      <trkpt lat="45.745587016" lon="6.415189238">
        <ele>409.25</ele>
      </trkpt>
      <trkpt lat="45.745567866" lon="6.4150785">
        <ele>409.3</ele>
      </trkpt>
      <trkpt lat="45.745549607" lon="6.414972204">
        <ele>411.43</ele>
      </trkpt>
      <trkpt lat="45.745553759" lon="6.414835171">
        <ele>413.19</ele>
      </trkpt>
      <trkpt lat="45.745570132" lon="6.414700337">
        <ele>413.72</ele>
      </trkpt>
      <trkpt lat="45.74562362" lon="6.414554665">
        <ele>413.95</ele>
      </trkpt>
      <trkpt lat="45.745673525" lon="6.41442629">
        <ele>414.41</ele>
      </trkpt>
      <trkpt lat="45.745728992" lon="6.414283655">
        <ele>412.81</ele>
      </trkpt>
      <trkpt lat="45.745772694" lon="6.414191405">
        <ele>411.44</ele>
      </trkpt>
      <trkpt lat="45.745846783" lon="6.41407474">
        <ele>410.48</ele>
      </trkpt>
      <trkpt lat="45.745920492" lon="6.413971212">
        <ele>410.04</ele>
      </trkpt>
      <trkpt lat="45.745976352" lon="6.413882628">
        <ele>409.56</ele>
      </trkpt>
      <trkpt lat="45.746063753" lon="6.41376534">
        <ele>409.12</ele>
      </trkpt>
      <trkpt lat="45.746119126" lon="6.413692801">
        <ele>408.87</ele>
      </trkpt>
      <trkpt lat="45.746192571" lon="6.413598028">
        <ele>408.88</ele>
      </trkpt>
      <trkpt lat="45.746263305" lon="6.413524967">
        <ele>409.03</ele>
      </trkpt>
      <trkpt lat="45.746331507" lon="6.41346785">
        <ele>409.43</ele>
      </trkpt>
      <trkpt lat="45.746414607" lon="6.413424787">
        <ele>410.26</ele>
      </trkpt>
      <trkpt lat="45.74650416" lon="6.413371876">
        <ele>411.23</ele>
      </trkpt>
      <trkpt lat="45.746592557" lon="6.413323281">
        <ele>412.12</ele>
      </trkpt>
      <trkpt lat="45.74668429" lon="6.413266147">
        <ele>412.81</ele>
      </trkpt>
      <trkpt lat="45.746794259" lon="6.413214526">
        <ele>413.01</ele>
      </trkpt>
      <trkpt lat="45.746908082" lon="6.413170417">
        <ele>412.81</ele>
      </trkpt>
      <trkpt lat="45.747012598" lon="6.413130147">
        <ele>412.71</ele>
      </trkpt>
      <trkpt lat="45.747108503" lon="6.413103921">
        <ele>412.91</ele>
      </trkpt>
      <trkpt lat="45.747196767" lon="6.413059732">
        <ele>412.31</ele>
      </trkpt>
      <trkpt lat="45.747284051" lon="6.413013982">
        <ele>412.23</ele>
      </trkpt>
      <trkpt lat="45.747362053" lon="6.412970602">
        <ele>412.51</ele>
      </trkpt>
      <trkpt lat="45.74743133" lon="6.412945673">
        <ele>412.79</ele>
      </trkpt>
      <trkpt lat="45.74752173" lon="6.412898672">
        <ele>412.07</ele>
      </trkpt>
      <trkpt lat="45.747580304" lon="6.412889131">
        <ele>412.44</ele>
      </trkpt>
      <trkpt lat="45.747647763" lon="6.412890383">
        <ele>412.73</ele>
      </trkpt>
      <trkpt lat="45.747715266" lon="6.412890166">
        <ele>412.87</ele>
      </trkpt>
      <trkpt lat="45.747773398" lon="6.412895228">
        <ele>412.95</ele>
      </trkpt>
      <trkpt lat="45.747833534" lon="6.412901859">
        <ele>413.17</ele>
      </trkpt>
      <trkpt lat="45.747882219" lon="6.412881488">
        <ele>413.11</ele>
      </trkpt>
      <trkpt lat="45.747950078" lon="6.412802415">
        <ele>413.94</ele>
      </trkpt>
      <trkpt lat="45.748024385" lon="6.412678484">
        <ele>414.49</ele>
      </trkpt>
      <trkpt lat="45.74810695" lon="6.412552119">
        <ele>413.84</ele>
      </trkpt>
      <trkpt lat="45.748175075" lon="6.412464286">
        <ele>413.79</ele>
      </trkpt>
      <trkpt lat="45.748225072" lon="6.412433779">
        <ele>413.82</ele>
      </trkpt>
      <trkpt lat="45.748302247" lon="6.412384488">
        <ele>413.09</ele>
      </trkpt>
      <trkpt lat="45.748352114" lon="6.412291169">
        <ele>412.61</ele>
      </trkpt>
      <trkpt lat="45.748398172" lon="6.412188841">
        <ele>413.99</ele>
      </trkpt>
      <trkpt lat="45.748458605" lon="6.412082016">
        <ele>414.35</ele>
      </trkpt>
      <trkpt lat="45.748631515" lon="6.411788864">
        <ele>414.72</ele>
      </trkpt>
      <trkpt lat="45.748756829" lon="6.411579038">
        <ele>415.26</ele>
      </trkpt>
      <trkpt lat="45.748844654" lon="6.411417094">
        <ele>415.35</ele>
      </trkpt>
      <trkpt lat="45.748932594" lon="6.411251271">
        <ele>414.88</ele>
      </trkpt>
      <trkpt lat="45.748996729" lon="6.411127789">
        <ele>414.64</ele>
      </trkpt>
      <trkpt lat="45.749072953" lon="6.411051394">
        <ele>414.46</ele>
      </trkpt>
      <trkpt lat="45.749129346" lon="6.410975051">
        <ele>413.83</ele>
      </trkpt>
      <trkpt lat="45.749183882" lon="6.410870274">
        <ele>413.69</ele>
      </trkpt>
      <trkpt lat="45.749205902" lon="6.410827847">
        <ele>413.38</ele>
      </trkpt>
      <trkpt lat="45.749297076" lon="6.410644229">
        <ele>413.85</ele>
      </trkpt>
      <trkpt lat="45.749366795" lon="6.410485024">
        <ele>413.89</ele>
      </trkpt>
      <trkpt lat="45.749452745" lon="6.410295919">
        <ele>415.16</ele>
      </trkpt>
      <trkpt lat="45.749523852" lon="6.410120057">
        <ele>415.5</ele>
      </trkpt>
      <trkpt lat="45.749617318" lon="6.409860612">
        <ele>415.52</ele>
      </trkpt>
      <trkpt lat="45.749714699" lon="6.40956151">
        <ele>416.1</ele>
      </trkpt>
      <trkpt lat="45.749842918" lon="6.409166437">
        <ele>416.96</ele>
      </trkpt>
      <trkpt lat="45.750149602" lon="6.408264824">
        <ele>416.66</ele>
      </trkpt>
      <trkpt lat="45.750353134" lon="6.407614338">
        <ele>417.19</ele>
      </trkpt>
      <trkpt lat="45.75059623" lon="6.406847839">
        <ele>418.12</ele>
      </trkpt>
      <trkpt lat="45.750964952" lon="6.405682226">
        <ele>418.39</ele>
      </trkpt>
      <trkpt lat="45.751080172" lon="6.405328844">
        <ele>418.74</ele>
      </trkpt>
      <trkpt lat="45.751189789" lon="6.405012432">
        <ele>419.02</ele>
      </trkpt>
      <trkpt lat="45.751321916" lon="6.404666504">
        <ele>419.4</ele>
      </trkpt>
      <trkpt lat="45.751467233" lon="6.404361314">
        <ele>419.17</ele>
      </trkpt>
      <trkpt lat="45.751626737" lon="6.404033839">
        <ele>419.43</ele>
      </trkpt>
      <trkpt lat="45.751799664" lon="6.403739344">
        <ele>419.77</ele>
      </trkpt>
      <trkpt lat="45.751984499" lon="6.403468766">
        <ele>420.19</ele>
      </trkpt>
      <trkpt lat="45.752110557" lon="6.403293717">
        <ele>420.52</ele>
      </trkpt>
      <trkpt lat="45.752182037" lon="6.403195107">
        <ele>421.35</ele>
      </trkpt>
      <trkpt lat="45.752267277" lon="6.403088348">
        <ele>421.59</ele>
      </trkpt>
      <trkpt lat="45.752366931" lon="6.402982477">
        <ele>421.74</ele>
      </trkpt>
      <trkpt lat="45.752465467" lon="6.402882979">
        <ele>421.66</ele>
      </trkpt>
      <trkpt lat="45.75247383" lon="6.402874469">
        <ele>421.36</ele>
      </trkpt>
      <trkpt lat="45.752547553" lon="6.402791462">
        <ele>421.22</ele>
      </trkpt>
      <trkpt lat="45.752763059" lon="6.40257941">
        <ele>421.35</ele>
      </trkpt>
      <trkpt lat="45.753012831" lon="6.402366911">
        <ele>421.57</ele>
      </trkpt>
      <trkpt lat="45.753339548" lon="6.402083179">
        <ele>421.99</ele>
      </trkpt>
      <trkpt lat="45.753380106" lon="6.402053468">
        <ele>422.6</ele>
      </trkpt>
      <trkpt lat="45.75360279" lon="6.401872783">
        <ele>423.65</ele>
      </trkpt>
      <trkpt lat="45.75394763" lon="6.401586274">
        <ele>423.43</ele>
      </trkpt>
      <trkpt lat="45.754226845" lon="6.401353699">
        <ele>424.24</ele>
      </trkpt>
      <trkpt lat="45.754589272" lon="6.401051551">
        <ele>424.39</ele>
      </trkpt>
      <trkpt lat="45.754804125" lon="6.400831723">
        <ele>424.15</ele>
      </trkpt>
      <trkpt lat="45.754971632" lon="6.40065663">
        <ele>423.27</ele>
      </trkpt>
      <trkpt lat="45.755191154" lon="6.400430645">
        <ele>423.64</ele>
      </trkpt>
      <trkpt lat="45.755406227" lon="6.400173481">
        <ele>423.13</ele>
      </trkpt>
      <trkpt lat="45.755601523" lon="6.399913846">
        <ele>423.15</ele>
      </trkpt>
      <trkpt lat="45.755783194" lon="6.399658481">
        <ele>423.44</ele>
      </trkpt>
      <trkpt lat="45.755789787" lon="6.399648585">
        <ele>423.66</ele>
      </trkpt>
      <trkpt lat="45.755799304" lon="6.399632453">
        <ele>423.56</ele>
      </trkpt>
      <trkpt lat="45.755825758" lon="6.399591568">
        <ele>423.35</ele>
      </trkpt>
      <trkpt lat="45.755945837" lon="6.39940583">
        <ele>423.44</ele>
      </trkpt>
      <trkpt lat="45.756062768" lon="6.39920443">
        <ele>423.66</ele>
      </trkpt>
      <trkpt lat="45.756247968" lon="6.398891352">
        <ele>423.95</ele>
      </trkpt>
      <trkpt lat="45.756404468" lon="6.398603553">
        <ele>424.29</ele>
      </trkpt>
      <trkpt lat="45.75656724" lon="6.39828651">
        <ele>424.7</ele>
      </trkpt>
      <trkpt lat="45.75672154" lon="6.397952198">
        <ele>424.85</ele>
      </trkpt>
      <trkpt lat="45.756875509" lon="6.397628195">
        <ele>424.95</ele>
      </trkpt>
      <trkpt lat="45.757002193" lon="6.397372018">
        <ele>424.86</ele>
      </trkpt>
      <trkpt lat="45.757029169" lon="6.397314446">
        <ele>425.1</ele>
      </trkpt>
      <trkpt lat="45.757286542" lon="6.396759846">
        <ele>425.68</ele>
      </trkpt>
      <trkpt lat="45.757558498" lon="6.396199722">
        <ele>426.37</ele>
      </trkpt>
      <trkpt lat="45.757771839" lon="6.395729961">
        <ele>427.01</ele>
      </trkpt>
      <trkpt lat="45.757999867" lon="6.395221224">
        <ele>427.26</ele>
      </trkpt>
      <trkpt lat="45.758207933" lon="6.394776874">
        <ele>427.44</ele>
      </trkpt>
      <trkpt lat="45.758449648" lon="6.394232896">
        <ele>427.31</ele>
      </trkpt>
      <trkpt lat="45.758719385" lon="6.393655868">
        <ele>427.27</ele>
      </trkpt>
      <trkpt lat="45.758967107" lon="6.393121249">
        <ele>427.5</ele>
      </trkpt>
      <trkpt lat="45.759162307" lon="6.392685146">
        <ele>428.34</ele>
      </trkpt>
      <trkpt lat="45.759384742" lon="6.392212057">
        <ele>428.85</ele>
      </trkpt>
      <trkpt lat="45.75958941" lon="6.391790692">
        <ele>429.66</ele>
      </trkpt>
      <trkpt lat="45.75974867" lon="6.391439905">
        <ele>430.04</ele>
      </trkpt>
      <trkpt lat="45.759960894" lon="6.390976511">
        <ele>430.26</ele>
      </trkpt>
      <trkpt lat="45.76022579" lon="6.390410735">
        <ele>430.72</ele>
      </trkpt>
      <trkpt lat="45.760278044" lon="6.390291614">
        <ele>430.69</ele>
      </trkpt>
      <trkpt lat="45.760502314" lon="6.389817342">
        <ele>430.36</ele>
      </trkpt>
      <trkpt lat="45.760650591" lon="6.389501916">
        <ele>430.47</ele>
      </trkpt>
      <trkpt lat="45.760852252" lon="6.389059742">
        <ele>429.96</ele>
      </trkpt>
      <trkpt lat="45.761057024" lon="6.388634473">
        <ele>430.28</ele>
      </trkpt>
      <trkpt lat="45.761248878" lon="6.38821874">
        <ele>430.59</ele>
      </trkpt>
      <trkpt lat="45.761369905" lon="6.388000804">
        <ele>431.34</ele>
      </trkpt>
      <trkpt lat="45.761469847" lon="6.38779446">
        <ele>431.45</ele>
      </trkpt>
      <trkpt lat="45.761585622" lon="6.387600694">
        <ele>432.84</ele>
      </trkpt>
      <trkpt lat="45.761683926" lon="6.387418713">
        <ele>432.22</ele>
      </trkpt>
      <trkpt lat="45.76181819" lon="6.387209305">
        <ele>432.44</ele>
      </trkpt>
      <trkpt lat="45.761967717" lon="6.386972534">
        <ele>431.98</ele>
      </trkpt>
      <trkpt lat="45.762079357" lon="6.386796507">
        <ele>431.87</ele>
      </trkpt>
      <trkpt lat="45.762169948" lon="6.386661705">
        <ele>430.98</ele>
      </trkpt>
      <trkpt lat="45.762259422" lon="6.386533279">
        <ele>431.11</ele>
      </trkpt>
      <trkpt lat="45.762334672" lon="6.386428445">
        <ele>431.75</ele>
      </trkpt>
      <trkpt lat="45.76248627" lon="6.386212376">
        <ele>432.39</ele>
      </trkpt>
      <trkpt lat="45.762715287" lon="6.385909627">
        <ele>433.05</ele>
      </trkpt>
      <trkpt lat="45.76300121" lon="6.385573039">
        <ele>433.43</ele>
      </trkpt>
      <trkpt lat="45.763321749" lon="6.385193468">
        <ele>434.37</ele>
      </trkpt>
      <trkpt lat="45.763667136" lon="6.38479739">
        <ele>434.69</ele>
      </trkpt>
      <trkpt lat="45.764034434" lon="6.384361465">
        <ele>434.7</ele>
      </trkpt>
      <trkpt lat="45.764370269" lon="6.383953212">
        <ele>434.95</ele>
      </trkpt>
      <trkpt lat="45.764593589" lon="6.383659122">
        <ele>435.86</ele>
      </trkpt>
      <trkpt lat="45.764815397" lon="6.383326275">
        <ele>435.91</ele>
      </trkpt>
      <trkpt lat="45.765069782" lon="6.382928491">
        <ele>435.97</ele>
      </trkpt>
      <trkpt lat="45.765269159" lon="6.382591712">
        <ele>436.32</ele>
      </trkpt>
      <trkpt lat="45.765449571" lon="6.382226717">
        <ele>436.44</ele>
      </trkpt>
      <trkpt lat="45.7657002" lon="6.381683136">
        <ele>436.58</ele>
      </trkpt>
      <trkpt lat="45.76570912" lon="6.381656659">
        <ele>436.67</ele>
      </trkpt>
      <trkpt lat="45.76586467" lon="6.381188404">
        <ele>436.93</ele>
      </trkpt>
      <trkpt lat="45.766093467" lon="6.380591986">
        <ele>437.45</ele>
      </trkpt>
      <trkpt lat="45.766266624" lon="6.380016627">
        <ele>438.16</ele>
      </trkpt>
      <trkpt lat="45.766392804" lon="6.379536262">
        <ele>438.38</ele>
      </trkpt>
      <trkpt lat="45.766500632" lon="6.379005836">
        <ele>439.14</ele>
      </trkpt>
      <trkpt lat="45.766581457" lon="6.378473756">
        <ele>440.35</ele>
      </trkpt>
      <trkpt lat="45.766651172" lon="6.377982183">
        <ele>441.34</ele>
      </trkpt>
      <trkpt lat="45.766702267" lon="6.377359435">
        <ele>442.12</ele>
      </trkpt>
      <trkpt lat="45.766730266" lon="6.376605186">
        <ele>443.7</ele>
      </trkpt>
      <trkpt lat="45.766764618" lon="6.375909285">
        <ele>444.85</ele>
      </trkpt>
      <trkpt lat="45.766779065" lon="6.374975206">
        <ele>447.79</ele>
      </trkpt>
      <trkpt lat="45.766778381" lon="6.374004153">
        <ele>447.53</ele>
      </trkpt>
      <trkpt lat="45.766788331" lon="6.373340227">
        <ele>446.86</ele>
      </trkpt>
      <trkpt lat="45.766812095" lon="6.372606325">
        <ele>445.49</ele>
      </trkpt>
      <trkpt lat="45.766832778" lon="6.372004879">
        <ele>445.03</ele>
      </trkpt>
      <trkpt lat="45.766840697" lon="6.371589401">
        <ele>442.17</ele>
      </trkpt>
      <trkpt lat="45.766850018" lon="6.37106711">
        <ele>442.69</ele>
      </trkpt>
      <trkpt lat="45.766868614" lon="6.370083069">
        <ele>443.44</ele>
      </trkpt>
      <trkpt lat="45.766872931" lon="6.36954628">
        <ele>443.97</ele>
      </trkpt>
      <trkpt lat="45.766874434" lon="6.368802019">
        <ele>444.46</ele>
      </trkpt>
      <trkpt lat="45.766868024" lon="6.368353478">
        <ele>445.23</ele>
      </trkpt>
      <trkpt lat="45.766832975" lon="6.367806568">
        <ele>445.71</ele>
      </trkpt>
      <trkpt lat="45.766781765" lon="6.367378487">
        <ele>446.24</ele>
      </trkpt>
      <trkpt lat="45.766682736" lon="6.366831538">
        <ele>446.91</ele>
      </trkpt>
      <trkpt lat="45.766567506" lon="6.366344177">
        <ele>447.13</ele>
      </trkpt>
      <trkpt lat="45.766437169" lon="6.365849428">
        <ele>447.09</ele>
      </trkpt>
      <trkpt lat="45.766207216" lon="6.365188944">
        <ele>447.4</ele>
      </trkpt>
      <trkpt lat="45.766005574" lon="6.36463706">
        <ele>447.85</ele>
      </trkpt>
      <trkpt lat="45.765951783" lon="6.364490231">
        <ele>448.48</ele>
      </trkpt>
      <trkpt lat="45.765950564" lon="6.364486901">
        <ele>448.89</ele>
      </trkpt>
      <trkpt lat="45.765908753" lon="6.364380078">
        <ele>448.71</ele>
      </trkpt>
      <trkpt lat="45.76574342" lon="6.363957667">
        <ele>448.42</ele>
      </trkpt>
      <trkpt lat="45.765627835" lon="6.363588797">
        <ele>448.27</ele>
      </trkpt>
      <trkpt lat="45.765499761" lon="6.363116043">
        <ele>448.65</ele>
      </trkpt>
      <trkpt lat="45.765419123" lon="6.36275231">
        <ele>448.57</ele>
      </trkpt>
      <trkpt lat="45.765368918" lon="6.362469324">
        <ele>449.53</ele>
      </trkpt>
      <trkpt lat="45.765312398" lon="6.362061023">
        <ele>450.37</ele>
      </trkpt>
      <trkpt lat="45.765275873" lon="6.361647752">
        <ele>451.09</ele>
      </trkpt>
      <trkpt lat="45.765258562" lon="6.361301531">
        <ele>450.4</ele>
      </trkpt>
      <trkpt lat="45.765248505" lon="6.360878615">
        <ele>450.42</ele>
      </trkpt>
      <trkpt lat="45.765243816" lon="6.359903909">
        <ele>450.32</ele>
      </trkpt>
      <trkpt lat="45.76522883" lon="6.35909063">
        <ele>450.09</ele>
      </trkpt>
      <trkpt lat="45.765222927" lon="6.358526434">
        <ele>450.05</ele>
      </trkpt>
      <trkpt lat="45.765211116" lon="6.35782537">
        <ele>450.99</ele>
      </trkpt>
      <trkpt lat="45.765221187" lon="6.357494025">
        <ele>451.89</ele>
      </trkpt>
      <trkpt lat="45.765254241" lon="6.356697134">
        <ele>452.46</ele>
      </trkpt>
      <trkpt lat="45.76527094" lon="6.356004591">
        <ele>453.1</ele>
      </trkpt>
      <trkpt lat="45.765275565" lon="6.355623937">
        <ele>453.51</ele>
      </trkpt>
      <trkpt lat="45.765291864" lon="6.35519394">
        <ele>453.72</ele>
      </trkpt>
      <trkpt lat="45.765298764" lon="6.354774839">
        <ele>454.15</ele>
      </trkpt>
      <trkpt lat="45.765302297" lon="6.354349056">
        <ele>454.32</ele>
      </trkpt>
      <trkpt lat="45.765298033" lon="6.354065576">
        <ele>454.78</ele>
      </trkpt>
      <trkpt lat="45.765284649" lon="6.353835488">
        <ele>455.31</ele>
      </trkpt>
      <trkpt lat="45.765232611" lon="6.353401783">
        <ele>456.04</ele>
      </trkpt>
      <trkpt lat="45.765144431" lon="6.352819995">
        <ele>455.77</ele>
      </trkpt>
      <trkpt lat="45.765075577" lon="6.352453282">
        <ele>456.25</ele>
      </trkpt>
      <trkpt lat="45.764980722" lon="6.351957246">
        <ele>456.3</ele>
      </trkpt>
      <trkpt lat="45.764847409" lon="6.351226721">
        <ele>456.42</ele>
      </trkpt>
      <trkpt lat="45.764722465" lon="6.350589484">
        <ele>456.37</ele>
      </trkpt>
      <trkpt lat="45.764549262" lon="6.349664275">
        <ele>456.89</ele>
      </trkpt>
      <trkpt lat="45.764411788" lon="6.348948904">
        <ele>456.9</ele>
      </trkpt>
      <trkpt lat="45.764309813" lon="6.34839959">
        <ele>457.19</ele>
      </trkpt>
      <trkpt lat="45.764023801" lon="6.346899844">
        <ele>457.69</ele>
      </trkpt>
      <trkpt lat="45.763763357" lon="6.345490787">
        <ele>458.41</ele>
      </trkpt>
      <trkpt lat="45.763553778" lon="6.34442267">
        <ele>459.34</ele>
      </trkpt>
      <trkpt lat="45.763350428" lon="6.343331204">
        <ele>460.66</ele>
      </trkpt>
      <trkpt lat="45.763192739" lon="6.342524944">
        <ele>462.09</ele>
      </trkpt>
      <trkpt lat="45.762940868" lon="6.34117705">
        <ele>463.77</ele>
      </trkpt>
      <trkpt lat="45.762817985" lon="6.340531003">
        <ele>465.52</ele>
      </trkpt>
      <trkpt lat="45.762601847" lon="6.339392947">
        <ele>467.23</ele>
      </trkpt>
      <trkpt lat="45.762363457" lon="6.338120715">
        <ele>468.87</ele>
      </trkpt>
      <trkpt lat="45.762110011" lon="6.336765029">
        <ele>470.24</ele>
      </trkpt>
      <trkpt lat="45.761988109" lon="6.336090759">
        <ele>471.55</ele>
      </trkpt>
      <trkpt lat="45.761840728" lon="6.335347714">
        <ele>472.78</ele>
      </trkpt>
      <trkpt lat="45.761658293" lon="6.33440006">
        <ele>474.26</ele>
      </trkpt>
      <trkpt lat="45.761437358" lon="6.333217949">
        <ele>475.81</ele>
      </trkpt>
      <trkpt lat="45.761248418" lon="6.332224792">
        <ele>477.68</ele>
      </trkpt>
      <trkpt lat="45.761010525" lon="6.330961674">
        <ele>479.04</ele>
      </trkpt>
      <trkpt lat="45.760911688" lon="6.330440312">
        <ele>480.2</ele>
      </trkpt>
      <trkpt lat="45.76090662" lon="6.33041358">
        <ele>480.93</ele>
      </trkpt>
      <trkpt lat="45.760883748" lon="6.330292384">
        <ele>481.53</ele>
      </trkpt>
      <trkpt lat="45.76075049" lon="6.329586276">
        <ele>482.96</ele>
      </trkpt>
      <trkpt lat="45.760483844" lon="6.328193683">
        <ele>484.42</ele>
      </trkpt>
      <trkpt lat="45.759957719" lon="6.325433513">
        <ele>486.03</ele>
      </trkpt>
      <trkpt lat="45.759935143" lon="6.325308324">
        <ele>487.41</ele>
      </trkpt>
      <trkpt lat="45.759874533" lon="6.324986042">
        <ele>488.58</ele>
      </trkpt>
      <trkpt lat="45.759806441" lon="6.324620748">
        <ele>488.87</ele>
      </trkpt>
      <trkpt lat="45.759728953" lon="6.324266357">
        <ele>489.35</ele>
      </trkpt>
      <trkpt lat="45.759562128" lon="6.323612057">
        <ele>489.85</ele>
      </trkpt>
      <trkpt lat="45.759458854" lon="6.323248077">
        <ele>490.34</ele>
      </trkpt>
      <trkpt lat="45.759333904" lon="6.322834909">
        <ele>490.84</ele>
      </trkpt>
      <trkpt lat="45.759210586" lon="6.3224772">
        <ele>491.37</ele>
      </trkpt>
      <trkpt lat="45.759074336" lon="6.322103113">
        <ele>491.86</ele>
      </trkpt>
      <trkpt lat="45.758925063" lon="6.321715213">
        <ele>492.45</ele>
      </trkpt>
      <trkpt lat="45.758787612" lon="6.321400242">
        <ele>493.12</ele>
      </trkpt>
      <trkpt lat="45.758433749" lon="6.320634602">
        <ele>493.62</ele>
      </trkpt>
      <trkpt lat="45.758370111" lon="6.320498723">
        <ele>493.83</ele>
      </trkpt>
      <trkpt lat="45.758293906" lon="6.320336194">
        <ele>494.65</ele>
      </trkpt>
      <trkpt lat="45.755321485" lon="6.313975136">
        <ele>495.67</ele>
      </trkpt>
      <trkpt lat="45.752069839" lon="6.3069731">
        <ele>496.92</ele>
      </trkpt>
      <trkpt lat="45.751515858" lon="6.305235028">
        <ele>498.7</ele>
      </trkpt>
      <trkpt lat="45.751439024" lon="6.303672544">
        <ele>500.7</ele>
      </trkpt>
      <trkpt lat="45.751467083" lon="6.302445708">
        <ele>501.91</ele>
      </trkpt>
      <trkpt lat="45.751520837" lon="6.300644252">
        <ele>503.79</ele>
      </trkpt>
      <trkpt lat="45.751563473" lon="6.299386296">
        <ele>504.86</ele>
      </trkpt>
      <trkpt lat="45.751620146" lon="6.297577328">
        <ele>505.48</ele>
      </trkpt>
      <trkpt lat="45.751666122" lon="6.296147184">
        <ele>505.94</ele>
      </trkpt>
      <trkpt lat="45.751684467" lon="6.29578049">
        <ele>505.97</ele>
      </trkpt>
      <trkpt lat="45.751724755" lon="6.294536515">
        <ele>504.61</ele>
      </trkpt>
      <trkpt lat="45.752905725" lon="6.294286036">
        <ele>504.04</ele>
      </trkpt>
      <trkpt lat="45.753150669" lon="6.293856883">
        <ele>504.09</ele>
      </trkpt>
      <trkpt lat="45.752987473" lon="6.291242908">
        <ele>504.11</ele>
      </trkpt>
      <trkpt lat="45.751826466" lon="6.291064422">
        <ele>504.54</ele>
      </trkpt>
      <trkpt lat="45.751885715" lon="6.289383021">
        <ele>505.16</ele>
      </trkpt>
      <trkpt lat="45.751905418" lon="6.288670282">
        <ele>505.66</ele>
      </trkpt>
      <trkpt lat="45.751932764" lon="6.288124086">
        <ele>505.52</ele>
      </trkpt>
      <trkpt lat="45.751984824" lon="6.287541064">
        <ele>505.3</ele>
      </trkpt>
      <trkpt lat="45.752021016" lon="6.287203957">
        <ele>504.98</ele>
      </trkpt>
      <trkpt lat="45.752066634" lon="6.286906132">
        <ele>504.56</ele>
      </trkpt>
      <trkpt lat="45.752115297" lon="6.286649701">
        <ele>504.22</ele>
      </trkpt>
      <trkpt lat="45.752174071" lon="6.286387562">
        <ele>504.11</ele>
      </trkpt>
      <trkpt lat="45.752259001" lon="6.286073258">
        <ele>503.87</ele>
      </trkpt>
      <trkpt lat="45.752344327" lon="6.28579887">
        <ele>503.68</ele>
      </trkpt>
      <trkpt lat="45.752430184" lon="6.285560549">
        <ele>503.52</ele>
      </trkpt>
      <trkpt lat="45.752546963" lon="6.285262683">
        <ele>503.27</ele>
      </trkpt>
      <trkpt lat="45.752669217" lon="6.284988371">
        <ele>502.7</ele>
      </trkpt>
      <trkpt lat="45.752860139" lon="6.284605751">
        <ele>502.52</ele>
      </trkpt>
      <trkpt lat="45.753006784" lon="6.284355064">
        <ele>502.03</ele>
      </trkpt>
      <trkpt lat="45.753100169" lon="6.284209927">
        <ele>502.01</ele>
      </trkpt>
      <trkpt lat="45.753243615" lon="6.283998898">
        <ele>501.62</ele>
      </trkpt>
      <trkpt lat="45.753390249" lon="6.283799677">
        <ele>501.63</ele>
      </trkpt>
      <trkpt lat="45.753541013" lon="6.283611047">
        <ele>501.38</ele>
      </trkpt>
      <trkpt lat="45.753701255" lon="6.283434676">
        <ele>501.08</ele>
      </trkpt>
      <trkpt lat="45.753880501" lon="6.283255809">
        <ele>500.24</ele>
      </trkpt>
      <trkpt lat="45.754056645" lon="6.283088299">
        <ele>500.11</ele>
      </trkpt>
      <trkpt lat="45.754630901" lon="6.282589052">
        <ele>499.76</ele>
      </trkpt>
      <trkpt lat="45.755627923" lon="6.281799707">
        <ele>500.32</ele>
      </trkpt>
      <trkpt lat="45.755922392" lon="6.281558962">
        <ele>500.62</ele>
      </trkpt>
      <trkpt lat="45.756246878" lon="6.281284335">
        <ele>501.19</ele>
      </trkpt>
      <trkpt lat="45.756489252" lon="6.281052073">
        <ele>500.67</ele>
      </trkpt>
      <trkpt lat="45.756761154" lon="6.280748576">
        <ele>500.28</ele>
      </trkpt>
      <trkpt lat="45.756953655" lon="6.280525599">
        <ele>498.89</ele>
      </trkpt>
      <trkpt lat="45.757160767" lon="6.280245761">
        <ele>497.54</ele>
      </trkpt>
      <trkpt lat="45.757436365" lon="6.279836996">
        <ele>497.15</ele>
      </trkpt>
      <trkpt lat="45.757950996" lon="6.278957635">
        <ele>496.61</ele>
      </trkpt>
      <trkpt lat="45.758602048" lon="6.277835803">
        <ele>495.56</ele>
      </trkpt>
      <trkpt lat="45.758983561" lon="6.277181085">
        <ele>494.4</ele>
      </trkpt>
      <trkpt lat="45.759198447" lon="6.276807835">
        <ele>494.68</ele>
      </trkpt>
      <trkpt lat="45.759393339" lon="6.276439585">
        <ele>493.27</ele>
      </trkpt>
      <trkpt lat="45.759572822" lon="6.27604835">
        <ele>493.83</ele>
      </trkpt>
      <trkpt lat="45.759740491" lon="6.275634388">
        <ele>494.03</ele>
      </trkpt>
      <trkpt lat="45.759851673" lon="6.275315472">
        <ele>494.57</ele>
      </trkpt>
      <trkpt lat="45.759959217" lon="6.27499758">
        <ele>493.93</ele>
      </trkpt>
      <trkpt lat="45.760076027" lon="6.274543935">
        <ele>494.07</ele>
      </trkpt>
      <trkpt lat="45.760192259" lon="6.274004022">
        <ele>493.1</ele>
      </trkpt>
      <trkpt lat="45.760509664" lon="6.272479836">
        <ele>491.95</ele>
      </trkpt>
      <trkpt lat="45.760770783" lon="6.271198703">
        <ele>490.64</ele>
      </trkpt>
      <trkpt lat="45.761207235" lon="6.269103871">
        <ele>489.76</ele>
      </trkpt>
      <trkpt lat="45.761240802" lon="6.268942827">
        <ele>488.18</ele>
      </trkpt>
      <trkpt lat="45.76150606" lon="6.267645228">
        <ele>486.25</ele>
      </trkpt>
      <trkpt lat="45.761835689" lon="6.266078092">
        <ele>485.28</ele>
      </trkpt>
      <trkpt lat="45.761969224" lon="6.265428703">
        <ele>484.9</ele>
      </trkpt>
      <trkpt lat="45.761984455" lon="6.26535386">
        <ele>483.28</ele>
      </trkpt>
      <trkpt lat="45.762258073" lon="6.264022077">
        <ele>481.98</ele>
      </trkpt>
      <trkpt lat="45.762396224" lon="6.263343407">
        <ele>481.15</ele>
      </trkpt>
      <trkpt lat="45.762470711" lon="6.262939465">
        <ele>480.06</ele>
      </trkpt>
      <trkpt lat="45.762547532" lon="6.262468765">
        <ele>478.76</ele>
      </trkpt>
      <trkpt lat="45.76260099" lon="6.262073615">
        <ele>478.77</ele>
      </trkpt>
      <trkpt lat="45.762628929" lon="6.261777027">
        <ele>479.2</ele>
      </trkpt>
      <trkpt lat="45.762641237" lon="6.261644059">
        <ele>479.67</ele>
      </trkpt>
      <trkpt lat="45.762653948" lon="6.261486666">
        <ele>480.25</ele>
      </trkpt>
      <trkpt lat="45.76268566" lon="6.261172329">
        <ele>480.65</ele>
      </trkpt>
      <trkpt lat="45.762725808" lon="6.260539421">
        <ele>480.88</ele>
      </trkpt>
      <trkpt lat="45.762736804" lon="6.260173412">
        <ele>480.99</ele>
      </trkpt>
      <trkpt lat="45.762735805" lon="6.259867036">
        <ele>480.98</ele>
      </trkpt>
      <trkpt lat="45.762729584" lon="6.259323481">
        <ele>481.01</ele>
      </trkpt>
      <trkpt lat="45.762711091" lon="6.257790641">
        <ele>481.09</ele>
      </trkpt>
      <trkpt lat="45.762706586" lon="6.257558661">
        <ele>480.97</ele>
      </trkpt>
      <trkpt lat="45.762695904" lon="6.256987762">
        <ele>480.54</ele>
      </trkpt>
      <trkpt lat="45.762645959" lon="6.256613768">
        <ele>480.21</ele>
      </trkpt>
      <trkpt lat="45.762633923" lon="6.256567842">
        <ele>479.95</ele>
      </trkpt>
      <trkpt lat="45.762578852" lon="6.256447618">
        <ele>479.49</ele>
      </trkpt>
      <trkpt lat="45.762497514" lon="6.256270055">
        <ele>479.14</ele>
      </trkpt>
      <trkpt lat="45.762388711" lon="6.256069999">
        <ele>479.08</ele>
      </trkpt>
      <trkpt lat="45.762302918" lon="6.255927724">
        <ele>478.85</ele>
      </trkpt>
      <trkpt lat="45.762258746" lon="6.255854473">
        <ele>478.56</ele>
      </trkpt>
      <trkpt lat="45.762179564" lon="6.255715419">
        <ele>478.46</ele>
      </trkpt>
      <trkpt lat="45.762162673" lon="6.255597483">
        <ele>478.54</ele>
      </trkpt>
      <trkpt lat="45.762186651" lon="6.255512477">
        <ele>478.49</ele>
      </trkpt>
      <trkpt lat="45.762234232" lon="6.255447609">
        <ele>478.72</ele>
      </trkpt>
      <trkpt lat="45.762296146" lon="6.255418557">
        <ele>478.91</ele>
      </trkpt>
      <trkpt lat="45.76240413" lon="6.255367888">
        <ele>479.06</ele>
      </trkpt>
      <trkpt lat="45.762512812" lon="6.255297258">
        <ele>479.51</ele>
      </trkpt>
      <trkpt lat="45.762579173" lon="6.255235283">
        <ele>480.05</ele>
      </trkpt>
      <trkpt lat="45.762640118" lon="6.255161249">
        <ele>480.09</ele>
      </trkpt>
      <trkpt lat="45.762708627" lon="6.255037725">
        <ele>480.14</ele>
      </trkpt>
      <trkpt lat="45.762765551" lon="6.254911708">
        <ele>479.96</ele>
      </trkpt>
      <trkpt lat="45.762785677" lon="6.254840762">
        <ele>479.3</ele>
      </trkpt>
      <trkpt lat="45.763084698" lon="6.253527403">
        <ele>478.63</ele>
      </trkpt>
      <trkpt lat="45.763584131" lon="6.252319291">
        <ele>478.24</ele>
      </trkpt>
      <trkpt lat="45.763600045" lon="6.252289728">
        <ele>477.81</ele>
      </trkpt>
      <trkpt lat="45.763711171" lon="6.252083287">
        <ele>477.3</ele>
      </trkpt>
      <trkpt lat="45.763842872" lon="6.251845561">
        <ele>476.93</ele>
      </trkpt>
      <trkpt lat="45.764000716" lon="6.251555641">
        <ele>476.66</ele>
      </trkpt>
      <trkpt lat="45.76418753" lon="6.251209865">
        <ele>476.31</ele>
      </trkpt>
      <trkpt lat="45.764365586" lon="6.250882769">
        <ele>475.99</ele>
      </trkpt>
      <trkpt lat="45.764530884" lon="6.250585652">
        <ele>476.15</ele>
      </trkpt>
      <trkpt lat="45.764695596" lon="6.250279483">
        <ele>476.34</ele>
      </trkpt>
      <trkpt lat="45.764821947" lon="6.25004008">
        <ele>476</ele>
      </trkpt>
      <trkpt lat="45.76491587" lon="6.249878164">
        <ele>475.81</ele>
      </trkpt>
      <trkpt lat="45.765108295" lon="6.249526343">
        <ele>475.62</ele>
      </trkpt>
      <trkpt lat="45.765321964" lon="6.249133558">
        <ele>475.12</ele>
      </trkpt>
      <trkpt lat="45.765589576" lon="6.248640359">
        <ele>474.55</ele>
      </trkpt>
      <trkpt lat="45.765914182" lon="6.24803666">
        <ele>474.44</ele>
      </trkpt>
      <trkpt lat="45.766022655" lon="6.247844884">
        <ele>474.32</ele>
      </trkpt>
      <trkpt lat="45.766099416" lon="6.247710056">
        <ele>474.08</ele>
      </trkpt>
      <trkpt lat="45.766197378" lon="6.24753555">
        <ele>473.85</ele>
      </trkpt>
      <trkpt lat="45.766304325" lon="6.247361682">
        <ele>473.56</ele>
      </trkpt>
      <trkpt lat="45.766420029" lon="6.24716913">
        <ele>473.15</ele>
      </trkpt>
      <trkpt lat="45.766538206" lon="6.246983189">
        <ele>472.73</ele>
      </trkpt>
      <trkpt lat="45.766659167" lon="6.246794871">
        <ele>472.35</ele>
      </trkpt>
      <trkpt lat="45.76670934" lon="6.246725076">
        <ele>472.07</ele>
      </trkpt>
      <trkpt lat="45.7668869" lon="6.24647643">
        <ele>471.82</ele>
      </trkpt>
      <trkpt lat="45.767055298" lon="6.246258018">
        <ele>471.83</ele>
      </trkpt>
      <trkpt lat="45.767155332" lon="6.246127415">
        <ele>471.5</ele>
      </trkpt>
      <trkpt lat="45.767364155" lon="6.245847522">
        <ele>471.65</ele>
      </trkpt>
      <trkpt lat="45.76743499" lon="6.245753453">
        <ele>471.23</ele>
      </trkpt>
      <trkpt lat="45.767660612" lon="6.245456734">
        <ele>470.92</ele>
      </trkpt>
      <trkpt lat="45.767726686" lon="6.245370048">
        <ele>470.3</ele>
      </trkpt>
      <trkpt lat="45.767998776" lon="6.245019352">
        <ele>469.81</ele>
      </trkpt>
      <trkpt lat="45.768321935" lon="6.244598918">
        <ele>468.63</ele>
      </trkpt>
      <trkpt lat="45.768486063" lon="6.244386629">
        <ele>469.61</ele>
      </trkpt>
      <trkpt lat="45.768712491" lon="6.244092529">
        <ele>470.76</ele>
      </trkpt>
      <trkpt lat="45.768967216" lon="6.243761826">
        <ele>471.19</ele>
      </trkpt>
      <trkpt lat="45.769200245" lon="6.24345918">
        <ele>471.97</ele>
      </trkpt>
      <trkpt lat="45.769313435" lon="6.243312769">
        <ele>473.17</ele>
      </trkpt>
      <trkpt lat="45.769420112" lon="6.24317233">
        <ele>472.15</ele>
      </trkpt>
      <trkpt lat="45.769639103" lon="6.242884772">
        <ele>470.58</ele>
      </trkpt>
      <trkpt lat="45.769853375" lon="6.242603311">
        <ele>469.82</ele>
      </trkpt>
      <trkpt lat="45.770051591" lon="6.242343233">
        <ele>469.08</ele>
      </trkpt>
      <trkpt lat="45.770265796" lon="6.242063694">
        <ele>468.25</ele>
      </trkpt>
      <trkpt lat="45.770446044" lon="6.241828079">
        <ele>467.92</ele>
      </trkpt>
      <trkpt lat="45.770505467" lon="6.241751209">
        <ele>468.04</ele>
      </trkpt>
      <trkpt lat="45.77085013" lon="6.241307811">
        <ele>468.09</ele>
      </trkpt>
      <trkpt lat="45.771001698" lon="6.241106838">
        <ele>467.79</ele>
      </trkpt>
      <trkpt lat="45.771178289" lon="6.240872672">
        <ele>467.21</ele>
      </trkpt>
      <trkpt lat="45.771318845" lon="6.240690436">
        <ele>466.77</ele>
      </trkpt>
      <trkpt lat="45.771448066" lon="6.240523271">
        <ele>466.6</ele>
      </trkpt>
      <trkpt lat="45.771486739" lon="6.240473243">
        <ele>466.3</ele>
      </trkpt>
      <trkpt lat="45.771552922" lon="6.240387173">
        <ele>466.21</ele>
      </trkpt>
      <trkpt lat="45.771576367" lon="6.240356683">
        <ele>466.41</ele>
      </trkpt>
      <trkpt lat="45.771589859" lon="6.240339758">
        <ele>466.71</ele>
      </trkpt>
      <trkpt lat="45.771654543" lon="6.240258616">
        <ele>466.72</ele>
      </trkpt>
      <trkpt lat="45.771788658" lon="6.240080211">
        <ele>466.9</ele>
      </trkpt>
      <trkpt lat="45.771903011" lon="6.239926145">
        <ele>466.94</ele>
      </trkpt>
      <trkpt lat="45.772209735" lon="6.239524438">
        <ele>466.75</ele>
      </trkpt>
      <trkpt lat="45.772419306" lon="6.239248411">
        <ele>466.51</ele>
      </trkpt>
      <trkpt lat="45.772643655" lon="6.238961845">
        <ele>467.05</ele>
      </trkpt>
      <trkpt lat="45.772824616" lon="6.23873141">
        <ele>466.7</ele>
      </trkpt>
      <trkpt lat="45.7728879" lon="6.238647085">
        <ele>466.41</ele>
      </trkpt>
      <trkpt lat="45.772971036" lon="6.238535851">
        <ele>466.21</ele>
      </trkpt>
      <trkpt lat="45.773014602" lon="6.238474582">
        <ele>465.75</ele>
      </trkpt>
      <trkpt lat="45.773143056" lon="6.23830349">
        <ele>463.98</ele>
      </trkpt>
      <trkpt lat="45.773312022" lon="6.238081209">
        <ele>463.85</ele>
      </trkpt>
      <trkpt lat="45.773473129" lon="6.237877678">
        <ele>463.71</ele>
      </trkpt>
      <trkpt lat="45.773596911" lon="6.237711401">
        <ele>463.55</ele>
      </trkpt>
      <trkpt lat="45.773678249" lon="6.237600034">
        <ele>463.46</ele>
      </trkpt>
      <trkpt lat="45.773805445" lon="6.237439147">
        <ele>463.85</ele>
      </trkpt>
      <trkpt lat="45.77394526" lon="6.237252123">
        <ele>463.63</ele>
      </trkpt>
      <trkpt lat="45.774078205" lon="6.237081344">
        <ele>463.5</ele>
      </trkpt>
      <trkpt lat="45.774201808" lon="6.236920199">
        <ele>463.61</ele>
      </trkpt>
      <trkpt lat="45.774338569" lon="6.236743253">
        <ele>463.99</ele>
      </trkpt>
      <trkpt lat="45.774700973" lon="6.236268225">
        <ele>464.85</ele>
      </trkpt>
      <trkpt lat="45.774935014" lon="6.235961729">
        <ele>465.58</ele>
      </trkpt>
      <trkpt lat="45.775266468" lon="6.235521828">
        <ele>466.5</ele>
      </trkpt>
      <trkpt lat="45.776023242" lon="6.23453281">
        <ele>467.18</ele>
      </trkpt>
      <trkpt lat="45.776601441" lon="6.233783415">
        <ele>467.65</ele>
      </trkpt>
      <trkpt lat="45.777242416" lon="6.232938046">
        <ele>468</ele>
      </trkpt>
      <trkpt lat="45.777572782" lon="6.23250318">
        <ele>468.28</ele>
      </trkpt>
      <trkpt lat="45.777613906" lon="6.232395386">
        <ele>468.29</ele>
      </trkpt>
      <trkpt lat="45.777609317" lon="6.232294007">
        <ele>468.33</ele>
      </trkpt>
      <trkpt lat="45.777599337" lon="6.232192244">
        <ele>468.55</ele>
      </trkpt>
      <trkpt lat="45.777631928" lon="6.232096718">
        <ele>468.42</ele>
      </trkpt>
      <trkpt lat="45.77772982" lon="6.231923431">
        <ele>468.26</ele>
      </trkpt>
      <trkpt lat="45.777935623" lon="6.231573703">
        <ele>468.77</ele>
      </trkpt>
      <trkpt lat="45.778097684" lon="6.23129039">
        <ele>468.62</ele>
      </trkpt>
      <trkpt lat="45.778180041" lon="6.23114947">
        <ele>468.35</ele>
      </trkpt>
      <trkpt lat="45.778223097" lon="6.231050821">
        <ele>468.05</ele>
      </trkpt>
      <trkpt lat="45.778242976" lon="6.230971129">
        <ele>467.82</ele>
      </trkpt>
      <trkpt lat="45.778259396" lon="6.230887328">
        <ele>467.66</ele>
      </trkpt>
      <trkpt lat="45.778281971" lon="6.230807825">
        <ele>468.15</ele>
      </trkpt>
      <trkpt lat="45.778312009" lon="6.230746874">
        <ele>468.09</ele>
      </trkpt>
      <trkpt lat="45.778359789" lon="6.230667871">
        <ele>468.48</ele>
      </trkpt>
      <trkpt lat="45.778510999" lon="6.230463599">
        <ele>468.94</ele>
      </trkpt>
      <trkpt lat="45.778702629" lon="6.230210695">
        <ele>468.38</ele>
      </trkpt>
      <trkpt lat="45.778914554" lon="6.229918032">
        <ele>468</ele>
      </trkpt>
      <trkpt lat="45.779157155" lon="6.229597931">
        <ele>468.11</ele>
      </trkpt>
      <trkpt lat="45.779422977" lon="6.229257587">
        <ele>467.85</ele>
      </trkpt>
      <trkpt lat="45.779636659" lon="6.228992076">
        <ele>467.54</ele>
      </trkpt>
      <trkpt lat="45.779834576" lon="6.228739609">
        <ele>467.61</ele>
      </trkpt>
      <trkpt lat="45.779965489" lon="6.228575083">
        <ele>467.7</ele>
      </trkpt>
      <trkpt lat="45.78007745" lon="6.228437539">
        <ele>467.83</ele>
      </trkpt>
      <trkpt lat="45.78015488" lon="6.228360631">
        <ele>467.84</ele>
      </trkpt>
      <trkpt lat="45.780216909" lon="6.22831224">
        <ele>467.66</ele>
      </trkpt>
      <trkpt lat="45.780301314" lon="6.22826801">
        <ele>467.51</ele>
      </trkpt>
      <trkpt lat="45.780377053" lon="6.2282399">
        <ele>467.24</ele>
      </trkpt>
      <trkpt lat="45.780435995" lon="6.228228625">
        <ele>466.99</ele>
      </trkpt>
      <trkpt lat="45.780494669" lon="6.228225056">
        <ele>467.05</ele>
      </trkpt>
      <trkpt lat="45.780547461" lon="6.228235231">
        <ele>467.25</ele>
      </trkpt>
      <trkpt lat="45.78060457" lon="6.228250861">
        <ele>467.19</ele>
      </trkpt>
      <trkpt lat="45.780672443" lon="6.228280772">
        <ele>467.15</ele>
      </trkpt>
      <trkpt lat="45.78074878" lon="6.228300339">
        <ele>467.22</ele>
      </trkpt>
      <trkpt lat="45.780803266" lon="6.228261714">
        <ele>467.01</ele>
      </trkpt>
      <trkpt lat="45.780859477" lon="6.228174274">
        <ele>466.83</ele>
      </trkpt>
      <trkpt lat="45.780912393" lon="6.228108356">
        <ele>466.7</ele>
      </trkpt>
      <trkpt lat="45.780954448" lon="6.228058067">
        <ele>466.28</ele>
      </trkpt>
      <trkpt lat="45.781163636" lon="6.227792226">
        <ele>465.74</ele>
      </trkpt>
      <trkpt lat="45.781428691" lon="6.227460819">
        <ele>465.21</ele>
      </trkpt>
      <trkpt lat="45.781886987" lon="6.226881743">
        <ele>464.45</ele>
      </trkpt>
      <trkpt lat="45.782299288" lon="6.226343174">
        <ele>464.01</ele>
      </trkpt>
      <trkpt lat="45.782666498" lon="6.225858054">
        <ele>464.32</ele>
      </trkpt>
      <trkpt lat="45.782994906" lon="6.22542683">
        <ele>464.24</ele>
      </trkpt>
      <trkpt lat="45.783085484" lon="6.225308357">
        <ele>464.32</ele>
      </trkpt>
      <trkpt lat="45.783201525" lon="6.225156925">
        <ele>466.15</ele>
      </trkpt>
      <trkpt lat="45.783244051" lon="6.225099424">
        <ele>466.59</ele>
      </trkpt>
      <trkpt lat="45.783451746" lon="6.224824443">
        <ele>466.56</ele>
      </trkpt>
      <trkpt lat="45.7834905" lon="6.224771825">
        <ele>466.93</ele>
      </trkpt>
      <trkpt lat="45.783541424" lon="6.224705906">
        <ele>467.37</ele>
      </trkpt>
      <trkpt lat="45.783593337" lon="6.224637481">
        <ele>466.3</ele>
      </trkpt>
      <trkpt lat="45.783706004" lon="6.224479371">
        <ele>466.16</ele>
      </trkpt>
      <trkpt lat="45.783743771" lon="6.224429257">
        <ele>465.94</ele>
      </trkpt>
      <trkpt lat="45.783811804" lon="6.22433751">
        <ele>465.58</ele>
      </trkpt>
      <trkpt lat="45.783863806" lon="6.224266516">
        <ele>464.82</ele>
      </trkpt>
      <trkpt lat="45.783941669" lon="6.224151003">
        <ele>464.02</ele>
      </trkpt>
      <trkpt lat="45.78401576" lon="6.224040372">
        <ele>463.47</ele>
      </trkpt>
      <trkpt lat="45.784141576" lon="6.223840703">
        <ele>462.87</ele>
      </trkpt>
      <trkpt lat="45.784220693" lon="6.223714978">
        <ele>462.35</ele>
      </trkpt>
      <trkpt lat="45.784344934" lon="6.223508759">
        <ele>462.04</ele>
      </trkpt>
      <trkpt lat="45.784406089" lon="6.223407511">
        <ele>461.72</ele>
      </trkpt>
      <trkpt lat="45.784488746" lon="6.223257572">
        <ele>461.42</ele>
      </trkpt>
      <trkpt lat="45.784593472" lon="6.223068641">
        <ele>461.23</ele>
      </trkpt>
      <trkpt lat="45.784788566" lon="6.222689112">
        <ele>461</ele>
      </trkpt>
      <trkpt lat="45.784821428" lon="6.222624487">
        <ele>460.75</ele>
      </trkpt>
      <trkpt lat="45.784938282" lon="6.222371391">
        <ele>460.58</ele>
      </trkpt>
      <trkpt lat="45.785056167" lon="6.222114504">
        <ele>460.34</ele>
      </trkpt>
      <trkpt lat="45.785104852" lon="6.222009154">
        <ele>460</ele>
      </trkpt>
      <trkpt lat="45.785248975" lon="6.221696828">
        <ele>459.81</ele>
      </trkpt>
      <trkpt lat="45.785340507" lon="6.221498588">
        <ele>459.9</ele>
      </trkpt>
      <trkpt lat="45.785395093" lon="6.221378847">
        <ele>459.83</ele>
      </trkpt>
      <trkpt lat="45.785586191" lon="6.220958469">
        <ele>459.67</ele>
      </trkpt>
      <trkpt lat="45.785706135" lon="6.220693998">
        <ele>459.41</ele>
      </trkpt>
      <trkpt lat="45.785823117" lon="6.220437041">
        <ele>459.04</ele>
      </trkpt>
      <trkpt lat="45.785969589" lon="6.220108779">
        <ele>458.48</ele>
      </trkpt>
      <trkpt lat="45.785998002" lon="6.220042549">
        <ele>458.03</ele>
      </trkpt>
      <trkpt lat="45.786092405" lon="6.219839356">
        <ele>457.81</ele>
      </trkpt>
      <trkpt lat="45.786130381" lon="6.219757064">
        <ele>457.7</ele>
      </trkpt>
      <trkpt lat="45.786203239" lon="6.219603849">
        <ele>457.53</ele>
      </trkpt>
      <trkpt lat="45.78632359" lon="6.219353562">
        <ele>457.61</ele>
      </trkpt>
      <trkpt lat="45.7864821" lon="6.219028721">
        <ele>457.77</ele>
      </trkpt>
      <trkpt lat="45.786597342" lon="6.218808971">
        <ele>457.45</ele>
      </trkpt>
      <trkpt lat="45.786635905" lon="6.218735733">
        <ele>457.87</ele>
      </trkpt>
      <trkpt lat="45.786744372" lon="6.218542541">
        <ele>458.3</ele>
      </trkpt>
      <trkpt lat="45.786818225" lon="6.218412568">
        <ele>458.3</ele>
      </trkpt>
      <trkpt lat="45.786864288" lon="6.218330846">
        <ele>457.89</ele>
      </trkpt>
      <trkpt lat="45.786912103" lon="6.218250534">
        <ele>457.99</ele>
      </trkpt>
      <trkpt lat="45.787029128" lon="6.218057302">
        <ele>457.42</ele>
      </trkpt>
      <trkpt lat="45.787096454" lon="6.217953261">
        <ele>457.04</ele>
      </trkpt>
      <trkpt lat="45.787217503" lon="6.217767394">
        <ele>456.5</ele>
      </trkpt>
      <trkpt lat="45.787296797" lon="6.21764939">
        <ele>456.84</ele>
      </trkpt>
      <trkpt lat="45.787401345" lon="6.217491327">
        <ele>457.06</ele>
      </trkpt>
      <trkpt lat="45.787520448" lon="6.217329138">
        <ele>456.56</ele>
      </trkpt>
      <trkpt lat="45.787619211" lon="6.217195128">
        <ele>456.34</ele>
      </trkpt>
      <trkpt lat="45.787765078" lon="6.217001352">
        <ele>456.15</ele>
      </trkpt>
      <trkpt lat="45.7878217" lon="6.216926811">
        <ele>455.46</ele>
      </trkpt>
      <trkpt lat="45.78795417" lon="6.216768784">
        <ele>454.84</ele>
      </trkpt>
      <trkpt lat="45.788030239" lon="6.216678876">
        <ele>455.1</ele>
      </trkpt>
      <trkpt lat="45.788276098" lon="6.216393661">
        <ele>455.18</ele>
      </trkpt>
      <trkpt lat="45.788541502" lon="6.21611626">
        <ele>456.25</ele>
      </trkpt>
      <trkpt lat="45.788861387" lon="6.215800212">
        <ele>457.4</ele>
      </trkpt>
      <trkpt lat="45.789126801" lon="6.215548558">
        <ele>458.23</ele>
      </trkpt>
      <trkpt lat="45.789190167" lon="6.215487365">
        <ele>457.99</ele>
      </trkpt>
      <trkpt lat="45.789650216" lon="6.215051157">
        <ele>457.14</ele>
      </trkpt>
      <trkpt lat="45.790806123" lon="6.213949428">
        <ele>455.69</ele>
      </trkpt>
      <trkpt lat="45.791023032" lon="6.213745839">
        <ele>453.91</ele>
      </trkpt>
      <trkpt lat="45.791236258" lon="6.213544564">
        <ele>452.49</ele>
      </trkpt>
      <trkpt lat="45.791293023" lon="6.213491912">
        <ele>452.08</ele>
      </trkpt>
      <trkpt lat="45.791355357" lon="6.213434505">
        <ele>451.92</ele>
      </trkpt>
      <trkpt lat="45.791473557" lon="6.213324382">
        <ele>451.81</ele>
      </trkpt>
      <trkpt lat="45.791550345" lon="6.213239666">
        <ele>451.97</ele>
      </trkpt>
      <trkpt lat="45.791881371" lon="6.212939823">
        <ele>452.42</ele>
      </trkpt>
      <trkpt lat="45.792068649" lon="6.212785641">
        <ele>452.96</ele>
      </trkpt>
      <trkpt lat="45.792164216" lon="6.212715647">
        <ele>453.73</ele>
      </trkpt>
      <trkpt lat="45.792215217" lon="6.212678293">
        <ele>454.01</ele>
      </trkpt>
      <trkpt lat="45.792231878" lon="6.21266609">
        <ele>453.78</ele>
      </trkpt>
      <trkpt lat="45.792637785" lon="6.212366223">
        <ele>454.15</ele>
      </trkpt>
      <trkpt lat="45.793498065" lon="6.21193707">
        <ele>454.97</ele>
      </trkpt>
      <trkpt lat="45.794573781" lon="6.211692111">
        <ele>455.99</ele>
      </trkpt>
      <trkpt lat="45.800867312" lon="6.211508139">
        <ele>457.68</ele>
      </trkpt>
      <trkpt lat="45.801404728" lon="6.211491954">
        <ele>460.65</ele>
      </trkpt>
      <trkpt lat="45.801924983" lon="6.211477133">
        <ele>463.44</ele>
      </trkpt>
      <trkpt lat="45.802422053" lon="6.211455526">
        <ele>465.69</ele>
      </trkpt>
      <trkpt lat="45.803038045" lon="6.211433291">
        <ele>467.32</ele>
      </trkpt>
      <trkpt lat="45.803366358" lon="6.211394629">
        <ele>468.48</ele>
      </trkpt>
      <trkpt lat="45.803612856" lon="6.211351483">
        <ele>468.57</ele>
      </trkpt>
      <trkpt lat="45.803971798" lon="6.211286645">
        <ele>468.99</ele>
      </trkpt>
      <trkpt lat="45.804310914" lon="6.211195938">
        <ele>469.6</ele>
      </trkpt>
      <trkpt lat="45.804659769" lon="6.211084021">
        <ele>470.32</ele>
      </trkpt>
      <trkpt lat="45.805086822" lon="6.210924814">
        <ele>471.48</ele>
      </trkpt>
      <trkpt lat="45.805396727" lon="6.210819163">
        <ele>472.4</ele>
      </trkpt>
      <trkpt lat="45.805851136" lon="6.210650288">
        <ele>472.32</ele>
      </trkpt>
      <trkpt lat="45.80628987" lon="6.210491896">
        <ele>470.96</ele>
      </trkpt>
      <trkpt lat="45.806689033" lon="6.210357759">
        <ele>471.61</ele>
      </trkpt>
      <trkpt lat="45.807020137" lon="6.210238141">
        <ele>470.93</ele>
      </trkpt>
      <trkpt lat="45.807389249" lon="6.210113474">
        <ele>470.23</ele>
      </trkpt>
      <trkpt lat="45.807799049" lon="6.209958186">
        <ele>469.66</ele>
      </trkpt>
      <trkpt lat="45.808149246" lon="6.209833468">
        <ele>469.83</ele>
      </trkpt>
      <trkpt lat="45.808622523" lon="6.209665907">
        <ele>468.14</ele>
      </trkpt>
      <trkpt lat="45.809052946" lon="6.209513354">
        <ele>467.43</ele>
      </trkpt>
      <trkpt lat="45.809154372" lon="6.20947156">
        <ele>467.2</ele>
      </trkpt>
      <trkpt lat="45.809218704" lon="6.209460639">
        <ele>466.49</ele>
      </trkpt>
      <trkpt lat="45.809277067" lon="6.209466042">
        <ele>466.04</ele>
      </trkpt>
      <trkpt lat="45.809372529" lon="6.209492737">
        <ele>466.54</ele>
      </trkpt>
      <trkpt lat="45.809453389" lon="6.209472677">
        <ele>467.15</ele>
      </trkpt>
      <trkpt lat="45.809529709" lon="6.209401419">
        <ele>467.03</ele>
      </trkpt>
      <trkpt lat="45.809580093" lon="6.209350873">
        <ele>467.41</ele>
      </trkpt>
      <trkpt lat="45.809680211" lon="6.209294817">
        <ele>467.53</ele>
      </trkpt>
      <trkpt lat="45.809838146" lon="6.209233821">
        <ele>466.43</ele>
      </trkpt>
      <trkpt lat="45.810361509" lon="6.20905046">
        <ele>465.19</ele>
      </trkpt>
      <trkpt lat="45.810814929" lon="6.208884061">
        <ele>464.2</ele>
      </trkpt>
      <trkpt lat="45.811120698" lon="6.208776378">
        <ele>462.93</ele>
      </trkpt>
      <trkpt lat="45.811286319" lon="6.208718927">
        <ele>462.99</ele>
      </trkpt>
      <trkpt lat="45.811811567" lon="6.208533112">
        <ele>462.13</ele>
      </trkpt>
      <trkpt lat="45.812340732" lon="6.208364316">
        <ele>461.76</ele>
      </trkpt>
      <trkpt lat="45.812703652" lon="6.208262373">
        <ele>460.76</ele>
      </trkpt>
      <trkpt lat="45.812824493" lon="6.208232247">
        <ele>462.1</ele>
      </trkpt>
      <trkpt lat="45.813005304" lon="6.208187026">
        <ele>461.67</ele>
      </trkpt>
      <trkpt lat="45.813140699" lon="6.208152774">
        <ele>461.36</ele>
      </trkpt>
      <trkpt lat="45.81346212" lon="6.208078818">
        <ele>460.95</ele>
      </trkpt>
      <trkpt lat="45.813571979" lon="6.208053714">
        <ele>462.32</ele>
      </trkpt>
      <trkpt lat="45.813654658" lon="6.208033135">
        <ele>461.65</ele>
      </trkpt>
      <trkpt lat="45.814252083" lon="6.20789619">
        <ele>461.32</ele>
      </trkpt>
      <trkpt lat="45.814935672" lon="6.207742129">
        <ele>463.18</ele>
      </trkpt>
      <trkpt lat="45.81528903" lon="6.20765625">
        <ele>463.12</ele>
      </trkpt>
      <trkpt lat="45.815405761" lon="6.207627765">
        <ele>463.11</ele>
      </trkpt>
      <trkpt lat="45.81554886" lon="6.207592118">
        <ele>461.83</ele>
      </trkpt>
      <trkpt lat="45.815625183" lon="6.207573022">
        <ele>459.3</ele>
      </trkpt>
      <trkpt lat="45.815856418" lon="6.207515248">
        <ele>456.58</ele>
      </trkpt>
      <trkpt lat="45.816251937" lon="6.207421389">
        <ele>456.49</ele>
      </trkpt>
      <trkpt lat="45.816388143" lon="6.207389765">
        <ele>455.51</ele>
      </trkpt>
      <trkpt lat="45.816711183" lon="6.207321069">
        <ele>455.79</ele>
      </trkpt>
      <trkpt lat="45.816865492" lon="6.207286856">
        <ele>457.29</ele>
      </trkpt>
      <trkpt lat="45.816987143" lon="6.207259358">
        <ele>458.27</ele>
      </trkpt>
      <trkpt lat="45.817408427" lon="6.207162802">
        <ele>458.74</ele>
      </trkpt>
      <trkpt lat="45.817909627" lon="6.207047399">
        <ele>458.86</ele>
      </trkpt>
      <trkpt lat="45.818350078" lon="6.206917408">
        <ele>457.92</ele>
      </trkpt>
      <trkpt lat="45.818634908" lon="6.206807364">
        <ele>457.89</ele>
      </trkpt>
      <trkpt lat="45.818832279" lon="6.206725941">
        <ele>457.97</ele>
      </trkpt>
      <trkpt lat="45.818940128" lon="6.206680722">
        <ele>457</ele>
      </trkpt>
      <trkpt lat="45.819560606" lon="6.206404343">
        <ele>456.69</ele>
      </trkpt>
      <trkpt lat="45.819703008" lon="6.206342841">
        <ele>456.86</ele>
      </trkpt>
      <trkpt lat="45.819756056" lon="6.206319526">
        <ele>455.98</ele>
      </trkpt>
      <trkpt lat="45.819973518" lon="6.206256263">
        <ele>455.34</ele>
      </trkpt>
      <trkpt lat="45.82023742" lon="6.206204645">
        <ele>454.99</ele>
      </trkpt>
      <trkpt lat="45.820407173" lon="6.206192772">
        <ele>454.91</ele>
      </trkpt>
      <trkpt lat="45.820606616" lon="6.206208113">
        <ele>455.54</ele>
      </trkpt>
      <trkpt lat="45.820873376" lon="6.20625654">
        <ele>457.29</ele>
      </trkpt>
      <trkpt lat="45.821085381" lon="6.206325587">
        <ele>456.77</ele>
      </trkpt>
      <trkpt lat="45.821371684" lon="6.206460421">
        <ele>458.14</ele>
      </trkpt>
      <trkpt lat="45.821613603" lon="6.206602437">
        <ele>458.31</ele>
      </trkpt>
      <trkpt lat="45.821798955" lon="6.206739178">
        <ele>458.35</ele>
      </trkpt>
      <trkpt lat="45.821945446" lon="6.206879624">
        <ele>458.26</ele>
      </trkpt>
      <trkpt lat="45.822171595" lon="6.207113291">
        <ele>460.16</ele>
      </trkpt>
      <trkpt lat="45.822415463" lon="6.207381707">
        <ele>460.46</ele>
      </trkpt>
      <trkpt lat="45.822649757" lon="6.207640431">
        <ele>461.47</ele>
      </trkpt>
      <trkpt lat="45.822871089" lon="6.207857016">
        <ele>462</ele>
      </trkpt>
      <trkpt lat="45.823077208" lon="6.20801842">
        <ele>459.73</ele>
      </trkpt>
      <trkpt lat="45.823287174" lon="6.208146598">
        <ele>456.67</ele>
      </trkpt>
      <trkpt lat="45.823554017" lon="6.208271057">
        <ele>453.37</ele>
      </trkpt>
      <trkpt lat="45.823790959" lon="6.208348316">
        <ele>451.99</ele>
      </trkpt>
      <trkpt lat="45.824046081" lon="6.208394647">
        <ele>450.14</ele>
      </trkpt>
      <trkpt lat="45.82424377" lon="6.208408585">
        <ele>449.53</ele>
      </trkpt>
      <trkpt lat="45.824449667" lon="6.208393469">
        <ele>449.41</ele>
      </trkpt>
      <trkpt lat="45.82460349" lon="6.208373393">
        <ele>450.73</ele>
      </trkpt>
      <trkpt lat="45.824902491" lon="6.208296554">
        <ele>451.18</ele>
      </trkpt>
      <trkpt lat="45.825135483" lon="6.208200889">
        <ele>451.43</ele>
      </trkpt>
      <trkpt lat="45.825337867" lon="6.208078585">
        <ele>451.53</ele>
      </trkpt>
      <trkpt lat="45.825568582" lon="6.207918337">
        <ele>453.82</ele>
      </trkpt>
      <trkpt lat="45.825750551" lon="6.207761093">
        <ele>455.33</ele>
      </trkpt>
      <trkpt lat="45.825840136" lon="6.207670775">
        <ele>454.25</ele>
      </trkpt>
      <trkpt lat="45.825921325" lon="6.207588885">
        <ele>457.25</ele>
      </trkpt>
      <trkpt lat="45.826088536" lon="6.20738937">
        <ele>463.11</ele>
      </trkpt>
      <trkpt lat="45.826234946" lon="6.207192251">
        <ele>466.93</ele>
      </trkpt>
      <trkpt lat="45.826407673" lon="6.206884892">
        <ele>470.41</ele>
      </trkpt>
      <trkpt lat="45.82647652" lon="6.206742861">
        <ele>470.2</ele>
      </trkpt>
      <trkpt lat="45.826507488" lon="6.206680622">
        <ele>467.07</ele>
      </trkpt>
      <trkpt lat="45.82654295" lon="6.206618699">
        <ele>467.92</ele>
      </trkpt>
      <trkpt lat="45.826592337" lon="6.206535317">
        <ele>470.33</ele>
      </trkpt>
      <trkpt lat="45.82668067" lon="6.206386177">
        <ele>479.55</ele>
      </trkpt>
      <trkpt lat="45.826848981" lon="6.20597156">
        <ele>492.9</ele>
      </trkpt>
      <trkpt lat="45.82695719" lon="6.205536601">
        <ele>507.06</ele>
      </trkpt>
      <trkpt lat="45.826974759" lon="6.205327177">
        <ele>514.65</ele>
      </trkpt>
      <trkpt lat="45.826996607" lon="6.205006602">
        <ele>515.12</ele>
      </trkpt>
      <trkpt lat="45.826988997" lon="6.204887528">
        <ele>508.66</ele>
      </trkpt>
      <trkpt lat="45.826954081" lon="6.204279496">
        <ele>503.27</ele>
      </trkpt>
      <trkpt lat="45.826954005" lon="6.204278961">
        <ele>496.53</ele>
      </trkpt>
      <trkpt lat="45.826950279" lon="6.204252915">
        <ele>490.33</ele>
      </trkpt>
      <trkpt lat="45.826935594" lon="6.204150243">
        <ele>485.89</ele>
      </trkpt>
      <trkpt lat="45.82691909" lon="6.204039957">
        <ele>480.89</ele>
      </trkpt>
      <trkpt lat="45.826909887" lon="6.203967154">
        <ele>475.31</ele>
      </trkpt>
      <trkpt lat="45.826903674" lon="6.203859776">
        <ele>469.61</ele>
      </trkpt>
      <trkpt lat="45.826899996" lon="6.203744201">
        <ele>463.44</ele>
      </trkpt>
      <trkpt lat="45.826885543" lon="6.203645046">
        <ele>459.67</ele>
      </trkpt>
      <trkpt lat="45.826844354" lon="6.203411083">
        <ele>456.51</ele>
      </trkpt>
      <trkpt lat="45.826760874" lon="6.202905286">
        <ele>454.06</ele>
      </trkpt>
      <trkpt lat="45.826693463" lon="6.202456028">
        <ele>452.15</ele>
      </trkpt>
      <trkpt lat="45.826638789" lon="6.202133932">
        <ele>451.08</ele>
      </trkpt>
      <trkpt lat="45.826600169" lon="6.201921198">
        <ele>451.2</ele>
      </trkpt>
      <trkpt lat="45.826559279" lon="6.201748246">
        <ele>451.53</ele>
      </trkpt>
      <trkpt lat="45.826524532" lon="6.201553822">
        <ele>451.89</ele>
      </trkpt>
      <trkpt lat="45.826476896" lon="6.201288916">
        <ele>452.27</ele>
      </trkpt>
      <trkpt lat="45.826411231" lon="6.200841072">
        <ele>452.72</ele>
      </trkpt>
      <trkpt lat="45.826331069" lon="6.200382547">
        <ele>453.17</ele>
      </trkpt>
      <trkpt lat="45.826254633" lon="6.199920419">
        <ele>453.37</ele>
      </trkpt>
      <trkpt lat="45.826225804" lon="6.199710953">
        <ele>453.47</ele>
      </trkpt>
      <trkpt lat="45.826221813" lon="6.199604378">
        <ele>453.52</ele>
      </trkpt>
      <trkpt lat="45.82619945" lon="6.19942951">
        <ele>453.5</ele>
      </trkpt>
      <trkpt lat="45.826138978" lon="6.199040016">
        <ele>453.38</ele>
      </trkpt>
      <trkpt lat="45.826073599" lon="6.198636004">
        <ele>453.26</ele>
      </trkpt>
      <trkpt lat="45.826005507" lon="6.198206035">
        <ele>453.3</ele>
      </trkpt>
      <trkpt lat="45.825949731" lon="6.197863258">
        <ele>453.42</ele>
      </trkpt>
      <trkpt lat="45.825873932" lon="6.197395384">
        <ele>453.57</ele>
      </trkpt>
      <trkpt lat="45.825801623" lon="6.196983159">
        <ele>453.93</ele>
      </trkpt>
      <trkpt lat="45.825734616" lon="6.196573887">
        <ele>454.86</ele>
      </trkpt>
      <trkpt lat="45.825707831" lon="6.196409663">
        <ele>456.55</ele>
      </trkpt>
      <trkpt lat="45.825667679" lon="6.196057681">
        <ele>457.6</ele>
      </trkpt>
      <trkpt lat="45.82562319" lon="6.195595877">
        <ele>458.38</ele>
      </trkpt>
      <trkpt lat="45.825613855" lon="6.195316925">
        <ele>459.02</ele>
      </trkpt>
      <trkpt lat="45.825611484" lon="6.194966309">
        <ele>459.15</ele>
      </trkpt>
      <trkpt lat="45.825622266" lon="6.194599869">
        <ele>457.92</ele>
      </trkpt>
      <trkpt lat="45.825653434" lon="6.194216823">
        <ele>456.87</ele>
      </trkpt>
      <trkpt lat="45.825694722" lon="6.193853813">
        <ele>456.35</ele>
      </trkpt>
      <trkpt lat="45.825748268" lon="6.193553508">
        <ele>456.22</ele>
      </trkpt>
      <trkpt lat="45.825811434" lon="6.193261608">
        <ele>456.22</ele>
      </trkpt>
      <trkpt lat="45.825877812" lon="6.193007299">
        <ele>455.86</ele>
      </trkpt>
      <trkpt lat="45.825967327" lon="6.192682461">
        <ele>456.05</ele>
      </trkpt>
      <trkpt lat="45.826058109" lon="6.192373171">
        <ele>455.96</ele>
      </trkpt>
      <trkpt lat="45.826162089" lon="6.192046771">
        <ele>455.42</ele>
      </trkpt>
      <trkpt lat="45.826288499" lon="6.191670406">
        <ele>454.86</ele>
      </trkpt>
      <trkpt lat="45.826382168" lon="6.191381932">
        <ele>455.02</ele>
      </trkpt>
      <trkpt lat="45.826478311" lon="6.191100072">
        <ele>454.97</ele>
      </trkpt>
      <trkpt lat="45.826580534" lon="6.190772254">
        <ele>454.98</ele>
      </trkpt>
      <trkpt lat="45.826621829" lon="6.190645021">
        <ele>455.09</ele>
      </trkpt>
      <trkpt lat="45.826711812" lon="6.190358861">
        <ele>454.77</ele>
      </trkpt>
      <trkpt lat="45.826777346" lon="6.190128965">
        <ele>454.84</ele>
      </trkpt>
      <trkpt lat="45.826847691" lon="6.189837561">
        <ele>454.99</ele>
      </trkpt>
      <trkpt lat="45.826894635" lon="6.189624397">
        <ele>455.22</ele>
      </trkpt>
      <trkpt lat="45.826944803" lon="6.189395998">
        <ele>455.69</ele>
      </trkpt>
      <trkpt lat="45.827000036" lon="6.189151203">
        <ele>456.08</ele>
      </trkpt>
      <trkpt lat="45.827048406" lon="6.188922677">
        <ele>456.6</ele>
      </trkpt>
      <trkpt lat="45.827102873" lon="6.188673963">
        <ele>457.09</ele>
      </trkpt>
      <trkpt lat="45.827183681" lon="6.188313713">
        <ele>457.76</ele>
      </trkpt>
      <trkpt lat="45.827198817" lon="6.188240045">
        <ele>458.18</ele>
      </trkpt>
      <trkpt lat="45.827269272" lon="6.187919009">
        <ele>458.97</ele>
      </trkpt>
      <trkpt lat="45.82728031" lon="6.187866069">
        <ele>459.03</ele>
      </trkpt>
      <trkpt lat="45.827284193" lon="6.187847445">
        <ele>458.97</ele>
      </trkpt>
      <trkpt lat="45.827328343" lon="6.187640983">
        <ele>458.67</ele>
      </trkpt>
      <trkpt lat="45.827395528" lon="6.187336466">
        <ele>458.23</ele>
      </trkpt>
      <trkpt lat="45.827480763" lon="6.186952043">
        <ele>457.9</ele>
      </trkpt>
      <trkpt lat="45.827513007" lon="6.186799689">
        <ele>457.68</ele>
      </trkpt>
      <trkpt lat="45.827582868" lon="6.186469589">
        <ele>457.72</ele>
      </trkpt>
      <trkpt lat="45.827644173" lon="6.186178832">
        <ele>457.8</ele>
      </trkpt>
      <trkpt lat="45.827724295" lon="6.185812084">
        <ele>458.12</ele>
      </trkpt>
      <trkpt lat="45.827809437" lon="6.185430227">
        <ele>458.14</ele>
      </trkpt>
      <trkpt lat="45.827892912" lon="6.185044386">
        <ele>458.43</ele>
      </trkpt>
      <trkpt lat="45.827959632" lon="6.184726947">
        <ele>458.55</ele>
      </trkpt>
      <trkpt lat="45.828051068" lon="6.1842927">
        <ele>458.1</ele>
      </trkpt>
      <trkpt lat="45.828130744" lon="6.183938801">
        <ele>458.26</ele>
      </trkpt>
      <trkpt lat="45.828208947" lon="6.183601549">
        <ele>458.47</ele>
      </trkpt>
      <trkpt lat="45.828253095" lon="6.183390756">
        <ele>458.7</ele>
      </trkpt>
      <trkpt lat="45.828308448" lon="6.183142094">
        <ele>458.6</ele>
      </trkpt>
      <trkpt lat="45.828399129" lon="6.182729694">
        <ele>459</ele>
      </trkpt>
      <trkpt lat="45.828464284" lon="6.182431467">
        <ele>459.03</ele>
      </trkpt>
      <trkpt lat="45.828510799" lon="6.182204088">
        <ele>458.82</ele>
      </trkpt>
      <trkpt lat="45.8285674" lon="6.181945204">
        <ele>459.62</ele>
      </trkpt>
      <trkpt lat="45.828632991" lon="6.18163412">
        <ele>459.6</ele>
      </trkpt>
      <trkpt lat="45.828698558" lon="6.181350094">
        <ele>460.41</ele>
      </trkpt>
      <trkpt lat="45.828750048" lon="6.181108888">
        <ele>460.86</ele>
      </trkpt>
      <trkpt lat="45.828820394" lon="6.180790405">
        <ele>461.02</ele>
      </trkpt>
      <trkpt lat="45.828907824" lon="6.180367463">
        <ele>459.93</ele>
      </trkpt>
      <trkpt lat="45.828965496" lon="6.180103495">
        <ele>459.93</ele>
      </trkpt>
      <trkpt lat="45.82902779" lon="6.179835986">
        <ele>458.83</ele>
      </trkpt>
      <trkpt lat="45.829094363" lon="6.17952239">
        <ele>457.55</ele>
      </trkpt>
      <trkpt lat="45.829162336" lon="6.179220488">
        <ele>457.01</ele>
      </trkpt>
      <trkpt lat="45.829227877" lon="6.178910683">
        <ele>456.7</ele>
      </trkpt>
      <trkpt lat="45.829301724" lon="6.178595017">
        <ele>456.52</ele>
      </trkpt>
      <trkpt lat="45.829377079" lon="6.178314246">
        <ele>456.97</ele>
      </trkpt>
      <trkpt lat="45.82942952" lon="6.178150411">
        <ele>457.84</ele>
      </trkpt>
      <trkpt lat="45.829465166" lon="6.178056267">
        <ele>459.14</ele>
      </trkpt>
      <trkpt lat="45.829542522" lon="6.177813828">
        <ele>459.66</ele>
      </trkpt>
      <trkpt lat="45.83509" lon="6.166034">
        <ele>460.07</ele>
      </trkpt>
      <trkpt lat="45.835699084" lon="6.164778471">
        <ele>459.94</ele>
      </trkpt>
      <trkpt lat="45.836625973" lon="6.163254976">
        <ele>458.87</ele>
      </trkpt>
      <trkpt lat="45.837866785" lon="6.162332296">
        <ele>456.85</ele>
      </trkpt>
      <trkpt lat="45.839855015" lon="6.161109209">
        <ele>455.97</ele>
      </trkpt>
      <trkpt lat="45.841364827" lon="6.159886122">
        <ele>455.1</ele>
      </trkpt>
      <trkpt lat="45.842276674" lon="6.158512831">
        <ele>454.09</ele>
      </trkpt>
      <trkpt lat="45.843364781" lon="6.155970435">
        <ele>454.49</ele>
      </trkpt>
      <trkpt lat="45.843414831" lon="6.15585542">
        <ele>454.89</ele>
      </trkpt>
      <trkpt lat="45.843505057" lon="6.155648077">
        <ele>454.72</ele>
      </trkpt>
      <trkpt lat="45.84366462" lon="6.155299601">
        <ele>454.45</ele>
      </trkpt>
      <trkpt lat="45.843834946" lon="6.154978936">
        <ele>454.27</ele>
      </trkpt>
      <trkpt lat="45.844039281" lon="6.15461166">
        <ele>453.56</ele>
      </trkpt>
      <trkpt lat="45.844274125" lon="6.15424779">
        <ele>453.53</ele>
      </trkpt>
      <trkpt lat="45.844448773" lon="6.153985416">
        <ele>452.92</ele>
      </trkpt>
      <trkpt lat="45.844645667" lon="6.153731032">
        <ele>453.31</ele>
      </trkpt>
      <trkpt lat="45.844863623" lon="6.15346651">
        <ele>453.89</ele>
      </trkpt>
      <trkpt lat="45.845077022" lon="6.153230024">
        <ele>454.41</ele>
      </trkpt>
      <trkpt lat="45.845346504" lon="6.15296006">
        <ele>453.85</ele>
      </trkpt>
      <trkpt lat="45.845405936" lon="6.152907482">
        <ele>454.35</ele>
      </trkpt>
      <trkpt lat="45.845640753" lon="6.152703413">
        <ele>453.42</ele>
      </trkpt>
      <trkpt lat="45.845928143" lon="6.152463041">
        <ele>452.51</ele>
      </trkpt>
      <trkpt lat="45.84613305" lon="6.152317466">
        <ele>451.72</ele>
      </trkpt>
      <trkpt lat="45.846557659" lon="6.152041519">
        <ele>451.32</ele>
      </trkpt>
      <trkpt lat="45.847038393" lon="6.1517308">
        <ele>450.61</ele>
      </trkpt>
      <trkpt lat="45.847549391" lon="6.151404135">
        <ele>450.5</ele>
      </trkpt>
      <trkpt lat="45.847928962" lon="6.151154688">
        <ele>450.44</ele>
      </trkpt>
      <trkpt lat="45.848268757" lon="6.150935986">
        <ele>450.24</ele>
      </trkpt>
      <trkpt lat="45.848692377" lon="6.150662526">
        <ele>450.48</ele>
      </trkpt>
      <trkpt lat="45.849117881" lon="6.150386615">
        <ele>450.67</ele>
      </trkpt>
      <trkpt lat="45.84929375" lon="6.150273807">
        <ele>450.91</ele>
      </trkpt>
      <trkpt lat="45.849533194" lon="6.150119013">
        <ele>451.15</ele>
      </trkpt>
      <trkpt lat="45.849960712" lon="6.149836789">
        <ele>451.22</ele>
      </trkpt>
      <trkpt lat="45.850449658" lon="6.149522736">
        <ele>451.28</ele>
      </trkpt>
      <trkpt lat="45.85085539" lon="6.149245435">
        <ele>451.44</ele>
      </trkpt>
      <trkpt lat="45.851031955" lon="6.149112044">
        <ele>451.63</ele>
      </trkpt>
      <trkpt lat="45.851103068" lon="6.149060268">
        <ele>451.66</ele>
      </trkpt>
      <trkpt lat="45.851241613" lon="6.148959039">
        <ele>451.81</ele>
      </trkpt>
      <trkpt lat="45.851405815" lon="6.148818344">
        <ele>451.65</ele>
      </trkpt>
      <trkpt lat="45.851693345" lon="6.148547002">
        <ele>451.38</ele>
      </trkpt>
      <trkpt lat="45.852150181" lon="6.148117266">
        <ele>450.95</ele>
      </trkpt>
      <trkpt lat="45.852500822" lon="6.147791005">
        <ele>450.43</ele>
      </trkpt>
      <trkpt lat="45.852822993" lon="6.147480809">
        <ele>449.94</ele>
      </trkpt>
      <trkpt lat="45.853129828" lon="6.147197903">
        <ele>449.6</ele>
      </trkpt>
      <trkpt lat="45.853408918" lon="6.146936272">
        <ele>449.2</ele>
      </trkpt>
      <trkpt lat="45.853537706" lon="6.146830488">
        <ele>448.78</ele>
      </trkpt>
      <trkpt lat="45.853752665" lon="6.146680414">
        <ele>448.51</ele>
      </trkpt>
      <trkpt lat="45.853960881" lon="6.14656983">
        <ele>448.03</ele>
      </trkpt>
      <trkpt lat="45.854190865" lon="6.146481382">
        <ele>447.52</ele>
      </trkpt>
      <trkpt lat="45.854444675" lon="6.146407476">
        <ele>447.32</ele>
      </trkpt>
      <trkpt lat="45.854665596" lon="6.146373827">
        <ele>447.06</ele>
      </trkpt>
      <trkpt lat="45.855000598" lon="6.146349384">
        <ele>447.65</ele>
      </trkpt>
      <trkpt lat="45.855191385" lon="6.146327822">
        <ele>448.25</ele>
      </trkpt>
      <trkpt lat="45.855635421" lon="6.146275498">
        <ele>449.29</ele>
      </trkpt>
      <trkpt lat="45.855728871" lon="6.146255558">
        <ele>450.26</ele>
      </trkpt>
      <trkpt lat="45.85586951" lon="6.146225358">
        <ele>451.16</ele>
      </trkpt>
      <trkpt lat="45.856075606" lon="6.146150717">
        <ele>451.08</ele>
      </trkpt>
      <trkpt lat="45.856312839" lon="6.146034406">
        <ele>452.22</ele>
      </trkpt>
      <trkpt lat="45.856552495" lon="6.145873144">
        <ele>452.51</ele>
      </trkpt>
      <trkpt lat="45.856801851" lon="6.145664857">
        <ele>452.45</ele>
      </trkpt>
      <trkpt lat="45.856981142" lon="6.145477487">
        <ele>453.04</ele>
      </trkpt>
      <trkpt lat="45.857159549" lon="6.145262984">
        <ele>452.96</ele>
      </trkpt>
      <trkpt lat="45.857328175" lon="6.145018152">
        <ele>451.62</ele>
      </trkpt>
      <trkpt lat="45.857551453" lon="6.144622414">
        <ele>450.65</ele>
      </trkpt>
      <trkpt lat="45.857786497" lon="6.144224913">
        <ele>449.87</ele>
      </trkpt>
      <trkpt lat="45.857935182" lon="6.143974823">
        <ele>448.79</ele>
      </trkpt>
      <trkpt lat="45.857975577" lon="6.143908011">
        <ele>448.49</ele>
      </trkpt>
      <trkpt lat="45.858167231" lon="6.14364801">
        <ele>448.37</ele>
      </trkpt>
      <trkpt lat="45.858428994" lon="6.143365798">
        <ele>448.56</ele>
      </trkpt>
      <trkpt lat="45.858678781" lon="6.14314463">
        <ele>448.78</ele>
      </trkpt>
      <trkpt lat="45.858865006" lon="6.143018319">
        <ele>448.81</ele>
      </trkpt>
      <trkpt lat="45.85902843" lon="6.142953593">
        <ele>448.93</ele>
      </trkpt>
      <trkpt lat="45.859196897" lon="6.142899529">
        <ele>449.07</ele>
      </trkpt>
      <trkpt lat="45.85929624" lon="6.142865166">
        <ele>449.12</ele>
      </trkpt>
      <trkpt lat="45.859385002" lon="6.142850695">
        <ele>449.13</ele>
      </trkpt>
      <trkpt lat="45.859452982" lon="6.142811577">
        <ele>448.95</ele>
      </trkpt>
      <trkpt lat="45.859522919" lon="6.142714583">
        <ele>448.9</ele>
      </trkpt>
      <trkpt lat="45.859614848" lon="6.142553367">
        <ele>448.94</ele>
      </trkpt>
      <trkpt lat="45.859711429" lon="6.142414389">
        <ele>448.78</ele>
      </trkpt>
      <trkpt lat="45.859837893" lon="6.142323892">
        <ele>448.85</ele>
      </trkpt>
      <trkpt lat="45.859963993" lon="6.142270756">
        <ele>448.92</ele>
      </trkpt>
      <trkpt lat="45.860137618" lon="6.142250566">
        <ele>448.89</ele>
      </trkpt>
      <trkpt lat="45.860292269" lon="6.142258712">
        <ele>448.7</ele>
      </trkpt>
      <trkpt lat="45.860459441" lon="6.142296088">
        <ele>448.74</ele>
      </trkpt>
      <trkpt lat="45.860654788" lon="6.14237925">
        <ele>448.53</ele>
      </trkpt>
      <trkpt lat="45.860895862" lon="6.142495235">
        <ele>448.53</ele>
      </trkpt>
      <trkpt lat="45.861185621" lon="6.142636515">
        <ele>448.49</ele>
      </trkpt>
      <trkpt lat="45.861439841" lon="6.142736656">
        <ele>448.51</ele>
      </trkpt>
      <trkpt lat="45.861761835" lon="6.142856968">
        <ele>448.53</ele>
      </trkpt>
      <trkpt lat="45.861952006" lon="6.142933329">
        <ele>448.54</ele>
      </trkpt>
      <trkpt lat="45.862046461" lon="6.14299016">
        <ele>448.63</ele>
      </trkpt>
      <trkpt lat="45.862122972" lon="6.143071531">
        <ele>448.74</ele>
      </trkpt>
      <trkpt lat="45.862224698" lon="6.143206221">
        <ele>448.88</ele>
      </trkpt>
      <trkpt lat="45.862305598" lon="6.143317549">
        <ele>448.87</ele>
      </trkpt>
      <trkpt lat="45.862391732" lon="6.143407325">
        <ele>448.92</ele>
      </trkpt>
      <trkpt lat="45.862530507" lon="6.143485281">
        <ele>448.96</ele>
      </trkpt>
      <trkpt lat="45.862626296" lon="6.143529313">
        <ele>449.04</ele>
      </trkpt>
      <trkpt lat="45.862904807" lon="6.14365693">
        <ele>448.84</ele>
      </trkpt>
      <trkpt lat="45.863165534" lon="6.143751083">
        <ele>448.5</ele>
      </trkpt>
      <trkpt lat="45.863359491" lon="6.143795482">
        <ele>448.56</ele>
      </trkpt>
      <trkpt lat="45.863582176" lon="6.143816087">
        <ele>447.99</ele>
      </trkpt>
      <trkpt lat="45.863712434" lon="6.143826413">
        <ele>447.92</ele>
      </trkpt>
      <trkpt lat="45.863798702" lon="6.143832398">
        <ele>447.47</ele>
      </trkpt>
      <trkpt lat="45.863982413" lon="6.143833539">
        <ele>447.48</ele>
      </trkpt>
      <trkpt lat="45.864336401" lon="6.143833602">
        <ele>447.42</ele>
      </trkpt>
      <trkpt lat="45.864431873" lon="6.143833779">
        <ele>447.35</ele>
      </trkpt>
      <trkpt lat="45.864806573" lon="6.143833989">
        <ele>446.94</ele>
      </trkpt>
      <trkpt lat="45.865179301" lon="6.143839219">
        <ele>446.94</ele>
      </trkpt>
      <trkpt lat="45.865547885" lon="6.143833848">
        <ele>447.16</ele>
      </trkpt>
      <trkpt lat="45.865728858" lon="6.143836089">
        <ele>446.9</ele>
      </trkpt>
      <trkpt lat="45.865915962" lon="6.143816836">
        <ele>447.56</ele>
      </trkpt>
      <trkpt lat="45.86609743" lon="6.143777853">
        <ele>448.2</ele>
      </trkpt>
      <trkpt lat="45.866277449" lon="6.143728455">
        <ele>449.07</ele>
      </trkpt>
      <trkpt lat="45.866456411" lon="6.143657064">
        <ele>449.46</ele>
      </trkpt>
      <trkpt lat="45.866611283" lon="6.143578845">
        <ele>450.13</ele>
      </trkpt>
      <trkpt lat="45.866722499" lon="6.143513069">
        <ele>449.93</ele>
      </trkpt>
      <trkpt lat="45.867064933" lon="6.143295718">
        <ele>449.9</ele>
      </trkpt>
      <trkpt lat="45.868164642" lon="6.142639518">
        <ele>450.45</ele>
      </trkpt>
      <trkpt lat="45.868881817" lon="6.14261806">
        <ele>450.35</ele>
      </trkpt>
      <trkpt lat="45.86974839" lon="6.142939925">
        <ele>449.64</ele>
      </trkpt>
      <trkpt lat="45.870995933" lon="6.1436373">
        <ele>449.36</ele>
      </trkpt>
      <trkpt lat="45.872191157" lon="6.143873334">
        <ele>450.07</ele>
      </trkpt>
      <trkpt lat="45.873617923" lon="6.143422723">
        <ele>448.67</ele>
      </trkpt>
      <trkpt lat="45.8748355" lon="6.143025756">
        <ele>449.2</ele>
      </trkpt>
      <trkpt lat="45.876560978" lon="6.1430794">
        <ele>449.84</ele>
      </trkpt>
      <trkpt lat="45.87720335" lon="6.142907739">
        <ele>450.42</ele>
      </trkpt>
      <trkpt lat="45.878435788" lon="6.142575145">
        <ele>451.36</ele>
      </trkpt>
      <trkpt lat="45.880205968" lon="6.142607331">
        <ele>452.5</ele>
      </trkpt>
      <trkpt lat="45.881214273" lon="6.142103076">
        <ele>451.69</ele>
      </trkpt>
      <trkpt lat="45.882484027" lon="6.141990474">
        <ele>451.21</ele>
      </trkpt>
      <trkpt lat="45.883347318" lon="6.142069909">
        <ele>450.6</ele>
      </trkpt>
      <trkpt lat="45.883425829" lon="6.142088129">
        <ele>448.07</ele>
      </trkpt>
      <trkpt lat="45.883665036" lon="6.142131703">
        <ele>447.14</ele>
      </trkpt>
      <trkpt lat="45.883753195" lon="6.142154033">
        <ele>446.79</ele>
      </trkpt>
      <trkpt lat="45.883974263" lon="6.142210026">
        <ele>446.73</ele>
      </trkpt>
      <trkpt lat="45.884113484" lon="6.142222318">
        <ele>447.99</ele>
      </trkpt>
      <trkpt lat="45.884385326" lon="6.142246319">
        <ele>450.22</ele>
      </trkpt>
      <trkpt lat="45.884582474" lon="6.142279423">
        <ele>452.5</ele>
      </trkpt>
      <trkpt lat="45.884827731" lon="6.142320605">
        <ele>454.86</ele>
      </trkpt>
      <trkpt lat="45.885078429" lon="6.142384809">
        <ele>454.7</ele>
      </trkpt>
      <trkpt lat="45.885318438" lon="6.142446278">
        <ele>453.35</ele>
      </trkpt>
      <trkpt lat="45.885431541" lon="6.142485748">
        <ele>451.35</ele>
      </trkpt>
      <trkpt lat="45.885538948" lon="6.142523231">
        <ele>449.29</ele>
      </trkpt>
      <trkpt lat="45.885650862" lon="6.142596515">
        <ele>447.67</ele>
      </trkpt>
      <trkpt lat="45.885962158" lon="6.142742147">
        <ele>448.04</ele>
      </trkpt>
      <trkpt lat="45.88623955" lon="6.142891257">
        <ele>448.87</ele>
      </trkpt>
      <trkpt lat="45.886647756" lon="6.143110687">
        <ele>449.84</ele>
      </trkpt>
      <trkpt lat="45.886935403" lon="6.143241908">
        <ele>449.29</ele>
      </trkpt>
      <trkpt lat="45.887228869" lon="6.143347581">
        <ele>448.35</ele>
      </trkpt>
      <trkpt lat="45.887592641" lon="6.143478572">
        <ele>447.67</ele>
      </trkpt>
      <trkpt lat="45.887743718" lon="6.143514358">
        <ele>446.7</ele>
      </trkpt>
      <trkpt lat="45.888086062" lon="6.14359545">
        <ele>445.5</ele>
      </trkpt>
      <trkpt lat="45.888347815" lon="6.143635458">
        <ele>445.7</ele>
      </trkpt>
      <trkpt lat="45.888656725" lon="6.143656259">
        <ele>445.7</ele>
      </trkpt>
      <trkpt lat="45.889100896" lon="6.143635851">
        <ele>445.7</ele>
      </trkpt>
      <trkpt lat="45.889456157" lon="6.143619526">
        <ele>445.7</ele>
      </trkpt>
      <trkpt lat="45.889580398" lon="6.143588942">
        <ele>445.7</ele>
      </trkpt>
      <trkpt lat="45.889646407" lon="6.143572692">
        <ele>445.5</ele>
      </trkpt>
      <trkpt lat="45.88971562" lon="6.143555655">
        <ele>448.22</ele>
      </trkpt>
      <trkpt lat="45.889712" lon="6.14354">
        <ele>459.5</ele>
        <extensions>
          <gpxtpx:TrackPointExtension>
            <gpxtpx:Extensions>
              <reversedirection>yes</reversedirection>
              <highway>cycleway</highway>
              <surface>asphalt</surface>
              <foot>designated</foot>
              <bicycle>designated</bicycle>
              <segregated>no</segregated>
              <smoothness>excellent</smoothness>
              <route_bicycle_ncn>yes</route_bicycle_ncn>
              <route_bicycle_lcn>yes</route_bicycle_lcn>
            </gpxtpx:Extensions>
          </gpxtpx:TrackPointExtension>
        </extensions>
      </trkpt>
      <trkpt lat="45.88975" lon="6.143525">
        <ele>459.5</ele>
        <extensions>
          <gpxtpx:TrackPointExtension>
            <gpxtpx:Extensions>
              <reversedirection>yes</reversedirection>
              <highway>cycleway</highway>
              <surface>asphalt</surface>
              <foot>designated</foot>
              <bicycle>designated</bicycle>
              <segregated>no</segregated>
              <smoothness>excellent</smoothness>
              <route_bicycle_ncn>yes</route_bicycle_ncn>
              <route_bicycle_lcn>yes</route_bicycle_lcn>
            </gpxtpx:Extensions>
          </gpxtpx:TrackPointExtension>
        </extensions>
      </trkpt>
      <trkpt lat="45.889867" lon="6.143464">
        <ele>459</ele>
        <extensions>
          <gpxtpx:TrackPointExtension>
            <gpxtpx:Extensions>
              <reversedirection>yes</reversedirection>
              <highway>cycleway</highway>
              <surface>asphalt</surface>
              <foot>designated</foot>
              <bicycle>designated</bicycle>
              <segregated>no</segregated>
              <smoothness>excellent</smoothness>
              <route_bicycle_ncn>yes</route_bicycle_ncn>
              <route_bicycle_lcn>yes</route_bicycle_lcn>
            </gpxtpx:Extensions>
          </gpxtpx:TrackPointExtension>
        </extensions>
      </trkpt>
      <trkpt lat="45.889988" lon="6.143385">
        <ele>458.25</ele>
        <extensions>
          <gpxtpx:TrackPointExtension>
            <gpxtpx:Extensions>
              <reversedirection>yes</reversedirection>
              <highway>cycleway</highway>
              <surface>asphalt</surface>
              <foot>designated</foot>
              <bicycle>designated</bicycle>
              <segregated>no</segregated>
              <smoothness>excellent</smoothness>
              <route_bicycle_ncn>yes</route_bicycle_ncn>
              <route_bicycle_lcn>yes</route_bicycle_lcn>
            </gpxtpx:Extensions>
          </gpxtpx:TrackPointExtension>
        </extensions>
      </trkpt>
      <trkpt lat="45.890127" lon="6.143244">
        <ele>458.25</ele>
        <extensions>
          <gpxtpx:TrackPointExtension>
            <gpxtpx:Extensions>
              <reversedirection>yes</reversedirection>
              <highway>cycleway</highway>
              <surface>asphalt</surface>
              <foot>designated</foot>
              <bicycle>designated</bicycle>
              <segregated>no</segregated>
              <smoothness>excellent</smoothness>
              <route_bicycle_ncn>yes</route_bicycle_ncn>
              <route_bicycle_lcn>yes</route_bicycle_lcn>
            </gpxtpx:Extensions>
          </gpxtpx:TrackPointExtension>
        </extensions>
      </trkpt>
      <trkpt lat="45.890216" lon="6.143128">
        <ele>458.25</ele>
        <extensions>
          <gpxtpx:TrackPointExtension>
            <gpxtpx:Extensions>
              <reversedirection>yes</reversedirection>
              <highway>cycleway</highway>
              <surface>asphalt</surface>
              <foot>designated</foot>
              <bicycle>designated</bicycle>
              <segregated>no</segregated>
              <smoothness>excellent</smoothness>
              <route_bicycle_ncn>yes</route_bicycle_ncn>
              <route_bicycle_lcn>yes</route_bicycle_lcn>
            </gpxtpx:Extensions>
          </gpxtpx:TrackPointExtension>
        </extensions>
      </trkpt>
      <trkpt lat="45.890361" lon="6.142892">
        <ele>458</ele>
        <extensions>
          <gpxtpx:TrackPointExtension>
            <gpxtpx:Extensions>
              <reversedirection>yes</reversedirection>
              <highway>cycleway</highway>
              <surface>asphalt</surface>
              <foot>designated</foot>
              <bicycle>designated</bicycle>
              <segregated>no</segregated>
              <smoothness>excellent</smoothness>
              <route_bicycle_ncn>yes</route_bicycle_ncn>
              <route_bicycle_lcn>yes</route_bicycle_lcn>
            </gpxtpx:Extensions>
          </gpxtpx:TrackPointExtension>
        </extensions>
      </trkpt>
      <trkpt lat="45.890474" lon="6.142625">
        <ele>457.25</ele>
        <extensions>
          <gpxtpx:TrackPointExtension>
            <gpxtpx:Extensions>
              <reversedirection>yes</reversedirection>
              <highway>cycleway</highway>
              <surface>asphalt</surface>
              <foot>designated</foot>
              <bicycle>designated</bicycle>
              <segregated>no</segregated>
              <smoothness>excellent</smoothness>
              <route_bicycle_ncn>yes</route_bicycle_ncn>
              <route_bicycle_lcn>yes</route_bicycle_lcn>
            </gpxtpx:Extensions>
          </gpxtpx:TrackPointExtension>
        </extensions>
      </trkpt>
      <trkpt lat="45.890547" lon="6.142354">
        <ele>457.5</ele>
        <extensions>
          <gpxtpx:TrackPointExtension>
            <gpxtpx:Extensions>
              <reversedirection>yes</reversedirection>
              <highway>cycleway</highway>
              <surface>asphalt</surface>
              <foot>designated</foot>
              <bicycle>designated</bicycle>
              <segregated>no</segregated>
              <smoothness>excellent</smoothness>
              <route_bicycle_ncn>yes</route_bicycle_ncn>
              <route_bicycle_lcn>yes</route_bicycle_lcn>
            </gpxtpx:Extensions>
          </gpxtpx:TrackPointExtension>
        </extensions>
      </trkpt>
      <trkpt lat="45.890587" lon="6.14204">
        <ele>459.75</ele>
        <extensions>
          <gpxtpx:TrackPointExtension>
            <gpxtpx:Extensions>
              <reversedirection>yes</reversedirection>
              <highway>cycleway</highway>
              <surface>asphalt</surface>
              <foot>designated</foot>
              <bicycle>designated</bicycle>
              <segregated>no</segregated>
              <smoothness>excellent</smoothness>
              <route_bicycle_ncn>yes</route_bicycle_ncn>
              <route_bicycle_lcn>yes</route_bicycle_lcn>
            </gpxtpx:Extensions>
          </gpxtpx:TrackPointExtension>
        </extensions>
      </trkpt>
      <trkpt lat="45.890605" lon="6.141677">
        <ele>463</ele>
        <extensions>
          <gpxtpx:TrackPointExtension>
            <gpxtpx:Extensions>
              <reversedirection>yes</reversedirection>
              <highway>cycleway</highway>
              <surface>asphalt</surface>
              <foot>designated</foot>
              <bicycle>designated</bicycle>
              <segregated>no</segregated>
              <smoothness>excellent</smoothness>
              <route_bicycle_ncn>yes</route_bicycle_ncn>
              <route_bicycle_lcn>yes</route_bicycle_lcn>
            </gpxtpx:Extensions>
          </gpxtpx:TrackPointExtension>
        </extensions>
      </trkpt>
      <trkpt lat="45.890651" lon="6.14123">
        <ele>459.5</ele>
        <extensions>
          <gpxtpx:TrackPointExtension>
            <gpxtpx:Extensions>
              <reversedirection>yes</reversedirection>
              <highway>cycleway</highway>
              <surface>asphalt</surface>
              <foot>designated</foot>
              <bicycle>designated</bicycle>
              <segregated>no</segregated>
              <smoothness>excellent</smoothness>
              <route_bicycle_ncn>yes</route_bicycle_ncn>
              <route_bicycle_lcn>yes</route_bicycle_lcn>
            </gpxtpx:Extensions>
          </gpxtpx:TrackPointExtension>
        </extensions>
      </trkpt>
      <trkpt lat="45.890692" lon="6.140987">
        <ele>456.75</ele>
        <extensions>
          <gpxtpx:TrackPointExtension>
            <gpxtpx:Extensions>
              <reversedirection>yes</reversedirection>
              <highway>cycleway</highway>
              <surface>asphalt</surface>
              <foot>designated</foot>
              <bicycle>designated</bicycle>
              <segregated>no</segregated>
              <smoothness>excellent</smoothness>
              <route_bicycle_ncn>yes</route_bicycle_ncn>
              <route_bicycle_lcn>yes</route_bicycle_lcn>
            </gpxtpx:Extensions>
          </gpxtpx:TrackPointExtension>
        </extensions>
      </trkpt>
      <trkpt lat="45.890775" lon="6.140691">
        <ele>453</ele>
        <extensions>
          <gpxtpx:TrackPointExtension>
            <gpxtpx:Extensions>
              <reversedirection>yes</reversedirection>
              <highway>cycleway</highway>
              <surface>asphalt</surface>
              <foot>designated</foot>
              <bicycle>designated</bicycle>
              <segregated>no</segregated>
              <smoothness>excellent</smoothness>
              <route_bicycle_ncn>yes</route_bicycle_ncn>
              <route_bicycle_lcn>yes</route_bicycle_lcn>
            </gpxtpx:Extensions>
          </gpxtpx:TrackPointExtension>
        </extensions>
      </trkpt>
      <trkpt lat="45.890837" lon="6.140497">
        <ele>451.5</ele>
        <extensions>
          <gpxtpx:TrackPointExtension>
            <gpxtpx:Extensions>
              <reversedirection>yes</reversedirection>
              <highway>cycleway</highway>
              <surface>asphalt</surface>
              <foot>designated</foot>
              <bicycle>designated</bicycle>
              <segregated>no</segregated>
              <smoothness>excellent</smoothness>
              <route_bicycle_ncn>yes</route_bicycle_ncn>
              <route_bicycle_lcn>yes</route_bicycle_lcn>
            </gpxtpx:Extensions>
          </gpxtpx:TrackPointExtension>
        </extensions>
      </trkpt>
      <trkpt lat="45.890947" lon="6.14023">
        <ele>452</ele>
        <extensions>
          <gpxtpx:TrackPointExtension>
            <gpxtpx:Extensions>
              <reversedirection>yes</reversedirection>
              <highway>cycleway</highway>
              <surface>asphalt</surface>
              <foot>designated</foot>
              <bicycle>designated</bicycle>
              <segregated>no</segregated>
              <smoothness>excellent</smoothness>
              <route_bicycle_ncn>yes</route_bicycle_ncn>
              <route_bicycle_lcn>yes</route_bicycle_lcn>
            </gpxtpx:Extensions>
          </gpxtpx:TrackPointExtension>
        </extensions>
      </trkpt>
      <trkpt lat="45.891088" lon="6.139941">
        <ele>452</ele>
        <extensions>
          <gpxtpx:TrackPointExtension>
            <gpxtpx:Extensions>
              <reversedirection>yes</reversedirection>
              <highway>cycleway</highway>
              <surface>asphalt</surface>
              <foot>designated</foot>
              <bicycle>designated</bicycle>
              <segregated>no</segregated>
              <smoothness>excellent</smoothness>
              <route_bicycle_ncn>yes</route_bicycle_ncn>
              <route_bicycle_lcn>yes</route_bicycle_lcn>
            </gpxtpx:Extensions>
          </gpxtpx:TrackPointExtension>
        </extensions>
      </trkpt>
      <trkpt lat="45.891232" lon="6.139667">
        <ele>452.5</ele>
        <extensions>
          <gpxtpx:TrackPointExtension>
            <gpxtpx:Extensions>
              <reversedirection>yes</reversedirection>
              <highway>cycleway</highway>
              <surface>asphalt</surface>
              <foot>designated</foot>
              <bicycle>designated</bicycle>
              <segregated>no</segregated>
              <smoothness>excellent</smoothness>
              <route_bicycle_ncn>yes</route_bicycle_ncn>
              <route_bicycle_lcn>yes</route_bicycle_lcn>
            </gpxtpx:Extensions>
          </gpxtpx:TrackPointExtension>
        </extensions>
      </trkpt>
      <trkpt lat="45.891552" lon="6.139137">
        <ele>455</ele>
        <extensions>
          <gpxtpx:TrackPointExtension>
            <gpxtpx:Extensions>
              <highway>footway</highway>
              <footway>crossing</footway>
            </gpxtpx:Extensions>
          </gpxtpx:TrackPointExtension>
        </extensions>
      </trkpt>
      <trkpt lat="45.891514" lon="6.139096">
        <ele>454.75</ele>
        <extensions>
          <gpxtpx:TrackPointExtension>
            <gpxtpx:Extensions>
              <highway>footway</highway>
              <footway>crossing</footway>
            </gpxtpx:Extensions>
          </gpxtpx:TrackPointExtension>
        </extensions>
      </trkpt>
      <trkpt lat="45.891471" lon="6.13905">
        <ele>454.75</ele>
        <extensions>
          <gpxtpx:TrackPointExtension>
            <gpxtpx:Extensions>
              <highway>footway</highway>
              <footway>crossing</footway>
            </gpxtpx:Extensions>
          </gpxtpx:TrackPointExtension>
        </extensions>
      </trkpt>
      <trkpt lat="45.891433" lon="6.13904">
        <ele>454.75</ele>
        <extensions>
          <gpxtpx:TrackPointExtension>
            <gpxtpx:Extensions>
              <reversedirection>yes</reversedirection>
              <highway>path</highway>
            </gpxtpx:Extensions>
          </gpxtpx:TrackPointExtension>
        </extensions>
      </trkpt>
      <trkpt lat="45.891361" lon="6.139052">
        <ele>455</ele>
        <extensions>
          <gpxtpx:TrackPointExtension>
            <gpxtpx:Extensions>
              <reversedirection>yes</reversedirection>
              <highway>path</highway>
            </gpxtpx:Extensions>
          </gpxtpx:TrackPointExtension>
        </extensions>
      </trkpt>
      <trkpt lat="45.891248" lon="6.138999">
        <ele>455.25</ele>
        <extensions>
          <gpxtpx:TrackPointExtension>
            <gpxtpx:Extensions>
              <reversedirection>yes</reversedirection>
              <highway>path</highway>
            </gpxtpx:Extensions>
          </gpxtpx:TrackPointExtension>
        </extensions>
      </trkpt>
      <trkpt lat="45.891205" lon="6.138977">
        <ele>455.25</ele>
        <extensions>
          <gpxtpx:TrackPointExtension>
            <gpxtpx:Extensions>
              <reversedirection>yes</reversedirection>
              <highway>path</highway>
            </gpxtpx:Extensions>
          </gpxtpx:TrackPointExtension>
        </extensions>
      </trkpt>
      <trkpt lat="45.891133" lon="6.138895">
        <ele>455.5</ele>
        <extensions>
          <gpxtpx:TrackPointExtension>
            <gpxtpx:Extensions>
              <reversedirection>yes</reversedirection>
              <highway>path</highway>
            </gpxtpx:Extensions>
          </gpxtpx:TrackPointExtension>
        </extensions>
      </trkpt>
      <trkpt lat="45.891094" lon="6.138851">
        <ele>455.5</ele>
        <extensions>
          <gpxtpx:TrackPointExtension>
            <gpxtpx:Extensions>
              <reversedirection>yes</reversedirection>
              <highway>service</highway>
            </gpxtpx:Extensions>
          </gpxtpx:TrackPointExtension>
        </extensions>
      </trkpt>
      <trkpt lat="45.891067" lon="6.138847">
        <ele>455.75</ele>
        <extensions>
          <gpxtpx:TrackPointExtension>
            <gpxtpx:Extensions>
              <reversedirection>yes</reversedirection>
              <highway>service</highway>
            </gpxtpx:Extensions>
          </gpxtpx:TrackPointExtension>
        </extensions>
      </trkpt>
      <trkpt lat="45.890901" lon="6.138689">
        <ele>456.75</ele>
        <extensions>
          <gpxtpx:TrackPointExtension>
            <gpxtpx:Extensions>
              <reversedirection>yes</reversedirection>
              <highway>service</highway>
              <surface>asphalt</surface>
            </gpxtpx:Extensions>
          </gpxtpx:TrackPointExtension>
        </extensions>
      </trkpt>
      <trkpt lat="45.890864" lon="6.138784">
        <ele>456.75</ele>
        <extensions>
          <gpxtpx:TrackPointExtension>
            <gpxtpx:Extensions>
              <reversedirection>yes</reversedirection>
              <highway>service</highway>
              <surface>asphalt</surface>
            </gpxtpx:Extensions>
          </gpxtpx:TrackPointExtension>
        </extensions>
      </trkpt>
      <trkpt lat="45.890837" lon="6.138854">
        <ele>456.5</ele>
        <extensions>
          <gpxtpx:TrackPointExtension>
            <gpxtpx:Extensions>
              <reversedirection>yes</reversedirection>
              <highway>service</highway>
              <surface>asphalt</surface>
            </gpxtpx:Extensions>
          </gpxtpx:TrackPointExtension>
        </extensions>
      </trkpt>
      <trkpt lat="45.890776" lon="6.139009">
        <ele>457.5</ele>
        <extensions>
          <gpxtpx:TrackPointExtension>
            <gpxtpx:Extensions>
              <reversedirection>yes</reversedirection>
              <highway>service</highway>
              <surface>asphalt</surface>
            </gpxtpx:Extensions>
          </gpxtpx:TrackPointExtension>
        </extensions>
      </trkpt>
      <trkpt lat="45.890726" lon="6.139137">
        <ele>458.5</ele>
        <extensions>
          <gpxtpx:TrackPointExtension>
            <gpxtpx:Extensions>
              <reversedirection>yes</reversedirection>
              <highway>unclassified</highway>
              <surface>asphalt</surface>
            </gpxtpx:Extensions>
          </gpxtpx:TrackPointExtension>
        </extensions>
      </trkpt>
      <trkpt lat="45.890468" lon="6.138955">
        <ele>464.25</ele>
        <extensions>
          <gpxtpx:TrackPointExtension>
            <gpxtpx:Extensions>
              <reversedirection>yes</reversedirection>
              <highway>unclassified</highway>
              <surface>asphalt</surface>
            </gpxtpx:Extensions>
          </gpxtpx:TrackPointExtension>
        </extensions>
      </trkpt>
      <trkpt lat="45.890324" lon="6.138875">
        <ele>467.25</ele>
        <extensions>
          <gpxtpx:TrackPointExtension>
            <gpxtpx:Extensions>
              <reversedirection>yes</reversedirection>
              <highway>unclassified</highway>
              <surface>asphalt</surface>
            </gpxtpx:Extensions>
          </gpxtpx:TrackPointExtension>
        </extensions>
      </trkpt>
      <trkpt lat="45.89015" lon="6.138778">
        <ele>470.5</ele>
        <extensions>
          <gpxtpx:TrackPointExtension>
            <gpxtpx:Extensions>
              <reversedirection>yes</reversedirection>
              <highway>unclassified</highway>
              <surface>asphalt</surface>
            </gpxtpx:Extensions>
          </gpxtpx:TrackPointExtension>
        </extensions>
      </trkpt>
      <trkpt lat="45.890002" lon="6.138715">
        <ele>473.25</ele>
        <extensions>
          <gpxtpx:TrackPointExtension>
            <gpxtpx:Extensions>
              <reversedirection>yes</reversedirection>
              <highway>unclassified</highway>
              <surface>asphalt</surface>
            </gpxtpx:Extensions>
          </gpxtpx:TrackPointExtension>
        </extensions>
      </trkpt>
      <trkpt lat="45.889818" lon="6.138603">
        <ele>479</ele>
        <extensions>
          <gpxtpx:TrackPointExtension>
            <gpxtpx:Extensions>
              <reversedirection>yes</reversedirection>
              <highway>unclassified</highway>
              <surface>asphalt</surface>
            </gpxtpx:Extensions>
          </gpxtpx:TrackPointExtension>
        </extensions>
      </trkpt>
      <trkpt lat="45.88977" lon="6.138584">
        <ele>480.5</ele>
        <extensions>
          <gpxtpx:TrackPointExtension>
            <gpxtpx:Extensions>
              <reversedirection>yes</reversedirection>
              <highway>unclassified</highway>
              <surface>asphalt</surface>
            </gpxtpx:Extensions>
          </gpxtpx:TrackPointExtension>
        </extensions>
      </trkpt>
      <trkpt lat="45.889719" lon="6.138579">
        <ele>482.25</ele>
        <extensions>
          <gpxtpx:TrackPointExtension>
            <gpxtpx:Extensions>
              <reversedirection>yes</reversedirection>
              <highway>unclassified</highway>
              <surface>asphalt</surface>
            </gpxtpx:Extensions>
          </gpxtpx:TrackPointExtension>
        </extensions>
      </trkpt>
      <trkpt lat="45.889636" lon="6.138604">
        <ele>485.25</ele>
        <extensions>
          <gpxtpx:TrackPointExtension>
            <gpxtpx:Extensions>
              <reversedirection>yes</reversedirection>
              <highway>unclassified</highway>
              <surface>asphalt</surface>
            </gpxtpx:Extensions>
          </gpxtpx:TrackPointExtension>
        </extensions>
      </trkpt>
      <trkpt lat="45.889613" lon="6.138602">
        <ele>486</ele>
        <extensions>
          <gpxtpx:TrackPointExtension>
            <gpxtpx:Extensions>
              <reversedirection>yes</reversedirection>
              <highway>unclassified</highway>
              <surface>asphalt</surface>
            </gpxtpx:Extensions>
          </gpxtpx:TrackPointExtension>
        </extensions>
      </trkpt>
      <trkpt lat="45.88954" lon="6.138561">
        <ele>488</ele>
        <extensions>
          <gpxtpx:TrackPointExtension>
            <gpxtpx:Extensions>
              <reversedirection>yes</reversedirection>
              <highway>unclassified</highway>
              <surface>asphalt</surface>
            </gpxtpx:Extensions>
          </gpxtpx:TrackPointExtension>
        </extensions>
      </trkpt>
      <trkpt lat="45.889437" lon="6.138488">
        <ele>491</ele>
        <extensions>
          <gpxtpx:TrackPointExtension>
            <gpxtpx:Extensions>
              <reversedirection>yes</reversedirection>
              <highway>unclassified</highway>
              <surface>asphalt</surface>
            </gpxtpx:Extensions>
          </gpxtpx:TrackPointExtension>
        </extensions>
      </trkpt>
      <trkpt lat="45.889381" lon="6.138469">
        <ele>492.5</ele>
        <extensions>
          <gpxtpx:TrackPointExtension>
            <gpxtpx:Extensions>
              <reversedirection>yes</reversedirection>
              <highway>unclassified</highway>
              <surface>asphalt</surface>
            </gpxtpx:Extensions>
          </gpxtpx:TrackPointExtension>
        </extensions>
      </trkpt>
      <trkpt lat="45.88926" lon="6.138452">
        <ele>496.25</ele>
        <extensions>
          <gpxtpx:TrackPointExtension>
            <gpxtpx:Extensions>
              <reversedirection>yes</reversedirection>
              <highway>footway</highway>
            </gpxtpx:Extensions>
          </gpxtpx:TrackPointExtension>
        </extensions>
      </trkpt>
      <trkpt lat="45.88917" lon="6.13844">
        <ele>499</ele>
        <extensions>
          <gpxtpx:TrackPointExtension>
            <gpxtpx:Extensions>
              <reversedirection>yes</reversedirection>
              <highway>footway</highway>
            </gpxtpx:Extensions>
          </gpxtpx:TrackPointExtension>
        </extensions>
      </trkpt>
      <trkpt lat="45.889105" lon="6.138419">
        <ele>500.25</ele>
        <extensions>
          <gpxtpx:TrackPointExtension>
            <gpxtpx:Extensions>
              <reversedirection>yes</reversedirection>
              <highway>footway</highway>
            </gpxtpx:Extensions>
          </gpxtpx:TrackPointExtension>
        </extensions>
      </trkpt>
      <trkpt lat="45.888947" lon="6.13834">
        <ele>503</ele>
        <extensions>
          <gpxtpx:TrackPointExtension>
            <gpxtpx:Extensions>
              <reversedirection>yes</reversedirection>
              <highway>footway</highway>
            </gpxtpx:Extensions>
          </gpxtpx:TrackPointExtension>
        </extensions>
      </trkpt>
      <trkpt lat="45.888925" lon="6.138317">
        <ele>503.5</ele>
        <extensions>
          <gpxtpx:TrackPointExtension>
            <gpxtpx:Extensions>
              <reversedirection>yes</reversedirection>
              <highway>footway</highway>
            </gpxtpx:Extensions>
          </gpxtpx:TrackPointExtension>
        </extensions>
      </trkpt>
      <trkpt lat="45.88877" lon="6.13805">
        <ele>507.5</ele>
        <extensions>
          <gpxtpx:TrackPointExtension>
            <gpxtpx:Extensions>
              <reversedirection>yes</reversedirection>
              <highway>footway</highway>
            </gpxtpx:Extensions>
          </gpxtpx:TrackPointExtension>
        </extensions>
      </trkpt>
      <trkpt lat="45.888344" lon="6.137769">
        <ele>514.75</ele>
        <extensions>
          <gpxtpx:TrackPointExtension>
            <gpxtpx:Extensions>
              <reversedirection>yes</reversedirection>
              <highway>footway</highway>
            </gpxtpx:Extensions>
          </gpxtpx:TrackPointExtension>
        </extensions>
      </trkpt>
      <trkpt lat="45.888034" lon="6.13759">
        <ele>518.25</ele>
        <extensions>
          <gpxtpx:TrackPointExtension>
            <gpxtpx:Extensions>
              <reversedirection>yes</reversedirection>
              <highway>footway</highway>
            </gpxtpx:Extensions>
          </gpxtpx:TrackPointExtension>
        </extensions>
      </trkpt>
      <trkpt lat="45.8879" lon="6.137547">
        <ele>519.75</ele>
        <extensions>
          <gpxtpx:TrackPointExtension>
            <gpxtpx:Extensions>
              <reversedirection>yes</reversedirection>
              <highway>footway</highway>
            </gpxtpx:Extensions>
          </gpxtpx:TrackPointExtension>
        </extensions>
      </trkpt>
      <trkpt lat="45.887862" lon="6.137527">
        <ele>520.25</ele>
        <extensions>
          <gpxtpx:TrackPointExtension>
            <gpxtpx:Extensions>
              <reversedirection>yes</reversedirection>
              <highway>footway</highway>
            </gpxtpx:Extensions>
          </gpxtpx:TrackPointExtension>
        </extensions>
      </trkpt>
      <trkpt lat="45.887796" lon="6.137456">
        <ele>521.75</ele>
        <extensions>
          <gpxtpx:TrackPointExtension>
            <gpxtpx:Extensions>
              <reversedirection>yes</reversedirection>
              <highway>footway</highway>
            </gpxtpx:Extensions>
          </gpxtpx:TrackPointExtension>
        </extensions>
      </trkpt>
      <trkpt lat="45.88776" lon="6.137391">
        <ele>523.25</ele>
        <extensions>
          <gpxtpx:TrackPointExtension>
            <gpxtpx:Extensions>
              <reversedirection>yes</reversedirection>
              <highway>residential</highway>
              <surface>asphalt</surface>
              <maxspeed>30</maxspeed>
            </gpxtpx:Extensions>
          </gpxtpx:TrackPointExtension>
        </extensions>
      </trkpt>
      <trkpt lat="45.887843" lon="6.137429">
        <ele>521.75</ele>
        <extensions>
          <gpxtpx:TrackPointExtension>
            <gpxtpx:Extensions>
              <reversedirection>yes</reversedirection>
              <highway>residential</highway>
              <surface>asphalt</surface>
              <maxspeed>30</maxspeed>
            </gpxtpx:Extensions>
          </gpxtpx:TrackPointExtension>
        </extensions>
      </trkpt>
      <trkpt lat="45.887898" lon="6.137433">
        <ele>520.75</ele>
        <extensions>
          <gpxtpx:TrackPointExtension>
            <gpxtpx:Extensions>
              <reversedirection>yes</reversedirection>
              <highway>residential</highway>
              <surface>asphalt</surface>
              <maxspeed>30</maxspeed>
            </gpxtpx:Extensions>
          </gpxtpx:TrackPointExtension>
        </extensions>
      </trkpt>
      <trkpt lat="45.88804" lon="6.137409">
        <ele>519.5</ele>
        <extensions>
          <gpxtpx:TrackPointExtension>
            <gpxtpx:Extensions>
              <reversedirection>yes</reversedirection>
              <highway>residential</highway>
              <surface>asphalt</surface>
              <maxspeed>30</maxspeed>
            </gpxtpx:Extensions>
          </gpxtpx:TrackPointExtension>
        </extensions>
      </trkpt>
      <trkpt lat="45.888196" lon="6.137354">
        <ele>518.75</ele>
        <extensions>
          <gpxtpx:TrackPointExtension>
            <gpxtpx:Extensions>
              <reversedirection>yes</reversedirection>
              <highway>residential</highway>
              <surface>asphalt</surface>
              <maxspeed>30</maxspeed>
            </gpxtpx:Extensions>
          </gpxtpx:TrackPointExtension>
        </extensions>
      </trkpt>
      <trkpt lat="45.888291" lon="6.13733">
        <ele>518</ele>
        <extensions>
          <gpxtpx:TrackPointExtension>
            <gpxtpx:Extensions>
              <reversedirection>yes</reversedirection>
              <highway>residential</highway>
              <surface>asphalt</surface>
              <maxspeed>30</maxspeed>
            </gpxtpx:Extensions>
          </gpxtpx:TrackPointExtension>
        </extensions>
      </trkpt>
      <trkpt lat="45.888499" lon="6.137287">
        <ele>516.25</ele>
        <extensions>
          <gpxtpx:TrackPointExtension>
            <gpxtpx:Extensions>
              <reversedirection>yes</reversedirection>
              <highway>residential</highway>
              <surface>asphalt</surface>
              <maxspeed>30</maxspeed>
            </gpxtpx:Extensions>
          </gpxtpx:TrackPointExtension>
        </extensions>
      </trkpt>
      <trkpt lat="45.88863" lon="6.137222">
        <ele>515.75</ele>
        <extensions>
          <gpxtpx:TrackPointExtension>
            <gpxtpx:Extensions>
              <reversedirection>yes</reversedirection>
              <highway>residential</highway>
              <surface>asphalt</surface>
              <maxspeed>30</maxspeed>
            </gpxtpx:Extensions>
          </gpxtpx:TrackPointExtension>
        </extensions>
      </trkpt>
      <trkpt lat="45.888835" lon="6.137073">
        <ele>515.5</ele>
        <extensions>
          <gpxtpx:TrackPointExtension>
            <gpxtpx:Extensions>
              <reversedirection>yes</reversedirection>
              <highway>residential</highway>
              <surface>asphalt</surface>
              <maxspeed>30</maxspeed>
            </gpxtpx:Extensions>
          </gpxtpx:TrackPointExtension>
        </extensions>
      </trkpt>
      <trkpt lat="45.888872" lon="6.137028">
        <ele>515.75</ele>
        <extensions>
          <gpxtpx:TrackPointExtension>
            <gpxtpx:Extensions>
              <reversedirection>yes</reversedirection>
              <highway>residential</highway>
              <surface>asphalt</surface>
              <maxspeed>30</maxspeed>
            </gpxtpx:Extensions>
          </gpxtpx:TrackPointExtension>
        </extensions>
      </trkpt>
      <trkpt lat="45.889199" lon="6.136481">
        <ele>520</ele>
        <extensions>
          <gpxtpx:TrackPointExtension>
            <gpxtpx:Extensions>
              <reversedirection>yes</reversedirection>
              <highway>residential</highway>
              <surface>asphalt</surface>
              <maxspeed>30</maxspeed>
            </gpxtpx:Extensions>
          </gpxtpx:TrackPointExtension>
        </extensions>
      </trkpt>
      <trkpt lat="45.889541" lon="6.135916">
        <ele>521.75</ele>
        <extensions>
          <gpxtpx:TrackPointExtension>
            <gpxtpx:Extensions>
              <reversedirection>yes</reversedirection>
              <highway>residential</highway>
              <surface>asphalt</surface>
              <maxspeed>30</maxspeed>
            </gpxtpx:Extensions>
          </gpxtpx:TrackPointExtension>
        </extensions>
      </trkpt>
      <trkpt lat="45.889601" lon="6.1358">
        <ele>522</ele>
        <extensions>
          <gpxtpx:TrackPointExtension>
            <gpxtpx:Extensions>
              <reversedirection>yes</reversedirection>
              <highway>residential</highway>
              <surface>asphalt</surface>
              <maxspeed>30</maxspeed>
            </gpxtpx:Extensions>
          </gpxtpx:TrackPointExtension>
        </extensions>
      </trkpt>
      <trkpt lat="45.889651" lon="6.135679">
        <ele>522.25</ele>
        <extensions>
          <gpxtpx:TrackPointExtension>
            <gpxtpx:Extensions>
              <reversedirection>yes</reversedirection>
              <highway>residential</highway>
              <surface>asphalt</surface>
              <maxspeed>30</maxspeed>
            </gpxtpx:Extensions>
          </gpxtpx:TrackPointExtension>
        </extensions>
      </trkpt>
      <trkpt lat="45.889739" lon="6.135532">
        <ele>522.25</ele>
        <extensions>
          <gpxtpx:TrackPointExtension>
            <gpxtpx:Extensions>
              <reversedirection>yes</reversedirection>
              <highway>residential</highway>
              <surface>asphalt</surface>
              <maxspeed>30</maxspeed>
            </gpxtpx:Extensions>
          </gpxtpx:TrackPointExtension>
        </extensions>
      </trkpt>
      <trkpt lat="45.889875" lon="6.13534">
        <ele>521.5</ele>
        <extensions>
          <gpxtpx:TrackPointExtension>
            <gpxtpx:Extensions>
              <reversedirection>yes</reversedirection>
              <highway>residential</highway>
              <surface>asphalt</surface>
              <maxspeed>30</maxspeed>
            </gpxtpx:Extensions>
          </gpxtpx:TrackPointExtension>
        </extensions>
      </trkpt>
      <trkpt lat="45.889959" lon="6.135255">
        <ele>520.75</ele>
        <extensions>
          <gpxtpx:TrackPointExtension>
            <gpxtpx:Extensions>
              <reversedirection>yes</reversedirection>
              <highway>residential</highway>
              <surface>asphalt</surface>
              <maxspeed>30</maxspeed>
            </gpxtpx:Extensions>
          </gpxtpx:TrackPointExtension>
        </extensions>
      </trkpt>
      <trkpt lat="45.890023" lon="6.135225">
        <ele>519.5</ele>
        <extensions>
          <gpxtpx:TrackPointExtension>
            <gpxtpx:Extensions>
              <reversedirection>yes</reversedirection>
              <highway>residential</highway>
              <surface>asphalt</surface>
              <maxspeed>30</maxspeed>
            </gpxtpx:Extensions>
          </gpxtpx:TrackPointExtension>
        </extensions>
      </trkpt>
      <trkpt lat="45.890175" lon="6.135205">
        <ele>516.25</ele>
        <extensions>
          <gpxtpx:TrackPointExtension>
            <gpxtpx:Extensions>
              <reversedirection>yes</reversedirection>
              <highway>residential</highway>
              <surface>asphalt</surface>
              <maxspeed>30</maxspeed>
            </gpxtpx:Extensions>
          </gpxtpx:TrackPointExtension>
        </extensions>
      </trkpt>
      <trkpt lat="45.890243" lon="6.135178">
        <ele>515</ele>
        <extensions>
          <gpxtpx:TrackPointExtension>
            <gpxtpx:Extensions>
              <reversedirection>yes</reversedirection>
              <highway>residential</highway>
              <surface>asphalt</surface>
              <maxspeed>30</maxspeed>
            </gpxtpx:Extensions>
          </gpxtpx:TrackPointExtension>
        </extensions>
      </trkpt>
      <trkpt lat="45.890321" lon="6.135125">
        <ele>514</ele>
        <extensions>
          <gpxtpx:TrackPointExtension>
            <gpxtpx:Extensions>
              <reversedirection>yes</reversedirection>
              <highway>residential</highway>
              <surface>asphalt</surface>
              <maxspeed>30</maxspeed>
            </gpxtpx:Extensions>
          </gpxtpx:TrackPointExtension>
        </extensions>
      </trkpt>
      <trkpt lat="45.890425" lon="6.135027">
        <ele>513.75</ele>
        <extensions>
          <gpxtpx:TrackPointExtension>
            <gpxtpx:Extensions>
              <reversedirection>yes</reversedirection>
              <highway>residential</highway>
              <surface>asphalt</surface>
              <maxspeed>30</maxspeed>
            </gpxtpx:Extensions>
          </gpxtpx:TrackPointExtension>
        </extensions>
      </trkpt>
      <trkpt lat="45.890646" lon="6.134766">
        <ele>512.5</ele>
        <extensions>
          <gpxtpx:TrackPointExtension>
            <gpxtpx:Extensions>
              <reversedirection>yes</reversedirection>
              <highway>residential</highway>
              <surface>asphalt</surface>
              <maxspeed>30</maxspeed>
            </gpxtpx:Extensions>
          </gpxtpx:TrackPointExtension>
        </extensions>
      </trkpt>
      <trkpt lat="45.890864" lon="6.134491">
        <ele>511.25</ele>
        <extensions>
          <gpxtpx:TrackPointExtension>
            <gpxtpx:Extensions>
              <reversedirection>yes</reversedirection>
              <highway>residential</highway>
              <surface>asphalt</surface>
            </gpxtpx:Extensions>
          </gpxtpx:TrackPointExtension>
        </extensions>
      </trkpt>
      <trkpt lat="45.890962" lon="6.134378">
        <ele>511.25</ele>
        <extensions>
          <gpxtpx:TrackPointExtension>
            <gpxtpx:Extensions>
              <reversedirection>yes</reversedirection>
              <highway>residential</highway>
              <surface>asphalt</surface>
            </gpxtpx:Extensions>
          </gpxtpx:TrackPointExtension>
        </extensions>
      </trkpt>
      <trkpt lat="45.891005" lon="6.134356">
        <ele>510.75</ele>
        <extensions>
          <gpxtpx:TrackPointExtension>
            <gpxtpx:Extensions>
              <reversedirection>yes</reversedirection>
              <highway>residential</highway>
              <surface>asphalt</surface>
            </gpxtpx:Extensions>
          </gpxtpx:TrackPointExtension>
        </extensions>
      </trkpt>
      <trkpt lat="45.89105" lon="6.134357">
        <ele>510</ele>
        <extensions>
          <gpxtpx:TrackPointExtension>
            <gpxtpx:Extensions>
              <reversedirection>yes</reversedirection>
              <highway>residential</highway>
              <surface>asphalt</surface>
            </gpxtpx:Extensions>
          </gpxtpx:TrackPointExtension>
        </extensions>
      </trkpt>
      <trkpt lat="45.891111" lon="6.13438">
        <ele>508.75</ele>
        <extensions>
          <gpxtpx:TrackPointExtension>
            <gpxtpx:Extensions>
              <reversedirection>yes</reversedirection>
              <highway>residential</highway>
              <surface>asphalt</surface>
            </gpxtpx:Extensions>
          </gpxtpx:TrackPointExtension>
        </extensions>
      </trkpt>
      <trkpt lat="45.891213" lon="6.134456">
        <ele>506.25</ele>
        <extensions>
          <gpxtpx:TrackPointExtension>
            <gpxtpx:Extensions>
              <reversedirection>yes</reversedirection>
              <highway>residential</highway>
              <surface>asphalt</surface>
            </gpxtpx:Extensions>
          </gpxtpx:TrackPointExtension>
        </extensions>
      </trkpt>
      <trkpt lat="45.891247" lon="6.134474">
        <ele>505.5</ele>
        <extensions>
          <gpxtpx:TrackPointExtension>
            <gpxtpx:Extensions>
              <reversedirection>yes</reversedirection>
              <highway>residential</highway>
              <surface>asphalt</surface>
            </gpxtpx:Extensions>
          </gpxtpx:TrackPointExtension>
        </extensions>
      </trkpt>
      <trkpt lat="45.891288" lon="6.13448">
        <ele>504.75</ele>
        <extensions>
          <gpxtpx:TrackPointExtension>
            <gpxtpx:Extensions>
              <reversedirection>yes</reversedirection>
              <highway>residential</highway>
              <surface>asphalt</surface>
            </gpxtpx:Extensions>
          </gpxtpx:TrackPointExtension>
        </extensions>
      </trkpt>
      <trkpt lat="45.891326" lon="6.134475">
        <ele>504.25</ele>
        <extensions>
          <gpxtpx:TrackPointExtension>
            <gpxtpx:Extensions>
              <reversedirection>yes</reversedirection>
              <highway>residential</highway>
              <surface>asphalt</surface>
            </gpxtpx:Extensions>
          </gpxtpx:TrackPointExtension>
        </extensions>
      </trkpt>
      <trkpt lat="45.891363" lon="6.134443">
        <ele>504.25</ele>
        <extensions>
          <gpxtpx:TrackPointExtension>
            <gpxtpx:Extensions>
              <reversedirection>yes</reversedirection>
              <highway>residential</highway>
              <surface>asphalt</surface>
            </gpxtpx:Extensions>
          </gpxtpx:TrackPointExtension>
        </extensions>
      </trkpt>
      <trkpt lat="45.891385" lon="6.134408">
        <ele>504.25</ele>
        <extensions>
          <gpxtpx:TrackPointExtension>
            <gpxtpx:Extensions>
              <highway>secondary</highway>
              <surface>asphalt</surface>
            </gpxtpx:Extensions>
          </gpxtpx:TrackPointExtension>
        </extensions>
      </trkpt>
      <trkpt lat="45.891221" lon="6.134284">
        <ele>508.25</ele>
        <extensions>
          <gpxtpx:TrackPointExtension>
            <gpxtpx:Extensions>
              <highway>secondary</highway>
              <surface>asphalt</surface>
            </gpxtpx:Extensions>
          </gpxtpx:TrackPointExtension>
        </extensions>
      </trkpt>
      <trkpt lat="45.89097" lon="6.134125">
        <ele>514</ele>
        <extensions>
          <gpxtpx:TrackPointExtension>
            <gpxtpx:Extensions>
              <highway>secondary</highway>
              <surface>asphalt</surface>
            </gpxtpx:Extensions>
          </gpxtpx:TrackPointExtension>
        </extensions>
      </trkpt>
      <trkpt lat="45.890902" lon="6.13407">
        <ele>515.25</ele>
        <extensions>
          <gpxtpx:TrackPointExtension>
            <gpxtpx:Extensions>
              <highway>secondary</highway>
              <surface>asphalt</surface>
            </gpxtpx:Extensions>
          </gpxtpx:TrackPointExtension>
        </extensions>
      </trkpt>
      <trkpt lat="45.890843" lon="6.133999">
        <ele>516.25</ele>
        <extensions>
          <gpxtpx:TrackPointExtension>
            <gpxtpx:Extensions>
              <highway>secondary</highway>
              <surface>asphalt</surface>
            </gpxtpx:Extensions>
          </gpxtpx:TrackPointExtension>
        </extensions>
      </trkpt>
      <trkpt lat="45.890765" lon="6.133855">
        <ele>519</ele>
        <extensions>
          <gpxtpx:TrackPointExtension>
            <gpxtpx:Extensions>
              <highway>secondary</highway>
              <surface>asphalt</surface>
            </gpxtpx:Extensions>
          </gpxtpx:TrackPointExtension>
        </extensions>
      </trkpt>
      <trkpt lat="45.890746" lon="6.133769">
        <ele>520</ele>
        <extensions>
          <gpxtpx:TrackPointExtension>
            <gpxtpx:Extensions>
              <highway>secondary</highway>
              <surface>asphalt</surface>
            </gpxtpx:Extensions>
          </gpxtpx:TrackPointExtension>
        </extensions>
      </trkpt>
      <trkpt lat="45.890743" lon="6.133674">
        <ele>520.25</ele>
        <extensions>
          <gpxtpx:TrackPointExtension>
            <gpxtpx:Extensions>
              <highway>secondary</highway>
              <surface>asphalt</surface>
            </gpxtpx:Extensions>
          </gpxtpx:TrackPointExtension>
        </extensions>
      </trkpt>
      <trkpt lat="45.890752" lon="6.133573">
        <ele>520.5</ele>
        <extensions>
          <gpxtpx:TrackPointExtension>
            <gpxtpx:Extensions>
              <highway>secondary</highway>
              <surface>asphalt</surface>
            </gpxtpx:Extensions>
          </gpxtpx:TrackPointExtension>
        </extensions>
      </trkpt>
      <trkpt lat="45.890776" lon="6.133483">
        <ele>520</ele>
        <extensions>
          <gpxtpx:TrackPointExtension>
            <gpxtpx:Extensions>
              <highway>secondary</highway>
              <surface>asphalt</surface>
            </gpxtpx:Extensions>
          </gpxtpx:TrackPointExtension>
        </extensions>
      </trkpt>
      <trkpt lat="45.890838" lon="6.133342">
        <ele>518.75</ele>
        <extensions>
          <gpxtpx:TrackPointExtension>
            <gpxtpx:Extensions>
              <highway>secondary</highway>
              <surface>asphalt</surface>
            </gpxtpx:Extensions>
          </gpxtpx:TrackPointExtension>
        </extensions>
      </trkpt>
      <trkpt lat="45.890888" lon="6.133287">
        <ele>518.5</ele>
        <extensions>
          <gpxtpx:TrackPointExtension>
            <gpxtpx:Extensions>
              <highway>secondary</highway>
              <surface>asphalt</surface>
            </gpxtpx:Extensions>
          </gpxtpx:TrackPointExtension>
        </extensions>
      </trkpt>
      <trkpt lat="45.890941" lon="6.133251">
        <ele>518.25</ele>
        <extensions>
          <gpxtpx:TrackPointExtension>
            <gpxtpx:Extensions>
              <highway>secondary</highway>
              <surface>asphalt</surface>
            </gpxtpx:Extensions>
          </gpxtpx:TrackPointExtension>
        </extensions>
      </trkpt>
      <trkpt lat="45.891276" lon="6.133079">
        <ele>515.75</ele>
        <extensions>
          <gpxtpx:TrackPointExtension>
            <gpxtpx:Extensions>
              <highway>secondary</highway>
              <surface>asphalt</surface>
            </gpxtpx:Extensions>
          </gpxtpx:TrackPointExtension>
        </extensions>
      </trkpt>
      <trkpt lat="45.891342" lon="6.133038">
        <ele>515.5</ele>
        <extensions>
          <gpxtpx:TrackPointExtension>
            <gpxtpx:Extensions>
              <highway>secondary</highway>
              <surface>asphalt</surface>
            </gpxtpx:Extensions>
          </gpxtpx:TrackPointExtension>
        </extensions>
      </trkpt>
      <trkpt lat="45.891385" lon="6.132997">
        <ele>515.25</ele>
      </trkpt>
    </trkseg>
  </trk>
</gpx>
