<?xml version="1.0" encoding="UTF-8"?>
<gpx creator="Loopi" version="1.1" schemaLocation="http://www.topografix.com/GPX/1/1 http://www.topografix.com/GPX/1/1/gpx.xsd http://www.garmin.com/xmlschemas/GpxExtensions/v3 http://www.garmin.com/xmlschemas/GpxExtensionsv3.xsd http://www.garmin.com/xmlschemas/TrackPointExtension/v1 http://www.garmin.com/xmlschemas/TrackPointExtensionv1.xsd http://www.garmin.com/xmlschemas/PowerExtension/v1 http://www.garmin.com/xmlschemas/PowerExtensionv1.xsd http://www.topografix.com/GPX/gpx_style/0/2 http://www.topografix.com/GPX/gpx_style/0/2/gpx_style.xsd" xmlns="http://www.topografix.com/GPX/1/1" xmlns:xsi="http://www.w3.org/2001/XMLSchema-instance" xsi:schemaLocation="http://www.topografix.com/GPX/1/1 http://www.topografix.com/GPX/1/1/gpx.xsd http://www.garmin.com/xmlschemas/GpxExtensions/v3 http://www.garmin.com/xmlschemas/GpxExtensionsv3.xsd http://www.garmin.com/xmlschemas/TrackPointExtension/v1 http://www.garmin.com/xmlschemas/TrackPointExtensionv1.xsd http://www.garmin.com/xmlschemas/PowerExtension/v1 http://www.garmin.com/xmlschemas/PowerExtensionv1.xsd http://www.topografix.com/GPX/gpx_style/0/2 http://www.topografix.com/GPX/gpx_style/0/2/gpx_style.xsd" xmlns:gpxtpx="http://www.garmin.com/xmlschemas/TrackPointExtension/v1" xmlns:gpxx="http://www.garmin.com/xmlschemas/GpxExtensions/v3" xmlns:gpxpx="http://www.garmin.com/xmlschemas/PowerExtension/v1" xmlns:gpx_style="http://www.topografix.com/GPX/gpx_style/0/2">
  <metadata>
    <name>Step13</name>
    <author>
      <name>gpx.studio</name>
      <link href="https://gpx.studio"/>
    </author>
  </metadata>
  <trk>
    <name>Step13</name>
    <trkseg>
      <trkpt lat="43.630501" lon="4.038776">
        <ele>6.5</ele>
        <extensions>
          <gpxtpx:TrackPointExtension>
            <gpxtpx:Extensions>
              <highway>secondary</highway>
              <surface>asphalt</surface>
              <maxspeed>80</maxspeed>
            </gpxtpx:Extensions>
          </gpxtpx:TrackPointExtension>
        </extensions>
      </trkpt>
      <trkpt lat="43.631365" lon="4.039783">
        <ele>6.5</ele>
        <extensions>
          <gpxtpx:TrackPointExtension>
            <gpxtpx:Extensions>
              <highway>secondary</highway>
              <surface>asphalt</surface>
              <maxspeed>80</maxspeed>
            </gpxtpx:Extensions>
          </gpxtpx:TrackPointExtension>
        </extensions>
      </trkpt>
      <trkpt lat="43.631644" lon="4.040139">
        <ele>6.75</ele>
        <extensions>
          <gpxtpx:TrackPointExtension>
            <gpxtpx:Extensions>
              <reversedirection>yes</reversedirection>
              <highway>unclassified</highway>
            </gpxtpx:Extensions>
          </gpxtpx:TrackPointExtension>
        </extensions>
      </trkpt>
      <trkpt lat="43.631661" lon="4.040072">
        <ele>6.75</ele>
        <extensions>
          <gpxtpx:TrackPointExtension>
            <gpxtpx:Extensions>
              <reversedirection>yes</reversedirection>
              <highway>unclassified</highway>
            </gpxtpx:Extensions>
          </gpxtpx:TrackPointExtension>
        </extensions>
      </trkpt>
      <trkpt lat="43.631713" lon="4.039869">
        <ele>6.75</ele>
        <extensions>
          <gpxtpx:TrackPointExtension>
            <gpxtpx:Extensions>
              <reversedirection>yes</reversedirection>
              <highway>unclassified</highway>
            </gpxtpx:Extensions>
          </gpxtpx:TrackPointExtension>
        </extensions>
      </trkpt>
      <trkpt lat="43.631764" lon="4.039563">
        <ele>6.75</ele>
        <extensions>
          <gpxtpx:TrackPointExtension>
            <gpxtpx:Extensions>
              <reversedirection>yes</reversedirection>
              <highway>unclassified</highway>
            </gpxtpx:Extensions>
          </gpxtpx:TrackPointExtension>
        </extensions>
      </trkpt>
      <trkpt lat="43.631783" lon="4.039455">
        <ele>6.75</ele>
        <extensions>
          <gpxtpx:TrackPointExtension>
            <gpxtpx:Extensions>
              <reversedirection>yes</reversedirection>
              <highway>unclassified</highway>
            </gpxtpx:Extensions>
          </gpxtpx:TrackPointExtension>
        </extensions>
      </trkpt>
      <trkpt lat="43.631836" lon="4.039212">
        <ele>6.75</ele>
        <extensions>
          <gpxtpx:TrackPointExtension>
            <gpxtpx:Extensions>
              <reversedirection>yes</reversedirection>
              <highway>unclassified</highway>
            </gpxtpx:Extensions>
          </gpxtpx:TrackPointExtension>
        </extensions>
      </trkpt>
      <trkpt lat="43.631857" lon="4.03914">
        <ele>6.75</ele>
        <extensions>
          <gpxtpx:TrackPointExtension>
            <gpxtpx:Extensions>
              <reversedirection>yes</reversedirection>
              <highway>unclassified</highway>
            </gpxtpx:Extensions>
          </gpxtpx:TrackPointExtension>
        </extensions>
      </trkpt>
      <trkpt lat="43.631916" lon="4.038935">
        <ele>6.5</ele>
        <extensions>
          <gpxtpx:TrackPointExtension>
            <gpxtpx:Extensions>
              <reversedirection>yes</reversedirection>
              <highway>unclassified</highway>
            </gpxtpx:Extensions>
          </gpxtpx:TrackPointExtension>
        </extensions>
      </trkpt>
      <trkpt lat="43.632041" lon="4.038615">
        <ele>6.25</ele>
        <extensions>
          <gpxtpx:TrackPointExtension>
            <gpxtpx:Extensions>
              <reversedirection>yes</reversedirection>
              <highway>unclassified</highway>
            </gpxtpx:Extensions>
          </gpxtpx:TrackPointExtension>
        </extensions>
      </trkpt>
      <trkpt lat="43.632389" lon="4.037936">
        <ele>6</ele>
        <extensions>
          <gpxtpx:TrackPointExtension>
            <gpxtpx:Extensions>
              <reversedirection>yes</reversedirection>
              <highway>unclassified</highway>
            </gpxtpx:Extensions>
          </gpxtpx:TrackPointExtension>
        </extensions>
      </trkpt>
      <trkpt lat="43.633497" lon="4.035854">
        <ele>8</ele>
        <extensions>
          <gpxtpx:TrackPointExtension>
            <gpxtpx:Extensions>
              <reversedirection>yes</reversedirection>
              <highway>unclassified</highway>
            </gpxtpx:Extensions>
          </gpxtpx:TrackPointExtension>
        </extensions>
      </trkpt>
      <trkpt lat="43.633616" lon="4.035662">
        <ele>8.25</ele>
        <extensions>
          <gpxtpx:TrackPointExtension>
            <gpxtpx:Extensions>
              <reversedirection>yes</reversedirection>
              <highway>unclassified</highway>
            </gpxtpx:Extensions>
          </gpxtpx:TrackPointExtension>
        </extensions>
      </trkpt>
      <trkpt lat="43.633688" lon="4.035559">
        <ele>8.25</ele>
        <extensions>
          <gpxtpx:TrackPointExtension>
            <gpxtpx:Extensions>
              <reversedirection>yes</reversedirection>
              <highway>unclassified</highway>
            </gpxtpx:Extensions>
          </gpxtpx:TrackPointExtension>
        </extensions>
      </trkpt>
      <trkpt lat="43.633747" lon="4.035489">
        <ele>8.25</ele>
        <extensions>
          <gpxtpx:TrackPointExtension>
            <gpxtpx:Extensions>
              <reversedirection>yes</reversedirection>
              <highway>unclassified</highway>
            </gpxtpx:Extensions>
          </gpxtpx:TrackPointExtension>
        </extensions>
      </trkpt>
      <trkpt lat="43.633846" lon="4.035391">
        <ele>8.25</ele>
        <extensions>
          <gpxtpx:TrackPointExtension>
            <gpxtpx:Extensions>
              <reversedirection>yes</reversedirection>
              <highway>unclassified</highway>
            </gpxtpx:Extensions>
          </gpxtpx:TrackPointExtension>
        </extensions>
      </trkpt>
      <trkpt lat="43.633943" lon="4.035326">
        <ele>8.25</ele>
        <extensions>
          <gpxtpx:TrackPointExtension>
            <gpxtpx:Extensions>
              <reversedirection>yes</reversedirection>
              <highway>unclassified</highway>
            </gpxtpx:Extensions>
          </gpxtpx:TrackPointExtension>
        </extensions>
      </trkpt>
      <trkpt lat="43.633908" lon="4.035014">
        <ele>8</ele>
        <extensions>
          <gpxtpx:TrackPointExtension>
            <gpxtpx:Extensions>
              <reversedirection>yes</reversedirection>
              <highway>unclassified</highway>
            </gpxtpx:Extensions>
          </gpxtpx:TrackPointExtension>
        </extensions>
      </trkpt>
      <trkpt lat="43.633871" lon="4.034754">
        <ele>8.25</ele>
        <extensions>
          <gpxtpx:TrackPointExtension>
            <gpxtpx:Extensions>
              <reversedirection>yes</reversedirection>
              <highway>unclassified</highway>
            </gpxtpx:Extensions>
          </gpxtpx:TrackPointExtension>
        </extensions>
      </trkpt>
      <trkpt lat="43.633831" lon="4.03456">
        <ele>8.5</ele>
        <extensions>
          <gpxtpx:TrackPointExtension>
            <gpxtpx:Extensions>
              <reversedirection>yes</reversedirection>
              <highway>unclassified</highway>
            </gpxtpx:Extensions>
          </gpxtpx:TrackPointExtension>
        </extensions>
      </trkpt>
      <trkpt lat="43.633643" lon="4.033807">
        <ele>9</ele>
        <extensions>
          <gpxtpx:TrackPointExtension>
            <gpxtpx:Extensions>
              <reversedirection>yes</reversedirection>
              <highway>unclassified</highway>
            </gpxtpx:Extensions>
          </gpxtpx:TrackPointExtension>
        </extensions>
      </trkpt>
      <trkpt lat="43.633558" lon="4.033504">
        <ele>9</ele>
        <extensions>
          <gpxtpx:TrackPointExtension>
            <gpxtpx:Extensions>
              <reversedirection>yes</reversedirection>
              <highway>unclassified</highway>
            </gpxtpx:Extensions>
          </gpxtpx:TrackPointExtension>
        </extensions>
      </trkpt>
      <trkpt lat="43.633036" lon="4.031795">
        <ele>9</ele>
        <extensions>
          <gpxtpx:TrackPointExtension>
            <gpxtpx:Extensions>
              <reversedirection>yes</reversedirection>
              <highway>unclassified</highway>
            </gpxtpx:Extensions>
          </gpxtpx:TrackPointExtension>
        </extensions>
      </trkpt>
      <trkpt lat="43.632991" lon="4.031622">
        <ele>9</ele>
        <extensions>
          <gpxtpx:TrackPointExtension>
            <gpxtpx:Extensions>
              <reversedirection>yes</reversedirection>
              <highway>unclassified</highway>
            </gpxtpx:Extensions>
          </gpxtpx:TrackPointExtension>
        </extensions>
      </trkpt>
      <trkpt lat="43.632966" lon="4.031473">
        <ele>9.25</ele>
        <extensions>
          <gpxtpx:TrackPointExtension>
            <gpxtpx:Extensions>
              <reversedirection>yes</reversedirection>
              <highway>unclassified</highway>
            </gpxtpx:Extensions>
          </gpxtpx:TrackPointExtension>
        </extensions>
      </trkpt>
      <trkpt lat="43.632866" lon="4.030158">
        <ele>11</ele>
        <extensions>
          <gpxtpx:TrackPointExtension>
            <gpxtpx:Extensions>
              <reversedirection>yes</reversedirection>
              <highway>unclassified</highway>
            </gpxtpx:Extensions>
          </gpxtpx:TrackPointExtension>
        </extensions>
      </trkpt>
      <trkpt lat="43.632822" lon="4.029698">
        <ele>11.5</ele>
        <extensions>
          <gpxtpx:TrackPointExtension>
            <gpxtpx:Extensions>
              <reversedirection>yes</reversedirection>
              <highway>unclassified</highway>
            </gpxtpx:Extensions>
          </gpxtpx:TrackPointExtension>
        </extensions>
      </trkpt>
      <trkpt lat="43.632812" lon="4.029532">
        <ele>11.5</ele>
        <extensions>
          <gpxtpx:TrackPointExtension>
            <gpxtpx:Extensions>
              <reversedirection>yes</reversedirection>
              <highway>unclassified</highway>
            </gpxtpx:Extensions>
          </gpxtpx:TrackPointExtension>
        </extensions>
      </trkpt>
      <trkpt lat="43.632822" lon="4.029272">
        <ele>11.75</ele>
        <extensions>
          <gpxtpx:TrackPointExtension>
            <gpxtpx:Extensions>
              <reversedirection>yes</reversedirection>
              <highway>unclassified</highway>
            </gpxtpx:Extensions>
          </gpxtpx:TrackPointExtension>
        </extensions>
      </trkpt>
      <trkpt lat="43.632898" lon="4.028681">
        <ele>11.5</ele>
        <extensions>
          <gpxtpx:TrackPointExtension>
            <gpxtpx:Extensions>
              <reversedirection>yes</reversedirection>
              <highway>unclassified</highway>
            </gpxtpx:Extensions>
          </gpxtpx:TrackPointExtension>
        </extensions>
      </trkpt>
      <trkpt lat="43.63293" lon="4.028386">
        <ele>11.25</ele>
        <extensions>
          <gpxtpx:TrackPointExtension>
            <gpxtpx:Extensions>
              <reversedirection>yes</reversedirection>
              <highway>unclassified</highway>
            </gpxtpx:Extensions>
          </gpxtpx:TrackPointExtension>
        </extensions>
      </trkpt>
      <trkpt lat="43.632943" lon="4.028138">
        <ele>10.75</ele>
        <extensions>
          <gpxtpx:TrackPointExtension>
            <gpxtpx:Extensions>
              <reversedirection>yes</reversedirection>
              <highway>unclassified</highway>
            </gpxtpx:Extensions>
          </gpxtpx:TrackPointExtension>
        </extensions>
      </trkpt>
      <trkpt lat="43.632947" lon="4.027625">
        <ele>9.75</ele>
        <extensions>
          <gpxtpx:TrackPointExtension>
            <gpxtpx:Extensions>
              <reversedirection>yes</reversedirection>
              <highway>unclassified</highway>
            </gpxtpx:Extensions>
          </gpxtpx:TrackPointExtension>
        </extensions>
      </trkpt>
      <trkpt lat="43.632932" lon="4.027226">
        <ele>9.25</ele>
        <extensions>
          <gpxtpx:TrackPointExtension>
            <gpxtpx:Extensions>
              <reversedirection>yes</reversedirection>
              <highway>unclassified</highway>
            </gpxtpx:Extensions>
          </gpxtpx:TrackPointExtension>
        </extensions>
      </trkpt>
      <trkpt lat="43.632951" lon="4.027093">
        <ele>9.25</ele>
        <extensions>
          <gpxtpx:TrackPointExtension>
            <gpxtpx:Extensions>
              <reversedirection>yes</reversedirection>
              <highway>tertiary</highway>
            </gpxtpx:Extensions>
          </gpxtpx:TrackPointExtension>
        </extensions>
      </trkpt>
      <trkpt lat="43.633005" lon="4.027118">
        <ele>9.25</ele>
        <extensions>
          <gpxtpx:TrackPointExtension>
            <gpxtpx:Extensions>
              <reversedirection>yes</reversedirection>
              <highway>tertiary</highway>
            </gpxtpx:Extensions>
          </gpxtpx:TrackPointExtension>
        </extensions>
      </trkpt>
      <trkpt lat="43.633069" lon="4.027126">
        <ele>9.25</ele>
        <extensions>
          <gpxtpx:TrackPointExtension>
            <gpxtpx:Extensions>
              <reversedirection>yes</reversedirection>
              <highway>tertiary</highway>
            </gpxtpx:Extensions>
          </gpxtpx:TrackPointExtension>
        </extensions>
      </trkpt>
      <trkpt lat="43.633389" lon="4.027114">
        <ele>9</ele>
        <extensions>
          <gpxtpx:TrackPointExtension>
            <gpxtpx:Extensions>
              <reversedirection>yes</reversedirection>
              <highway>unclassified</highway>
            </gpxtpx:Extensions>
          </gpxtpx:TrackPointExtension>
        </extensions>
      </trkpt>
      <trkpt lat="43.634302" lon="4.026281">
        <ele>9.25</ele>
        <extensions>
          <gpxtpx:TrackPointExtension>
            <gpxtpx:Extensions>
              <reversedirection>yes</reversedirection>
              <highway>unclassified</highway>
            </gpxtpx:Extensions>
          </gpxtpx:TrackPointExtension>
        </extensions>
      </trkpt>
      <trkpt lat="43.635001" lon="4.025625">
        <ele>10.25</ele>
        <extensions>
          <gpxtpx:TrackPointExtension>
            <gpxtpx:Extensions>
              <reversedirection>yes</reversedirection>
              <highway>unclassified</highway>
            </gpxtpx:Extensions>
          </gpxtpx:TrackPointExtension>
        </extensions>
      </trkpt>
      <trkpt lat="43.635489" lon="4.025178">
        <ele>12.25</ele>
        <extensions>
          <gpxtpx:TrackPointExtension>
            <gpxtpx:Extensions>
              <reversedirection>yes</reversedirection>
              <highway>unclassified</highway>
            </gpxtpx:Extensions>
          </gpxtpx:TrackPointExtension>
        </extensions>
      </trkpt>
      <trkpt lat="43.635648" lon="4.024997">
        <ele>13.25</ele>
        <extensions>
          <gpxtpx:TrackPointExtension>
            <gpxtpx:Extensions>
              <reversedirection>yes</reversedirection>
              <highway>unclassified</highway>
            </gpxtpx:Extensions>
          </gpxtpx:TrackPointExtension>
        </extensions>
      </trkpt>
      <trkpt lat="43.635693" lon="4.024933">
        <ele>13.25</ele>
        <extensions>
          <gpxtpx:TrackPointExtension>
            <gpxtpx:Extensions>
              <reversedirection>yes</reversedirection>
              <highway>unclassified</highway>
            </gpxtpx:Extensions>
          </gpxtpx:TrackPointExtension>
        </extensions>
      </trkpt>
      <trkpt lat="43.635729" lon="4.024834">
        <ele>13.25</ele>
        <extensions>
          <gpxtpx:TrackPointExtension>
            <gpxtpx:Extensions>
              <reversedirection>yes</reversedirection>
              <highway>unclassified</highway>
            </gpxtpx:Extensions>
          </gpxtpx:TrackPointExtension>
        </extensions>
      </trkpt>
      <trkpt lat="43.635781" lon="4.024709">
        <ele>13</ele>
        <extensions>
          <gpxtpx:TrackPointExtension>
            <gpxtpx:Extensions>
              <reversedirection>yes</reversedirection>
              <highway>unclassified</highway>
            </gpxtpx:Extensions>
          </gpxtpx:TrackPointExtension>
        </extensions>
      </trkpt>
      <trkpt lat="43.63584" lon="4.024589">
        <ele>13</ele>
        <extensions>
          <gpxtpx:TrackPointExtension>
            <gpxtpx:Extensions>
              <reversedirection>yes</reversedirection>
              <highway>unclassified</highway>
            </gpxtpx:Extensions>
          </gpxtpx:TrackPointExtension>
        </extensions>
      </trkpt>
      <trkpt lat="43.635888" lon="4.024503">
        <ele>12.5</ele>
        <extensions>
          <gpxtpx:TrackPointExtension>
            <gpxtpx:Extensions>
              <reversedirection>yes</reversedirection>
              <highway>unclassified</highway>
            </gpxtpx:Extensions>
          </gpxtpx:TrackPointExtension>
        </extensions>
      </trkpt>
      <trkpt lat="43.635957" lon="4.024405">
        <ele>12.5</ele>
        <extensions>
          <gpxtpx:TrackPointExtension>
            <gpxtpx:Extensions>
              <reversedirection>yes</reversedirection>
              <highway>unclassified</highway>
            </gpxtpx:Extensions>
          </gpxtpx:TrackPointExtension>
        </extensions>
      </trkpt>
      <trkpt lat="43.636459" lon="4.023741">
        <ele>12.25</ele>
        <extensions>
          <gpxtpx:TrackPointExtension>
            <gpxtpx:Extensions>
              <reversedirection>yes</reversedirection>
              <highway>unclassified</highway>
            </gpxtpx:Extensions>
          </gpxtpx:TrackPointExtension>
        </extensions>
      </trkpt>
      <trkpt lat="43.636696" lon="4.023475">
        <ele>12.75</ele>
        <extensions>
          <gpxtpx:TrackPointExtension>
            <gpxtpx:Extensions>
              <reversedirection>yes</reversedirection>
              <highway>unclassified</highway>
            </gpxtpx:Extensions>
          </gpxtpx:TrackPointExtension>
        </extensions>
      </trkpt>
      <trkpt lat="43.636784" lon="4.023387">
        <ele>12.75</ele>
        <extensions>
          <gpxtpx:TrackPointExtension>
            <gpxtpx:Extensions>
              <reversedirection>yes</reversedirection>
              <highway>unclassified</highway>
            </gpxtpx:Extensions>
          </gpxtpx:TrackPointExtension>
        </extensions>
      </trkpt>
      <trkpt lat="43.636853" lon="4.023286">
        <ele>12.75</ele>
        <extensions>
          <gpxtpx:TrackPointExtension>
            <gpxtpx:Extensions>
              <reversedirection>yes</reversedirection>
              <highway>unclassified</highway>
            </gpxtpx:Extensions>
          </gpxtpx:TrackPointExtension>
        </extensions>
      </trkpt>
      <trkpt lat="43.636944" lon="4.023206">
        <ele>12.75</ele>
        <extensions>
          <gpxtpx:TrackPointExtension>
            <gpxtpx:Extensions>
              <highway>track</highway>
              <tracktype>grade1</tracktype>
            </gpxtpx:Extensions>
          </gpxtpx:TrackPointExtension>
        </extensions>
      </trkpt>
      <trkpt lat="43.637543" lon="4.023825">
        <ele>11.25</ele>
        <extensions>
          <gpxtpx:TrackPointExtension>
            <gpxtpx:Extensions>
              <highway>track</highway>
              <tracktype>grade1</tracktype>
            </gpxtpx:Extensions>
          </gpxtpx:TrackPointExtension>
        </extensions>
      </trkpt>
      <trkpt lat="43.637965" lon="4.02427">
        <ele>11.25</ele>
        <extensions>
          <gpxtpx:TrackPointExtension>
            <gpxtpx:Extensions>
              <highway>track</highway>
              <tracktype>grade1</tracktype>
            </gpxtpx:Extensions>
          </gpxtpx:TrackPointExtension>
        </extensions>
      </trkpt>
      <trkpt lat="43.639155" lon="4.025424">
        <ele>12.25</ele>
        <extensions>
          <gpxtpx:TrackPointExtension>
            <gpxtpx:Extensions>
              <highway>track</highway>
              <tracktype>grade1</tracktype>
            </gpxtpx:Extensions>
          </gpxtpx:TrackPointExtension>
        </extensions>
      </trkpt>
      <trkpt lat="43.639687" lon="4.025896">
        <ele>12.5</ele>
        <extensions>
          <gpxtpx:TrackPointExtension>
            <gpxtpx:Extensions>
              <highway>track</highway>
              <tracktype>grade1</tracktype>
            </gpxtpx:Extensions>
          </gpxtpx:TrackPointExtension>
        </extensions>
      </trkpt>
      <trkpt lat="43.640196" lon="4.026361">
        <ele>13</ele>
        <extensions>
          <gpxtpx:TrackPointExtension>
            <gpxtpx:Extensions>
              <highway>track</highway>
              <tracktype>grade1</tracktype>
            </gpxtpx:Extensions>
          </gpxtpx:TrackPointExtension>
        </extensions>
      </trkpt>
      <trkpt lat="43.641533" lon="4.02743">
        <ele>11</ele>
        <extensions>
          <gpxtpx:TrackPointExtension>
            <gpxtpx:Extensions>
              <highway>track</highway>
              <tracktype>grade1</tracktype>
            </gpxtpx:Extensions>
          </gpxtpx:TrackPointExtension>
        </extensions>
      </trkpt>
      <trkpt lat="43.642765" lon="4.028354">
        <ele>12.75</ele>
        <extensions>
          <gpxtpx:TrackPointExtension>
            <gpxtpx:Extensions>
              <highway>track</highway>
              <tracktype>grade1</tracktype>
            </gpxtpx:Extensions>
          </gpxtpx:TrackPointExtension>
        </extensions>
      </trkpt>
      <trkpt lat="43.64396" lon="4.029152">
        <ele>13.5</ele>
        <extensions>
          <gpxtpx:TrackPointExtension>
            <gpxtpx:Extensions>
              <highway>track</highway>
              <tracktype>grade1</tracktype>
            </gpxtpx:Extensions>
          </gpxtpx:TrackPointExtension>
        </extensions>
      </trkpt>
      <trkpt lat="43.644042" lon="4.029207">
        <ele>13.5</ele>
        <extensions>
          <gpxtpx:TrackPointExtension>
            <gpxtpx:Extensions>
              <highway>track</highway>
              <tracktype>grade1</tracktype>
            </gpxtpx:Extensions>
          </gpxtpx:TrackPointExtension>
        </extensions>
      </trkpt>
      <trkpt lat="43.644449" lon="4.029479">
        <ele>14.25</ele>
        <extensions>
          <gpxtpx:TrackPointExtension>
            <gpxtpx:Extensions>
              <highway>track</highway>
              <tracktype>grade1</tracktype>
            </gpxtpx:Extensions>
          </gpxtpx:TrackPointExtension>
        </extensions>
      </trkpt>
      <trkpt lat="43.644741" lon="4.029686">
        <ele>14.5</ele>
        <extensions>
          <gpxtpx:TrackPointExtension>
            <gpxtpx:Extensions>
              <highway>track</highway>
              <tracktype>grade1</tracktype>
            </gpxtpx:Extensions>
          </gpxtpx:TrackPointExtension>
        </extensions>
      </trkpt>
      <trkpt lat="43.645182" lon="4.030043">
        <ele>14.25</ele>
        <extensions>
          <gpxtpx:TrackPointExtension>
            <gpxtpx:Extensions>
              <highway>path</highway>
              <tracktype>grade1</tracktype>
              <surface>asphalt</surface>
              <foot>designated</foot>
              <bicycle>designated</bicycle>
              <route_bicycle_rcn>yes</route_bicycle_rcn>
            </gpxtpx:Extensions>
          </gpxtpx:TrackPointExtension>
        </extensions>
      </trkpt>
      <trkpt lat="43.64539" lon="4.030168">
        <ele>13.75</ele>
        <extensions>
          <gpxtpx:TrackPointExtension>
            <gpxtpx:Extensions>
              <highway>path</highway>
              <tracktype>grade1</tracktype>
              <surface>asphalt</surface>
              <foot>designated</foot>
              <bicycle>designated</bicycle>
              <route_bicycle_rcn>yes</route_bicycle_rcn>
            </gpxtpx:Extensions>
          </gpxtpx:TrackPointExtension>
        </extensions>
      </trkpt>
      <trkpt lat="43.645469" lon="4.030207">
        <ele>13.75</ele>
        <extensions>
          <gpxtpx:TrackPointExtension>
            <gpxtpx:Extensions>
              <highway>path</highway>
              <tracktype>grade1</tracktype>
              <surface>asphalt</surface>
              <foot>designated</foot>
              <bicycle>designated</bicycle>
              <route_bicycle_rcn>yes</route_bicycle_rcn>
            </gpxtpx:Extensions>
          </gpxtpx:TrackPointExtension>
        </extensions>
      </trkpt>
      <trkpt lat="43.645511" lon="4.030206">
        <ele>13.75</ele>
        <extensions>
          <gpxtpx:TrackPointExtension>
            <gpxtpx:Extensions>
              <highway>path</highway>
              <tracktype>grade1</tracktype>
              <surface>asphalt</surface>
              <foot>designated</foot>
              <bicycle>designated</bicycle>
              <route_bicycle_rcn>yes</route_bicycle_rcn>
            </gpxtpx:Extensions>
          </gpxtpx:TrackPointExtension>
        </extensions>
      </trkpt>
      <trkpt lat="43.645546" lon="4.030175">
        <ele>13.5</ele>
        <extensions>
          <gpxtpx:TrackPointExtension>
            <gpxtpx:Extensions>
              <highway>track</highway>
              <tracktype>grade1</tracktype>
              <surface>asphalt</surface>
              <foot>designated</foot>
              <bicycle>designated</bicycle>
              <route_bicycle_rcn>yes</route_bicycle_rcn>
            </gpxtpx:Extensions>
          </gpxtpx:TrackPointExtension>
        </extensions>
      </trkpt>
      <trkpt lat="43.645533" lon="4.030123">
        <ele>13.75</ele>
        <extensions>
          <gpxtpx:TrackPointExtension>
            <gpxtpx:Extensions>
              <highway>track</highway>
              <tracktype>grade1</tracktype>
              <surface>asphalt</surface>
              <foot>designated</foot>
              <bicycle>designated</bicycle>
              <route_bicycle_rcn>yes</route_bicycle_rcn>
            </gpxtpx:Extensions>
          </gpxtpx:TrackPointExtension>
        </extensions>
      </trkpt>
      <trkpt lat="43.645534" lon="4.030059">
        <ele>13.5</ele>
        <extensions>
          <gpxtpx:TrackPointExtension>
            <gpxtpx:Extensions>
              <highway>track</highway>
              <tracktype>grade1</tracktype>
              <surface>asphalt</surface>
              <foot>designated</foot>
              <bicycle>designated</bicycle>
              <route_bicycle_rcn>yes</route_bicycle_rcn>
            </gpxtpx:Extensions>
          </gpxtpx:TrackPointExtension>
        </extensions>
      </trkpt>
      <trkpt lat="43.645557" lon="4.029989">
        <ele>13.5</ele>
        <extensions>
          <gpxtpx:TrackPointExtension>
            <gpxtpx:Extensions>
              <highway>track</highway>
              <tracktype>grade1</tracktype>
              <surface>asphalt</surface>
              <foot>designated</foot>
              <bicycle>designated</bicycle>
              <route_bicycle_rcn>yes</route_bicycle_rcn>
            </gpxtpx:Extensions>
          </gpxtpx:TrackPointExtension>
        </extensions>
      </trkpt>
      <trkpt lat="43.64558" lon="4.029957">
        <ele>13.5</ele>
        <extensions>
          <gpxtpx:TrackPointExtension>
            <gpxtpx:Extensions>
              <highway>track</highway>
              <tracktype>grade1</tracktype>
              <surface>asphalt</surface>
              <foot>designated</foot>
              <bicycle>designated</bicycle>
              <route_bicycle_rcn>yes</route_bicycle_rcn>
            </gpxtpx:Extensions>
          </gpxtpx:TrackPointExtension>
        </extensions>
      </trkpt>
      <trkpt lat="43.645619" lon="4.029927">
        <ele>13.25</ele>
        <extensions>
          <gpxtpx:TrackPointExtension>
            <gpxtpx:Extensions>
              <highway>track</highway>
              <tracktype>grade1</tracktype>
              <surface>asphalt</surface>
              <foot>designated</foot>
              <bicycle>designated</bicycle>
              <route_bicycle_rcn>yes</route_bicycle_rcn>
            </gpxtpx:Extensions>
          </gpxtpx:TrackPointExtension>
        </extensions>
      </trkpt>
      <trkpt lat="43.645676" lon="4.029911">
        <ele>13.25</ele>
        <extensions>
          <gpxtpx:TrackPointExtension>
            <gpxtpx:Extensions>
              <highway>track</highway>
              <tracktype>grade1</tracktype>
              <surface>asphalt</surface>
              <foot>designated</foot>
              <bicycle>designated</bicycle>
              <route_bicycle_rcn>yes</route_bicycle_rcn>
            </gpxtpx:Extensions>
          </gpxtpx:TrackPointExtension>
        </extensions>
      </trkpt>
      <trkpt lat="43.645734" lon="4.029925">
        <ele>13</ele>
        <extensions>
          <gpxtpx:TrackPointExtension>
            <gpxtpx:Extensions>
              <highway>track</highway>
              <tracktype>grade1</tracktype>
              <surface>asphalt</surface>
              <foot>designated</foot>
              <bicycle>designated</bicycle>
              <route_bicycle_rcn>yes</route_bicycle_rcn>
            </gpxtpx:Extensions>
          </gpxtpx:TrackPointExtension>
        </extensions>
      </trkpt>
      <trkpt lat="43.64608" lon="4.030156">
        <ele>13.5</ele>
        <extensions>
          <gpxtpx:TrackPointExtension>
            <gpxtpx:Extensions>
              <reversedirection>yes</reversedirection>
              <highway>cycleway</highway>
              <surface>asphalt</surface>
              <foot>designated</foot>
              <bicycle>designated</bicycle>
              <route_bicycle_rcn>yes</route_bicycle_rcn>
            </gpxtpx:Extensions>
          </gpxtpx:TrackPointExtension>
        </extensions>
      </trkpt>
      <trkpt lat="43.646198" lon="4.030233">
        <ele>13.75</ele>
        <extensions>
          <gpxtpx:TrackPointExtension>
            <gpxtpx:Extensions>
              <reversedirection>yes</reversedirection>
              <highway>cycleway</highway>
              <surface>asphalt</surface>
              <foot>designated</foot>
              <bicycle>designated</bicycle>
              <route_bicycle_rcn>yes</route_bicycle_rcn>
            </gpxtpx:Extensions>
          </gpxtpx:TrackPointExtension>
        </extensions>
      </trkpt>
      <trkpt lat="43.648802" lon="4.03194">
        <ele>13.25</ele>
        <extensions>
          <gpxtpx:TrackPointExtension>
            <gpxtpx:Extensions>
              <reversedirection>yes</reversedirection>
              <highway>cycleway</highway>
              <surface>asphalt</surface>
              <foot>designated</foot>
              <bicycle>designated</bicycle>
              <route_bicycle_rcn>yes</route_bicycle_rcn>
            </gpxtpx:Extensions>
          </gpxtpx:TrackPointExtension>
        </extensions>
      </trkpt>
      <trkpt lat="43.648951" lon="4.032039">
        <ele>12.75</ele>
        <extensions>
          <gpxtpx:TrackPointExtension>
            <gpxtpx:Extensions>
              <reversedirection>yes</reversedirection>
              <highway>cycleway</highway>
              <surface>asphalt</surface>
              <foot>designated</foot>
              <bicycle>designated</bicycle>
              <route_bicycle_rcn>yes</route_bicycle_rcn>
            </gpxtpx:Extensions>
          </gpxtpx:TrackPointExtension>
        </extensions>
      </trkpt>
      <trkpt lat="43.649092" lon="4.032147">
        <ele>12.5</ele>
        <extensions>
          <gpxtpx:TrackPointExtension>
            <gpxtpx:Extensions>
              <reversedirection>yes</reversedirection>
              <highway>cycleway</highway>
              <surface>asphalt</surface>
              <foot>designated</foot>
              <bicycle>designated</bicycle>
              <route_bicycle_rcn>yes</route_bicycle_rcn>
            </gpxtpx:Extensions>
          </gpxtpx:TrackPointExtension>
        </extensions>
      </trkpt>
      <trkpt lat="43.649324" lon="4.032331">
        <ele>12.5</ele>
        <extensions>
          <gpxtpx:TrackPointExtension>
            <gpxtpx:Extensions>
              <reversedirection>yes</reversedirection>
              <highway>cycleway</highway>
              <surface>asphalt</surface>
              <foot>designated</foot>
              <bicycle>designated</bicycle>
              <route_bicycle_rcn>yes</route_bicycle_rcn>
            </gpxtpx:Extensions>
          </gpxtpx:TrackPointExtension>
        </extensions>
      </trkpt>
      <trkpt lat="43.649581" lon="4.032579">
        <ele>13</ele>
        <extensions>
          <gpxtpx:TrackPointExtension>
            <gpxtpx:Extensions>
              <reversedirection>yes</reversedirection>
              <highway>cycleway</highway>
              <surface>asphalt</surface>
              <foot>designated</foot>
              <bicycle>designated</bicycle>
              <route_bicycle_rcn>yes</route_bicycle_rcn>
            </gpxtpx:Extensions>
          </gpxtpx:TrackPointExtension>
        </extensions>
      </trkpt>
      <trkpt lat="43.649784" lon="4.03281">
        <ele>13.75</ele>
        <extensions>
          <gpxtpx:TrackPointExtension>
            <gpxtpx:Extensions>
              <reversedirection>yes</reversedirection>
              <highway>cycleway</highway>
              <surface>asphalt</surface>
              <foot>designated</foot>
              <bicycle>designated</bicycle>
              <route_bicycle_rcn>yes</route_bicycle_rcn>
            </gpxtpx:Extensions>
          </gpxtpx:TrackPointExtension>
        </extensions>
      </trkpt>
      <trkpt lat="43.649965" lon="4.033066">
        <ele>14.5</ele>
        <extensions>
          <gpxtpx:TrackPointExtension>
            <gpxtpx:Extensions>
              <reversedirection>yes</reversedirection>
              <highway>cycleway</highway>
              <surface>asphalt</surface>
              <foot>designated</foot>
              <bicycle>designated</bicycle>
              <route_bicycle_rcn>yes</route_bicycle_rcn>
            </gpxtpx:Extensions>
          </gpxtpx:TrackPointExtension>
        </extensions>
      </trkpt>
      <trkpt lat="43.650065" lon="4.033228">
        <ele>14.75</ele>
        <extensions>
          <gpxtpx:TrackPointExtension>
            <gpxtpx:Extensions>
              <reversedirection>yes</reversedirection>
              <highway>cycleway</highway>
              <surface>asphalt</surface>
              <foot>designated</foot>
              <bicycle>designated</bicycle>
              <route_bicycle_rcn>yes</route_bicycle_rcn>
            </gpxtpx:Extensions>
          </gpxtpx:TrackPointExtension>
        </extensions>
      </trkpt>
      <trkpt lat="43.650174" lon="4.033435">
        <ele>15</ele>
        <extensions>
          <gpxtpx:TrackPointExtension>
            <gpxtpx:Extensions>
              <reversedirection>yes</reversedirection>
              <highway>cycleway</highway>
              <surface>asphalt</surface>
              <foot>designated</foot>
              <bicycle>designated</bicycle>
              <route_bicycle_rcn>yes</route_bicycle_rcn>
            </gpxtpx:Extensions>
          </gpxtpx:TrackPointExtension>
        </extensions>
      </trkpt>
      <trkpt lat="43.651294" lon="4.035876">
        <ele>14</ele>
        <extensions>
          <gpxtpx:TrackPointExtension>
            <gpxtpx:Extensions>
              <reversedirection>yes</reversedirection>
              <highway>cycleway</highway>
              <surface>asphalt</surface>
              <foot>designated</foot>
              <bicycle>designated</bicycle>
              <route_bicycle_rcn>yes</route_bicycle_rcn>
            </gpxtpx:Extensions>
          </gpxtpx:TrackPointExtension>
        </extensions>
      </trkpt>
      <trkpt lat="43.651399" lon="4.036088">
        <ele>14</ele>
        <extensions>
          <gpxtpx:TrackPointExtension>
            <gpxtpx:Extensions>
              <reversedirection>yes</reversedirection>
              <highway>cycleway</highway>
              <surface>asphalt</surface>
              <foot>designated</foot>
              <bicycle>designated</bicycle>
              <route_bicycle_rcn>yes</route_bicycle_rcn>
            </gpxtpx:Extensions>
          </gpxtpx:TrackPointExtension>
        </extensions>
      </trkpt>
      <trkpt lat="43.651486" lon="4.036339">
        <ele>14</ele>
        <extensions>
          <gpxtpx:TrackPointExtension>
            <gpxtpx:Extensions>
              <reversedirection>yes</reversedirection>
              <highway>cycleway</highway>
              <surface>asphalt</surface>
              <foot>designated</foot>
              <bicycle>designated</bicycle>
              <route_bicycle_rcn>yes</route_bicycle_rcn>
            </gpxtpx:Extensions>
          </gpxtpx:TrackPointExtension>
        </extensions>
      </trkpt>
      <trkpt lat="43.652521" lon="4.038579">
        <ele>13.25</ele>
        <extensions>
          <gpxtpx:TrackPointExtension>
            <gpxtpx:Extensions>
              <reversedirection>yes</reversedirection>
              <highway>cycleway</highway>
              <surface>asphalt</surface>
              <foot>designated</foot>
              <bicycle>designated</bicycle>
              <route_bicycle_rcn>yes</route_bicycle_rcn>
            </gpxtpx:Extensions>
          </gpxtpx:TrackPointExtension>
        </extensions>
      </trkpt>
      <trkpt lat="43.652686" lon="4.038979">
        <ele>13.75</ele>
        <extensions>
          <gpxtpx:TrackPointExtension>
            <gpxtpx:Extensions>
              <reversedirection>yes</reversedirection>
              <highway>cycleway</highway>
              <surface>asphalt</surface>
              <foot>designated</foot>
              <bicycle>designated</bicycle>
              <route_bicycle_rcn>yes</route_bicycle_rcn>
            </gpxtpx:Extensions>
          </gpxtpx:TrackPointExtension>
        </extensions>
      </trkpt>
      <trkpt lat="43.652678" lon="4.039038">
        <ele>13.75</ele>
        <extensions>
          <gpxtpx:TrackPointExtension>
            <gpxtpx:Extensions>
              <reversedirection>yes</reversedirection>
              <highway>cycleway</highway>
              <surface>asphalt</surface>
              <foot>designated</foot>
              <bicycle>designated</bicycle>
              <route_bicycle_rcn>yes</route_bicycle_rcn>
            </gpxtpx:Extensions>
          </gpxtpx:TrackPointExtension>
        </extensions>
      </trkpt>
      <trkpt lat="43.652509" lon="4.039204">
        <ele>13.75</ele>
        <extensions>
          <gpxtpx:TrackPointExtension>
            <gpxtpx:Extensions>
              <reversedirection>yes</reversedirection>
              <highway>cycleway</highway>
              <surface>asphalt</surface>
              <foot>designated</foot>
              <bicycle>designated</bicycle>
              <route_bicycle_rcn>yes</route_bicycle_rcn>
            </gpxtpx:Extensions>
          </gpxtpx:TrackPointExtension>
        </extensions>
      </trkpt>
      <trkpt lat="43.65249" lon="4.039309">
        <ele>13.75</ele>
        <extensions>
          <gpxtpx:TrackPointExtension>
            <gpxtpx:Extensions>
              <highway>track</highway>
              <tracktype>grade1</tracktype>
              <surface>asphalt</surface>
              <foot>designated</foot>
              <bicycle>designated</bicycle>
              <route_bicycle_rcn>yes</route_bicycle_rcn>
            </gpxtpx:Extensions>
          </gpxtpx:TrackPointExtension>
        </extensions>
      </trkpt>
      <trkpt lat="43.652693" lon="4.039741">
        <ele>13.75</ele>
        <extensions>
          <gpxtpx:TrackPointExtension>
            <gpxtpx:Extensions>
              <highway>track</highway>
              <tracktype>grade1</tracktype>
            </gpxtpx:Extensions>
          </gpxtpx:TrackPointExtension>
        </extensions>
      </trkpt>
      <trkpt lat="43.652891" lon="4.040206">
        <ele>13.25</ele>
        <extensions>
          <gpxtpx:TrackPointExtension>
            <gpxtpx:Extensions>
              <highway>track</highway>
              <tracktype>grade1</tracktype>
            </gpxtpx:Extensions>
          </gpxtpx:TrackPointExtension>
        </extensions>
      </trkpt>
      <trkpt lat="43.653287" lon="4.041093">
        <ele>13.5</ele>
        <extensions>
          <gpxtpx:TrackPointExtension>
            <gpxtpx:Extensions>
              <highway>track</highway>
              <tracktype>grade1</tracktype>
            </gpxtpx:Extensions>
          </gpxtpx:TrackPointExtension>
        </extensions>
      </trkpt>
      <trkpt lat="43.653381" lon="4.04132">
        <ele>13.25</ele>
        <extensions>
          <gpxtpx:TrackPointExtension>
            <gpxtpx:Extensions>
              <highway>track</highway>
              <tracktype>grade1</tracktype>
            </gpxtpx:Extensions>
          </gpxtpx:TrackPointExtension>
        </extensions>
      </trkpt>
      <trkpt lat="43.653482" lon="4.041527">
        <ele>13</ele>
        <extensions>
          <gpxtpx:TrackPointExtension>
            <gpxtpx:Extensions>
              <highway>track</highway>
              <tracktype>grade1</tracktype>
            </gpxtpx:Extensions>
          </gpxtpx:TrackPointExtension>
        </extensions>
      </trkpt>
      <trkpt lat="43.653675" lon="4.0421">
        <ele>12.5</ele>
        <extensions>
          <gpxtpx:TrackPointExtension>
            <gpxtpx:Extensions>
              <highway>track</highway>
              <tracktype>grade1</tracktype>
            </gpxtpx:Extensions>
          </gpxtpx:TrackPointExtension>
        </extensions>
      </trkpt>
      <trkpt lat="43.653782" lon="4.04246">
        <ele>12.5</ele>
        <extensions>
          <gpxtpx:TrackPointExtension>
            <gpxtpx:Extensions>
              <highway>track</highway>
              <tracktype>grade1</tracktype>
            </gpxtpx:Extensions>
          </gpxtpx:TrackPointExtension>
        </extensions>
      </trkpt>
      <trkpt lat="43.653925" lon="4.04297">
        <ele>12</ele>
        <extensions>
          <gpxtpx:TrackPointExtension>
            <gpxtpx:Extensions>
              <highway>track</highway>
              <tracktype>grade1</tracktype>
            </gpxtpx:Extensions>
          </gpxtpx:TrackPointExtension>
        </extensions>
      </trkpt>
      <trkpt lat="43.654901" lon="4.047245">
        <ele>13.75</ele>
        <extensions>
          <gpxtpx:TrackPointExtension>
            <gpxtpx:Extensions>
              <highway>track</highway>
              <tracktype>grade1</tracktype>
            </gpxtpx:Extensions>
          </gpxtpx:TrackPointExtension>
        </extensions>
      </trkpt>
      <trkpt lat="43.655306" lon="4.048961">
        <ele>12.5</ele>
        <extensions>
          <gpxtpx:TrackPointExtension>
            <gpxtpx:Extensions>
              <highway>track</highway>
              <tracktype>grade1</tracktype>
            </gpxtpx:Extensions>
          </gpxtpx:TrackPointExtension>
        </extensions>
      </trkpt>
      <trkpt lat="43.655434" lon="4.049549">
        <ele>11.75</ele>
        <extensions>
          <gpxtpx:TrackPointExtension>
            <gpxtpx:Extensions>
              <highway>track</highway>
              <tracktype>grade1</tracktype>
            </gpxtpx:Extensions>
          </gpxtpx:TrackPointExtension>
        </extensions>
      </trkpt>
      <trkpt lat="43.655509" lon="4.049811">
        <ele>11.5</ele>
        <extensions>
          <gpxtpx:TrackPointExtension>
            <gpxtpx:Extensions>
              <highway>track</highway>
              <tracktype>grade1</tracktype>
            </gpxtpx:Extensions>
          </gpxtpx:TrackPointExtension>
        </extensions>
      </trkpt>
      <trkpt lat="43.655626" lon="4.050075">
        <ele>11.25</ele>
        <extensions>
          <gpxtpx:TrackPointExtension>
            <gpxtpx:Extensions>
              <highway>track</highway>
              <tracktype>grade1</tracktype>
            </gpxtpx:Extensions>
          </gpxtpx:TrackPointExtension>
        </extensions>
      </trkpt>
      <trkpt lat="43.655758" lon="4.050519">
        <ele>12.75</ele>
        <extensions>
          <gpxtpx:TrackPointExtension>
            <gpxtpx:Extensions>
              <highway>track</highway>
              <tracktype>grade1</tracktype>
            </gpxtpx:Extensions>
          </gpxtpx:TrackPointExtension>
        </extensions>
      </trkpt>
      <trkpt lat="43.656396" lon="4.052271">
        <ele>13.75</ele>
        <extensions>
          <gpxtpx:TrackPointExtension>
            <gpxtpx:Extensions>
              <highway>track</highway>
              <tracktype>grade1</tracktype>
            </gpxtpx:Extensions>
          </gpxtpx:TrackPointExtension>
        </extensions>
      </trkpt>
      <trkpt lat="43.656761" lon="4.053309">
        <ele>12.25</ele>
        <extensions>
          <gpxtpx:TrackPointExtension>
            <gpxtpx:Extensions>
              <highway>track</highway>
              <tracktype>grade1</tracktype>
            </gpxtpx:Extensions>
          </gpxtpx:TrackPointExtension>
        </extensions>
      </trkpt>
      <trkpt lat="43.657479" lon="4.055022">
        <ele>12</ele>
        <extensions>
          <gpxtpx:TrackPointExtension>
            <gpxtpx:Extensions>
              <highway>track</highway>
              <tracktype>grade1</tracktype>
            </gpxtpx:Extensions>
          </gpxtpx:TrackPointExtension>
        </extensions>
      </trkpt>
      <trkpt lat="43.657944" lon="4.056069">
        <ele>14.25</ele>
        <extensions>
          <gpxtpx:TrackPointExtension>
            <gpxtpx:Extensions>
              <highway>track</highway>
              <tracktype>grade1</tracktype>
            </gpxtpx:Extensions>
          </gpxtpx:TrackPointExtension>
        </extensions>
      </trkpt>
      <trkpt lat="43.658092" lon="4.056326">
        <ele>14.25</ele>
        <extensions>
          <gpxtpx:TrackPointExtension>
            <gpxtpx:Extensions>
              <highway>track</highway>
              <tracktype>grade1</tracktype>
            </gpxtpx:Extensions>
          </gpxtpx:TrackPointExtension>
        </extensions>
      </trkpt>
      <trkpt lat="43.659323" lon="4.058644">
        <ele>14.25</ele>
        <extensions>
          <gpxtpx:TrackPointExtension>
            <gpxtpx:Extensions>
              <highway>track</highway>
              <tracktype>grade1</tracktype>
            </gpxtpx:Extensions>
          </gpxtpx:TrackPointExtension>
        </extensions>
      </trkpt>
      <trkpt lat="43.660319" lon="4.060303">
        <ele>14</ele>
        <extensions>
          <gpxtpx:TrackPointExtension>
            <gpxtpx:Extensions>
              <highway>track</highway>
              <tracktype>grade1</tracktype>
            </gpxtpx:Extensions>
          </gpxtpx:TrackPointExtension>
        </extensions>
      </trkpt>
      <trkpt lat="43.66065" lon="4.060848">
        <ele>12.75</ele>
        <extensions>
          <gpxtpx:TrackPointExtension>
            <gpxtpx:Extensions>
              <highway>track</highway>
              <tracktype>grade1</tracktype>
            </gpxtpx:Extensions>
          </gpxtpx:TrackPointExtension>
        </extensions>
      </trkpt>
      <trkpt lat="43.661394" lon="4.061931">
        <ele>13</ele>
        <extensions>
          <gpxtpx:TrackPointExtension>
            <gpxtpx:Extensions>
              <highway>track</highway>
              <tracktype>grade1</tracktype>
            </gpxtpx:Extensions>
          </gpxtpx:TrackPointExtension>
        </extensions>
      </trkpt>
      <trkpt lat="43.661937" lon="4.062638">
        <ele>13.5</ele>
        <extensions>
          <gpxtpx:TrackPointExtension>
            <gpxtpx:Extensions>
              <highway>track</highway>
              <tracktype>grade1</tracktype>
            </gpxtpx:Extensions>
          </gpxtpx:TrackPointExtension>
        </extensions>
      </trkpt>
      <trkpt lat="43.66224" lon="4.063019">
        <ele>13.75</ele>
        <extensions>
          <gpxtpx:TrackPointExtension>
            <gpxtpx:Extensions>
              <highway>track</highway>
              <tracktype>grade1</tracktype>
            </gpxtpx:Extensions>
          </gpxtpx:TrackPointExtension>
        </extensions>
      </trkpt>
      <trkpt lat="43.662507" lon="4.063401">
        <ele>14</ele>
        <extensions>
          <gpxtpx:TrackPointExtension>
            <gpxtpx:Extensions>
              <highway>track</highway>
              <tracktype>grade1</tracktype>
            </gpxtpx:Extensions>
          </gpxtpx:TrackPointExtension>
        </extensions>
      </trkpt>
      <trkpt lat="43.663077" lon="4.064075">
        <ele>14</ele>
        <extensions>
          <gpxtpx:TrackPointExtension>
            <gpxtpx:Extensions>
              <highway>track</highway>
              <tracktype>grade1</tracktype>
            </gpxtpx:Extensions>
          </gpxtpx:TrackPointExtension>
        </extensions>
      </trkpt>
      <trkpt lat="43.663228" lon="4.064228">
        <ele>13.75</ele>
        <extensions>
          <gpxtpx:TrackPointExtension>
            <gpxtpx:Extensions>
              <highway>track</highway>
              <tracktype>grade1</tracktype>
            </gpxtpx:Extensions>
          </gpxtpx:TrackPointExtension>
        </extensions>
      </trkpt>
      <trkpt lat="43.663522" lon="4.064501">
        <ele>13.25</ele>
        <extensions>
          <gpxtpx:TrackPointExtension>
            <gpxtpx:Extensions>
              <highway>track</highway>
              <tracktype>grade1</tracktype>
            </gpxtpx:Extensions>
          </gpxtpx:TrackPointExtension>
        </extensions>
      </trkpt>
      <trkpt lat="43.663606" lon="4.064615">
        <ele>13</ele>
        <extensions>
          <gpxtpx:TrackPointExtension>
            <gpxtpx:Extensions>
              <highway>track</highway>
              <tracktype>grade1</tracktype>
            </gpxtpx:Extensions>
          </gpxtpx:TrackPointExtension>
        </extensions>
      </trkpt>
      <trkpt lat="43.663719" lon="4.064801">
        <ele>12.75</ele>
        <extensions>
          <gpxtpx:TrackPointExtension>
            <gpxtpx:Extensions>
              <reversedirection>yes</reversedirection>
              <highway>unclassified</highway>
            </gpxtpx:Extensions>
          </gpxtpx:TrackPointExtension>
        </extensions>
      </trkpt>
      <trkpt lat="43.663682" lon="4.064814">
        <ele>12.75</ele>
        <extensions>
          <gpxtpx:TrackPointExtension>
            <gpxtpx:Extensions>
              <highway>cycleway</highway>
            </gpxtpx:Extensions>
          </gpxtpx:TrackPointExtension>
        </extensions>
      </trkpt>
      <trkpt lat="43.66384" lon="4.065069">
        <ele>12.75</ele>
        <extensions>
          <gpxtpx:TrackPointExtension>
            <gpxtpx:Extensions>
              <highway>cycleway</highway>
            </gpxtpx:Extensions>
          </gpxtpx:TrackPointExtension>
        </extensions>
      </trkpt>
      <trkpt lat="43.663115" lon="4.067772">
        <ele>11</ele>
        <extensions>
          <gpxtpx:TrackPointExtension>
            <gpxtpx:Extensions>
              <highway>cycleway</highway>
            </gpxtpx:Extensions>
          </gpxtpx:TrackPointExtension>
        </extensions>
      </trkpt>
      <trkpt lat="43.662655" lon="4.068293">
        <ele>11</ele>
        <extensions>
          <gpxtpx:TrackPointExtension>
            <gpxtpx:Extensions>
              <highway>cycleway</highway>
            </gpxtpx:Extensions>
          </gpxtpx:TrackPointExtension>
        </extensions>
      </trkpt>
      <trkpt lat="43.661437" lon="4.068844">
        <ele>10</ele>
        <extensions>
          <gpxtpx:TrackPointExtension>
            <gpxtpx:Extensions>
              <highway>cycleway</highway>
            </gpxtpx:Extensions>
          </gpxtpx:TrackPointExtension>
        </extensions>
      </trkpt>
      <trkpt lat="43.660893" lon="4.069037">
        <ele>9</ele>
        <extensions>
          <gpxtpx:TrackPointExtension>
            <gpxtpx:Extensions>
              <highway>cycleway</highway>
            </gpxtpx:Extensions>
          </gpxtpx:TrackPointExtension>
        </extensions>
      </trkpt>
      <trkpt lat="43.659456" lon="4.0692">
        <ele>9.25</ele>
        <extensions>
          <gpxtpx:TrackPointExtension>
            <gpxtpx:Extensions>
              <highway>cycleway</highway>
            </gpxtpx:Extensions>
          </gpxtpx:TrackPointExtension>
        </extensions>
      </trkpt>
      <trkpt lat="43.659198" lon="4.069293">
        <ele>8.75</ele>
        <extensions>
          <gpxtpx:TrackPointExtension>
            <gpxtpx:Extensions>
              <highway>cycleway</highway>
            </gpxtpx:Extensions>
          </gpxtpx:TrackPointExtension>
        </extensions>
      </trkpt>
      <trkpt lat="43.658438" lon="4.069722">
        <ele>8</ele>
        <extensions>
          <gpxtpx:TrackPointExtension>
            <gpxtpx:Extensions>
              <highway>cycleway</highway>
            </gpxtpx:Extensions>
          </gpxtpx:TrackPointExtension>
        </extensions>
      </trkpt>
      <trkpt lat="43.65818" lon="4.069893">
        <ele>7.75</ele>
        <extensions>
          <gpxtpx:TrackPointExtension>
            <gpxtpx:Extensions>
              <highway>cycleway</highway>
            </gpxtpx:Extensions>
          </gpxtpx:TrackPointExtension>
        </extensions>
      </trkpt>
      <trkpt lat="43.65789" lon="4.070291">
        <ele>7.5</ele>
        <extensions>
          <gpxtpx:TrackPointExtension>
            <gpxtpx:Extensions>
              <highway>cycleway</highway>
            </gpxtpx:Extensions>
          </gpxtpx:TrackPointExtension>
        </extensions>
      </trkpt>
      <trkpt lat="43.657682" lon="4.07061">
        <ele>7.25</ele>
        <extensions>
          <gpxtpx:TrackPointExtension>
            <gpxtpx:Extensions>
              <highway>cycleway</highway>
            </gpxtpx:Extensions>
          </gpxtpx:TrackPointExtension>
        </extensions>
      </trkpt>
      <trkpt lat="43.657402" lon="4.070868">
        <ele>7</ele>
        <extensions>
          <gpxtpx:TrackPointExtension>
            <gpxtpx:Extensions>
              <highway>cycleway</highway>
            </gpxtpx:Extensions>
          </gpxtpx:TrackPointExtension>
        </extensions>
      </trkpt>
      <trkpt lat="43.657127" lon="4.070946">
        <ele>7.5</ele>
        <extensions>
          <gpxtpx:TrackPointExtension>
            <gpxtpx:Extensions>
              <highway>cycleway</highway>
            </gpxtpx:Extensions>
          </gpxtpx:TrackPointExtension>
        </extensions>
      </trkpt>
      <trkpt lat="43.656354" lon="4.07103">
        <ele>7.75</ele>
        <extensions>
          <gpxtpx:TrackPointExtension>
            <gpxtpx:Extensions>
              <highway>cycleway</highway>
            </gpxtpx:Extensions>
          </gpxtpx:TrackPointExtension>
        </extensions>
      </trkpt>
      <trkpt lat="43.656096" lon="4.07099">
        <ele>7.5</ele>
        <extensions>
          <gpxtpx:TrackPointExtension>
            <gpxtpx:Extensions>
              <highway>cycleway</highway>
            </gpxtpx:Extensions>
          </gpxtpx:TrackPointExtension>
        </extensions>
      </trkpt>
      <trkpt lat="43.655872" lon="4.07095">
        <ele>7.25</ele>
        <extensions>
          <gpxtpx:TrackPointExtension>
            <gpxtpx:Extensions>
              <reversedirection>yes</reversedirection>
              <highway>unclassified</highway>
            </gpxtpx:Extensions>
          </gpxtpx:TrackPointExtension>
        </extensions>
      </trkpt>
      <trkpt lat="43.655832" lon="4.07099">
        <ele>7.25</ele>
        <extensions>
          <gpxtpx:TrackPointExtension>
            <gpxtpx:Extensions>
              <reversedirection>yes</reversedirection>
              <highway>unclassified</highway>
            </gpxtpx:Extensions>
          </gpxtpx:TrackPointExtension>
        </extensions>
      </trkpt>
      <trkpt lat="43.655759" lon="4.07107">
        <ele>7.5</ele>
        <extensions>
          <gpxtpx:TrackPointExtension>
            <gpxtpx:Extensions>
              <reversedirection>yes</reversedirection>
              <highway>unclassified</highway>
            </gpxtpx:Extensions>
          </gpxtpx:TrackPointExtension>
        </extensions>
      </trkpt>
      <trkpt lat="43.655726" lon="4.071094">
        <ele>7.75</ele>
        <extensions>
          <gpxtpx:TrackPointExtension>
            <gpxtpx:Extensions>
              <reversedirection>yes</reversedirection>
              <highway>unclassified</highway>
            </gpxtpx:Extensions>
          </gpxtpx:TrackPointExtension>
        </extensions>
      </trkpt>
      <trkpt lat="43.655657" lon="4.071113">
        <ele>8</ele>
        <extensions>
          <gpxtpx:TrackPointExtension>
            <gpxtpx:Extensions>
              <reversedirection>yes</reversedirection>
              <highway>unclassified</highway>
            </gpxtpx:Extensions>
          </gpxtpx:TrackPointExtension>
        </extensions>
      </trkpt>
      <trkpt lat="43.654874" lon="4.070937">
        <ele>9</ele>
        <extensions>
          <gpxtpx:TrackPointExtension>
            <gpxtpx:Extensions>
              <reversedirection>yes</reversedirection>
              <highway>unclassified</highway>
            </gpxtpx:Extensions>
          </gpxtpx:TrackPointExtension>
        </extensions>
      </trkpt>
      <trkpt lat="43.654841" lon="4.07094">
        <ele>8.75</ele>
        <extensions>
          <gpxtpx:TrackPointExtension>
            <gpxtpx:Extensions>
              <reversedirection>yes</reversedirection>
              <highway>unclassified</highway>
            </gpxtpx:Extensions>
          </gpxtpx:TrackPointExtension>
        </extensions>
      </trkpt>
      <trkpt lat="43.654802" lon="4.070964">
        <ele>8.75</ele>
        <extensions>
          <gpxtpx:TrackPointExtension>
            <gpxtpx:Extensions>
              <reversedirection>yes</reversedirection>
              <highway>residential</highway>
              <maxspeed>30</maxspeed>
            </gpxtpx:Extensions>
          </gpxtpx:TrackPointExtension>
        </extensions>
      </trkpt>
      <trkpt lat="43.654808" lon="4.07177">
        <ele>10.25</ele>
        <extensions>
          <gpxtpx:TrackPointExtension>
            <gpxtpx:Extensions>
              <highway>residential</highway>
              <maxspeed>30</maxspeed>
              <oneway>yes</oneway>
            </gpxtpx:Extensions>
          </gpxtpx:TrackPointExtension>
        </extensions>
      </trkpt>
      <trkpt lat="43.654363" lon="4.071764">
        <ele>10.75</ele>
        <extensions>
          <gpxtpx:TrackPointExtension>
            <gpxtpx:Extensions>
              <highway>residential</highway>
              <maxspeed>30</maxspeed>
              <oneway>yes</oneway>
            </gpxtpx:Extensions>
          </gpxtpx:TrackPointExtension>
        </extensions>
      </trkpt>
      <trkpt lat="43.654362" lon="4.072589">
        <ele>11</ele>
        <extensions>
          <gpxtpx:TrackPointExtension>
            <gpxtpx:Extensions>
              <highway>residential</highway>
              <maxspeed>30</maxspeed>
              <oneway>yes</oneway>
            </gpxtpx:Extensions>
          </gpxtpx:TrackPointExtension>
        </extensions>
      </trkpt>
      <trkpt lat="43.654362" lon="4.073318">
        <ele>11.75</ele>
        <extensions>
          <gpxtpx:TrackPointExtension>
            <gpxtpx:Extensions>
              <highway>tertiary</highway>
              <maxspeed>30</maxspeed>
            </gpxtpx:Extensions>
          </gpxtpx:TrackPointExtension>
        </extensions>
      </trkpt>
      <trkpt lat="43.653904" lon="4.073339">
        <ele>12.25</ele>
        <extensions>
          <gpxtpx:TrackPointExtension>
            <gpxtpx:Extensions>
              <highway>tertiary</highway>
              <maxspeed>30</maxspeed>
            </gpxtpx:Extensions>
          </gpxtpx:TrackPointExtension>
        </extensions>
      </trkpt>
      <trkpt lat="43.653774" lon="4.07335">
        <ele>12.25</ele>
        <extensions>
          <gpxtpx:TrackPointExtension>
            <gpxtpx:Extensions>
              <highway>tertiary</highway>
              <maxspeed>30</maxspeed>
            </gpxtpx:Extensions>
          </gpxtpx:TrackPointExtension>
        </extensions>
      </trkpt>
      <trkpt lat="43.653547" lon="4.073389">
        <ele>12.5</ele>
        <extensions>
          <gpxtpx:TrackPointExtension>
            <gpxtpx:Extensions>
              <highway>tertiary</highway>
              <maxspeed>30</maxspeed>
            </gpxtpx:Extensions>
          </gpxtpx:TrackPointExtension>
        </extensions>
      </trkpt>
      <trkpt lat="43.653217" lon="4.073495">
        <ele>12.5</ele>
        <extensions>
          <gpxtpx:TrackPointExtension>
            <gpxtpx:Extensions>
              <highway>tertiary</highway>
              <maxspeed>30</maxspeed>
            </gpxtpx:Extensions>
          </gpxtpx:TrackPointExtension>
        </extensions>
      </trkpt>
      <trkpt lat="43.653175" lon="4.073527">
        <ele>12.5</ele>
        <extensions>
          <gpxtpx:TrackPointExtension>
            <gpxtpx:Extensions>
              <highway>tertiary</highway>
              <maxspeed>30</maxspeed>
            </gpxtpx:Extensions>
          </gpxtpx:TrackPointExtension>
        </extensions>
      </trkpt>
      <trkpt lat="43.653094" lon="4.07363">
        <ele>12.25</ele>
        <extensions>
          <gpxtpx:TrackPointExtension>
            <gpxtpx:Extensions>
              <highway>tertiary</highway>
              <maxspeed>30</maxspeed>
            </gpxtpx:Extensions>
          </gpxtpx:TrackPointExtension>
        </extensions>
      </trkpt>
      <trkpt lat="43.653047" lon="4.073682">
        <ele>12.25</ele>
        <extensions>
          <gpxtpx:TrackPointExtension>
            <gpxtpx:Extensions>
              <highway>tertiary</highway>
              <maxspeed>30</maxspeed>
            </gpxtpx:Extensions>
          </gpxtpx:TrackPointExtension>
        </extensions>
      </trkpt>
      <trkpt lat="43.652892" lon="4.07384">
        <ele>12</ele>
        <extensions>
          <gpxtpx:TrackPointExtension>
            <gpxtpx:Extensions>
              <highway>tertiary</highway>
              <maxspeed>30</maxspeed>
            </gpxtpx:Extensions>
          </gpxtpx:TrackPointExtension>
        </extensions>
      </trkpt>
      <trkpt lat="43.652531" lon="4.074275">
        <ele>12.25</ele>
        <extensions>
          <gpxtpx:TrackPointExtension>
            <gpxtpx:Extensions>
              <highway>tertiary</highway>
              <maxspeed>30</maxspeed>
            </gpxtpx:Extensions>
          </gpxtpx:TrackPointExtension>
        </extensions>
      </trkpt>
      <trkpt lat="43.652382" lon="4.074427">
        <ele>12.25</ele>
        <extensions>
          <gpxtpx:TrackPointExtension>
            <gpxtpx:Extensions>
              <highway>tertiary</highway>
              <maxspeed>30</maxspeed>
            </gpxtpx:Extensions>
          </gpxtpx:TrackPointExtension>
        </extensions>
      </trkpt>
      <trkpt lat="43.652017" lon="4.074803">
        <ele>11.5</ele>
        <extensions>
          <gpxtpx:TrackPointExtension>
            <gpxtpx:Extensions>
              <highway>residential</highway>
              <maxspeed>30</maxspeed>
              <oneway>yes</oneway>
            </gpxtpx:Extensions>
          </gpxtpx:TrackPointExtension>
        </extensions>
      </trkpt>
      <trkpt lat="43.652625" lon="4.075763">
        <ele>11</ele>
        <extensions>
          <gpxtpx:TrackPointExtension>
            <gpxtpx:Extensions>
              <highway>residential</highway>
              <maxspeed>30</maxspeed>
              <oneway>yes</oneway>
            </gpxtpx:Extensions>
          </gpxtpx:TrackPointExtension>
        </extensions>
      </trkpt>
      <trkpt lat="43.652719" lon="4.075889">
        <ele>10.5</ele>
        <extensions>
          <gpxtpx:TrackPointExtension>
            <gpxtpx:Extensions>
              <highway>residential</highway>
              <maxspeed>30</maxspeed>
              <oneway>yes</oneway>
            </gpxtpx:Extensions>
          </gpxtpx:TrackPointExtension>
        </extensions>
      </trkpt>
      <trkpt lat="43.652908" lon="4.076113">
        <ele>10</ele>
        <extensions>
          <gpxtpx:TrackPointExtension>
            <gpxtpx:Extensions>
              <highway>residential</highway>
              <maxspeed>30</maxspeed>
              <oneway>yes</oneway>
            </gpxtpx:Extensions>
          </gpxtpx:TrackPointExtension>
        </extensions>
      </trkpt>
      <trkpt lat="43.653032" lon="4.076258">
        <ele>9.75</ele>
        <extensions>
          <gpxtpx:TrackPointExtension>
            <gpxtpx:Extensions>
              <highway>residential</highway>
              <maxspeed>30</maxspeed>
              <oneway>yes</oneway>
            </gpxtpx:Extensions>
          </gpxtpx:TrackPointExtension>
        </extensions>
      </trkpt>
      <trkpt lat="43.653116" lon="4.07633">
        <ele>9.5</ele>
        <extensions>
          <gpxtpx:TrackPointExtension>
            <gpxtpx:Extensions>
              <highway>residential</highway>
              <maxspeed>30</maxspeed>
              <oneway>yes</oneway>
            </gpxtpx:Extensions>
          </gpxtpx:TrackPointExtension>
        </extensions>
      </trkpt>
      <trkpt lat="43.653164" lon="4.076361">
        <ele>9.5</ele>
        <extensions>
          <gpxtpx:TrackPointExtension>
            <gpxtpx:Extensions>
              <highway>residential</highway>
              <maxspeed>30</maxspeed>
              <oneway>yes</oneway>
            </gpxtpx:Extensions>
          </gpxtpx:TrackPointExtension>
        </extensions>
      </trkpt>
      <trkpt lat="43.654107" lon="4.076978">
        <ele>10.5</ele>
        <extensions>
          <gpxtpx:TrackPointExtension>
            <gpxtpx:Extensions>
              <highway>residential</highway>
              <maxspeed>30</maxspeed>
              <oneway>yes</oneway>
            </gpxtpx:Extensions>
          </gpxtpx:TrackPointExtension>
        </extensions>
      </trkpt>
      <trkpt lat="43.654155" lon="4.077036">
        <ele>10.5</ele>
        <extensions>
          <gpxtpx:TrackPointExtension>
            <gpxtpx:Extensions>
              <highway>residential</highway>
              <oneway>yes</oneway>
            </gpxtpx:Extensions>
          </gpxtpx:TrackPointExtension>
        </extensions>
      </trkpt>
      <trkpt lat="43.654167" lon="4.077065">
        <ele>10.5</ele>
        <extensions>
          <gpxtpx:TrackPointExtension>
            <gpxtpx:Extensions>
              <highway>residential</highway>
              <oneway>yes</oneway>
            </gpxtpx:Extensions>
          </gpxtpx:TrackPointExtension>
        </extensions>
      </trkpt>
      <trkpt lat="43.65418" lon="4.077095">
        <ele>10.25</ele>
        <extensions>
          <gpxtpx:TrackPointExtension>
            <gpxtpx:Extensions>
              <highway>residential</highway>
              <maxspeed>30</maxspeed>
              <junction>roundabout</junction>
            </gpxtpx:Extensions>
          </gpxtpx:TrackPointExtension>
        </extensions>
      </trkpt>
      <trkpt lat="43.65417" lon="4.077119">
        <ele>10.25</ele>
        <extensions>
          <gpxtpx:TrackPointExtension>
            <gpxtpx:Extensions>
              <highway>residential</highway>
              <maxspeed>30</maxspeed>
              <junction>roundabout</junction>
            </gpxtpx:Extensions>
          </gpxtpx:TrackPointExtension>
        </extensions>
      </trkpt>
      <trkpt lat="43.65417" lon="4.077175">
        <ele>10.25</ele>
        <extensions>
          <gpxtpx:TrackPointExtension>
            <gpxtpx:Extensions>
              <highway>residential</highway>
              <maxspeed>30</maxspeed>
              <junction>roundabout</junction>
            </gpxtpx:Extensions>
          </gpxtpx:TrackPointExtension>
        </extensions>
      </trkpt>
      <trkpt lat="43.654196" lon="4.07722">
        <ele>10.25</ele>
        <extensions>
          <gpxtpx:TrackPointExtension>
            <gpxtpx:Extensions>
              <highway>residential</highway>
              <maxspeed>30</maxspeed>
              <junction>roundabout</junction>
            </gpxtpx:Extensions>
          </gpxtpx:TrackPointExtension>
        </extensions>
      </trkpt>
      <trkpt lat="43.654216" lon="4.077231">
        <ele>10</ele>
        <extensions>
          <gpxtpx:TrackPointExtension>
            <gpxtpx:Extensions>
              <highway>residential</highway>
              <maxspeed>30</maxspeed>
              <junction>roundabout</junction>
            </gpxtpx:Extensions>
          </gpxtpx:TrackPointExtension>
        </extensions>
      </trkpt>
      <trkpt lat="43.654237" lon="4.077232">
        <ele>10</ele>
        <extensions>
          <gpxtpx:TrackPointExtension>
            <gpxtpx:Extensions>
              <highway>residential</highway>
              <maxspeed>30</maxspeed>
              <oneway>yes</oneway>
            </gpxtpx:Extensions>
          </gpxtpx:TrackPointExtension>
        </extensions>
      </trkpt>
      <trkpt lat="43.654287" lon="4.077299">
        <ele>9.75</ele>
        <extensions>
          <gpxtpx:TrackPointExtension>
            <gpxtpx:Extensions>
              <highway>residential</highway>
              <maxspeed>30</maxspeed>
              <oneway>yes</oneway>
            </gpxtpx:Extensions>
          </gpxtpx:TrackPointExtension>
        </extensions>
      </trkpt>
      <trkpt lat="43.654321" lon="4.077327">
        <ele>9.75</ele>
        <extensions>
          <gpxtpx:TrackPointExtension>
            <gpxtpx:Extensions>
              <highway>residential</highway>
              <maxspeed>30</maxspeed>
            </gpxtpx:Extensions>
          </gpxtpx:TrackPointExtension>
        </extensions>
      </trkpt>
      <trkpt lat="43.654612" lon="4.078317">
        <ele>8.25</ele>
        <extensions>
          <gpxtpx:TrackPointExtension>
            <gpxtpx:Extensions>
              <highway>residential</highway>
              <maxspeed>30</maxspeed>
            </gpxtpx:Extensions>
          </gpxtpx:TrackPointExtension>
        </extensions>
      </trkpt>
      <trkpt lat="43.654704" lon="4.078629">
        <ele>8</ele>
        <extensions>
          <gpxtpx:TrackPointExtension>
            <gpxtpx:Extensions>
              <highway>residential</highway>
              <maxspeed>30</maxspeed>
            </gpxtpx:Extensions>
          </gpxtpx:TrackPointExtension>
        </extensions>
      </trkpt>
      <trkpt lat="43.654734" lon="4.078722">
        <ele>8</ele>
        <extensions>
          <gpxtpx:TrackPointExtension>
            <gpxtpx:Extensions>
              <highway>residential</highway>
              <maxspeed>30</maxspeed>
            </gpxtpx:Extensions>
          </gpxtpx:TrackPointExtension>
        </extensions>
      </trkpt>
      <trkpt lat="43.654753" lon="4.078785">
        <ele>8</ele>
        <extensions>
          <gpxtpx:TrackPointExtension>
            <gpxtpx:Extensions>
              <highway>residential</highway>
              <maxspeed>30</maxspeed>
            </gpxtpx:Extensions>
          </gpxtpx:TrackPointExtension>
        </extensions>
      </trkpt>
      <trkpt lat="43.655047" lon="4.079756">
        <ele>7.25</ele>
        <extensions>
          <gpxtpx:TrackPointExtension>
            <gpxtpx:Extensions>
              <highway>residential</highway>
              <maxspeed>30</maxspeed>
            </gpxtpx:Extensions>
          </gpxtpx:TrackPointExtension>
        </extensions>
      </trkpt>
      <trkpt lat="43.655057" lon="4.079786">
        <ele>7.25</ele>
        <extensions>
          <gpxtpx:TrackPointExtension>
            <gpxtpx:Extensions>
              <highway>residential</highway>
              <maxspeed>30</maxspeed>
            </gpxtpx:Extensions>
          </gpxtpx:TrackPointExtension>
        </extensions>
      </trkpt>
      <trkpt lat="43.655374" lon="4.080744">
        <ele>7.25</ele>
        <extensions>
          <gpxtpx:TrackPointExtension>
            <gpxtpx:Extensions>
              <highway>residential</highway>
              <maxspeed>30</maxspeed>
            </gpxtpx:Extensions>
          </gpxtpx:TrackPointExtension>
        </extensions>
      </trkpt>
      <trkpt lat="43.655621" lon="4.081302">
        <ele>8.25</ele>
        <extensions>
          <gpxtpx:TrackPointExtension>
            <gpxtpx:Extensions>
              <highway>residential</highway>
              <maxspeed>30</maxspeed>
            </gpxtpx:Extensions>
          </gpxtpx:TrackPointExtension>
        </extensions>
      </trkpt>
      <trkpt lat="43.655791" lon="4.081665">
        <ele>8.75</ele>
        <extensions>
          <gpxtpx:TrackPointExtension>
            <gpxtpx:Extensions>
              <highway>residential</highway>
              <maxspeed>30</maxspeed>
            </gpxtpx:Extensions>
          </gpxtpx:TrackPointExtension>
        </extensions>
      </trkpt>
      <trkpt lat="43.655823" lon="4.081758">
        <ele>8.75</ele>
        <extensions>
          <gpxtpx:TrackPointExtension>
            <gpxtpx:Extensions>
              <highway>residential</highway>
              <maxspeed>30</maxspeed>
            </gpxtpx:Extensions>
          </gpxtpx:TrackPointExtension>
        </extensions>
      </trkpt>
      <trkpt lat="43.655864" lon="4.081917">
        <ele>8.75</ele>
        <extensions>
          <gpxtpx:TrackPointExtension>
            <gpxtpx:Extensions>
              <highway>residential</highway>
              <maxspeed>30</maxspeed>
            </gpxtpx:Extensions>
          </gpxtpx:TrackPointExtension>
        </extensions>
      </trkpt>
      <trkpt lat="43.655879" lon="4.082046">
        <ele>8.75</ele>
        <extensions>
          <gpxtpx:TrackPointExtension>
            <gpxtpx:Extensions>
              <reversedirection>yes</reversedirection>
              <highway>cycleway</highway>
              <surface>asphalt</surface>
              <route_bicycle_lcn>yes</route_bicycle_lcn>
            </gpxtpx:Extensions>
          </gpxtpx:TrackPointExtension>
        </extensions>
      </trkpt>
      <trkpt lat="43.655822" lon="4.082047">
        <ele>8.75</ele>
        <extensions>
          <gpxtpx:TrackPointExtension>
            <gpxtpx:Extensions>
              <reversedirection>yes</reversedirection>
              <highway>cycleway</highway>
              <surface>asphalt</surface>
              <route_bicycle_lcn>yes</route_bicycle_lcn>
            </gpxtpx:Extensions>
          </gpxtpx:TrackPointExtension>
        </extensions>
      </trkpt>
      <trkpt lat="43.655752" lon="4.082028">
        <ele>8.75</ele>
        <extensions>
          <gpxtpx:TrackPointExtension>
            <gpxtpx:Extensions>
              <reversedirection>yes</reversedirection>
              <highway>cycleway</highway>
              <surface>asphalt</surface>
              <route_bicycle_lcn>yes</route_bicycle_lcn>
            </gpxtpx:Extensions>
          </gpxtpx:TrackPointExtension>
        </extensions>
      </trkpt>
      <trkpt lat="43.655717" lon="4.082045">
        <ele>8.75</ele>
        <extensions>
          <gpxtpx:TrackPointExtension>
            <gpxtpx:Extensions>
              <reversedirection>yes</reversedirection>
              <highway>cycleway</highway>
              <surface>asphalt</surface>
              <route_bicycle_lcn>yes</route_bicycle_lcn>
            </gpxtpx:Extensions>
          </gpxtpx:TrackPointExtension>
        </extensions>
      </trkpt>
      <trkpt lat="43.655684" lon="4.082178">
        <ele>8.75</ele>
        <extensions>
          <gpxtpx:TrackPointExtension>
            <gpxtpx:Extensions>
              <reversedirection>yes</reversedirection>
              <highway>cycleway</highway>
              <surface>asphalt</surface>
              <route_bicycle_lcn>yes</route_bicycle_lcn>
            </gpxtpx:Extensions>
          </gpxtpx:TrackPointExtension>
        </extensions>
      </trkpt>
      <trkpt lat="43.655696" lon="4.082212">
        <ele>8.75</ele>
        <extensions>
          <gpxtpx:TrackPointExtension>
            <gpxtpx:Extensions>
              <reversedirection>yes</reversedirection>
              <highway>cycleway</highway>
              <surface>asphalt</surface>
              <route_bicycle_lcn>yes</route_bicycle_lcn>
            </gpxtpx:Extensions>
          </gpxtpx:TrackPointExtension>
        </extensions>
      </trkpt>
      <trkpt lat="43.655726" lon="4.082302">
        <ele>8.75</ele>
        <extensions>
          <gpxtpx:TrackPointExtension>
            <gpxtpx:Extensions>
              <reversedirection>yes</reversedirection>
              <highway>cycleway</highway>
              <surface>asphalt</surface>
              <route_bicycle_lcn>yes</route_bicycle_lcn>
            </gpxtpx:Extensions>
          </gpxtpx:TrackPointExtension>
        </extensions>
      </trkpt>
      <trkpt lat="43.655738" lon="4.0824">
        <ele>8.75</ele>
        <extensions>
          <gpxtpx:TrackPointExtension>
            <gpxtpx:Extensions>
              <reversedirection>yes</reversedirection>
              <highway>cycleway</highway>
              <surface>asphalt</surface>
              <route_bicycle_lcn>yes</route_bicycle_lcn>
            </gpxtpx:Extensions>
          </gpxtpx:TrackPointExtension>
        </extensions>
      </trkpt>
      <trkpt lat="43.655739" lon="4.082476">
        <ele>8.75</ele>
        <extensions>
          <gpxtpx:TrackPointExtension>
            <gpxtpx:Extensions>
              <reversedirection>yes</reversedirection>
              <highway>cycleway</highway>
              <surface>asphalt</surface>
              <route_bicycle_lcn>yes</route_bicycle_lcn>
            </gpxtpx:Extensions>
          </gpxtpx:TrackPointExtension>
        </extensions>
      </trkpt>
      <trkpt lat="43.655793" lon="4.082474">
        <ele>8.75</ele>
        <extensions>
          <gpxtpx:TrackPointExtension>
            <gpxtpx:Extensions>
              <reversedirection>yes</reversedirection>
              <highway>cycleway</highway>
              <surface>asphalt</surface>
              <route_bicycle_lcn>yes</route_bicycle_lcn>
            </gpxtpx:Extensions>
          </gpxtpx:TrackPointExtension>
        </extensions>
      </trkpt>
      <trkpt lat="43.65589" lon="4.082508">
        <ele>8.75</ele>
        <extensions>
          <gpxtpx:TrackPointExtension>
            <gpxtpx:Extensions>
              <reversedirection>yes</reversedirection>
              <highway>cycleway</highway>
              <surface>asphalt</surface>
              <route_bicycle_lcn>yes</route_bicycle_lcn>
            </gpxtpx:Extensions>
          </gpxtpx:TrackPointExtension>
        </extensions>
      </trkpt>
      <trkpt lat="43.655934" lon="4.082541">
        <ele>8.75</ele>
        <extensions>
          <gpxtpx:TrackPointExtension>
            <gpxtpx:Extensions>
              <reversedirection>yes</reversedirection>
              <highway>cycleway</highway>
              <surface>asphalt</surface>
              <route_bicycle_lcn>yes</route_bicycle_lcn>
            </gpxtpx:Extensions>
          </gpxtpx:TrackPointExtension>
        </extensions>
      </trkpt>
      <trkpt lat="43.65605" lon="4.082683">
        <ele>8.5</ele>
        <extensions>
          <gpxtpx:TrackPointExtension>
            <gpxtpx:Extensions>
              <reversedirection>yes</reversedirection>
              <highway>cycleway</highway>
              <surface>asphalt</surface>
              <route_bicycle_lcn>yes</route_bicycle_lcn>
            </gpxtpx:Extensions>
          </gpxtpx:TrackPointExtension>
        </extensions>
      </trkpt>
      <trkpt lat="43.656131" lon="4.082863">
        <ele>8.25</ele>
        <extensions>
          <gpxtpx:TrackPointExtension>
            <gpxtpx:Extensions>
              <reversedirection>yes</reversedirection>
              <highway>cycleway</highway>
              <surface>asphalt</surface>
              <route_bicycle_lcn>yes</route_bicycle_lcn>
            </gpxtpx:Extensions>
          </gpxtpx:TrackPointExtension>
        </extensions>
      </trkpt>
      <trkpt lat="43.656206" lon="4.083142">
        <ele>8</ele>
        <extensions>
          <gpxtpx:TrackPointExtension>
            <gpxtpx:Extensions>
              <reversedirection>yes</reversedirection>
              <highway>cycleway</highway>
              <surface>asphalt</surface>
              <route_bicycle_lcn>yes</route_bicycle_lcn>
            </gpxtpx:Extensions>
          </gpxtpx:TrackPointExtension>
        </extensions>
      </trkpt>
      <trkpt lat="43.656328" lon="4.083636">
        <ele>7.5</ele>
        <extensions>
          <gpxtpx:TrackPointExtension>
            <gpxtpx:Extensions>
              <reversedirection>yes</reversedirection>
              <highway>cycleway</highway>
              <surface>asphalt</surface>
              <route_bicycle_lcn>yes</route_bicycle_lcn>
            </gpxtpx:Extensions>
          </gpxtpx:TrackPointExtension>
        </extensions>
      </trkpt>
      <trkpt lat="43.656378" lon="4.083803">
        <ele>7.25</ele>
        <extensions>
          <gpxtpx:TrackPointExtension>
            <gpxtpx:Extensions>
              <reversedirection>yes</reversedirection>
              <highway>cycleway</highway>
              <surface>asphalt</surface>
              <route_bicycle_lcn>yes</route_bicycle_lcn>
            </gpxtpx:Extensions>
          </gpxtpx:TrackPointExtension>
        </extensions>
      </trkpt>
      <trkpt lat="43.656404" lon="4.083977">
        <ele>7</ele>
        <extensions>
          <gpxtpx:TrackPointExtension>
            <gpxtpx:Extensions>
              <highway>unclassified</highway>
              <cycleway>shared_lane</cycleway>
            </gpxtpx:Extensions>
          </gpxtpx:TrackPointExtension>
        </extensions>
      </trkpt>
      <trkpt lat="43.656371" lon="4.084207">
        <ele>6.75</ele>
        <extensions>
          <gpxtpx:TrackPointExtension>
            <gpxtpx:Extensions>
              <highway>unclassified</highway>
              <cycleway>shared_lane</cycleway>
            </gpxtpx:Extensions>
          </gpxtpx:TrackPointExtension>
        </extensions>
      </trkpt>
      <trkpt lat="43.656342" lon="4.084327">
        <ele>6.5</ele>
        <extensions>
          <gpxtpx:TrackPointExtension>
            <gpxtpx:Extensions>
              <highway>unclassified</highway>
              <cycleway>shared_lane</cycleway>
            </gpxtpx:Extensions>
          </gpxtpx:TrackPointExtension>
        </extensions>
      </trkpt>
      <trkpt lat="43.656275" lon="4.08451">
        <ele>6</ele>
        <extensions>
          <gpxtpx:TrackPointExtension>
            <gpxtpx:Extensions>
              <highway>unclassified</highway>
              <cycleway>shared_lane</cycleway>
            </gpxtpx:Extensions>
          </gpxtpx:TrackPointExtension>
        </extensions>
      </trkpt>
      <trkpt lat="43.656245" lon="4.084611">
        <ele>5.75</ele>
        <extensions>
          <gpxtpx:TrackPointExtension>
            <gpxtpx:Extensions>
              <highway>unclassified</highway>
              <cycleway>shared_lane</cycleway>
            </gpxtpx:Extensions>
          </gpxtpx:TrackPointExtension>
        </extensions>
      </trkpt>
      <trkpt lat="43.656229" lon="4.084721">
        <ele>5.5</ele>
        <extensions>
          <gpxtpx:TrackPointExtension>
            <gpxtpx:Extensions>
              <highway>unclassified</highway>
              <cycleway>shared_lane</cycleway>
            </gpxtpx:Extensions>
          </gpxtpx:TrackPointExtension>
        </extensions>
      </trkpt>
      <trkpt lat="43.656227" lon="4.084831">
        <ele>5.25</ele>
        <extensions>
          <gpxtpx:TrackPointExtension>
            <gpxtpx:Extensions>
              <highway>unclassified</highway>
              <cycleway>shared_lane</cycleway>
            </gpxtpx:Extensions>
          </gpxtpx:TrackPointExtension>
        </extensions>
      </trkpt>
      <trkpt lat="43.65628" lon="4.085209">
        <ele>4.75</ele>
        <extensions>
          <gpxtpx:TrackPointExtension>
            <gpxtpx:Extensions>
              <highway>unclassified</highway>
              <cycleway>shared_lane</cycleway>
            </gpxtpx:Extensions>
          </gpxtpx:TrackPointExtension>
        </extensions>
      </trkpt>
      <trkpt lat="43.656302" lon="4.085349">
        <ele>4.75</ele>
        <extensions>
          <gpxtpx:TrackPointExtension>
            <gpxtpx:Extensions>
              <highway>unclassified</highway>
              <surface>asphalt</surface>
              <cycleway>shared_lane</cycleway>
            </gpxtpx:Extensions>
          </gpxtpx:TrackPointExtension>
        </extensions>
      </trkpt>
      <trkpt lat="43.656389" lon="4.085919">
        <ele>4.75</ele>
        <extensions>
          <gpxtpx:TrackPointExtension>
            <gpxtpx:Extensions>
              <highway>unclassified</highway>
              <surface>asphalt</surface>
              <cycleway>shared_lane</cycleway>
            </gpxtpx:Extensions>
          </gpxtpx:TrackPointExtension>
        </extensions>
      </trkpt>
      <trkpt lat="43.65653" lon="4.086755">
        <ele>6.5</ele>
        <extensions>
          <gpxtpx:TrackPointExtension>
            <gpxtpx:Extensions>
              <highway>cycleway</highway>
              <surface>asphalt</surface>
            </gpxtpx:Extensions>
          </gpxtpx:TrackPointExtension>
        </extensions>
      </trkpt>
      <trkpt lat="43.656514" lon="4.086806">
        <ele>6.5</ele>
        <extensions>
          <gpxtpx:TrackPointExtension>
            <gpxtpx:Extensions>
              <highway>cycleway</highway>
              <surface>asphalt</surface>
            </gpxtpx:Extensions>
          </gpxtpx:TrackPointExtension>
        </extensions>
      </trkpt>
      <trkpt lat="43.656694" lon="4.088153">
        <ele>5.25</ele>
        <extensions>
          <gpxtpx:TrackPointExtension>
            <gpxtpx:Extensions>
              <highway>cycleway</highway>
              <surface>asphalt</surface>
            </gpxtpx:Extensions>
          </gpxtpx:TrackPointExtension>
        </extensions>
      </trkpt>
      <trkpt lat="43.656722" lon="4.088491">
        <ele>5</ele>
        <extensions>
          <gpxtpx:TrackPointExtension>
            <gpxtpx:Extensions>
              <highway>cycleway</highway>
              <surface>asphalt</surface>
            </gpxtpx:Extensions>
          </gpxtpx:TrackPointExtension>
        </extensions>
      </trkpt>
      <trkpt lat="43.656735" lon="4.089038">
        <ele>5</ele>
        <extensions>
          <gpxtpx:TrackPointExtension>
            <gpxtpx:Extensions>
              <highway>cycleway</highway>
              <surface>asphalt</surface>
            </gpxtpx:Extensions>
          </gpxtpx:TrackPointExtension>
        </extensions>
      </trkpt>
      <trkpt lat="43.65672" lon="4.089641">
        <ele>6</ele>
        <extensions>
          <gpxtpx:TrackPointExtension>
            <gpxtpx:Extensions>
              <highway>cycleway</highway>
              <surface>asphalt</surface>
            </gpxtpx:Extensions>
          </gpxtpx:TrackPointExtension>
        </extensions>
      </trkpt>
      <trkpt lat="43.656694" lon="4.08992">
        <ele>6.75</ele>
        <extensions>
          <gpxtpx:TrackPointExtension>
            <gpxtpx:Extensions>
              <highway>cycleway</highway>
              <surface>asphalt</surface>
            </gpxtpx:Extensions>
          </gpxtpx:TrackPointExtension>
        </extensions>
      </trkpt>
      <trkpt lat="43.656652" lon="4.090173">
        <ele>7</ele>
        <extensions>
          <gpxtpx:TrackPointExtension>
            <gpxtpx:Extensions>
              <highway>cycleway</highway>
              <surface>asphalt</surface>
            </gpxtpx:Extensions>
          </gpxtpx:TrackPointExtension>
        </extensions>
      </trkpt>
      <trkpt lat="43.65659" lon="4.090474">
        <ele>7.5</ele>
        <extensions>
          <gpxtpx:TrackPointExtension>
            <gpxtpx:Extensions>
              <highway>cycleway</highway>
              <surface>asphalt</surface>
            </gpxtpx:Extensions>
          </gpxtpx:TrackPointExtension>
        </extensions>
      </trkpt>
      <trkpt lat="43.656336" lon="4.091347">
        <ele>7.5</ele>
        <extensions>
          <gpxtpx:TrackPointExtension>
            <gpxtpx:Extensions>
              <highway>cycleway</highway>
              <surface>asphalt</surface>
            </gpxtpx:Extensions>
          </gpxtpx:TrackPointExtension>
        </extensions>
      </trkpt>
      <trkpt lat="43.656233" lon="4.091641">
        <ele>7.25</ele>
        <extensions>
          <gpxtpx:TrackPointExtension>
            <gpxtpx:Extensions>
              <highway>cycleway</highway>
              <surface>asphalt</surface>
            </gpxtpx:Extensions>
          </gpxtpx:TrackPointExtension>
        </extensions>
      </trkpt>
      <trkpt lat="43.656171" lon="4.091807">
        <ele>7.5</ele>
        <extensions>
          <gpxtpx:TrackPointExtension>
            <gpxtpx:Extensions>
              <highway>cycleway</highway>
              <surface>asphalt</surface>
            </gpxtpx:Extensions>
          </gpxtpx:TrackPointExtension>
        </extensions>
      </trkpt>
      <trkpt lat="43.656096" lon="4.091983">
        <ele>7.5</ele>
        <extensions>
          <gpxtpx:TrackPointExtension>
            <gpxtpx:Extensions>
              <highway>cycleway</highway>
              <surface>asphalt</surface>
            </gpxtpx:Extensions>
          </gpxtpx:TrackPointExtension>
        </extensions>
      </trkpt>
      <trkpt lat="43.656052" lon="4.092108">
        <ele>7.5</ele>
        <extensions>
          <gpxtpx:TrackPointExtension>
            <gpxtpx:Extensions>
              <highway>cycleway</highway>
              <surface>asphalt</surface>
            </gpxtpx:Extensions>
          </gpxtpx:TrackPointExtension>
        </extensions>
      </trkpt>
      <trkpt lat="43.655881" lon="4.092879">
        <ele>7.5</ele>
        <extensions>
          <gpxtpx:TrackPointExtension>
            <gpxtpx:Extensions>
              <highway>cycleway</highway>
              <surface>asphalt</surface>
            </gpxtpx:Extensions>
          </gpxtpx:TrackPointExtension>
        </extensions>
      </trkpt>
      <trkpt lat="43.655784" lon="4.093505">
        <ele>7</ele>
        <extensions>
          <gpxtpx:TrackPointExtension>
            <gpxtpx:Extensions>
              <highway>cycleway</highway>
              <surface>asphalt</surface>
            </gpxtpx:Extensions>
          </gpxtpx:TrackPointExtension>
        </extensions>
      </trkpt>
      <trkpt lat="43.655703" lon="4.094282">
        <ele>7</ele>
        <extensions>
          <gpxtpx:TrackPointExtension>
            <gpxtpx:Extensions>
              <highway>cycleway</highway>
              <surface>asphalt</surface>
            </gpxtpx:Extensions>
          </gpxtpx:TrackPointExtension>
        </extensions>
      </trkpt>
      <trkpt lat="43.655693" lon="4.094455">
        <ele>7</ele>
        <extensions>
          <gpxtpx:TrackPointExtension>
            <gpxtpx:Extensions>
              <highway>cycleway</highway>
              <surface>asphalt</surface>
            </gpxtpx:Extensions>
          </gpxtpx:TrackPointExtension>
        </extensions>
      </trkpt>
      <trkpt lat="43.655665" lon="4.095341">
        <ele>7</ele>
        <extensions>
          <gpxtpx:TrackPointExtension>
            <gpxtpx:Extensions>
              <highway>cycleway</highway>
              <surface>asphalt</surface>
            </gpxtpx:Extensions>
          </gpxtpx:TrackPointExtension>
        </extensions>
      </trkpt>
      <trkpt lat="43.65567" lon="4.095814">
        <ele>6.75</ele>
        <extensions>
          <gpxtpx:TrackPointExtension>
            <gpxtpx:Extensions>
              <highway>cycleway</highway>
              <surface>asphalt</surface>
            </gpxtpx:Extensions>
          </gpxtpx:TrackPointExtension>
        </extensions>
      </trkpt>
      <trkpt lat="43.655682" lon="4.096195">
        <ele>6.5</ele>
        <extensions>
          <gpxtpx:TrackPointExtension>
            <gpxtpx:Extensions>
              <highway>cycleway</highway>
              <surface>asphalt</surface>
            </gpxtpx:Extensions>
          </gpxtpx:TrackPointExtension>
        </extensions>
      </trkpt>
      <trkpt lat="43.655881" lon="4.097088">
        <ele>7.5</ele>
        <extensions>
          <gpxtpx:TrackPointExtension>
            <gpxtpx:Extensions>
              <highway>cycleway</highway>
              <surface>asphalt</surface>
            </gpxtpx:Extensions>
          </gpxtpx:TrackPointExtension>
        </extensions>
      </trkpt>
      <trkpt lat="43.656115" lon="4.097894">
        <ele>7.5</ele>
        <extensions>
          <gpxtpx:TrackPointExtension>
            <gpxtpx:Extensions>
              <highway>cycleway</highway>
              <surface>asphalt</surface>
            </gpxtpx:Extensions>
          </gpxtpx:TrackPointExtension>
        </extensions>
      </trkpt>
      <trkpt lat="43.656557" lon="4.099156">
        <ele>7</ele>
        <extensions>
          <gpxtpx:TrackPointExtension>
            <gpxtpx:Extensions>
              <highway>cycleway</highway>
              <surface>asphalt</surface>
            </gpxtpx:Extensions>
          </gpxtpx:TrackPointExtension>
        </extensions>
      </trkpt>
      <trkpt lat="43.65658" lon="4.099221">
        <ele>6.75</ele>
        <extensions>
          <gpxtpx:TrackPointExtension>
            <gpxtpx:Extensions>
              <highway>cycleway</highway>
              <surface>asphalt</surface>
            </gpxtpx:Extensions>
          </gpxtpx:TrackPointExtension>
        </extensions>
      </trkpt>
      <trkpt lat="43.656934" lon="4.100164">
        <ele>6</ele>
        <extensions>
          <gpxtpx:TrackPointExtension>
            <gpxtpx:Extensions>
              <highway>cycleway</highway>
              <surface>asphalt</surface>
            </gpxtpx:Extensions>
          </gpxtpx:TrackPointExtension>
        </extensions>
      </trkpt>
      <trkpt lat="43.657012" lon="4.100416">
        <ele>5.75</ele>
        <extensions>
          <gpxtpx:TrackPointExtension>
            <gpxtpx:Extensions>
              <highway>cycleway</highway>
              <surface>asphalt</surface>
            </gpxtpx:Extensions>
          </gpxtpx:TrackPointExtension>
        </extensions>
      </trkpt>
      <trkpt lat="43.657284" lon="4.101393">
        <ele>5.5</ele>
        <extensions>
          <gpxtpx:TrackPointExtension>
            <gpxtpx:Extensions>
              <highway>cycleway</highway>
              <surface>asphalt</surface>
            </gpxtpx:Extensions>
          </gpxtpx:TrackPointExtension>
        </extensions>
      </trkpt>
      <trkpt lat="43.657409" lon="4.102006">
        <ele>5.25</ele>
        <extensions>
          <gpxtpx:TrackPointExtension>
            <gpxtpx:Extensions>
              <highway>cycleway</highway>
              <surface>asphalt</surface>
            </gpxtpx:Extensions>
          </gpxtpx:TrackPointExtension>
        </extensions>
      </trkpt>
      <trkpt lat="43.657723" lon="4.103825">
        <ele>3</ele>
        <extensions>
          <gpxtpx:TrackPointExtension>
            <gpxtpx:Extensions>
              <highway>cycleway</highway>
              <surface>asphalt</surface>
            </gpxtpx:Extensions>
          </gpxtpx:TrackPointExtension>
        </extensions>
      </trkpt>
      <trkpt lat="43.657722" lon="4.103949">
        <ele>3.25</ele>
        <extensions>
          <gpxtpx:TrackPointExtension>
            <gpxtpx:Extensions>
              <highway>cycleway</highway>
              <surface>asphalt</surface>
            </gpxtpx:Extensions>
          </gpxtpx:TrackPointExtension>
        </extensions>
      </trkpt>
      <trkpt lat="43.657685" lon="4.104066">
        <ele>3.25</ele>
        <extensions>
          <gpxtpx:TrackPointExtension>
            <gpxtpx:Extensions>
              <highway>cycleway</highway>
              <surface>asphalt</surface>
            </gpxtpx:Extensions>
          </gpxtpx:TrackPointExtension>
        </extensions>
      </trkpt>
      <trkpt lat="43.657471" lon="4.104408">
        <ele>2.5</ele>
        <extensions>
          <gpxtpx:TrackPointExtension>
            <gpxtpx:Extensions>
              <highway>cycleway</highway>
              <surface>asphalt</surface>
            </gpxtpx:Extensions>
          </gpxtpx:TrackPointExtension>
        </extensions>
      </trkpt>
      <trkpt lat="43.657367" lon="4.104672">
        <ele>2.5</ele>
        <extensions>
          <gpxtpx:TrackPointExtension>
            <gpxtpx:Extensions>
              <highway>unclassified</highway>
              <cycleway>shared_lane</cycleway>
            </gpxtpx:Extensions>
          </gpxtpx:TrackPointExtension>
        </extensions>
      </trkpt>
      <trkpt lat="43.657457" lon="4.104867">
        <ele>2</ele>
        <extensions>
          <gpxtpx:TrackPointExtension>
            <gpxtpx:Extensions>
              <highway>unclassified</highway>
              <cycleway>shared_lane</cycleway>
            </gpxtpx:Extensions>
          </gpxtpx:TrackPointExtension>
        </extensions>
      </trkpt>
      <trkpt lat="43.657467" lon="4.104891">
        <ele>2</ele>
        <extensions>
          <gpxtpx:TrackPointExtension>
            <gpxtpx:Extensions>
              <highway>unclassified</highway>
              <cycleway>shared_lane</cycleway>
            </gpxtpx:Extensions>
          </gpxtpx:TrackPointExtension>
        </extensions>
      </trkpt>
      <trkpt lat="43.657522" lon="4.105014">
        <ele>2</ele>
        <extensions>
          <gpxtpx:TrackPointExtension>
            <gpxtpx:Extensions>
              <highway>unclassified</highway>
              <cycleway>shared_lane</cycleway>
            </gpxtpx:Extensions>
          </gpxtpx:TrackPointExtension>
        </extensions>
      </trkpt>
      <trkpt lat="43.657536" lon="4.105036">
        <ele>2</ele>
        <extensions>
          <gpxtpx:TrackPointExtension>
            <gpxtpx:Extensions>
              <highway>unclassified</highway>
              <cycleway>shared_lane</cycleway>
            </gpxtpx:Extensions>
          </gpxtpx:TrackPointExtension>
        </extensions>
      </trkpt>
      <trkpt lat="43.657697" lon="4.105307">
        <ele>2.75</ele>
        <extensions>
          <gpxtpx:TrackPointExtension>
            <gpxtpx:Extensions>
              <highway>unclassified</highway>
              <cycleway>shared_lane</cycleway>
            </gpxtpx:Extensions>
          </gpxtpx:TrackPointExtension>
        </extensions>
      </trkpt>
      <trkpt lat="43.658348" lon="4.106261">
        <ele>5</ele>
        <extensions>
          <gpxtpx:TrackPointExtension>
            <gpxtpx:Extensions>
              <highway>unclassified</highway>
              <cycleway>shared_lane</cycleway>
            </gpxtpx:Extensions>
          </gpxtpx:TrackPointExtension>
        </extensions>
      </trkpt>
      <trkpt lat="43.658406" lon="4.10637">
        <ele>5</ele>
        <extensions>
          <gpxtpx:TrackPointExtension>
            <gpxtpx:Extensions>
              <highway>unclassified</highway>
              <cycleway>shared_lane</cycleway>
            </gpxtpx:Extensions>
          </gpxtpx:TrackPointExtension>
        </extensions>
      </trkpt>
      <trkpt lat="43.65844" lon="4.106489">
        <ele>5.25</ele>
        <extensions>
          <gpxtpx:TrackPointExtension>
            <gpxtpx:Extensions>
              <highway>unclassified</highway>
              <cycleway>shared_lane</cycleway>
            </gpxtpx:Extensions>
          </gpxtpx:TrackPointExtension>
        </extensions>
      </trkpt>
      <trkpt lat="43.658443" lon="4.106596">
        <ele>5.5</ele>
        <extensions>
          <gpxtpx:TrackPointExtension>
            <gpxtpx:Extensions>
              <highway>unclassified</highway>
              <cycleway>shared_lane</cycleway>
            </gpxtpx:Extensions>
          </gpxtpx:TrackPointExtension>
        </extensions>
      </trkpt>
      <trkpt lat="43.658293" lon="4.107281">
        <ele>5.75</ele>
        <extensions>
          <gpxtpx:TrackPointExtension>
            <gpxtpx:Extensions>
              <highway>unclassified</highway>
              <cycleway>shared_lane</cycleway>
            </gpxtpx:Extensions>
          </gpxtpx:TrackPointExtension>
        </extensions>
      </trkpt>
      <trkpt lat="43.65823" lon="4.107667">
        <ele>5.25</ele>
        <extensions>
          <gpxtpx:TrackPointExtension>
            <gpxtpx:Extensions>
              <highway>unclassified</highway>
              <cycleway>shared_lane</cycleway>
            </gpxtpx:Extensions>
          </gpxtpx:TrackPointExtension>
        </extensions>
      </trkpt>
      <trkpt lat="43.658179" lon="4.107867">
        <ele>4.75</ele>
        <extensions>
          <gpxtpx:TrackPointExtension>
            <gpxtpx:Extensions>
              <highway>unclassified</highway>
              <cycleway>shared_lane</cycleway>
            </gpxtpx:Extensions>
          </gpxtpx:TrackPointExtension>
        </extensions>
      </trkpt>
      <trkpt lat="43.658116" lon="4.108022">
        <ele>4.25</ele>
        <extensions>
          <gpxtpx:TrackPointExtension>
            <gpxtpx:Extensions>
              <highway>unclassified</highway>
              <cycleway>shared_lane</cycleway>
            </gpxtpx:Extensions>
          </gpxtpx:TrackPointExtension>
        </extensions>
      </trkpt>
      <trkpt lat="43.658059" lon="4.108125">
        <ele>4</ele>
        <extensions>
          <gpxtpx:TrackPointExtension>
            <gpxtpx:Extensions>
              <highway>unclassified</highway>
              <cycleway>shared_lane</cycleway>
            </gpxtpx:Extensions>
          </gpxtpx:TrackPointExtension>
        </extensions>
      </trkpt>
      <trkpt lat="43.657882" lon="4.108383">
        <ele>3.25</ele>
        <extensions>
          <gpxtpx:TrackPointExtension>
            <gpxtpx:Extensions>
              <highway>unclassified</highway>
              <cycleway>shared_lane</cycleway>
            </gpxtpx:Extensions>
          </gpxtpx:TrackPointExtension>
        </extensions>
      </trkpt>
      <trkpt lat="43.657802" lon="4.108538">
        <ele>3</ele>
        <extensions>
          <gpxtpx:TrackPointExtension>
            <gpxtpx:Extensions>
              <highway>unclassified</highway>
              <cycleway>shared_lane</cycleway>
            </gpxtpx:Extensions>
          </gpxtpx:TrackPointExtension>
        </extensions>
      </trkpt>
      <trkpt lat="43.657767" lon="4.108625">
        <ele>2.75</ele>
        <extensions>
          <gpxtpx:TrackPointExtension>
            <gpxtpx:Extensions>
              <highway>unclassified</highway>
              <cycleway>shared_lane</cycleway>
            </gpxtpx:Extensions>
          </gpxtpx:TrackPointExtension>
        </extensions>
      </trkpt>
      <trkpt lat="43.657747" lon="4.10872">
        <ele>2.75</ele>
        <extensions>
          <gpxtpx:TrackPointExtension>
            <gpxtpx:Extensions>
              <highway>unclassified</highway>
              <cycleway>shared_lane</cycleway>
            </gpxtpx:Extensions>
          </gpxtpx:TrackPointExtension>
        </extensions>
      </trkpt>
      <trkpt lat="43.657742" lon="4.10885">
        <ele>2.5</ele>
        <extensions>
          <gpxtpx:TrackPointExtension>
            <gpxtpx:Extensions>
              <highway>unclassified</highway>
              <cycleway>shared_lane</cycleway>
            </gpxtpx:Extensions>
          </gpxtpx:TrackPointExtension>
        </extensions>
      </trkpt>
      <trkpt lat="43.657771" lon="4.108941">
        <ele>2.5</ele>
        <extensions>
          <gpxtpx:TrackPointExtension>
            <gpxtpx:Extensions>
              <highway>unclassified</highway>
              <cycleway>shared_lane</cycleway>
            </gpxtpx:Extensions>
          </gpxtpx:TrackPointExtension>
        </extensions>
      </trkpt>
      <trkpt lat="43.65842" lon="4.110145">
        <ele>4.5</ele>
        <extensions>
          <gpxtpx:TrackPointExtension>
            <gpxtpx:Extensions>
              <highway>unclassified</highway>
              <cycleway>shared_lane</cycleway>
            </gpxtpx:Extensions>
          </gpxtpx:TrackPointExtension>
        </extensions>
      </trkpt>
      <trkpt lat="43.658579" lon="4.110369">
        <ele>3.75</ele>
        <extensions>
          <gpxtpx:TrackPointExtension>
            <gpxtpx:Extensions>
              <highway>unclassified</highway>
              <cycleway>shared_lane</cycleway>
            </gpxtpx:Extensions>
          </gpxtpx:TrackPointExtension>
        </extensions>
      </trkpt>
      <trkpt lat="43.658864" lon="4.110816">
        <ele>1.75</ele>
        <extensions>
          <gpxtpx:TrackPointExtension>
            <gpxtpx:Extensions>
              <highway>unclassified</highway>
              <cycleway>shared_lane</cycleway>
            </gpxtpx:Extensions>
          </gpxtpx:TrackPointExtension>
        </extensions>
      </trkpt>
      <trkpt lat="43.659003" lon="4.111019">
        <ele>1.75</ele>
        <extensions>
          <gpxtpx:TrackPointExtension>
            <gpxtpx:Extensions>
              <highway>unclassified</highway>
              <cycleway>shared_lane</cycleway>
            </gpxtpx:Extensions>
          </gpxtpx:TrackPointExtension>
        </extensions>
      </trkpt>
      <trkpt lat="43.659027" lon="4.111054">
        <ele>1.75</ele>
        <extensions>
          <gpxtpx:TrackPointExtension>
            <gpxtpx:Extensions>
              <highway>unclassified</highway>
              <cycleway>shared_lane</cycleway>
            </gpxtpx:Extensions>
          </gpxtpx:TrackPointExtension>
        </extensions>
      </trkpt>
      <trkpt lat="43.659091" lon="4.111177">
        <ele>2</ele>
        <extensions>
          <gpxtpx:TrackPointExtension>
            <gpxtpx:Extensions>
              <highway>residential</highway>
              <surface>asphalt</surface>
              <cycleway>shared_lane</cycleway>
            </gpxtpx:Extensions>
          </gpxtpx:TrackPointExtension>
        </extensions>
      </trkpt>
      <trkpt lat="43.659106" lon="4.111207">
        <ele>2</ele>
        <extensions>
          <gpxtpx:TrackPointExtension>
            <gpxtpx:Extensions>
              <highway>residential</highway>
              <surface>asphalt</surface>
              <cycleway>shared_lane</cycleway>
            </gpxtpx:Extensions>
          </gpxtpx:TrackPointExtension>
        </extensions>
      </trkpt>
      <trkpt lat="43.65939" lon="4.111798">
        <ele>3.75</ele>
        <extensions>
          <gpxtpx:TrackPointExtension>
            <gpxtpx:Extensions>
              <highway>residential</highway>
              <surface>asphalt</surface>
              <cycleway>shared_lane</cycleway>
            </gpxtpx:Extensions>
          </gpxtpx:TrackPointExtension>
        </extensions>
      </trkpt>
      <trkpt lat="43.659516" lon="4.112141">
        <ele>4.5</ele>
        <extensions>
          <gpxtpx:TrackPointExtension>
            <gpxtpx:Extensions>
              <highway>residential</highway>
              <surface>asphalt</surface>
              <cycleway>shared_lane</cycleway>
            </gpxtpx:Extensions>
          </gpxtpx:TrackPointExtension>
        </extensions>
      </trkpt>
      <trkpt lat="43.659529" lon="4.112179">
        <ele>4.75</ele>
        <extensions>
          <gpxtpx:TrackPointExtension>
            <gpxtpx:Extensions>
              <highway>residential</highway>
              <surface>asphalt</surface>
              <cycleway_right>lane</cycleway_right>
            </gpxtpx:Extensions>
          </gpxtpx:TrackPointExtension>
        </extensions>
      </trkpt>
      <trkpt lat="43.659547" lon="4.112227">
        <ele>4.75</ele>
        <extensions>
          <gpxtpx:TrackPointExtension>
            <gpxtpx:Extensions>
              <highway>residential</highway>
              <surface>asphalt</surface>
              <cycleway_right>lane</cycleway_right>
            </gpxtpx:Extensions>
          </gpxtpx:TrackPointExtension>
        </extensions>
      </trkpt>
      <trkpt lat="43.659568" lon="4.112284">
        <ele>5</ele>
        <extensions>
          <gpxtpx:TrackPointExtension>
            <gpxtpx:Extensions>
              <highway>residential</highway>
              <surface>asphalt</surface>
              <cycleway_right>lane</cycleway_right>
            </gpxtpx:Extensions>
          </gpxtpx:TrackPointExtension>
        </extensions>
      </trkpt>
      <trkpt lat="43.659872" lon="4.113101">
        <ele>6.5</ele>
        <extensions>
          <gpxtpx:TrackPointExtension>
            <gpxtpx:Extensions>
              <reversedirection>yes</reversedirection>
              <highway>residential</highway>
            </gpxtpx:Extensions>
          </gpxtpx:TrackPointExtension>
        </extensions>
      </trkpt>
      <trkpt lat="43.659893" lon="4.113087">
        <ele>6.5</ele>
        <extensions>
          <gpxtpx:TrackPointExtension>
            <gpxtpx:Extensions>
              <reversedirection>yes</reversedirection>
              <highway>cycleway</highway>
              <surface>asphalt</surface>
            </gpxtpx:Extensions>
          </gpxtpx:TrackPointExtension>
        </extensions>
      </trkpt>
      <trkpt lat="43.660072" lon="4.113512">
        <ele>7</ele>
        <extensions>
          <gpxtpx:TrackPointExtension>
            <gpxtpx:Extensions>
              <reversedirection>yes</reversedirection>
              <highway>cycleway</highway>
              <surface>asphalt</surface>
            </gpxtpx:Extensions>
          </gpxtpx:TrackPointExtension>
        </extensions>
      </trkpt>
      <trkpt lat="43.660342" lon="4.114153">
        <ele>7.25</ele>
        <extensions>
          <gpxtpx:TrackPointExtension>
            <gpxtpx:Extensions>
              <reversedirection>yes</reversedirection>
              <highway>cycleway</highway>
              <surface>asphalt</surface>
            </gpxtpx:Extensions>
          </gpxtpx:TrackPointExtension>
        </extensions>
      </trkpt>
      <trkpt lat="43.660673" lon="4.114888">
        <ele>6.75</ele>
        <extensions>
          <gpxtpx:TrackPointExtension>
            <gpxtpx:Extensions>
              <reversedirection>yes</reversedirection>
              <highway>cycleway</highway>
              <surface>asphalt</surface>
            </gpxtpx:Extensions>
          </gpxtpx:TrackPointExtension>
        </extensions>
      </trkpt>
      <trkpt lat="43.660851" lon="4.115284">
        <ele>7</ele>
        <extensions>
          <gpxtpx:TrackPointExtension>
            <gpxtpx:Extensions>
              <reversedirection>yes</reversedirection>
              <highway>cycleway</highway>
              <surface>asphalt</surface>
            </gpxtpx:Extensions>
          </gpxtpx:TrackPointExtension>
        </extensions>
      </trkpt>
      <trkpt lat="43.661384" lon="4.116367">
        <ele>7.25</ele>
        <extensions>
          <gpxtpx:TrackPointExtension>
            <gpxtpx:Extensions>
              <reversedirection>yes</reversedirection>
              <highway>cycleway</highway>
              <surface>asphalt</surface>
            </gpxtpx:Extensions>
          </gpxtpx:TrackPointExtension>
        </extensions>
      </trkpt>
      <trkpt lat="43.66218" lon="4.117965">
        <ele>6.5</ele>
        <extensions>
          <gpxtpx:TrackPointExtension>
            <gpxtpx:Extensions>
              <reversedirection>yes</reversedirection>
              <highway>cycleway</highway>
              <surface>asphalt</surface>
            </gpxtpx:Extensions>
          </gpxtpx:TrackPointExtension>
        </extensions>
      </trkpt>
      <trkpt lat="43.662277" lon="4.118118">
        <ele>6.25</ele>
        <extensions>
          <gpxtpx:TrackPointExtension>
            <gpxtpx:Extensions>
              <highway>cycleway</highway>
              <surface>asphalt</surface>
              <route_bicycle_lcn>yes</route_bicycle_lcn>
            </gpxtpx:Extensions>
          </gpxtpx:TrackPointExtension>
        </extensions>
      </trkpt>
      <trkpt lat="43.662356" lon="4.118222">
        <ele>6.25</ele>
        <extensions>
          <gpxtpx:TrackPointExtension>
            <gpxtpx:Extensions>
              <highway>cycleway</highway>
              <surface>asphalt</surface>
              <route_bicycle_lcn>yes</route_bicycle_lcn>
            </gpxtpx:Extensions>
          </gpxtpx:TrackPointExtension>
        </extensions>
      </trkpt>
      <trkpt lat="43.662983" lon="4.11851">
        <ele>7</ele>
        <extensions>
          <gpxtpx:TrackPointExtension>
            <gpxtpx:Extensions>
              <highway>cycleway</highway>
              <surface>asphalt</surface>
              <route_bicycle_lcn>yes</route_bicycle_lcn>
            </gpxtpx:Extensions>
          </gpxtpx:TrackPointExtension>
        </extensions>
      </trkpt>
      <trkpt lat="43.66333" lon="4.118714">
        <ele>7.5</ele>
        <extensions>
          <gpxtpx:TrackPointExtension>
            <gpxtpx:Extensions>
              <highway>cycleway</highway>
              <surface>asphalt</surface>
              <route_bicycle_lcn>yes</route_bicycle_lcn>
            </gpxtpx:Extensions>
          </gpxtpx:TrackPointExtension>
        </extensions>
      </trkpt>
      <trkpt lat="43.663542" lon="4.118907">
        <ele>7</ele>
        <extensions>
          <gpxtpx:TrackPointExtension>
            <gpxtpx:Extensions>
              <highway>cycleway</highway>
              <surface>asphalt</surface>
              <route_bicycle_lcn>yes</route_bicycle_lcn>
            </gpxtpx:Extensions>
          </gpxtpx:TrackPointExtension>
        </extensions>
      </trkpt>
      <trkpt lat="43.663783" lon="4.1191">
        <ele>6.75</ele>
        <extensions>
          <gpxtpx:TrackPointExtension>
            <gpxtpx:Extensions>
              <highway>cycleway</highway>
              <surface>asphalt</surface>
              <route_bicycle_lcn>yes</route_bicycle_lcn>
            </gpxtpx:Extensions>
          </gpxtpx:TrackPointExtension>
        </extensions>
      </trkpt>
      <trkpt lat="43.664917" lon="4.120325">
        <ele>6</ele>
        <extensions>
          <gpxtpx:TrackPointExtension>
            <gpxtpx:Extensions>
              <highway>cycleway</highway>
              <surface>asphalt</surface>
              <route_bicycle_lcn>yes</route_bicycle_lcn>
            </gpxtpx:Extensions>
          </gpxtpx:TrackPointExtension>
        </extensions>
      </trkpt>
      <trkpt lat="43.665043" lon="4.120486">
        <ele>5.75</ele>
        <extensions>
          <gpxtpx:TrackPointExtension>
            <gpxtpx:Extensions>
              <highway>cycleway</highway>
              <surface>asphalt</surface>
              <route_bicycle_lcn>yes</route_bicycle_lcn>
            </gpxtpx:Extensions>
          </gpxtpx:TrackPointExtension>
        </extensions>
      </trkpt>
      <trkpt lat="43.665086" lon="4.120546">
        <ele>5.75</ele>
        <extensions>
          <gpxtpx:TrackPointExtension>
            <gpxtpx:Extensions>
              <highway>cycleway</highway>
              <surface>asphalt</surface>
              <route_bicycle_lcn>yes</route_bicycle_lcn>
            </gpxtpx:Extensions>
          </gpxtpx:TrackPointExtension>
        </extensions>
      </trkpt>
      <trkpt lat="43.665116" lon="4.120644">
        <ele>5.75</ele>
        <extensions>
          <gpxtpx:TrackPointExtension>
            <gpxtpx:Extensions>
              <highway>cycleway</highway>
              <surface>asphalt</surface>
              <route_bicycle_lcn>yes</route_bicycle_lcn>
            </gpxtpx:Extensions>
          </gpxtpx:TrackPointExtension>
        </extensions>
      </trkpt>
      <trkpt lat="43.665459" lon="4.121136">
        <ele>5.25</ele>
        <extensions>
          <gpxtpx:TrackPointExtension>
            <gpxtpx:Extensions>
              <highway>cycleway</highway>
              <surface>asphalt</surface>
              <route_bicycle_lcn>yes</route_bicycle_lcn>
            </gpxtpx:Extensions>
          </gpxtpx:TrackPointExtension>
        </extensions>
      </trkpt>
      <trkpt lat="43.665693" lon="4.12144">
        <ele>5</ele>
        <extensions>
          <gpxtpx:TrackPointExtension>
            <gpxtpx:Extensions>
              <highway>cycleway</highway>
              <surface>asphalt</surface>
              <route_bicycle_lcn>yes</route_bicycle_lcn>
            </gpxtpx:Extensions>
          </gpxtpx:TrackPointExtension>
        </extensions>
      </trkpt>
      <trkpt lat="43.665807" lon="4.121505">
        <ele>5</ele>
        <extensions>
          <gpxtpx:TrackPointExtension>
            <gpxtpx:Extensions>
              <highway>cycleway</highway>
              <surface>asphalt</surface>
              <route_bicycle_lcn>yes</route_bicycle_lcn>
            </gpxtpx:Extensions>
          </gpxtpx:TrackPointExtension>
        </extensions>
      </trkpt>
      <trkpt lat="43.666023" lon="4.121785">
        <ele>5.25</ele>
        <extensions>
          <gpxtpx:TrackPointExtension>
            <gpxtpx:Extensions>
              <highway>cycleway</highway>
              <surface>asphalt</surface>
              <route_bicycle_lcn>yes</route_bicycle_lcn>
            </gpxtpx:Extensions>
          </gpxtpx:TrackPointExtension>
        </extensions>
      </trkpt>
      <trkpt lat="43.666265" lon="4.122065">
        <ele>5.5</ele>
        <extensions>
          <gpxtpx:TrackPointExtension>
            <gpxtpx:Extensions>
              <highway>cycleway</highway>
              <surface>asphalt</surface>
              <route_bicycle_lcn>yes</route_bicycle_lcn>
            </gpxtpx:Extensions>
          </gpxtpx:TrackPointExtension>
        </extensions>
      </trkpt>
      <trkpt lat="43.666341" lon="4.122114">
        <ele>5.75</ele>
        <extensions>
          <gpxtpx:TrackPointExtension>
            <gpxtpx:Extensions>
              <highway>cycleway</highway>
              <surface>asphalt</surface>
              <route_bicycle_lcn>yes</route_bicycle_lcn>
            </gpxtpx:Extensions>
          </gpxtpx:TrackPointExtension>
        </extensions>
      </trkpt>
      <trkpt lat="43.666447" lon="4.122136">
        <ele>5.75</ele>
        <extensions>
          <gpxtpx:TrackPointExtension>
            <gpxtpx:Extensions>
              <highway>cycleway</highway>
              <surface>asphalt</surface>
              <route_bicycle_lcn>yes</route_bicycle_lcn>
            </gpxtpx:Extensions>
          </gpxtpx:TrackPointExtension>
        </extensions>
      </trkpt>
      <trkpt lat="43.66657" lon="4.122201">
        <ele>5.75</ele>
        <extensions>
          <gpxtpx:TrackPointExtension>
            <gpxtpx:Extensions>
              <highway>cycleway</highway>
              <surface>asphalt</surface>
              <route_bicycle_lcn>yes</route_bicycle_lcn>
            </gpxtpx:Extensions>
          </gpxtpx:TrackPointExtension>
        </extensions>
      </trkpt>
      <trkpt lat="43.666659" lon="4.1223">
        <ele>5.75</ele>
        <extensions>
          <gpxtpx:TrackPointExtension>
            <gpxtpx:Extensions>
              <highway>cycleway</highway>
              <surface>asphalt</surface>
              <route_bicycle_lcn>yes</route_bicycle_lcn>
            </gpxtpx:Extensions>
          </gpxtpx:TrackPointExtension>
        </extensions>
      </trkpt>
      <trkpt lat="43.666762" lon="4.122528">
        <ele>6.25</ele>
        <extensions>
          <gpxtpx:TrackPointExtension>
            <gpxtpx:Extensions>
              <highway>cycleway</highway>
              <surface>asphalt</surface>
              <route_bicycle_lcn>yes</route_bicycle_lcn>
            </gpxtpx:Extensions>
          </gpxtpx:TrackPointExtension>
        </extensions>
      </trkpt>
      <trkpt lat="43.66682" lon="4.122618">
        <ele>6.5</ele>
        <extensions>
          <gpxtpx:TrackPointExtension>
            <gpxtpx:Extensions>
              <highway>cycleway</highway>
              <surface>asphalt</surface>
              <route_bicycle_lcn>yes</route_bicycle_lcn>
            </gpxtpx:Extensions>
          </gpxtpx:TrackPointExtension>
        </extensions>
      </trkpt>
      <trkpt lat="43.666844" lon="4.122675">
        <ele>6.75</ele>
        <extensions>
          <gpxtpx:TrackPointExtension>
            <gpxtpx:Extensions>
              <highway>cycleway</highway>
              <surface>asphalt</surface>
              <route_bicycle_lcn>yes</route_bicycle_lcn>
            </gpxtpx:Extensions>
          </gpxtpx:TrackPointExtension>
        </extensions>
      </trkpt>
      <trkpt lat="43.666769" lon="4.122783">
        <ele>6.75</ele>
        <extensions>
          <gpxtpx:TrackPointExtension>
            <gpxtpx:Extensions>
              <highway>cycleway</highway>
              <surface>asphalt</surface>
              <route_bicycle_lcn>yes</route_bicycle_lcn>
            </gpxtpx:Extensions>
          </gpxtpx:TrackPointExtension>
        </extensions>
      </trkpt>
      <trkpt lat="43.666617" lon="4.122834">
        <ele>6.75</ele>
        <extensions>
          <gpxtpx:TrackPointExtension>
            <gpxtpx:Extensions>
              <highway>cycleway</highway>
              <surface>asphalt</surface>
              <route_bicycle_lcn>yes</route_bicycle_lcn>
            </gpxtpx:Extensions>
          </gpxtpx:TrackPointExtension>
        </extensions>
      </trkpt>
      <trkpt lat="43.666569" lon="4.122879">
        <ele>6.75</ele>
        <extensions>
          <gpxtpx:TrackPointExtension>
            <gpxtpx:Extensions>
              <highway>cycleway</highway>
              <surface>asphalt</surface>
              <route_bicycle_lcn>yes</route_bicycle_lcn>
            </gpxtpx:Extensions>
          </gpxtpx:TrackPointExtension>
        </extensions>
      </trkpt>
      <trkpt lat="43.666542" lon="4.122925">
        <ele>6.75</ele>
        <extensions>
          <gpxtpx:TrackPointExtension>
            <gpxtpx:Extensions>
              <highway>cycleway</highway>
              <surface>asphalt</surface>
              <route_bicycle_lcn>yes</route_bicycle_lcn>
            </gpxtpx:Extensions>
          </gpxtpx:TrackPointExtension>
        </extensions>
      </trkpt>
      <trkpt lat="43.666503" lon="4.122921">
        <ele>6.75</ele>
        <extensions>
          <gpxtpx:TrackPointExtension>
            <gpxtpx:Extensions>
              <highway>cycleway</highway>
              <surface>asphalt</surface>
              <route_bicycle_lcn>yes</route_bicycle_lcn>
            </gpxtpx:Extensions>
          </gpxtpx:TrackPointExtension>
        </extensions>
      </trkpt>
      <trkpt lat="43.666424" lon="4.122908">
        <ele>6.5</ele>
        <extensions>
          <gpxtpx:TrackPointExtension>
            <gpxtpx:Extensions>
              <highway>cycleway</highway>
              <surface>asphalt</surface>
              <route_bicycle_lcn>yes</route_bicycle_lcn>
            </gpxtpx:Extensions>
          </gpxtpx:TrackPointExtension>
        </extensions>
      </trkpt>
      <trkpt lat="43.666379" lon="4.122921">
        <ele>6.5</ele>
        <extensions>
          <gpxtpx:TrackPointExtension>
            <gpxtpx:Extensions>
              <highway>footway</highway>
            </gpxtpx:Extensions>
          </gpxtpx:TrackPointExtension>
        </extensions>
      </trkpt>
      <trkpt lat="43.666422" lon="4.123022">
        <ele>6.75</ele>
        <extensions>
          <gpxtpx:TrackPointExtension>
            <gpxtpx:Extensions>
              <highway>footway</highway>
            </gpxtpx:Extensions>
          </gpxtpx:TrackPointExtension>
        </extensions>
      </trkpt>
      <trkpt lat="43.666615" lon="4.123598">
        <ele>7.75</ele>
        <extensions>
          <gpxtpx:TrackPointExtension>
            <gpxtpx:Extensions>
              <highway>cycleway</highway>
              <surface>asphalt</surface>
              <foot>yes</foot>
              <segregated>yes</segregated>
              <route_bicycle_lcn>yes</route_bicycle_lcn>
            </gpxtpx:Extensions>
          </gpxtpx:TrackPointExtension>
        </extensions>
      </trkpt>
      <trkpt lat="43.666583" lon="4.12374">
        <ele>7.75</ele>
        <extensions>
          <gpxtpx:TrackPointExtension>
            <gpxtpx:Extensions>
              <highway>cycleway</highway>
              <surface>asphalt</surface>
              <foot>yes</foot>
              <segregated>yes</segregated>
              <route_bicycle_lcn>yes</route_bicycle_lcn>
            </gpxtpx:Extensions>
          </gpxtpx:TrackPointExtension>
        </extensions>
      </trkpt>
      <trkpt lat="43.666961" lon="4.125334">
        <ele>6.75</ele>
        <extensions>
          <gpxtpx:TrackPointExtension>
            <gpxtpx:Extensions>
              <highway>cycleway</highway>
              <surface>asphalt</surface>
              <foot>yes</foot>
              <segregated>yes</segregated>
              <route_bicycle_lcn>yes</route_bicycle_lcn>
            </gpxtpx:Extensions>
          </gpxtpx:TrackPointExtension>
        </extensions>
      </trkpt>
      <trkpt lat="43.667046" lon="4.12567">
        <ele>6.75</ele>
        <extensions>
          <gpxtpx:TrackPointExtension>
            <gpxtpx:Extensions>
              <highway>cycleway</highway>
              <surface>asphalt</surface>
              <foot>yes</foot>
              <segregated>yes</segregated>
              <route_bicycle_lcn>yes</route_bicycle_lcn>
            </gpxtpx:Extensions>
          </gpxtpx:TrackPointExtension>
        </extensions>
      </trkpt>
      <trkpt lat="43.667062" lon="4.125732">
        <ele>6.75</ele>
        <extensions>
          <gpxtpx:TrackPointExtension>
            <gpxtpx:Extensions>
              <highway>cycleway</highway>
              <surface>asphalt</surface>
              <foot>yes</foot>
              <segregated>yes</segregated>
              <route_bicycle_lcn>yes</route_bicycle_lcn>
            </gpxtpx:Extensions>
          </gpxtpx:TrackPointExtension>
        </extensions>
      </trkpt>
      <trkpt lat="43.667148" lon="4.12603">
        <ele>6.75</ele>
        <extensions>
          <gpxtpx:TrackPointExtension>
            <gpxtpx:Extensions>
              <highway>cycleway</highway>
              <surface>asphalt</surface>
              <foot>yes</foot>
              <segregated>yes</segregated>
              <route_bicycle_lcn>yes</route_bicycle_lcn>
            </gpxtpx:Extensions>
          </gpxtpx:TrackPointExtension>
        </extensions>
      </trkpt>
      <trkpt lat="43.667286" lon="4.126437">
        <ele>6</ele>
        <extensions>
          <gpxtpx:TrackPointExtension>
            <gpxtpx:Extensions>
              <highway>cycleway</highway>
              <surface>asphalt</surface>
              <foot>yes</foot>
              <segregated>yes</segregated>
              <route_bicycle_lcn>yes</route_bicycle_lcn>
            </gpxtpx:Extensions>
          </gpxtpx:TrackPointExtension>
        </extensions>
      </trkpt>
      <trkpt lat="43.667465" lon="4.126793">
        <ele>5.5</ele>
        <extensions>
          <gpxtpx:TrackPointExtension>
            <gpxtpx:Extensions>
              <highway>cycleway</highway>
              <surface>asphalt</surface>
              <foot>yes</foot>
              <segregated>yes</segregated>
              <route_bicycle_lcn>yes</route_bicycle_lcn>
            </gpxtpx:Extensions>
          </gpxtpx:TrackPointExtension>
        </extensions>
      </trkpt>
      <trkpt lat="43.667714" lon="4.127126">
        <ele>5</ele>
        <extensions>
          <gpxtpx:TrackPointExtension>
            <gpxtpx:Extensions>
              <highway>cycleway</highway>
              <surface>asphalt</surface>
              <foot>yes</foot>
              <segregated>yes</segregated>
              <route_bicycle_lcn>yes</route_bicycle_lcn>
            </gpxtpx:Extensions>
          </gpxtpx:TrackPointExtension>
        </extensions>
      </trkpt>
      <trkpt lat="43.667909" lon="4.127313">
        <ele>4.75</ele>
        <extensions>
          <gpxtpx:TrackPointExtension>
            <gpxtpx:Extensions>
              <highway>cycleway</highway>
              <surface>asphalt</surface>
              <foot>yes</foot>
              <segregated>yes</segregated>
              <route_bicycle_lcn>yes</route_bicycle_lcn>
            </gpxtpx:Extensions>
          </gpxtpx:TrackPointExtension>
        </extensions>
      </trkpt>
      <trkpt lat="43.667935" lon="4.12742">
        <ele>4.5</ele>
        <extensions>
          <gpxtpx:TrackPointExtension>
            <gpxtpx:Extensions>
              <reversedirection>yes</reversedirection>
              <highway>cycleway</highway>
              <surface>asphalt</surface>
              <foot>yes</foot>
              <segregated>yes</segregated>
            </gpxtpx:Extensions>
          </gpxtpx:TrackPointExtension>
        </extensions>
      </trkpt>
      <trkpt lat="43.667953" lon="4.127493">
        <ele>4.5</ele>
        <extensions>
          <gpxtpx:TrackPointExtension>
            <gpxtpx:Extensions>
              <reversedirection>yes</reversedirection>
              <highway>unclassified</highway>
              <surface>asphalt</surface>
              <maxspeed>50</maxspeed>
              <route_bicycle_lcn>yes</route_bicycle_lcn>
            </gpxtpx:Extensions>
          </gpxtpx:TrackPointExtension>
        </extensions>
      </trkpt>
      <trkpt lat="43.667722" lon="4.127497">
        <ele>4.25</ele>
        <extensions>
          <gpxtpx:TrackPointExtension>
            <gpxtpx:Extensions>
              <reversedirection>yes</reversedirection>
              <highway>unclassified</highway>
              <surface>asphalt</surface>
              <maxspeed>50</maxspeed>
              <route_bicycle_lcn>yes</route_bicycle_lcn>
            </gpxtpx:Extensions>
          </gpxtpx:TrackPointExtension>
        </extensions>
      </trkpt>
      <trkpt lat="43.66764" lon="4.127512">
        <ele>4</ele>
        <extensions>
          <gpxtpx:TrackPointExtension>
            <gpxtpx:Extensions>
              <reversedirection>yes</reversedirection>
              <highway>unclassified</highway>
              <surface>asphalt</surface>
              <maxspeed>50</maxspeed>
              <route_bicycle_lcn>yes</route_bicycle_lcn>
            </gpxtpx:Extensions>
          </gpxtpx:TrackPointExtension>
        </extensions>
      </trkpt>
      <trkpt lat="43.667286" lon="4.12758">
        <ele>4</ele>
        <extensions>
          <gpxtpx:TrackPointExtension>
            <gpxtpx:Extensions>
              <reversedirection>yes</reversedirection>
              <highway>unclassified</highway>
              <surface>asphalt</surface>
              <maxspeed>50</maxspeed>
              <route_bicycle_lcn>yes</route_bicycle_lcn>
            </gpxtpx:Extensions>
          </gpxtpx:TrackPointExtension>
        </extensions>
      </trkpt>
      <trkpt lat="43.667049" lon="4.127625">
        <ele>4</ele>
        <extensions>
          <gpxtpx:TrackPointExtension>
            <gpxtpx:Extensions>
              <reversedirection>yes</reversedirection>
              <highway>unclassified</highway>
              <surface>asphalt</surface>
              <maxspeed>50</maxspeed>
              <route_bicycle_lcn>yes</route_bicycle_lcn>
            </gpxtpx:Extensions>
          </gpxtpx:TrackPointExtension>
        </extensions>
      </trkpt>
      <trkpt lat="43.666813" lon="4.12767">
        <ele>4</ele>
        <extensions>
          <gpxtpx:TrackPointExtension>
            <gpxtpx:Extensions>
              <reversedirection>yes</reversedirection>
              <highway>unclassified</highway>
              <surface>asphalt</surface>
              <maxspeed>50</maxspeed>
              <route_bicycle_lcn>yes</route_bicycle_lcn>
            </gpxtpx:Extensions>
          </gpxtpx:TrackPointExtension>
        </extensions>
      </trkpt>
      <trkpt lat="43.666494" lon="4.12773">
        <ele>3.75</ele>
        <extensions>
          <gpxtpx:TrackPointExtension>
            <gpxtpx:Extensions>
              <reversedirection>yes</reversedirection>
              <highway>unclassified</highway>
              <surface>asphalt</surface>
              <maxspeed>50</maxspeed>
              <route_bicycle_lcn>yes</route_bicycle_lcn>
            </gpxtpx:Extensions>
          </gpxtpx:TrackPointExtension>
        </extensions>
      </trkpt>
      <trkpt lat="43.66642" lon="4.127761">
        <ele>3.75</ele>
        <extensions>
          <gpxtpx:TrackPointExtension>
            <gpxtpx:Extensions>
              <reversedirection>yes</reversedirection>
              <highway>unclassified</highway>
              <surface>asphalt</surface>
              <maxspeed>50</maxspeed>
              <route_bicycle_lcn>yes</route_bicycle_lcn>
            </gpxtpx:Extensions>
          </gpxtpx:TrackPointExtension>
        </extensions>
      </trkpt>
      <trkpt lat="43.665641" lon="4.12814">
        <ele>3.75</ele>
        <extensions>
          <gpxtpx:TrackPointExtension>
            <gpxtpx:Extensions>
              <reversedirection>yes</reversedirection>
              <highway>unclassified</highway>
              <surface>asphalt</surface>
              <maxspeed>50</maxspeed>
              <route_bicycle_lcn>yes</route_bicycle_lcn>
            </gpxtpx:Extensions>
          </gpxtpx:TrackPointExtension>
        </extensions>
      </trkpt>
      <trkpt lat="43.665325" lon="4.128294">
        <ele>3.75</ele>
        <extensions>
          <gpxtpx:TrackPointExtension>
            <gpxtpx:Extensions>
              <reversedirection>yes</reversedirection>
              <highway>track</highway>
              <tracktype>grade1</tracktype>
              <route_bicycle_lcn>yes</route_bicycle_lcn>
            </gpxtpx:Extensions>
          </gpxtpx:TrackPointExtension>
        </extensions>
      </trkpt>
      <trkpt lat="43.665219" lon="4.128363">
        <ele>3.75</ele>
        <extensions>
          <gpxtpx:TrackPointExtension>
            <gpxtpx:Extensions>
              <reversedirection>yes</reversedirection>
              <highway>track</highway>
              <tracktype>grade1</tracktype>
              <route_bicycle_lcn>yes</route_bicycle_lcn>
            </gpxtpx:Extensions>
          </gpxtpx:TrackPointExtension>
        </extensions>
      </trkpt>
      <trkpt lat="43.665141" lon="4.128397">
        <ele>3.75</ele>
        <extensions>
          <gpxtpx:TrackPointExtension>
            <gpxtpx:Extensions>
              <reversedirection>yes</reversedirection>
              <highway>path</highway>
            </gpxtpx:Extensions>
          </gpxtpx:TrackPointExtension>
        </extensions>
      </trkpt>
      <trkpt lat="43.665152" lon="4.128474">
        <ele>3.75</ele>
        <extensions>
          <gpxtpx:TrackPointExtension>
            <gpxtpx:Extensions>
              <reversedirection>yes</reversedirection>
              <highway>path</highway>
            </gpxtpx:Extensions>
          </gpxtpx:TrackPointExtension>
        </extensions>
      </trkpt>
      <trkpt lat="43.665159" lon="4.128513">
        <ele>3.5</ele>
        <extensions>
          <gpxtpx:TrackPointExtension>
            <gpxtpx:Extensions>
              <reversedirection>yes</reversedirection>
              <highway>footway</highway>
              <bicycle>yes</bicycle>
              <segregated>no</segregated>
            </gpxtpx:Extensions>
          </gpxtpx:TrackPointExtension>
        </extensions>
      </trkpt>
      <trkpt lat="43.665234" lon="4.128858">
        <ele>3.25</ele>
        <extensions>
          <gpxtpx:TrackPointExtension>
            <gpxtpx:Extensions>
              <reversedirection>yes</reversedirection>
              <highway>footway</highway>
              <bicycle>yes</bicycle>
              <segregated>no</segregated>
            </gpxtpx:Extensions>
          </gpxtpx:TrackPointExtension>
        </extensions>
      </trkpt>
      <trkpt lat="43.665247" lon="4.128896">
        <ele>3</ele>
        <extensions>
          <gpxtpx:TrackPointExtension>
            <gpxtpx:Extensions>
              <reversedirection>yes</reversedirection>
              <highway>path</highway>
              <surface>fine_gravel</surface>
              <foot>designated</foot>
              <bicycle>designated</bicycle>
              <route_bicycle_rcn>yes</route_bicycle_rcn>
            </gpxtpx:Extensions>
          </gpxtpx:TrackPointExtension>
        </extensions>
      </trkpt>
      <trkpt lat="43.664796" lon="4.129066">
        <ele>1.5</ele>
        <extensions>
          <gpxtpx:TrackPointExtension>
            <gpxtpx:Extensions>
              <reversedirection>yes</reversedirection>
              <highway>path</highway>
              <surface>fine_gravel</surface>
              <foot>designated</foot>
              <bicycle>designated</bicycle>
              <route_bicycle_rcn>yes</route_bicycle_rcn>
            </gpxtpx:Extensions>
          </gpxtpx:TrackPointExtension>
        </extensions>
      </trkpt>
      <trkpt lat="43.664669" lon="4.129073">
        <ele>1.25</ele>
        <extensions>
          <gpxtpx:TrackPointExtension>
            <gpxtpx:Extensions>
              <reversedirection>yes</reversedirection>
              <highway>path</highway>
              <surface>fine_gravel</surface>
              <foot>designated</foot>
              <bicycle>designated</bicycle>
              <route_bicycle_rcn>yes</route_bicycle_rcn>
            </gpxtpx:Extensions>
          </gpxtpx:TrackPointExtension>
        </extensions>
      </trkpt>
      <trkpt lat="43.664522" lon="4.129048">
        <ele>0.75</ele>
        <extensions>
          <gpxtpx:TrackPointExtension>
            <gpxtpx:Extensions>
              <reversedirection>yes</reversedirection>
              <highway>path</highway>
              <surface>fine_gravel</surface>
              <foot>designated</foot>
              <bicycle>designated</bicycle>
              <route_bicycle_rcn>yes</route_bicycle_rcn>
            </gpxtpx:Extensions>
          </gpxtpx:TrackPointExtension>
        </extensions>
      </trkpt>
      <trkpt lat="43.664401" lon="4.128961">
        <ele>0.5</ele>
        <extensions>
          <gpxtpx:TrackPointExtension>
            <gpxtpx:Extensions>
              <reversedirection>yes</reversedirection>
              <highway>path</highway>
              <surface>fine_gravel</surface>
              <foot>designated</foot>
              <bicycle>designated</bicycle>
              <route_bicycle_rcn>yes</route_bicycle_rcn>
            </gpxtpx:Extensions>
          </gpxtpx:TrackPointExtension>
        </extensions>
      </trkpt>
      <trkpt lat="43.663965" lon="4.12858">
        <ele>0.25</ele>
        <extensions>
          <gpxtpx:TrackPointExtension>
            <gpxtpx:Extensions>
              <reversedirection>yes</reversedirection>
              <highway>path</highway>
              <surface>fine_gravel</surface>
              <foot>designated</foot>
              <bicycle>designated</bicycle>
              <route_bicycle_rcn>yes</route_bicycle_rcn>
            </gpxtpx:Extensions>
          </gpxtpx:TrackPointExtension>
        </extensions>
      </trkpt>
      <trkpt lat="43.663804" lon="4.128504">
        <ele>0.75</ele>
        <extensions>
          <gpxtpx:TrackPointExtension>
            <gpxtpx:Extensions>
              <reversedirection>yes</reversedirection>
              <highway>path</highway>
              <surface>fine_gravel</surface>
              <foot>designated</foot>
              <bicycle>designated</bicycle>
              <route_bicycle_rcn>yes</route_bicycle_rcn>
            </gpxtpx:Extensions>
          </gpxtpx:TrackPointExtension>
        </extensions>
      </trkpt>
      <trkpt lat="43.66366" lon="4.128469">
        <ele>1</ele>
        <extensions>
          <gpxtpx:TrackPointExtension>
            <gpxtpx:Extensions>
              <reversedirection>yes</reversedirection>
              <highway>path</highway>
              <surface>fine_gravel</surface>
              <foot>designated</foot>
              <bicycle>designated</bicycle>
              <route_bicycle_rcn>yes</route_bicycle_rcn>
            </gpxtpx:Extensions>
          </gpxtpx:TrackPointExtension>
        </extensions>
      </trkpt>
      <trkpt lat="43.663175" lon="4.128525">
        <ele>1.75</ele>
        <extensions>
          <gpxtpx:TrackPointExtension>
            <gpxtpx:Extensions>
              <reversedirection>yes</reversedirection>
              <highway>path</highway>
              <surface>fine_gravel</surface>
              <foot>designated</foot>
              <bicycle>designated</bicycle>
              <route_bicycle_rcn>yes</route_bicycle_rcn>
            </gpxtpx:Extensions>
          </gpxtpx:TrackPointExtension>
        </extensions>
      </trkpt>
      <trkpt lat="43.662555" lon="4.128625">
        <ele>1.75</ele>
        <extensions>
          <gpxtpx:TrackPointExtension>
            <gpxtpx:Extensions>
              <reversedirection>yes</reversedirection>
              <highway>path</highway>
              <surface>fine_gravel</surface>
              <foot>designated</foot>
              <bicycle>designated</bicycle>
              <route_bicycle_rcn>yes</route_bicycle_rcn>
            </gpxtpx:Extensions>
          </gpxtpx:TrackPointExtension>
        </extensions>
      </trkpt>
      <trkpt lat="43.662229" lon="4.128615">
        <ele>2.25</ele>
        <extensions>
          <gpxtpx:TrackPointExtension>
            <gpxtpx:Extensions>
              <reversedirection>yes</reversedirection>
              <highway>path</highway>
              <surface>fine_gravel</surface>
              <foot>designated</foot>
              <bicycle>designated</bicycle>
              <route_bicycle_rcn>yes</route_bicycle_rcn>
            </gpxtpx:Extensions>
          </gpxtpx:TrackPointExtension>
        </extensions>
      </trkpt>
      <trkpt lat="43.66214" lon="4.128613">
        <ele>2.5</ele>
        <extensions>
          <gpxtpx:TrackPointExtension>
            <gpxtpx:Extensions>
              <reversedirection>yes</reversedirection>
              <highway>path</highway>
              <surface>fine_gravel</surface>
              <foot>designated</foot>
              <bicycle>designated</bicycle>
              <route_bicycle_rcn>yes</route_bicycle_rcn>
            </gpxtpx:Extensions>
          </gpxtpx:TrackPointExtension>
        </extensions>
      </trkpt>
      <trkpt lat="43.66198" lon="4.128631">
        <ele>2.75</ele>
        <extensions>
          <gpxtpx:TrackPointExtension>
            <gpxtpx:Extensions>
              <reversedirection>yes</reversedirection>
              <highway>path</highway>
              <surface>fine_gravel</surface>
              <foot>designated</foot>
              <bicycle>designated</bicycle>
              <route_bicycle_rcn>yes</route_bicycle_rcn>
            </gpxtpx:Extensions>
          </gpxtpx:TrackPointExtension>
        </extensions>
      </trkpt>
      <trkpt lat="43.661668" lon="4.128738">
        <ele>3.25</ele>
        <extensions>
          <gpxtpx:TrackPointExtension>
            <gpxtpx:Extensions>
              <reversedirection>yes</reversedirection>
              <highway>path</highway>
              <surface>fine_gravel</surface>
              <foot>designated</foot>
              <bicycle>designated</bicycle>
              <route_bicycle_rcn>yes</route_bicycle_rcn>
            </gpxtpx:Extensions>
          </gpxtpx:TrackPointExtension>
        </extensions>
      </trkpt>
      <trkpt lat="43.661481" lon="4.128774">
        <ele>3.5</ele>
        <extensions>
          <gpxtpx:TrackPointExtension>
            <gpxtpx:Extensions>
              <reversedirection>yes</reversedirection>
              <highway>path</highway>
              <surface>fine_gravel</surface>
              <foot>designated</foot>
              <bicycle>designated</bicycle>
              <route_bicycle_rcn>yes</route_bicycle_rcn>
            </gpxtpx:Extensions>
          </gpxtpx:TrackPointExtension>
        </extensions>
      </trkpt>
      <trkpt lat="43.661098" lon="4.128761">
        <ele>3.5</ele>
        <extensions>
          <gpxtpx:TrackPointExtension>
            <gpxtpx:Extensions>
              <reversedirection>yes</reversedirection>
              <highway>path</highway>
              <surface>fine_gravel</surface>
              <foot>designated</foot>
              <bicycle>designated</bicycle>
              <route_bicycle_rcn>yes</route_bicycle_rcn>
            </gpxtpx:Extensions>
          </gpxtpx:TrackPointExtension>
        </extensions>
      </trkpt>
      <trkpt lat="43.66078" lon="4.128843">
        <ele>3.5</ele>
        <extensions>
          <gpxtpx:TrackPointExtension>
            <gpxtpx:Extensions>
              <reversedirection>yes</reversedirection>
              <highway>path</highway>
              <surface>fine_gravel</surface>
              <foot>designated</foot>
              <bicycle>designated</bicycle>
              <route_bicycle_rcn>yes</route_bicycle_rcn>
            </gpxtpx:Extensions>
          </gpxtpx:TrackPointExtension>
        </extensions>
      </trkpt>
      <trkpt lat="43.660375" lon="4.128901">
        <ele>2.75</ele>
        <extensions>
          <gpxtpx:TrackPointExtension>
            <gpxtpx:Extensions>
              <reversedirection>yes</reversedirection>
              <highway>path</highway>
              <surface>fine_gravel</surface>
              <foot>designated</foot>
              <bicycle>designated</bicycle>
              <route_bicycle_rcn>yes</route_bicycle_rcn>
            </gpxtpx:Extensions>
          </gpxtpx:TrackPointExtension>
        </extensions>
      </trkpt>
      <trkpt lat="43.660057" lon="4.128891">
        <ele>2.25</ele>
        <extensions>
          <gpxtpx:TrackPointExtension>
            <gpxtpx:Extensions>
              <reversedirection>yes</reversedirection>
              <highway>path</highway>
              <surface>fine_gravel</surface>
              <foot>designated</foot>
              <bicycle>designated</bicycle>
              <route_bicycle_rcn>yes</route_bicycle_rcn>
            </gpxtpx:Extensions>
          </gpxtpx:TrackPointExtension>
        </extensions>
      </trkpt>
      <trkpt lat="43.658568" lon="4.128934">
        <ele>1.5</ele>
        <extensions>
          <gpxtpx:TrackPointExtension>
            <gpxtpx:Extensions>
              <reversedirection>yes</reversedirection>
              <highway>path</highway>
              <surface>fine_gravel</surface>
              <foot>designated</foot>
              <bicycle>designated</bicycle>
              <route_bicycle_rcn>yes</route_bicycle_rcn>
            </gpxtpx:Extensions>
          </gpxtpx:TrackPointExtension>
        </extensions>
      </trkpt>
      <trkpt lat="43.658332" lon="4.128927">
        <ele>1.25</ele>
        <extensions>
          <gpxtpx:TrackPointExtension>
            <gpxtpx:Extensions>
              <reversedirection>yes</reversedirection>
              <highway>path</highway>
              <surface>fine_gravel</surface>
              <foot>designated</foot>
              <bicycle>designated</bicycle>
              <route_bicycle_rcn>yes</route_bicycle_rcn>
            </gpxtpx:Extensions>
          </gpxtpx:TrackPointExtension>
        </extensions>
      </trkpt>
      <trkpt lat="43.65808" lon="4.128848">
        <ele>1.75</ele>
        <extensions>
          <gpxtpx:TrackPointExtension>
            <gpxtpx:Extensions>
              <reversedirection>yes</reversedirection>
              <highway>path</highway>
              <surface>fine_gravel</surface>
              <foot>designated</foot>
              <bicycle>designated</bicycle>
              <route_bicycle_rcn>yes</route_bicycle_rcn>
            </gpxtpx:Extensions>
          </gpxtpx:TrackPointExtension>
        </extensions>
      </trkpt>
      <trkpt lat="43.657293" lon="4.128629">
        <ele>2.5</ele>
        <extensions>
          <gpxtpx:TrackPointExtension>
            <gpxtpx:Extensions>
              <reversedirection>yes</reversedirection>
              <highway>path</highway>
              <surface>fine_gravel</surface>
              <foot>designated</foot>
              <bicycle>designated</bicycle>
              <route_bicycle_rcn>yes</route_bicycle_rcn>
            </gpxtpx:Extensions>
          </gpxtpx:TrackPointExtension>
        </extensions>
      </trkpt>
      <trkpt lat="43.656669" lon="4.128515">
        <ele>1.75</ele>
        <extensions>
          <gpxtpx:TrackPointExtension>
            <gpxtpx:Extensions>
              <reversedirection>yes</reversedirection>
              <highway>path</highway>
              <surface>fine_gravel</surface>
              <foot>designated</foot>
              <bicycle>designated</bicycle>
              <route_bicycle_rcn>yes</route_bicycle_rcn>
            </gpxtpx:Extensions>
          </gpxtpx:TrackPointExtension>
        </extensions>
      </trkpt>
      <trkpt lat="43.656359" lon="4.128504">
        <ele>2</ele>
        <extensions>
          <gpxtpx:TrackPointExtension>
            <gpxtpx:Extensions>
              <reversedirection>yes</reversedirection>
              <highway>path</highway>
              <surface>fine_gravel</surface>
              <foot>designated</foot>
              <bicycle>designated</bicycle>
              <route_bicycle_rcn>yes</route_bicycle_rcn>
            </gpxtpx:Extensions>
          </gpxtpx:TrackPointExtension>
        </extensions>
      </trkpt>
      <trkpt lat="43.655558" lon="4.128609">
        <ele>2</ele>
        <extensions>
          <gpxtpx:TrackPointExtension>
            <gpxtpx:Extensions>
              <reversedirection>yes</reversedirection>
              <highway>path</highway>
              <surface>fine_gravel</surface>
              <foot>designated</foot>
              <bicycle>designated</bicycle>
              <route_bicycle_rcn>yes</route_bicycle_rcn>
            </gpxtpx:Extensions>
          </gpxtpx:TrackPointExtension>
        </extensions>
      </trkpt>
      <trkpt lat="43.655363" lon="4.128615">
        <ele>2</ele>
        <extensions>
          <gpxtpx:TrackPointExtension>
            <gpxtpx:Extensions>
              <reversedirection>yes</reversedirection>
              <highway>path</highway>
              <surface>fine_gravel</surface>
              <foot>designated</foot>
              <bicycle>designated</bicycle>
              <route_bicycle_rcn>yes</route_bicycle_rcn>
            </gpxtpx:Extensions>
          </gpxtpx:TrackPointExtension>
        </extensions>
      </trkpt>
      <trkpt lat="43.655062" lon="4.128544">
        <ele>2</ele>
        <extensions>
          <gpxtpx:TrackPointExtension>
            <gpxtpx:Extensions>
              <reversedirection>yes</reversedirection>
              <highway>path</highway>
              <surface>fine_gravel</surface>
              <foot>designated</foot>
              <bicycle>designated</bicycle>
              <route_bicycle_rcn>yes</route_bicycle_rcn>
            </gpxtpx:Extensions>
          </gpxtpx:TrackPointExtension>
        </extensions>
      </trkpt>
      <trkpt lat="43.654895" lon="4.128525">
        <ele>1.75</ele>
        <extensions>
          <gpxtpx:TrackPointExtension>
            <gpxtpx:Extensions>
              <reversedirection>yes</reversedirection>
              <highway>path</highway>
              <surface>fine_gravel</surface>
              <foot>designated</foot>
              <bicycle>designated</bicycle>
              <route_bicycle_rcn>yes</route_bicycle_rcn>
            </gpxtpx:Extensions>
          </gpxtpx:TrackPointExtension>
        </extensions>
      </trkpt>
      <trkpt lat="43.654645" lon="4.128591">
        <ele>1.5</ele>
        <extensions>
          <gpxtpx:TrackPointExtension>
            <gpxtpx:Extensions>
              <reversedirection>yes</reversedirection>
              <highway>path</highway>
              <surface>fine_gravel</surface>
              <foot>designated</foot>
              <bicycle>designated</bicycle>
              <route_bicycle_rcn>yes</route_bicycle_rcn>
            </gpxtpx:Extensions>
          </gpxtpx:TrackPointExtension>
        </extensions>
      </trkpt>
      <trkpt lat="43.654281" lon="4.128765">
        <ele>1</ele>
        <extensions>
          <gpxtpx:TrackPointExtension>
            <gpxtpx:Extensions>
              <reversedirection>yes</reversedirection>
              <highway>path</highway>
              <surface>fine_gravel</surface>
              <foot>designated</foot>
              <bicycle>designated</bicycle>
              <route_bicycle_rcn>yes</route_bicycle_rcn>
            </gpxtpx:Extensions>
          </gpxtpx:TrackPointExtension>
        </extensions>
      </trkpt>
      <trkpt lat="43.654097" lon="4.128947">
        <ele>0.5</ele>
        <extensions>
          <gpxtpx:TrackPointExtension>
            <gpxtpx:Extensions>
              <reversedirection>yes</reversedirection>
              <highway>path</highway>
              <surface>fine_gravel</surface>
              <foot>designated</foot>
              <bicycle>designated</bicycle>
              <route_bicycle_rcn>yes</route_bicycle_rcn>
            </gpxtpx:Extensions>
          </gpxtpx:TrackPointExtension>
        </extensions>
      </trkpt>
      <trkpt lat="43.653776" lon="4.129188">
        <ele>0.25</ele>
        <extensions>
          <gpxtpx:TrackPointExtension>
            <gpxtpx:Extensions>
              <reversedirection>yes</reversedirection>
              <highway>path</highway>
              <surface>fine_gravel</surface>
              <foot>designated</foot>
              <bicycle>designated</bicycle>
              <route_bicycle_rcn>yes</route_bicycle_rcn>
            </gpxtpx:Extensions>
          </gpxtpx:TrackPointExtension>
        </extensions>
      </trkpt>
      <trkpt lat="43.653677" lon="4.129336">
        <ele>0.75</ele>
        <extensions>
          <gpxtpx:TrackPointExtension>
            <gpxtpx:Extensions>
              <reversedirection>yes</reversedirection>
              <highway>path</highway>
              <surface>fine_gravel</surface>
              <foot>designated</foot>
              <bicycle>designated</bicycle>
              <route_bicycle_rcn>yes</route_bicycle_rcn>
            </gpxtpx:Extensions>
          </gpxtpx:TrackPointExtension>
        </extensions>
      </trkpt>
      <trkpt lat="43.653494" lon="4.129909">
        <ele>1.5</ele>
        <extensions>
          <gpxtpx:TrackPointExtension>
            <gpxtpx:Extensions>
              <reversedirection>yes</reversedirection>
              <highway>path</highway>
              <surface>fine_gravel</surface>
              <foot>designated</foot>
              <bicycle>designated</bicycle>
              <route_bicycle_rcn>yes</route_bicycle_rcn>
            </gpxtpx:Extensions>
          </gpxtpx:TrackPointExtension>
        </extensions>
      </trkpt>
      <trkpt lat="43.653274" lon="4.130427">
        <ele>1.25</ele>
        <extensions>
          <gpxtpx:TrackPointExtension>
            <gpxtpx:Extensions>
              <reversedirection>yes</reversedirection>
              <highway>path</highway>
              <surface>fine_gravel</surface>
              <foot>designated</foot>
              <bicycle>designated</bicycle>
              <route_bicycle_rcn>yes</route_bicycle_rcn>
            </gpxtpx:Extensions>
          </gpxtpx:TrackPointExtension>
        </extensions>
      </trkpt>
      <trkpt lat="43.65316" lon="4.131107">
        <ele>1</ele>
        <extensions>
          <gpxtpx:TrackPointExtension>
            <gpxtpx:Extensions>
              <reversedirection>yes</reversedirection>
              <highway>path</highway>
              <surface>fine_gravel</surface>
              <foot>designated</foot>
              <bicycle>designated</bicycle>
              <route_bicycle_rcn>yes</route_bicycle_rcn>
            </gpxtpx:Extensions>
          </gpxtpx:TrackPointExtension>
        </extensions>
      </trkpt>
      <trkpt lat="43.653146" lon="4.13137">
        <ele>1</ele>
        <extensions>
          <gpxtpx:TrackPointExtension>
            <gpxtpx:Extensions>
              <reversedirection>yes</reversedirection>
              <highway>path</highway>
              <surface>fine_gravel</surface>
              <foot>designated</foot>
              <bicycle>designated</bicycle>
              <route_bicycle_rcn>yes</route_bicycle_rcn>
            </gpxtpx:Extensions>
          </gpxtpx:TrackPointExtension>
        </extensions>
      </trkpt>
      <trkpt lat="43.653165" lon="4.131692">
        <ele>1</ele>
        <extensions>
          <gpxtpx:TrackPointExtension>
            <gpxtpx:Extensions>
              <reversedirection>yes</reversedirection>
              <highway>path</highway>
              <surface>fine_gravel</surface>
              <foot>designated</foot>
              <bicycle>designated</bicycle>
              <route_bicycle_rcn>yes</route_bicycle_rcn>
            </gpxtpx:Extensions>
          </gpxtpx:TrackPointExtension>
        </extensions>
      </trkpt>
      <trkpt lat="43.653175" lon="4.132004">
        <ele>0.75</ele>
        <extensions>
          <gpxtpx:TrackPointExtension>
            <gpxtpx:Extensions>
              <reversedirection>yes</reversedirection>
              <highway>path</highway>
              <surface>fine_gravel</surface>
              <foot>designated</foot>
              <bicycle>designated</bicycle>
              <route_bicycle_rcn>yes</route_bicycle_rcn>
            </gpxtpx:Extensions>
          </gpxtpx:TrackPointExtension>
        </extensions>
      </trkpt>
      <trkpt lat="43.653158" lon="4.132164">
        <ele>0.5</ele>
        <extensions>
          <gpxtpx:TrackPointExtension>
            <gpxtpx:Extensions>
              <reversedirection>yes</reversedirection>
              <highway>path</highway>
              <surface>fine_gravel</surface>
              <foot>designated</foot>
              <bicycle>designated</bicycle>
              <route_bicycle_rcn>yes</route_bicycle_rcn>
            </gpxtpx:Extensions>
          </gpxtpx:TrackPointExtension>
        </extensions>
      </trkpt>
      <trkpt lat="43.653121" lon="4.132337">
        <ele>0.5</ele>
        <extensions>
          <gpxtpx:TrackPointExtension>
            <gpxtpx:Extensions>
              <reversedirection>yes</reversedirection>
              <highway>path</highway>
              <surface>fine_gravel</surface>
              <foot>designated</foot>
              <bicycle>designated</bicycle>
              <route_bicycle_rcn>yes</route_bicycle_rcn>
            </gpxtpx:Extensions>
          </gpxtpx:TrackPointExtension>
        </extensions>
      </trkpt>
      <trkpt lat="43.65306" lon="4.132518">
        <ele>0.5</ele>
        <extensions>
          <gpxtpx:TrackPointExtension>
            <gpxtpx:Extensions>
              <reversedirection>yes</reversedirection>
              <highway>path</highway>
              <surface>fine_gravel</surface>
              <foot>designated</foot>
              <bicycle>designated</bicycle>
              <route_bicycle_rcn>yes</route_bicycle_rcn>
            </gpxtpx:Extensions>
          </gpxtpx:TrackPointExtension>
        </extensions>
      </trkpt>
      <trkpt lat="43.652983" lon="4.132692">
        <ele>0.5</ele>
        <extensions>
          <gpxtpx:TrackPointExtension>
            <gpxtpx:Extensions>
              <reversedirection>yes</reversedirection>
              <highway>path</highway>
              <surface>fine_gravel</surface>
              <foot>designated</foot>
              <bicycle>designated</bicycle>
              <route_bicycle_rcn>yes</route_bicycle_rcn>
            </gpxtpx:Extensions>
          </gpxtpx:TrackPointExtension>
        </extensions>
      </trkpt>
      <trkpt lat="43.652855" lon="4.132898">
        <ele>0.75</ele>
        <extensions>
          <gpxtpx:TrackPointExtension>
            <gpxtpx:Extensions>
              <reversedirection>yes</reversedirection>
              <highway>path</highway>
              <surface>fine_gravel</surface>
              <foot>designated</foot>
              <bicycle>designated</bicycle>
              <route_bicycle_rcn>yes</route_bicycle_rcn>
            </gpxtpx:Extensions>
          </gpxtpx:TrackPointExtension>
        </extensions>
      </trkpt>
      <trkpt lat="43.652773" lon="4.133">
        <ele>0.75</ele>
        <extensions>
          <gpxtpx:TrackPointExtension>
            <gpxtpx:Extensions>
              <reversedirection>yes</reversedirection>
              <highway>path</highway>
              <surface>fine_gravel</surface>
              <foot>designated</foot>
              <bicycle>designated</bicycle>
              <route_bicycle_rcn>yes</route_bicycle_rcn>
            </gpxtpx:Extensions>
          </gpxtpx:TrackPointExtension>
        </extensions>
      </trkpt>
      <trkpt lat="43.652663" lon="4.133113">
        <ele>1</ele>
        <extensions>
          <gpxtpx:TrackPointExtension>
            <gpxtpx:Extensions>
              <reversedirection>yes</reversedirection>
              <highway>path</highway>
              <surface>fine_gravel</surface>
              <foot>designated</foot>
              <bicycle>designated</bicycle>
              <route_bicycle_rcn>yes</route_bicycle_rcn>
            </gpxtpx:Extensions>
          </gpxtpx:TrackPointExtension>
        </extensions>
      </trkpt>
      <trkpt lat="43.652493" lon="4.133239">
        <ele>1</ele>
        <extensions>
          <gpxtpx:TrackPointExtension>
            <gpxtpx:Extensions>
              <reversedirection>yes</reversedirection>
              <highway>path</highway>
              <surface>fine_gravel</surface>
              <foot>designated</foot>
              <bicycle>designated</bicycle>
              <route_bicycle_rcn>yes</route_bicycle_rcn>
            </gpxtpx:Extensions>
          </gpxtpx:TrackPointExtension>
        </extensions>
      </trkpt>
      <trkpt lat="43.652265" lon="4.133364">
        <ele>1</ele>
        <extensions>
          <gpxtpx:TrackPointExtension>
            <gpxtpx:Extensions>
              <reversedirection>yes</reversedirection>
              <highway>path</highway>
              <surface>fine_gravel</surface>
              <foot>designated</foot>
              <bicycle>designated</bicycle>
              <route_bicycle_rcn>yes</route_bicycle_rcn>
            </gpxtpx:Extensions>
          </gpxtpx:TrackPointExtension>
        </extensions>
      </trkpt>
      <trkpt lat="43.651958" lon="4.133497">
        <ele>1</ele>
        <extensions>
          <gpxtpx:TrackPointExtension>
            <gpxtpx:Extensions>
              <reversedirection>yes</reversedirection>
              <highway>path</highway>
              <surface>fine_gravel</surface>
              <foot>designated</foot>
              <bicycle>designated</bicycle>
              <route_bicycle_rcn>yes</route_bicycle_rcn>
            </gpxtpx:Extensions>
          </gpxtpx:TrackPointExtension>
        </extensions>
      </trkpt>
      <trkpt lat="43.651574" lon="4.133747">
        <ele>1</ele>
        <extensions>
          <gpxtpx:TrackPointExtension>
            <gpxtpx:Extensions>
              <reversedirection>yes</reversedirection>
              <highway>path</highway>
              <surface>fine_gravel</surface>
              <foot>designated</foot>
              <bicycle>designated</bicycle>
              <route_bicycle_rcn>yes</route_bicycle_rcn>
            </gpxtpx:Extensions>
          </gpxtpx:TrackPointExtension>
        </extensions>
      </trkpt>
      <trkpt lat="43.651216" lon="4.134008">
        <ele>1</ele>
        <extensions>
          <gpxtpx:TrackPointExtension>
            <gpxtpx:Extensions>
              <reversedirection>yes</reversedirection>
              <highway>path</highway>
              <surface>fine_gravel</surface>
              <foot>designated</foot>
              <bicycle>designated</bicycle>
              <route_bicycle_rcn>yes</route_bicycle_rcn>
            </gpxtpx:Extensions>
          </gpxtpx:TrackPointExtension>
        </extensions>
      </trkpt>
      <trkpt lat="43.650878" lon="4.134224">
        <ele>1</ele>
        <extensions>
          <gpxtpx:TrackPointExtension>
            <gpxtpx:Extensions>
              <reversedirection>yes</reversedirection>
              <highway>path</highway>
              <surface>fine_gravel</surface>
              <foot>designated</foot>
              <bicycle>designated</bicycle>
              <route_bicycle_rcn>yes</route_bicycle_rcn>
            </gpxtpx:Extensions>
          </gpxtpx:TrackPointExtension>
        </extensions>
      </trkpt>
      <trkpt lat="43.650646" lon="4.134438">
        <ele>1.25</ele>
        <extensions>
          <gpxtpx:TrackPointExtension>
            <gpxtpx:Extensions>
              <reversedirection>yes</reversedirection>
              <highway>path</highway>
              <surface>fine_gravel</surface>
              <foot>designated</foot>
              <bicycle>designated</bicycle>
              <route_bicycle_rcn>yes</route_bicycle_rcn>
            </gpxtpx:Extensions>
          </gpxtpx:TrackPointExtension>
        </extensions>
      </trkpt>
      <trkpt lat="43.65012" lon="4.135024">
        <ele>1.75</ele>
        <extensions>
          <gpxtpx:TrackPointExtension>
            <gpxtpx:Extensions>
              <reversedirection>yes</reversedirection>
              <highway>path</highway>
              <surface>fine_gravel</surface>
              <foot>designated</foot>
              <bicycle>designated</bicycle>
              <route_bicycle_rcn>yes</route_bicycle_rcn>
            </gpxtpx:Extensions>
          </gpxtpx:TrackPointExtension>
        </extensions>
      </trkpt>
      <trkpt lat="43.649829" lon="4.13508">
        <ele>1.75</ele>
        <extensions>
          <gpxtpx:TrackPointExtension>
            <gpxtpx:Extensions>
              <reversedirection>yes</reversedirection>
              <highway>path</highway>
              <surface>fine_gravel</surface>
              <foot>designated</foot>
              <bicycle>designated</bicycle>
              <route_bicycle_rcn>yes</route_bicycle_rcn>
            </gpxtpx:Extensions>
          </gpxtpx:TrackPointExtension>
        </extensions>
      </trkpt>
      <trkpt lat="43.648917" lon="4.135114">
        <ele>1.25</ele>
        <extensions>
          <gpxtpx:TrackPointExtension>
            <gpxtpx:Extensions>
              <reversedirection>yes</reversedirection>
              <highway>path</highway>
              <surface>fine_gravel</surface>
              <foot>designated</foot>
              <bicycle>designated</bicycle>
              <route_bicycle_rcn>yes</route_bicycle_rcn>
            </gpxtpx:Extensions>
          </gpxtpx:TrackPointExtension>
        </extensions>
      </trkpt>
      <trkpt lat="43.648227" lon="4.134854">
        <ele>2</ele>
        <extensions>
          <gpxtpx:TrackPointExtension>
            <gpxtpx:Extensions>
              <reversedirection>yes</reversedirection>
              <highway>path</highway>
              <surface>fine_gravel</surface>
              <foot>designated</foot>
              <bicycle>designated</bicycle>
              <route_bicycle_rcn>yes</route_bicycle_rcn>
            </gpxtpx:Extensions>
          </gpxtpx:TrackPointExtension>
        </extensions>
      </trkpt>
      <trkpt lat="43.647684" lon="4.134797">
        <ele>1.5</ele>
        <extensions>
          <gpxtpx:TrackPointExtension>
            <gpxtpx:Extensions>
              <reversedirection>yes</reversedirection>
              <highway>path</highway>
              <surface>fine_gravel</surface>
              <foot>designated</foot>
              <bicycle>designated</bicycle>
              <route_bicycle_rcn>yes</route_bicycle_rcn>
            </gpxtpx:Extensions>
          </gpxtpx:TrackPointExtension>
        </extensions>
      </trkpt>
      <trkpt lat="43.647441" lon="4.134771">
        <ele>1.5</ele>
        <extensions>
          <gpxtpx:TrackPointExtension>
            <gpxtpx:Extensions>
              <reversedirection>yes</reversedirection>
              <highway>path</highway>
              <surface>fine_gravel</surface>
              <foot>designated</foot>
              <bicycle>designated</bicycle>
              <route_bicycle_rcn>yes</route_bicycle_rcn>
            </gpxtpx:Extensions>
          </gpxtpx:TrackPointExtension>
        </extensions>
      </trkpt>
      <trkpt lat="43.646731" lon="4.134968">
        <ele>1</ele>
        <extensions>
          <gpxtpx:TrackPointExtension>
            <gpxtpx:Extensions>
              <reversedirection>yes</reversedirection>
              <highway>path</highway>
              <surface>fine_gravel</surface>
              <foot>designated</foot>
              <bicycle>designated</bicycle>
              <route_bicycle_rcn>yes</route_bicycle_rcn>
            </gpxtpx:Extensions>
          </gpxtpx:TrackPointExtension>
        </extensions>
      </trkpt>
      <trkpt lat="43.646226" lon="4.135029">
        <ele>0</ele>
        <extensions>
          <gpxtpx:TrackPointExtension>
            <gpxtpx:Extensions>
              <reversedirection>yes</reversedirection>
              <highway>path</highway>
              <surface>fine_gravel</surface>
              <foot>designated</foot>
              <bicycle>designated</bicycle>
              <route_bicycle_rcn>yes</route_bicycle_rcn>
            </gpxtpx:Extensions>
          </gpxtpx:TrackPointExtension>
        </extensions>
      </trkpt>
      <trkpt lat="43.645617" lon="4.134902">
        <ele>-0.5</ele>
        <extensions>
          <gpxtpx:TrackPointExtension>
            <gpxtpx:Extensions>
              <reversedirection>yes</reversedirection>
              <highway>path</highway>
              <surface>fine_gravel</surface>
              <foot>designated</foot>
              <bicycle>designated</bicycle>
              <route_bicycle_rcn>yes</route_bicycle_rcn>
            </gpxtpx:Extensions>
          </gpxtpx:TrackPointExtension>
        </extensions>
      </trkpt>
      <trkpt lat="43.644895" lon="4.134724">
        <ele>0.5</ele>
        <extensions>
          <gpxtpx:TrackPointExtension>
            <gpxtpx:Extensions>
              <reversedirection>yes</reversedirection>
              <highway>path</highway>
              <surface>fine_gravel</surface>
              <foot>designated</foot>
              <bicycle>designated</bicycle>
              <route_bicycle_rcn>yes</route_bicycle_rcn>
            </gpxtpx:Extensions>
          </gpxtpx:TrackPointExtension>
        </extensions>
      </trkpt>
      <trkpt lat="43.644331" lon="4.134318">
        <ele>1</ele>
        <extensions>
          <gpxtpx:TrackPointExtension>
            <gpxtpx:Extensions>
              <reversedirection>yes</reversedirection>
              <highway>path</highway>
              <surface>fine_gravel</surface>
              <foot>designated</foot>
              <bicycle>designated</bicycle>
              <route_bicycle_rcn>yes</route_bicycle_rcn>
            </gpxtpx:Extensions>
          </gpxtpx:TrackPointExtension>
        </extensions>
      </trkpt>
      <trkpt lat="43.643391" lon="4.134175">
        <ele>0</ele>
        <extensions>
          <gpxtpx:TrackPointExtension>
            <gpxtpx:Extensions>
              <reversedirection>yes</reversedirection>
              <highway>path</highway>
              <surface>fine_gravel</surface>
              <foot>designated</foot>
              <bicycle>designated</bicycle>
              <route_bicycle_rcn>yes</route_bicycle_rcn>
            </gpxtpx:Extensions>
          </gpxtpx:TrackPointExtension>
        </extensions>
      </trkpt>
      <trkpt lat="43.643074" lon="4.133855">
        <ele>0</ele>
        <extensions>
          <gpxtpx:TrackPointExtension>
            <gpxtpx:Extensions>
              <reversedirection>yes</reversedirection>
              <highway>path</highway>
              <surface>fine_gravel</surface>
              <foot>designated</foot>
              <bicycle>designated</bicycle>
              <route_bicycle_rcn>yes</route_bicycle_rcn>
            </gpxtpx:Extensions>
          </gpxtpx:TrackPointExtension>
        </extensions>
      </trkpt>
      <trkpt lat="43.642857" lon="4.133715">
        <ele>0.25</ele>
        <extensions>
          <gpxtpx:TrackPointExtension>
            <gpxtpx:Extensions>
              <reversedirection>yes</reversedirection>
              <highway>path</highway>
              <surface>fine_gravel</surface>
              <foot>designated</foot>
              <bicycle>designated</bicycle>
              <route_bicycle_rcn>yes</route_bicycle_rcn>
            </gpxtpx:Extensions>
          </gpxtpx:TrackPointExtension>
        </extensions>
      </trkpt>
      <trkpt lat="43.642566" lon="4.133695">
        <ele>0.5</ele>
        <extensions>
          <gpxtpx:TrackPointExtension>
            <gpxtpx:Extensions>
              <reversedirection>yes</reversedirection>
              <highway>path</highway>
              <surface>fine_gravel</surface>
              <foot>designated</foot>
              <bicycle>designated</bicycle>
              <route_bicycle_rcn>yes</route_bicycle_rcn>
            </gpxtpx:Extensions>
          </gpxtpx:TrackPointExtension>
        </extensions>
      </trkpt>
      <trkpt lat="43.641896" lon="4.133696">
        <ele>0.5</ele>
        <extensions>
          <gpxtpx:TrackPointExtension>
            <gpxtpx:Extensions>
              <reversedirection>yes</reversedirection>
              <highway>path</highway>
              <surface>fine_gravel</surface>
              <foot>designated</foot>
              <bicycle>designated</bicycle>
              <route_bicycle_rcn>yes</route_bicycle_rcn>
            </gpxtpx:Extensions>
          </gpxtpx:TrackPointExtension>
        </extensions>
      </trkpt>
      <trkpt lat="43.641214" lon="4.133996">
        <ele>0.25</ele>
        <extensions>
          <gpxtpx:TrackPointExtension>
            <gpxtpx:Extensions>
              <reversedirection>yes</reversedirection>
              <highway>path</highway>
              <surface>fine_gravel</surface>
              <foot>designated</foot>
              <bicycle>designated</bicycle>
              <route_bicycle_rcn>yes</route_bicycle_rcn>
            </gpxtpx:Extensions>
          </gpxtpx:TrackPointExtension>
        </extensions>
      </trkpt>
      <trkpt lat="43.637964" lon="4.1344">
        <ele>0</ele>
        <extensions>
          <gpxtpx:TrackPointExtension>
            <gpxtpx:Extensions>
              <reversedirection>yes</reversedirection>
              <highway>path</highway>
              <surface>fine_gravel</surface>
              <foot>designated</foot>
              <bicycle>designated</bicycle>
              <route_bicycle_rcn>yes</route_bicycle_rcn>
            </gpxtpx:Extensions>
          </gpxtpx:TrackPointExtension>
        </extensions>
      </trkpt>
      <trkpt lat="43.637467" lon="4.134293">
        <ele>0.75</ele>
        <extensions>
          <gpxtpx:TrackPointExtension>
            <gpxtpx:Extensions>
              <reversedirection>yes</reversedirection>
              <highway>path</highway>
              <surface>fine_gravel</surface>
              <foot>designated</foot>
              <bicycle>designated</bicycle>
              <route_bicycle_rcn>yes</route_bicycle_rcn>
            </gpxtpx:Extensions>
          </gpxtpx:TrackPointExtension>
        </extensions>
      </trkpt>
      <trkpt lat="43.627945" lon="4.127894">
        <ele>-0.75</ele>
        <extensions>
          <gpxtpx:TrackPointExtension>
            <gpxtpx:Extensions>
              <reversedirection>yes</reversedirection>
              <highway>path</highway>
              <surface>fine_gravel</surface>
              <foot>designated</foot>
              <bicycle>designated</bicycle>
              <route_bicycle_rcn>yes</route_bicycle_rcn>
            </gpxtpx:Extensions>
          </gpxtpx:TrackPointExtension>
        </extensions>
      </trkpt>
      <trkpt lat="43.627872" lon="4.127845">
        <ele>-0.75</ele>
        <extensions>
          <gpxtpx:TrackPointExtension>
            <gpxtpx:Extensions>
              <reversedirection>yes</reversedirection>
              <highway>track</highway>
              <tracktype>grade2</tracktype>
              <surface>fine_gravel</surface>
              <foot>designated</foot>
              <bicycle>designated</bicycle>
              <route_bicycle_rcn>yes</route_bicycle_rcn>
            </gpxtpx:Extensions>
          </gpxtpx:TrackPointExtension>
        </extensions>
      </trkpt>
      <trkpt lat="43.627828" lon="4.127901">
        <ele>-0.5</ele>
        <extensions>
          <gpxtpx:TrackPointExtension>
            <gpxtpx:Extensions>
              <reversedirection>yes</reversedirection>
              <highway>track</highway>
              <tracktype>grade2</tracktype>
              <surface>fine_gravel</surface>
              <foot>designated</foot>
              <bicycle>designated</bicycle>
              <route_bicycle_rcn>yes</route_bicycle_rcn>
            </gpxtpx:Extensions>
          </gpxtpx:TrackPointExtension>
        </extensions>
      </trkpt>
      <trkpt lat="43.627804" lon="4.127883">
        <ele>-0.5</ele>
        <extensions>
          <gpxtpx:TrackPointExtension>
            <gpxtpx:Extensions>
              <reversedirection>yes</reversedirection>
              <highway>track</highway>
              <tracktype>grade2</tracktype>
              <surface>fine_gravel</surface>
              <foot>designated</foot>
              <bicycle>designated</bicycle>
              <route_bicycle_rcn>yes</route_bicycle_rcn>
            </gpxtpx:Extensions>
          </gpxtpx:TrackPointExtension>
        </extensions>
      </trkpt>
      <trkpt lat="43.627796" lon="4.127878">
        <ele>-0.5</ele>
        <extensions>
          <gpxtpx:TrackPointExtension>
            <gpxtpx:Extensions>
              <reversedirection>yes</reversedirection>
              <highway>track</highway>
              <tracktype>grade1</tracktype>
              <foot>designated</foot>
              <bicycle>designated</bicycle>
              <route_bicycle_rcn>yes</route_bicycle_rcn>
            </gpxtpx:Extensions>
          </gpxtpx:TrackPointExtension>
        </extensions>
      </trkpt>
      <trkpt lat="43.627728" lon="4.127829">
        <ele>-0.5</ele>
        <extensions>
          <gpxtpx:TrackPointExtension>
            <gpxtpx:Extensions>
              <reversedirection>yes</reversedirection>
              <highway>track</highway>
              <tracktype>grade2</tracktype>
              <surface>compacted</surface>
              <foot>designated</foot>
              <bicycle>designated</bicycle>
              <route_bicycle_rcn>yes</route_bicycle_rcn>
            </gpxtpx:Extensions>
          </gpxtpx:TrackPointExtension>
        </extensions>
      </trkpt>
      <trkpt lat="43.627679" lon="4.127774">
        <ele>-0.5</ele>
        <extensions>
          <gpxtpx:TrackPointExtension>
            <gpxtpx:Extensions>
              <reversedirection>yes</reversedirection>
              <highway>track</highway>
              <tracktype>grade2</tracktype>
              <surface>compacted</surface>
              <foot>designated</foot>
              <bicycle>designated</bicycle>
              <route_bicycle_rcn>yes</route_bicycle_rcn>
            </gpxtpx:Extensions>
          </gpxtpx:TrackPointExtension>
        </extensions>
      </trkpt>
      <trkpt lat="43.627659" lon="4.127701">
        <ele>-0.75</ele>
        <extensions>
          <gpxtpx:TrackPointExtension>
            <gpxtpx:Extensions>
              <reversedirection>yes</reversedirection>
              <highway>track</highway>
              <tracktype>grade2</tracktype>
              <surface>compacted</surface>
              <foot>designated</foot>
              <bicycle>designated</bicycle>
              <route_bicycle_rcn>yes</route_bicycle_rcn>
            </gpxtpx:Extensions>
          </gpxtpx:TrackPointExtension>
        </extensions>
      </trkpt>
      <trkpt lat="43.627071" lon="4.127184">
        <ele>-0.25</ele>
        <extensions>
          <gpxtpx:TrackPointExtension>
            <gpxtpx:Extensions>
              <reversedirection>yes</reversedirection>
              <highway>track</highway>
              <tracktype>grade2</tracktype>
              <surface>compacted</surface>
              <foot>designated</foot>
              <bicycle>designated</bicycle>
              <route_bicycle_rcn>yes</route_bicycle_rcn>
            </gpxtpx:Extensions>
          </gpxtpx:TrackPointExtension>
        </extensions>
      </trkpt>
      <trkpt lat="43.625361" lon="4.125484">
        <ele>0.25</ele>
        <extensions>
          <gpxtpx:TrackPointExtension>
            <gpxtpx:Extensions>
              <reversedirection>yes</reversedirection>
              <highway>track</highway>
              <tracktype>grade2</tracktype>
              <surface>compacted</surface>
              <foot>designated</foot>
              <bicycle>designated</bicycle>
              <route_bicycle_rcn>yes</route_bicycle_rcn>
            </gpxtpx:Extensions>
          </gpxtpx:TrackPointExtension>
        </extensions>
      </trkpt>
      <trkpt lat="43.624854" lon="4.124638">
        <ele>0.5</ele>
        <extensions>
          <gpxtpx:TrackPointExtension>
            <gpxtpx:Extensions>
              <reversedirection>yes</reversedirection>
              <highway>track</highway>
              <tracktype>grade2</tracktype>
              <surface>compacted</surface>
              <foot>designated</foot>
              <bicycle>designated</bicycle>
              <route_bicycle_rcn>yes</route_bicycle_rcn>
            </gpxtpx:Extensions>
          </gpxtpx:TrackPointExtension>
        </extensions>
      </trkpt>
      <trkpt lat="43.624385" lon="4.123738">
        <ele>0</ele>
        <extensions>
          <gpxtpx:TrackPointExtension>
            <gpxtpx:Extensions>
              <reversedirection>yes</reversedirection>
              <highway>track</highway>
              <tracktype>grade2</tracktype>
              <surface>compacted</surface>
              <foot>designated</foot>
              <bicycle>designated</bicycle>
              <route_bicycle_rcn>yes</route_bicycle_rcn>
            </gpxtpx:Extensions>
          </gpxtpx:TrackPointExtension>
        </extensions>
      </trkpt>
      <trkpt lat="43.623855" lon="4.122216">
        <ele>0.5</ele>
        <extensions>
          <gpxtpx:TrackPointExtension>
            <gpxtpx:Extensions>
              <reversedirection>yes</reversedirection>
              <highway>track</highway>
              <tracktype>grade2</tracktype>
              <surface>compacted</surface>
              <foot>designated</foot>
              <bicycle>designated</bicycle>
              <route_bicycle_rcn>yes</route_bicycle_rcn>
            </gpxtpx:Extensions>
          </gpxtpx:TrackPointExtension>
        </extensions>
      </trkpt>
      <trkpt lat="43.623745" lon="4.121697">
        <ele>0.5</ele>
        <extensions>
          <gpxtpx:TrackPointExtension>
            <gpxtpx:Extensions>
              <reversedirection>yes</reversedirection>
              <highway>track</highway>
              <tracktype>grade2</tracktype>
              <surface>compacted</surface>
              <foot>designated</foot>
              <bicycle>designated</bicycle>
              <route_bicycle_rcn>yes</route_bicycle_rcn>
            </gpxtpx:Extensions>
          </gpxtpx:TrackPointExtension>
        </extensions>
      </trkpt>
      <trkpt lat="43.623856" lon="4.120172">
        <ele>-0.25</ele>
        <extensions>
          <gpxtpx:TrackPointExtension>
            <gpxtpx:Extensions>
              <reversedirection>yes</reversedirection>
              <highway>track</highway>
              <tracktype>grade2</tracktype>
              <surface>compacted</surface>
              <foot>designated</foot>
              <bicycle>designated</bicycle>
              <route_bicycle_rcn>yes</route_bicycle_rcn>
            </gpxtpx:Extensions>
          </gpxtpx:TrackPointExtension>
        </extensions>
      </trkpt>
      <trkpt lat="43.623745" lon="4.119541">
        <ele>-0.25</ele>
        <extensions>
          <gpxtpx:TrackPointExtension>
            <gpxtpx:Extensions>
              <reversedirection>yes</reversedirection>
              <highway>track</highway>
              <tracktype>grade2</tracktype>
              <surface>compacted</surface>
              <foot>designated</foot>
              <bicycle>designated</bicycle>
              <route_bicycle_rcn>yes</route_bicycle_rcn>
            </gpxtpx:Extensions>
          </gpxtpx:TrackPointExtension>
        </extensions>
      </trkpt>
      <trkpt lat="43.623627" lon="4.119324">
        <ele>-0.25</ele>
        <extensions>
          <gpxtpx:TrackPointExtension>
            <gpxtpx:Extensions>
              <reversedirection>yes</reversedirection>
              <highway>track</highway>
              <tracktype>grade2</tracktype>
              <surface>compacted</surface>
              <foot>designated</foot>
              <bicycle>designated</bicycle>
              <route_bicycle_rcn>yes</route_bicycle_rcn>
            </gpxtpx:Extensions>
          </gpxtpx:TrackPointExtension>
        </extensions>
      </trkpt>
      <trkpt lat="43.622602" lon="4.118532">
        <ele>0</ele>
        <extensions>
          <gpxtpx:TrackPointExtension>
            <gpxtpx:Extensions>
              <reversedirection>yes</reversedirection>
              <highway>track</highway>
              <tracktype>grade2</tracktype>
              <surface>compacted</surface>
              <foot>designated</foot>
              <bicycle>designated</bicycle>
              <route_bicycle_rcn>yes</route_bicycle_rcn>
            </gpxtpx:Extensions>
          </gpxtpx:TrackPointExtension>
        </extensions>
      </trkpt>
      <trkpt lat="43.622121" lon="4.118086">
        <ele>0.75</ele>
        <extensions>
          <gpxtpx:TrackPointExtension>
            <gpxtpx:Extensions>
              <reversedirection>yes</reversedirection>
              <highway>track</highway>
              <tracktype>grade2</tracktype>
              <surface>compacted</surface>
              <foot>designated</foot>
              <bicycle>designated</bicycle>
              <route_bicycle_rcn>yes</route_bicycle_rcn>
            </gpxtpx:Extensions>
          </gpxtpx:TrackPointExtension>
        </extensions>
      </trkpt>
      <trkpt lat="43.621588" lon="4.117686">
        <ele>1.25</ele>
        <extensions>
          <gpxtpx:TrackPointExtension>
            <gpxtpx:Extensions>
              <reversedirection>yes</reversedirection>
              <highway>track</highway>
              <tracktype>grade2</tracktype>
              <surface>compacted</surface>
              <foot>designated</foot>
              <bicycle>designated</bicycle>
              <route_bicycle_rcn>yes</route_bicycle_rcn>
            </gpxtpx:Extensions>
          </gpxtpx:TrackPointExtension>
        </extensions>
      </trkpt>
      <trkpt lat="43.621437" lon="4.117567">
        <ele>1.25</ele>
        <extensions>
          <gpxtpx:TrackPointExtension>
            <gpxtpx:Extensions>
              <reversedirection>yes</reversedirection>
              <highway>track</highway>
              <tracktype>grade2</tracktype>
              <surface>compacted</surface>
              <foot>designated</foot>
              <bicycle>designated</bicycle>
              <route_bicycle_rcn>yes</route_bicycle_rcn>
            </gpxtpx:Extensions>
          </gpxtpx:TrackPointExtension>
        </extensions>
      </trkpt>
      <trkpt lat="43.621194" lon="4.117408">
        <ele>1.25</ele>
        <extensions>
          <gpxtpx:TrackPointExtension>
            <gpxtpx:Extensions>
              <reversedirection>yes</reversedirection>
              <highway>track</highway>
              <tracktype>grade2</tracktype>
              <surface>compacted</surface>
              <foot>designated</foot>
              <bicycle>designated</bicycle>
              <route_bicycle_rcn>yes</route_bicycle_rcn>
            </gpxtpx:Extensions>
          </gpxtpx:TrackPointExtension>
        </extensions>
      </trkpt>
      <trkpt lat="43.620382" lon="4.116907">
        <ele>0.75</ele>
        <extensions>
          <gpxtpx:TrackPointExtension>
            <gpxtpx:Extensions>
              <reversedirection>yes</reversedirection>
              <highway>track</highway>
              <tracktype>grade2</tracktype>
              <surface>compacted</surface>
              <foot>designated</foot>
              <bicycle>designated</bicycle>
              <route_bicycle_rcn>yes</route_bicycle_rcn>
            </gpxtpx:Extensions>
          </gpxtpx:TrackPointExtension>
        </extensions>
      </trkpt>
      <trkpt lat="43.618321" lon="4.114408">
        <ele>1.25</ele>
        <extensions>
          <gpxtpx:TrackPointExtension>
            <gpxtpx:Extensions>
              <reversedirection>yes</reversedirection>
              <highway>track</highway>
              <tracktype>grade2</tracktype>
              <surface>compacted</surface>
              <foot>designated</foot>
              <bicycle>designated</bicycle>
              <route_bicycle_rcn>yes</route_bicycle_rcn>
            </gpxtpx:Extensions>
          </gpxtpx:TrackPointExtension>
        </extensions>
      </trkpt>
      <trkpt lat="43.616769" lon="4.112544">
        <ele>0</ele>
        <extensions>
          <gpxtpx:TrackPointExtension>
            <gpxtpx:Extensions>
              <reversedirection>yes</reversedirection>
              <highway>track</highway>
              <tracktype>grade2</tracktype>
              <surface>compacted</surface>
              <foot>designated</foot>
              <bicycle>designated</bicycle>
              <route_bicycle_rcn>yes</route_bicycle_rcn>
            </gpxtpx:Extensions>
          </gpxtpx:TrackPointExtension>
        </extensions>
      </trkpt>
      <trkpt lat="43.616287" lon="4.111856">
        <ele>0.25</ele>
        <extensions>
          <gpxtpx:TrackPointExtension>
            <gpxtpx:Extensions>
              <reversedirection>yes</reversedirection>
              <highway>track</highway>
              <tracktype>grade1</tracktype>
              <foot>designated</foot>
              <bicycle>designated</bicycle>
              <route_bicycle_rcn>yes</route_bicycle_rcn>
            </gpxtpx:Extensions>
          </gpxtpx:TrackPointExtension>
        </extensions>
      </trkpt>
      <trkpt lat="43.615752" lon="4.111109">
        <ele>0</ele>
        <extensions>
          <gpxtpx:TrackPointExtension>
            <gpxtpx:Extensions>
              <reversedirection>yes</reversedirection>
              <highway>track</highway>
              <tracktype>grade1</tracktype>
              <foot>designated</foot>
              <bicycle>designated</bicycle>
              <route_bicycle_rcn>yes</route_bicycle_rcn>
            </gpxtpx:Extensions>
          </gpxtpx:TrackPointExtension>
        </extensions>
      </trkpt>
      <trkpt lat="43.615571" lon="4.110957">
        <ele>0.25</ele>
        <extensions>
          <gpxtpx:TrackPointExtension>
            <gpxtpx:Extensions>
              <reversedirection>yes</reversedirection>
              <highway>track</highway>
              <tracktype>grade1</tracktype>
              <foot>designated</foot>
              <bicycle>designated</bicycle>
              <route_bicycle_rcn>yes</route_bicycle_rcn>
            </gpxtpx:Extensions>
          </gpxtpx:TrackPointExtension>
        </extensions>
      </trkpt>
      <trkpt lat="43.615346" lon="4.110932">
        <ele>0.5</ele>
        <extensions>
          <gpxtpx:TrackPointExtension>
            <gpxtpx:Extensions>
              <reversedirection>yes</reversedirection>
              <highway>track</highway>
              <tracktype>grade1</tracktype>
              <foot>designated</foot>
              <bicycle>designated</bicycle>
              <route_bicycle_rcn>yes</route_bicycle_rcn>
            </gpxtpx:Extensions>
          </gpxtpx:TrackPointExtension>
        </extensions>
      </trkpt>
      <trkpt lat="43.614815" lon="4.111248">
        <ele>0.5</ele>
        <extensions>
          <gpxtpx:TrackPointExtension>
            <gpxtpx:Extensions>
              <reversedirection>yes</reversedirection>
              <highway>track</highway>
              <tracktype>grade1</tracktype>
              <foot>designated</foot>
              <bicycle>designated</bicycle>
              <route_bicycle_rcn>yes</route_bicycle_rcn>
            </gpxtpx:Extensions>
          </gpxtpx:TrackPointExtension>
        </extensions>
      </trkpt>
      <trkpt lat="43.614749" lon="4.111272">
        <ele>0.25</ele>
        <extensions>
          <gpxtpx:TrackPointExtension>
            <gpxtpx:Extensions>
              <reversedirection>yes</reversedirection>
              <highway>track</highway>
              <tracktype>grade1</tracktype>
              <foot>designated</foot>
              <bicycle>designated</bicycle>
              <route_bicycle_rcn>yes</route_bicycle_rcn>
            </gpxtpx:Extensions>
          </gpxtpx:TrackPointExtension>
        </extensions>
      </trkpt>
      <trkpt lat="43.61422" lon="4.111369">
        <ele>0.5</ele>
        <extensions>
          <gpxtpx:TrackPointExtension>
            <gpxtpx:Extensions>
              <reversedirection>yes</reversedirection>
              <highway>track</highway>
              <tracktype>grade1</tracktype>
              <foot>designated</foot>
              <bicycle>designated</bicycle>
              <route_bicycle_rcn>yes</route_bicycle_rcn>
            </gpxtpx:Extensions>
          </gpxtpx:TrackPointExtension>
        </extensions>
      </trkpt>
      <trkpt lat="43.613631" lon="4.111258">
        <ele>1.25</ele>
        <extensions>
          <gpxtpx:TrackPointExtension>
            <gpxtpx:Extensions>
              <reversedirection>yes</reversedirection>
              <highway>track</highway>
              <tracktype>grade1</tracktype>
              <foot>designated</foot>
              <bicycle>designated</bicycle>
              <route_bicycle_rcn>yes</route_bicycle_rcn>
            </gpxtpx:Extensions>
          </gpxtpx:TrackPointExtension>
        </extensions>
      </trkpt>
      <trkpt lat="43.61277" lon="4.110643">
        <ele>1</ele>
        <extensions>
          <gpxtpx:TrackPointExtension>
            <gpxtpx:Extensions>
              <reversedirection>yes</reversedirection>
              <highway>track</highway>
              <tracktype>grade1</tracktype>
              <foot>designated</foot>
              <bicycle>designated</bicycle>
              <route_bicycle_rcn>yes</route_bicycle_rcn>
            </gpxtpx:Extensions>
          </gpxtpx:TrackPointExtension>
        </extensions>
      </trkpt>
      <trkpt lat="43.612341" lon="4.110298">
        <ele>1</ele>
        <extensions>
          <gpxtpx:TrackPointExtension>
            <gpxtpx:Extensions>
              <reversedirection>yes</reversedirection>
              <highway>track</highway>
              <tracktype>grade1</tracktype>
              <foot>designated</foot>
              <bicycle>designated</bicycle>
              <route_bicycle_rcn>yes</route_bicycle_rcn>
            </gpxtpx:Extensions>
          </gpxtpx:TrackPointExtension>
        </extensions>
      </trkpt>
      <trkpt lat="43.611314" lon="4.108982">
        <ele>0.75</ele>
        <extensions>
          <gpxtpx:TrackPointExtension>
            <gpxtpx:Extensions>
              <reversedirection>yes</reversedirection>
              <highway>track</highway>
              <tracktype>grade1</tracktype>
              <foot>designated</foot>
              <bicycle>designated</bicycle>
              <route_bicycle_rcn>yes</route_bicycle_rcn>
            </gpxtpx:Extensions>
          </gpxtpx:TrackPointExtension>
        </extensions>
      </trkpt>
      <trkpt lat="43.608161" lon="4.106961">
        <ele>0.25</ele>
        <extensions>
          <gpxtpx:TrackPointExtension>
            <gpxtpx:Extensions>
              <reversedirection>yes</reversedirection>
              <highway>track</highway>
              <tracktype>grade1</tracktype>
              <foot>designated</foot>
              <bicycle>designated</bicycle>
              <route_bicycle_rcn>yes</route_bicycle_rcn>
            </gpxtpx:Extensions>
          </gpxtpx:TrackPointExtension>
        </extensions>
      </trkpt>
      <trkpt lat="43.607591" lon="4.106622">
        <ele>0.75</ele>
        <extensions>
          <gpxtpx:TrackPointExtension>
            <gpxtpx:Extensions>
              <highway>track</highway>
              <tracktype>grade2</tracktype>
              <foot>designated</foot>
              <bicycle>designated</bicycle>
              <route_bicycle_rcn>yes</route_bicycle_rcn>
            </gpxtpx:Extensions>
          </gpxtpx:TrackPointExtension>
        </extensions>
      </trkpt>
      <trkpt lat="43.606764" lon="4.106177">
        <ele>0.5</ele>
        <extensions>
          <gpxtpx:TrackPointExtension>
            <gpxtpx:Extensions>
              <highway>track</highway>
              <tracktype>grade2</tracktype>
              <foot>designated</foot>
              <bicycle>designated</bicycle>
              <route_bicycle_rcn>yes</route_bicycle_rcn>
            </gpxtpx:Extensions>
          </gpxtpx:TrackPointExtension>
        </extensions>
      </trkpt>
      <trkpt lat="43.606593" lon="4.106106">
        <ele>0.5</ele>
        <extensions>
          <gpxtpx:TrackPointExtension>
            <gpxtpx:Extensions>
              <highway>track</highway>
              <tracktype>grade2</tracktype>
              <foot>designated</foot>
              <bicycle>designated</bicycle>
              <route_bicycle_rcn>yes</route_bicycle_rcn>
            </gpxtpx:Extensions>
          </gpxtpx:TrackPointExtension>
        </extensions>
      </trkpt>
      <trkpt lat="43.606418" lon="4.105974">
        <ele>0.5</ele>
        <extensions>
          <gpxtpx:TrackPointExtension>
            <gpxtpx:Extensions>
              <highway>track</highway>
              <tracktype>grade2</tracktype>
              <foot>designated</foot>
              <bicycle>designated</bicycle>
              <route_bicycle_rcn>yes</route_bicycle_rcn>
            </gpxtpx:Extensions>
          </gpxtpx:TrackPointExtension>
        </extensions>
      </trkpt>
      <trkpt lat="43.605862" lon="4.105739">
        <ele>0</ele>
        <extensions>
          <gpxtpx:TrackPointExtension>
            <gpxtpx:Extensions>
              <highway>track</highway>
              <tracktype>grade2</tracktype>
              <foot>designated</foot>
              <bicycle>designated</bicycle>
              <route_bicycle_rcn>yes</route_bicycle_rcn>
            </gpxtpx:Extensions>
          </gpxtpx:TrackPointExtension>
        </extensions>
      </trkpt>
      <trkpt lat="43.605079" lon="4.105508">
        <ele>-0.5</ele>
        <extensions>
          <gpxtpx:TrackPointExtension>
            <gpxtpx:Extensions>
              <highway>track</highway>
              <tracktype>grade2</tracktype>
              <foot>designated</foot>
              <bicycle>designated</bicycle>
              <route_bicycle_rcn>yes</route_bicycle_rcn>
            </gpxtpx:Extensions>
          </gpxtpx:TrackPointExtension>
        </extensions>
      </trkpt>
      <trkpt lat="43.604806" lon="4.105465">
        <ele>-0.5</ele>
        <extensions>
          <gpxtpx:TrackPointExtension>
            <gpxtpx:Extensions>
              <highway>track</highway>
              <tracktype>grade2</tracktype>
              <foot>designated</foot>
              <bicycle>designated</bicycle>
              <route_bicycle_rcn>yes</route_bicycle_rcn>
            </gpxtpx:Extensions>
          </gpxtpx:TrackPointExtension>
        </extensions>
      </trkpt>
      <trkpt lat="43.60457" lon="4.105492">
        <ele>-0.5</ele>
        <extensions>
          <gpxtpx:TrackPointExtension>
            <gpxtpx:Extensions>
              <highway>track</highway>
              <tracktype>grade2</tracktype>
              <foot>designated</foot>
              <bicycle>designated</bicycle>
              <route_bicycle_rcn>yes</route_bicycle_rcn>
            </gpxtpx:Extensions>
          </gpxtpx:TrackPointExtension>
        </extensions>
      </trkpt>
      <trkpt lat="43.604452" lon="4.105551">
        <ele>-0.5</ele>
        <extensions>
          <gpxtpx:TrackPointExtension>
            <gpxtpx:Extensions>
              <highway>track</highway>
              <tracktype>grade2</tracktype>
              <foot>designated</foot>
              <bicycle>designated</bicycle>
              <route_bicycle_rcn>yes</route_bicycle_rcn>
            </gpxtpx:Extensions>
          </gpxtpx:TrackPointExtension>
        </extensions>
      </trkpt>
      <trkpt lat="43.604195" lon="4.105462">
        <ele>-0.5</ele>
        <extensions>
          <gpxtpx:TrackPointExtension>
            <gpxtpx:Extensions>
              <highway>track</highway>
              <tracktype>grade2</tracktype>
              <foot>designated</foot>
              <bicycle>designated</bicycle>
              <route_bicycle_rcn>yes</route_bicycle_rcn>
            </gpxtpx:Extensions>
          </gpxtpx:TrackPointExtension>
        </extensions>
      </trkpt>
      <trkpt lat="43.604026" lon="4.105361">
        <ele>-0.25</ele>
        <extensions>
          <gpxtpx:TrackPointExtension>
            <gpxtpx:Extensions>
              <highway>track</highway>
              <tracktype>grade2</tracktype>
              <foot>designated</foot>
              <bicycle>designated</bicycle>
              <route_bicycle_rcn>yes</route_bicycle_rcn>
            </gpxtpx:Extensions>
          </gpxtpx:TrackPointExtension>
        </extensions>
      </trkpt>
      <trkpt lat="43.603944" lon="4.105323">
        <ele>0</ele>
        <extensions>
          <gpxtpx:TrackPointExtension>
            <gpxtpx:Extensions>
              <highway>track</highway>
              <tracktype>grade2</tracktype>
              <foot>designated</foot>
              <bicycle>designated</bicycle>
              <route_bicycle_rcn>yes</route_bicycle_rcn>
            </gpxtpx:Extensions>
          </gpxtpx:TrackPointExtension>
        </extensions>
      </trkpt>
      <trkpt lat="43.603884" lon="4.105291">
        <ele>0</ele>
        <extensions>
          <gpxtpx:TrackPointExtension>
            <gpxtpx:Extensions>
              <highway>track</highway>
              <tracktype>grade2</tracktype>
              <foot>designated</foot>
              <bicycle>designated</bicycle>
              <route_bicycle_rcn>yes</route_bicycle_rcn>
            </gpxtpx:Extensions>
          </gpxtpx:TrackPointExtension>
        </extensions>
      </trkpt>
      <trkpt lat="43.603698" lon="4.105248">
        <ele>0.25</ele>
        <extensions>
          <gpxtpx:TrackPointExtension>
            <gpxtpx:Extensions>
              <highway>track</highway>
              <tracktype>grade2</tracktype>
              <foot>designated</foot>
              <bicycle>designated</bicycle>
              <route_bicycle_rcn>yes</route_bicycle_rcn>
            </gpxtpx:Extensions>
          </gpxtpx:TrackPointExtension>
        </extensions>
      </trkpt>
      <trkpt lat="43.603288" lon="4.105232">
        <ele>0.5</ele>
        <extensions>
          <gpxtpx:TrackPointExtension>
            <gpxtpx:Extensions>
              <highway>track</highway>
              <tracktype>grade2</tracktype>
              <foot>designated</foot>
              <bicycle>designated</bicycle>
              <route_bicycle_rcn>yes</route_bicycle_rcn>
            </gpxtpx:Extensions>
          </gpxtpx:TrackPointExtension>
        </extensions>
      </trkpt>
      <trkpt lat="43.603018" lon="4.105244">
        <ele>0.5</ele>
        <extensions>
          <gpxtpx:TrackPointExtension>
            <gpxtpx:Extensions>
              <highway>track</highway>
              <tracktype>grade2</tracktype>
              <foot>designated</foot>
              <bicycle>designated</bicycle>
              <route_bicycle_rcn>yes</route_bicycle_rcn>
            </gpxtpx:Extensions>
          </gpxtpx:TrackPointExtension>
        </extensions>
      </trkpt>
      <trkpt lat="43.602891" lon="4.105229">
        <ele>0.5</ele>
        <extensions>
          <gpxtpx:TrackPointExtension>
            <gpxtpx:Extensions>
              <highway>track</highway>
              <tracktype>grade2</tracktype>
              <foot>designated</foot>
              <bicycle>designated</bicycle>
              <route_bicycle_rcn>yes</route_bicycle_rcn>
            </gpxtpx:Extensions>
          </gpxtpx:TrackPointExtension>
        </extensions>
      </trkpt>
      <trkpt lat="43.602581" lon="4.105138">
        <ele>0.75</ele>
        <extensions>
          <gpxtpx:TrackPointExtension>
            <gpxtpx:Extensions>
              <highway>track</highway>
              <tracktype>grade2</tracktype>
              <foot>designated</foot>
              <bicycle>designated</bicycle>
              <route_bicycle_rcn>yes</route_bicycle_rcn>
            </gpxtpx:Extensions>
          </gpxtpx:TrackPointExtension>
        </extensions>
      </trkpt>
      <trkpt lat="43.601977" lon="4.1051">
        <ele>0.75</ele>
        <extensions>
          <gpxtpx:TrackPointExtension>
            <gpxtpx:Extensions>
              <highway>track</highway>
              <tracktype>grade2</tracktype>
              <foot>designated</foot>
              <bicycle>designated</bicycle>
              <route_bicycle_rcn>yes</route_bicycle_rcn>
            </gpxtpx:Extensions>
          </gpxtpx:TrackPointExtension>
        </extensions>
      </trkpt>
      <trkpt lat="43.601415" lon="4.105049">
        <ele>0.5</ele>
        <extensions>
          <gpxtpx:TrackPointExtension>
            <gpxtpx:Extensions>
              <highway>track</highway>
              <tracktype>grade2</tracktype>
              <foot>designated</foot>
              <bicycle>designated</bicycle>
              <route_bicycle_rcn>yes</route_bicycle_rcn>
            </gpxtpx:Extensions>
          </gpxtpx:TrackPointExtension>
        </extensions>
      </trkpt>
      <trkpt lat="43.600889" lon="4.105016">
        <ele>0</ele>
        <extensions>
          <gpxtpx:TrackPointExtension>
            <gpxtpx:Extensions>
              <highway>track</highway>
              <tracktype>grade2</tracktype>
              <foot>designated</foot>
              <bicycle>designated</bicycle>
              <route_bicycle_rcn>yes</route_bicycle_rcn>
            </gpxtpx:Extensions>
          </gpxtpx:TrackPointExtension>
        </extensions>
      </trkpt>
      <trkpt lat="43.600565" lon="4.105007">
        <ele>0</ele>
        <extensions>
          <gpxtpx:TrackPointExtension>
            <gpxtpx:Extensions>
              <highway>track</highway>
              <tracktype>grade2</tracktype>
              <foot>designated</foot>
              <bicycle>designated</bicycle>
              <route_bicycle_rcn>yes</route_bicycle_rcn>
            </gpxtpx:Extensions>
          </gpxtpx:TrackPointExtension>
        </extensions>
      </trkpt>
      <trkpt lat="43.600326" lon="4.104973">
        <ele>0</ele>
        <extensions>
          <gpxtpx:TrackPointExtension>
            <gpxtpx:Extensions>
              <highway>track</highway>
              <tracktype>grade2</tracktype>
              <foot>designated</foot>
              <bicycle>designated</bicycle>
              <route_bicycle_rcn>yes</route_bicycle_rcn>
            </gpxtpx:Extensions>
          </gpxtpx:TrackPointExtension>
        </extensions>
      </trkpt>
      <trkpt lat="43.600063" lon="4.104952">
        <ele>0</ele>
        <extensions>
          <gpxtpx:TrackPointExtension>
            <gpxtpx:Extensions>
              <highway>track</highway>
              <tracktype>grade2</tracktype>
              <foot>designated</foot>
              <bicycle>designated</bicycle>
              <route_bicycle_rcn>yes</route_bicycle_rcn>
            </gpxtpx:Extensions>
          </gpxtpx:TrackPointExtension>
        </extensions>
      </trkpt>
      <trkpt lat="43.599821" lon="4.10495">
        <ele>0</ele>
        <extensions>
          <gpxtpx:TrackPointExtension>
            <gpxtpx:Extensions>
              <highway>track</highway>
              <tracktype>grade2</tracktype>
              <foot>designated</foot>
              <bicycle>designated</bicycle>
              <route_bicycle_rcn>yes</route_bicycle_rcn>
            </gpxtpx:Extensions>
          </gpxtpx:TrackPointExtension>
        </extensions>
      </trkpt>
      <trkpt lat="43.599076" lon="4.10486">
        <ele>0</ele>
        <extensions>
          <gpxtpx:TrackPointExtension>
            <gpxtpx:Extensions>
              <highway>track</highway>
              <tracktype>grade2</tracktype>
              <foot>designated</foot>
              <bicycle>designated</bicycle>
              <route_bicycle_rcn>yes</route_bicycle_rcn>
            </gpxtpx:Extensions>
          </gpxtpx:TrackPointExtension>
        </extensions>
      </trkpt>
      <trkpt lat="43.597283" lon="4.104745">
        <ele>0</ele>
        <extensions>
          <gpxtpx:TrackPointExtension>
            <gpxtpx:Extensions>
              <highway>track</highway>
              <tracktype>grade2</tracktype>
              <foot>designated</foot>
              <bicycle>designated</bicycle>
              <route_bicycle_rcn>yes</route_bicycle_rcn>
            </gpxtpx:Extensions>
          </gpxtpx:TrackPointExtension>
        </extensions>
      </trkpt>
      <trkpt lat="43.596678" lon="4.104694">
        <ele>-0.25</ele>
        <extensions>
          <gpxtpx:TrackPointExtension>
            <gpxtpx:Extensions>
              <highway>track</highway>
              <tracktype>grade2</tracktype>
              <foot>designated</foot>
              <bicycle>designated</bicycle>
              <route_bicycle_rcn>yes</route_bicycle_rcn>
            </gpxtpx:Extensions>
          </gpxtpx:TrackPointExtension>
        </extensions>
      </trkpt>
      <trkpt lat="43.596401" lon="4.1047">
        <ele>0</ele>
        <extensions>
          <gpxtpx:TrackPointExtension>
            <gpxtpx:Extensions>
              <reversedirection>yes</reversedirection>
              <highway>cycleway</highway>
              <surface>fine_gravel</surface>
              <foot>designated</foot>
              <bicycle>designated</bicycle>
              <route_bicycle_rcn>yes</route_bicycle_rcn>
            </gpxtpx:Extensions>
          </gpxtpx:TrackPointExtension>
        </extensions>
      </trkpt>
      <trkpt lat="43.596404" lon="4.104779">
        <ele>0</ele>
        <extensions>
          <gpxtpx:TrackPointExtension>
            <gpxtpx:Extensions>
              <reversedirection>yes</reversedirection>
              <highway>cycleway</highway>
              <surface>fine_gravel</surface>
              <foot>designated</foot>
              <bicycle>designated</bicycle>
              <route_bicycle_rcn>yes</route_bicycle_rcn>
            </gpxtpx:Extensions>
          </gpxtpx:TrackPointExtension>
        </extensions>
      </trkpt>
      <trkpt lat="43.59644" lon="4.10488">
        <ele>0</ele>
        <extensions>
          <gpxtpx:TrackPointExtension>
            <gpxtpx:Extensions>
              <reversedirection>yes</reversedirection>
              <highway>cycleway</highway>
              <surface>fine_gravel</surface>
              <foot>designated</foot>
              <bicycle>designated</bicycle>
              <route_bicycle_rcn>yes</route_bicycle_rcn>
            </gpxtpx:Extensions>
          </gpxtpx:TrackPointExtension>
        </extensions>
      </trkpt>
      <trkpt lat="43.596546" lon="4.105007">
        <ele>0</ele>
        <extensions>
          <gpxtpx:TrackPointExtension>
            <gpxtpx:Extensions>
              <reversedirection>yes</reversedirection>
              <highway>cycleway</highway>
              <surface>fine_gravel</surface>
              <foot>designated</foot>
              <bicycle>designated</bicycle>
              <route_bicycle_rcn>yes</route_bicycle_rcn>
            </gpxtpx:Extensions>
          </gpxtpx:TrackPointExtension>
        </extensions>
      </trkpt>
      <trkpt lat="43.59657" lon="4.105025">
        <ele>0</ele>
        <extensions>
          <gpxtpx:TrackPointExtension>
            <gpxtpx:Extensions>
              <reversedirection>yes</reversedirection>
              <highway>cycleway</highway>
              <surface>fine_gravel</surface>
              <foot>designated</foot>
              <bicycle>designated</bicycle>
              <route_bicycle_rcn>yes</route_bicycle_rcn>
            </gpxtpx:Extensions>
          </gpxtpx:TrackPointExtension>
        </extensions>
      </trkpt>
      <trkpt lat="43.596596" lon="4.105028">
        <ele>0</ele>
        <extensions>
          <gpxtpx:TrackPointExtension>
            <gpxtpx:Extensions>
              <reversedirection>yes</reversedirection>
              <highway>cycleway</highway>
              <surface>fine_gravel</surface>
              <foot>designated</foot>
              <bicycle>designated</bicycle>
              <route_bicycle_rcn>yes</route_bicycle_rcn>
            </gpxtpx:Extensions>
          </gpxtpx:TrackPointExtension>
        </extensions>
      </trkpt>
      <trkpt lat="43.596593" lon="4.105108">
        <ele>0</ele>
        <extensions>
          <gpxtpx:TrackPointExtension>
            <gpxtpx:Extensions>
              <highway>cycleway</highway>
              <surface>fine_gravel</surface>
              <foot>designated</foot>
              <bicycle>designated</bicycle>
              <route_bicycle_rcn>yes</route_bicycle_rcn>
            </gpxtpx:Extensions>
          </gpxtpx:TrackPointExtension>
        </extensions>
      </trkpt>
      <trkpt lat="43.596586" lon="4.105311">
        <ele>0</ele>
        <extensions>
          <gpxtpx:TrackPointExtension>
            <gpxtpx:Extensions>
              <highway>cycleway</highway>
              <surface>fine_gravel</surface>
              <foot>designated</foot>
              <bicycle>designated</bicycle>
              <route_bicycle_rcn>yes</route_bicycle_rcn>
            </gpxtpx:Extensions>
          </gpxtpx:TrackPointExtension>
        </extensions>
      </trkpt>
      <trkpt lat="43.596568" lon="4.10537">
        <ele>0</ele>
        <extensions>
          <gpxtpx:TrackPointExtension>
            <gpxtpx:Extensions>
              <highway>cycleway</highway>
              <surface>fine_gravel</surface>
              <foot>designated</foot>
              <bicycle>designated</bicycle>
              <route_bicycle_rcn>yes</route_bicycle_rcn>
            </gpxtpx:Extensions>
          </gpxtpx:TrackPointExtension>
        </extensions>
      </trkpt>
      <trkpt lat="43.596391" lon="4.105526">
        <ele>0</ele>
        <extensions>
          <gpxtpx:TrackPointExtension>
            <gpxtpx:Extensions>
              <highway>cycleway</highway>
              <surface>fine_gravel</surface>
              <foot>designated</foot>
              <bicycle>designated</bicycle>
              <route_bicycle_rcn>yes</route_bicycle_rcn>
            </gpxtpx:Extensions>
          </gpxtpx:TrackPointExtension>
        </extensions>
      </trkpt>
      <trkpt lat="43.596372" lon="4.105556">
        <ele>0</ele>
        <extensions>
          <gpxtpx:TrackPointExtension>
            <gpxtpx:Extensions>
              <highway>cycleway</highway>
              <surface>fine_gravel</surface>
              <foot>designated</foot>
              <bicycle>designated</bicycle>
              <route_bicycle_rcn>yes</route_bicycle_rcn>
            </gpxtpx:Extensions>
          </gpxtpx:TrackPointExtension>
        </extensions>
      </trkpt>
      <trkpt lat="43.596377" lon="4.105674">
        <ele>0</ele>
        <extensions>
          <gpxtpx:TrackPointExtension>
            <gpxtpx:Extensions>
              <highway>cycleway</highway>
              <surface>fine_gravel</surface>
              <foot>designated</foot>
              <bicycle>designated</bicycle>
              <route_bicycle_rcn>yes</route_bicycle_rcn>
            </gpxtpx:Extensions>
          </gpxtpx:TrackPointExtension>
        </extensions>
      </trkpt>
      <trkpt lat="43.596327" lon="4.105675">
        <ele>0</ele>
        <extensions>
          <gpxtpx:TrackPointExtension>
            <gpxtpx:Extensions>
              <reversedirection>yes</reversedirection>
              <highway>track</highway>
              <tracktype>grade1</tracktype>
              <surface>concrete</surface>
              <foot>designated</foot>
              <bicycle>designated</bicycle>
              <route_bicycle_rcn>yes</route_bicycle_rcn>
            </gpxtpx:Extensions>
          </gpxtpx:TrackPointExtension>
        </extensions>
      </trkpt>
      <trkpt lat="43.596291" lon="4.105677">
        <ele>0</ele>
        <extensions>
          <gpxtpx:TrackPointExtension>
            <gpxtpx:Extensions>
              <reversedirection>yes</reversedirection>
              <highway>track</highway>
              <tracktype>grade1</tracktype>
              <surface>concrete</surface>
              <foot>designated</foot>
              <bicycle>designated</bicycle>
              <route_bicycle_rcn>yes</route_bicycle_rcn>
            </gpxtpx:Extensions>
          </gpxtpx:TrackPointExtension>
        </extensions>
      </trkpt>
      <trkpt lat="43.596117" lon="4.105665">
        <ele>0</ele>
        <extensions>
          <gpxtpx:TrackPointExtension>
            <gpxtpx:Extensions>
              <reversedirection>yes</reversedirection>
              <highway>track</highway>
              <tracktype>grade1</tracktype>
              <surface>concrete</surface>
              <foot>designated</foot>
              <bicycle>designated</bicycle>
              <route_bicycle_rcn>yes</route_bicycle_rcn>
            </gpxtpx:Extensions>
          </gpxtpx:TrackPointExtension>
        </extensions>
      </trkpt>
      <trkpt lat="43.595844" lon="4.105592">
        <ele>0.25</ele>
        <extensions>
          <gpxtpx:TrackPointExtension>
            <gpxtpx:Extensions>
              <reversedirection>yes</reversedirection>
              <highway>track</highway>
              <tracktype>grade1</tracktype>
              <surface>concrete</surface>
              <foot>designated</foot>
              <bicycle>designated</bicycle>
              <route_bicycle_rcn>yes</route_bicycle_rcn>
            </gpxtpx:Extensions>
          </gpxtpx:TrackPointExtension>
        </extensions>
      </trkpt>
      <trkpt lat="43.595302" lon="4.105494">
        <ele>0.5</ele>
        <extensions>
          <gpxtpx:TrackPointExtension>
            <gpxtpx:Extensions>
              <reversedirection>yes</reversedirection>
              <highway>track</highway>
              <tracktype>grade1</tracktype>
              <surface>concrete</surface>
              <foot>designated</foot>
              <bicycle>designated</bicycle>
              <route_bicycle_rcn>yes</route_bicycle_rcn>
            </gpxtpx:Extensions>
          </gpxtpx:TrackPointExtension>
        </extensions>
      </trkpt>
      <trkpt lat="43.59436" lon="4.105427">
        <ele>0</ele>
        <extensions>
          <gpxtpx:TrackPointExtension>
            <gpxtpx:Extensions>
              <reversedirection>yes</reversedirection>
              <highway>track</highway>
              <tracktype>grade1</tracktype>
              <surface>concrete</surface>
              <foot>designated</foot>
              <bicycle>designated</bicycle>
              <route_bicycle_rcn>yes</route_bicycle_rcn>
            </gpxtpx:Extensions>
          </gpxtpx:TrackPointExtension>
        </extensions>
      </trkpt>
      <trkpt lat="43.594207" lon="4.105399">
        <ele>0</ele>
        <extensions>
          <gpxtpx:TrackPointExtension>
            <gpxtpx:Extensions>
              <reversedirection>yes</reversedirection>
              <highway>track</highway>
              <tracktype>grade1</tracktype>
              <surface>concrete</surface>
              <foot>designated</foot>
              <bicycle>designated</bicycle>
              <route_bicycle_rcn>yes</route_bicycle_rcn>
            </gpxtpx:Extensions>
          </gpxtpx:TrackPointExtension>
        </extensions>
      </trkpt>
      <trkpt lat="43.594123" lon="4.105367">
        <ele>0</ele>
        <extensions>
          <gpxtpx:TrackPointExtension>
            <gpxtpx:Extensions>
              <reversedirection>yes</reversedirection>
              <highway>track</highway>
              <tracktype>grade1</tracktype>
              <surface>concrete</surface>
              <foot>designated</foot>
              <bicycle>designated</bicycle>
              <route_bicycle_rcn>yes</route_bicycle_rcn>
            </gpxtpx:Extensions>
          </gpxtpx:TrackPointExtension>
        </extensions>
      </trkpt>
      <trkpt lat="43.593982" lon="4.105392">
        <ele>0</ele>
        <extensions>
          <gpxtpx:TrackPointExtension>
            <gpxtpx:Extensions>
              <reversedirection>yes</reversedirection>
              <highway>track</highway>
              <tracktype>grade1</tracktype>
              <surface>concrete</surface>
              <foot>designated</foot>
              <bicycle>designated</bicycle>
              <route_bicycle_rcn>yes</route_bicycle_rcn>
            </gpxtpx:Extensions>
          </gpxtpx:TrackPointExtension>
        </extensions>
      </trkpt>
      <trkpt lat="43.590058" lon="4.105109">
        <ele>0.75</ele>
        <extensions>
          <gpxtpx:TrackPointExtension>
            <gpxtpx:Extensions>
              <reversedirection>yes</reversedirection>
              <highway>track</highway>
              <tracktype>grade1</tracktype>
              <surface>concrete</surface>
              <foot>designated</foot>
              <bicycle>designated</bicycle>
              <route_bicycle_rcn>yes</route_bicycle_rcn>
            </gpxtpx:Extensions>
          </gpxtpx:TrackPointExtension>
        </extensions>
      </trkpt>
      <trkpt lat="43.587296" lon="4.104952">
        <ele>-0.25</ele>
        <extensions>
          <gpxtpx:TrackPointExtension>
            <gpxtpx:Extensions>
              <reversedirection>yes</reversedirection>
              <highway>track</highway>
              <tracktype>grade1</tracktype>
              <surface>concrete</surface>
              <foot>designated</foot>
              <bicycle>designated</bicycle>
              <route_bicycle_rcn>yes</route_bicycle_rcn>
            </gpxtpx:Extensions>
          </gpxtpx:TrackPointExtension>
        </extensions>
      </trkpt>
      <trkpt lat="43.587176" lon="4.104888">
        <ele>0</ele>
        <extensions>
          <gpxtpx:TrackPointExtension>
            <gpxtpx:Extensions>
              <reversedirection>yes</reversedirection>
              <highway>track</highway>
              <tracktype>grade1</tracktype>
              <surface>concrete</surface>
              <foot>designated</foot>
              <bicycle>designated</bicycle>
              <route_bicycle_rcn>yes</route_bicycle_rcn>
            </gpxtpx:Extensions>
          </gpxtpx:TrackPointExtension>
        </extensions>
      </trkpt>
      <trkpt lat="43.587092" lon="4.104874">
        <ele>0.25</ele>
        <extensions>
          <gpxtpx:TrackPointExtension>
            <gpxtpx:Extensions>
              <reversedirection>yes</reversedirection>
              <highway>path</highway>
              <surface>asphalt</surface>
              <foot>designated</foot>
              <bicycle>designated</bicycle>
              <route_bicycle_rcn>yes</route_bicycle_rcn>
            </gpxtpx:Extensions>
          </gpxtpx:TrackPointExtension>
        </extensions>
      </trkpt>
      <trkpt lat="43.587009" lon="4.104743">
        <ele>0.75</ele>
        <extensions>
          <gpxtpx:TrackPointExtension>
            <gpxtpx:Extensions>
              <reversedirection>yes</reversedirection>
              <highway>path</highway>
              <surface>asphalt</surface>
              <foot>designated</foot>
              <bicycle>designated</bicycle>
              <route_bicycle_rcn>yes</route_bicycle_rcn>
            </gpxtpx:Extensions>
          </gpxtpx:TrackPointExtension>
        </extensions>
      </trkpt>
      <trkpt lat="43.58643" lon="4.104566">
        <ele>2</ele>
        <extensions>
          <gpxtpx:TrackPointExtension>
            <gpxtpx:Extensions>
              <reversedirection>yes</reversedirection>
              <highway>path</highway>
              <surface>asphalt</surface>
              <foot>designated</foot>
              <bicycle>designated</bicycle>
              <route_bicycle_rcn>yes</route_bicycle_rcn>
            </gpxtpx:Extensions>
          </gpxtpx:TrackPointExtension>
        </extensions>
      </trkpt>
      <trkpt lat="43.586064" lon="4.104525">
        <ele>2</ele>
        <extensions>
          <gpxtpx:TrackPointExtension>
            <gpxtpx:Extensions>
              <reversedirection>yes</reversedirection>
              <highway>path</highway>
              <surface>asphalt</surface>
              <foot>designated</foot>
              <bicycle>designated</bicycle>
              <route_bicycle_rcn>yes</route_bicycle_rcn>
            </gpxtpx:Extensions>
          </gpxtpx:TrackPointExtension>
        </extensions>
      </trkpt>
      <trkpt lat="43.58477" lon="4.104416">
        <ele>2.5</ele>
        <extensions>
          <gpxtpx:TrackPointExtension>
            <gpxtpx:Extensions>
              <highway>path</highway>
              <surface>asphalt</surface>
              <foot>designated</foot>
              <bicycle>designated</bicycle>
              <route_bicycle_rcn>yes</route_bicycle_rcn>
            </gpxtpx:Extensions>
          </gpxtpx:TrackPointExtension>
        </extensions>
      </trkpt>
      <trkpt lat="43.584509" lon="4.104419">
        <ele>2.75</ele>
        <extensions>
          <gpxtpx:TrackPointExtension>
            <gpxtpx:Extensions>
              <highway>path</highway>
              <surface>asphalt</surface>
              <foot>designated</foot>
              <bicycle>designated</bicycle>
              <route_bicycle_rcn>yes</route_bicycle_rcn>
            </gpxtpx:Extensions>
          </gpxtpx:TrackPointExtension>
        </extensions>
      </trkpt>
      <trkpt lat="43.584246" lon="4.10445">
        <ele>2.5</ele>
        <extensions>
          <gpxtpx:TrackPointExtension>
            <gpxtpx:Extensions>
              <highway>path</highway>
              <surface>asphalt</surface>
              <foot>designated</foot>
              <bicycle>designated</bicycle>
              <route_bicycle_rcn>yes</route_bicycle_rcn>
            </gpxtpx:Extensions>
          </gpxtpx:TrackPointExtension>
        </extensions>
      </trkpt>
      <trkpt lat="43.584252" lon="4.104504">
        <ele>2.25</ele>
        <extensions>
          <gpxtpx:TrackPointExtension>
            <gpxtpx:Extensions>
              <highway>path</highway>
              <surface>asphalt</surface>
              <foot>designated</foot>
              <bicycle>designated</bicycle>
              <route_bicycle_rcn>yes</route_bicycle_rcn>
            </gpxtpx:Extensions>
          </gpxtpx:TrackPointExtension>
        </extensions>
      </trkpt>
      <trkpt lat="43.584823" lon="4.104612">
        <ele>2.25</ele>
        <extensions>
          <gpxtpx:TrackPointExtension>
            <gpxtpx:Extensions>
              <highway>path</highway>
              <surface>asphalt</surface>
              <foot>designated</foot>
              <bicycle>designated</bicycle>
              <route_bicycle_rcn>yes</route_bicycle_rcn>
            </gpxtpx:Extensions>
          </gpxtpx:TrackPointExtension>
        </extensions>
      </trkpt>
      <trkpt lat="43.584919" lon="4.104587">
        <ele>2.25</ele>
        <extensions>
          <gpxtpx:TrackPointExtension>
            <gpxtpx:Extensions>
              <highway>path</highway>
              <surface>asphalt</surface>
              <foot>designated</foot>
              <bicycle>designated</bicycle>
              <route_bicycle_rcn>yes</route_bicycle_rcn>
            </gpxtpx:Extensions>
          </gpxtpx:TrackPointExtension>
        </extensions>
      </trkpt>
      <trkpt lat="43.584979" lon="4.104544">
        <ele>2.5</ele>
        <extensions>
          <gpxtpx:TrackPointExtension>
            <gpxtpx:Extensions>
              <highway>path</highway>
              <surface>asphalt</surface>
              <foot>designated</foot>
              <bicycle>designated</bicycle>
              <route_bicycle_rcn>yes</route_bicycle_rcn>
            </gpxtpx:Extensions>
          </gpxtpx:TrackPointExtension>
        </extensions>
      </trkpt>
      <trkpt lat="43.585055" lon="4.104423">
        <ele>2.5</ele>
        <extensions>
          <gpxtpx:TrackPointExtension>
            <gpxtpx:Extensions>
              <highway>path</highway>
              <surface>asphalt</surface>
              <foot>designated</foot>
              <bicycle>designated</bicycle>
              <route_bicycle_rcn>yes</route_bicycle_rcn>
            </gpxtpx:Extensions>
          </gpxtpx:TrackPointExtension>
        </extensions>
      </trkpt>
      <trkpt lat="43.585123" lon="4.104402">
        <ele>2.5</ele>
        <extensions>
          <gpxtpx:TrackPointExtension>
            <gpxtpx:Extensions>
              <reversedirection>yes</reversedirection>
              <highway>track</highway>
              <tracktype>grade2</tracktype>
              <surface>fine_gravel</surface>
              <foot>designated</foot>
              <bicycle>designated</bicycle>
              <route_bicycle_rcn>yes</route_bicycle_rcn>
            </gpxtpx:Extensions>
          </gpxtpx:TrackPointExtension>
        </extensions>
      </trkpt>
      <trkpt lat="43.584964" lon="4.103834">
        <ele>2</ele>
        <extensions>
          <gpxtpx:TrackPointExtension>
            <gpxtpx:Extensions>
              <reversedirection>yes</reversedirection>
              <highway>track</highway>
              <tracktype>grade2</tracktype>
              <surface>fine_gravel</surface>
              <foot>designated</foot>
              <bicycle>designated</bicycle>
              <route_bicycle_rcn>yes</route_bicycle_rcn>
            </gpxtpx:Extensions>
          </gpxtpx:TrackPointExtension>
        </extensions>
      </trkpt>
      <trkpt lat="43.584462" lon="4.102849">
        <ele>0</ele>
        <extensions>
          <gpxtpx:TrackPointExtension>
            <gpxtpx:Extensions>
              <reversedirection>yes</reversedirection>
              <highway>track</highway>
              <tracktype>grade2</tracktype>
              <surface>fine_gravel</surface>
              <foot>designated</foot>
              <bicycle>designated</bicycle>
              <route_bicycle_rcn>yes</route_bicycle_rcn>
            </gpxtpx:Extensions>
          </gpxtpx:TrackPointExtension>
        </extensions>
      </trkpt>
      <trkpt lat="43.583395" lon="4.100664">
        <ele>-0.75</ele>
        <extensions>
          <gpxtpx:TrackPointExtension>
            <gpxtpx:Extensions>
              <reversedirection>yes</reversedirection>
              <highway>track</highway>
              <tracktype>grade2</tracktype>
              <surface>fine_gravel</surface>
              <foot>designated</foot>
              <bicycle>designated</bicycle>
              <route_bicycle_rcn>yes</route_bicycle_rcn>
            </gpxtpx:Extensions>
          </gpxtpx:TrackPointExtension>
        </extensions>
      </trkpt>
      <trkpt lat="43.5811" lon="4.096227">
        <ele>0.5</ele>
        <extensions>
          <gpxtpx:TrackPointExtension>
            <gpxtpx:Extensions>
              <reversedirection>yes</reversedirection>
              <highway>track</highway>
              <tracktype>grade2</tracktype>
              <surface>fine_gravel</surface>
              <foot>designated</foot>
              <bicycle>designated</bicycle>
              <route_bicycle_rcn>yes</route_bicycle_rcn>
            </gpxtpx:Extensions>
          </gpxtpx:TrackPointExtension>
        </extensions>
      </trkpt>
      <trkpt lat="43.578743" lon="4.091767">
        <ele>-0.5</ele>
        <extensions>
          <gpxtpx:TrackPointExtension>
            <gpxtpx:Extensions>
              <reversedirection>yes</reversedirection>
              <highway>track</highway>
              <tracktype>grade2</tracktype>
              <surface>fine_gravel</surface>
              <foot>designated</foot>
              <bicycle>designated</bicycle>
              <route_bicycle_rcn>yes</route_bicycle_rcn>
            </gpxtpx:Extensions>
          </gpxtpx:TrackPointExtension>
        </extensions>
      </trkpt>
      <trkpt lat="43.577717" lon="4.089795">
        <ele>0.25</ele>
        <extensions>
          <gpxtpx:TrackPointExtension>
            <gpxtpx:Extensions>
              <reversedirection>yes</reversedirection>
              <highway>track</highway>
              <tracktype>grade2</tracktype>
              <surface>fine_gravel</surface>
              <foot>designated</foot>
              <bicycle>designated</bicycle>
              <route_bicycle_rcn>yes</route_bicycle_rcn>
            </gpxtpx:Extensions>
          </gpxtpx:TrackPointExtension>
        </extensions>
      </trkpt>
      <trkpt lat="43.576171" lon="4.086894">
        <ele>1</ele>
        <extensions>
          <gpxtpx:TrackPointExtension>
            <gpxtpx:Extensions>
              <reversedirection>yes</reversedirection>
              <highway>track</highway>
              <tracktype>grade2</tracktype>
              <surface>fine_gravel</surface>
              <foot>designated</foot>
              <bicycle>designated</bicycle>
              <route_bicycle_rcn>yes</route_bicycle_rcn>
            </gpxtpx:Extensions>
          </gpxtpx:TrackPointExtension>
        </extensions>
      </trkpt>
      <trkpt lat="43.574486" lon="4.083701">
        <ele>0.25</ele>
        <extensions>
          <gpxtpx:TrackPointExtension>
            <gpxtpx:Extensions>
              <reversedirection>yes</reversedirection>
              <highway>track</highway>
              <tracktype>grade2</tracktype>
              <surface>fine_gravel</surface>
              <foot>designated</foot>
              <bicycle>designated</bicycle>
              <route_bicycle_rcn>yes</route_bicycle_rcn>
            </gpxtpx:Extensions>
          </gpxtpx:TrackPointExtension>
        </extensions>
      </trkpt>
      <trkpt lat="43.574259" lon="4.083262">
        <ele>0</ele>
        <extensions>
          <gpxtpx:TrackPointExtension>
            <gpxtpx:Extensions>
              <reversedirection>yes</reversedirection>
              <highway>track</highway>
              <tracktype>grade2</tracktype>
              <surface>fine_gravel</surface>
              <foot>designated</foot>
              <bicycle>designated</bicycle>
              <route_bicycle_rcn>yes</route_bicycle_rcn>
            </gpxtpx:Extensions>
          </gpxtpx:TrackPointExtension>
        </extensions>
      </trkpt>
      <trkpt lat="43.574195" lon="4.082977">
        <ele>0</ele>
        <extensions>
          <gpxtpx:TrackPointExtension>
            <gpxtpx:Extensions>
              <reversedirection>yes</reversedirection>
              <highway>track</highway>
              <tracktype>grade2</tracktype>
              <surface>fine_gravel</surface>
              <foot>designated</foot>
              <bicycle>designated</bicycle>
              <route_bicycle_rcn>yes</route_bicycle_rcn>
            </gpxtpx:Extensions>
          </gpxtpx:TrackPointExtension>
        </extensions>
      </trkpt>
      <trkpt lat="43.574162" lon="4.082879">
        <ele>0</ele>
        <extensions>
          <gpxtpx:TrackPointExtension>
            <gpxtpx:Extensions>
              <reversedirection>yes</reversedirection>
              <highway>track</highway>
              <tracktype>grade2</tracktype>
              <surface>fine_gravel</surface>
              <foot>designated</foot>
              <bicycle>designated</bicycle>
              <route_bicycle_rcn>yes</route_bicycle_rcn>
            </gpxtpx:Extensions>
          </gpxtpx:TrackPointExtension>
        </extensions>
      </trkpt>
      <trkpt lat="43.574076" lon="4.08272">
        <ele>0</ele>
        <extensions>
          <gpxtpx:TrackPointExtension>
            <gpxtpx:Extensions>
              <highway>track</highway>
              <tracktype>grade2</tracktype>
              <surface>fine_gravel</surface>
              <foot>designated</foot>
              <bicycle>designated</bicycle>
              <route_bicycle_rcn>yes</route_bicycle_rcn>
            </gpxtpx:Extensions>
          </gpxtpx:TrackPointExtension>
        </extensions>
      </trkpt>
      <trkpt lat="43.573818" lon="4.082228">
        <ele>0</ele>
        <extensions>
          <gpxtpx:TrackPointExtension>
            <gpxtpx:Extensions>
              <highway>track</highway>
              <tracktype>grade2</tracktype>
              <surface>fine_gravel</surface>
              <foot>designated</foot>
              <bicycle>designated</bicycle>
              <route_bicycle_rcn>yes</route_bicycle_rcn>
            </gpxtpx:Extensions>
          </gpxtpx:TrackPointExtension>
        </extensions>
      </trkpt>
      <trkpt lat="43.572989" lon="4.080606">
        <ele>0.25</ele>
        <extensions>
          <gpxtpx:TrackPointExtension>
            <gpxtpx:Extensions>
              <highway>path</highway>
              <surface>asphalt</surface>
              <foot>designated</foot>
              <bicycle>designated</bicycle>
              <route_bicycle_rcn>yes</route_bicycle_rcn>
            </gpxtpx:Extensions>
          </gpxtpx:TrackPointExtension>
        </extensions>
      </trkpt>
      <trkpt lat="43.572485" lon="4.080951">
        <ele>0</ele>
        <extensions>
          <gpxtpx:TrackPointExtension>
            <gpxtpx:Extensions>
              <highway>path</highway>
              <surface>asphalt</surface>
              <foot>designated</foot>
              <bicycle>designated</bicycle>
              <route_bicycle_rcn>yes</route_bicycle_rcn>
            </gpxtpx:Extensions>
          </gpxtpx:TrackPointExtension>
        </extensions>
      </trkpt>
      <trkpt lat="43.572425" lon="4.08094">
        <ele>0</ele>
        <extensions>
          <gpxtpx:TrackPointExtension>
            <gpxtpx:Extensions>
              <highway>path</highway>
              <surface>asphalt</surface>
              <foot>designated</foot>
              <bicycle>designated</bicycle>
              <route_bicycle_rcn>yes</route_bicycle_rcn>
            </gpxtpx:Extensions>
          </gpxtpx:TrackPointExtension>
        </extensions>
      </trkpt>
      <trkpt lat="43.572399" lon="4.080892">
        <ele>0</ele>
        <extensions>
          <gpxtpx:TrackPointExtension>
            <gpxtpx:Extensions>
              <highway>path</highway>
              <surface>asphalt</surface>
              <foot>designated</foot>
              <bicycle>designated</bicycle>
              <route_bicycle_rcn>yes</route_bicycle_rcn>
            </gpxtpx:Extensions>
          </gpxtpx:TrackPointExtension>
        </extensions>
      </trkpt>
      <trkpt lat="43.572336" lon="4.080551">
        <ele>0</ele>
        <extensions>
          <gpxtpx:TrackPointExtension>
            <gpxtpx:Extensions>
              <highway>path</highway>
              <surface>asphalt</surface>
              <foot>designated</foot>
              <bicycle>designated</bicycle>
              <route_bicycle_rcn>yes</route_bicycle_rcn>
            </gpxtpx:Extensions>
          </gpxtpx:TrackPointExtension>
        </extensions>
      </trkpt>
      <trkpt lat="43.572164" lon="4.079964">
        <ele>-0.5</ele>
        <extensions>
          <gpxtpx:TrackPointExtension>
            <gpxtpx:Extensions>
              <highway>path</highway>
              <surface>asphalt</surface>
              <foot>designated</foot>
              <bicycle>designated</bicycle>
              <route_bicycle_rcn>yes</route_bicycle_rcn>
            </gpxtpx:Extensions>
          </gpxtpx:TrackPointExtension>
        </extensions>
      </trkpt>
      <trkpt lat="43.571925" lon="4.079479">
        <ele>0.5</ele>
        <extensions>
          <gpxtpx:TrackPointExtension>
            <gpxtpx:Extensions>
              <highway>path</highway>
              <surface>asphalt</surface>
              <foot>designated</foot>
              <bicycle>designated</bicycle>
              <route_bicycle_rcn>yes</route_bicycle_rcn>
            </gpxtpx:Extensions>
          </gpxtpx:TrackPointExtension>
        </extensions>
      </trkpt>
      <trkpt lat="43.571611" lon="4.079078">
        <ele>0.75</ele>
        <extensions>
          <gpxtpx:TrackPointExtension>
            <gpxtpx:Extensions>
              <highway>path</highway>
              <surface>asphalt</surface>
              <foot>designated</foot>
              <bicycle>designated</bicycle>
              <route_bicycle_rcn>yes</route_bicycle_rcn>
            </gpxtpx:Extensions>
          </gpxtpx:TrackPointExtension>
        </extensions>
      </trkpt>
      <trkpt lat="43.571289" lon="4.078845">
        <ele>0.75</ele>
        <extensions>
          <gpxtpx:TrackPointExtension>
            <gpxtpx:Extensions>
              <highway>path</highway>
              <surface>asphalt</surface>
              <foot>designated</foot>
              <bicycle>designated</bicycle>
              <route_bicycle_rcn>yes</route_bicycle_rcn>
            </gpxtpx:Extensions>
          </gpxtpx:TrackPointExtension>
        </extensions>
      </trkpt>
      <trkpt lat="43.570941" lon="4.078686">
        <ele>2.5</ele>
        <extensions>
          <gpxtpx:TrackPointExtension>
            <gpxtpx:Extensions>
              <highway>path</highway>
              <foot>designated</foot>
              <bicycle>designated</bicycle>
              <route_bicycle_rcn>yes</route_bicycle_rcn>
            </gpxtpx:Extensions>
          </gpxtpx:TrackPointExtension>
        </extensions>
      </trkpt>
      <trkpt lat="43.570714" lon="4.07863">
        <ele>3.75</ele>
        <extensions>
          <gpxtpx:TrackPointExtension>
            <gpxtpx:Extensions>
              <highway>path</highway>
              <foot>designated</foot>
              <bicycle>designated</bicycle>
              <route_bicycle_rcn>yes</route_bicycle_rcn>
            </gpxtpx:Extensions>
          </gpxtpx:TrackPointExtension>
        </extensions>
      </trkpt>
      <trkpt lat="43.570436" lon="4.078615">
        <ele>5.5</ele>
        <extensions>
          <gpxtpx:TrackPointExtension>
            <gpxtpx:Extensions>
              <highway>path</highway>
              <surface>asphalt</surface>
              <foot>designated</foot>
              <bicycle>designated</bicycle>
              <segregated>no</segregated>
              <route_bicycle_rcn>yes</route_bicycle_rcn>
            </gpxtpx:Extensions>
          </gpxtpx:TrackPointExtension>
        </extensions>
      </trkpt>
      <trkpt lat="43.570123" lon="4.078615">
        <ele>5.5</ele>
        <extensions>
          <gpxtpx:TrackPointExtension>
            <gpxtpx:Extensions>
              <highway>path</highway>
              <surface>asphalt</surface>
              <foot>designated</foot>
              <bicycle>designated</bicycle>
              <segregated>no</segregated>
              <route_bicycle_rcn>yes</route_bicycle_rcn>
            </gpxtpx:Extensions>
          </gpxtpx:TrackPointExtension>
        </extensions>
      </trkpt>
      <trkpt lat="43.569756" lon="4.078645">
        <ele>6.25</ele>
        <extensions>
          <gpxtpx:TrackPointExtension>
            <gpxtpx:Extensions>
              <highway>path</highway>
              <surface>asphalt</surface>
              <foot>designated</foot>
              <bicycle>designated</bicycle>
              <segregated>no</segregated>
              <route_bicycle_rcn>yes</route_bicycle_rcn>
            </gpxtpx:Extensions>
          </gpxtpx:TrackPointExtension>
        </extensions>
      </trkpt>
      <trkpt lat="43.568474" lon="4.078786">
        <ele>8.25</ele>
        <extensions>
          <gpxtpx:TrackPointExtension>
            <gpxtpx:Extensions>
              <highway>path</highway>
              <surface>asphalt</surface>
              <foot>designated</foot>
              <bicycle>designated</bicycle>
              <segregated>no</segregated>
              <route_bicycle_rcn>yes</route_bicycle_rcn>
            </gpxtpx:Extensions>
          </gpxtpx:TrackPointExtension>
        </extensions>
      </trkpt>
      <trkpt lat="43.567475" lon="4.078848">
        <ele>9</ele>
        <extensions>
          <gpxtpx:TrackPointExtension>
            <gpxtpx:Extensions>
              <highway>path</highway>
              <surface>asphalt</surface>
              <foot>designated</foot>
              <bicycle>designated</bicycle>
              <segregated>no</segregated>
              <route_bicycle_rcn>yes</route_bicycle_rcn>
            </gpxtpx:Extensions>
          </gpxtpx:TrackPointExtension>
        </extensions>
      </trkpt>
      <trkpt lat="43.567463" lon="4.078703">
        <ele>9</ele>
        <extensions>
          <gpxtpx:TrackPointExtension>
            <gpxtpx:Extensions>
              <highway>secondary_link</highway>
              <surface>asphalt</surface>
              <maxspeed>50</maxspeed>
              <oneway>yes</oneway>
            </gpxtpx:Extensions>
          </gpxtpx:TrackPointExtension>
        </extensions>
      </trkpt>
      <trkpt lat="43.567198" lon="4.07877">
        <ele>9</ele>
        <extensions>
          <gpxtpx:TrackPointExtension>
            <gpxtpx:Extensions>
              <highway>secondary_link</highway>
              <surface>asphalt</surface>
              <maxspeed>50</maxspeed>
              <oneway>yes</oneway>
            </gpxtpx:Extensions>
          </gpxtpx:TrackPointExtension>
        </extensions>
      </trkpt>
      <trkpt lat="43.566853" lon="4.078944">
        <ele>9</ele>
        <extensions>
          <gpxtpx:TrackPointExtension>
            <gpxtpx:Extensions>
              <highway>secondary_link</highway>
              <surface>asphalt</surface>
              <maxspeed>50</maxspeed>
              <foot>no</foot>
              <bicycle>yes</bicycle>
              <oneway>yes</oneway>
            </gpxtpx:Extensions>
          </gpxtpx:TrackPointExtension>
        </extensions>
      </trkpt>
      <trkpt lat="43.565881" lon="4.079055">
        <ele>8.25</ele>
        <extensions>
          <gpxtpx:TrackPointExtension>
            <gpxtpx:Extensions>
              <highway>secondary_link</highway>
              <surface>asphalt</surface>
              <maxspeed>50</maxspeed>
              <foot>no</foot>
              <bicycle>yes</bicycle>
              <oneway>yes</oneway>
            </gpxtpx:Extensions>
          </gpxtpx:TrackPointExtension>
        </extensions>
      </trkpt>
      <trkpt lat="43.565553" lon="4.079122">
        <ele>8.25</ele>
        <extensions>
          <gpxtpx:TrackPointExtension>
            <gpxtpx:Extensions>
              <highway>secondary_link</highway>
              <surface>asphalt</surface>
              <maxspeed>70</maxspeed>
              <foot>no</foot>
              <bicycle>yes</bicycle>
              <oneway>yes</oneway>
            </gpxtpx:Extensions>
          </gpxtpx:TrackPointExtension>
        </extensions>
      </trkpt>
      <trkpt lat="43.565424" lon="4.07915">
        <ele>8.5</ele>
        <extensions>
          <gpxtpx:TrackPointExtension>
            <gpxtpx:Extensions>
              <highway>secondary_link</highway>
              <surface>asphalt</surface>
              <maxspeed>50</maxspeed>
              <foot>no</foot>
              <bicycle>yes</bicycle>
              <oneway>yes</oneway>
            </gpxtpx:Extensions>
          </gpxtpx:TrackPointExtension>
        </extensions>
      </trkpt>
      <trkpt lat="43.564951" lon="4.079479">
        <ele>7.75</ele>
        <extensions>
          <gpxtpx:TrackPointExtension>
            <gpxtpx:Extensions>
              <highway>secondary_link</highway>
              <surface>asphalt</surface>
              <maxspeed>50</maxspeed>
              <foot>no</foot>
              <bicycle>yes</bicycle>
              <oneway>yes</oneway>
            </gpxtpx:Extensions>
          </gpxtpx:TrackPointExtension>
        </extensions>
      </trkpt>
      <trkpt lat="43.564697" lon="4.079718">
        <ele>6.5</ele>
        <extensions>
          <gpxtpx:TrackPointExtension>
            <gpxtpx:Extensions>
              <highway>secondary_link</highway>
              <surface>asphalt</surface>
              <maxspeed>50</maxspeed>
              <foot>no</foot>
              <bicycle>yes</bicycle>
              <oneway>yes</oneway>
            </gpxtpx:Extensions>
          </gpxtpx:TrackPointExtension>
        </extensions>
      </trkpt>
      <trkpt lat="43.564473" lon="4.08001">
        <ele>5.25</ele>
        <extensions>
          <gpxtpx:TrackPointExtension>
            <gpxtpx:Extensions>
              <highway>secondary_link</highway>
              <surface>asphalt</surface>
              <maxspeed>50</maxspeed>
              <foot>no</foot>
              <bicycle>yes</bicycle>
              <oneway>yes</oneway>
            </gpxtpx:Extensions>
          </gpxtpx:TrackPointExtension>
        </extensions>
      </trkpt>
      <trkpt lat="43.564411" lon="4.080112">
        <ele>5.25</ele>
        <extensions>
          <gpxtpx:TrackPointExtension>
            <gpxtpx:Extensions>
              <highway>secondary_link</highway>
              <surface>asphalt</surface>
              <maxspeed>50</maxspeed>
              <foot>no</foot>
              <bicycle>yes</bicycle>
              <oneway>yes</oneway>
              <cycleway_right>no</cycleway_right>
            </gpxtpx:Extensions>
          </gpxtpx:TrackPointExtension>
        </extensions>
      </trkpt>
      <trkpt lat="43.564272" lon="4.08036">
        <ele>5</ele>
        <extensions>
          <gpxtpx:TrackPointExtension>
            <gpxtpx:Extensions>
              <highway>secondary_link</highway>
              <surface>asphalt</surface>
              <maxspeed>50</maxspeed>
              <foot>no</foot>
              <bicycle>yes</bicycle>
              <oneway>yes</oneway>
              <cycleway_right>no</cycleway_right>
            </gpxtpx:Extensions>
          </gpxtpx:TrackPointExtension>
        </extensions>
      </trkpt>
      <trkpt lat="43.564114" lon="4.080718">
        <ele>5</ele>
        <extensions>
          <gpxtpx:TrackPointExtension>
            <gpxtpx:Extensions>
              <highway>secondary_link</highway>
              <surface>asphalt</surface>
              <maxspeed>50</maxspeed>
              <foot>no</foot>
              <bicycle>yes</bicycle>
              <oneway>yes</oneway>
              <cycleway_right>no</cycleway_right>
            </gpxtpx:Extensions>
          </gpxtpx:TrackPointExtension>
        </extensions>
      </trkpt>
      <trkpt lat="43.564" lon="4.081061">
        <ele>6.25</ele>
        <extensions>
          <gpxtpx:TrackPointExtension>
            <gpxtpx:Extensions>
              <highway>secondary_link</highway>
              <surface>asphalt</surface>
              <maxspeed>50</maxspeed>
              <foot>no</foot>
              <bicycle>yes</bicycle>
              <oneway>yes</oneway>
              <cycleway_right>no</cycleway_right>
            </gpxtpx:Extensions>
          </gpxtpx:TrackPointExtension>
        </extensions>
      </trkpt>
      <trkpt lat="43.563925" lon="4.08138">
        <ele>7.5</ele>
        <extensions>
          <gpxtpx:TrackPointExtension>
            <gpxtpx:Extensions>
              <highway>secondary_link</highway>
              <surface>asphalt</surface>
              <maxspeed>50</maxspeed>
              <foot>no</foot>
              <bicycle>yes</bicycle>
              <oneway>yes</oneway>
              <cycleway_right>no</cycleway_right>
            </gpxtpx:Extensions>
          </gpxtpx:TrackPointExtension>
        </extensions>
      </trkpt>
      <trkpt lat="43.563828" lon="4.082214">
        <ele>8.25</ele>
        <extensions>
          <gpxtpx:TrackPointExtension>
            <gpxtpx:Extensions>
              <highway>secondary</highway>
              <surface>asphalt</surface>
              <maxspeed>50</maxspeed>
              <foot>no</foot>
              <oneway>yes</oneway>
              <cycleway_right>no</cycleway_right>
            </gpxtpx:Extensions>
          </gpxtpx:TrackPointExtension>
        </extensions>
      </trkpt>
      <trkpt lat="43.563762" lon="4.083205">
        <ele>6.25</ele>
        <extensions>
          <gpxtpx:TrackPointExtension>
            <gpxtpx:Extensions>
              <highway>secondary</highway>
              <surface>asphalt</surface>
              <maxspeed>50</maxspeed>
              <foot>no</foot>
              <oneway>yes</oneway>
              <cycleway_right>no</cycleway_right>
            </gpxtpx:Extensions>
          </gpxtpx:TrackPointExtension>
        </extensions>
      </trkpt>
      <trkpt lat="43.563689" lon="4.084102">
        <ele>5.5</ele>
        <extensions>
          <gpxtpx:TrackPointExtension>
            <gpxtpx:Extensions>
              <highway>secondary</highway>
              <surface>asphalt</surface>
              <maxspeed>50</maxspeed>
              <foot>no</foot>
              <oneway>yes</oneway>
              <cycleway_right>no</cycleway_right>
            </gpxtpx:Extensions>
          </gpxtpx:TrackPointExtension>
        </extensions>
      </trkpt>
      <trkpt lat="43.563623" lon="4.085098">
        <ele>6.25</ele>
        <extensions>
          <gpxtpx:TrackPointExtension>
            <gpxtpx:Extensions>
              <highway>residential</highway>
              <surface>asphalt</surface>
              <maxspeed>50</maxspeed>
              <oneway>yes</oneway>
            </gpxtpx:Extensions>
          </gpxtpx:TrackPointExtension>
        </extensions>
      </trkpt>
      <trkpt lat="43.563553" lon="4.085439">
        <ele>6</ele>
        <extensions>
          <gpxtpx:TrackPointExtension>
            <gpxtpx:Extensions>
              <highway>residential</highway>
              <surface>asphalt</surface>
              <maxspeed>50</maxspeed>
              <oneway>yes</oneway>
            </gpxtpx:Extensions>
          </gpxtpx:TrackPointExtension>
        </extensions>
      </trkpt>
      <trkpt lat="43.563536" lon="4.085643">
        <ele>5.75</ele>
        <extensions>
          <gpxtpx:TrackPointExtension>
            <gpxtpx:Extensions>
              <highway>residential</highway>
              <surface>asphalt</surface>
              <maxspeed>50</maxspeed>
              <oneway>yes</oneway>
            </gpxtpx:Extensions>
          </gpxtpx:TrackPointExtension>
        </extensions>
      </trkpt>
      <trkpt lat="43.563514" lon="4.085732">
        <ele>5.75</ele>
        <extensions>
          <gpxtpx:TrackPointExtension>
            <gpxtpx:Extensions>
              <highway>residential</highway>
              <surface>asphalt</surface>
              <maxspeed>50</maxspeed>
              <oneway>yes</oneway>
            </gpxtpx:Extensions>
          </gpxtpx:TrackPointExtension>
        </extensions>
      </trkpt>
      <trkpt lat="43.563492" lon="4.085788">
        <ele>5.5</ele>
        <extensions>
          <gpxtpx:TrackPointExtension>
            <gpxtpx:Extensions>
              <highway>residential</highway>
              <surface>asphalt</surface>
              <maxspeed>50</maxspeed>
              <oneway>yes</oneway>
            </gpxtpx:Extensions>
          </gpxtpx:TrackPointExtension>
        </extensions>
      </trkpt>
      <trkpt lat="43.563431" lon="4.085907">
        <ele>5.75</ele>
        <extensions>
          <gpxtpx:TrackPointExtension>
            <gpxtpx:Extensions>
              <highway>residential</highway>
              <surface>asphalt</surface>
              <maxspeed>50</maxspeed>
              <oneway>yes</oneway>
            </gpxtpx:Extensions>
          </gpxtpx:TrackPointExtension>
        </extensions>
      </trkpt>
      <trkpt lat="43.563412" lon="4.08597">
        <ele>5.75</ele>
        <extensions>
          <gpxtpx:TrackPointExtension>
            <gpxtpx:Extensions>
              <highway>residential</highway>
              <surface>asphalt</surface>
              <maxspeed>50</maxspeed>
              <oneway>yes</oneway>
            </gpxtpx:Extensions>
          </gpxtpx:TrackPointExtension>
        </extensions>
      </trkpt>
      <trkpt lat="43.563184" lon="4.086152">
        <ele>6.5</ele>
        <extensions>
          <gpxtpx:TrackPointExtension>
            <gpxtpx:Extensions>
              <highway>residential</highway>
              <surface>asphalt</surface>
              <maxspeed>50</maxspeed>
              <oneway>yes</oneway>
            </gpxtpx:Extensions>
          </gpxtpx:TrackPointExtension>
        </extensions>
      </trkpt>
      <trkpt lat="43.563067" lon="4.08625">
        <ele>6.75</ele>
        <extensions>
          <gpxtpx:TrackPointExtension>
            <gpxtpx:Extensions>
              <highway>residential</highway>
              <surface>asphalt</surface>
              <maxspeed>50</maxspeed>
              <oneway>yes</oneway>
            </gpxtpx:Extensions>
          </gpxtpx:TrackPointExtension>
        </extensions>
      </trkpt>
      <trkpt lat="43.562866" lon="4.086411">
        <ele>7</ele>
        <extensions>
          <gpxtpx:TrackPointExtension>
            <gpxtpx:Extensions>
              <highway>residential</highway>
              <surface>asphalt</surface>
              <maxspeed>50</maxspeed>
              <oneway>yes</oneway>
            </gpxtpx:Extensions>
          </gpxtpx:TrackPointExtension>
        </extensions>
      </trkpt>
      <trkpt lat="43.56277" lon="4.086489">
        <ele>7</ele>
        <extensions>
          <gpxtpx:TrackPointExtension>
            <gpxtpx:Extensions>
              <highway>residential</highway>
              <surface>asphalt</surface>
              <maxspeed>50</maxspeed>
              <oneway>yes</oneway>
              <route_bicycle_icn>yes</route_bicycle_icn>
              <route_bicycle_ncn>yes</route_bicycle_ncn>
            </gpxtpx:Extensions>
          </gpxtpx:TrackPointExtension>
        </extensions>
      </trkpt>
      <trkpt lat="43.562453" lon="4.086743">
        <ele>7</ele>
        <extensions>
          <gpxtpx:TrackPointExtension>
            <gpxtpx:Extensions>
              <highway>residential</highway>
              <surface>asphalt</surface>
              <maxspeed>50</maxspeed>
              <oneway>yes</oneway>
              <route_bicycle_icn>yes</route_bicycle_icn>
              <route_bicycle_ncn>yes</route_bicycle_ncn>
            </gpxtpx:Extensions>
          </gpxtpx:TrackPointExtension>
        </extensions>
      </trkpt>
      <trkpt lat="43.562432" lon="4.086816">
        <ele>6.75</ele>
        <extensions>
          <gpxtpx:TrackPointExtension>
            <gpxtpx:Extensions>
              <highway>residential</highway>
              <surface>asphalt</surface>
              <maxspeed>50</maxspeed>
              <oneway>no</oneway>
              <smoothness>intermediate</smoothness>
              <route_bicycle_icn>yes</route_bicycle_icn>
              <route_bicycle_ncn>yes</route_bicycle_ncn>
            </gpxtpx:Extensions>
          </gpxtpx:TrackPointExtension>
        </extensions>
      </trkpt>
      <trkpt lat="43.562019" lon="4.087142">
        <ele>7.25</ele>
        <extensions>
          <gpxtpx:TrackPointExtension>
            <gpxtpx:Extensions>
              <highway>residential</highway>
              <surface>asphalt</surface>
              <maxspeed>50</maxspeed>
              <oneway>no</oneway>
              <route_bicycle_icn>yes</route_bicycle_icn>
              <route_bicycle_ncn>yes</route_bicycle_ncn>
            </gpxtpx:Extensions>
          </gpxtpx:TrackPointExtension>
        </extensions>
      </trkpt>
      <trkpt lat="43.561899" lon="4.087238">
        <ele>7.25</ele>
        <extensions>
          <gpxtpx:TrackPointExtension>
            <gpxtpx:Extensions>
              <highway>residential</highway>
              <surface>asphalt</surface>
              <maxspeed>50</maxspeed>
              <oneway>no</oneway>
              <route_bicycle_icn>yes</route_bicycle_icn>
              <route_bicycle_ncn>yes</route_bicycle_ncn>
            </gpxtpx:Extensions>
          </gpxtpx:TrackPointExtension>
        </extensions>
      </trkpt>
      <trkpt lat="43.561768" lon="4.08734">
        <ele>7</ele>
        <extensions>
          <gpxtpx:TrackPointExtension>
            <gpxtpx:Extensions>
              <highway>residential</highway>
              <surface>asphalt</surface>
              <maxspeed>50</maxspeed>
              <oneway>no</oneway>
              <route_bicycle_icn>yes</route_bicycle_icn>
              <route_bicycle_ncn>yes</route_bicycle_ncn>
            </gpxtpx:Extensions>
          </gpxtpx:TrackPointExtension>
        </extensions>
      </trkpt>
      <trkpt lat="43.561694" lon="4.087398">
        <ele>7</ele>
        <extensions>
          <gpxtpx:TrackPointExtension>
            <gpxtpx:Extensions>
              <highway>residential</highway>
              <surface>asphalt</surface>
              <maxspeed>50</maxspeed>
              <oneway>no</oneway>
              <route_bicycle_icn>yes</route_bicycle_icn>
              <route_bicycle_ncn>yes</route_bicycle_ncn>
            </gpxtpx:Extensions>
          </gpxtpx:TrackPointExtension>
        </extensions>
      </trkpt>
      <trkpt lat="43.561636" lon="4.087444">
        <ele>7</ele>
        <extensions>
          <gpxtpx:TrackPointExtension>
            <gpxtpx:Extensions>
              <highway>residential</highway>
              <surface>asphalt</surface>
              <maxspeed>50</maxspeed>
              <oneway>no</oneway>
              <route_bicycle_icn>yes</route_bicycle_icn>
              <route_bicycle_ncn>yes</route_bicycle_ncn>
            </gpxtpx:Extensions>
          </gpxtpx:TrackPointExtension>
        </extensions>
      </trkpt>
      <trkpt lat="43.561228" lon="4.087768">
        <ele>7</ele>
        <extensions>
          <gpxtpx:TrackPointExtension>
            <gpxtpx:Extensions>
              <highway>residential</highway>
              <surface>asphalt</surface>
              <maxspeed>50</maxspeed>
              <oneway>no</oneway>
              <route_bicycle_icn>yes</route_bicycle_icn>
              <route_bicycle_ncn>yes</route_bicycle_ncn>
            </gpxtpx:Extensions>
          </gpxtpx:TrackPointExtension>
        </extensions>
      </trkpt>
      <trkpt lat="43.560956" lon="4.087985">
        <ele>7.75</ele>
        <extensions>
          <gpxtpx:TrackPointExtension>
            <gpxtpx:Extensions>
              <highway>residential</highway>
              <surface>asphalt</surface>
              <maxspeed>50</maxspeed>
              <oneway>no</oneway>
              <route_bicycle_icn>yes</route_bicycle_icn>
              <route_bicycle_ncn>yes</route_bicycle_ncn>
            </gpxtpx:Extensions>
          </gpxtpx:TrackPointExtension>
        </extensions>
      </trkpt>
      <trkpt lat="43.56085" lon="4.088069">
        <ele>8.25</ele>
        <extensions>
          <gpxtpx:TrackPointExtension>
            <gpxtpx:Extensions>
              <highway>path</highway>
              <surface>concrete</surface>
              <foot>designated</foot>
              <bicycle>designated</bicycle>
              <segregated>no</segregated>
              <route_bicycle_icn>yes</route_bicycle_icn>
              <route_bicycle_ncn>yes</route_bicycle_ncn>
              <concrete>plates</concrete>
            </gpxtpx:Extensions>
          </gpxtpx:TrackPointExtension>
        </extensions>
      </trkpt>
      <trkpt lat="43.560905" lon="4.088204">
        <ele>8.25</ele>
        <extensions>
          <gpxtpx:TrackPointExtension>
            <gpxtpx:Extensions>
              <highway>path</highway>
              <surface>concrete</surface>
              <foot>designated</foot>
              <bicycle>designated</bicycle>
              <segregated>no</segregated>
              <route_bicycle_icn>yes</route_bicycle_icn>
              <route_bicycle_ncn>yes</route_bicycle_ncn>
              <concrete>plates</concrete>
            </gpxtpx:Extensions>
          </gpxtpx:TrackPointExtension>
        </extensions>
      </trkpt>
      <trkpt lat="43.561221" lon="4.088978">
        <ele>8.25</ele>
        <extensions>
          <gpxtpx:TrackPointExtension>
            <gpxtpx:Extensions>
              <highway>path</highway>
              <surface>concrete</surface>
              <foot>designated</foot>
              <bicycle>designated</bicycle>
              <segregated>no</segregated>
              <route_bicycle_icn>yes</route_bicycle_icn>
              <route_bicycle_ncn>yes</route_bicycle_ncn>
              <concrete>plates</concrete>
            </gpxtpx:Extensions>
          </gpxtpx:TrackPointExtension>
        </extensions>
      </trkpt>
      <trkpt lat="43.561246" lon="4.089108">
        <ele>8.25</ele>
        <extensions>
          <gpxtpx:TrackPointExtension>
            <gpxtpx:Extensions>
              <highway>path</highway>
              <surface>concrete</surface>
              <foot>designated</foot>
              <bicycle>designated</bicycle>
              <segregated>no</segregated>
              <route_bicycle_icn>yes</route_bicycle_icn>
              <route_bicycle_ncn>yes</route_bicycle_ncn>
              <concrete>plates</concrete>
            </gpxtpx:Extensions>
          </gpxtpx:TrackPointExtension>
        </extensions>
      </trkpt>
      <trkpt lat="43.561536" lon="4.089821">
        <ele>7.5</ele>
        <extensions>
          <gpxtpx:TrackPointExtension>
            <gpxtpx:Extensions>
              <highway>path</highway>
              <surface>concrete</surface>
              <foot>designated</foot>
              <bicycle>designated</bicycle>
              <segregated>no</segregated>
              <route_bicycle_icn>yes</route_bicycle_icn>
              <route_bicycle_ncn>yes</route_bicycle_ncn>
              <concrete>plates</concrete>
            </gpxtpx:Extensions>
          </gpxtpx:TrackPointExtension>
        </extensions>
      </trkpt>
      <trkpt lat="43.561645" lon="4.090099">
        <ele>7</ele>
        <extensions>
          <gpxtpx:TrackPointExtension>
            <gpxtpx:Extensions>
              <highway>path</highway>
              <surface>concrete</surface>
              <foot>designated</foot>
              <bicycle>designated</bicycle>
              <segregated>no</segregated>
              <route_bicycle_icn>yes</route_bicycle_icn>
              <route_bicycle_ncn>yes</route_bicycle_ncn>
              <concrete>plates</concrete>
            </gpxtpx:Extensions>
          </gpxtpx:TrackPointExtension>
        </extensions>
      </trkpt>
      <trkpt lat="43.561845" lon="4.090595">
        <ele>7</ele>
        <extensions>
          <gpxtpx:TrackPointExtension>
            <gpxtpx:Extensions>
              <highway>path</highway>
              <surface>concrete</surface>
              <foot>designated</foot>
              <bicycle>designated</bicycle>
              <segregated>no</segregated>
              <route_bicycle_icn>yes</route_bicycle_icn>
              <route_bicycle_ncn>yes</route_bicycle_ncn>
              <concrete>plates</concrete>
            </gpxtpx:Extensions>
          </gpxtpx:TrackPointExtension>
        </extensions>
      </trkpt>
      <trkpt lat="43.562089" lon="4.090552">
        <ele>7</ele>
        <extensions>
          <gpxtpx:TrackPointExtension>
            <gpxtpx:Extensions>
              <highway>path</highway>
              <surface>concrete</surface>
              <foot>designated</foot>
              <bicycle>designated</bicycle>
              <segregated>no</segregated>
              <route_bicycle_icn>yes</route_bicycle_icn>
              <route_bicycle_ncn>yes</route_bicycle_ncn>
              <concrete>plates</concrete>
            </gpxtpx:Extensions>
          </gpxtpx:TrackPointExtension>
        </extensions>
      </trkpt>
      <trkpt lat="43.562172" lon="4.090794">
        <ele>7.5</ele>
        <extensions>
          <gpxtpx:TrackPointExtension>
            <gpxtpx:Extensions>
              <highway>path</highway>
              <surface>concrete</surface>
              <foot>designated</foot>
              <bicycle>designated</bicycle>
              <segregated>no</segregated>
              <route_bicycle_icn>yes</route_bicycle_icn>
              <route_bicycle_ncn>yes</route_bicycle_ncn>
              <concrete>plates</concrete>
            </gpxtpx:Extensions>
          </gpxtpx:TrackPointExtension>
        </extensions>
      </trkpt>
      <trkpt lat="43.562172" lon="4.090844">
        <ele>7.5</ele>
        <extensions>
          <gpxtpx:TrackPointExtension>
            <gpxtpx:Extensions>
              <highway>path</highway>
              <surface>concrete</surface>
              <foot>designated</foot>
              <bicycle>designated</bicycle>
              <segregated>no</segregated>
              <route_bicycle_icn>yes</route_bicycle_icn>
              <route_bicycle_ncn>yes</route_bicycle_ncn>
              <concrete>plates</concrete>
            </gpxtpx:Extensions>
          </gpxtpx:TrackPointExtension>
        </extensions>
      </trkpt>
      <trkpt lat="43.562171" lon="4.09092">
        <ele>7.5</ele>
        <extensions>
          <gpxtpx:TrackPointExtension>
            <gpxtpx:Extensions>
              <highway>path</highway>
              <surface>concrete</surface>
              <foot>designated</foot>
              <bicycle>designated</bicycle>
              <segregated>no</segregated>
              <route_bicycle_icn>yes</route_bicycle_icn>
              <route_bicycle_ncn>yes</route_bicycle_ncn>
              <concrete>plates</concrete>
            </gpxtpx:Extensions>
          </gpxtpx:TrackPointExtension>
        </extensions>
      </trkpt>
      <trkpt lat="43.562212" lon="4.091196">
        <ele>7.5</ele>
        <extensions>
          <gpxtpx:TrackPointExtension>
            <gpxtpx:Extensions>
              <highway>path</highway>
              <surface>concrete</surface>
              <foot>designated</foot>
              <bicycle>designated</bicycle>
              <segregated>no</segregated>
              <route_bicycle_icn>yes</route_bicycle_icn>
              <route_bicycle_ncn>yes</route_bicycle_ncn>
              <concrete>plates</concrete>
            </gpxtpx:Extensions>
          </gpxtpx:TrackPointExtension>
        </extensions>
      </trkpt>
      <trkpt lat="43.562231" lon="4.091324">
        <ele>7.5</ele>
        <extensions>
          <gpxtpx:TrackPointExtension>
            <gpxtpx:Extensions>
              <highway>path</highway>
              <surface>concrete</surface>
              <foot>designated</foot>
              <bicycle>designated</bicycle>
              <segregated>no</segregated>
              <route_bicycle_icn>yes</route_bicycle_icn>
              <route_bicycle_ncn>yes</route_bicycle_ncn>
              <concrete>plates</concrete>
            </gpxtpx:Extensions>
          </gpxtpx:TrackPointExtension>
        </extensions>
      </trkpt>
      <trkpt lat="43.56242" lon="4.091794">
        <ele>7.75</ele>
        <extensions>
          <gpxtpx:TrackPointExtension>
            <gpxtpx:Extensions>
              <highway>path</highway>
              <surface>concrete</surface>
              <foot>designated</foot>
              <bicycle>designated</bicycle>
              <segregated>no</segregated>
              <route_bicycle_icn>yes</route_bicycle_icn>
              <route_bicycle_ncn>yes</route_bicycle_ncn>
              <concrete>plates</concrete>
            </gpxtpx:Extensions>
          </gpxtpx:TrackPointExtension>
        </extensions>
      </trkpt>
      <trkpt lat="43.562467" lon="4.091937">
        <ele>7.5</ele>
        <extensions>
          <gpxtpx:TrackPointExtension>
            <gpxtpx:Extensions>
              <highway>path</highway>
              <surface>concrete</surface>
              <foot>designated</foot>
              <bicycle>designated</bicycle>
              <segregated>no</segregated>
              <route_bicycle_icn>yes</route_bicycle_icn>
              <route_bicycle_ncn>yes</route_bicycle_ncn>
              <concrete>plates</concrete>
            </gpxtpx:Extensions>
          </gpxtpx:TrackPointExtension>
        </extensions>
      </trkpt>
      <trkpt lat="43.562552" lon="4.092438">
        <ele>7</ele>
        <extensions>
          <gpxtpx:TrackPointExtension>
            <gpxtpx:Extensions>
              <reversedirection>yes</reversedirection>
              <highway>footway</highway>
            </gpxtpx:Extensions>
          </gpxtpx:TrackPointExtension>
        </extensions>
      </trkpt>
      <trkpt lat="43.562441" lon="4.092494">
        <ele>6.75</ele>
        <extensions>
          <gpxtpx:TrackPointExtension>
            <gpxtpx:Extensions>
              <reversedirection>yes</reversedirection>
              <highway>footway</highway>
            </gpxtpx:Extensions>
          </gpxtpx:TrackPointExtension>
        </extensions>
      </trkpt>
      <trkpt lat="43.56235" lon="4.092521">
        <ele>6.5</ele>
        <extensions>
          <gpxtpx:TrackPointExtension>
            <gpxtpx:Extensions>
              <reversedirection>yes</reversedirection>
              <highway>footway</highway>
            </gpxtpx:Extensions>
          </gpxtpx:TrackPointExtension>
        </extensions>
      </trkpt>
      <trkpt lat="43.561942" lon="4.092807">
        <ele>5</ele>
        <extensions>
          <gpxtpx:TrackPointExtension>
            <gpxtpx:Extensions>
              <highway>footway</highway>
            </gpxtpx:Extensions>
          </gpxtpx:TrackPointExtension>
        </extensions>
      </trkpt>
      <trkpt lat="43.561931" lon="4.09285">
        <ele>4.75</ele>
        <extensions>
          <gpxtpx:TrackPointExtension>
            <gpxtpx:Extensions>
              <highway>footway</highway>
            </gpxtpx:Extensions>
          </gpxtpx:TrackPointExtension>
        </extensions>
      </trkpt>
      <trkpt lat="43.561713" lon="4.093032">
        <ele>4</ele>
        <extensions>
          <gpxtpx:TrackPointExtension>
            <gpxtpx:Extensions>
              <reversedirection>yes</reversedirection>
              <highway>residential</highway>
            </gpxtpx:Extensions>
          </gpxtpx:TrackPointExtension>
        </extensions>
      </trkpt>
      <trkpt lat="43.561739" lon="4.093051">
        <ele>4</ele>
        <extensions>
          <gpxtpx:TrackPointExtension>
            <gpxtpx:Extensions>
              <reversedirection>yes</reversedirection>
              <highway>residential</highway>
            </gpxtpx:Extensions>
          </gpxtpx:TrackPointExtension>
        </extensions>
      </trkpt>
      <trkpt lat="43.561801" lon="4.093163">
        <ele>3.5</ele>
        <extensions>
          <gpxtpx:TrackPointExtension>
            <gpxtpx:Extensions>
              <reversedirection>yes</reversedirection>
              <highway>residential</highway>
            </gpxtpx:Extensions>
          </gpxtpx:TrackPointExtension>
        </extensions>
      </trkpt>
      <trkpt lat="43.561473" lon="4.093446">
        <ele>3</ele>
        <extensions>
          <gpxtpx:TrackPointExtension>
            <gpxtpx:Extensions>
              <reversedirection>yes</reversedirection>
              <highway>residential</highway>
            </gpxtpx:Extensions>
          </gpxtpx:TrackPointExtension>
        </extensions>
      </trkpt>
      <trkpt lat="43.561379" lon="4.09352">
        <ele>3.25</ele>
        <extensions>
          <gpxtpx:TrackPointExtension>
            <gpxtpx:Extensions>
              <highway>residential</highway>
            </gpxtpx:Extensions>
          </gpxtpx:TrackPointExtension>
        </extensions>
      </trkpt>
      <trkpt lat="43.561439" lon="4.09367">
        <ele>3.25</ele>
        <extensions>
          <gpxtpx:TrackPointExtension>
            <gpxtpx:Extensions>
              <highway>residential</highway>
            </gpxtpx:Extensions>
          </gpxtpx:TrackPointExtension>
        </extensions>
      </trkpt>
      <trkpt lat="43.561389" lon="4.093967">
        <ele>3.25</ele>
        <extensions>
          <gpxtpx:TrackPointExtension>
            <gpxtpx:Extensions>
              <reversedirection>yes</reversedirection>
              <highway>residential</highway>
              <surface>asphalt</surface>
            </gpxtpx:Extensions>
          </gpxtpx:TrackPointExtension>
        </extensions>
      </trkpt>
      <trkpt lat="43.561364" lon="4.094041">
        <ele>3.25</ele>
        <extensions>
          <gpxtpx:TrackPointExtension>
            <gpxtpx:Extensions>
              <reversedirection>yes</reversedirection>
              <highway>residential</highway>
              <surface>asphalt</surface>
            </gpxtpx:Extensions>
          </gpxtpx:TrackPointExtension>
        </extensions>
      </trkpt>
      <trkpt lat="43.561262" lon="4.094115">
        <ele>3.25</ele>
        <extensions>
          <gpxtpx:TrackPointExtension>
            <gpxtpx:Extensions>
              <reversedirection>yes</reversedirection>
              <highway>residential</highway>
              <surface>asphalt</surface>
            </gpxtpx:Extensions>
          </gpxtpx:TrackPointExtension>
        </extensions>
      </trkpt>
      <trkpt lat="43.561049" lon="4.094265">
        <ele>3.75</ele>
        <extensions>
          <gpxtpx:TrackPointExtension>
            <gpxtpx:Extensions>
              <reversedirection>yes</reversedirection>
              <highway>residential</highway>
              <surface>asphalt</surface>
            </gpxtpx:Extensions>
          </gpxtpx:TrackPointExtension>
        </extensions>
      </trkpt>
      <trkpt lat="43.561014" lon="4.094317">
        <ele>3.75</ele>
        <extensions>
          <gpxtpx:TrackPointExtension>
            <gpxtpx:Extensions>
              <reversedirection>yes</reversedirection>
              <highway>residential</highway>
              <surface>asphalt</surface>
            </gpxtpx:Extensions>
          </gpxtpx:TrackPointExtension>
        </extensions>
      </trkpt>
      <trkpt lat="43.560428" lon="4.094778">
        <ele>4</ele>
        <extensions>
          <gpxtpx:TrackPointExtension>
            <gpxtpx:Extensions>
              <reversedirection>yes</reversedirection>
              <highway>residential</highway>
              <surface>asphalt</surface>
            </gpxtpx:Extensions>
          </gpxtpx:TrackPointExtension>
        </extensions>
      </trkpt>
      <trkpt lat="43.560403" lon="4.094852">
        <ele>4.25</ele>
        <extensions>
          <gpxtpx:TrackPointExtension>
            <gpxtpx:Extensions>
              <reversedirection>yes</reversedirection>
              <highway>residential</highway>
              <surface>asphalt</surface>
            </gpxtpx:Extensions>
          </gpxtpx:TrackPointExtension>
        </extensions>
      </trkpt>
      <trkpt lat="43.560359" lon="4.095364">
        <ele>4.25</ele>
        <extensions>
          <gpxtpx:TrackPointExtension>
            <gpxtpx:Extensions>
              <reversedirection>yes</reversedirection>
              <highway>residential</highway>
              <surface>asphalt</surface>
            </gpxtpx:Extensions>
          </gpxtpx:TrackPointExtension>
        </extensions>
      </trkpt>
      <trkpt lat="43.560346" lon="4.09546">
        <ele>4.5</ele>
        <extensions>
          <gpxtpx:TrackPointExtension>
            <gpxtpx:Extensions>
              <reversedirection>yes</reversedirection>
              <highway>residential</highway>
              <surface>asphalt</surface>
            </gpxtpx:Extensions>
          </gpxtpx:TrackPointExtension>
        </extensions>
      </trkpt>
      <trkpt lat="43.560337" lon="4.095496">
        <ele>4.5</ele>
        <extensions>
          <gpxtpx:TrackPointExtension>
            <gpxtpx:Extensions>
              <highway>residential</highway>
              <maxspeed>30</maxspeed>
            </gpxtpx:Extensions>
          </gpxtpx:TrackPointExtension>
        </extensions>
      </trkpt>
      <trkpt lat="43.560251" lon="4.095507">
        <ele>4.5</ele>
        <extensions>
          <gpxtpx:TrackPointExtension>
            <gpxtpx:Extensions>
              <highway>residential</highway>
              <maxspeed>30</maxspeed>
            </gpxtpx:Extensions>
          </gpxtpx:TrackPointExtension>
        </extensions>
      </trkpt>
      <trkpt lat="43.560139" lon="4.095595">
        <ele>4.5</ele>
        <extensions>
          <gpxtpx:TrackPointExtension>
            <gpxtpx:Extensions>
              <highway>residential</highway>
              <maxspeed>30</maxspeed>
            </gpxtpx:Extensions>
          </gpxtpx:TrackPointExtension>
        </extensions>
      </trkpt>
      <trkpt lat="43.559663" lon="4.095972">
        <ele>4.75</ele>
        <extensions>
          <gpxtpx:TrackPointExtension>
            <gpxtpx:Extensions>
              <highway>residential</highway>
              <maxspeed>30</maxspeed>
            </gpxtpx:Extensions>
          </gpxtpx:TrackPointExtension>
        </extensions>
      </trkpt>
      <trkpt lat="43.559508" lon="4.096095">
        <ele>4.5</ele>
        <extensions>
          <gpxtpx:TrackPointExtension>
            <gpxtpx:Extensions>
              <highway>residential</highway>
              <maxspeed>30</maxspeed>
            </gpxtpx:Extensions>
          </gpxtpx:TrackPointExtension>
        </extensions>
      </trkpt>
      <trkpt lat="43.559273" lon="4.096281">
        <ele>4.75</ele>
        <extensions>
          <gpxtpx:TrackPointExtension>
            <gpxtpx:Extensions>
              <highway>service</highway>
              <surface>asphalt</surface>
            </gpxtpx:Extensions>
          </gpxtpx:TrackPointExtension>
        </extensions>
      </trkpt>
      <trkpt lat="43.559492" lon="4.096817">
        <ele>4.25</ele>
        <extensions>
          <gpxtpx:TrackPointExtension>
            <gpxtpx:Extensions>
              <highway>service</highway>
              <surface>asphalt</surface>
            </gpxtpx:Extensions>
          </gpxtpx:TrackPointExtension>
        </extensions>
      </trkpt>
      <trkpt lat="43.559619" lon="4.096718">
        <ele>3.75</ele>
        <extensions>
          <gpxtpx:TrackPointExtension>
            <gpxtpx:Extensions>
              <reversedirection>yes</reversedirection>
              <highway>service</highway>
              <surface>asphalt</surface>
              <service>parking_aisle</service>
            </gpxtpx:Extensions>
          </gpxtpx:TrackPointExtension>
        </extensions>
      </trkpt>
      <trkpt lat="43.559664" lon="4.096831">
        <ele>3.75</ele>
        <extensions>
          <gpxtpx:TrackPointExtension>
            <gpxtpx:Extensions>
              <highway>service</highway>
              <surface>asphalt</surface>
              <service>parking_aisle</service>
            </gpxtpx:Extensions>
          </gpxtpx:TrackPointExtension>
        </extensions>
      </trkpt>
      <trkpt lat="43.559619" lon="4.096718">
        <ele>3.75</ele>
        <extensions>
          <gpxtpx:TrackPointExtension>
            <gpxtpx:Extensions>
              <reversedirection>yes</reversedirection>
              <highway>service</highway>
              <surface>asphalt</surface>
            </gpxtpx:Extensions>
          </gpxtpx:TrackPointExtension>
        </extensions>
      </trkpt>
      <trkpt lat="43.559492" lon="4.096817">
        <ele>4.25</ele>
        <extensions>
          <gpxtpx:TrackPointExtension>
            <gpxtpx:Extensions>
              <reversedirection>yes</reversedirection>
              <highway>service</highway>
              <surface>asphalt</surface>
            </gpxtpx:Extensions>
          </gpxtpx:TrackPointExtension>
        </extensions>
      </trkpt>
      <trkpt lat="43.559273" lon="4.096281">
        <ele>4.75</ele>
        <extensions>
          <gpxtpx:TrackPointExtension>
            <gpxtpx:Extensions>
              <highway>residential</highway>
              <maxspeed>30</maxspeed>
            </gpxtpx:Extensions>
          </gpxtpx:TrackPointExtension>
        </extensions>
      </trkpt>
      <trkpt lat="43.558788" lon="4.096664">
        <ele>4.75</ele>
        <extensions>
          <gpxtpx:TrackPointExtension>
            <gpxtpx:Extensions>
              <highway>residential</highway>
              <maxspeed>30</maxspeed>
            </gpxtpx:Extensions>
          </gpxtpx:TrackPointExtension>
        </extensions>
      </trkpt>
      <trkpt lat="43.558462" lon="4.096921">
        <ele>4.5</ele>
        <extensions>
          <gpxtpx:TrackPointExtension>
            <gpxtpx:Extensions>
              <highway>residential</highway>
              <maxspeed>30</maxspeed>
            </gpxtpx:Extensions>
          </gpxtpx:TrackPointExtension>
        </extensions>
      </trkpt>
      <trkpt lat="43.55813" lon="4.097183">
        <ele>4.5</ele>
        <extensions>
          <gpxtpx:TrackPointExtension>
            <gpxtpx:Extensions>
              <highway>residential</highway>
              <surface>asphalt</surface>
              <maxspeed>30</maxspeed>
            </gpxtpx:Extensions>
          </gpxtpx:TrackPointExtension>
        </extensions>
      </trkpt>
      <trkpt lat="43.558484" lon="4.098011">
        <ele>4</ele>
        <extensions>
          <gpxtpx:TrackPointExtension>
            <gpxtpx:Extensions>
              <highway>footway</highway>
              <surface>concrete</surface>
              <concrete>plates</concrete>
            </gpxtpx:Extensions>
          </gpxtpx:TrackPointExtension>
        </extensions>
      </trkpt>
      <trkpt lat="43.558532" lon="4.098281">
        <ele>4</ele>
        <extensions>
          <gpxtpx:TrackPointExtension>
            <gpxtpx:Extensions>
              <reversedirection>yes</reversedirection>
              <highway>footway</highway>
              <surface>concrete</surface>
            </gpxtpx:Extensions>
          </gpxtpx:TrackPointExtension>
        </extensions>
      </trkpt>
      <trkpt lat="43.558553" lon="4.098359">
        <ele>3.75</ele>
        <extensions>
          <gpxtpx:TrackPointExtension>
            <gpxtpx:Extensions>
              <highway>path</highway>
              <surface>compacted</surface>
              <foot>designated</foot>
              <bicycle>designated</bicycle>
              <segregated>no</segregated>
              <route_bicycle_icn>yes</route_bicycle_icn>
              <route_bicycle_ncn>yes</route_bicycle_ncn>
            </gpxtpx:Extensions>
          </gpxtpx:TrackPointExtension>
        </extensions>
      </trkpt>
      <trkpt lat="43.558278" lon="4.098587">
        <ele>4</ele>
        <extensions>
          <gpxtpx:TrackPointExtension>
            <gpxtpx:Extensions>
              <highway>path</highway>
              <surface>compacted</surface>
              <foot>designated</foot>
              <bicycle>designated</bicycle>
              <segregated>no</segregated>
              <route_bicycle_icn>yes</route_bicycle_icn>
              <route_bicycle_ncn>yes</route_bicycle_ncn>
            </gpxtpx:Extensions>
          </gpxtpx:TrackPointExtension>
        </extensions>
      </trkpt>
      <trkpt lat="43.558138" lon="4.098716">
        <ele>4</ele>
        <extensions>
          <gpxtpx:TrackPointExtension>
            <gpxtpx:Extensions>
              <highway>path</highway>
              <surface>compacted</surface>
              <foot>designated</foot>
              <bicycle>designated</bicycle>
              <segregated>no</segregated>
              <route_bicycle_icn>yes</route_bicycle_icn>
              <route_bicycle_ncn>yes</route_bicycle_ncn>
            </gpxtpx:Extensions>
          </gpxtpx:TrackPointExtension>
        </extensions>
      </trkpt>
      <trkpt lat="43.558056" lon="4.098782">
        <ele>4</ele>
        <extensions>
          <gpxtpx:TrackPointExtension>
            <gpxtpx:Extensions>
              <highway>path</highway>
              <surface>compacted</surface>
              <foot>designated</foot>
              <bicycle>designated</bicycle>
              <segregated>no</segregated>
              <route_bicycle_icn>yes</route_bicycle_icn>
              <route_bicycle_ncn>yes</route_bicycle_ncn>
            </gpxtpx:Extensions>
          </gpxtpx:TrackPointExtension>
        </extensions>
      </trkpt>
      <trkpt lat="43.55796" lon="4.098817">
        <ele>4</ele>
        <extensions>
          <gpxtpx:TrackPointExtension>
            <gpxtpx:Extensions>
              <highway>path</highway>
              <surface>compacted</surface>
              <foot>designated</foot>
              <bicycle>designated</bicycle>
              <segregated>no</segregated>
              <route_bicycle_icn>yes</route_bicycle_icn>
              <route_bicycle_ncn>yes</route_bicycle_ncn>
            </gpxtpx:Extensions>
          </gpxtpx:TrackPointExtension>
        </extensions>
      </trkpt>
      <trkpt lat="43.557855" lon="4.098811">
        <ele>4</ele>
        <extensions>
          <gpxtpx:TrackPointExtension>
            <gpxtpx:Extensions>
              <highway>path</highway>
              <surface>compacted</surface>
              <foot>designated</foot>
              <bicycle>designated</bicycle>
              <segregated>no</segregated>
              <route_bicycle_icn>yes</route_bicycle_icn>
              <route_bicycle_ncn>yes</route_bicycle_ncn>
            </gpxtpx:Extensions>
          </gpxtpx:TrackPointExtension>
        </extensions>
      </trkpt>
      <trkpt lat="43.557511" lon="4.099042">
        <ele>4</ele>
        <extensions>
          <gpxtpx:TrackPointExtension>
            <gpxtpx:Extensions>
              <highway>path</highway>
              <surface>paving_stones</surface>
              <foot>designated</foot>
              <bicycle>designated</bicycle>
              <segregated>no</segregated>
              <route_bicycle_icn>yes</route_bicycle_icn>
              <route_bicycle_ncn>yes</route_bicycle_ncn>
            </gpxtpx:Extensions>
          </gpxtpx:TrackPointExtension>
        </extensions>
      </trkpt>
      <trkpt lat="43.557381" lon="4.099224">
        <ele>4.25</ele>
        <extensions>
          <gpxtpx:TrackPointExtension>
            <gpxtpx:Extensions>
              <highway>path</highway>
              <surface>paving_stones</surface>
              <foot>designated</foot>
              <bicycle>designated</bicycle>
              <segregated>no</segregated>
              <route_bicycle_icn>yes</route_bicycle_icn>
              <route_bicycle_ncn>yes</route_bicycle_ncn>
            </gpxtpx:Extensions>
          </gpxtpx:TrackPointExtension>
        </extensions>
      </trkpt>
      <trkpt lat="43.557122" lon="4.099372">
        <ele>5</ele>
        <extensions>
          <gpxtpx:TrackPointExtension>
            <gpxtpx:Extensions>
              <highway>residential</highway>
              <surface>asphalt</surface>
              <oneway>yes</oneway>
              <route_bicycle_icn>yes</route_bicycle_icn>
              <route_bicycle_ncn>yes</route_bicycle_ncn>
            </gpxtpx:Extensions>
          </gpxtpx:TrackPointExtension>
        </extensions>
      </trkpt>
      <trkpt lat="43.557081" lon="4.099356">
        <ele>5</ele>
        <extensions>
          <gpxtpx:TrackPointExtension>
            <gpxtpx:Extensions>
              <highway>residential</highway>
              <surface>asphalt</surface>
              <oneway>yes</oneway>
              <route_bicycle_icn>yes</route_bicycle_icn>
              <route_bicycle_ncn>yes</route_bicycle_ncn>
            </gpxtpx:Extensions>
          </gpxtpx:TrackPointExtension>
        </extensions>
      </trkpt>
      <trkpt lat="43.557069" lon="4.099416">
        <ele>5</ele>
        <extensions>
          <gpxtpx:TrackPointExtension>
            <gpxtpx:Extensions>
              <highway>residential</highway>
              <surface>asphalt</surface>
              <oneway>yes</oneway>
              <route_bicycle_icn>yes</route_bicycle_icn>
              <route_bicycle_ncn>yes</route_bicycle_ncn>
            </gpxtpx:Extensions>
          </gpxtpx:TrackPointExtension>
        </extensions>
      </trkpt>
      <trkpt lat="43.557103" lon="4.099551">
        <ele>5</ele>
        <extensions>
          <gpxtpx:TrackPointExtension>
            <gpxtpx:Extensions>
              <highway>residential</highway>
              <surface>asphalt</surface>
              <oneway>yes</oneway>
              <route_bicycle_icn>yes</route_bicycle_icn>
              <route_bicycle_ncn>yes</route_bicycle_ncn>
            </gpxtpx:Extensions>
          </gpxtpx:TrackPointExtension>
        </extensions>
      </trkpt>
      <trkpt lat="43.557119" lon="4.099614">
        <ele>5</ele>
        <extensions>
          <gpxtpx:TrackPointExtension>
            <gpxtpx:Extensions>
              <highway>cycleway</highway>
              <surface>asphalt</surface>
              <oneway>yes</oneway>
              <route_bicycle_icn>yes</route_bicycle_icn>
              <route_bicycle_ncn>yes</route_bicycle_ncn>
            </gpxtpx:Extensions>
          </gpxtpx:TrackPointExtension>
        </extensions>
      </trkpt>
      <trkpt lat="43.557029" lon="4.099649">
        <ele>5.25</ele>
        <extensions>
          <gpxtpx:TrackPointExtension>
            <gpxtpx:Extensions>
              <highway>cycleway</highway>
              <surface>asphalt</surface>
              <oneway>yes</oneway>
              <route_bicycle_icn>yes</route_bicycle_icn>
              <route_bicycle_ncn>yes</route_bicycle_ncn>
            </gpxtpx:Extensions>
          </gpxtpx:TrackPointExtension>
        </extensions>
      </trkpt>
      <trkpt lat="43.556929" lon="4.099748">
        <ele>5.5</ele>
        <extensions>
          <gpxtpx:TrackPointExtension>
            <gpxtpx:Extensions>
              <highway>cycleway</highway>
              <surface>asphalt</surface>
              <oneway>yes</oneway>
              <route_bicycle_icn>yes</route_bicycle_icn>
              <route_bicycle_ncn>yes</route_bicycle_ncn>
            </gpxtpx:Extensions>
          </gpxtpx:TrackPointExtension>
        </extensions>
      </trkpt>
      <trkpt lat="43.556836" lon="4.099862">
        <ele>5.75</ele>
        <extensions>
          <gpxtpx:TrackPointExtension>
            <gpxtpx:Extensions>
              <highway>cycleway</highway>
              <surface>asphalt</surface>
              <oneway>yes</oneway>
              <route_bicycle_icn>yes</route_bicycle_icn>
              <route_bicycle_ncn>yes</route_bicycle_ncn>
            </gpxtpx:Extensions>
          </gpxtpx:TrackPointExtension>
        </extensions>
      </trkpt>
      <trkpt lat="43.556752" lon="4.099985">
        <ele>5.75</ele>
        <extensions>
          <gpxtpx:TrackPointExtension>
            <gpxtpx:Extensions>
              <highway>cycleway</highway>
              <surface>asphalt</surface>
              <oneway>yes</oneway>
              <route_bicycle_icn>yes</route_bicycle_icn>
              <route_bicycle_ncn>yes</route_bicycle_ncn>
            </gpxtpx:Extensions>
          </gpxtpx:TrackPointExtension>
        </extensions>
      </trkpt>
      <trkpt lat="43.556675" lon="4.100124">
        <ele>5.5</ele>
        <extensions>
          <gpxtpx:TrackPointExtension>
            <gpxtpx:Extensions>
              <highway>cycleway</highway>
              <surface>asphalt</surface>
              <oneway>yes</oneway>
              <route_bicycle_icn>yes</route_bicycle_icn>
              <route_bicycle_ncn>yes</route_bicycle_ncn>
            </gpxtpx:Extensions>
          </gpxtpx:TrackPointExtension>
        </extensions>
      </trkpt>
      <trkpt lat="43.556604" lon="4.100286">
        <ele>5.25</ele>
        <extensions>
          <gpxtpx:TrackPointExtension>
            <gpxtpx:Extensions>
              <highway>cycleway</highway>
              <surface>asphalt</surface>
              <oneway>yes</oneway>
              <route_bicycle_icn>yes</route_bicycle_icn>
              <route_bicycle_ncn>yes</route_bicycle_ncn>
            </gpxtpx:Extensions>
          </gpxtpx:TrackPointExtension>
        </extensions>
      </trkpt>
      <trkpt lat="43.55645" lon="4.100758">
        <ele>3.75</ele>
        <extensions>
          <gpxtpx:TrackPointExtension>
            <gpxtpx:Extensions>
              <highway>cycleway</highway>
              <surface>asphalt</surface>
              <oneway>yes</oneway>
              <route_bicycle_icn>yes</route_bicycle_icn>
              <route_bicycle_ncn>yes</route_bicycle_ncn>
            </gpxtpx:Extensions>
          </gpxtpx:TrackPointExtension>
        </extensions>
      </trkpt>
      <trkpt lat="43.556017" lon="4.102132">
        <ele>1.25</ele>
        <extensions>
          <gpxtpx:TrackPointExtension>
            <gpxtpx:Extensions>
              <highway>cycleway</highway>
              <surface>asphalt</surface>
              <oneway>yes</oneway>
              <route_bicycle_icn>yes</route_bicycle_icn>
              <route_bicycle_ncn>yes</route_bicycle_ncn>
            </gpxtpx:Extensions>
          </gpxtpx:TrackPointExtension>
        </extensions>
      </trkpt>
      <trkpt lat="43.555983" lon="4.102246">
        <ele>1.5</ele>
        <extensions>
          <gpxtpx:TrackPointExtension>
            <gpxtpx:Extensions>
              <highway>cycleway</highway>
              <surface>asphalt</surface>
              <oneway>yes</oneway>
              <route_bicycle_icn>yes</route_bicycle_icn>
              <route_bicycle_ncn>yes</route_bicycle_ncn>
            </gpxtpx:Extensions>
          </gpxtpx:TrackPointExtension>
        </extensions>
      </trkpt>
      <trkpt lat="43.555848" lon="4.102639">
        <ele>2</ele>
        <extensions>
          <gpxtpx:TrackPointExtension>
            <gpxtpx:Extensions>
              <highway>cycleway</highway>
              <surface>asphalt</surface>
              <oneway>yes</oneway>
              <route_bicycle_icn>yes</route_bicycle_icn>
              <route_bicycle_ncn>yes</route_bicycle_ncn>
            </gpxtpx:Extensions>
          </gpxtpx:TrackPointExtension>
        </extensions>
      </trkpt>
      <trkpt lat="43.55561" lon="4.103546">
        <ele>2</ele>
        <extensions>
          <gpxtpx:TrackPointExtension>
            <gpxtpx:Extensions>
              <highway>cycleway</highway>
              <surface>asphalt</surface>
              <oneway>yes</oneway>
              <route_bicycle_icn>yes</route_bicycle_icn>
              <route_bicycle_ncn>yes</route_bicycle_ncn>
            </gpxtpx:Extensions>
          </gpxtpx:TrackPointExtension>
        </extensions>
      </trkpt>
      <trkpt lat="43.555299" lon="4.105083">
        <ele>1</ele>
        <extensions>
          <gpxtpx:TrackPointExtension>
            <gpxtpx:Extensions>
              <highway>cycleway</highway>
              <surface>asphalt</surface>
              <oneway>yes</oneway>
              <route_bicycle_icn>yes</route_bicycle_icn>
              <route_bicycle_ncn>yes</route_bicycle_ncn>
            </gpxtpx:Extensions>
          </gpxtpx:TrackPointExtension>
        </extensions>
      </trkpt>
      <trkpt lat="43.55502" lon="4.106522">
        <ele>0.75</ele>
        <extensions>
          <gpxtpx:TrackPointExtension>
            <gpxtpx:Extensions>
              <highway>cycleway</highway>
              <surface>asphalt</surface>
              <oneway>yes</oneway>
              <route_bicycle_icn>yes</route_bicycle_icn>
              <route_bicycle_ncn>yes</route_bicycle_ncn>
            </gpxtpx:Extensions>
          </gpxtpx:TrackPointExtension>
        </extensions>
      </trkpt>
      <trkpt lat="43.554857" lon="4.107322">
        <ele>1.75</ele>
        <extensions>
          <gpxtpx:TrackPointExtension>
            <gpxtpx:Extensions>
              <highway>cycleway</highway>
              <surface>asphalt</surface>
              <oneway>yes</oneway>
              <route_bicycle_icn>yes</route_bicycle_icn>
              <route_bicycle_ncn>yes</route_bicycle_ncn>
            </gpxtpx:Extensions>
          </gpxtpx:TrackPointExtension>
        </extensions>
      </trkpt>
      <trkpt lat="43.554782" lon="4.107659">
        <ele>2</ele>
        <extensions>
          <gpxtpx:TrackPointExtension>
            <gpxtpx:Extensions>
              <highway>cycleway</highway>
              <surface>asphalt</surface>
              <oneway>yes</oneway>
              <route_bicycle_icn>yes</route_bicycle_icn>
              <route_bicycle_ncn>yes</route_bicycle_ncn>
            </gpxtpx:Extensions>
          </gpxtpx:TrackPointExtension>
        </extensions>
      </trkpt>
      <trkpt lat="43.554673" lon="4.108061">
        <ele>2</ele>
        <extensions>
          <gpxtpx:TrackPointExtension>
            <gpxtpx:Extensions>
              <highway>cycleway</highway>
              <surface>asphalt</surface>
              <cycleway>crossing</cycleway>
              <oneway>yes</oneway>
              <route_bicycle_icn>yes</route_bicycle_icn>
              <route_bicycle_ncn>yes</route_bicycle_ncn>
            </gpxtpx:Extensions>
          </gpxtpx:TrackPointExtension>
        </extensions>
      </trkpt>
      <trkpt lat="43.554649" lon="4.108119">
        <ele>2</ele>
        <extensions>
          <gpxtpx:TrackPointExtension>
            <gpxtpx:Extensions>
              <highway>cycleway</highway>
              <surface>asphalt</surface>
              <cycleway>crossing</cycleway>
              <oneway>yes</oneway>
              <route_bicycle_icn>yes</route_bicycle_icn>
              <route_bicycle_ncn>yes</route_bicycle_ncn>
            </gpxtpx:Extensions>
          </gpxtpx:TrackPointExtension>
        </extensions>
      </trkpt>
      <trkpt lat="43.554588" lon="4.108205">
        <ele>2</ele>
        <extensions>
          <gpxtpx:TrackPointExtension>
            <gpxtpx:Extensions>
              <highway>cycleway</highway>
              <surface>asphalt</surface>
              <cycleway>crossing</cycleway>
              <oneway>yes</oneway>
              <route_bicycle_icn>yes</route_bicycle_icn>
              <route_bicycle_ncn>yes</route_bicycle_ncn>
            </gpxtpx:Extensions>
          </gpxtpx:TrackPointExtension>
        </extensions>
      </trkpt>
      <trkpt lat="43.554524" lon="4.108242">
        <ele>2</ele>
        <extensions>
          <gpxtpx:TrackPointExtension>
            <gpxtpx:Extensions>
              <highway>cycleway</highway>
              <surface>asphalt</surface>
              <cycleway>crossing</cycleway>
              <oneway>yes</oneway>
              <route_bicycle_icn>yes</route_bicycle_icn>
              <route_bicycle_ncn>yes</route_bicycle_ncn>
            </gpxtpx:Extensions>
          </gpxtpx:TrackPointExtension>
        </extensions>
      </trkpt>
      <trkpt lat="43.554428" lon="4.108264">
        <ele>2</ele>
        <extensions>
          <gpxtpx:TrackPointExtension>
            <gpxtpx:Extensions>
              <highway>cycleway</highway>
              <surface>asphalt</surface>
              <cycleway>crossing</cycleway>
              <oneway>yes</oneway>
              <route_bicycle_icn>yes</route_bicycle_icn>
              <route_bicycle_ncn>yes</route_bicycle_ncn>
            </gpxtpx:Extensions>
          </gpxtpx:TrackPointExtension>
        </extensions>
      </trkpt>
      <trkpt lat="43.554396" lon="4.10835">
        <ele>1.75</ele>
        <extensions>
          <gpxtpx:TrackPointExtension>
            <gpxtpx:Extensions>
              <highway>cycleway</highway>
              <surface>asphalt</surface>
              <cycleway>crossing</cycleway>
              <oneway>yes</oneway>
              <route_bicycle_icn>yes</route_bicycle_icn>
              <route_bicycle_ncn>yes</route_bicycle_ncn>
            </gpxtpx:Extensions>
          </gpxtpx:TrackPointExtension>
        </extensions>
      </trkpt>
      <trkpt lat="43.554364" lon="4.108432">
        <ele>1.75</ele>
        <extensions>
          <gpxtpx:TrackPointExtension>
            <gpxtpx:Extensions>
              <highway>cycleway</highway>
              <surface>asphalt</surface>
              <cycleway>crossing</cycleway>
              <oneway>yes</oneway>
              <route_bicycle_icn>yes</route_bicycle_icn>
              <route_bicycle_ncn>yes</route_bicycle_ncn>
            </gpxtpx:Extensions>
          </gpxtpx:TrackPointExtension>
        </extensions>
      </trkpt>
      <trkpt lat="43.554396" lon="4.108456">
        <ele>1.5</ele>
        <extensions>
          <gpxtpx:TrackPointExtension>
            <gpxtpx:Extensions>
              <highway>cycleway</highway>
              <surface>asphalt</surface>
              <cycleway>crossing</cycleway>
              <oneway>yes</oneway>
              <route_bicycle_icn>yes</route_bicycle_icn>
              <route_bicycle_ncn>yes</route_bicycle_ncn>
            </gpxtpx:Extensions>
          </gpxtpx:TrackPointExtension>
        </extensions>
      </trkpt>
      <trkpt lat="43.554412" lon="4.108566">
        <ele>1.5</ele>
        <extensions>
          <gpxtpx:TrackPointExtension>
            <gpxtpx:Extensions>
              <highway>cycleway</highway>
              <surface>asphalt</surface>
              <cycleway>crossing</cycleway>
              <oneway>yes</oneway>
              <route_bicycle_icn>yes</route_bicycle_icn>
              <route_bicycle_ncn>yes</route_bicycle_ncn>
            </gpxtpx:Extensions>
          </gpxtpx:TrackPointExtension>
        </extensions>
      </trkpt>
      <trkpt lat="43.554409" lon="4.1087">
        <ele>1</ele>
        <extensions>
          <gpxtpx:TrackPointExtension>
            <gpxtpx:Extensions>
              <highway>cycleway</highway>
              <surface>asphalt</surface>
              <cycleway>crossing</cycleway>
              <oneway>yes</oneway>
              <route_bicycle_icn>yes</route_bicycle_icn>
              <route_bicycle_ncn>yes</route_bicycle_ncn>
            </gpxtpx:Extensions>
          </gpxtpx:TrackPointExtension>
        </extensions>
      </trkpt>
      <trkpt lat="43.554393" lon="4.108774">
        <ele>1</ele>
        <extensions>
          <gpxtpx:TrackPointExtension>
            <gpxtpx:Extensions>
              <highway>cycleway</highway>
              <surface>asphalt</surface>
              <cycleway>crossing</cycleway>
              <oneway>yes</oneway>
              <route_bicycle_icn>yes</route_bicycle_icn>
              <route_bicycle_ncn>yes</route_bicycle_ncn>
            </gpxtpx:Extensions>
          </gpxtpx:TrackPointExtension>
        </extensions>
      </trkpt>
      <trkpt lat="43.554375" lon="4.108823">
        <ele>0.75</ele>
        <extensions>
          <gpxtpx:TrackPointExtension>
            <gpxtpx:Extensions>
              <highway>cycleway</highway>
              <surface>asphalt</surface>
              <oneway>yes</oneway>
              <route_bicycle_icn>yes</route_bicycle_icn>
              <route_bicycle_ncn>yes</route_bicycle_ncn>
            </gpxtpx:Extensions>
          </gpxtpx:TrackPointExtension>
        </extensions>
      </trkpt>
      <trkpt lat="43.553897" lon="4.109846">
        <ele>2</ele>
        <extensions>
          <gpxtpx:TrackPointExtension>
            <gpxtpx:Extensions>
              <highway>cycleway</highway>
              <surface>asphalt</surface>
              <oneway>yes</oneway>
              <route_bicycle_icn>yes</route_bicycle_icn>
              <route_bicycle_ncn>yes</route_bicycle_ncn>
            </gpxtpx:Extensions>
          </gpxtpx:TrackPointExtension>
        </extensions>
      </trkpt>
      <trkpt lat="43.553699" lon="4.110289">
        <ele>1.75</ele>
        <extensions>
          <gpxtpx:TrackPointExtension>
            <gpxtpx:Extensions>
              <highway>cycleway</highway>
              <surface>asphalt</surface>
              <oneway>yes</oneway>
              <route_bicycle_icn>yes</route_bicycle_icn>
              <route_bicycle_ncn>yes</route_bicycle_ncn>
            </gpxtpx:Extensions>
          </gpxtpx:TrackPointExtension>
        </extensions>
      </trkpt>
      <trkpt lat="43.553401" lon="4.111037">
        <ele>0.5</ele>
        <extensions>
          <gpxtpx:TrackPointExtension>
            <gpxtpx:Extensions>
              <highway>cycleway</highway>
              <surface>asphalt</surface>
              <oneway>yes</oneway>
              <route_bicycle_icn>yes</route_bicycle_icn>
              <route_bicycle_ncn>yes</route_bicycle_ncn>
            </gpxtpx:Extensions>
          </gpxtpx:TrackPointExtension>
        </extensions>
      </trkpt>
      <trkpt lat="43.552451" lon="4.113862">
        <ele>0.25</ele>
        <extensions>
          <gpxtpx:TrackPointExtension>
            <gpxtpx:Extensions>
              <highway>cycleway</highway>
              <surface>asphalt</surface>
              <oneway>yes</oneway>
              <route_bicycle_icn>yes</route_bicycle_icn>
              <route_bicycle_ncn>yes</route_bicycle_ncn>
            </gpxtpx:Extensions>
          </gpxtpx:TrackPointExtension>
        </extensions>
      </trkpt>
      <trkpt lat="43.551876" lon="4.115571">
        <ele>3.5</ele>
        <extensions>
          <gpxtpx:TrackPointExtension>
            <gpxtpx:Extensions>
              <highway>cycleway</highway>
              <surface>asphalt</surface>
              <oneway>yes</oneway>
              <route_bicycle_icn>yes</route_bicycle_icn>
              <route_bicycle_ncn>yes</route_bicycle_ncn>
            </gpxtpx:Extensions>
          </gpxtpx:TrackPointExtension>
        </extensions>
      </trkpt>
      <trkpt lat="43.551471" lon="4.116754">
        <ele>6.25</ele>
        <extensions>
          <gpxtpx:TrackPointExtension>
            <gpxtpx:Extensions>
              <highway>cycleway</highway>
              <surface>asphalt</surface>
              <oneway>yes</oneway>
              <route_bicycle_icn>yes</route_bicycle_icn>
              <route_bicycle_ncn>yes</route_bicycle_ncn>
            </gpxtpx:Extensions>
          </gpxtpx:TrackPointExtension>
        </extensions>
      </trkpt>
      <trkpt lat="43.551342" lon="4.117117">
        <ele>5.25</ele>
        <extensions>
          <gpxtpx:TrackPointExtension>
            <gpxtpx:Extensions>
              <highway>cycleway</highway>
              <surface>asphalt</surface>
              <oneway>yes</oneway>
              <route_bicycle_icn>yes</route_bicycle_icn>
              <route_bicycle_ncn>yes</route_bicycle_ncn>
            </gpxtpx:Extensions>
          </gpxtpx:TrackPointExtension>
        </extensions>
      </trkpt>
      <trkpt lat="43.551253" lon="4.117335">
        <ele>4.75</ele>
        <extensions>
          <gpxtpx:TrackPointExtension>
            <gpxtpx:Extensions>
              <highway>cycleway</highway>
              <surface>asphalt</surface>
              <oneway>yes</oneway>
              <route_bicycle_icn>yes</route_bicycle_icn>
              <route_bicycle_ncn>yes</route_bicycle_ncn>
            </gpxtpx:Extensions>
          </gpxtpx:TrackPointExtension>
        </extensions>
      </trkpt>
      <trkpt lat="43.551232" lon="4.117383">
        <ele>4.5</ele>
        <extensions>
          <gpxtpx:TrackPointExtension>
            <gpxtpx:Extensions>
              <highway>cycleway</highway>
              <surface>asphalt</surface>
              <oneway>yes</oneway>
              <route_bicycle_icn>yes</route_bicycle_icn>
              <route_bicycle_ncn>yes</route_bicycle_ncn>
            </gpxtpx:Extensions>
          </gpxtpx:TrackPointExtension>
        </extensions>
      </trkpt>
      <trkpt lat="43.551202" lon="4.117449">
        <ele>4.25</ele>
        <extensions>
          <gpxtpx:TrackPointExtension>
            <gpxtpx:Extensions>
              <highway>cycleway</highway>
              <surface>asphalt</surface>
              <oneway>yes</oneway>
              <route_bicycle_icn>yes</route_bicycle_icn>
              <route_bicycle_ncn>yes</route_bicycle_ncn>
            </gpxtpx:Extensions>
          </gpxtpx:TrackPointExtension>
        </extensions>
      </trkpt>
      <trkpt lat="43.55117" lon="4.117499">
        <ele>4</ele>
        <extensions>
          <gpxtpx:TrackPointExtension>
            <gpxtpx:Extensions>
              <highway>cycleway</highway>
              <surface>asphalt</surface>
              <oneway>yes</oneway>
              <route_bicycle_icn>yes</route_bicycle_icn>
              <route_bicycle_ncn>yes</route_bicycle_ncn>
            </gpxtpx:Extensions>
          </gpxtpx:TrackPointExtension>
        </extensions>
      </trkpt>
      <trkpt lat="43.551144" lon="4.117525">
        <ele>4</ele>
        <extensions>
          <gpxtpx:TrackPointExtension>
            <gpxtpx:Extensions>
              <highway>cycleway</highway>
              <surface>asphalt</surface>
              <oneway>yes</oneway>
              <route_bicycle_icn>yes</route_bicycle_icn>
              <route_bicycle_ncn>yes</route_bicycle_ncn>
            </gpxtpx:Extensions>
          </gpxtpx:TrackPointExtension>
        </extensions>
      </trkpt>
      <trkpt lat="43.551064" lon="4.117553">
        <ele>4</ele>
        <extensions>
          <gpxtpx:TrackPointExtension>
            <gpxtpx:Extensions>
              <highway>cycleway</highway>
              <surface>asphalt</surface>
              <oneway>yes</oneway>
              <route_bicycle_icn>yes</route_bicycle_icn>
              <route_bicycle_ncn>yes</route_bicycle_ncn>
            </gpxtpx:Extensions>
          </gpxtpx:TrackPointExtension>
        </extensions>
      </trkpt>
      <trkpt lat="43.550963" lon="4.117622">
        <ele>3.75</ele>
        <extensions>
          <gpxtpx:TrackPointExtension>
            <gpxtpx:Extensions>
              <highway>cycleway</highway>
              <surface>asphalt</surface>
              <oneway>yes</oneway>
              <route_bicycle_icn>yes</route_bicycle_icn>
              <route_bicycle_ncn>yes</route_bicycle_ncn>
            </gpxtpx:Extensions>
          </gpxtpx:TrackPointExtension>
        </extensions>
      </trkpt>
      <trkpt lat="43.550903" lon="4.117649">
        <ele>3.75</ele>
        <extensions>
          <gpxtpx:TrackPointExtension>
            <gpxtpx:Extensions>
              <highway>cycleway</highway>
              <surface>asphalt</surface>
              <oneway>yes</oneway>
              <route_bicycle_icn>yes</route_bicycle_icn>
              <route_bicycle_ncn>yes</route_bicycle_ncn>
            </gpxtpx:Extensions>
          </gpxtpx:TrackPointExtension>
        </extensions>
      </trkpt>
      <trkpt lat="43.550835" lon="4.117667">
        <ele>3.75</ele>
        <extensions>
          <gpxtpx:TrackPointExtension>
            <gpxtpx:Extensions>
              <highway>cycleway</highway>
              <surface>asphalt</surface>
              <oneway>yes</oneway>
              <route_bicycle_icn>yes</route_bicycle_icn>
              <route_bicycle_ncn>yes</route_bicycle_ncn>
            </gpxtpx:Extensions>
          </gpxtpx:TrackPointExtension>
        </extensions>
      </trkpt>
      <trkpt lat="43.550808" lon="4.117732">
        <ele>4</ele>
        <extensions>
          <gpxtpx:TrackPointExtension>
            <gpxtpx:Extensions>
              <highway>cycleway</highway>
              <surface>asphalt</surface>
              <oneway>yes</oneway>
              <route_bicycle_icn>yes</route_bicycle_icn>
              <route_bicycle_ncn>yes</route_bicycle_ncn>
            </gpxtpx:Extensions>
          </gpxtpx:TrackPointExtension>
        </extensions>
      </trkpt>
      <trkpt lat="43.550789" lon="4.117813">
        <ele>4.5</ele>
        <extensions>
          <gpxtpx:TrackPointExtension>
            <gpxtpx:Extensions>
              <highway>cycleway</highway>
              <surface>asphalt</surface>
              <oneway>yes</oneway>
              <route_bicycle_icn>yes</route_bicycle_icn>
              <route_bicycle_ncn>yes</route_bicycle_ncn>
            </gpxtpx:Extensions>
          </gpxtpx:TrackPointExtension>
        </extensions>
      </trkpt>
      <trkpt lat="43.550822" lon="4.118035">
        <ele>5.5</ele>
        <extensions>
          <gpxtpx:TrackPointExtension>
            <gpxtpx:Extensions>
              <highway>cycleway</highway>
              <surface>asphalt</surface>
              <oneway>yes</oneway>
              <route_bicycle_icn>yes</route_bicycle_icn>
              <route_bicycle_ncn>yes</route_bicycle_ncn>
            </gpxtpx:Extensions>
          </gpxtpx:TrackPointExtension>
        </extensions>
      </trkpt>
      <trkpt lat="43.55088" lon="4.118283">
        <ele>6.75</ele>
        <extensions>
          <gpxtpx:TrackPointExtension>
            <gpxtpx:Extensions>
              <highway>cycleway</highway>
              <surface>asphalt</surface>
              <oneway>yes</oneway>
              <route_bicycle_icn>yes</route_bicycle_icn>
              <route_bicycle_ncn>yes</route_bicycle_ncn>
            </gpxtpx:Extensions>
          </gpxtpx:TrackPointExtension>
        </extensions>
      </trkpt>
      <trkpt lat="43.550885" lon="4.118338">
        <ele>7</ele>
        <extensions>
          <gpxtpx:TrackPointExtension>
            <gpxtpx:Extensions>
              <highway>cycleway</highway>
              <surface>asphalt</surface>
              <oneway>yes</oneway>
              <route_bicycle_icn>yes</route_bicycle_icn>
              <route_bicycle_ncn>yes</route_bicycle_ncn>
            </gpxtpx:Extensions>
          </gpxtpx:TrackPointExtension>
        </extensions>
      </trkpt>
      <trkpt lat="43.550877" lon="4.118422">
        <ele>7</ele>
        <extensions>
          <gpxtpx:TrackPointExtension>
            <gpxtpx:Extensions>
              <highway>cycleway</highway>
              <surface>asphalt</surface>
              <route_bicycle_icn>yes</route_bicycle_icn>
              <route_bicycle_ncn>yes</route_bicycle_ncn>
            </gpxtpx:Extensions>
          </gpxtpx:TrackPointExtension>
        </extensions>
      </trkpt>
      <trkpt lat="43.55077" lon="4.11884">
        <ele>7.5</ele>
        <extensions>
          <gpxtpx:TrackPointExtension>
            <gpxtpx:Extensions>
              <highway>cycleway</highway>
              <surface>asphalt</surface>
              <route_bicycle_icn>yes</route_bicycle_icn>
              <route_bicycle_ncn>yes</route_bicycle_ncn>
            </gpxtpx:Extensions>
          </gpxtpx:TrackPointExtension>
        </extensions>
      </trkpt>
      <trkpt lat="43.550391" lon="4.120237">
        <ele>5.75</ele>
        <extensions>
          <gpxtpx:TrackPointExtension>
            <gpxtpx:Extensions>
              <highway>cycleway</highway>
              <surface>asphalt</surface>
              <route_bicycle_icn>yes</route_bicycle_icn>
              <route_bicycle_ncn>yes</route_bicycle_ncn>
            </gpxtpx:Extensions>
          </gpxtpx:TrackPointExtension>
        </extensions>
      </trkpt>
      <trkpt lat="43.550292" lon="4.120583">
        <ele>5</ele>
        <extensions>
          <gpxtpx:TrackPointExtension>
            <gpxtpx:Extensions>
              <highway>cycleway</highway>
              <surface>asphalt</surface>
              <route_bicycle_icn>yes</route_bicycle_icn>
              <route_bicycle_ncn>yes</route_bicycle_ncn>
            </gpxtpx:Extensions>
          </gpxtpx:TrackPointExtension>
        </extensions>
      </trkpt>
      <trkpt lat="43.550275" lon="4.120622">
        <ele>5</ele>
        <extensions>
          <gpxtpx:TrackPointExtension>
            <gpxtpx:Extensions>
              <highway>cycleway</highway>
              <surface>asphalt</surface>
              <route_bicycle_icn>yes</route_bicycle_icn>
              <route_bicycle_ncn>yes</route_bicycle_ncn>
            </gpxtpx:Extensions>
          </gpxtpx:TrackPointExtension>
        </extensions>
      </trkpt>
      <trkpt lat="43.550217" lon="4.120713">
        <ele>4.75</ele>
        <extensions>
          <gpxtpx:TrackPointExtension>
            <gpxtpx:Extensions>
              <highway>cycleway</highway>
              <surface>asphalt</surface>
              <route_bicycle_icn>yes</route_bicycle_icn>
              <route_bicycle_ncn>yes</route_bicycle_ncn>
            </gpxtpx:Extensions>
          </gpxtpx:TrackPointExtension>
        </extensions>
      </trkpt>
      <trkpt lat="43.550151" lon="4.120866">
        <ele>4.5</ele>
        <extensions>
          <gpxtpx:TrackPointExtension>
            <gpxtpx:Extensions>
              <reversedirection>yes</reversedirection>
              <highway>cycleway</highway>
              <surface>asphalt</surface>
              <route_bicycle_icn>yes</route_bicycle_icn>
              <route_bicycle_ncn>yes</route_bicycle_ncn>
            </gpxtpx:Extensions>
          </gpxtpx:TrackPointExtension>
        </extensions>
      </trkpt>
      <trkpt lat="43.550075" lon="4.121041">
        <ele>4</ele>
        <extensions>
          <gpxtpx:TrackPointExtension>
            <gpxtpx:Extensions>
              <reversedirection>yes</reversedirection>
              <highway>cycleway</highway>
              <surface>asphalt</surface>
              <route_bicycle_icn>yes</route_bicycle_icn>
              <route_bicycle_ncn>yes</route_bicycle_ncn>
            </gpxtpx:Extensions>
          </gpxtpx:TrackPointExtension>
        </extensions>
      </trkpt>
      <trkpt lat="43.54971" lon="4.121679">
        <ele>2.25</ele>
        <extensions>
          <gpxtpx:TrackPointExtension>
            <gpxtpx:Extensions>
              <reversedirection>yes</reversedirection>
              <highway>cycleway</highway>
              <surface>asphalt</surface>
              <route_bicycle_icn>yes</route_bicycle_icn>
              <route_bicycle_ncn>yes</route_bicycle_ncn>
            </gpxtpx:Extensions>
          </gpxtpx:TrackPointExtension>
        </extensions>
      </trkpt>
      <trkpt lat="43.549606" lon="4.121821">
        <ele>2.5</ele>
        <extensions>
          <gpxtpx:TrackPointExtension>
            <gpxtpx:Extensions>
              <reversedirection>yes</reversedirection>
              <highway>cycleway</highway>
              <surface>asphalt</surface>
              <route_bicycle_icn>yes</route_bicycle_icn>
              <route_bicycle_ncn>yes</route_bicycle_ncn>
            </gpxtpx:Extensions>
          </gpxtpx:TrackPointExtension>
        </extensions>
      </trkpt>
      <trkpt lat="43.549381" lon="4.122095">
        <ele>3.5</ele>
        <extensions>
          <gpxtpx:TrackPointExtension>
            <gpxtpx:Extensions>
              <reversedirection>yes</reversedirection>
              <highway>cycleway</highway>
              <surface>asphalt</surface>
              <route_bicycle_icn>yes</route_bicycle_icn>
              <route_bicycle_ncn>yes</route_bicycle_ncn>
            </gpxtpx:Extensions>
          </gpxtpx:TrackPointExtension>
        </extensions>
      </trkpt>
      <trkpt lat="43.549155" lon="4.122314">
        <ele>4.5</ele>
        <extensions>
          <gpxtpx:TrackPointExtension>
            <gpxtpx:Extensions>
              <reversedirection>yes</reversedirection>
              <highway>cycleway</highway>
              <surface>asphalt</surface>
              <route_bicycle_icn>yes</route_bicycle_icn>
              <route_bicycle_ncn>yes</route_bicycle_ncn>
            </gpxtpx:Extensions>
          </gpxtpx:TrackPointExtension>
        </extensions>
      </trkpt>
      <trkpt lat="43.54901" lon="4.122437">
        <ele>4.5</ele>
        <extensions>
          <gpxtpx:TrackPointExtension>
            <gpxtpx:Extensions>
              <reversedirection>yes</reversedirection>
              <highway>cycleway</highway>
              <surface>asphalt</surface>
              <route_bicycle_icn>yes</route_bicycle_icn>
              <route_bicycle_ncn>yes</route_bicycle_ncn>
            </gpxtpx:Extensions>
          </gpxtpx:TrackPointExtension>
        </extensions>
      </trkpt>
      <trkpt lat="43.548556" lon="4.122719">
        <ele>3.75</ele>
        <extensions>
          <gpxtpx:TrackPointExtension>
            <gpxtpx:Extensions>
              <reversedirection>yes</reversedirection>
              <highway>cycleway</highway>
              <surface>asphalt</surface>
              <route_bicycle_icn>yes</route_bicycle_icn>
              <route_bicycle_ncn>yes</route_bicycle_ncn>
            </gpxtpx:Extensions>
          </gpxtpx:TrackPointExtension>
        </extensions>
      </trkpt>
      <trkpt lat="43.548271" lon="4.122893">
        <ele>3.5</ele>
        <extensions>
          <gpxtpx:TrackPointExtension>
            <gpxtpx:Extensions>
              <reversedirection>yes</reversedirection>
              <highway>cycleway</highway>
              <surface>asphalt</surface>
              <route_bicycle_icn>yes</route_bicycle_icn>
              <route_bicycle_ncn>yes</route_bicycle_ncn>
            </gpxtpx:Extensions>
          </gpxtpx:TrackPointExtension>
        </extensions>
      </trkpt>
      <trkpt lat="43.547786" lon="4.123197">
        <ele>4.25</ele>
        <extensions>
          <gpxtpx:TrackPointExtension>
            <gpxtpx:Extensions>
              <reversedirection>yes</reversedirection>
              <highway>cycleway</highway>
              <surface>asphalt</surface>
              <route_bicycle_icn>yes</route_bicycle_icn>
              <route_bicycle_ncn>yes</route_bicycle_ncn>
            </gpxtpx:Extensions>
          </gpxtpx:TrackPointExtension>
        </extensions>
      </trkpt>
      <trkpt lat="43.547595" lon="4.123317">
        <ele>4.75</ele>
        <extensions>
          <gpxtpx:TrackPointExtension>
            <gpxtpx:Extensions>
              <reversedirection>yes</reversedirection>
              <highway>cycleway</highway>
              <surface>asphalt</surface>
              <route_bicycle_icn>yes</route_bicycle_icn>
              <route_bicycle_ncn>yes</route_bicycle_ncn>
            </gpxtpx:Extensions>
          </gpxtpx:TrackPointExtension>
        </extensions>
      </trkpt>
      <trkpt lat="43.547344" lon="4.123476">
        <ele>5</ele>
        <extensions>
          <gpxtpx:TrackPointExtension>
            <gpxtpx:Extensions>
              <reversedirection>yes</reversedirection>
              <highway>cycleway</highway>
              <surface>asphalt</surface>
              <route_bicycle_icn>yes</route_bicycle_icn>
              <route_bicycle_ncn>yes</route_bicycle_ncn>
            </gpxtpx:Extensions>
          </gpxtpx:TrackPointExtension>
        </extensions>
      </trkpt>
      <trkpt lat="43.546877" lon="4.12393">
        <ele>6.25</ele>
        <extensions>
          <gpxtpx:TrackPointExtension>
            <gpxtpx:Extensions>
              <reversedirection>yes</reversedirection>
              <highway>cycleway</highway>
              <surface>asphalt</surface>
              <route_bicycle_icn>yes</route_bicycle_icn>
              <route_bicycle_ncn>yes</route_bicycle_ncn>
            </gpxtpx:Extensions>
          </gpxtpx:TrackPointExtension>
        </extensions>
      </trkpt>
      <trkpt lat="43.546824" lon="4.123999">
        <ele>6.25</ele>
        <extensions>
          <gpxtpx:TrackPointExtension>
            <gpxtpx:Extensions>
              <reversedirection>yes</reversedirection>
              <highway>cycleway</highway>
              <surface>asphalt</surface>
              <route_bicycle_icn>yes</route_bicycle_icn>
              <route_bicycle_ncn>yes</route_bicycle_ncn>
            </gpxtpx:Extensions>
          </gpxtpx:TrackPointExtension>
        </extensions>
      </trkpt>
      <trkpt lat="43.546809" lon="4.124019">
        <ele>6.5</ele>
        <extensions>
          <gpxtpx:TrackPointExtension>
            <gpxtpx:Extensions>
              <reversedirection>yes</reversedirection>
              <highway>cycleway</highway>
              <surface>paving_stones</surface>
              <route_bicycle_icn>yes</route_bicycle_icn>
              <route_bicycle_ncn>yes</route_bicycle_ncn>
            </gpxtpx:Extensions>
          </gpxtpx:TrackPointExtension>
        </extensions>
      </trkpt>
      <trkpt lat="43.546753" lon="4.124093">
        <ele>6.25</ele>
        <extensions>
          <gpxtpx:TrackPointExtension>
            <gpxtpx:Extensions>
              <reversedirection>yes</reversedirection>
              <highway>cycleway</highway>
              <surface>paving_stones</surface>
              <route_bicycle_icn>yes</route_bicycle_icn>
              <route_bicycle_ncn>yes</route_bicycle_ncn>
            </gpxtpx:Extensions>
          </gpxtpx:TrackPointExtension>
        </extensions>
      </trkpt>
      <trkpt lat="43.546495" lon="4.12443">
        <ele>5.5</ele>
        <extensions>
          <gpxtpx:TrackPointExtension>
            <gpxtpx:Extensions>
              <reversedirection>yes</reversedirection>
              <highway>cycleway</highway>
              <surface>paving_stones</surface>
              <route_bicycle_icn>yes</route_bicycle_icn>
              <route_bicycle_ncn>yes</route_bicycle_ncn>
            </gpxtpx:Extensions>
          </gpxtpx:TrackPointExtension>
        </extensions>
      </trkpt>
      <trkpt lat="43.546457" lon="4.124502">
        <ele>5.25</ele>
        <extensions>
          <gpxtpx:TrackPointExtension>
            <gpxtpx:Extensions>
              <reversedirection>yes</reversedirection>
              <highway>cycleway</highway>
              <surface>paving_stones</surface>
              <route_bicycle_icn>yes</route_bicycle_icn>
              <route_bicycle_ncn>yes</route_bicycle_ncn>
            </gpxtpx:Extensions>
          </gpxtpx:TrackPointExtension>
        </extensions>
      </trkpt>
      <trkpt lat="43.546301" lon="4.124797">
        <ele>4.75</ele>
        <extensions>
          <gpxtpx:TrackPointExtension>
            <gpxtpx:Extensions>
              <reversedirection>yes</reversedirection>
              <highway>cycleway</highway>
              <surface>paving_stones</surface>
              <route_bicycle_icn>yes</route_bicycle_icn>
              <route_bicycle_ncn>yes</route_bicycle_ncn>
            </gpxtpx:Extensions>
          </gpxtpx:TrackPointExtension>
        </extensions>
      </trkpt>
      <trkpt lat="43.545872" lon="4.125615">
        <ele>3.25</ele>
        <extensions>
          <gpxtpx:TrackPointExtension>
            <gpxtpx:Extensions>
              <reversedirection>yes</reversedirection>
              <highway>cycleway</highway>
              <surface>paving_stones</surface>
              <route_bicycle_icn>yes</route_bicycle_icn>
              <route_bicycle_ncn>yes</route_bicycle_ncn>
            </gpxtpx:Extensions>
          </gpxtpx:TrackPointExtension>
        </extensions>
      </trkpt>
      <trkpt lat="43.545495" lon="4.126253">
        <ele>2</ele>
        <extensions>
          <gpxtpx:TrackPointExtension>
            <gpxtpx:Extensions>
              <reversedirection>yes</reversedirection>
              <highway>cycleway</highway>
              <surface>paving_stones</surface>
              <route_bicycle_icn>yes</route_bicycle_icn>
              <route_bicycle_ncn>yes</route_bicycle_ncn>
            </gpxtpx:Extensions>
          </gpxtpx:TrackPointExtension>
        </extensions>
      </trkpt>
      <trkpt lat="43.54527" lon="4.126604">
        <ele>1.25</ele>
        <extensions>
          <gpxtpx:TrackPointExtension>
            <gpxtpx:Extensions>
              <reversedirection>yes</reversedirection>
              <highway>cycleway</highway>
              <surface>paving_stones</surface>
              <route_bicycle_icn>yes</route_bicycle_icn>
              <route_bicycle_ncn>yes</route_bicycle_ncn>
            </gpxtpx:Extensions>
          </gpxtpx:TrackPointExtension>
        </extensions>
      </trkpt>
      <trkpt lat="43.545212" lon="4.126695">
        <ele>1.25</ele>
        <extensions>
          <gpxtpx:TrackPointExtension>
            <gpxtpx:Extensions>
              <reversedirection>yes</reversedirection>
              <highway>cycleway</highway>
              <surface>paving_stones</surface>
              <route_bicycle_icn>yes</route_bicycle_icn>
              <route_bicycle_ncn>yes</route_bicycle_ncn>
            </gpxtpx:Extensions>
          </gpxtpx:TrackPointExtension>
        </extensions>
      </trkpt>
      <trkpt lat="43.54482" lon="4.127333">
        <ele>1.25</ele>
        <extensions>
          <gpxtpx:TrackPointExtension>
            <gpxtpx:Extensions>
              <reversedirection>yes</reversedirection>
              <highway>cycleway</highway>
              <surface>paving_stones</surface>
              <route_bicycle_icn>yes</route_bicycle_icn>
              <route_bicycle_ncn>yes</route_bicycle_ncn>
            </gpxtpx:Extensions>
          </gpxtpx:TrackPointExtension>
        </extensions>
      </trkpt>
      <trkpt lat="43.544407" lon="4.12798">
        <ele>1.5</ele>
        <extensions>
          <gpxtpx:TrackPointExtension>
            <gpxtpx:Extensions>
              <reversedirection>yes</reversedirection>
              <highway>cycleway</highway>
              <surface>paving_stones</surface>
              <route_bicycle_icn>yes</route_bicycle_icn>
              <route_bicycle_ncn>yes</route_bicycle_ncn>
            </gpxtpx:Extensions>
          </gpxtpx:TrackPointExtension>
        </extensions>
      </trkpt>
      <trkpt lat="43.54396" lon="4.128711">
        <ele>1.75</ele>
        <extensions>
          <gpxtpx:TrackPointExtension>
            <gpxtpx:Extensions>
              <reversedirection>yes</reversedirection>
              <highway>cycleway</highway>
              <surface>paving_stones</surface>
              <route_bicycle_icn>yes</route_bicycle_icn>
              <route_bicycle_ncn>yes</route_bicycle_ncn>
            </gpxtpx:Extensions>
          </gpxtpx:TrackPointExtension>
        </extensions>
      </trkpt>
      <trkpt lat="43.543863" lon="4.128857">
        <ele>1.75</ele>
        <extensions>
          <gpxtpx:TrackPointExtension>
            <gpxtpx:Extensions>
              <reversedirection>yes</reversedirection>
              <highway>cycleway</highway>
              <surface>paving_stones</surface>
              <route_bicycle_icn>yes</route_bicycle_icn>
              <route_bicycle_ncn>yes</route_bicycle_ncn>
            </gpxtpx:Extensions>
          </gpxtpx:TrackPointExtension>
        </extensions>
      </trkpt>
      <trkpt lat="43.543174" lon="4.129902">
        <ele>2.25</ele>
        <extensions>
          <gpxtpx:TrackPointExtension>
            <gpxtpx:Extensions>
              <reversedirection>yes</reversedirection>
              <highway>cycleway</highway>
              <surface>paving_stones</surface>
              <route_bicycle_icn>yes</route_bicycle_icn>
              <route_bicycle_ncn>yes</route_bicycle_ncn>
            </gpxtpx:Extensions>
          </gpxtpx:TrackPointExtension>
        </extensions>
      </trkpt>
      <trkpt lat="43.543122" lon="4.12997">
        <ele>2.25</ele>
        <extensions>
          <gpxtpx:TrackPointExtension>
            <gpxtpx:Extensions>
              <reversedirection>yes</reversedirection>
              <highway>cycleway</highway>
              <surface>paving_stones</surface>
              <route_bicycle_icn>yes</route_bicycle_icn>
              <route_bicycle_ncn>yes</route_bicycle_ncn>
            </gpxtpx:Extensions>
          </gpxtpx:TrackPointExtension>
        </extensions>
      </trkpt>
      <trkpt lat="43.54255" lon="4.13072">
        <ele>2.5</ele>
        <extensions>
          <gpxtpx:TrackPointExtension>
            <gpxtpx:Extensions>
              <reversedirection>yes</reversedirection>
              <highway>cycleway</highway>
              <surface>paving_stones</surface>
              <route_bicycle_icn>yes</route_bicycle_icn>
              <route_bicycle_ncn>yes</route_bicycle_ncn>
            </gpxtpx:Extensions>
          </gpxtpx:TrackPointExtension>
        </extensions>
      </trkpt>
      <trkpt lat="43.542038" lon="4.131391">
        <ele>2.75</ele>
        <extensions>
          <gpxtpx:TrackPointExtension>
            <gpxtpx:Extensions>
              <reversedirection>yes</reversedirection>
              <highway>cycleway</highway>
              <surface>paving_stones</surface>
              <route_bicycle_icn>yes</route_bicycle_icn>
              <route_bicycle_ncn>yes</route_bicycle_ncn>
            </gpxtpx:Extensions>
          </gpxtpx:TrackPointExtension>
        </extensions>
      </trkpt>
      <trkpt lat="43.541717" lon="4.131836">
        <ele>3</ele>
        <extensions>
          <gpxtpx:TrackPointExtension>
            <gpxtpx:Extensions>
              <reversedirection>yes</reversedirection>
              <highway>cycleway</highway>
              <surface>paving_stones</surface>
              <route_bicycle_icn>yes</route_bicycle_icn>
              <route_bicycle_ncn>yes</route_bicycle_ncn>
            </gpxtpx:Extensions>
          </gpxtpx:TrackPointExtension>
        </extensions>
      </trkpt>
      <trkpt lat="43.540971" lon="4.133004">
        <ele>3</ele>
        <extensions>
          <gpxtpx:TrackPointExtension>
            <gpxtpx:Extensions>
              <reversedirection>yes</reversedirection>
              <highway>cycleway</highway>
              <surface>paving_stones</surface>
              <route_bicycle_icn>yes</route_bicycle_icn>
              <route_bicycle_ncn>yes</route_bicycle_ncn>
            </gpxtpx:Extensions>
          </gpxtpx:TrackPointExtension>
        </extensions>
      </trkpt>
      <trkpt lat="43.540882" lon="4.13317">
        <ele>3</ele>
        <extensions>
          <gpxtpx:TrackPointExtension>
            <gpxtpx:Extensions>
              <reversedirection>yes</reversedirection>
              <highway>cycleway</highway>
              <surface>paving_stones</surface>
              <route_bicycle_icn>yes</route_bicycle_icn>
              <route_bicycle_ncn>yes</route_bicycle_ncn>
            </gpxtpx:Extensions>
          </gpxtpx:TrackPointExtension>
        </extensions>
      </trkpt>
      <trkpt lat="43.540695" lon="4.13347">
        <ele>3.25</ele>
        <extensions>
          <gpxtpx:TrackPointExtension>
            <gpxtpx:Extensions>
              <reversedirection>yes</reversedirection>
              <highway>cycleway</highway>
              <surface>paving_stones</surface>
              <route_bicycle_icn>yes</route_bicycle_icn>
              <route_bicycle_ncn>yes</route_bicycle_ncn>
            </gpxtpx:Extensions>
          </gpxtpx:TrackPointExtension>
        </extensions>
      </trkpt>
      <trkpt lat="43.540639" lon="4.133567">
        <ele>3.25</ele>
        <extensions>
          <gpxtpx:TrackPointExtension>
            <gpxtpx:Extensions>
              <reversedirection>yes</reversedirection>
              <highway>cycleway</highway>
              <surface>paving_stones</surface>
              <route_bicycle_icn>yes</route_bicycle_icn>
              <route_bicycle_ncn>yes</route_bicycle_ncn>
            </gpxtpx:Extensions>
          </gpxtpx:TrackPointExtension>
        </extensions>
      </trkpt>
      <trkpt lat="43.540415" lon="4.133735">
        <ele>4</ele>
        <extensions>
          <gpxtpx:TrackPointExtension>
            <gpxtpx:Extensions>
              <reversedirection>yes</reversedirection>
              <highway>cycleway</highway>
              <surface>paving_stones</surface>
              <route_bicycle_icn>yes</route_bicycle_icn>
              <route_bicycle_ncn>yes</route_bicycle_ncn>
            </gpxtpx:Extensions>
          </gpxtpx:TrackPointExtension>
        </extensions>
      </trkpt>
      <trkpt lat="43.540158" lon="4.133949">
        <ele>4.5</ele>
        <extensions>
          <gpxtpx:TrackPointExtension>
            <gpxtpx:Extensions>
              <reversedirection>yes</reversedirection>
              <highway>path</highway>
              <surface>asphalt</surface>
              <bicycle>designated</bicycle>
              <route_bicycle_icn>yes</route_bicycle_icn>
              <route_bicycle_ncn>yes</route_bicycle_ncn>
            </gpxtpx:Extensions>
          </gpxtpx:TrackPointExtension>
        </extensions>
      </trkpt>
      <trkpt lat="43.540133" lon="4.133993">
        <ele>4.5</ele>
        <extensions>
          <gpxtpx:TrackPointExtension>
            <gpxtpx:Extensions>
              <reversedirection>yes</reversedirection>
              <highway>path</highway>
              <surface>asphalt</surface>
              <bicycle>designated</bicycle>
              <route_bicycle_icn>yes</route_bicycle_icn>
              <route_bicycle_ncn>yes</route_bicycle_ncn>
            </gpxtpx:Extensions>
          </gpxtpx:TrackPointExtension>
        </extensions>
      </trkpt>
      <trkpt lat="43.540159" lon="4.134068">
        <ele>4.5</ele>
        <extensions>
          <gpxtpx:TrackPointExtension>
            <gpxtpx:Extensions>
              <highway>tertiary</highway>
              <surface>asphalt</surface>
              <bicycle>yes</bicycle>
              <route_bicycle_icn>yes</route_bicycle_icn>
              <route_bicycle_ncn>yes</route_bicycle_ncn>
            </gpxtpx:Extensions>
          </gpxtpx:TrackPointExtension>
        </extensions>
      </trkpt>
      <trkpt lat="43.540074" lon="4.134168">
        <ele>4.75</ele>
        <extensions>
          <gpxtpx:TrackPointExtension>
            <gpxtpx:Extensions>
              <highway>tertiary</highway>
              <surface>asphalt</surface>
              <bicycle>yes</bicycle>
              <route_bicycle_icn>yes</route_bicycle_icn>
              <route_bicycle_ncn>yes</route_bicycle_ncn>
            </gpxtpx:Extensions>
          </gpxtpx:TrackPointExtension>
        </extensions>
      </trkpt>
      <trkpt lat="43.540048" lon="4.134199">
        <ele>4.75</ele>
        <extensions>
          <gpxtpx:TrackPointExtension>
            <gpxtpx:Extensions>
              <highway>residential</highway>
              <surface>asphalt</surface>
              <maxspeed>30</maxspeed>
              <bicycle>yes</bicycle>
              <oneway>yes</oneway>
              <cycleway_right>no</cycleway_right>
            </gpxtpx:Extensions>
          </gpxtpx:TrackPointExtension>
        </extensions>
      </trkpt>
      <trkpt lat="43.53984" lon="4.135013">
        <ele>2</ele>
        <extensions>
          <gpxtpx:TrackPointExtension>
            <gpxtpx:Extensions>
              <highway>residential</highway>
              <surface>asphalt</surface>
              <maxspeed>30</maxspeed>
              <bicycle>yes</bicycle>
              <oneway>yes</oneway>
              <cycleway_right>no</cycleway_right>
            </gpxtpx:Extensions>
          </gpxtpx:TrackPointExtension>
        </extensions>
      </trkpt>
      <trkpt lat="43.539702" lon="4.135543">
        <ele>1</ele>
        <extensions>
          <gpxtpx:TrackPointExtension>
            <gpxtpx:Extensions>
              <highway>residential</highway>
              <surface>asphalt</surface>
              <maxspeed>30</maxspeed>
              <bicycle>yes</bicycle>
              <oneway>yes</oneway>
              <cycleway_right>no</cycleway_right>
            </gpxtpx:Extensions>
          </gpxtpx:TrackPointExtension>
        </extensions>
      </trkpt>
      <trkpt lat="43.539656" lon="4.135723">
        <ele>0.75</ele>
        <extensions>
          <gpxtpx:TrackPointExtension>
            <gpxtpx:Extensions>
              <highway>residential</highway>
              <surface>asphalt</surface>
              <maxspeed>30</maxspeed>
              <bicycle>yes</bicycle>
              <oneway>yes</oneway>
              <cycleway_right>no</cycleway_right>
            </gpxtpx:Extensions>
          </gpxtpx:TrackPointExtension>
        </extensions>
      </trkpt>
      <trkpt lat="43.539581" lon="4.135962">
        <ele>1</ele>
        <extensions>
          <gpxtpx:TrackPointExtension>
            <gpxtpx:Extensions>
              <highway>residential</highway>
              <surface>asphalt</surface>
              <maxspeed>30</maxspeed>
              <bicycle>yes</bicycle>
              <oneway>yes</oneway>
              <cycleway_right>no</cycleway_right>
            </gpxtpx:Extensions>
          </gpxtpx:TrackPointExtension>
        </extensions>
      </trkpt>
      <trkpt lat="43.539467" lon="4.136134">
        <ele>1.75</ele>
        <extensions>
          <gpxtpx:TrackPointExtension>
            <gpxtpx:Extensions>
              <highway>residential</highway>
              <surface>asphalt</surface>
              <maxspeed>30</maxspeed>
              <bicycle>yes</bicycle>
              <oneway>yes</oneway>
              <cycleway_right>no</cycleway_right>
            </gpxtpx:Extensions>
          </gpxtpx:TrackPointExtension>
        </extensions>
      </trkpt>
      <trkpt lat="43.539392" lon="4.136239">
        <ele>2</ele>
        <extensions>
          <gpxtpx:TrackPointExtension>
            <gpxtpx:Extensions>
              <highway>residential</highway>
              <surface>asphalt</surface>
              <maxspeed>30</maxspeed>
              <bicycle>yes</bicycle>
              <oneway>yes</oneway>
              <cycleway_right>no</cycleway_right>
            </gpxtpx:Extensions>
          </gpxtpx:TrackPointExtension>
        </extensions>
      </trkpt>
      <trkpt lat="43.539293" lon="4.13633">
        <ele>2.5</ele>
        <extensions>
          <gpxtpx:TrackPointExtension>
            <gpxtpx:Extensions>
              <highway>residential</highway>
              <surface>asphalt</surface>
              <maxspeed>30</maxspeed>
              <bicycle>yes</bicycle>
              <oneway>yes</oneway>
              <cycleway_right>no</cycleway_right>
            </gpxtpx:Extensions>
          </gpxtpx:TrackPointExtension>
        </extensions>
      </trkpt>
      <trkpt lat="43.539102" lon="4.136416">
        <ele>3</ele>
        <extensions>
          <gpxtpx:TrackPointExtension>
            <gpxtpx:Extensions>
              <highway>residential</highway>
              <surface>asphalt</surface>
              <maxspeed>30</maxspeed>
              <bicycle>yes</bicycle>
              <oneway>yes</oneway>
              <cycleway_right>no</cycleway_right>
            </gpxtpx:Extensions>
          </gpxtpx:TrackPointExtension>
        </extensions>
      </trkpt>
      <trkpt lat="43.539062" lon="4.136435">
        <ele>3.25</ele>
        <extensions>
          <gpxtpx:TrackPointExtension>
            <gpxtpx:Extensions>
              <highway>residential</highway>
              <surface>asphalt</surface>
              <maxspeed>30</maxspeed>
              <bicycle>yes</bicycle>
              <oneway>yes</oneway>
              <cycleway_right>no</cycleway_right>
            </gpxtpx:Extensions>
          </gpxtpx:TrackPointExtension>
        </extensions>
      </trkpt>
      <trkpt lat="43.538233" lon="4.136845">
        <ele>4.25</ele>
        <extensions>
          <gpxtpx:TrackPointExtension>
            <gpxtpx:Extensions>
              <highway>residential</highway>
              <surface>asphalt</surface>
              <maxspeed>30</maxspeed>
              <bicycle>yes</bicycle>
              <oneway>yes</oneway>
              <cycleway_right>no</cycleway_right>
            </gpxtpx:Extensions>
          </gpxtpx:TrackPointExtension>
        </extensions>
      </trkpt>
      <trkpt lat="43.538167" lon="4.136887">
        <ele>4.25</ele>
        <extensions>
          <gpxtpx:TrackPointExtension>
            <gpxtpx:Extensions>
              <highway>residential</highway>
              <surface>asphalt</surface>
              <maxspeed>30</maxspeed>
              <bicycle>yes</bicycle>
              <smoothness>good</smoothness>
            </gpxtpx:Extensions>
          </gpxtpx:TrackPointExtension>
        </extensions>
      </trkpt>
      <trkpt lat="43.538085" lon="4.136953">
        <ele>4</ele>
        <extensions>
          <gpxtpx:TrackPointExtension>
            <gpxtpx:Extensions>
              <highway>residential</highway>
              <surface>asphalt</surface>
              <maxspeed>30</maxspeed>
              <bicycle>yes</bicycle>
              <smoothness>good</smoothness>
            </gpxtpx:Extensions>
          </gpxtpx:TrackPointExtension>
        </extensions>
      </trkpt>
      <trkpt lat="43.537766" lon="4.137212">
        <ele>3</ele>
        <extensions>
          <gpxtpx:TrackPointExtension>
            <gpxtpx:Extensions>
              <highway>residential</highway>
              <surface>asphalt</surface>
              <maxspeed>30</maxspeed>
              <bicycle>yes</bicycle>
              <smoothness>good</smoothness>
            </gpxtpx:Extensions>
          </gpxtpx:TrackPointExtension>
        </extensions>
      </trkpt>
      <trkpt lat="43.537714" lon="4.137254">
        <ele>2.75</ele>
        <extensions>
          <gpxtpx:TrackPointExtension>
            <gpxtpx:Extensions>
              <highway>residential</highway>
              <surface>asphalt</surface>
              <bicycle>yes</bicycle>
              <route_bicycle_icn>yes</route_bicycle_icn>
              <route_bicycle_ncn>yes</route_bicycle_ncn>
            </gpxtpx:Extensions>
          </gpxtpx:TrackPointExtension>
        </extensions>
      </trkpt>
      <trkpt lat="43.537676" lon="4.137285">
        <ele>2.5</ele>
        <extensions>
          <gpxtpx:TrackPointExtension>
            <gpxtpx:Extensions>
              <highway>residential</highway>
              <surface>metal</surface>
              <bicycle>yes</bicycle>
              <route_bicycle_icn>yes</route_bicycle_icn>
              <route_bicycle_ncn>yes</route_bicycle_ncn>
            </gpxtpx:Extensions>
          </gpxtpx:TrackPointExtension>
        </extensions>
      </trkpt>
      <trkpt lat="43.537418" lon="4.137507">
        <ele>2.25</ele>
        <extensions>
          <gpxtpx:TrackPointExtension>
            <gpxtpx:Extensions>
              <highway>residential</highway>
              <surface>metal</surface>
              <bicycle>yes</bicycle>
              <route_bicycle_icn>yes</route_bicycle_icn>
              <route_bicycle_ncn>yes</route_bicycle_ncn>
            </gpxtpx:Extensions>
          </gpxtpx:TrackPointExtension>
        </extensions>
      </trkpt>
      <trkpt lat="43.537399" lon="4.137523">
        <ele>2.5</ele>
        <extensions>
          <gpxtpx:TrackPointExtension>
            <gpxtpx:Extensions>
              <highway>residential</highway>
              <surface>metal</surface>
              <bicycle>yes</bicycle>
            </gpxtpx:Extensions>
          </gpxtpx:TrackPointExtension>
        </extensions>
      </trkpt>
      <trkpt lat="43.537384" lon="4.137539">
        <ele>2.5</ele>
        <extensions>
          <gpxtpx:TrackPointExtension>
            <gpxtpx:Extensions>
              <reversedirection>yes</reversedirection>
              <highway>tertiary_link</highway>
              <maxspeed>30</maxspeed>
              <oneway>yes</oneway>
            </gpxtpx:Extensions>
          </gpxtpx:TrackPointExtension>
        </extensions>
      </trkpt>
      <trkpt lat="43.537364" lon="4.137671">
        <ele>2.5</ele>
        <extensions>
          <gpxtpx:TrackPointExtension>
            <gpxtpx:Extensions>
              <reversedirection>yes</reversedirection>
              <highway>tertiary_link</highway>
              <maxspeed>30</maxspeed>
              <oneway>yes</oneway>
            </gpxtpx:Extensions>
          </gpxtpx:TrackPointExtension>
        </extensions>
      </trkpt>
      <trkpt lat="43.537365" lon="4.137716">
        <ele>2.5</ele>
        <extensions>
          <gpxtpx:TrackPointExtension>
            <gpxtpx:Extensions>
              <reversedirection>yes</reversedirection>
              <highway>tertiary_link</highway>
              <maxspeed>30</maxspeed>
              <oneway>yes</oneway>
            </gpxtpx:Extensions>
          </gpxtpx:TrackPointExtension>
        </extensions>
      </trkpt>
      <trkpt lat="43.537374" lon="4.137755">
        <ele>2.5</ele>
      </trkpt>
      <trkpt lat="43.537376979" lon="4.13775498">
        <ele>3.92</ele>
      </trkpt>
      <trkpt lat="43.537504343" lon="4.138033632">
        <ele>3.51</ele>
      </trkpt>
      <trkpt lat="43.537561725" lon="4.13801582">
        <ele>3.09</ele>
      </trkpt>
      <trkpt lat="43.538089559" lon="4.13912338">
        <ele>2.58</ele>
      </trkpt>
      <trkpt lat="43.538216692" lon="4.13939005">
        <ele>2.33</ele>
      </trkpt>
      <trkpt lat="43.539399152" lon="4.141962602">
        <ele>2</ele>
      </trkpt>
      <trkpt lat="43.539426427" lon="4.14201996">
        <ele>2.24</ele>
      </trkpt>
      <trkpt lat="43.539492895" lon="4.142199157">
        <ele>2.07</ele>
      </trkpt>
      <trkpt lat="43.539764689" lon="4.143378487">
        <ele>1.77</ele>
      </trkpt>
      <trkpt lat="43.540334882" lon="4.144162056">
        <ele>1.19</ele>
      </trkpt>
      <trkpt lat="43.542344298" lon="4.148455237">
        <ele>0.69</ele>
      </trkpt>
      <trkpt lat="43.548531823" lon="4.162816887">
        <ele>0.21</ele>
      </trkpt>
      <trkpt lat="43.553568399" lon="4.174865595">
        <ele>0.09</ele>
      </trkpt>
      <trkpt lat="43.556399656" lon="4.18013837">
        <ele>0.24</ele>
      </trkpt>
      <trkpt lat="43.557587179" lon="4.182148659">
        <ele>0.44</ele>
      </trkpt>
      <trkpt lat="43.558898216" lon="4.183596477">
        <ele>0.63</ele>
      </trkpt>
      <trkpt lat="43.560915693" lon="4.184865186">
        <ele>0.75</ele>
      </trkpt>
      <trkpt lat="43.563653651" lon="4.185745191">
        <ele>0.85</ele>
      </trkpt>
      <trkpt lat="43.564811414" lon="4.186172787">
        <ele>0.78</ele>
      </trkpt>
      <trkpt lat="43.565517973" lon="4.187059357">
        <ele>1.75</ele>
      </trkpt>
      <trkpt lat="43.565856289" lon="4.187260124">
        <ele>2.49</ele>
      </trkpt>
      <trkpt lat="43.568785974" lon="4.189395801">
        <ele>3.26</ele>
      </trkpt>
      <trkpt lat="43.56910414" lon="4.189675771">
        <ele>3.16</ele>
      </trkpt>
      <trkpt lat="43.569102714" lon="4.189685972">
        <ele>3.1</ele>
      </trkpt>
      <trkpt lat="43.56910103" lon="4.1896961">
        <ele>1.92</ele>
      </trkpt>
      <trkpt lat="43.569099092" lon="4.18970614">
        <ele>1.05</ele>
      </trkpt>
      <trkpt lat="43.5690969" lon="4.189716082">
        <ele>0.17</ele>
      </trkpt>
      <trkpt lat="43.569094456" lon="4.189725912">
        <ele>0.24</ele>
      </trkpt>
      <trkpt lat="43.569091765" lon="4.189735619">
        <ele>0.3</ele>
      </trkpt>
      <trkpt lat="43.56908883" lon="4.189745192">
        <ele>0.36</ele>
      </trkpt>
      <trkpt lat="43.569085654" lon="4.189754617">
        <ele>0.41</ele>
      </trkpt>
      <trkpt lat="43.569082241" lon="4.189763885">
        <ele>0.47</ele>
      </trkpt>
      <trkpt lat="43.569078594" lon="4.189772982">
        <ele>0.52</ele>
      </trkpt>
      <trkpt lat="43.56907472" lon="4.1897819">
        <ele>0.56</ele>
      </trkpt>
      <trkpt lat="43.569070622" lon="4.189790627">
        <ele>0.61</ele>
      </trkpt>
      <trkpt lat="43.569066304" lon="4.189799152">
        <ele>0.64</ele>
      </trkpt>
      <trkpt lat="43.569061774" lon="4.189807465">
        <ele>0.68</ele>
      </trkpt>
      <trkpt lat="43.569057035" lon="4.189815555">
        <ele>0.7</ele>
      </trkpt>
      <trkpt lat="43.569052095" lon="4.189823412">
        <ele>0.73</ele>
      </trkpt>
      <trkpt lat="43.569046958" lon="4.189831029">
        <ele>1.92</ele>
      </trkpt>
      <trkpt lat="43.569041631" lon="4.189838394">
        <ele>2.64</ele>
      </trkpt>
      <trkpt lat="43.568923114" lon="4.189996643">
        <ele>3.21</ele>
      </trkpt>
      <trkpt lat="43.568709326" lon="4.190323262">
        <ele>3.78</ele>
      </trkpt>
      <trkpt lat="43.568558902" lon="4.190622266">
        <ele>4.34</ele>
      </trkpt>
      <trkpt lat="43.56849158" lon="4.190797644">
        <ele>3.72</ele>
      </trkpt>
      <trkpt lat="43.568487662" lon="4.190805921">
        <ele>3.58</ele>
      </trkpt>
      <trkpt lat="43.568483951" lon="4.190814377">
        <ele>3.57</ele>
      </trkpt>
      <trkpt lat="43.568480454" lon="4.190823005">
        <ele>3.56</ele>
      </trkpt>
      <trkpt lat="43.568477174" lon="4.190831792">
        <ele>3.97</ele>
      </trkpt>
      <trkpt lat="43.568474114" lon="4.190840728">
        <ele>4.38</ele>
      </trkpt>
      <trkpt lat="43.56847128" lon="4.190849803">
        <ele>4.81</ele>
      </trkpt>
      <trkpt lat="43.568468673" lon="4.190859007">
        <ele>5.25</ele>
      </trkpt>
      <trkpt lat="43.568466298" lon="4.190868329">
        <ele>5.7</ele>
      </trkpt>
      <trkpt lat="43.568464156" lon="4.190877757">
        <ele>5.75</ele>
      </trkpt>
      <trkpt lat="43.568462251" lon="4.19088728">
        <ele>5.8</ele>
      </trkpt>
      <trkpt lat="43.568460585" lon="4.190896887">
        <ele>5.85</ele>
      </trkpt>
      <trkpt lat="43.568459159" lon="4.190906569">
        <ele>5.9</ele>
      </trkpt>
      <trkpt lat="43.568457975" lon="4.190916311">
        <ele>5.96</ele>
      </trkpt>
      <trkpt lat="43.568457035" lon="4.190926103">
        <ele>5.49</ele>
      </trkpt>
      <trkpt lat="43.568456339" lon="4.190935933">
        <ele>5.02</ele>
      </trkpt>
      <trkpt lat="43.568455889" lon="4.190945791">
        <ele>4.55</ele>
      </trkpt>
      <trkpt lat="43.568455686" lon="4.190955665">
        <ele>4.09</ele>
      </trkpt>
      <trkpt lat="43.568455729" lon="4.190965541">
        <ele>3.62</ele>
      </trkpt>
      <trkpt lat="43.568456018" lon="4.190975411">
        <ele>3.67</ele>
      </trkpt>
      <trkpt lat="43.568456552" lon="4.19098526">
        <ele>3.72</ele>
      </trkpt>
      <trkpt lat="43.568457333" lon="4.190995079">
        <ele>3.77</ele>
      </trkpt>
      <trkpt lat="43.568458358" lon="4.191004856">
        <ele>3.82</ele>
      </trkpt>
      <trkpt lat="43.568459625" lon="4.191014577">
        <ele>3.87</ele>
      </trkpt>
      <trkpt lat="43.568461134" lon="4.191024234">
        <ele>3.92</ele>
      </trkpt>
      <trkpt lat="43.568462884" lon="4.191033814">
        <ele>3.97</ele>
      </trkpt>
      <trkpt lat="43.568464871" lon="4.191043306">
        <ele>4.02</ele>
      </trkpt>
      <trkpt lat="43.568467094" lon="4.191052698">
        <ele>3.95</ele>
      </trkpt>
      <trkpt lat="43.56846955" lon="4.19106198">
        <ele>3.87</ele>
      </trkpt>
      <trkpt lat="43.568472236" lon="4.191071141">
        <ele>3.8</ele>
      </trkpt>
      <trkpt lat="43.568475148" lon="4.19108017">
        <ele>3.72</ele>
      </trkpt>
      <trkpt lat="43.568478285" lon="4.191089055">
        <ele>3.65</ele>
      </trkpt>
      <trkpt lat="43.568481641" lon="4.191097787">
        <ele>3.69</ele>
      </trkpt>
      <trkpt lat="43.568485212" lon="4.191106357">
        <ele>3.73</ele>
      </trkpt>
      <trkpt lat="43.568488995" lon="4.191114752">
        <ele>3.76</ele>
      </trkpt>
      <trkpt lat="43.568492986" lon="4.191122964">
        <ele>3.8</ele>
      </trkpt>
      <trkpt lat="43.568497179" lon="4.191130984">
        <ele>3.83</ele>
      </trkpt>
      <trkpt lat="43.568501569" lon="4.191138801">
        <ele>3.86</ele>
      </trkpt>
      <trkpt lat="43.568506152" lon="4.191146406">
        <ele>3.88</ele>
      </trkpt>
      <trkpt lat="43.568510921" lon="4.19115379">
        <ele>3.91</ele>
      </trkpt>
      <trkpt lat="43.568515872" lon="4.191160946">
        <ele>3.93</ele>
      </trkpt>
      <trkpt lat="43.568520999" lon="4.191167863">
        <ele>3.95</ele>
      </trkpt>
      <trkpt lat="43.568526295" lon="4.191174534">
        <ele>4.36</ele>
      </trkpt>
      <trkpt lat="43.568531754" lon="4.191180953">
        <ele>4.73</ele>
      </trkpt>
      <trkpt lat="43.568877791" lon="4.191573824">
        <ele>5.97</ele>
      </trkpt>
      <trkpt lat="43.569374676" lon="4.191969629">
        <ele>5.79</ele>
      </trkpt>
      <trkpt lat="43.569374676" lon="4.191969629">
        <ele>5.79</ele>
      </trkpt>
      <trkpt lat="43.569392822" lon="4.191906827">
        <ele>5.64</ele>
      </trkpt>
      <trkpt lat="43.569541127" lon="4.191997093">
        <ele>5.26</ele>
      </trkpt>
      <trkpt lat="43.569731595" lon="4.192096447">
        <ele>5.01</ele>
      </trkpt>
      <trkpt lat="43.569800875" lon="4.192104204">
        <ele>4.09</ele>
      </trkpt>
      <trkpt lat="43.569884084" lon="4.192056652">
        <ele>2.99</ele>
      </trkpt>
      <trkpt lat="43.570082043" lon="4.191803071">
        <ele>2.59</ele>
      </trkpt>
      <trkpt lat="43.570209109" lon="4.19161546">
        <ele>2.62</ele>
      </trkpt>
      <trkpt lat="43.570343568" lon="4.191418604">
        <ele>2.63</ele>
      </trkpt>
      <trkpt lat="43.570481262" lon="4.191345646">
        <ele>3.37</ele>
      </trkpt>
      <trkpt lat="43.570540598" lon="4.191338664">
        <ele>4.25</ele>
      </trkpt>
      <trkpt lat="43.570578278" lon="4.19133755">
        <ele>4.65</ele>
      </trkpt>
      <trkpt lat="43.57060884" lon="4.19131544">
        <ele>4.68</ele>
      </trkpt>
      <trkpt lat="43.570603827" lon="4.191269846">
        <ele>4.66</ele>
      </trkpt>
      <trkpt lat="43.570547668" lon="4.191196656">
        <ele>4.62</ele>
      </trkpt>
      <trkpt lat="43.570524439" lon="4.191178484">
        <ele>4.21</ele>
      </trkpt>
      <trkpt lat="43.570473599" lon="4.191164793">
        <ele>3.3</ele>
      </trkpt>
      <trkpt lat="43.570358351" lon="4.1913273">
        <ele>2.41</ele>
      </trkpt>
      <trkpt lat="43.570159002" lon="4.191600228">
        <ele>1.57</ele>
      </trkpt>
      <trkpt lat="43.570126839" lon="4.191661136">
        <ele>0.73</ele>
      </trkpt>
      <trkpt lat="43.570081816" lon="4.1917459">
        <ele>0.33</ele>
      </trkpt>
      <trkpt lat="43.570090632" lon="4.191776282">
        <ele>0.65</ele>
      </trkpt>
      <trkpt lat="43.570102171" lon="4.191816045">
        <ele>0.79</ele>
      </trkpt>
      <trkpt lat="43.570189393" lon="4.191905043">
        <ele>0.87</ele>
      </trkpt>
      <trkpt lat="43.570314952" lon="4.191902964">
        <ele>0.97</ele>
      </trkpt>
      <trkpt lat="43.570459464" lon="4.192076181">
        <ele>0.85</ele>
      </trkpt>
      <trkpt lat="43.570501408" lon="4.192021454">
        <ele>0.51</ele>
      </trkpt>
      <trkpt lat="43.570945341" lon="4.192607831">
        <ele>0.39</ele>
      </trkpt>
      <trkpt lat="43.57190213" lon="4.193907055">
        <ele>0.44</ele>
      </trkpt>
      <trkpt lat="43.572007581" lon="4.194170741">
        <ele>0.29</ele>
      </trkpt>
      <trkpt lat="43.572249292" lon="4.194499123">
        <ele>0.37</ele>
      </trkpt>
      <trkpt lat="43.572550583" lon="4.19480063">
        <ele>0.4</ele>
      </trkpt>
      <trkpt lat="43.572993184" lon="4.195450933">
        <ele>0.44</ele>
      </trkpt>
      <trkpt lat="43.573048277" lon="4.195646096">
        <ele>0.33</ele>
      </trkpt>
      <trkpt lat="43.573164996" lon="4.195814424">
        <ele>0.32</ele>
      </trkpt>
      <trkpt lat="43.573356874" lon="4.196026496">
        <ele>0.28</ele>
      </trkpt>
      <trkpt lat="43.574581617" lon="4.197680095">
        <ele>0.28</ele>
      </trkpt>
      <trkpt lat="43.574972394" lon="4.198208451">
        <ele>0.29</ele>
      </trkpt>
      <trkpt lat="43.575207561" lon="4.198387698">
        <ele>0.24</ele>
      </trkpt>
      <trkpt lat="43.575755554" lon="4.199118996">
        <ele>0.25</ele>
      </trkpt>
      <trkpt lat="43.575973587" lon="4.19955378">
        <ele>0.26</ele>
      </trkpt>
      <trkpt lat="43.576183077" lon="4.199836542">
        <ele>0.28</ele>
      </trkpt>
      <trkpt lat="43.577171926" lon="4.201187294">
        <ele>0.42</ele>
      </trkpt>
      <trkpt lat="43.577666822" lon="4.201911908">
        <ele>0.52</ele>
      </trkpt>
      <trkpt lat="43.57898422" lon="4.203682998">
        <ele>0.61</ele>
      </trkpt>
      <trkpt lat="43.579668856" lon="4.204625361">
        <ele>0.88</ele>
      </trkpt>
      <trkpt lat="43.580749091" lon="4.206210205">
        <ele>1.17</ele>
      </trkpt>
      <trkpt lat="43.583302386" lon="4.209717008">
        <ele>1.12</ele>
      </trkpt>
      <trkpt lat="43.584373559" lon="4.21118834">
        <ele>1.16</ele>
      </trkpt>
      <trkpt lat="43.586797422" lon="4.214552608">
        <ele>1.23</ele>
      </trkpt>
      <trkpt lat="43.587442472" lon="4.215443521">
        <ele>1.09</ele>
      </trkpt>
      <trkpt lat="43.587517701" lon="4.215658217">
        <ele>0.97</ele>
      </trkpt>
      <trkpt lat="43.58764017" lon="4.215860551">
        <ele>0.93</ele>
      </trkpt>
      <trkpt lat="43.587697893" lon="4.21593012">
        <ele>0.78</ele>
      </trkpt>
      <trkpt lat="43.587817538" lon="4.216000839">
        <ele>0.73</ele>
      </trkpt>
      <trkpt lat="43.587872126" lon="4.216039847">
        <ele>0.55</ele>
      </trkpt>
      <trkpt lat="43.588072998" lon="4.216326773">
        <ele>0.37</ele>
      </trkpt>
      <trkpt lat="43.588213154" lon="4.216518826">
        <ele>0.28</ele>
      </trkpt>
      <trkpt lat="43.588285337" lon="4.216613484">
        <ele>0.28</ele>
      </trkpt>
      <trkpt lat="43.588360471" lon="4.21670369">
        <ele>0.2</ele>
      </trkpt>
      <trkpt lat="43.588438413" lon="4.21678927">
        <ele>0.27</ele>
      </trkpt>
      <trkpt lat="43.588527956" lon="4.216877131">
        <ele>0.34</ele>
      </trkpt>
      <trkpt lat="43.588576699" lon="4.216897345">
        <ele>0.42</ele>
      </trkpt>
      <trkpt lat="43.58862731" lon="4.216889754">
        <ele>0.58</ele>
      </trkpt>
      <trkpt lat="43.588670266" lon="4.216852162">
        <ele>0.78</ele>
      </trkpt>
      <trkpt lat="43.588701769" lon="4.216780796">
        <ele>1.02</ele>
      </trkpt>
      <trkpt lat="43.588706207" lon="4.216711022">
        <ele>1.28</ele>
      </trkpt>
      <trkpt lat="43.588684281" lon="4.216588626">
        <ele>1.86</ele>
      </trkpt>
      <trkpt lat="43.588659641" lon="4.216481937">
        <ele>2.22</ele>
      </trkpt>
      <trkpt lat="43.588630902" lon="4.216377208">
        <ele>2.46</ele>
      </trkpt>
      <trkpt lat="43.588598143" lon="4.216274736">
        <ele>2.62</ele>
      </trkpt>
      <trkpt lat="43.588208546" lon="4.21512705">
        <ele>2.42</ele>
      </trkpt>
      <trkpt lat="43.588011614" lon="4.21454365">
        <ele>1.81</ele>
      </trkpt>
      <trkpt lat="43.5877674" lon="4.213777127">
        <ele>1.39</ele>
      </trkpt>
      <trkpt lat="43.587696617" lon="4.21352378">
        <ele>1.2</ele>
      </trkpt>
      <trkpt lat="43.587617593" lon="4.213230843">
        <ele>1.09</ele>
      </trkpt>
      <trkpt lat="43.587514087" lon="4.212803676">
        <ele>1.29</ele>
      </trkpt>
      <trkpt lat="43.587445418" lon="4.21246494">
        <ele>2.13</ele>
      </trkpt>
      <trkpt lat="43.587384667" lon="4.212120246">
        <ele>3.05</ele>
      </trkpt>
      <trkpt lat="43.587323171" lon="4.211713412">
        <ele>3.61</ele>
      </trkpt>
      <trkpt lat="43.58728154" lon="4.211362027">
        <ele>4.18</ele>
      </trkpt>
      <trkpt lat="43.587264452" lon="4.211175401">
        <ele>4.43</ele>
      </trkpt>
      <trkpt lat="43.587253765" lon="4.210987873">
        <ele>4.35</ele>
      </trkpt>
      <trkpt lat="43.587249501" lon="4.210799864">
        <ele>4.11</ele>
      </trkpt>
      <trkpt lat="43.587256777" lon="4.210560359">
        <ele>3.26</ele>
      </trkpt>
      <trkpt lat="43.587278102" lon="4.210472189">
        <ele>3.25</ele>
      </trkpt>
      <trkpt lat="43.587371877" lon="4.210257528">
        <ele>3.34</ele>
      </trkpt>
      <trkpt lat="43.587392927" lon="4.210176414">
        <ele>3.21</ele>
      </trkpt>
      <trkpt lat="43.587392739" lon="4.210087213">
        <ele>3.06</ele>
      </trkpt>
      <trkpt lat="43.587392737" lon="4.210086603">
        <ele>3.59</ele>
      </trkpt>
      <trkpt lat="43.587392683" lon="4.21006094">
        <ele>3.2</ele>
      </trkpt>
      <trkpt lat="43.587395673" lon="4.210007284">
        <ele>2.8</ele>
      </trkpt>
      <trkpt lat="43.58739623" lon="4.209997295">
        <ele>3.21</ele>
      </trkpt>
      <trkpt lat="43.58738068" lon="4.209912922">
        <ele>3.65</ele>
      </trkpt>
      <trkpt lat="43.587346524" lon="4.209839652">
        <ele>4.32</ele>
      </trkpt>
      <trkpt lat="43.587297272" lon="4.209785012">
        <ele>4.95</ele>
      </trkpt>
      <trkpt lat="43.587208726" lon="4.209726141">
        <ele>5.72</ele>
      </trkpt>
      <trkpt lat="43.587155781" lon="4.209698134">
        <ele>5.68</ele>
      </trkpt>
      <trkpt lat="43.587110417" lon="4.2096801">
        <ele>5.55</ele>
      </trkpt>
      <trkpt lat="43.587093947" lon="4.209673553">
        <ele>5.31</ele>
      </trkpt>
      <trkpt lat="43.587068079" lon="4.209663635">
        <ele>5.15</ele>
      </trkpt>
      <trkpt lat="43.587016125" lon="4.209643716">
        <ele>5.04</ele>
      </trkpt>
      <trkpt lat="43.586938993" lon="4.209610656">
        <ele>4.89</ele>
      </trkpt>
      <trkpt lat="43.586867117" lon="4.209581155">
        <ele>4.85</ele>
      </trkpt>
      <trkpt lat="43.586797802" lon="4.209563989">
        <ele>4.76</ele>
      </trkpt>
      <trkpt lat="43.586752078" lon="4.209552665">
        <ele>4.84</ele>
      </trkpt>
      <trkpt lat="43.586609366" lon="4.209514462">
        <ele>4.79</ele>
      </trkpt>
      <trkpt lat="43.586464671" lon="4.20949872">
        <ele>4.79</ele>
      </trkpt>
      <trkpt lat="43.586325338" lon="4.20948097">
        <ele>4.63</ele>
      </trkpt>
      <trkpt lat="43.586182129" lon="4.209463572">
        <ele>4.27</ele>
      </trkpt>
      <trkpt lat="43.586049543" lon="4.209449448">
        <ele>3.74</ele>
      </trkpt>
      <trkpt lat="43.585965236" lon="4.209471109">
        <ele>3.5</ele>
      </trkpt>
      <trkpt lat="43.585969389" lon="4.209588781">
        <ele>3.43</ele>
      </trkpt>
      <trkpt lat="43.58616335" lon="4.209604903">
        <ele>3.69</ele>
      </trkpt>
      <trkpt lat="43.586284866" lon="4.209603252">
        <ele>4.3</ele>
      </trkpt>
      <trkpt lat="43.586404767" lon="4.209654936">
        <ele>4.97</ele>
      </trkpt>
      <trkpt lat="43.586475695" lon="4.209716751">
        <ele>5.47</ele>
      </trkpt>
      <trkpt lat="43.586503863" lon="4.209741299">
        <ele>5.49</ele>
      </trkpt>
      <trkpt lat="43.586506184" lon="4.209743672">
        <ele>5.32</ele>
      </trkpt>
      <trkpt lat="43.586651251" lon="4.209891891">
        <ele>5.08</ele>
      </trkpt>
      <trkpt lat="43.586816369" lon="4.210009142">
        <ele>4.6</ele>
      </trkpt>
      <trkpt lat="43.586991154" lon="4.210083057">
        <ele>4.11</ele>
      </trkpt>
      <trkpt lat="43.587392537" lon="4.2100869">
        <ele>3.96</ele>
      </trkpt>
      <trkpt lat="43.587393035" lon="4.210086905">
        <ele>3.87</ele>
      </trkpt>
      <trkpt lat="43.587410321" lon="4.21008707">
        <ele>3.75</ele>
      </trkpt>
      <trkpt lat="43.587465444" lon="4.21008731">
        <ele>3.86</ele>
      </trkpt>
      <trkpt lat="43.58746758" lon="4.21008732">
        <ele>4.09</ele>
      </trkpt>
      <trkpt lat="43.587538813" lon="4.21008763">
        <ele>4.37</ele>
      </trkpt>
      <trkpt lat="43.588549092" lon="4.210092032">
        <ele>4.65</ele>
      </trkpt>
      <trkpt lat="43.588623466" lon="4.210114794">
        <ele>4</ele>
      </trkpt>
      <trkpt lat="43.588651996" lon="4.210123525">
        <ele>3.35</ele>
      </trkpt>
      <trkpt lat="43.589372273" lon="4.210343968">
        <ele>3.13</ele>
      </trkpt>
      <trkpt lat="43.589371637" lon="4.210445602">
        <ele>2.71</ele>
      </trkpt>
      <trkpt lat="43.589293809" lon="4.210496984">
        <ele>2.21</ele>
      </trkpt>
      <trkpt lat="43.589175157" lon="4.210537619">
        <ele>2.85</ele>
      </trkpt>
      <trkpt lat="43.589099462" lon="4.210560421">
        <ele>3.15</ele>
      </trkpt>
      <trkpt lat="43.58901729" lon="4.210585098">
        <ele>2.91</ele>
      </trkpt>
      <trkpt lat="43.588943835" lon="4.210607259">
        <ele>2.77</ele>
      </trkpt>
      <trkpt lat="43.588873962" lon="4.210622104">
        <ele>2.68</ele>
      </trkpt>
      <trkpt lat="43.588852507" lon="4.210612494">
        <ele>2.38</ele>
      </trkpt>
      <trkpt lat="43.588825219" lon="4.21060027">
        <ele>2.68</ele>
      </trkpt>
      <trkpt lat="43.588823881" lon="4.210598602">
        <ele>2.66</ele>
      </trkpt>
      <trkpt lat="43.588688757" lon="4.210430061">
        <ele>2.39</ele>
      </trkpt>
      <trkpt lat="43.588412786" lon="4.210414256">
        <ele>1.97</ele>
      </trkpt>
      <trkpt lat="43.588261921" lon="4.210486415">
        <ele>1.5</ele>
      </trkpt>
      <trkpt lat="43.588183103" lon="4.210513667">
        <ele>0.71</ele>
      </trkpt>
      <trkpt lat="43.588136484" lon="4.21059846">
        <ele>0.25</ele>
      </trkpt>
      <trkpt lat="43.588155687" lon="4.210757914">
        <ele>0.21</ele>
      </trkpt>
      <trkpt lat="43.588162631" lon="4.210815569">
        <ele>0.21</ele>
      </trkpt>
      <trkpt lat="43.588244052" lon="4.211491685">
        <ele>0.25</ele>
      </trkpt>
      <trkpt lat="43.588279427" lon="4.211763866">
        <ele>0.26</ele>
      </trkpt>
      <trkpt lat="43.58834873" lon="4.212147191">
        <ele>0.28</ele>
      </trkpt>
      <trkpt lat="43.588455962" lon="4.212607111">
        <ele>0.11</ele>
      </trkpt>
      <trkpt lat="43.588512025" lon="4.212836799">
        <ele>0.08</ele>
      </trkpt>
      <trkpt lat="43.588572147" lon="4.213064535">
        <ele>0.04</ele>
      </trkpt>
      <trkpt lat="43.58863629" lon="4.213290184">
        <ele>0.04</ele>
      </trkpt>
      <trkpt lat="43.588704418" lon="4.213513613">
        <ele>0.03</ele>
      </trkpt>
      <trkpt lat="43.589224706" lon="4.215163242">
        <ele>0.1</ele>
      </trkpt>
      <trkpt lat="43.589255615" lon="4.215257601">
        <ele>0.14</ele>
      </trkpt>
      <trkpt lat="43.589453339" lon="4.215839266">
        <ele>0.27</ele>
      </trkpt>
      <trkpt lat="43.589477664" lon="4.215912891">
        <ele>0.28</ele>
      </trkpt>
      <trkpt lat="43.589925495" lon="4.217308255">
        <ele>0.28</ele>
      </trkpt>
      <trkpt lat="43.590298151" lon="4.218434902">
        <ele>0.27</ele>
      </trkpt>
      <trkpt lat="43.590389405" lon="4.218700295">
        <ele>0.27</ele>
      </trkpt>
      <trkpt lat="43.590486334" lon="4.218961852">
        <ele>0.25</ele>
      </trkpt>
      <trkpt lat="43.590588853" lon="4.219219343">
        <ele>0.26</ele>
      </trkpt>
      <trkpt lat="43.590696873" lon="4.219472542">
        <ele>0.34</ele>
      </trkpt>
      <trkpt lat="43.590810298" lon="4.219721228">
        <ele>0.32</ele>
      </trkpt>
      <trkpt lat="43.590929029" lon="4.219965181">
        <ele>0.29</ele>
      </trkpt>
      <trkpt lat="43.591052961" lon="4.220204188">
        <ele>0.22</ele>
      </trkpt>
      <trkpt lat="43.591181985" lon="4.220438039">
        <ele>0.24</ele>
      </trkpt>
      <trkpt lat="43.59131599" lon="4.220666528">
        <ele>0.19</ele>
      </trkpt>
      <trkpt lat="43.591454856" lon="4.220889455">
        <ele>0.18</ele>
      </trkpt>
      <trkpt lat="43.591598462" lon="4.221106623">
        <ele>0.22</ele>
      </trkpt>
      <trkpt lat="43.591746681" lon="4.221317843">
        <ele>0.25</ele>
      </trkpt>
      <trkpt lat="43.59209623" lon="4.221801423">
        <ele>0.27</ele>
      </trkpt>
      <trkpt lat="43.592483492" lon="4.222338297">
        <ele>0.31</ele>
      </trkpt>
      <trkpt lat="43.593237097" lon="4.223387692">
        <ele>0.3</ele>
      </trkpt>
      <trkpt lat="43.594179164" lon="4.224678066">
        <ele>0.26</ele>
      </trkpt>
      <trkpt lat="43.594604141" lon="4.225302473">
        <ele>0.23</ele>
      </trkpt>
      <trkpt lat="43.594651098" lon="4.225386531">
        <ele>0.18</ele>
      </trkpt>
      <trkpt lat="43.594701635" lon="4.225499855">
        <ele>0.14</ele>
      </trkpt>
      <trkpt lat="43.594887928" lon="4.225756285">
        <ele>0.15</ele>
      </trkpt>
      <trkpt lat="43.594953865" lon="4.225813429">
        <ele>0.13</ele>
      </trkpt>
      <trkpt lat="43.59501333" lon="4.225854076">
        <ele>0.1</ele>
      </trkpt>
      <trkpt lat="43.595057201" lon="4.225892378">
        <ele>0.07</ele>
      </trkpt>
      <trkpt lat="43.595098188" lon="4.225936316">
        <ele>0.08</ele>
      </trkpt>
      <trkpt lat="43.595135907" lon="4.225985482">
        <ele>0.12</ele>
      </trkpt>
      <trkpt lat="43.596850835" lon="4.228346324">
        <ele>0.1</ele>
      </trkpt>
      <trkpt lat="43.600582409" lon="4.23344695">
        <ele>0.11</ele>
      </trkpt>
      <trkpt lat="43.601598192" lon="4.234847832">
        <ele>0.14</ele>
      </trkpt>
      <trkpt lat="43.601778697" lon="4.235115451">
        <ele>0.13</ele>
      </trkpt>
      <trkpt lat="43.601823675" lon="4.235177715">
        <ele>0.1</ele>
      </trkpt>
      <trkpt lat="43.602044397" lon="4.23546282">
        <ele>0.11</ele>
      </trkpt>
      <trkpt lat="43.60311621" lon="4.236939947">
        <ele>0.1</ele>
      </trkpt>
      <trkpt lat="43.604072053" lon="4.238249812">
        <ele>0.11</ele>
      </trkpt>
      <trkpt lat="43.605215243" lon="4.239816144">
        <ele>0.13</ele>
      </trkpt>
      <trkpt lat="43.605254007" lon="4.239880129">
        <ele>0.17</ele>
      </trkpt>
      <trkpt lat="43.605298841" lon="4.239952626">
        <ele>0.16</ele>
      </trkpt>
      <trkpt lat="43.605488817" lon="4.240201114">
        <ele>0.18</ele>
      </trkpt>
      <trkpt lat="43.605842179" lon="4.240674403">
        <ele>0.15</ele>
      </trkpt>
      <trkpt lat="43.606178201" lon="4.24113727">
        <ele>0.15</ele>
      </trkpt>
      <trkpt lat="43.606222123" lon="4.241214505">
        <ele>0.14</ele>
      </trkpt>
      <trkpt lat="43.606311409" lon="4.241403722">
        <ele>0.19</ele>
      </trkpt>
      <trkpt lat="43.606322179" lon="4.241425743">
        <ele>0.21</ele>
      </trkpt>
      <trkpt lat="43.606376849" lon="4.241537526">
        <ele>0.24</ele>
      </trkpt>
      <trkpt lat="43.606377913" lon="4.241539701">
        <ele>0.3</ele>
      </trkpt>
      <trkpt lat="43.606498792" lon="4.241704714">
        <ele>0.33</ele>
      </trkpt>
      <trkpt lat="43.606538497" lon="4.241752442">
        <ele>0.36</ele>
      </trkpt>
      <trkpt lat="43.606696295" lon="4.241920764">
        <ele>0.39</ele>
      </trkpt>
      <trkpt lat="43.606908593" lon="4.242176207">
        <ele>0.39</ele>
      </trkpt>
      <trkpt lat="43.606961526" lon="4.242242422">
        <ele>0.32</ele>
      </trkpt>
      <trkpt lat="43.607012662" lon="4.242311264">
        <ele>0.48</ele>
      </trkpt>
      <trkpt lat="43.607701609" lon="4.243267982">
        <ele>0.47</ele>
      </trkpt>
      <trkpt lat="43.609157793" lon="4.245269719">
        <ele>0.47</ele>
      </trkpt>
      <trkpt lat="43.60952644" lon="4.24578616">
        <ele>0.43</ele>
      </trkpt>
      <trkpt lat="43.610870075" lon="4.247631555">
        <ele>0.43</ele>
      </trkpt>
      <trkpt lat="43.610964973" lon="4.247764644">
        <ele>0.24</ele>
      </trkpt>
      <trkpt lat="43.613096688" lon="4.250695192">
        <ele>0.21</ele>
      </trkpt>
      <trkpt lat="43.613523929" lon="4.251293881">
        <ele>0.18</ele>
      </trkpt>
      <trkpt lat="43.614212865" lon="4.252229766">
        <ele>0.18</ele>
      </trkpt>
      <trkpt lat="43.614475631" lon="4.252591042">
        <ele>0.19</ele>
      </trkpt>
      <trkpt lat="43.618985026" lon="4.258804926">
        <ele>0.18</ele>
      </trkpt>
      <trkpt lat="43.619073665" lon="4.258930588">
        <ele>0.19</ele>
      </trkpt>
      <trkpt lat="43.619159688" lon="4.259059649">
        <ele>0.21</ele>
      </trkpt>
      <trkpt lat="43.619249469" lon="4.259202568">
        <ele>0.31</ele>
      </trkpt>
      <trkpt lat="43.619308232" lon="4.259294925">
        <ele>0.38</ele>
      </trkpt>
      <trkpt lat="43.619363119" lon="4.259373472">
        <ele>0.41</ele>
      </trkpt>
      <trkpt lat="43.619400261" lon="4.259434032">
        <ele>0.44</ele>
      </trkpt>
      <trkpt lat="43.619455813" lon="4.25950042">
        <ele>0.43</ele>
      </trkpt>
      <trkpt lat="43.619504592" lon="4.259564763">
        <ele>0.42</ele>
      </trkpt>
      <trkpt lat="43.61955509" lon="4.25962654">
        <ele>0.4</ele>
      </trkpt>
      <trkpt lat="43.61966173" lon="4.259752151">
        <ele>0.4</ele>
      </trkpt>
      <trkpt lat="43.619731049" lon="4.259838184">
        <ele>0.4</ele>
      </trkpt>
      <trkpt lat="43.619813296" lon="4.259952631">
        <ele>0.41</ele>
      </trkpt>
      <trkpt lat="43.620127456" lon="4.26042887">
        <ele>0.38</ele>
      </trkpt>
      <trkpt lat="43.622379744" lon="4.263507207">
        <ele>0.29</ele>
      </trkpt>
      <trkpt lat="43.624719311" lon="4.266738583">
        <ele>0.22</ele>
      </trkpt>
      <trkpt lat="43.624868618" lon="4.266939171">
        <ele>0.18</ele>
      </trkpt>
      <trkpt lat="43.624919883" lon="4.267009983">
        <ele>0.12</ele>
      </trkpt>
      <trkpt lat="43.625084295" lon="4.267238888">
        <ele>0.1</ele>
      </trkpt>
      <trkpt lat="43.625540425" lon="4.267872781">
        <ele>0.13</ele>
      </trkpt>
      <trkpt lat="43.625843528" lon="4.26829168">
        <ele>0.16</ele>
      </trkpt>
      <trkpt lat="43.625925252" lon="4.268404626">
        <ele>0.2</ele>
      </trkpt>
      <trkpt lat="43.626222466" lon="4.268815393">
        <ele>0.24</ele>
      </trkpt>
      <trkpt lat="43.626409075" lon="4.269090276">
        <ele>0.27</ele>
      </trkpt>
      <trkpt lat="43.626917566" lon="4.269791382">
        <ele>0.28</ele>
      </trkpt>
      <trkpt lat="43.628085904" lon="4.271396941">
        <ele>0.27</ele>
      </trkpt>
      <trkpt lat="43.62847355" lon="4.271935342">
        <ele>0.24</ele>
      </trkpt>
      <trkpt lat="43.628719722" lon="4.272269252">
        <ele>0.26</ele>
      </trkpt>
      <trkpt lat="43.62885462" lon="4.272459357">
        <ele>0.22</ele>
      </trkpt>
      <trkpt lat="43.629080948" lon="4.272778148">
        <ele>0.22</ele>
      </trkpt>
      <trkpt lat="43.629309645" lon="4.273100421">
        <ele>0.24</ele>
      </trkpt>
      <trkpt lat="43.629490698" lon="4.273355558">
        <ele>0.21</ele>
      </trkpt>
      <trkpt lat="43.629670371" lon="4.273608752">
        <ele>0.19</ele>
      </trkpt>
      <trkpt lat="43.629835885" lon="4.273841996">
        <ele>0.19</ele>
      </trkpt>
      <trkpt lat="43.629884861" lon="4.273912011">
        <ele>0.17</ele>
      </trkpt>
      <trkpt lat="43.629935065" lon="4.273992136">
        <ele>0.12</ele>
      </trkpt>
      <trkpt lat="43.630121538" lon="4.274312319">
        <ele>0.1</ele>
      </trkpt>
      <trkpt lat="43.630148113" lon="4.27437336">
        <ele>0.08</ele>
      </trkpt>
      <trkpt lat="43.630177574" lon="4.274435987">
        <ele>0.04</ele>
      </trkpt>
      <trkpt lat="43.630296064" lon="4.2746651">
        <ele>0.04</ele>
      </trkpt>
      <trkpt lat="43.630409096" lon="4.274899381">
        <ele>0.07</ele>
      </trkpt>
      <trkpt lat="43.630506231" lon="4.275105141">
        <ele>0.08</ele>
      </trkpt>
      <trkpt lat="43.630569449" lon="4.27524122">
        <ele>0.13</ele>
      </trkpt>
      <trkpt lat="43.630631053" lon="4.275378696">
        <ele>0.21</ele>
      </trkpt>
      <trkpt lat="43.631031091" lon="4.276287986">
        <ele>0.28</ele>
      </trkpt>
      <trkpt lat="43.631082319" lon="4.276407428">
        <ele>0.34</ele>
      </trkpt>
      <trkpt lat="43.631621002" lon="4.277691943">
        <ele>0.39</ele>
      </trkpt>
      <trkpt lat="43.631667251" lon="4.277769569">
        <ele>0.44</ele>
      </trkpt>
      <trkpt lat="43.631699624" lon="4.27783979">
        <ele>0.44</ele>
      </trkpt>
      <trkpt lat="43.631853888" lon="4.27823444">
        <ele>0.46</ele>
      </trkpt>
      <trkpt lat="43.631877025" lon="4.278313703">
        <ele>0.4</ele>
      </trkpt>
      <trkpt lat="43.632061384" lon="4.278731301">
        <ele>0.39</ele>
      </trkpt>
      <trkpt lat="43.632263508" lon="4.279218809">
        <ele>0.34</ele>
      </trkpt>
      <trkpt lat="43.632362446" lon="4.279446078">
        <ele>0.3</ele>
      </trkpt>
      <trkpt lat="43.632748157" lon="4.280344965">
        <ele>0.22</ele>
      </trkpt>
      <trkpt lat="43.633765919" lon="4.282751133">
        <ele>0.26</ele>
      </trkpt>
      <trkpt lat="43.634262639" lon="4.283940334">
        <ele>0.21</ele>
      </trkpt>
      <trkpt lat="43.634608581" lon="4.284779902">
        <ele>0.28</ele>
      </trkpt>
      <trkpt lat="43.635117996" lon="4.285982208">
        <ele>0.27</ele>
      </trkpt>
      <trkpt lat="43.635161182" lon="4.286059369">
        <ele>0.27</ele>
      </trkpt>
      <trkpt lat="43.63540334" lon="4.286620872">
        <ele>0.21</ele>
      </trkpt>
      <trkpt lat="43.636112424" lon="4.288274608">
        <ele>0.2</ele>
      </trkpt>
      <trkpt lat="43.636167247" lon="4.288366182">
        <ele>0.1</ele>
      </trkpt>
      <trkpt lat="43.636213194" lon="4.288478211">
        <ele>0.1</ele>
      </trkpt>
      <trkpt lat="43.636236631" lon="4.288569301">
        <ele>0.13</ele>
      </trkpt>
      <trkpt lat="43.636255354" lon="4.288665787">
        <ele>0.17</ele>
      </trkpt>
      <trkpt lat="43.636345494" lon="4.288992809">
        <ele>0.22</ele>
      </trkpt>
      <trkpt lat="43.636390157" lon="4.289131465">
        <ele>0.22</ele>
      </trkpt>
      <trkpt lat="43.636476014" lon="4.289465552">
        <ele>0.22</ele>
      </trkpt>
      <trkpt lat="43.636676865" lon="4.290336415">
        <ele>0.17</ele>
      </trkpt>
      <trkpt lat="43.636723957" lon="4.290649649">
        <ele>0.16</ele>
      </trkpt>
      <trkpt lat="43.636872231" lon="4.291520583">
        <ele>0.12</ele>
      </trkpt>
      <trkpt lat="43.637107018" lon="4.292861786">
        <ele>0.11</ele>
      </trkpt>
      <trkpt lat="43.637264934" lon="4.293775909">
        <ele>0.1</ele>
      </trkpt>
      <trkpt lat="43.637427472" lon="4.294698445">
        <ele>0.15</ele>
      </trkpt>
      <trkpt lat="43.637442239" lon="4.294786189">
        <ele>0.12</ele>
      </trkpt>
      <trkpt lat="43.637577468" lon="4.295559793">
        <ele>0.18</ele>
      </trkpt>
      <trkpt lat="43.637640248" lon="4.295880115">
        <ele>0.32</ele>
      </trkpt>
      <trkpt lat="43.637785157" lon="4.296469777">
        <ele>0.32</ele>
      </trkpt>
      <trkpt lat="43.638062305" lon="4.297994565">
        <ele>0.54</ele>
      </trkpt>
      <trkpt lat="43.638115886" lon="4.298031757">
        <ele>0.83</ele>
      </trkpt>
      <trkpt lat="43.638199604" lon="4.29803379">
        <ele>1.08</ele>
      </trkpt>
      <trkpt lat="43.638448231" lon="4.298111019">
        <ele>1.04</ele>
      </trkpt>
      <trkpt lat="43.6386831" lon="4.298234675">
        <ele>1.25</ele>
      </trkpt>
      <trkpt lat="43.638266171" lon="4.298268948">
        <ele>1.09</ele>
      </trkpt>
      <trkpt lat="43.637403497" lon="4.298503913">
        <ele>0.93</ele>
      </trkpt>
      <trkpt lat="43.637041935" lon="4.298684105">
        <ele>0.58</ele>
      </trkpt>
      <trkpt lat="43.636818175" lon="4.29895318">
        <ele>0.45</ele>
      </trkpt>
      <trkpt lat="43.636261416" lon="4.300001976">
        <ele>0.15</ele>
      </trkpt>
      <trkpt lat="43.635912152" lon="4.300519845">
        <ele>0.03</ele>
      </trkpt>
      <trkpt lat="43.632082694" lon="4.305164717">
        <ele>-0.09</ele>
      </trkpt>
      <trkpt lat="43.627535541" lon="4.310547407">
        <ele>-0.14</ele>
      </trkpt>
      <trkpt lat="43.619942868" lon="4.319593643">
        <ele>-0.24</ele>
      </trkpt>
      <trkpt lat="43.614626546" lon="4.325949865">
        <ele>-0.15</ele>
      </trkpt>
      <trkpt lat="43.61030644" lon="4.330969202">
        <ele>0.22</ele>
      </trkpt>
      <trkpt lat="43.607155334" lon="4.334896524">
        <ele>0.64</ele>
      </trkpt>
      <trkpt lat="43.606027136" lon="4.336139086">
        <ele>1.23</ele>
      </trkpt>
      <trkpt lat="43.605336427" lon="4.336510812">
        <ele>2.07</ele>
      </trkpt>
      <trkpt lat="43.605414775" lon="4.337196913">
        <ele>2.66</ele>
      </trkpt>
      <trkpt lat="43.6053859" lon="4.337468829">
        <ele>2.48</ele>
      </trkpt>
      <trkpt lat="43.605279733" lon="4.338048068">
        <ele>2.2</ele>
      </trkpt>
      <trkpt lat="43.605228032" lon="4.339260858">
        <ele>1.78</ele>
      </trkpt>
      <trkpt lat="43.604984011" lon="4.340833075">
        <ele>1.12</ele>
      </trkpt>
      <trkpt lat="43.604808179" lon="4.342999818">
        <ele>0.96</ele>
      </trkpt>
      <trkpt lat="43.604791485" lon="4.344349709">
        <ele>1</ele>
      </trkpt>
      <trkpt lat="43.604718199" lon="4.346227991">
        <ele>0.91</ele>
      </trkpt>
      <trkpt lat="43.604448604" lon="4.349030408">
        <ele>0.93</ele>
      </trkpt>
      <trkpt lat="43.604809058" lon="4.354936024">
        <ele>1.09</ele>
      </trkpt>
      <trkpt lat="43.605104765" lon="4.35679308">
        <ele>0.98</ele>
      </trkpt>
      <trkpt lat="43.605141584" lon="4.357024321">
        <ele>0.9</ele>
      </trkpt>
      <trkpt lat="43.605247435" lon="4.35768913">
        <ele>0.89</ele>
      </trkpt>
      <trkpt lat="43.605240816" lon="4.358218691">
        <ele>1.16</ele>
      </trkpt>
      <trkpt lat="43.605124264" lon="4.358557371">
        <ele>1.06</ele>
      </trkpt>
      <trkpt lat="43.604904804" lon="4.35928704">
        <ele>0.81</ele>
      </trkpt>
      <trkpt lat="43.604759047" lon="4.360001584">
        <ele>0.71</ele>
      </trkpt>
      <trkpt lat="43.604714209" lon="4.360565365">
        <ele>0.84</ele>
      </trkpt>
      <trkpt lat="43.60489073" lon="4.361390125">
        <ele>0.6</ele>
      </trkpt>
      <trkpt lat="43.604905776" lon="4.367103578">
        <ele>0.56</ele>
      </trkpt>
      <trkpt lat="43.604860413" lon="4.368760507">
        <ele>0.63</ele>
      </trkpt>
      <trkpt lat="43.604819384" lon="4.369990383">
        <ele>1.13</ele>
      </trkpt>
      <trkpt lat="43.605167963" lon="4.372870731">
        <ele>1.1</ele>
      </trkpt>
      <trkpt lat="43.605704401" lon="4.376632413">
        <ele>1.12</ele>
      </trkpt>
      <trkpt lat="43.605569446" lon="4.382356414">
        <ele>1.14</ele>
      </trkpt>
      <trkpt lat="43.605844813" lon="4.383183634">
        <ele>1.1</ele>
      </trkpt>
      <trkpt lat="43.606563011" lon="4.385235588">
        <ele>0.57</ele>
      </trkpt>
      <trkpt lat="43.607659937" lon="4.387371231">
        <ele>0.4</ele>
      </trkpt>
      <trkpt lat="43.608580387" lon="4.389171051">
        <ele>0.23</ele>
      </trkpt>
      <trkpt lat="43.608815514" lon="4.389228738">
        <ele>0.32</ele>
      </trkpt>
      <trkpt lat="43.609020913" lon="4.389694621">
        <ele>0.29</ele>
      </trkpt>
      <trkpt lat="43.609338863" lon="4.390062055">
        <ele>0.48</ele>
      </trkpt>
      <trkpt lat="43.609617893" lon="4.390598577">
        <ele>0.72</ele>
      </trkpt>
      <trkpt lat="43.609995929" lon="4.392094467">
        <ele>0.92</ele>
      </trkpt>
      <trkpt lat="43.610796914" lon="4.394525307">
        <ele>0.86</ele>
      </trkpt>
      <trkpt lat="43.611178831" lon="4.395873795">
        <ele>1.04</ele>
      </trkpt>
      <trkpt lat="43.611440044" lon="4.398666787">
        <ele>1.2</ele>
      </trkpt>
      <trkpt lat="43.61309596" lon="4.413126992">
        <ele>1.43</ele>
      </trkpt>
      <trkpt lat="43.613216947" lon="4.413402604">
        <ele>1.63</ele>
      </trkpt>
      <trkpt lat="43.614104967" lon="4.413817972">
        <ele>1.85</ele>
      </trkpt>
      <trkpt lat="43.614409711" lon="4.414252705">
        <ele>1.99</ele>
      </trkpt>
      <trkpt lat="43.615876028" lon="4.415109598">
        <ele>2.26</ele>
      </trkpt>
      <trkpt lat="43.617167243" lon="4.416083079">
        <ele>2.38</ele>
      </trkpt>
      <trkpt lat="43.61842293" lon="4.416882854">
        <ele>2.21</ele>
      </trkpt>
      <trkpt lat="43.618949191" lon="4.417477708">
        <ele>2.14</ele>
      </trkpt>
      <trkpt lat="43.620046716" lon="4.418034692">
        <ele>2.02</ele>
      </trkpt>
      <trkpt lat="43.620773316" lon="4.418690755">
        <ele>1.64</ele>
      </trkpt>
      <trkpt lat="43.621765281" lon="4.419668232">
        <ele>1.18</ele>
      </trkpt>
      <trkpt lat="43.622293314" lon="4.42020416">
        <ele>1.05</ele>
      </trkpt>
      <trkpt lat="43.622796517" lon="4.42099951">
        <ele>1.68</ele>
      </trkpt>
      <trkpt lat="43.62315938" lon="4.421438598">
        <ele>2.58</ele>
      </trkpt>
      <trkpt lat="43.623818426" lon="4.421949693">
        <ele>3.53</ele>
      </trkpt>
      <trkpt lat="43.624050155" lon="4.422110057">
        <ele>4.01</ele>
      </trkpt>
      <trkpt lat="43.624191291" lon="4.422404511">
        <ele>4.62</ele>
      </trkpt>
      <trkpt lat="43.624319567" lon="4.422823743">
        <ele>4.41</ele>
      </trkpt>
      <trkpt lat="43.624830692" lon="4.424726956">
        <ele>3.58</ele>
      </trkpt>
      <trkpt lat="43.625073663" lon="4.424886201">
        <ele>2.92</ele>
      </trkpt>
      <trkpt lat="43.625551198" lon="4.425066737">
        <ele>3.8</ele>
      </trkpt>
      <trkpt lat="43.626896397" lon="4.425499366">
        <ele>4.11</ele>
      </trkpt>
      <trkpt lat="43.628638031" lon="4.425912353">
        <ele>3.92</ele>
      </trkpt>
      <trkpt lat="43.628883213" lon="4.425902988">
        <ele>4.12</ele>
      </trkpt>
      <trkpt lat="43.629128796" lon="4.425862701">
        <ele>3.93</ele>
      </trkpt>
      <trkpt lat="43.629423109" lon="4.425532651">
        <ele>2.74</ele>
      </trkpt>
      <trkpt lat="43.629713613" lon="4.425570796">
        <ele>2.02</ele>
      </trkpt>
      <trkpt lat="43.632289846" lon="4.427355513">
        <ele>1.77</ele>
      </trkpt>
      <trkpt lat="43.63329294" lon="4.428257705">
        <ele>1.47</ele>
      </trkpt>
      <trkpt lat="43.636171909" lon="4.430622401">
        <ele>1.41</ele>
      </trkpt>
      <trkpt lat="43.638024849" lon="4.431422206">
        <ele>1.45</ele>
      </trkpt>
      <trkpt lat="43.640882839" lon="4.432586008">
        <ele>1.51</ele>
      </trkpt>
      <trkpt lat="43.641093521" lon="4.432637667">
        <ele>1.49</ele>
      </trkpt>
      <trkpt lat="43.641450783" lon="4.432646594">
        <ele>1.65</ele>
      </trkpt>
      <trkpt lat="43.641787011" lon="4.43254673">
        <ele>2.19</ele>
      </trkpt>
      <trkpt lat="43.642318612" lon="4.432173334">
        <ele>2.65</ele>
      </trkpt>
      <trkpt lat="43.64436561" lon="4.43073545">
        <ele>2.98</ele>
      </trkpt>
      <trkpt lat="43.644713254" lon="4.430621795">
        <ele>3.75</ele>
      </trkpt>
      <trkpt lat="43.645115834" lon="4.430600908">
        <ele>4.22</ele>
      </trkpt>
      <trkpt lat="43.645437779" lon="4.43065534">
        <ele>4.37</ele>
      </trkpt>
      <trkpt lat="43.645790602" lon="4.431001615">
        <ele>4.95</ele>
      </trkpt>
      <trkpt lat="43.646033175" lon="4.431655889">
        <ele>5.12</ele>
      </trkpt>
      <trkpt lat="43.646496538" lon="4.432911883">
        <ele>5.37</ele>
      </trkpt>
      <trkpt lat="43.647281489" lon="4.435177131">
        <ele>4.99</ele>
      </trkpt>
      <trkpt lat="43.647809863" lon="4.435682517">
        <ele>4.31</ele>
      </trkpt>
      <trkpt lat="43.649076035" lon="4.436453878">
        <ele>3.42</ele>
      </trkpt>
      <trkpt lat="43.651021251" lon="4.437841367">
        <ele>2.88</ele>
      </trkpt>
      <trkpt lat="43.65179848" lon="4.438136488">
        <ele>2.06</ele>
      </trkpt>
      <trkpt lat="43.654776047" lon="4.439520485">
        <ele>1.87</ele>
      </trkpt>
      <trkpt lat="43.657029277" lon="4.440470129">
        <ele>1.81</ele>
      </trkpt>
      <trkpt lat="43.65862695" lon="4.440726863">
        <ele>1.5</ele>
      </trkpt>
      <trkpt lat="43.658994028" lon="4.44084298">
        <ele>1.39</ele>
      </trkpt>
      <trkpt lat="43.661425475" lon="4.441750817">
        <ele>1.25</ele>
      </trkpt>
      <trkpt lat="43.662860273" lon="4.442124472">
        <ele>1.39</ele>
      </trkpt>
      <trkpt lat="43.663339419" lon="4.442105585">
        <ele>1.41</ele>
      </trkpt>
      <trkpt lat="43.664793378" lon="4.441572505">
        <ele>1.54</ele>
      </trkpt>
      <trkpt lat="43.665340986" lon="4.441953827">
        <ele>1.67</ele>
      </trkpt>
      <trkpt lat="43.666040433" lon="4.442321057">
        <ele>1.79</ele>
      </trkpt>
      <trkpt lat="43.666783122" lon="4.442776793">
        <ele>1.66</ele>
      </trkpt>
      <trkpt lat="43.667143403" lon="4.442882013">
        <ele>1.77</ele>
      </trkpt>
      <trkpt lat="43.668345344" lon="4.443157026">
        <ele>1.94</ele>
      </trkpt>
      <trkpt lat="43.669051044" lon="4.443397682">
        <ele>2.01</ele>
      </trkpt>
      <trkpt lat="43.669956616" lon="4.443923854">
        <ele>2.31</ele>
      </trkpt>
      <trkpt lat="43.669956616" lon="4.443923854">
        <ele>2.31</ele>
      </trkpt>
      <trkpt lat="43.669170338" lon="4.44577615">
        <ele>2.01</ele>
      </trkpt>
      <trkpt lat="43.669193695" lon="4.44604772">
        <ele>2.1</ele>
      </trkpt>
      <trkpt lat="43.672455313" lon="4.448538387">
        <ele>2.01</ele>
      </trkpt>
      <trkpt lat="43.672509026" lon="4.448793257">
        <ele>1.98</ele>
      </trkpt>
      <trkpt lat="43.672363424" lon="4.449244149">
        <ele>1.8</ele>
      </trkpt>
      <trkpt lat="43.6711118" lon="4.452219611">
        <ele>1.82</ele>
      </trkpt>
      <trkpt lat="43.671657971" lon="4.453133845">
        <ele>1.83</ele>
      </trkpt>
      <trkpt lat="43.673741832" lon="4.456480213">
        <ele>1.86</ele>
      </trkpt>
      <trkpt lat="43.674004502" lon="4.456519403">
        <ele>1.88</ele>
      </trkpt>
      <trkpt lat="43.67401427" lon="4.456599246">
        <ele>1.95</ele>
      </trkpt>
      <trkpt lat="43.674044825" lon="4.456774952">
        <ele>1.93</ele>
      </trkpt>
      <trkpt lat="43.674068681" lon="4.457082402">
        <ele>1.9</ele>
      </trkpt>
      <trkpt lat="43.674122664" lon="4.457324266">
        <ele>1.9</ele>
      </trkpt>
      <trkpt lat="43.674214538" lon="4.45752496">
        <ele>1.73</ele>
      </trkpt>
      <trkpt lat="43.67423624" lon="4.457574022">
        <ele>1.52</ele>
      </trkpt>
      <trkpt lat="43.674447414" lon="4.457837343">
        <ele>1.36</ele>
      </trkpt>
      <trkpt lat="43.674627369" lon="4.458011509">
        <ele>1.19</ele>
      </trkpt>
      <trkpt lat="43.674883303" lon="4.458145923">
        <ele>1.02</ele>
      </trkpt>
      <trkpt lat="43.675222425" lon="4.458293366">
        <ele>1.05</ele>
      </trkpt>
      <trkpt lat="43.675543098" lon="4.458383351">
        <ele>1.07</ele>
      </trkpt>
      <trkpt lat="43.675706496" lon="4.458456135">
        <ele>1.06</ele>
      </trkpt>
      <trkpt lat="43.675927708" lon="4.458522553">
        <ele>1.06</ele>
      </trkpt>
      <trkpt lat="43.676448505" lon="4.458756239">
        <ele>1.06</ele>
      </trkpt>
      <trkpt lat="43.676924928" lon="4.459046473">
        <ele>1.07</ele>
      </trkpt>
      <trkpt lat="43.677643765" lon="4.459582764">
        <ele>1.12</ele>
      </trkpt>
      <trkpt lat="43.677975401" lon="4.459796654">
        <ele>1.24</ele>
      </trkpt>
      <trkpt lat="43.678166176" lon="4.459891754">
        <ele>1.36</ele>
      </trkpt>
      <trkpt lat="43.678448537" lon="4.459939166">
        <ele>1.57</ele>
      </trkpt>
      <trkpt lat="43.68048831" lon="4.460040623">
        <ele>1.79</ele>
      </trkpt>
      <trkpt lat="43.683282417" lon="4.460129">
        <ele>1.92</ele>
      </trkpt>
      <trkpt lat="43.683366522" lon="4.460147743">
        <ele>1.93</ele>
      </trkpt>
      <trkpt lat="43.683513534" lon="4.460215674">
        <ele>2.05</ele>
      </trkpt>
      <trkpt lat="43.683623931" lon="4.460312051">
        <ele>2.13</ele>
      </trkpt>
      <trkpt lat="43.685050495" lon="4.461320512">
        <ele>2.52</ele>
      </trkpt>
      <trkpt lat="43.686378424" lon="4.462262885">
        <ele>2.95</ele>
      </trkpt>
      <trkpt lat="43.686689859" lon="4.462508721">
        <ele>3.2</ele>
      </trkpt>
      <trkpt lat="43.686729169" lon="4.462552773">
        <ele>3.35</ele>
      </trkpt>
      <trkpt lat="43.687428175" lon="4.463626495">
        <ele>3.49</ele>
      </trkpt>
      <trkpt lat="43.688512838" lon="4.465414512">
        <ele>3.25</ele>
      </trkpt>
      <trkpt lat="43.688873969" lon="4.465961775">
        <ele>2.92</ele>
      </trkpt>
      <trkpt lat="43.688910359" lon="4.465997204">
        <ele>2.88</ele>
      </trkpt>
      <trkpt lat="43.689043731" lon="4.466129951">
        <ele>2.9</ele>
      </trkpt>
      <trkpt lat="43.689364394" lon="4.466377585">
        <ele>2.77</ele>
      </trkpt>
      <trkpt lat="43.689523501" lon="4.466511295">
        <ele>2.63</ele>
      </trkpt>
      <trkpt lat="43.689898357" lon="4.466831941">
        <ele>2.79</ele>
      </trkpt>
      <trkpt lat="43.69041604" lon="4.467328286">
        <ele>2.84</ele>
      </trkpt>
      <trkpt lat="43.690598567" lon="4.467528181">
        <ele>2.8</ele>
      </trkpt>
      <trkpt lat="43.690742089" lon="4.467720942">
        <ele>2.85</ele>
      </trkpt>
      <trkpt lat="43.691084877" lon="4.468257619">
        <ele>3.29</ele>
      </trkpt>
      <trkpt lat="43.691363598" lon="4.468647097">
        <ele>3.53</ele>
      </trkpt>
      <trkpt lat="43.691806638" lon="4.469376356">
        <ele>3.56</ele>
      </trkpt>
      <trkpt lat="43.69183262" lon="4.46941708">
        <ele>3.5</ele>
      </trkpt>
      <trkpt lat="43.691870565" lon="4.469478126">
        <ele>3.44</ele>
      </trkpt>
      <trkpt lat="43.692116333" lon="4.469971443">
        <ele>2.99</ele>
      </trkpt>
      <trkpt lat="43.692313581" lon="4.470417518">
        <ele>2.6</ele>
      </trkpt>
      <trkpt lat="43.692426631" lon="4.470640387">
        <ele>2.68</ele>
      </trkpt>
      <trkpt lat="43.692612892" lon="4.471016488">
        <ele>3.02</ele>
      </trkpt>
      <trkpt lat="43.693127972" lon="4.472062245">
        <ele>3.34</ele>
      </trkpt>
      <trkpt lat="43.693285316" lon="4.472494064">
        <ele>3.6</ele>
      </trkpt>
      <trkpt lat="43.69331866" lon="4.472631609">
        <ele>4.33</ele>
      </trkpt>
      <trkpt lat="43.693326292" lon="4.472819303">
        <ele>4.84</ele>
      </trkpt>
      <trkpt lat="43.693200937" lon="4.473481896">
        <ele>4.71</ele>
      </trkpt>
      <trkpt lat="43.693188202" lon="4.473657469">
        <ele>4.67</ele>
      </trkpt>
      <trkpt lat="43.693200297" lon="4.473723231">
        <ele>5.17</ele>
      </trkpt>
      <trkpt lat="43.693236292" lon="4.473778531">
        <ele>4.99</ele>
      </trkpt>
      <trkpt lat="43.693465663" lon="4.473953237">
        <ele>4.63</ele>
      </trkpt>
      <trkpt lat="43.693566674" lon="4.474054986">
        <ele>5.24</ele>
      </trkpt>
      <trkpt lat="43.693745394" lon="4.474342797">
        <ele>5.69</ele>
      </trkpt>
      <trkpt lat="43.693866832" lon="4.474610007">
        <ele>5.61</ele>
      </trkpt>
      <trkpt lat="43.693911168" lon="4.474712473">
        <ele>6.16</ele>
      </trkpt>
      <trkpt lat="43.693955559" lon="4.474812102">
        <ele>6.36</ele>
      </trkpt>
      <trkpt lat="43.693989103" lon="4.474887188">
        <ele>5.8</ele>
      </trkpt>
      <trkpt lat="43.694415169" lon="4.475326255">
        <ele>5.4</ele>
      </trkpt>
      <trkpt lat="43.694727997" lon="4.475761084">
        <ele>5</ele>
      </trkpt>
      <trkpt lat="43.695044808" lon="4.476150634">
        <ele>4.18</ele>
      </trkpt>
      <trkpt lat="43.69582671" lon="4.476985002">
        <ele>3.86</ele>
      </trkpt>
      <trkpt lat="43.695977478" lon="4.477175238">
        <ele>3.92</ele>
      </trkpt>
      <trkpt lat="43.696256869" lon="4.477529322">
        <ele>3.95</ele>
      </trkpt>
      <trkpt lat="43.696427895" lon="4.477684825">
        <ele>3.84</ele>
      </trkpt>
      <trkpt lat="43.696478909" lon="4.477761991">
        <ele>3.68</ele>
      </trkpt>
      <trkpt lat="43.697319806" lon="4.4787903">
        <ele>3.63</ele>
      </trkpt>
      <trkpt lat="43.698354721" lon="4.480009096">
        <ele>3.4</ele>
      </trkpt>
      <trkpt lat="43.698711132" lon="4.480583349">
        <ele>3.11</ele>
      </trkpt>
      <trkpt lat="43.698931696" lon="4.480942357">
        <ele>3.04</ele>
      </trkpt>
      <trkpt lat="43.699063823" lon="4.481241243">
        <ele>3.02</ele>
      </trkpt>
      <trkpt lat="43.699141963" lon="4.481457169">
        <ele>2.96</ele>
      </trkpt>
      <trkpt lat="43.699449691" lon="4.482851446">
        <ele>2.96</ele>
      </trkpt>
      <trkpt lat="43.699457288" lon="4.482885866">
        <ele>2.96</ele>
      </trkpt>
      <trkpt lat="43.699477565" lon="4.482977743">
        <ele>3.01</ele>
      </trkpt>
      <trkpt lat="43.699607012" lon="4.483567624">
        <ele>3.02</ele>
      </trkpt>
      <trkpt lat="43.699929821" lon="4.484827833">
        <ele>3.03</ele>
      </trkpt>
      <trkpt lat="43.699930204" lon="4.484829327">
        <ele>3.09</ele>
      </trkpt>
      <trkpt lat="43.699949413" lon="4.484872724">
        <ele>3.28</ele>
      </trkpt>
      <trkpt lat="43.700150083" lon="4.485326068">
        <ele>3.45</ele>
      </trkpt>
      <trkpt lat="43.700159365" lon="4.485377537">
        <ele>3.63</ele>
      </trkpt>
      <trkpt lat="43.700397511" lon="4.486043942">
        <ele>3.93</ele>
      </trkpt>
      <trkpt lat="43.700425252" lon="4.486151484">
        <ele>4.33</ele>
      </trkpt>
      <trkpt lat="43.700492807" lon="4.486381222">
        <ele>4.47</ele>
      </trkpt>
      <trkpt lat="43.700576382" lon="4.486634283">
        <ele>4.88</ele>
      </trkpt>
      <trkpt lat="43.700722707" lon="4.487410835">
        <ele>5.21</ele>
      </trkpt>
      <trkpt lat="43.700945954" lon="4.488308147">
        <ele>5.52</ele>
      </trkpt>
      <trkpt lat="43.701086965" lon="4.488936832">
        <ele>5.72</ele>
      </trkpt>
      <trkpt lat="43.701135561" lon="4.489083502">
        <ele>6.03</ele>
      </trkpt>
      <trkpt lat="43.701426423" lon="4.489791686">
        <ele>6.46</ele>
      </trkpt>
      <trkpt lat="43.701506732" lon="4.490053153">
        <ele>6.62</ele>
      </trkpt>
      <trkpt lat="43.70164721" lon="4.490759926">
        <ele>7.07</ele>
      </trkpt>
      <trkpt lat="43.701950312" lon="4.492613097">
        <ele>6.67</ele>
      </trkpt>
      <trkpt lat="43.702014006" lon="4.492777383">
        <ele>6.39</ele>
      </trkpt>
      <trkpt lat="43.702134288" lon="4.492945229">
        <ele>5.77</ele>
      </trkpt>
      <trkpt lat="43.702262596" lon="4.492968541">
        <ele>5.18</ele>
      </trkpt>
      <trkpt lat="43.702309045" lon="4.493015736">
        <ele>4.03</ele>
      </trkpt>
      <trkpt lat="43.702438211" lon="4.493151261">
        <ele>3.7</ele>
      </trkpt>
      <trkpt lat="43.702562371" lon="4.493279495">
        <ele>3.26</ele>
      </trkpt>
      <trkpt lat="43.702761041" lon="4.493494329">
        <ele>2.78</ele>
      </trkpt>
      <trkpt lat="43.702726606" lon="4.493464626">
        <ele>2.53</ele>
      </trkpt>
      <trkpt lat="43.703134223" lon="4.493947227">
        <ele>2.69</ele>
      </trkpt>
      <trkpt lat="43.703535391" lon="4.494494912">
        <ele>2.88</ele>
      </trkpt>
      <trkpt lat="43.703858535" lon="4.494977172">
        <ele>3.39</ele>
      </trkpt>
      <trkpt lat="43.704137752" lon="4.495440732">
        <ele>3.79</ele>
      </trkpt>
      <trkpt lat="43.704716056" lon="4.496766236">
        <ele>4.3</ele>
      </trkpt>
      <trkpt lat="43.704940944" lon="4.497267516">
        <ele>4.59</ele>
      </trkpt>
      <trkpt lat="43.705309982" lon="4.498082419">
        <ele>5.1</ele>
      </trkpt>
      <trkpt lat="43.705409104" lon="4.498432673">
        <ele>5.41</ele>
      </trkpt>
      <trkpt lat="43.705507613" lon="4.498865271">
        <ele>5.3</ele>
      </trkpt>
      <trkpt lat="43.705588987" lon="4.499278759">
        <ele>6.01</ele>
      </trkpt>
      <trkpt lat="43.705641423" lon="4.499542043">
        <ele>6.7</ele>
      </trkpt>
      <trkpt lat="43.70582492" lon="4.500825661">
        <ele>6.38</ele>
      </trkpt>
      <trkpt lat="43.705828499" lon="4.500852779">
        <ele>5.43</ele>
      </trkpt>
      <trkpt lat="43.705890302" lon="4.50157511">
        <ele>4.88</ele>
      </trkpt>
      <trkpt lat="43.706052145" lon="4.502961588">
        <ele>3.7</ele>
      </trkpt>
      <trkpt lat="43.706113825" lon="4.50353481">
        <ele>2.46</ele>
      </trkpt>
      <trkpt lat="43.706140657" lon="4.503790027">
        <ele>2.42</ele>
      </trkpt>
      <trkpt lat="43.706154744" lon="4.503909849">
        <ele>2.68</ele>
      </trkpt>
      <trkpt lat="43.706191847" lon="4.504218001">
        <ele>3.02</ele>
      </trkpt>
      <trkpt lat="43.70625122" lon="4.504700252">
        <ele>3.19</ele>
      </trkpt>
      <trkpt lat="43.706502439" lon="4.50702316">
        <ele>3.88</ele>
      </trkpt>
      <trkpt lat="43.706627051" lon="4.50825914">
        <ele>3.95</ele>
      </trkpt>
      <trkpt lat="43.706643179" lon="4.508533836">
        <ele>4.14</ele>
      </trkpt>
      <trkpt lat="43.706629151" lon="4.508925251">
        <ele>4.37</ele>
      </trkpt>
      <trkpt lat="43.706625414" lon="4.509008897">
        <ele>4.37</ele>
      </trkpt>
      <trkpt lat="43.706562965" lon="4.509605805">
        <ele>4</ele>
      </trkpt>
      <trkpt lat="43.70651462" lon="4.510321118">
        <ele>3.81</ele>
      </trkpt>
      <trkpt lat="43.706463785" lon="4.511057638">
        <ele>3.78</ele>
      </trkpt>
      <trkpt lat="43.706191339" lon="4.514569108">
        <ele>3.76</ele>
      </trkpt>
      <trkpt lat="43.70609707" lon="4.516080757">
        <ele>3.8</ele>
      </trkpt>
      <trkpt lat="43.706089754" lon="4.516188406">
        <ele>3.93</ele>
      </trkpt>
      <trkpt lat="43.706050681" lon="4.516696729">
        <ele>4.06</ele>
      </trkpt>
      <trkpt lat="43.706034341" lon="4.517252786">
        <ele>4.08</ele>
      </trkpt>
      <trkpt lat="43.706079873" lon="4.517652154">
        <ele>4.18</ele>
      </trkpt>
      <trkpt lat="43.706139469" lon="4.517915734">
        <ele>4.58</ele>
      </trkpt>
      <trkpt lat="43.706253251" lon="4.518250971">
        <ele>4.76</ele>
      </trkpt>
      <trkpt lat="43.706292887" lon="4.518431421">
        <ele>4.83</ele>
      </trkpt>
      <trkpt lat="43.706314192" lon="4.518601228">
        <ele>4.86</ele>
      </trkpt>
      <trkpt lat="43.706310741" lon="4.519948781">
        <ele>4.9</ele>
      </trkpt>
      <trkpt lat="43.70629255" lon="4.520800151">
        <ele>4.63</ele>
      </trkpt>
      <trkpt lat="43.706299126" lon="4.520985018">
        <ele>4.41</ele>
      </trkpt>
      <trkpt lat="43.706327032" lon="4.521184902">
        <ele>4.38</ele>
      </trkpt>
      <trkpt lat="43.706355883" lon="4.521286835">
        <ele>4.24</ele>
      </trkpt>
      <trkpt lat="43.706483493" lon="4.521753261">
        <ele>4.01</ele>
      </trkpt>
      <trkpt lat="43.706604581" lon="4.522287605">
        <ele>3.88</ele>
      </trkpt>
      <trkpt lat="43.70665822" lon="4.522488477">
        <ele>3.78</ele>
      </trkpt>
      <trkpt lat="43.706700308" lon="4.52259802">
        <ele>3.6</ele>
      </trkpt>
      <trkpt lat="43.706755178" lon="4.522686751">
        <ele>3.5</ele>
      </trkpt>
      <trkpt lat="43.706935203" lon="4.52290383">
        <ele>3.48</ele>
      </trkpt>
      <trkpt lat="43.707405969" lon="4.523364962">
        <ele>3.57</ele>
      </trkpt>
      <trkpt lat="43.707577129" lon="4.523561824">
        <ele>3.88</ele>
      </trkpt>
      <trkpt lat="43.707701739" lon="4.523717139">
        <ele>4.28</ele>
      </trkpt>
      <trkpt lat="43.707853541" lon="4.523903319">
        <ele>5.07</ele>
      </trkpt>
      <trkpt lat="43.70802118" lon="4.524172477">
        <ele>5.78</ele>
      </trkpt>
      <trkpt lat="43.70822396" lon="4.524487012">
        <ele>6.34</ele>
      </trkpt>
      <trkpt lat="43.70825707" lon="4.524530886">
        <ele>6.65</ele>
      </trkpt>
      <trkpt lat="43.708266049" lon="4.524545432">
        <ele>6.95</ele>
      </trkpt>
      <trkpt lat="43.708305939" lon="4.524599516">
        <ele>6.98</ele>
      </trkpt>
      <trkpt lat="43.708352285" lon="4.524662355">
        <ele>7.01</ele>
      </trkpt>
      <trkpt lat="43.708376302" lon="4.524697359">
        <ele>7.07</ele>
      </trkpt>
      <trkpt lat="43.708629261" lon="4.525077729">
        <ele>8.25</ele>
      </trkpt>
      <trkpt lat="43.708787177" lon="4.525318119">
        <ele>8.65</ele>
      </trkpt>
      <trkpt lat="43.709248204" lon="4.525903888">
        <ele>9.12</ele>
      </trkpt>
      <trkpt lat="43.709322089" lon="4.525969213">
        <ele>8.97</ele>
      </trkpt>
      <trkpt lat="43.709529707" lon="4.52609506">
        <ele>8.41</ele>
      </trkpt>
      <trkpt lat="43.709736212" lon="4.526173999">
        <ele>6.5</ele>
      </trkpt>
      <trkpt lat="43.709888564" lon="4.526179849">
        <ele>5.34</ele>
      </trkpt>
      <trkpt lat="43.710516021" lon="4.5260747">
        <ele>3.99</ele>
      </trkpt>
      <trkpt lat="43.710631342" lon="4.526077709">
        <ele>3.29</ele>
      </trkpt>
      <trkpt lat="43.710731364" lon="4.526124155">
        <ele>2.93</ele>
      </trkpt>
      <trkpt lat="43.710779771" lon="4.526175721">
        <ele>2.86</ele>
      </trkpt>
      <trkpt lat="43.710866547" lon="4.526316816">
        <ele>2.72</ele>
      </trkpt>
      <trkpt lat="43.710891619" lon="4.526401572">
        <ele>2.65</ele>
      </trkpt>
      <trkpt lat="43.710921804" lon="4.526590201">
        <ele>2.49</ele>
      </trkpt>
      <trkpt lat="43.711113081" lon="4.529205095">
        <ele>2.42</ele>
      </trkpt>
      <trkpt lat="43.711384583" lon="4.532382674">
        <ele>2.34</ele>
      </trkpt>
      <trkpt lat="43.711378355" lon="4.532588371">
        <ele>2.27</ele>
      </trkpt>
      <trkpt lat="43.711353096" lon="4.532665512">
        <ele>2.23</ele>
      </trkpt>
      <trkpt lat="43.711299504" lon="4.532717417">
        <ele>2.2</ele>
      </trkpt>
      <trkpt lat="43.711191641" lon="4.53275303">
        <ele>2.2</ele>
      </trkpt>
      <trkpt lat="43.710554264" lon="4.532788132">
        <ele>2.19</ele>
      </trkpt>
      <trkpt lat="43.710414835" lon="4.532805486">
        <ele>2.17</ele>
      </trkpt>
      <trkpt lat="43.710367966" lon="4.532830665">
        <ele>3.4</ele>
      </trkpt>
      <trkpt lat="43.710067718" lon="4.533107406">
        <ele>4.13</ele>
      </trkpt>
      <trkpt lat="43.708753776" lon="4.534398864">
        <ele>4.89</ele>
      </trkpt>
      <trkpt lat="43.708713221" lon="4.534468311">
        <ele>5.75</ele>
      </trkpt>
      <trkpt lat="43.708695253" lon="4.534541467">
        <ele>6.76</ele>
      </trkpt>
      <trkpt lat="43.708695601" lon="4.534727523">
        <ele>6.54</ele>
      </trkpt>
      <trkpt lat="43.708719975" lon="4.534846337">
        <ele>7.36</ele>
      </trkpt>
      <trkpt lat="43.708782171" lon="4.535030519">
        <ele>7.83</ele>
      </trkpt>
      <trkpt lat="43.708833814" lon="4.535227073">
        <ele>8.1</ele>
      </trkpt>
      <trkpt lat="43.708854754" lon="4.535362799">
        <ele>8.11</ele>
      </trkpt>
      <trkpt lat="43.708868216" lon="4.53561327">
        <ele>7.63</ele>
      </trkpt>
      <trkpt lat="43.708856508" lon="4.535885493">
        <ele>6.83</ele>
      </trkpt>
      <trkpt lat="43.708664724" lon="4.538075111">
        <ele>6.52</ele>
      </trkpt>
      <trkpt lat="43.708662015" lon="4.538867467">
        <ele>6.21</ele>
      </trkpt>
      <trkpt lat="43.708662056" lon="4.53911884">
        <ele>5.9</ele>
      </trkpt>
      <trkpt lat="43.708636376" lon="4.54007789">
        <ele>5.64</ele>
      </trkpt>
      <trkpt lat="43.708592055" lon="4.540382934">
        <ele>5.25</ele>
      </trkpt>
      <trkpt lat="43.708536997" lon="4.540608034">
        <ele>4.79</ele>
      </trkpt>
      <trkpt lat="43.708255409" lon="4.541435052">
        <ele>4.67</ele>
      </trkpt>
      <trkpt lat="43.70821704" lon="4.541548603">
        <ele>4.71</ele>
      </trkpt>
      <trkpt lat="43.707849309" lon="4.542558319">
        <ele>5.24</ele>
      </trkpt>
      <trkpt lat="43.707603403" lon="4.543200659">
        <ele>5.74</ele>
      </trkpt>
      <trkpt lat="43.707554191" lon="4.54334077">
        <ele>6.24</ele>
      </trkpt>
      <trkpt lat="43.707528607" lon="4.54343351">
        <ele>6.54</ele>
      </trkpt>
      <trkpt lat="43.707465909" lon="4.543780442">
        <ele>6.5</ele>
      </trkpt>
      <trkpt lat="43.707461838" lon="4.543828569">
        <ele>6.43</ele>
      </trkpt>
      <trkpt lat="43.707461331" lon="4.544055774">
        <ele>6.58</ele>
      </trkpt>
      <trkpt lat="43.707465987" lon="4.544080096">
        <ele>6.6</ele>
      </trkpt>
      <trkpt lat="43.707492775" lon="4.54423167">
        <ele>5.85</ele>
      </trkpt>
      <trkpt lat="43.707504317" lon="4.54427188">
        <ele>5.37</ele>
      </trkpt>
      <trkpt lat="43.707693338" lon="4.544854361">
        <ele>4.86</ele>
      </trkpt>
      <trkpt lat="43.707734986" lon="4.545034914">
        <ele>4.14</ele>
      </trkpt>
      <trkpt lat="43.70784133" lon="4.545882607">
        <ele>3.38</ele>
      </trkpt>
      <trkpt lat="43.708184802" lon="4.54752911">
        <ele>3.28</ele>
      </trkpt>
      <trkpt lat="43.708190675" lon="4.547594666">
        <ele>3.25</ele>
      </trkpt>
      <trkpt lat="43.708194895" lon="4.547640275">
        <ele>3.13</ele>
      </trkpt>
      <trkpt lat="43.708188274" lon="4.54781328">
        <ele>3.02</ele>
      </trkpt>
      <trkpt lat="43.708114997" lon="4.548324539">
        <ele>2.91</ele>
      </trkpt>
      <trkpt lat="43.708051968" lon="4.548888741">
        <ele>2.92</ele>
      </trkpt>
      <trkpt lat="43.708162872" lon="4.54890982">
        <ele>2.89</ele>
      </trkpt>
      <trkpt lat="43.708478406" lon="4.547001091">
        <ele>2.93</ele>
      </trkpt>
      <trkpt lat="43.709245684" lon="4.544844014">
        <ele>2.86</ele>
      </trkpt>
      <trkpt lat="43.709545568" lon="4.544350472">
        <ele>2.86</ele>
      </trkpt>
      <trkpt lat="43.710241186" lon="4.543488306">
        <ele>2.79</ele>
      </trkpt>
      <trkpt lat="43.710871055" lon="4.542881288">
        <ele>2.75</ele>
      </trkpt>
      <trkpt lat="43.712549142" lon="4.541580588">
        <ele>3.08</ele>
      </trkpt>
      <trkpt lat="43.716312462" lon="4.538427032">
        <ele>3.09</ele>
      </trkpt>
      <trkpt lat="43.720071313" lon="4.534954778">
        <ele>2.97</ele>
      </trkpt>
      <trkpt lat="43.721264892" lon="4.534020021">
        <ele>3.01</ele>
      </trkpt>
      <trkpt lat="43.724805202" lon="4.532193486">
        <ele>2.94</ele>
      </trkpt>
      <trkpt lat="43.7253966" lon="4.531793211">
        <ele>2.51</ele>
      </trkpt>
      <trkpt lat="43.726733105" lon="4.529528124">
        <ele>2.43</ele>
      </trkpt>
      <trkpt lat="43.727340581" lon="4.528614214">
        <ele>2.3</ele>
      </trkpt>
      <trkpt lat="43.727756213" lon="4.52815284">
        <ele>2.14</ele>
      </trkpt>
      <trkpt lat="43.728456324" lon="4.527530264">
        <ele>2.04</ele>
      </trkpt>
      <trkpt lat="43.728269723" lon="4.526913343">
        <ele>1.92</ele>
      </trkpt>
      <trkpt lat="43.732337096" lon="4.522297295">
        <ele>2.1</ele>
      </trkpt>
      <trkpt lat="43.733065302" lon="4.521631226">
        <ele>2.34</ele>
      </trkpt>
      <trkpt lat="43.734708683" lon="4.520891533">
        <ele>2.39</ele>
      </trkpt>
      <trkpt lat="43.735571999" lon="4.520718623">
        <ele>2.58</ele>
      </trkpt>
      <trkpt lat="43.735838329" lon="4.520713457">
        <ele>2.77</ele>
      </trkpt>
      <trkpt lat="43.737376585" lon="4.521146026">
        <ele>2.71</ele>
      </trkpt>
      <trkpt lat="43.738781076" lon="4.521624026">
        <ele>2.64</ele>
      </trkpt>
      <trkpt lat="43.739427535" lon="4.521726899">
        <ele>2.72</ele>
      </trkpt>
      <trkpt lat="43.740263213" lon="4.5216267">
        <ele>2.48</ele>
      </trkpt>
      <trkpt lat="43.740822833" lon="4.52159261">
        <ele>2.3</ele>
      </trkpt>
      <trkpt lat="43.741034069" lon="4.52108408">
        <ele>2.07</ele>
      </trkpt>
      <trkpt lat="43.741266279" lon="4.520980076">
        <ele>2.01</ele>
      </trkpt>
      <trkpt lat="43.741417616" lon="4.520947372">
        <ele>1.84</ele>
      </trkpt>
      <trkpt lat="43.741564338" lon="4.521245071">
        <ele>2.1</ele>
      </trkpt>
      <trkpt lat="43.741669093" lon="4.521370272">
        <ele>2.28</ele>
      </trkpt>
      <trkpt lat="43.74268016" lon="4.521421628">
        <ele>2.77</ele>
      </trkpt>
      <trkpt lat="43.743228687" lon="4.521546386">
        <ele>3.2</ele>
      </trkpt>
      <trkpt lat="43.744401332" lon="4.521467378">
        <ele>3.26</ele>
      </trkpt>
      <trkpt lat="43.744721285" lon="4.521276944">
        <ele>3.03</ele>
      </trkpt>
      <trkpt lat="43.744968106" lon="4.5218742">
        <ele>3.27</ele>
      </trkpt>
      <trkpt lat="43.745820884" lon="4.523090527">
        <ele>3.25</ele>
      </trkpt>
      <trkpt lat="43.764125016" lon="4.552112219">
        <ele>3.22</ele>
      </trkpt>
      <trkpt lat="43.765301353" lon="4.553956663">
        <ele>3.37</ele>
      </trkpt>
      <trkpt lat="43.767811095" lon="4.557827642">
        <ele>3.85</ele>
      </trkpt>
      <trkpt lat="43.769694546" lon="4.560800028">
        <ele>3.79</ele>
      </trkpt>
      <trkpt lat="43.772985198" lon="4.566518">
        <ele>3.54</ele>
      </trkpt>
      <trkpt lat="43.775325078" lon="4.570752871">
        <ele>3.18</ele>
      </trkpt>
      <trkpt lat="43.776567224" lon="4.572936732">
        <ele>3.28</ele>
      </trkpt>
      <trkpt lat="43.776790208" lon="4.573475711">
        <ele>3.32</ele>
      </trkpt>
      <trkpt lat="43.77709046" lon="4.573888201">
        <ele>3.86</ele>
      </trkpt>
      <trkpt lat="43.778920345" lon="4.577160253">
        <ele>4.35</ele>
      </trkpt>
      <trkpt lat="43.782553833" lon="4.583661388">
        <ele>4.63</ele>
      </trkpt>
      <trkpt lat="43.784755746" lon="4.587575327">
        <ele>5.08</ele>
      </trkpt>
      <trkpt lat="43.787376728" lon="4.592260838">
        <ele>5.12</ele>
      </trkpt>
      <trkpt lat="43.79016984" lon="4.59730078">
        <ele>4.93</ele>
      </trkpt>
      <trkpt lat="43.791953252" lon="4.600401628">
        <ele>5.24</ele>
      </trkpt>
      <trkpt lat="43.796978623" lon="4.609456648">
        <ele>5.74</ele>
      </trkpt>
      <trkpt lat="43.799925838" lon="4.614768478">
        <ele>5.82</ele>
      </trkpt>
      <trkpt lat="43.80010314" lon="4.615058648">
        <ele>6.27</ele>
      </trkpt>
      <trkpt lat="43.800304679" lon="4.615319467">
        <ele>6.3</ele>
      </trkpt>
      <trkpt lat="43.800301064" lon="4.615390131">
        <ele>6.15</ele>
      </trkpt>
      <trkpt lat="43.799965053" lon="4.615766973">
        <ele>6.22</ele>
      </trkpt>
      <trkpt lat="43.800186323" lon="4.616102021">
        <ele>6.32</ele>
      </trkpt>
      <trkpt lat="43.800367458" lon="4.616333188">
        <ele>6.48</ele>
      </trkpt>
      <trkpt lat="43.802182734" lon="4.619563568">
        <ele>7.96</ele>
      </trkpt>
      <trkpt lat="43.805016273" lon="4.624587369">
        <ele>8.44</ele>
      </trkpt>
      <trkpt lat="43.805781693" lon="4.626020626">
        <ele>9.01</ele>
      </trkpt>
      <trkpt lat="43.806083698" lon="4.626742486">
        <ele>9.96</ele>
      </trkpt>
      <trkpt lat="43.806175417" lon="4.626990212">
        <ele>10.41</ele>
      </trkpt>
      <trkpt lat="43.806282318" lon="4.627112748">
        <ele>10.34</ele>
      </trkpt>
      <trkpt lat="43.806382725" lon="4.627372979">
        <ele>11.18</ele>
      </trkpt>
      <trkpt lat="43.806378839" lon="4.627633306">
        <ele>10.78</ele>
      </trkpt>
      <trkpt lat="43.806422516" lon="4.6280809">
        <ele>10.11</ele>
      </trkpt>
      <trkpt lat="43.806785135" lon="4.629697747">
        <ele>9.45</ele>
      </trkpt>
      <trkpt lat="43.806838749" lon="4.630119042">
        <ele>8.65</ele>
      </trkpt>
      <trkpt lat="43.80688157" lon="4.630890859">
        <ele>7.19</ele>
      </trkpt>
      <trkpt lat="43.806827323" lon="4.631900233">
        <ele>6.95</ele>
      </trkpt>
      <trkpt lat="43.806824144" lon="4.632112548">
        <ele>6.87</ele>
      </trkpt>
      <trkpt lat="43.806622297" lon="4.633979622">
        <ele>7.07</ele>
      </trkpt>
      <trkpt lat="43.806544588" lon="4.6341306">
        <ele>6.97</ele>
      </trkpt>
      <trkpt lat="43.805994622" lon="4.637656816">
        <ele>7.96</ele>
      </trkpt>
      <trkpt lat="43.805876984" lon="4.637806644">
        <ele>8.86</ele>
      </trkpt>
      <trkpt lat="43.805583744" lon="4.637828884">
        <ele>9.39</ele>
      </trkpt>
      <trkpt lat="43.805465903" lon="4.637696823">
        <ele>10.09</ele>
      </trkpt>
      <trkpt lat="43.805394529" lon="4.637743446">
        <ele>10.66</ele>
      </trkpt>
      <trkpt lat="43.805470178" lon="4.637903083">
        <ele>10.68</ele>
      </trkpt>
      <trkpt lat="43.805599357" lon="4.638097412">
        <ele>9.78</ele>
      </trkpt>
      <trkpt lat="43.8057442" lon="4.63811392">
        <ele>9.07</ele>
      </trkpt>
      <trkpt lat="43.806009962" lon="4.638089251">
        <ele>8.14</ele>
      </trkpt>
      <trkpt lat="43.806088688" lon="4.638056697">
        <ele>6.91</ele>
      </trkpt>
      <trkpt lat="43.806109056" lon="4.638048274">
        <ele>5.91</ele>
      </trkpt>
      <trkpt lat="43.806337178" lon="4.638084789">
        <ele>5.68</ele>
      </trkpt>
      <trkpt lat="43.806346187" lon="4.63808998">
        <ele>5.41</ele>
      </trkpt>
      <trkpt lat="43.806355062" lon="4.638095594">
        <ele>5.14</ele>
      </trkpt>
      <trkpt lat="43.806363792" lon="4.638101626">
        <ele>5.2</ele>
      </trkpt>
      <trkpt lat="43.806372366" lon="4.638108067">
        <ele>5.27</ele>
      </trkpt>
      <trkpt lat="43.806380777" lon="4.638114911">
        <ele>5.34</ele>
      </trkpt>
      <trkpt lat="43.806389012" lon="4.63812215">
        <ele>5.42</ele>
      </trkpt>
      <trkpt lat="43.806397062" lon="4.638129776">
        <ele>5.49</ele>
      </trkpt>
      <trkpt lat="43.806404918" lon="4.638137777">
        <ele>5.57</ele>
      </trkpt>
      <trkpt lat="43.80641257" lon="4.638146146">
        <ele>5.65</ele>
      </trkpt>
      <trkpt lat="43.80642001" lon="4.638154874">
        <ele>5.73</ele>
      </trkpt>
      <trkpt lat="43.806427228" lon="4.638163948">
        <ele>5.82</ele>
      </trkpt>
      <trkpt lat="43.806434217" lon="4.638173359">
        <ele>5.9</ele>
      </trkpt>
      <trkpt lat="43.806440968" lon="4.638183096">
        <ele>5.99</ele>
      </trkpt>
      <trkpt lat="43.806447472" lon="4.638193147">
        <ele>6.08</ele>
      </trkpt>
      <trkpt lat="43.806453724" lon="4.6382035">
        <ele>6.17</ele>
      </trkpt>
      <trkpt lat="43.806459714" lon="4.638214144">
        <ele>6.27</ele>
      </trkpt>
      <trkpt lat="43.806465436" lon="4.638225064">
        <ele>6.36</ele>
      </trkpt>
      <trkpt lat="43.806470884" lon="4.638236251">
        <ele>6.46</ele>
      </trkpt>
      <trkpt lat="43.806476049" lon="4.638247687">
        <ele>6.55</ele>
      </trkpt>
      <trkpt lat="43.806480929" lon="4.638259362">
        <ele>6.65</ele>
      </trkpt>
      <trkpt lat="43.806485514" lon="4.638271262">
        <ele>6.75</ele>
      </trkpt>
      <trkpt lat="43.806489802" lon="4.638283372">
        <ele>6.85</ele>
      </trkpt>
      <trkpt lat="43.806493786" lon="4.638295678">
        <ele>6.95</ele>
      </trkpt>
      <trkpt lat="43.806497462" lon="4.638308166">
        <ele>7.05</ele>
      </trkpt>
      <trkpt lat="43.806500825" lon="4.63832082">
        <ele>7.15</ele>
      </trkpt>
      <trkpt lat="43.806503871" lon="4.638333626">
        <ele>7.25</ele>
      </trkpt>
      <trkpt lat="43.806506598" lon="4.638346569">
        <ele>7.35</ele>
      </trkpt>
      <trkpt lat="43.806509001" lon="4.638359633">
        <ele>6.85</ele>
      </trkpt>
      <trkpt lat="43.806511079" lon="4.638372804">
        <ele>6.32</ele>
      </trkpt>
      <trkpt lat="43.806512827" lon="4.638386066">
        <ele>5.78</ele>
      </trkpt>
      <trkpt lat="43.806514245" lon="4.638399402">
        <ele>5.21</ele>
      </trkpt>
      <trkpt lat="43.806515331" lon="4.638412797">
        <ele>4.62</ele>
      </trkpt>
      <trkpt lat="43.806516084" lon="4.638426237">
        <ele>4.61</ele>
      </trkpt>
      <trkpt lat="43.806516502" lon="4.638439704">
        <ele>4.6</ele>
      </trkpt>
      <trkpt lat="43.806516584" lon="4.638453183">
        <ele>4.59</ele>
      </trkpt>
      <trkpt lat="43.806516332" lon="4.638466658">
        <ele>4.59</ele>
      </trkpt>
      <trkpt lat="43.806515745" lon="4.638480113">
        <ele>4.58</ele>
      </trkpt>
      <trkpt lat="43.806514824" lon="4.638493532">
        <ele>4.58</ele>
      </trkpt>
      <trkpt lat="43.80651357" lon="4.638506901">
        <ele>4.58</ele>
      </trkpt>
      <trkpt lat="43.806511985" lon="4.638520201">
        <ele>4.58</ele>
      </trkpt>
      <trkpt lat="43.80651007" lon="4.638533418">
        <ele>4.59</ele>
      </trkpt>
      <trkpt lat="43.806507827" lon="4.638546537">
        <ele>4.59</ele>
      </trkpt>
      <trkpt lat="43.80650526" lon="4.638559543">
        <ele>4.6</ele>
      </trkpt>
      <trkpt lat="43.806502371" lon="4.638572418">
        <ele>4.61</ele>
      </trkpt>
      <trkpt lat="43.806499164" lon="4.638585149">
        <ele>4.62</ele>
      </trkpt>
      <trkpt lat="43.806495642" lon="4.63859772">
        <ele>4.64</ele>
      </trkpt>
      <trkpt lat="43.80649181" lon="4.638610118">
        <ele>4.65</ele>
      </trkpt>
      <trkpt lat="43.806487672" lon="4.638622326">
        <ele>4.67</ele>
      </trkpt>
      <trkpt lat="43.806483233" lon="4.638634332">
        <ele>5.05</ele>
      </trkpt>
      <trkpt lat="43.806478499" lon="4.63864612">
        <ele>6.18</ele>
      </trkpt>
      <trkpt lat="43.806432199" lon="4.638875014">
        <ele>6.99</ele>
      </trkpt>
      <trkpt lat="43.806027108" lon="4.641769038">
        <ele>7.12</ele>
      </trkpt>
      <trkpt lat="43.806059112" lon="4.641902102">
        <ele>7.18</ele>
      </trkpt>
      <trkpt lat="43.805692032" lon="4.644350866">
        <ele>7.15</ele>
      </trkpt>
      <trkpt lat="43.805643653" lon="4.644458127">
        <ele>7.61</ele>
      </trkpt>
      <trkpt lat="43.805335125" lon="4.646651113">
        <ele>7.92</ele>
      </trkpt>
      <trkpt lat="43.805242162" lon="4.64737861">
        <ele>12.56</ele>
      </trkpt>
      <trkpt lat="43.805067011" lon="4.648700865">
        <ele>10.26</ele>
      </trkpt>
      <trkpt lat="43.805067011" lon="4.648700865">
        <ele>10.26</ele>
      </trkpt>
      <trkpt lat="43.805861555" lon="4.648424031">
        <ele>10.36</ele>
      </trkpt>
      <trkpt lat="43.806885838" lon="4.648016007">
        <ele>10.3</ele>
      </trkpt>
      <trkpt lat="43.80729115" lon="4.647825036">
        <ele>10.16</ele>
      </trkpt>
      <trkpt lat="43.807394964" lon="4.647754516">
        <ele>10.38</ele>
      </trkpt>
      <trkpt lat="43.807481189" lon="4.647674775">
        <ele>12.05</ele>
      </trkpt>
      <trkpt lat="43.808247887" lon="4.646771758">
        <ele>12.43</ele>
      </trkpt>
      <trkpt lat="43.808364166" lon="4.646672324">
        <ele>12.81</ele>
      </trkpt>
      <trkpt lat="43.808566932" lon="4.646616494">
        <ele>13.09</ele>
      </trkpt>
      <trkpt lat="43.808580547" lon="4.647262957">
        <ele>12.7</ele>
      </trkpt>
      <trkpt lat="43.808811252" lon="4.647269695">
        <ele>10.63</ele>
      </trkpt>
      <trkpt lat="43.810174217" lon="4.647308912">
        <ele>9.98</ele>
      </trkpt>
      <trkpt lat="43.810902235" lon="4.647300501">
        <ele>10.76</ele>
      </trkpt>
      <trkpt lat="43.811529828" lon="4.647262783">
        <ele>11.2</ele>
      </trkpt>
      <trkpt lat="43.812079511" lon="4.647131135">
        <ele>10.71</ele>
      </trkpt>
      <trkpt lat="43.812841908" lon="4.64695903">
        <ele>10.73</ele>
      </trkpt>
      <trkpt lat="43.812919838" lon="4.646919266">
        <ele>11.8</ele>
      </trkpt>
      <trkpt lat="43.812974448" lon="4.646870576">
        <ele>11.97</ele>
      </trkpt>
      <trkpt lat="43.813052561" lon="4.646731271">
        <ele>12.5</ele>
      </trkpt>
      <trkpt lat="43.813054197" lon="4.646729302">
        <ele>14.27</ele>
      </trkpt>
      <trkpt lat="43.813055881" lon="4.646727413">
        <ele>15.88</ele>
      </trkpt>
      <trkpt lat="43.813057612" lon="4.646725606">
        <ele>15.88</ele>
      </trkpt>
      <trkpt lat="43.813059389" lon="4.646723883">
        <ele>15.89</ele>
      </trkpt>
      <trkpt lat="43.813061207" lon="4.646722248">
        <ele>15.9</ele>
      </trkpt>
      <trkpt lat="43.813063065" lon="4.6467207">
        <ele>15.91</ele>
      </trkpt>
      <trkpt lat="43.813064961" lon="4.646719242">
        <ele>15.92</ele>
      </trkpt>
      <trkpt lat="43.813066893" lon="4.646717877">
        <ele>15.93</ele>
      </trkpt>
      <trkpt lat="43.813068858" lon="4.646716606">
        <ele>15.95</ele>
      </trkpt>
      <trkpt lat="43.813070854" lon="4.646715429">
        <ele>15.96</ele>
      </trkpt>
      <trkpt lat="43.813072879" lon="4.64671435">
        <ele>15.98</ele>
      </trkpt>
      <trkpt lat="43.81307493" lon="4.646713368">
        <ele>15.99</ele>
      </trkpt>
      <trkpt lat="43.813077003" lon="4.646712487">
        <ele>16.01</ele>
      </trkpt>
      <trkpt lat="43.813079098" lon="4.646711704">
        <ele>16.03</ele>
      </trkpt>
      <trkpt lat="43.813081212" lon="4.646711023">
        <ele>16.05</ele>
      </trkpt>
      <trkpt lat="43.813083341" lon="4.646710444">
        <ele>16.07</ele>
      </trkpt>
      <trkpt lat="43.813085483" lon="4.646709968">
        <ele>16.09</ele>
      </trkpt>
      <trkpt lat="43.813087636" lon="4.646709596">
        <ele>16.11</ele>
      </trkpt>
      <trkpt lat="43.813089798" lon="4.646709326">
        <ele>16.14</ele>
      </trkpt>
      <trkpt lat="43.813091965" lon="4.646709161">
        <ele>16.16</ele>
      </trkpt>
      <trkpt lat="43.813094134" lon="4.646709101">
        <ele>16.18</ele>
      </trkpt>
      <trkpt lat="43.813096305" lon="4.646709145">
        <ele>16.21</ele>
      </trkpt>
      <trkpt lat="43.813098472" lon="4.646709293">
        <ele>16.23</ele>
      </trkpt>
      <trkpt lat="43.813100634" lon="4.646709545">
        <ele>16.26</ele>
      </trkpt>
      <trkpt lat="43.813102789" lon="4.646709901">
        <ele>16.28</ele>
      </trkpt>
      <trkpt lat="43.813104933" lon="4.64671036">
        <ele>14.44</ele>
      </trkpt>
      <trkpt lat="43.813107065" lon="4.646710922">
        <ele>12.58</ele>
      </trkpt>
      <trkpt lat="43.813225729" lon="4.646745196">
        <ele>10.73</ele>
      </trkpt>
      <trkpt lat="43.813234995" lon="4.646748868">
        <ele>8.87</ele>
      </trkpt>
      <trkpt lat="43.813244346" lon="4.646752098">
        <ele>7.01</ele>
      </trkpt>
      <trkpt lat="43.813253772" lon="4.646754883">
        <ele>7.01</ele>
      </trkpt>
      <trkpt lat="43.813263262" lon="4.646757219">
        <ele>7.02</ele>
      </trkpt>
      <trkpt lat="43.813272805" lon="4.646759105">
        <ele>7.02</ele>
      </trkpt>
      <trkpt lat="43.813282388" lon="4.646760537">
        <ele>7.03</ele>
      </trkpt>
      <trkpt lat="43.813292001" lon="4.646761514">
        <ele>7.03</ele>
      </trkpt>
      <trkpt lat="43.813301634" lon="4.646762034">
        <ele>7.04</ele>
      </trkpt>
      <trkpt lat="43.813311273" lon="4.646762096">
        <ele>7.04</ele>
      </trkpt>
      <trkpt lat="43.813320909" lon="4.646761703">
        <ele>7.05</ele>
      </trkpt>
      <trkpt lat="43.813330528" lon="4.646760852">
        <ele>7.05</ele>
      </trkpt>
      <trkpt lat="43.813340121" lon="4.646759546">
        <ele>7.05</ele>
      </trkpt>
      <trkpt lat="43.813349676" lon="4.646757787">
        <ele>7.04</ele>
      </trkpt>
      <trkpt lat="43.813359182" lon="4.646755575">
        <ele>7.04</ele>
      </trkpt>
      <trkpt lat="43.813368626" lon="4.646752913">
        <ele>7.03</ele>
      </trkpt>
      <trkpt lat="43.813378" lon="4.646749806">
        <ele>8.62</ele>
      </trkpt>
      <trkpt lat="43.81338729" lon="4.646746256">
        <ele>10.25</ele>
      </trkpt>
      <trkpt lat="43.813396487" lon="4.646742268">
        <ele>11.92</ele>
      </trkpt>
      <trkpt lat="43.813405579" lon="4.646737846">
        <ele>13.62</ele>
      </trkpt>
      <trkpt lat="43.813414556" lon="4.646732995">
        <ele>15.35</ele>
      </trkpt>
      <trkpt lat="43.813423407" lon="4.646727722">
        <ele>15.52</ele>
      </trkpt>
      <trkpt lat="43.813432121" lon="4.646722032">
        <ele>15.67</ele>
      </trkpt>
      <trkpt lat="43.813440689" lon="4.646715932">
        <ele>15.81</ele>
      </trkpt>
      <trkpt lat="43.813449101" lon="4.646709429">
        <ele>15.93</ele>
      </trkpt>
      <trkpt lat="43.813457345" lon="4.646702533">
        <ele>14.2</ele>
      </trkpt>
      <trkpt lat="43.813465414" lon="4.646695249">
        <ele>12.55</ele>
      </trkpt>
      <trkpt lat="43.813473296" lon="4.646687587">
        <ele>11.63</ele>
      </trkpt>
      <trkpt lat="43.813534468" lon="4.646625929">
        <ele>11.98</ele>
      </trkpt>
      <trkpt lat="43.814423046" lon="4.645605742">
        <ele>11.9</ele>
      </trkpt>
      <trkpt lat="43.812672264" lon="4.643031411">
        <ele>12.57</ele>
      </trkpt>
      <trkpt lat="43.813938019" lon="4.642419262">
        <ele>13.44</ele>
      </trkpt>
      <trkpt lat="43.815870882" lon="4.641756132">
        <ele>13.71</ele>
      </trkpt>
      <trkpt lat="43.81608483" lon="4.641455529">
        <ele>12.66</ele>
      </trkpt>
      <trkpt lat="43.816181995" lon="4.640481111">
        <ele>12.13</ele>
      </trkpt>
      <trkpt lat="43.817017573" lon="4.639777649">
        <ele>12.71</ele>
      </trkpt>
      <trkpt lat="43.817852202" lon="4.638561562">
        <ele>12.97</ele>
      </trkpt>
      <trkpt lat="43.817972658" lon="4.638289889">
        <ele>13.06</ele>
      </trkpt>
      <trkpt lat="43.817986154" lon="4.638255158">
        <ele>13.17</ele>
      </trkpt>
      <trkpt lat="43.817998763" lon="4.638219797">
        <ele>13.15</ele>
      </trkpt>
      <trkpt lat="43.818010469" lon="4.63818385">
        <ele>13.07</ele>
      </trkpt>
      <trkpt lat="43.81802126" lon="4.63814736">
        <ele>12.97</ele>
      </trkpt>
      <trkpt lat="43.818031119" lon="4.638110371">
        <ele>12.86</ele>
      </trkpt>
      <trkpt lat="43.818040037" lon="4.638072928">
        <ele>12.73</ele>
      </trkpt>
      <trkpt lat="43.818048003" lon="4.638035078">
        <ele>13.1</ele>
      </trkpt>
      <trkpt lat="43.818055006" lon="4.637996868">
        <ele>13.44</ele>
      </trkpt>
      <trkpt lat="43.818061039" lon="4.637958342">
        <ele>13.75</ele>
      </trkpt>
      <trkpt lat="43.818066093" lon="4.63791955">
        <ele>14.03</ele>
      </trkpt>
      <trkpt lat="43.818070162" lon="4.637880536">
        <ele>14.28</ele>
      </trkpt>
      <trkpt lat="43.818073242" lon="4.637841351">
        <ele>13.99</ele>
      </trkpt>
      <trkpt lat="43.818075329" lon="4.637802041">
        <ele>13.69</ele>
      </trkpt>
      <trkpt lat="43.81807642" lon="4.637762654">
        <ele>13.34</ele>
      </trkpt>
      <trkpt lat="43.818076513" lon="4.637723238">
        <ele>12.96</ele>
      </trkpt>
      <trkpt lat="43.818076626" lon="4.637659252">
        <ele>13.56</ele>
      </trkpt>
      <trkpt lat="43.818078275" lon="4.637595308">
        <ele>14.12</ele>
      </trkpt>
      <trkpt lat="43.818081461" lon="4.637531474">
        <ele>14.63</ele>
      </trkpt>
      <trkpt lat="43.818086178" lon="4.637467822">
        <ele>15.14</ele>
      </trkpt>
      <trkpt lat="43.818092424" lon="4.63740442">
        <ele>15.65</ele>
      </trkpt>
      <trkpt lat="43.81810019" lon="4.63734134">
        <ele>15.13</ele>
      </trkpt>
      <trkpt lat="43.818109468" lon="4.637278651">
        <ele>14.62</ele>
      </trkpt>
      <trkpt lat="43.818120248" lon="4.637216421">
        <ele>15.33</ele>
      </trkpt>
      <trkpt lat="43.818132516" lon="4.637154721">
        <ele>16.03</ele>
      </trkpt>
      <trkpt lat="43.818146262" lon="4.637093617">
        <ele>16.71</ele>
      </trkpt>
      <trkpt lat="43.818161468" lon="4.637033176">
        <ele>16.27</ele>
      </trkpt>
      <trkpt lat="43.818178118" lon="4.636973466">
        <ele>15.53</ele>
      </trkpt>
      <trkpt lat="43.818566795" lon="4.635645766">
        <ele>13.84</ele>
      </trkpt>
      <trkpt lat="43.81883443" lon="4.634658227">
        <ele>12.8</ele>
      </trkpt>
      <trkpt lat="43.819041795" lon="4.634013143">
        <ele>12.72</ele>
      </trkpt>
      <trkpt lat="43.819292191" lon="4.633260075">
        <ele>12.67</ele>
      </trkpt>
      <trkpt lat="43.819508497" lon="4.63248542">
        <ele>12.81</ele>
      </trkpt>
      <trkpt lat="43.819830115" lon="4.631274355">
        <ele>12.65</ele>
      </trkpt>
      <trkpt lat="43.820000165" lon="4.630602591">
        <ele>12.22</ele>
      </trkpt>
      <trkpt lat="43.820479312" lon="4.629305355">
        <ele>11.22</ele>
      </trkpt>
      <trkpt lat="43.82054445" lon="4.628840754">
        <ele>11.93</ele>
      </trkpt>
      <trkpt lat="43.820486944" lon="4.628404828">
        <ele>11.85</ele>
      </trkpt>
      <trkpt lat="43.820519737" lon="4.62808972">
        <ele>12.78</ele>
      </trkpt>
      <trkpt lat="43.822390588" lon="4.627561409">
        <ele>13.42</ele>
      </trkpt>
      <trkpt lat="43.823985072" lon="4.626875055">
        <ele>17.64</ele>
      </trkpt>
      <trkpt lat="43.825362832" lon="4.62631714">
        <ele>18.22</ele>
      </trkpt>
      <trkpt lat="43.826245296" lon="4.62526546">
        <ele>20.46</ele>
      </trkpt>
      <trkpt lat="43.826725159" lon="4.624085565">
        <ele>20.51</ele>
      </trkpt>
      <trkpt lat="43.827158699" lon="4.62249741">
        <ele>21.12</ele>
      </trkpt>
      <trkpt lat="43.827514676" lon="4.621575049">
        <ele>17.48</ele>
      </trkpt>
      <trkpt lat="43.828195848" lon="4.620673834">
        <ele>19.08</ele>
      </trkpt>
      <trkpt lat="43.829403232" lon="4.619622272">
        <ele>18.75</ele>
      </trkpt>
      <trkpt lat="43.830517718" lon="4.618270377">
        <ele>20.11</ele>
      </trkpt>
      <trkpt lat="43.830889259" lon="4.617798224">
        <ele>21.09</ele>
      </trkpt>
      <trkpt lat="43.831570362" lon="4.617454936">
        <ele>21.31</ele>
      </trkpt>
      <trkpt lat="43.832220423" lon="4.617347626">
        <ele>19.98</ele>
      </trkpt>
      <trkpt lat="43.833598022" lon="4.617562306">
        <ele>19.09</ele>
      </trkpt>
      <trkpt lat="43.835765061" lon="4.618012723">
        <ele>17.69</ele>
      </trkpt>
      <trkpt lat="43.83742112" lon="4.619278739">
        <ele>16.15</ele>
      </trkpt>
      <trkpt lat="43.837640704" lon="4.619339681">
        <ele>16.28</ele>
      </trkpt>
      <trkpt lat="43.837652166" lon="4.619342863">
        <ele>16.64</ele>
      </trkpt>
      <trkpt lat="43.838195071" lon="4.619493539">
        <ele>19.42</ele>
      </trkpt>
      <trkpt lat="43.838968935" lon="4.619450557">
        <ele>27.11</ele>
      </trkpt>
      <trkpt lat="43.840516596" lon="4.618914292">
        <ele>34.04</ele>
      </trkpt>
      <trkpt lat="43.841414305" lon="4.618077171">
        <ele>35.75</ele>
      </trkpt>
      <trkpt lat="43.841537223" lon="4.617807372">
        <ele>35.86</ele>
      </trkpt>
      <trkpt lat="43.841971415" lon="4.616854321">
        <ele>34</ele>
      </trkpt>
      <trkpt lat="43.843364246" lon="4.613013234">
        <ele>27.28</ele>
      </trkpt>
      <trkpt lat="43.844045186" lon="4.610953208">
        <ele>20.72</ele>
      </trkpt>
      <trkpt lat="43.84447847" lon="4.60889325">
        <ele>18.42</ele>
      </trkpt>
      <trkpt lat="43.844849954" lon="4.607927686">
        <ele>17.4</ele>
      </trkpt>
      <trkpt lat="43.846134408" lon="4.606704597">
        <ele>17.13</ele>
      </trkpt>
      <trkpt lat="43.847805716" lon="4.605202785">
        <ele>17.21</ele>
      </trkpt>
      <trkpt lat="43.848687805" lon="4.603722016">
        <ele>17.49</ele>
      </trkpt>
      <trkpt lat="43.848873415" lon="4.602906727">
        <ele>18.23</ele>
      </trkpt>
      <trkpt lat="43.849167437" lon="4.601061288">
        <ele>18.97</ele>
      </trkpt>
      <trkpt lat="43.849554414" lon="4.59792853">
        <ele>19.03</ele>
      </trkpt>
      <trkpt lat="43.850188819" lon="4.595439574">
        <ele>18.87</ele>
      </trkpt>
      <trkpt lat="43.85069943" lon="4.59451689">
        <ele>18.74</ele>
      </trkpt>
      <trkpt lat="43.851597003" lon="4.593250873">
        <ele>18.46</ele>
      </trkpt>
      <trkpt lat="43.852602706" lon="4.592456876">
        <ele>17.45</ele>
      </trkpt>
      <trkpt lat="43.854134575" lon="4.590976347">
        <ele>17.66</ele>
      </trkpt>
      <trkpt lat="43.857182754" lon="4.588208299">
        <ele>17.7</ele>
      </trkpt>
      <trkpt lat="43.857832651" lon="4.587693092">
        <ele>18.18</ele>
      </trkpt>
      <trkpt lat="43.858188457" lon="4.587671633">
        <ele>18.95</ele>
      </trkpt>
      <trkpt lat="43.858853839" lon="4.587586006">
        <ele>19.83</ele>
      </trkpt>
      <trkpt lat="43.85890024" lon="4.586920782">
        <ele>19.75</ele>
      </trkpt>
      <trkpt lat="43.858894027" lon="4.586857625">
        <ele>20.04</ele>
      </trkpt>
      <trkpt lat="43.858853777" lon="4.586448529">
        <ele>20.5</ele>
      </trkpt>
      <trkpt lat="43.861808896" lon="4.583637874">
        <ele>20.57</ele>
      </trkpt>
      <trkpt lat="43.862535341" lon="4.582957811">
        <ele>20.62</ele>
      </trkpt>
      <trkpt lat="43.864339115" lon="4.581252865">
        <ele>20.02</ele>
      </trkpt>
      <trkpt lat="43.864810244" lon="4.581685136">
        <ele>18.94</ele>
      </trkpt>
      <trkpt lat="43.865382617" lon="4.582157071">
        <ele>17.23</ele>
      </trkpt>
      <trkpt lat="43.866620283" lon="4.584410251">
        <ele>15.44</ele>
      </trkpt>
      <trkpt lat="43.867177209" lon="4.586084012">
        <ele>14.24</ele>
      </trkpt>
      <trkpt lat="43.867718577" lon="4.587006404">
        <ele>14.26</ele>
      </trkpt>
      <trkpt lat="43.869188247" lon="4.587542921">
        <ele>13.27</ele>
      </trkpt>
      <trkpt lat="43.870998047" lon="4.587585759">
        <ele>13.07</ele>
      </trkpt>
      <trkpt lat="43.870999" lon="4.587565">
        <ele>15.5</ele>
        <extensions>
          <gpxtpx:TrackPointExtension>
            <gpxtpx:Extensions>
              <highway>tertiary</highway>
              <route_bicycle_icn>yes</route_bicycle_icn>
            </gpxtpx:Extensions>
          </gpxtpx:TrackPointExtension>
        </extensions>
      </trkpt>
      <trkpt lat="43.871042" lon="4.587574">
        <ele>15.5</ele>
        <extensions>
          <gpxtpx:TrackPointExtension>
            <gpxtpx:Extensions>
              <highway>tertiary</highway>
              <route_bicycle_icn>yes</route_bicycle_icn>
            </gpxtpx:Extensions>
          </gpxtpx:TrackPointExtension>
        </extensions>
      </trkpt>
      <trkpt lat="43.871121" lon="4.587648">
        <ele>15</ele>
        <extensions>
          <gpxtpx:TrackPointExtension>
            <gpxtpx:Extensions>
              <highway>tertiary</highway>
              <surface>asphalt</surface>
              <route_bicycle_icn>yes</route_bicycle_icn>
            </gpxtpx:Extensions>
          </gpxtpx:TrackPointExtension>
        </extensions>
      </trkpt>
      <trkpt lat="43.871199" lon="4.587851">
        <ele>14.5</ele>
        <extensions>
          <gpxtpx:TrackPointExtension>
            <gpxtpx:Extensions>
              <highway>tertiary</highway>
              <surface>asphalt</surface>
              <route_bicycle_icn>yes</route_bicycle_icn>
            </gpxtpx:Extensions>
          </gpxtpx:TrackPointExtension>
        </extensions>
      </trkpt>
      <trkpt lat="43.87131" lon="4.588169">
        <ele>13.75</ele>
        <extensions>
          <gpxtpx:TrackPointExtension>
            <gpxtpx:Extensions>
              <highway>tertiary</highway>
              <surface>asphalt</surface>
              <route_bicycle_icn>yes</route_bicycle_icn>
            </gpxtpx:Extensions>
          </gpxtpx:TrackPointExtension>
        </extensions>
      </trkpt>
      <trkpt lat="43.871813" lon="4.589741">
        <ele>15.25</ele>
        <extensions>
          <gpxtpx:TrackPointExtension>
            <gpxtpx:Extensions>
              <highway>tertiary</highway>
              <surface>asphalt</surface>
              <route_bicycle_icn>yes</route_bicycle_icn>
            </gpxtpx:Extensions>
          </gpxtpx:TrackPointExtension>
        </extensions>
      </trkpt>
      <trkpt lat="43.871967" lon="4.590166">
        <ele>15.5</ele>
        <extensions>
          <gpxtpx:TrackPointExtension>
            <gpxtpx:Extensions>
              <highway>tertiary</highway>
              <surface>asphalt</surface>
              <route_bicycle_icn>yes</route_bicycle_icn>
            </gpxtpx:Extensions>
          </gpxtpx:TrackPointExtension>
        </extensions>
      </trkpt>
      <trkpt lat="43.872055" lon="4.590337">
        <ele>14.75</ele>
        <extensions>
          <gpxtpx:TrackPointExtension>
            <gpxtpx:Extensions>
              <highway>tertiary</highway>
              <surface>asphalt</surface>
              <route_bicycle_icn>yes</route_bicycle_icn>
            </gpxtpx:Extensions>
          </gpxtpx:TrackPointExtension>
        </extensions>
      </trkpt>
      <trkpt lat="43.872165" lon="4.590499">
        <ele>14</ele>
        <extensions>
          <gpxtpx:TrackPointExtension>
            <gpxtpx:Extensions>
              <highway>tertiary</highway>
              <surface>asphalt</surface>
              <route_bicycle_icn>yes</route_bicycle_icn>
            </gpxtpx:Extensions>
          </gpxtpx:TrackPointExtension>
        </extensions>
      </trkpt>
      <trkpt lat="43.872305" lon="4.590624">
        <ele>13</ele>
        <extensions>
          <gpxtpx:TrackPointExtension>
            <gpxtpx:Extensions>
              <highway>tertiary</highway>
              <surface>asphalt</surface>
              <route_bicycle_icn>yes</route_bicycle_icn>
            </gpxtpx:Extensions>
          </gpxtpx:TrackPointExtension>
        </extensions>
      </trkpt>
      <trkpt lat="43.872478" lon="4.590713">
        <ele>12.25</ele>
        <extensions>
          <gpxtpx:TrackPointExtension>
            <gpxtpx:Extensions>
              <highway>tertiary</highway>
              <surface>asphalt</surface>
              <route_bicycle_icn>yes</route_bicycle_icn>
            </gpxtpx:Extensions>
          </gpxtpx:TrackPointExtension>
        </extensions>
      </trkpt>
      <trkpt lat="43.872652" lon="4.590759">
        <ele>12.75</ele>
        <extensions>
          <gpxtpx:TrackPointExtension>
            <gpxtpx:Extensions>
              <highway>tertiary</highway>
              <surface>asphalt</surface>
              <route_bicycle_icn>yes</route_bicycle_icn>
            </gpxtpx:Extensions>
          </gpxtpx:TrackPointExtension>
        </extensions>
      </trkpt>
      <trkpt lat="43.873307" lon="4.590813">
        <ele>15.75</ele>
        <extensions>
          <gpxtpx:TrackPointExtension>
            <gpxtpx:Extensions>
              <highway>tertiary</highway>
              <route_bicycle_icn>yes</route_bicycle_icn>
              <route_bicycle_lcn>yes</route_bicycle_lcn>
            </gpxtpx:Extensions>
          </gpxtpx:TrackPointExtension>
        </extensions>
      </trkpt>
      <trkpt lat="43.873712" lon="4.590856">
        <ele>15.25</ele>
        <extensions>
          <gpxtpx:TrackPointExtension>
            <gpxtpx:Extensions>
              <highway>tertiary</highway>
              <route_bicycle_icn>yes</route_bicycle_icn>
              <route_bicycle_lcn>yes</route_bicycle_lcn>
            </gpxtpx:Extensions>
          </gpxtpx:TrackPointExtension>
        </extensions>
      </trkpt>
      <trkpt lat="43.873842" lon="4.590833">
        <ele>15.25</ele>
        <extensions>
          <gpxtpx:TrackPointExtension>
            <gpxtpx:Extensions>
              <highway>tertiary</highway>
              <oneway>yes</oneway>
              <route_bicycle_icn>yes</route_bicycle_icn>
            </gpxtpx:Extensions>
          </gpxtpx:TrackPointExtension>
        </extensions>
      </trkpt>
      <trkpt lat="43.874083" lon="4.590774">
        <ele>14.75</ele>
        <extensions>
          <gpxtpx:TrackPointExtension>
            <gpxtpx:Extensions>
              <highway>tertiary</highway>
              <oneway>yes</oneway>
              <route_bicycle_icn>yes</route_bicycle_icn>
            </gpxtpx:Extensions>
          </gpxtpx:TrackPointExtension>
        </extensions>
      </trkpt>
      <trkpt lat="43.874112" lon="4.590767">
        <ele>14.75</ele>
        <extensions>
          <gpxtpx:TrackPointExtension>
            <gpxtpx:Extensions>
              <highway>tertiary</highway>
              <surface>asphalt</surface>
              <junction>roundabout</junction>
              <route_bicycle_icn>yes</route_bicycle_icn>
            </gpxtpx:Extensions>
          </gpxtpx:TrackPointExtension>
        </extensions>
      </trkpt>
      <trkpt lat="43.874165" lon="4.590802">
        <ele>14.75</ele>
        <extensions>
          <gpxtpx:TrackPointExtension>
            <gpxtpx:Extensions>
              <highway>tertiary</highway>
              <surface>asphalt</surface>
              <junction>roundabout</junction>
              <route_bicycle_icn>yes</route_bicycle_icn>
            </gpxtpx:Extensions>
          </gpxtpx:TrackPointExtension>
        </extensions>
      </trkpt>
      <trkpt lat="43.874203" lon="4.590803">
        <ele>14.75</ele>
        <extensions>
          <gpxtpx:TrackPointExtension>
            <gpxtpx:Extensions>
              <highway>tertiary</highway>
              <surface>asphalt</surface>
              <junction>roundabout</junction>
              <route_bicycle_icn>yes</route_bicycle_icn>
            </gpxtpx:Extensions>
          </gpxtpx:TrackPointExtension>
        </extensions>
      </trkpt>
      <trkpt lat="43.874239" lon="4.590786">
        <ele>14.75</ele>
        <extensions>
          <gpxtpx:TrackPointExtension>
            <gpxtpx:Extensions>
              <highway>tertiary</highway>
              <surface>asphalt</surface>
              <junction>roundabout</junction>
              <route_bicycle_icn>yes</route_bicycle_icn>
            </gpxtpx:Extensions>
          </gpxtpx:TrackPointExtension>
        </extensions>
      </trkpt>
      <trkpt lat="43.874269" lon="4.590753">
        <ele>14.75</ele>
        <extensions>
          <gpxtpx:TrackPointExtension>
            <gpxtpx:Extensions>
              <highway>tertiary</highway>
              <surface>asphalt</surface>
              <junction>roundabout</junction>
              <route_bicycle_icn>yes</route_bicycle_icn>
            </gpxtpx:Extensions>
          </gpxtpx:TrackPointExtension>
        </extensions>
      </trkpt>
      <trkpt lat="43.874283" lon="4.590726">
        <ele>14.75</ele>
        <extensions>
          <gpxtpx:TrackPointExtension>
            <gpxtpx:Extensions>
              <highway>tertiary</highway>
              <surface>asphalt</surface>
              <junction>roundabout</junction>
              <route_bicycle_icn>yes</route_bicycle_icn>
              <route_bicycle_lcn>yes</route_bicycle_lcn>
            </gpxtpx:Extensions>
          </gpxtpx:TrackPointExtension>
        </extensions>
      </trkpt>
      <trkpt lat="43.874292" lon="4.590696">
        <ele>14.75</ele>
        <extensions>
          <gpxtpx:TrackPointExtension>
            <gpxtpx:Extensions>
              <highway>tertiary</highway>
              <surface>asphalt</surface>
              <junction>roundabout</junction>
              <route_bicycle_icn>yes</route_bicycle_icn>
              <route_bicycle_lcn>yes</route_bicycle_lcn>
            </gpxtpx:Extensions>
          </gpxtpx:TrackPointExtension>
        </extensions>
      </trkpt>
      <trkpt lat="43.874297" lon="4.590647">
        <ele>14.5</ele>
        <extensions>
          <gpxtpx:TrackPointExtension>
            <gpxtpx:Extensions>
              <highway>tertiary</highway>
              <surface>asphalt</surface>
              <junction>roundabout</junction>
              <route_bicycle_icn>yes</route_bicycle_icn>
              <route_bicycle_lcn>yes</route_bicycle_lcn>
            </gpxtpx:Extensions>
          </gpxtpx:TrackPointExtension>
        </extensions>
      </trkpt>
      <trkpt lat="43.87429" lon="4.590599">
        <ele>14.5</ele>
        <extensions>
          <gpxtpx:TrackPointExtension>
            <gpxtpx:Extensions>
              <highway>tertiary</highway>
              <surface>asphalt</surface>
              <junction>roundabout</junction>
              <route_bicycle_icn>yes</route_bicycle_icn>
              <route_bicycle_lcn>yes</route_bicycle_lcn>
            </gpxtpx:Extensions>
          </gpxtpx:TrackPointExtension>
        </extensions>
      </trkpt>
      <trkpt lat="43.874273" lon="4.590556">
        <ele>14.25</ele>
        <extensions>
          <gpxtpx:TrackPointExtension>
            <gpxtpx:Extensions>
              <highway>tertiary</highway>
              <surface>asphalt</surface>
              <junction>roundabout</junction>
              <route_bicycle_icn>yes</route_bicycle_icn>
              <route_bicycle_lcn>yes</route_bicycle_lcn>
            </gpxtpx:Extensions>
          </gpxtpx:TrackPointExtension>
        </extensions>
      </trkpt>
      <trkpt lat="43.874248" lon="4.590523">
        <ele>14.25</ele>
        <extensions>
          <gpxtpx:TrackPointExtension>
            <gpxtpx:Extensions>
              <highway>tertiary</highway>
              <oneway>yes</oneway>
              <route_bicycle_icn>yes</route_bicycle_icn>
            </gpxtpx:Extensions>
          </gpxtpx:TrackPointExtension>
        </extensions>
      </trkpt>
      <trkpt lat="43.874262" lon="4.590399">
        <ele>14</ele>
        <extensions>
          <gpxtpx:TrackPointExtension>
            <gpxtpx:Extensions>
              <highway>tertiary</highway>
              <oneway>yes</oneway>
              <route_bicycle_icn>yes</route_bicycle_icn>
            </gpxtpx:Extensions>
          </gpxtpx:TrackPointExtension>
        </extensions>
      </trkpt>
      <trkpt lat="43.874269" lon="4.590338">
        <ele>13.75</ele>
        <extensions>
          <gpxtpx:TrackPointExtension>
            <gpxtpx:Extensions>
              <highway>tertiary</highway>
              <oneway>yes</oneway>
              <route_bicycle_icn>yes</route_bicycle_icn>
            </gpxtpx:Extensions>
          </gpxtpx:TrackPointExtension>
        </extensions>
      </trkpt>
      <trkpt lat="43.874294" lon="4.590247">
        <ele>13.5</ele>
        <extensions>
          <gpxtpx:TrackPointExtension>
            <gpxtpx:Extensions>
              <highway>tertiary</highway>
              <surface>asphalt</surface>
              <bicycle>designated</bicycle>
              <route_bicycle_icn>yes</route_bicycle_icn>
            </gpxtpx:Extensions>
          </gpxtpx:TrackPointExtension>
        </extensions>
      </trkpt>
      <trkpt lat="43.874312" lon="4.590216">
        <ele>13.5</ele>
        <extensions>
          <gpxtpx:TrackPointExtension>
            <gpxtpx:Extensions>
              <highway>tertiary</highway>
              <surface>asphalt</surface>
              <bicycle>designated</bicycle>
              <route_bicycle_icn>yes</route_bicycle_icn>
            </gpxtpx:Extensions>
          </gpxtpx:TrackPointExtension>
        </extensions>
      </trkpt>
      <trkpt lat="43.874364" lon="4.590172">
        <ele>13.5</ele>
        <extensions>
          <gpxtpx:TrackPointExtension>
            <gpxtpx:Extensions>
              <highway>tertiary</highway>
              <surface>asphalt</surface>
              <bicycle>designated</bicycle>
              <route_bicycle_icn>yes</route_bicycle_icn>
            </gpxtpx:Extensions>
          </gpxtpx:TrackPointExtension>
        </extensions>
      </trkpt>
      <trkpt lat="43.874432" lon="4.590161">
        <ele>13.5</ele>
        <extensions>
          <gpxtpx:TrackPointExtension>
            <gpxtpx:Extensions>
              <highway>tertiary</highway>
              <surface>asphalt</surface>
              <bicycle>designated</bicycle>
              <route_bicycle_icn>yes</route_bicycle_icn>
            </gpxtpx:Extensions>
          </gpxtpx:TrackPointExtension>
        </extensions>
      </trkpt>
      <trkpt lat="43.874634" lon="4.590178">
        <ele>13.75</ele>
        <extensions>
          <gpxtpx:TrackPointExtension>
            <gpxtpx:Extensions>
              <highway>tertiary</highway>
              <surface>asphalt</surface>
              <bicycle>designated</bicycle>
              <route_bicycle_icn>yes</route_bicycle_icn>
            </gpxtpx:Extensions>
          </gpxtpx:TrackPointExtension>
        </extensions>
      </trkpt>
      <trkpt lat="43.874807" lon="4.590173">
        <ele>14</ele>
        <extensions>
          <gpxtpx:TrackPointExtension>
            <gpxtpx:Extensions>
              <highway>tertiary</highway>
              <surface>asphalt</surface>
              <bicycle>designated</bicycle>
              <route_bicycle_icn>yes</route_bicycle_icn>
            </gpxtpx:Extensions>
          </gpxtpx:TrackPointExtension>
        </extensions>
      </trkpt>
      <trkpt lat="43.874974" lon="4.590157">
        <ele>14.25</ele>
        <extensions>
          <gpxtpx:TrackPointExtension>
            <gpxtpx:Extensions>
              <highway>tertiary</highway>
              <surface>asphalt</surface>
              <bicycle>designated</bicycle>
              <route_bicycle_icn>yes</route_bicycle_icn>
            </gpxtpx:Extensions>
          </gpxtpx:TrackPointExtension>
        </extensions>
      </trkpt>
      <trkpt lat="43.875161" lon="4.590103">
        <ele>14.25</ele>
        <extensions>
          <gpxtpx:TrackPointExtension>
            <gpxtpx:Extensions>
              <highway>tertiary</highway>
              <surface>asphalt</surface>
              <bicycle>designated</bicycle>
              <route_bicycle_icn>yes</route_bicycle_icn>
            </gpxtpx:Extensions>
          </gpxtpx:TrackPointExtension>
        </extensions>
      </trkpt>
      <trkpt lat="43.875504" lon="4.589855">
        <ele>13.5</ele>
        <extensions>
          <gpxtpx:TrackPointExtension>
            <gpxtpx:Extensions>
              <highway>tertiary</highway>
              <surface>asphalt</surface>
              <bicycle>designated</bicycle>
              <route_bicycle_icn>yes</route_bicycle_icn>
            </gpxtpx:Extensions>
          </gpxtpx:TrackPointExtension>
        </extensions>
      </trkpt>
      <trkpt lat="43.875647" lon="4.589783">
        <ele>13.25</ele>
        <extensions>
          <gpxtpx:TrackPointExtension>
            <gpxtpx:Extensions>
              <highway>tertiary</highway>
              <surface>asphalt</surface>
              <bicycle>designated</bicycle>
              <route_bicycle_icn>yes</route_bicycle_icn>
            </gpxtpx:Extensions>
          </gpxtpx:TrackPointExtension>
        </extensions>
      </trkpt>
      <trkpt lat="43.875784" lon="4.589785">
        <ele>13.25</ele>
        <extensions>
          <gpxtpx:TrackPointExtension>
            <gpxtpx:Extensions>
              <highway>tertiary</highway>
              <surface>asphalt</surface>
              <bicycle>designated</bicycle>
              <route_bicycle_icn>yes</route_bicycle_icn>
            </gpxtpx:Extensions>
          </gpxtpx:TrackPointExtension>
        </extensions>
      </trkpt>
      <trkpt lat="43.876012" lon="4.589842">
        <ele>13.5</ele>
        <extensions>
          <gpxtpx:TrackPointExtension>
            <gpxtpx:Extensions>
              <highway>tertiary</highway>
              <surface>asphalt</surface>
              <bicycle>designated</bicycle>
              <route_bicycle_icn>yes</route_bicycle_icn>
            </gpxtpx:Extensions>
          </gpxtpx:TrackPointExtension>
        </extensions>
      </trkpt>
      <trkpt lat="43.876157" lon="4.58989">
        <ele>13.5</ele>
        <extensions>
          <gpxtpx:TrackPointExtension>
            <gpxtpx:Extensions>
              <highway>tertiary</highway>
              <surface>asphalt</surface>
              <bicycle>designated</bicycle>
              <route_bicycle_icn>yes</route_bicycle_icn>
            </gpxtpx:Extensions>
          </gpxtpx:TrackPointExtension>
        </extensions>
      </trkpt>
      <trkpt lat="43.876289" lon="4.589948">
        <ele>13.75</ele>
        <extensions>
          <gpxtpx:TrackPointExtension>
            <gpxtpx:Extensions>
              <highway>tertiary</highway>
              <surface>asphalt</surface>
              <bicycle>designated</bicycle>
              <route_bicycle_icn>yes</route_bicycle_icn>
            </gpxtpx:Extensions>
          </gpxtpx:TrackPointExtension>
        </extensions>
      </trkpt>
      <trkpt lat="43.876354" lon="4.590038">
        <ele>14</ele>
        <extensions>
          <gpxtpx:TrackPointExtension>
            <gpxtpx:Extensions>
              <highway>tertiary</highway>
              <surface>paved</surface>
              <bicycle>designated</bicycle>
              <route_bicycle_icn>yes</route_bicycle_icn>
            </gpxtpx:Extensions>
          </gpxtpx:TrackPointExtension>
        </extensions>
      </trkpt>
      <trkpt lat="43.876741" lon="4.590091">
        <ele>14.5</ele>
        <extensions>
          <gpxtpx:TrackPointExtension>
            <gpxtpx:Extensions>
              <highway>tertiary</highway>
              <surface>paved</surface>
              <bicycle>designated</bicycle>
              <route_bicycle_icn>yes</route_bicycle_icn>
            </gpxtpx:Extensions>
          </gpxtpx:TrackPointExtension>
        </extensions>
      </trkpt>
      <trkpt lat="43.87712" lon="4.590065">
        <ele>14.75</ele>
        <extensions>
          <gpxtpx:TrackPointExtension>
            <gpxtpx:Extensions>
              <highway>tertiary</highway>
              <surface>paved</surface>
              <bicycle>designated</bicycle>
              <route_bicycle_icn>yes</route_bicycle_icn>
            </gpxtpx:Extensions>
          </gpxtpx:TrackPointExtension>
        </extensions>
      </trkpt>
      <trkpt lat="43.877497" lon="4.590177">
        <ele>16.25</ele>
        <extensions>
          <gpxtpx:TrackPointExtension>
            <gpxtpx:Extensions>
              <highway>tertiary</highway>
              <surface>asphalt</surface>
              <bicycle>designated</bicycle>
              <oneway>yes</oneway>
              <route_bicycle_icn>yes</route_bicycle_icn>
            </gpxtpx:Extensions>
          </gpxtpx:TrackPointExtension>
        </extensions>
      </trkpt>
      <trkpt lat="43.877665" lon="4.590227">
        <ele>16</ele>
        <extensions>
          <gpxtpx:TrackPointExtension>
            <gpxtpx:Extensions>
              <highway>tertiary</highway>
              <surface>asphalt</surface>
              <bicycle>designated</bicycle>
              <oneway>yes</oneway>
              <route_bicycle_icn>yes</route_bicycle_icn>
            </gpxtpx:Extensions>
          </gpxtpx:TrackPointExtension>
        </extensions>
      </trkpt>
      <trkpt lat="43.877921" lon="4.59031">
        <ele>16</ele>
        <extensions>
          <gpxtpx:TrackPointExtension>
            <gpxtpx:Extensions>
              <highway>tertiary</highway>
              <surface>asphalt</surface>
              <bicycle>designated</bicycle>
              <oneway>yes</oneway>
              <route_bicycle_icn>yes</route_bicycle_icn>
            </gpxtpx:Extensions>
          </gpxtpx:TrackPointExtension>
        </extensions>
      </trkpt>
      <trkpt lat="43.878088" lon="4.590411">
        <ele>16</ele>
        <extensions>
          <gpxtpx:TrackPointExtension>
            <gpxtpx:Extensions>
              <highway>tertiary</highway>
              <surface>asphalt</surface>
              <bicycle>designated</bicycle>
              <oneway>yes</oneway>
              <route_bicycle_icn>yes</route_bicycle_icn>
            </gpxtpx:Extensions>
          </gpxtpx:TrackPointExtension>
        </extensions>
      </trkpt>
      <trkpt lat="43.878493" lon="4.59066">
        <ele>16.75</ele>
        <extensions>
          <gpxtpx:TrackPointExtension>
            <gpxtpx:Extensions>
              <highway>tertiary</highway>
              <surface>asphalt</surface>
              <bicycle>designated</bicycle>
              <oneway>yes</oneway>
              <route_bicycle_icn>yes</route_bicycle_icn>
            </gpxtpx:Extensions>
          </gpxtpx:TrackPointExtension>
        </extensions>
      </trkpt>
      <trkpt lat="43.878736" lon="4.590899">
        <ele>17.5</ele>
        <extensions>
          <gpxtpx:TrackPointExtension>
            <gpxtpx:Extensions>
              <highway>tertiary</highway>
              <surface>asphalt</surface>
              <bicycle>designated</bicycle>
              <oneway>yes</oneway>
              <route_bicycle_icn>yes</route_bicycle_icn>
            </gpxtpx:Extensions>
          </gpxtpx:TrackPointExtension>
        </extensions>
      </trkpt>
      <trkpt lat="43.878833" lon="4.590998">
        <ele>17.25</ele>
        <extensions>
          <gpxtpx:TrackPointExtension>
            <gpxtpx:Extensions>
              <highway>tertiary</highway>
              <surface>asphalt</surface>
              <oneway>yes</oneway>
              <route_bicycle_icn>yes</route_bicycle_icn>
            </gpxtpx:Extensions>
          </gpxtpx:TrackPointExtension>
        </extensions>
      </trkpt>
      <trkpt lat="43.878864" lon="4.591053">
        <ele>17.25</ele>
        <extensions>
          <gpxtpx:TrackPointExtension>
            <gpxtpx:Extensions>
              <highway>tertiary</highway>
              <bicycle>designated</bicycle>
              <route_bicycle_icn>yes</route_bicycle_icn>
            </gpxtpx:Extensions>
          </gpxtpx:TrackPointExtension>
        </extensions>
      </trkpt>
      <trkpt lat="43.878862" lon="4.591148">
        <ele>17.25</ele>
        <extensions>
          <gpxtpx:TrackPointExtension>
            <gpxtpx:Extensions>
              <highway>tertiary</highway>
              <bicycle>designated</bicycle>
              <route_bicycle_icn>yes</route_bicycle_icn>
            </gpxtpx:Extensions>
          </gpxtpx:TrackPointExtension>
        </extensions>
      </trkpt>
      <trkpt lat="43.878819" lon="4.5914">
        <ele>17.25</ele>
        <extensions>
          <gpxtpx:TrackPointExtension>
            <gpxtpx:Extensions>
              <highway>tertiary</highway>
              <bicycle>designated</bicycle>
              <route_bicycle_icn>yes</route_bicycle_icn>
            </gpxtpx:Extensions>
          </gpxtpx:TrackPointExtension>
        </extensions>
      </trkpt>
      <trkpt lat="43.878723" lon="4.591972">
        <ele>18.5</ele>
        <extensions>
          <gpxtpx:TrackPointExtension>
            <gpxtpx:Extensions>
              <highway>tertiary</highway>
              <bicycle>designated</bicycle>
              <route_bicycle_icn>yes</route_bicycle_icn>
            </gpxtpx:Extensions>
          </gpxtpx:TrackPointExtension>
        </extensions>
      </trkpt>
      <trkpt lat="43.878626" lon="4.592587">
        <ele>20.5</ele>
        <extensions>
          <gpxtpx:TrackPointExtension>
            <gpxtpx:Extensions>
              <highway>tertiary</highway>
              <bicycle>designated</bicycle>
              <route_bicycle_icn>yes</route_bicycle_icn>
            </gpxtpx:Extensions>
          </gpxtpx:TrackPointExtension>
        </extensions>
      </trkpt>
      <trkpt lat="43.878644" lon="4.592699">
        <ele>20.75</ele>
        <extensions>
          <gpxtpx:TrackPointExtension>
            <gpxtpx:Extensions>
              <highway>tertiary</highway>
            </gpxtpx:Extensions>
          </gpxtpx:TrackPointExtension>
        </extensions>
      </trkpt>
      <trkpt lat="43.878703" lon="4.592805">
        <ele>20.5</ele>
        <extensions>
          <gpxtpx:TrackPointExtension>
            <gpxtpx:Extensions>
              <highway>tertiary</highway>
            </gpxtpx:Extensions>
          </gpxtpx:TrackPointExtension>
        </extensions>
      </trkpt>
      <trkpt lat="43.879212" lon="4.593239">
        <ele>18.5</ele>
        <extensions>
          <gpxtpx:TrackPointExtension>
            <gpxtpx:Extensions>
              <highway>tertiary</highway>
            </gpxtpx:Extensions>
          </gpxtpx:TrackPointExtension>
        </extensions>
      </trkpt>
      <trkpt lat="43.879296" lon="4.593311">
        <ele>18.75</ele>
        <extensions>
          <gpxtpx:TrackPointExtension>
            <gpxtpx:Extensions>
              <highway>tertiary</highway>
            </gpxtpx:Extensions>
          </gpxtpx:TrackPointExtension>
        </extensions>
      </trkpt>
      <trkpt lat="43.879465" lon="4.593455">
        <ele>18.75</ele>
        <extensions>
          <gpxtpx:TrackPointExtension>
            <gpxtpx:Extensions>
              <highway>tertiary</highway>
            </gpxtpx:Extensions>
          </gpxtpx:TrackPointExtension>
        </extensions>
      </trkpt>
      <trkpt lat="43.880706" lon="4.594431">
        <ele>18.75</ele>
        <extensions>
          <gpxtpx:TrackPointExtension>
            <gpxtpx:Extensions>
              <highway>tertiary</highway>
            </gpxtpx:Extensions>
          </gpxtpx:TrackPointExtension>
        </extensions>
      </trkpt>
      <trkpt lat="43.880866" lon="4.594556">
        <ele>18.75</ele>
        <extensions>
          <gpxtpx:TrackPointExtension>
            <gpxtpx:Extensions>
              <highway>tertiary</highway>
            </gpxtpx:Extensions>
          </gpxtpx:TrackPointExtension>
        </extensions>
      </trkpt>
      <trkpt lat="43.88103" lon="4.594679">
        <ele>18.75</ele>
        <extensions>
          <gpxtpx:TrackPointExtension>
            <gpxtpx:Extensions>
              <highway>tertiary</highway>
            </gpxtpx:Extensions>
          </gpxtpx:TrackPointExtension>
        </extensions>
      </trkpt>
      <trkpt lat="43.881227" lon="4.594843">
        <ele>19</ele>
        <extensions>
          <gpxtpx:TrackPointExtension>
            <gpxtpx:Extensions>
              <highway>tertiary</highway>
            </gpxtpx:Extensions>
          </gpxtpx:TrackPointExtension>
        </extensions>
      </trkpt>
      <trkpt lat="43.881493" lon="4.595133">
        <ele>19.75</ele>
        <extensions>
          <gpxtpx:TrackPointExtension>
            <gpxtpx:Extensions>
              <highway>tertiary</highway>
            </gpxtpx:Extensions>
          </gpxtpx:TrackPointExtension>
        </extensions>
      </trkpt>
      <trkpt lat="43.881792" lon="4.595475">
        <ele>20.5</ele>
        <extensions>
          <gpxtpx:TrackPointExtension>
            <gpxtpx:Extensions>
              <highway>tertiary</highway>
            </gpxtpx:Extensions>
          </gpxtpx:TrackPointExtension>
        </extensions>
      </trkpt>
      <trkpt lat="43.881902" lon="4.5956">
        <ele>20.25</ele>
        <extensions>
          <gpxtpx:TrackPointExtension>
            <gpxtpx:Extensions>
              <highway>tertiary</highway>
              <surface>asphalt</surface>
              <bicycle>designated</bicycle>
              <route_bicycle_lcn>yes</route_bicycle_lcn>
            </gpxtpx:Extensions>
          </gpxtpx:TrackPointExtension>
        </extensions>
      </trkpt>
      <trkpt lat="43.882147" lon="4.595753">
        <ele>19.5</ele>
        <extensions>
          <gpxtpx:TrackPointExtension>
            <gpxtpx:Extensions>
              <highway>tertiary</highway>
              <surface>asphalt</surface>
              <bicycle>designated</bicycle>
              <route_bicycle_lcn>yes</route_bicycle_lcn>
            </gpxtpx:Extensions>
          </gpxtpx:TrackPointExtension>
        </extensions>
      </trkpt>
      <trkpt lat="43.882322" lon="4.595841">
        <ele>19</ele>
        <extensions>
          <gpxtpx:TrackPointExtension>
            <gpxtpx:Extensions>
              <highway>tertiary</highway>
              <surface>asphalt</surface>
              <bicycle>designated</bicycle>
              <route_bicycle_lcn>yes</route_bicycle_lcn>
            </gpxtpx:Extensions>
          </gpxtpx:TrackPointExtension>
        </extensions>
      </trkpt>
      <trkpt lat="43.88254" lon="4.595924">
        <ele>18.5</ele>
        <extensions>
          <gpxtpx:TrackPointExtension>
            <gpxtpx:Extensions>
              <highway>tertiary</highway>
              <surface>asphalt</surface>
              <bicycle>designated</bicycle>
              <route_bicycle_lcn>yes</route_bicycle_lcn>
            </gpxtpx:Extensions>
          </gpxtpx:TrackPointExtension>
        </extensions>
      </trkpt>
      <trkpt lat="43.882761" lon="4.59599">
        <ele>18.5</ele>
        <extensions>
          <gpxtpx:TrackPointExtension>
            <gpxtpx:Extensions>
              <highway>tertiary</highway>
              <surface>asphalt</surface>
              <bicycle>designated</bicycle>
              <route_bicycle_lcn>yes</route_bicycle_lcn>
            </gpxtpx:Extensions>
          </gpxtpx:TrackPointExtension>
        </extensions>
      </trkpt>
      <trkpt lat="43.882869" lon="4.596009">
        <ele>18.5</ele>
        <extensions>
          <gpxtpx:TrackPointExtension>
            <gpxtpx:Extensions>
              <highway>tertiary</highway>
              <surface>asphalt</surface>
              <bicycle>designated</bicycle>
              <route_bicycle_lcn>yes</route_bicycle_lcn>
            </gpxtpx:Extensions>
          </gpxtpx:TrackPointExtension>
        </extensions>
      </trkpt>
      <trkpt lat="43.883006" lon="4.596034">
        <ele>18.5</ele>
        <extensions>
          <gpxtpx:TrackPointExtension>
            <gpxtpx:Extensions>
              <highway>tertiary</highway>
              <surface>asphalt</surface>
              <bicycle>designated</bicycle>
              <route_bicycle_lcn>yes</route_bicycle_lcn>
            </gpxtpx:Extensions>
          </gpxtpx:TrackPointExtension>
        </extensions>
      </trkpt>
      <trkpt lat="43.883219" lon="4.596055">
        <ele>18.25</ele>
        <extensions>
          <gpxtpx:TrackPointExtension>
            <gpxtpx:Extensions>
              <highway>tertiary</highway>
              <surface>asphalt</surface>
              <bicycle>designated</bicycle>
              <route_bicycle_lcn>yes</route_bicycle_lcn>
            </gpxtpx:Extensions>
          </gpxtpx:TrackPointExtension>
        </extensions>
      </trkpt>
      <trkpt lat="43.883299" lon="4.596048">
        <ele>18</ele>
        <extensions>
          <gpxtpx:TrackPointExtension>
            <gpxtpx:Extensions>
              <highway>tertiary</highway>
              <surface>asphalt</surface>
              <bicycle>designated</bicycle>
              <route_bicycle_lcn>yes</route_bicycle_lcn>
            </gpxtpx:Extensions>
          </gpxtpx:TrackPointExtension>
        </extensions>
      </trkpt>
      <trkpt lat="43.883436" lon="4.596036">
        <ele>17.75</ele>
        <extensions>
          <gpxtpx:TrackPointExtension>
            <gpxtpx:Extensions>
              <highway>tertiary</highway>
              <surface>asphalt</surface>
              <bicycle>designated</bicycle>
              <route_bicycle_lcn>yes</route_bicycle_lcn>
            </gpxtpx:Extensions>
          </gpxtpx:TrackPointExtension>
        </extensions>
      </trkpt>
      <trkpt lat="43.883726" lon="4.595967">
        <ele>17.5</ele>
        <extensions>
          <gpxtpx:TrackPointExtension>
            <gpxtpx:Extensions>
              <highway>tertiary</highway>
              <surface>asphalt</surface>
              <bicycle>designated</bicycle>
              <route_bicycle_lcn>yes</route_bicycle_lcn>
            </gpxtpx:Extensions>
          </gpxtpx:TrackPointExtension>
        </extensions>
      </trkpt>
      <trkpt lat="43.884189" lon="4.595831">
        <ele>17</ele>
        <extensions>
          <gpxtpx:TrackPointExtension>
            <gpxtpx:Extensions>
              <highway>tertiary</highway>
              <surface>asphalt</surface>
              <bicycle>designated</bicycle>
              <route_bicycle_lcn>yes</route_bicycle_lcn>
            </gpxtpx:Extensions>
          </gpxtpx:TrackPointExtension>
        </extensions>
      </trkpt>
      <trkpt lat="43.88498" lon="4.595541">
        <ele>17.25</ele>
        <extensions>
          <gpxtpx:TrackPointExtension>
            <gpxtpx:Extensions>
              <highway>tertiary</highway>
              <surface>asphalt</surface>
              <bicycle>designated</bicycle>
              <route_bicycle_lcn>yes</route_bicycle_lcn>
            </gpxtpx:Extensions>
          </gpxtpx:TrackPointExtension>
        </extensions>
      </trkpt>
      <trkpt lat="43.88566" lon="4.595428">
        <ele>18</ele>
        <extensions>
          <gpxtpx:TrackPointExtension>
            <gpxtpx:Extensions>
              <highway>tertiary</highway>
              <surface>asphalt</surface>
              <bicycle>designated</bicycle>
              <route_bicycle_lcn>yes</route_bicycle_lcn>
            </gpxtpx:Extensions>
          </gpxtpx:TrackPointExtension>
        </extensions>
      </trkpt>
      <trkpt lat="43.885972" lon="4.595413">
        <ele>18.5</ele>
        <extensions>
          <gpxtpx:TrackPointExtension>
            <gpxtpx:Extensions>
              <highway>tertiary</highway>
              <surface>asphalt</surface>
              <bicycle>designated</bicycle>
              <route_bicycle_lcn>yes</route_bicycle_lcn>
            </gpxtpx:Extensions>
          </gpxtpx:TrackPointExtension>
        </extensions>
      </trkpt>
      <trkpt lat="43.886135" lon="4.595435">
        <ele>18.5</ele>
        <extensions>
          <gpxtpx:TrackPointExtension>
            <gpxtpx:Extensions>
              <highway>tertiary</highway>
              <surface>asphalt</surface>
              <bicycle>designated</bicycle>
              <route_bicycle_lcn>yes</route_bicycle_lcn>
            </gpxtpx:Extensions>
          </gpxtpx:TrackPointExtension>
        </extensions>
      </trkpt>
      <trkpt lat="43.886294" lon="4.595487">
        <ele>18.75</ele>
        <extensions>
          <gpxtpx:TrackPointExtension>
            <gpxtpx:Extensions>
              <highway>tertiary</highway>
              <surface>asphalt</surface>
              <bicycle>designated</bicycle>
              <route_bicycle_lcn>yes</route_bicycle_lcn>
            </gpxtpx:Extensions>
          </gpxtpx:TrackPointExtension>
        </extensions>
      </trkpt>
      <trkpt lat="43.886557" lon="4.595567">
        <ele>19.25</ele>
        <extensions>
          <gpxtpx:TrackPointExtension>
            <gpxtpx:Extensions>
              <highway>tertiary</highway>
              <surface>asphalt</surface>
              <bicycle>designated</bicycle>
              <route_bicycle_lcn>yes</route_bicycle_lcn>
            </gpxtpx:Extensions>
          </gpxtpx:TrackPointExtension>
        </extensions>
      </trkpt>
      <trkpt lat="43.887126" lon="4.595742">
        <ele>19</ele>
        <extensions>
          <gpxtpx:TrackPointExtension>
            <gpxtpx:Extensions>
              <highway>tertiary</highway>
              <surface>asphalt</surface>
              <bicycle>designated</bicycle>
              <route_bicycle_lcn>yes</route_bicycle_lcn>
            </gpxtpx:Extensions>
          </gpxtpx:TrackPointExtension>
        </extensions>
      </trkpt>
      <trkpt lat="43.887495" lon="4.595855">
        <ele>19</ele>
        <extensions>
          <gpxtpx:TrackPointExtension>
            <gpxtpx:Extensions>
              <highway>tertiary</highway>
              <surface>asphalt</surface>
              <bicycle>designated</bicycle>
              <route_bicycle_lcn>yes</route_bicycle_lcn>
            </gpxtpx:Extensions>
          </gpxtpx:TrackPointExtension>
        </extensions>
      </trkpt>
      <trkpt lat="43.88787" lon="4.59597">
        <ele>20</ele>
        <extensions>
          <gpxtpx:TrackPointExtension>
            <gpxtpx:Extensions>
              <highway>tertiary</highway>
              <surface>asphalt</surface>
              <bicycle>designated</bicycle>
              <route_bicycle_lcn>yes</route_bicycle_lcn>
            </gpxtpx:Extensions>
          </gpxtpx:TrackPointExtension>
        </extensions>
      </trkpt>
      <trkpt lat="43.8879" lon="4.595978">
        <ele>20</ele>
        <extensions>
          <gpxtpx:TrackPointExtension>
            <gpxtpx:Extensions>
              <highway>tertiary</highway>
              <surface>asphalt</surface>
              <bicycle>designated</bicycle>
              <route_bicycle_lcn>yes</route_bicycle_lcn>
            </gpxtpx:Extensions>
          </gpxtpx:TrackPointExtension>
        </extensions>
      </trkpt>
      <trkpt lat="43.888139" lon="4.596044">
        <ele>20.5</ele>
        <extensions>
          <gpxtpx:TrackPointExtension>
            <gpxtpx:Extensions>
              <highway>tertiary</highway>
              <surface>asphalt</surface>
              <bicycle>designated</bicycle>
              <route_bicycle_lcn>yes</route_bicycle_lcn>
            </gpxtpx:Extensions>
          </gpxtpx:TrackPointExtension>
        </extensions>
      </trkpt>
      <trkpt lat="43.88839" lon="4.596113">
        <ele>20.75</ele>
        <extensions>
          <gpxtpx:TrackPointExtension>
            <gpxtpx:Extensions>
              <highway>tertiary</highway>
              <surface>asphalt</surface>
              <bicycle>designated</bicycle>
              <route_bicycle_lcn>yes</route_bicycle_lcn>
            </gpxtpx:Extensions>
          </gpxtpx:TrackPointExtension>
        </extensions>
      </trkpt>
      <trkpt lat="43.889778" lon="4.596514">
        <ele>22.75</ele>
        <extensions>
          <gpxtpx:TrackPointExtension>
            <gpxtpx:Extensions>
              <highway>tertiary</highway>
              <surface>asphalt</surface>
              <bicycle>designated</bicycle>
              <route_bicycle_lcn>yes</route_bicycle_lcn>
            </gpxtpx:Extensions>
          </gpxtpx:TrackPointExtension>
        </extensions>
      </trkpt>
      <trkpt lat="43.890037" lon="4.596588">
        <ele>23.5</ele>
        <extensions>
          <gpxtpx:TrackPointExtension>
            <gpxtpx:Extensions>
              <highway>tertiary</highway>
              <surface>asphalt</surface>
              <bicycle>designated</bicycle>
              <route_bicycle_lcn>yes</route_bicycle_lcn>
            </gpxtpx:Extensions>
          </gpxtpx:TrackPointExtension>
        </extensions>
      </trkpt>
      <trkpt lat="43.890395" lon="4.596709">
        <ele>24.5</ele>
        <extensions>
          <gpxtpx:TrackPointExtension>
            <gpxtpx:Extensions>
              <highway>tertiary</highway>
              <surface>asphalt</surface>
              <bicycle>designated</bicycle>
              <route_bicycle_lcn>yes</route_bicycle_lcn>
            </gpxtpx:Extensions>
          </gpxtpx:TrackPointExtension>
        </extensions>
      </trkpt>
      <trkpt lat="43.890483" lon="4.596742">
        <ele>24.75</ele>
        <extensions>
          <gpxtpx:TrackPointExtension>
            <gpxtpx:Extensions>
              <highway>tertiary</highway>
              <surface>asphalt</surface>
              <bicycle>designated</bicycle>
              <route_bicycle_lcn>yes</route_bicycle_lcn>
            </gpxtpx:Extensions>
          </gpxtpx:TrackPointExtension>
        </extensions>
      </trkpt>
      <trkpt lat="43.890549" lon="4.596763">
        <ele>25</ele>
        <extensions>
          <gpxtpx:TrackPointExtension>
            <gpxtpx:Extensions>
              <highway>tertiary</highway>
              <surface>asphalt</surface>
              <bicycle>designated</bicycle>
              <route_bicycle_lcn>yes</route_bicycle_lcn>
            </gpxtpx:Extensions>
          </gpxtpx:TrackPointExtension>
        </extensions>
      </trkpt>
      <trkpt lat="43.891733" lon="4.597279">
        <ele>27.25</ele>
        <extensions>
          <gpxtpx:TrackPointExtension>
            <gpxtpx:Extensions>
              <highway>tertiary</highway>
              <surface>asphalt</surface>
              <bicycle>designated</bicycle>
              <route_bicycle_lcn>yes</route_bicycle_lcn>
            </gpxtpx:Extensions>
          </gpxtpx:TrackPointExtension>
        </extensions>
      </trkpt>
      <trkpt lat="43.891962" lon="4.597352">
        <ele>27.75</ele>
        <extensions>
          <gpxtpx:TrackPointExtension>
            <gpxtpx:Extensions>
              <highway>tertiary</highway>
              <surface>asphalt</surface>
              <bicycle>designated</bicycle>
              <route_bicycle_lcn>yes</route_bicycle_lcn>
            </gpxtpx:Extensions>
          </gpxtpx:TrackPointExtension>
        </extensions>
      </trkpt>
      <trkpt lat="43.892101" lon="4.597374">
        <ele>27.75</ele>
        <extensions>
          <gpxtpx:TrackPointExtension>
            <gpxtpx:Extensions>
              <highway>tertiary</highway>
              <surface>asphalt</surface>
              <bicycle>designated</bicycle>
              <route_bicycle_lcn>yes</route_bicycle_lcn>
            </gpxtpx:Extensions>
          </gpxtpx:TrackPointExtension>
        </extensions>
      </trkpt>
      <trkpt lat="43.892168" lon="4.597376">
        <ele>28</ele>
        <extensions>
          <gpxtpx:TrackPointExtension>
            <gpxtpx:Extensions>
              <highway>tertiary</highway>
              <surface>asphalt</surface>
              <bicycle>designated</bicycle>
              <route_bicycle_lcn>yes</route_bicycle_lcn>
            </gpxtpx:Extensions>
          </gpxtpx:TrackPointExtension>
        </extensions>
      </trkpt>
      <trkpt lat="43.892302" lon="4.597341">
        <ele>28</ele>
        <extensions>
          <gpxtpx:TrackPointExtension>
            <gpxtpx:Extensions>
              <highway>tertiary</highway>
              <surface>asphalt</surface>
              <bicycle>designated</bicycle>
              <route_bicycle_lcn>yes</route_bicycle_lcn>
            </gpxtpx:Extensions>
          </gpxtpx:TrackPointExtension>
        </extensions>
      </trkpt>
      <trkpt lat="43.892447" lon="4.597274">
        <ele>27.75</ele>
        <extensions>
          <gpxtpx:TrackPointExtension>
            <gpxtpx:Extensions>
              <highway>tertiary</highway>
              <surface>asphalt</surface>
              <bicycle>designated</bicycle>
              <route_bicycle_lcn>yes</route_bicycle_lcn>
            </gpxtpx:Extensions>
          </gpxtpx:TrackPointExtension>
        </extensions>
      </trkpt>
      <trkpt lat="43.892881" lon="4.597032">
        <ele>26.75</ele>
        <extensions>
          <gpxtpx:TrackPointExtension>
            <gpxtpx:Extensions>
              <highway>tertiary</highway>
              <surface>asphalt</surface>
              <bicycle>designated</bicycle>
              <route_bicycle_lcn>yes</route_bicycle_lcn>
            </gpxtpx:Extensions>
          </gpxtpx:TrackPointExtension>
        </extensions>
      </trkpt>
      <trkpt lat="43.893041" lon="4.596965">
        <ele>26.25</ele>
        <extensions>
          <gpxtpx:TrackPointExtension>
            <gpxtpx:Extensions>
              <highway>tertiary</highway>
              <surface>asphalt</surface>
              <bicycle>designated</bicycle>
              <route_bicycle_lcn>yes</route_bicycle_lcn>
            </gpxtpx:Extensions>
          </gpxtpx:TrackPointExtension>
        </extensions>
      </trkpt>
      <trkpt lat="43.893192" lon="4.596926">
        <ele>26</ele>
        <extensions>
          <gpxtpx:TrackPointExtension>
            <gpxtpx:Extensions>
              <highway>tertiary</highway>
              <surface>asphalt</surface>
              <bicycle>designated</bicycle>
              <route_bicycle_lcn>yes</route_bicycle_lcn>
            </gpxtpx:Extensions>
          </gpxtpx:TrackPointExtension>
        </extensions>
      </trkpt>
      <trkpt lat="43.893492" lon="4.596881">
        <ele>25.75</ele>
        <extensions>
          <gpxtpx:TrackPointExtension>
            <gpxtpx:Extensions>
              <highway>tertiary</highway>
              <surface>asphalt</surface>
              <bicycle>designated</bicycle>
              <route_bicycle_lcn>yes</route_bicycle_lcn>
            </gpxtpx:Extensions>
          </gpxtpx:TrackPointExtension>
        </extensions>
      </trkpt>
      <trkpt lat="43.894098" lon="4.59682">
        <ele>24.75</ele>
        <extensions>
          <gpxtpx:TrackPointExtension>
            <gpxtpx:Extensions>
              <highway>tertiary</highway>
              <surface>asphalt</surface>
              <bicycle>designated</bicycle>
              <route_bicycle_lcn>yes</route_bicycle_lcn>
            </gpxtpx:Extensions>
          </gpxtpx:TrackPointExtension>
        </extensions>
      </trkpt>
      <trkpt lat="43.894709" lon="4.596712">
        <ele>25.25</ele>
        <extensions>
          <gpxtpx:TrackPointExtension>
            <gpxtpx:Extensions>
              <highway>tertiary</highway>
              <surface>asphalt</surface>
              <bicycle>designated</bicycle>
              <route_bicycle_lcn>yes</route_bicycle_lcn>
            </gpxtpx:Extensions>
          </gpxtpx:TrackPointExtension>
        </extensions>
      </trkpt>
      <trkpt lat="43.895046" lon="4.59667">
        <ele>26</ele>
        <extensions>
          <gpxtpx:TrackPointExtension>
            <gpxtpx:Extensions>
              <highway>tertiary</highway>
              <surface>asphalt</surface>
              <bicycle>designated</bicycle>
              <route_bicycle_lcn>yes</route_bicycle_lcn>
            </gpxtpx:Extensions>
          </gpxtpx:TrackPointExtension>
        </extensions>
      </trkpt>
      <trkpt lat="43.895194" lon="4.596667">
        <ele>26</ele>
        <extensions>
          <gpxtpx:TrackPointExtension>
            <gpxtpx:Extensions>
              <highway>tertiary</highway>
            </gpxtpx:Extensions>
          </gpxtpx:TrackPointExtension>
        </extensions>
      </trkpt>
      <trkpt lat="43.895454" lon="4.596677">
        <ele>26.5</ele>
        <extensions>
          <gpxtpx:TrackPointExtension>
            <gpxtpx:Extensions>
              <highway>tertiary</highway>
            </gpxtpx:Extensions>
          </gpxtpx:TrackPointExtension>
        </extensions>
      </trkpt>
      <trkpt lat="43.896673" lon="4.596772">
        <ele>27.25</ele>
        <extensions>
          <gpxtpx:TrackPointExtension>
            <gpxtpx:Extensions>
              <highway>tertiary</highway>
            </gpxtpx:Extensions>
          </gpxtpx:TrackPointExtension>
        </extensions>
      </trkpt>
      <trkpt lat="43.896955" lon="4.596814">
        <ele>27.25</ele>
        <extensions>
          <gpxtpx:TrackPointExtension>
            <gpxtpx:Extensions>
              <highway>tertiary</highway>
            </gpxtpx:Extensions>
          </gpxtpx:TrackPointExtension>
        </extensions>
      </trkpt>
      <trkpt lat="43.897096" lon="4.596854">
        <ele>27.25</ele>
        <extensions>
          <gpxtpx:TrackPointExtension>
            <gpxtpx:Extensions>
              <highway>tertiary</highway>
            </gpxtpx:Extensions>
          </gpxtpx:TrackPointExtension>
        </extensions>
      </trkpt>
      <trkpt lat="43.897241" lon="4.596921">
        <ele>27.25</ele>
        <extensions>
          <gpxtpx:TrackPointExtension>
            <gpxtpx:Extensions>
              <highway>tertiary</highway>
            </gpxtpx:Extensions>
          </gpxtpx:TrackPointExtension>
        </extensions>
      </trkpt>
      <trkpt lat="43.897386" lon="4.597012">
        <ele>27.25</ele>
        <extensions>
          <gpxtpx:TrackPointExtension>
            <gpxtpx:Extensions>
              <highway>tertiary</highway>
            </gpxtpx:Extensions>
          </gpxtpx:TrackPointExtension>
        </extensions>
      </trkpt>
      <trkpt lat="43.898151" lon="4.597578">
        <ele>28</ele>
        <extensions>
          <gpxtpx:TrackPointExtension>
            <gpxtpx:Extensions>
              <highway>tertiary</highway>
            </gpxtpx:Extensions>
          </gpxtpx:TrackPointExtension>
        </extensions>
      </trkpt>
      <trkpt lat="43.898452" lon="4.597779">
        <ele>28</ele>
        <extensions>
          <gpxtpx:TrackPointExtension>
            <gpxtpx:Extensions>
              <highway>tertiary</highway>
            </gpxtpx:Extensions>
          </gpxtpx:TrackPointExtension>
        </extensions>
      </trkpt>
      <trkpt lat="43.898616" lon="4.597868">
        <ele>28</ele>
        <extensions>
          <gpxtpx:TrackPointExtension>
            <gpxtpx:Extensions>
              <highway>tertiary</highway>
            </gpxtpx:Extensions>
          </gpxtpx:TrackPointExtension>
        </extensions>
      </trkpt>
      <trkpt lat="43.89893" lon="4.598003">
        <ele>28.25</ele>
        <extensions>
          <gpxtpx:TrackPointExtension>
            <gpxtpx:Extensions>
              <highway>tertiary</highway>
            </gpxtpx:Extensions>
          </gpxtpx:TrackPointExtension>
        </extensions>
      </trkpt>
      <trkpt lat="43.899265" lon="4.598131">
        <ele>28.5</ele>
        <extensions>
          <gpxtpx:TrackPointExtension>
            <gpxtpx:Extensions>
              <highway>tertiary</highway>
            </gpxtpx:Extensions>
          </gpxtpx:TrackPointExtension>
        </extensions>
      </trkpt>
      <trkpt lat="43.899601" lon="4.598237">
        <ele>28.75</ele>
        <extensions>
          <gpxtpx:TrackPointExtension>
            <gpxtpx:Extensions>
              <highway>tertiary</highway>
            </gpxtpx:Extensions>
          </gpxtpx:TrackPointExtension>
        </extensions>
      </trkpt>
      <trkpt lat="43.899959" lon="4.598307">
        <ele>28.75</ele>
        <extensions>
          <gpxtpx:TrackPointExtension>
            <gpxtpx:Extensions>
              <highway>tertiary</highway>
            </gpxtpx:Extensions>
          </gpxtpx:TrackPointExtension>
        </extensions>
      </trkpt>
      <trkpt lat="43.900303" lon="4.598352">
        <ele>28.5</ele>
        <extensions>
          <gpxtpx:TrackPointExtension>
            <gpxtpx:Extensions>
              <highway>tertiary</highway>
            </gpxtpx:Extensions>
          </gpxtpx:TrackPointExtension>
        </extensions>
      </trkpt>
      <trkpt lat="43.900638" lon="4.598366">
        <ele>28</ele>
        <extensions>
          <gpxtpx:TrackPointExtension>
            <gpxtpx:Extensions>
              <highway>tertiary</highway>
            </gpxtpx:Extensions>
          </gpxtpx:TrackPointExtension>
        </extensions>
      </trkpt>
      <trkpt lat="43.902038" lon="4.598379">
        <ele>23</ele>
        <extensions>
          <gpxtpx:TrackPointExtension>
            <gpxtpx:Extensions>
              <highway>tertiary</highway>
            </gpxtpx:Extensions>
          </gpxtpx:TrackPointExtension>
        </extensions>
      </trkpt>
      <trkpt lat="43.902217" lon="4.598396">
        <ele>23.25</ele>
        <extensions>
          <gpxtpx:TrackPointExtension>
            <gpxtpx:Extensions>
              <highway>tertiary</highway>
            </gpxtpx:Extensions>
          </gpxtpx:TrackPointExtension>
        </extensions>
      </trkpt>
      <trkpt lat="43.902396" lon="4.598431">
        <ele>23.25</ele>
        <extensions>
          <gpxtpx:TrackPointExtension>
            <gpxtpx:Extensions>
              <highway>tertiary</highway>
            </gpxtpx:Extensions>
          </gpxtpx:TrackPointExtension>
        </extensions>
      </trkpt>
      <trkpt lat="43.902572" lon="4.598485">
        <ele>23.5</ele>
        <extensions>
          <gpxtpx:TrackPointExtension>
            <gpxtpx:Extensions>
              <highway>tertiary</highway>
            </gpxtpx:Extensions>
          </gpxtpx:TrackPointExtension>
        </extensions>
      </trkpt>
      <trkpt lat="43.903075" lon="4.598698">
        <ele>24.75</ele>
        <extensions>
          <gpxtpx:TrackPointExtension>
            <gpxtpx:Extensions>
              <highway>tertiary</highway>
            </gpxtpx:Extensions>
          </gpxtpx:TrackPointExtension>
        </extensions>
      </trkpt>
      <trkpt lat="43.903262" lon="4.598767">
        <ele>25</ele>
        <extensions>
          <gpxtpx:TrackPointExtension>
            <gpxtpx:Extensions>
              <highway>tertiary</highway>
            </gpxtpx:Extensions>
          </gpxtpx:TrackPointExtension>
        </extensions>
      </trkpt>
      <trkpt lat="43.903778" lon="4.59886">
        <ele>26</ele>
        <extensions>
          <gpxtpx:TrackPointExtension>
            <gpxtpx:Extensions>
              <highway>tertiary</highway>
            </gpxtpx:Extensions>
          </gpxtpx:TrackPointExtension>
        </extensions>
      </trkpt>
      <trkpt lat="43.903938" lon="4.598906">
        <ele>26.25</ele>
        <extensions>
          <gpxtpx:TrackPointExtension>
            <gpxtpx:Extensions>
              <highway>tertiary</highway>
            </gpxtpx:Extensions>
          </gpxtpx:TrackPointExtension>
        </extensions>
      </trkpt>
      <trkpt lat="43.904567" lon="4.599181">
        <ele>27.25</ele>
        <extensions>
          <gpxtpx:TrackPointExtension>
            <gpxtpx:Extensions>
              <highway>tertiary</highway>
            </gpxtpx:Extensions>
          </gpxtpx:TrackPointExtension>
        </extensions>
      </trkpt>
      <trkpt lat="43.90531" lon="4.599424">
        <ele>26.5</ele>
        <extensions>
          <gpxtpx:TrackPointExtension>
            <gpxtpx:Extensions>
              <highway>tertiary</highway>
            </gpxtpx:Extensions>
          </gpxtpx:TrackPointExtension>
        </extensions>
      </trkpt>
      <trkpt lat="43.906548" lon="4.599909">
        <ele>22.25</ele>
        <extensions>
          <gpxtpx:TrackPointExtension>
            <gpxtpx:Extensions>
              <highway>tertiary</highway>
            </gpxtpx:Extensions>
          </gpxtpx:TrackPointExtension>
        </extensions>
      </trkpt>
      <trkpt lat="43.906712" lon="4.599953">
        <ele>21.75</ele>
        <extensions>
          <gpxtpx:TrackPointExtension>
            <gpxtpx:Extensions>
              <highway>tertiary</highway>
            </gpxtpx:Extensions>
          </gpxtpx:TrackPointExtension>
        </extensions>
      </trkpt>
      <trkpt lat="43.90688" lon="4.599978">
        <ele>21.25</ele>
        <extensions>
          <gpxtpx:TrackPointExtension>
            <gpxtpx:Extensions>
              <highway>tertiary</highway>
            </gpxtpx:Extensions>
          </gpxtpx:TrackPointExtension>
        </extensions>
      </trkpt>
      <trkpt lat="43.907052" lon="4.599983">
        <ele>21</ele>
        <extensions>
          <gpxtpx:TrackPointExtension>
            <gpxtpx:Extensions>
              <highway>tertiary</highway>
            </gpxtpx:Extensions>
          </gpxtpx:TrackPointExtension>
        </extensions>
      </trkpt>
      <trkpt lat="43.907327" lon="4.599966">
        <ele>20.25</ele>
        <extensions>
          <gpxtpx:TrackPointExtension>
            <gpxtpx:Extensions>
              <highway>tertiary</highway>
            </gpxtpx:Extensions>
          </gpxtpx:TrackPointExtension>
        </extensions>
      </trkpt>
      <trkpt lat="43.907764" lon="4.599938">
        <ele>20.5</ele>
        <extensions>
          <gpxtpx:TrackPointExtension>
            <gpxtpx:Extensions>
              <highway>tertiary</highway>
            </gpxtpx:Extensions>
          </gpxtpx:TrackPointExtension>
        </extensions>
      </trkpt>
      <trkpt lat="43.908118" lon="4.599894">
        <ele>21.5</ele>
        <extensions>
          <gpxtpx:TrackPointExtension>
            <gpxtpx:Extensions>
              <highway>tertiary</highway>
            </gpxtpx:Extensions>
          </gpxtpx:TrackPointExtension>
        </extensions>
      </trkpt>
      <trkpt lat="43.90829" lon="4.599861">
        <ele>22</ele>
        <extensions>
          <gpxtpx:TrackPointExtension>
            <gpxtpx:Extensions>
              <highway>tertiary</highway>
            </gpxtpx:Extensions>
          </gpxtpx:TrackPointExtension>
        </extensions>
      </trkpt>
      <trkpt lat="43.908618" lon="4.599764">
        <ele>21.5</ele>
        <extensions>
          <gpxtpx:TrackPointExtension>
            <gpxtpx:Extensions>
              <highway>tertiary</highway>
            </gpxtpx:Extensions>
          </gpxtpx:TrackPointExtension>
        </extensions>
      </trkpt>
      <trkpt lat="43.909402" lon="4.599504">
        <ele>19.25</ele>
        <extensions>
          <gpxtpx:TrackPointExtension>
            <gpxtpx:Extensions>
              <highway>tertiary</highway>
            </gpxtpx:Extensions>
          </gpxtpx:TrackPointExtension>
        </extensions>
      </trkpt>
      <trkpt lat="43.909554" lon="4.59947">
        <ele>18.75</ele>
        <extensions>
          <gpxtpx:TrackPointExtension>
            <gpxtpx:Extensions>
              <highway>tertiary</highway>
            </gpxtpx:Extensions>
          </gpxtpx:TrackPointExtension>
        </extensions>
      </trkpt>
      <trkpt lat="43.909686" lon="4.59947">
        <ele>18.5</ele>
        <extensions>
          <gpxtpx:TrackPointExtension>
            <gpxtpx:Extensions>
              <highway>tertiary</highway>
            </gpxtpx:Extensions>
          </gpxtpx:TrackPointExtension>
        </extensions>
      </trkpt>
      <trkpt lat="43.909768" lon="4.5995">
        <ele>18.25</ele>
        <extensions>
          <gpxtpx:TrackPointExtension>
            <gpxtpx:Extensions>
              <highway>tertiary</highway>
            </gpxtpx:Extensions>
          </gpxtpx:TrackPointExtension>
        </extensions>
      </trkpt>
      <trkpt lat="43.90986" lon="4.59956">
        <ele>18.25</ele>
        <extensions>
          <gpxtpx:TrackPointExtension>
            <gpxtpx:Extensions>
              <highway>tertiary</highway>
            </gpxtpx:Extensions>
          </gpxtpx:TrackPointExtension>
        </extensions>
      </trkpt>
      <trkpt lat="43.910122" lon="4.599795">
        <ele>18.25</ele>
        <extensions>
          <gpxtpx:TrackPointExtension>
            <gpxtpx:Extensions>
              <highway>tertiary</highway>
            </gpxtpx:Extensions>
          </gpxtpx:TrackPointExtension>
        </extensions>
      </trkpt>
      <trkpt lat="43.910232" lon="4.599862">
        <ele>18.25</ele>
        <extensions>
          <gpxtpx:TrackPointExtension>
            <gpxtpx:Extensions>
              <highway>tertiary</highway>
            </gpxtpx:Extensions>
          </gpxtpx:TrackPointExtension>
        </extensions>
      </trkpt>
      <trkpt lat="43.910349" lon="4.59989">
        <ele>18.25</ele>
        <extensions>
          <gpxtpx:TrackPointExtension>
            <gpxtpx:Extensions>
              <highway>tertiary</highway>
            </gpxtpx:Extensions>
          </gpxtpx:TrackPointExtension>
        </extensions>
      </trkpt>
      <trkpt lat="43.910483" lon="4.599888">
        <ele>18</ele>
        <extensions>
          <gpxtpx:TrackPointExtension>
            <gpxtpx:Extensions>
              <highway>tertiary</highway>
            </gpxtpx:Extensions>
          </gpxtpx:TrackPointExtension>
        </extensions>
      </trkpt>
      <trkpt lat="43.910941" lon="4.599856">
        <ele>17.75</ele>
        <extensions>
          <gpxtpx:TrackPointExtension>
            <gpxtpx:Extensions>
              <highway>tertiary</highway>
            </gpxtpx:Extensions>
          </gpxtpx:TrackPointExtension>
        </extensions>
      </trkpt>
      <trkpt lat="43.911403" lon="4.599804">
        <ele>18</ele>
        <extensions>
          <gpxtpx:TrackPointExtension>
            <gpxtpx:Extensions>
              <highway>tertiary</highway>
            </gpxtpx:Extensions>
          </gpxtpx:TrackPointExtension>
        </extensions>
      </trkpt>
      <trkpt lat="43.911712" lon="4.59976">
        <ele>18.25</ele>
        <extensions>
          <gpxtpx:TrackPointExtension>
            <gpxtpx:Extensions>
              <highway>tertiary</highway>
            </gpxtpx:Extensions>
          </gpxtpx:TrackPointExtension>
        </extensions>
      </trkpt>
      <trkpt lat="43.912192" lon="4.599662">
        <ele>18.25</ele>
        <extensions>
          <gpxtpx:TrackPointExtension>
            <gpxtpx:Extensions>
              <highway>tertiary</highway>
            </gpxtpx:Extensions>
          </gpxtpx:TrackPointExtension>
        </extensions>
      </trkpt>
      <trkpt lat="43.912528" lon="4.599606">
        <ele>18.25</ele>
        <extensions>
          <gpxtpx:TrackPointExtension>
            <gpxtpx:Extensions>
              <highway>tertiary</highway>
            </gpxtpx:Extensions>
          </gpxtpx:TrackPointExtension>
        </extensions>
      </trkpt>
      <trkpt lat="43.912852" lon="4.599571">
        <ele>17.5</ele>
        <extensions>
          <gpxtpx:TrackPointExtension>
            <gpxtpx:Extensions>
              <highway>tertiary</highway>
            </gpxtpx:Extensions>
          </gpxtpx:TrackPointExtension>
        </extensions>
      </trkpt>
      <trkpt lat="43.913325" lon="4.599536">
        <ele>16.25</ele>
        <extensions>
          <gpxtpx:TrackPointExtension>
            <gpxtpx:Extensions>
              <highway>tertiary</highway>
            </gpxtpx:Extensions>
          </gpxtpx:TrackPointExtension>
        </extensions>
      </trkpt>
      <trkpt lat="43.913482" lon="4.599504">
        <ele>16.25</ele>
        <extensions>
          <gpxtpx:TrackPointExtension>
            <gpxtpx:Extensions>
              <highway>tertiary</highway>
            </gpxtpx:Extensions>
          </gpxtpx:TrackPointExtension>
        </extensions>
      </trkpt>
      <trkpt lat="43.913758" lon="4.599414">
        <ele>16.25</ele>
        <extensions>
          <gpxtpx:TrackPointExtension>
            <gpxtpx:Extensions>
              <highway>tertiary</highway>
            </gpxtpx:Extensions>
          </gpxtpx:TrackPointExtension>
        </extensions>
      </trkpt>
      <trkpt lat="43.914215" lon="4.599211">
        <ele>16</ele>
        <extensions>
          <gpxtpx:TrackPointExtension>
            <gpxtpx:Extensions>
              <highway>tertiary</highway>
            </gpxtpx:Extensions>
          </gpxtpx:TrackPointExtension>
        </extensions>
      </trkpt>
      <trkpt lat="43.914622" lon="4.598988">
        <ele>16.5</ele>
        <extensions>
          <gpxtpx:TrackPointExtension>
            <gpxtpx:Extensions>
              <highway>tertiary</highway>
            </gpxtpx:Extensions>
          </gpxtpx:TrackPointExtension>
        </extensions>
      </trkpt>
      <trkpt lat="43.915359" lon="4.598477">
        <ele>16.75</ele>
        <extensions>
          <gpxtpx:TrackPointExtension>
            <gpxtpx:Extensions>
              <highway>tertiary</highway>
            </gpxtpx:Extensions>
          </gpxtpx:TrackPointExtension>
        </extensions>
      </trkpt>
      <trkpt lat="43.915507" lon="4.598366">
        <ele>16.75</ele>
        <extensions>
          <gpxtpx:TrackPointExtension>
            <gpxtpx:Extensions>
              <highway>tertiary</highway>
            </gpxtpx:Extensions>
          </gpxtpx:TrackPointExtension>
        </extensions>
      </trkpt>
      <trkpt lat="43.915832" lon="4.598116">
        <ele>16.5</ele>
        <extensions>
          <gpxtpx:TrackPointExtension>
            <gpxtpx:Extensions>
              <highway>tertiary</highway>
            </gpxtpx:Extensions>
          </gpxtpx:TrackPointExtension>
        </extensions>
      </trkpt>
      <trkpt lat="43.916249" lon="4.597744">
        <ele>16.75</ele>
        <extensions>
          <gpxtpx:TrackPointExtension>
            <gpxtpx:Extensions>
              <highway>tertiary</highway>
            </gpxtpx:Extensions>
          </gpxtpx:TrackPointExtension>
        </extensions>
      </trkpt>
      <trkpt lat="43.916392" lon="4.597595">
        <ele>17</ele>
        <extensions>
          <gpxtpx:TrackPointExtension>
            <gpxtpx:Extensions>
              <highway>tertiary</highway>
            </gpxtpx:Extensions>
          </gpxtpx:TrackPointExtension>
        </extensions>
      </trkpt>
      <trkpt lat="43.916772" lon="4.597146">
        <ele>17.75</ele>
        <extensions>
          <gpxtpx:TrackPointExtension>
            <gpxtpx:Extensions>
              <highway>tertiary</highway>
            </gpxtpx:Extensions>
          </gpxtpx:TrackPointExtension>
        </extensions>
      </trkpt>
      <trkpt lat="43.917027" lon="4.596872">
        <ele>17.75</ele>
        <extensions>
          <gpxtpx:TrackPointExtension>
            <gpxtpx:Extensions>
              <highway>tertiary</highway>
            </gpxtpx:Extensions>
          </gpxtpx:TrackPointExtension>
        </extensions>
      </trkpt>
      <trkpt lat="43.917138" lon="4.596741">
        <ele>17.75</ele>
        <extensions>
          <gpxtpx:TrackPointExtension>
            <gpxtpx:Extensions>
              <highway>tertiary</highway>
            </gpxtpx:Extensions>
          </gpxtpx:TrackPointExtension>
        </extensions>
      </trkpt>
      <trkpt lat="43.917233" lon="4.596607">
        <ele>17.75</ele>
        <extensions>
          <gpxtpx:TrackPointExtension>
            <gpxtpx:Extensions>
              <highway>tertiary</highway>
            </gpxtpx:Extensions>
          </gpxtpx:TrackPointExtension>
        </extensions>
      </trkpt>
      <trkpt lat="43.917461" lon="4.596228">
        <ele>17.25</ele>
        <extensions>
          <gpxtpx:TrackPointExtension>
            <gpxtpx:Extensions>
              <highway>tertiary</highway>
            </gpxtpx:Extensions>
          </gpxtpx:TrackPointExtension>
        </extensions>
      </trkpt>
      <trkpt lat="43.917526" lon="4.596178">
        <ele>17.25</ele>
        <extensions>
          <gpxtpx:TrackPointExtension>
            <gpxtpx:Extensions>
              <highway>tertiary</highway>
            </gpxtpx:Extensions>
          </gpxtpx:TrackPointExtension>
        </extensions>
      </trkpt>
      <trkpt lat="43.91756" lon="4.59618">
        <ele>17.25</ele>
        <extensions>
          <gpxtpx:TrackPointExtension>
            <gpxtpx:Extensions>
              <highway>tertiary</highway>
            </gpxtpx:Extensions>
          </gpxtpx:TrackPointExtension>
        </extensions>
      </trkpt>
      <trkpt lat="43.917591" lon="4.596196">
        <ele>17.25</ele>
        <extensions>
          <gpxtpx:TrackPointExtension>
            <gpxtpx:Extensions>
              <highway>tertiary</highway>
            </gpxtpx:Extensions>
          </gpxtpx:TrackPointExtension>
        </extensions>
      </trkpt>
      <trkpt lat="43.917786" lon="4.596404">
        <ele>17.25</ele>
        <extensions>
          <gpxtpx:TrackPointExtension>
            <gpxtpx:Extensions>
              <highway>tertiary</highway>
            </gpxtpx:Extensions>
          </gpxtpx:TrackPointExtension>
        </extensions>
      </trkpt>
      <trkpt lat="43.918598" lon="4.597046">
        <ele>17.25</ele>
        <extensions>
          <gpxtpx:TrackPointExtension>
            <gpxtpx:Extensions>
              <highway>tertiary</highway>
            </gpxtpx:Extensions>
          </gpxtpx:TrackPointExtension>
        </extensions>
      </trkpt>
      <trkpt lat="43.918795" lon="4.597186">
        <ele>17.5</ele>
        <extensions>
          <gpxtpx:TrackPointExtension>
            <gpxtpx:Extensions>
              <reversedirection>yes</reversedirection>
              <highway>tertiary</highway>
              <surface>asphalt</surface>
            </gpxtpx:Extensions>
          </gpxtpx:TrackPointExtension>
        </extensions>
      </trkpt>
      <trkpt lat="43.918846" lon="4.59714">
        <ele>17.5</ele>
        <extensions>
          <gpxtpx:TrackPointExtension>
            <gpxtpx:Extensions>
              <reversedirection>yes</reversedirection>
              <highway>tertiary</highway>
              <surface>asphalt</surface>
            </gpxtpx:Extensions>
          </gpxtpx:TrackPointExtension>
        </extensions>
      </trkpt>
      <trkpt lat="43.919606" lon="4.596546">
        <ele>17.75</ele>
        <extensions>
          <gpxtpx:TrackPointExtension>
            <gpxtpx:Extensions>
              <reversedirection>yes</reversedirection>
              <highway>tertiary</highway>
              <surface>asphalt</surface>
            </gpxtpx:Extensions>
          </gpxtpx:TrackPointExtension>
        </extensions>
      </trkpt>
      <trkpt lat="43.91967" lon="4.596468">
        <ele>17.75</ele>
        <extensions>
          <gpxtpx:TrackPointExtension>
            <gpxtpx:Extensions>
              <reversedirection>yes</reversedirection>
              <highway>tertiary</highway>
              <surface>asphalt</surface>
            </gpxtpx:Extensions>
          </gpxtpx:TrackPointExtension>
        </extensions>
      </trkpt>
      <trkpt lat="43.919797" lon="4.596313">
        <ele>17.5</ele>
        <extensions>
          <gpxtpx:TrackPointExtension>
            <gpxtpx:Extensions>
              <reversedirection>yes</reversedirection>
              <highway>tertiary</highway>
              <surface>asphalt</surface>
            </gpxtpx:Extensions>
          </gpxtpx:TrackPointExtension>
        </extensions>
      </trkpt>
      <trkpt lat="43.920014" lon="4.595878">
        <ele>17</ele>
        <extensions>
          <gpxtpx:TrackPointExtension>
            <gpxtpx:Extensions>
              <reversedirection>yes</reversedirection>
              <highway>tertiary</highway>
              <surface>asphalt</surface>
            </gpxtpx:Extensions>
          </gpxtpx:TrackPointExtension>
        </extensions>
      </trkpt>
      <trkpt lat="43.920115" lon="4.595747">
        <ele>17</ele>
        <extensions>
          <gpxtpx:TrackPointExtension>
            <gpxtpx:Extensions>
              <reversedirection>yes</reversedirection>
              <highway>tertiary</highway>
              <surface>asphalt</surface>
            </gpxtpx:Extensions>
          </gpxtpx:TrackPointExtension>
        </extensions>
      </trkpt>
      <trkpt lat="43.920231" lon="4.595661">
        <ele>17.25</ele>
        <extensions>
          <gpxtpx:TrackPointExtension>
            <gpxtpx:Extensions>
              <reversedirection>yes</reversedirection>
              <highway>tertiary</highway>
              <surface>asphalt</surface>
            </gpxtpx:Extensions>
          </gpxtpx:TrackPointExtension>
        </extensions>
      </trkpt>
      <trkpt lat="43.920348" lon="4.595645">
        <ele>17.5</ele>
        <extensions>
          <gpxtpx:TrackPointExtension>
            <gpxtpx:Extensions>
              <reversedirection>yes</reversedirection>
              <highway>tertiary</highway>
              <surface>asphalt</surface>
            </gpxtpx:Extensions>
          </gpxtpx:TrackPointExtension>
        </extensions>
      </trkpt>
      <trkpt lat="43.920426" lon="4.595651">
        <ele>17.5</ele>
        <extensions>
          <gpxtpx:TrackPointExtension>
            <gpxtpx:Extensions>
              <reversedirection>yes</reversedirection>
              <highway>tertiary</highway>
              <surface>asphalt</surface>
            </gpxtpx:Extensions>
          </gpxtpx:TrackPointExtension>
        </extensions>
      </trkpt>
      <trkpt lat="43.920529" lon="4.595697">
        <ele>17.75</ele>
        <extensions>
          <gpxtpx:TrackPointExtension>
            <gpxtpx:Extensions>
              <reversedirection>yes</reversedirection>
              <highway>tertiary</highway>
              <surface>asphalt</surface>
            </gpxtpx:Extensions>
          </gpxtpx:TrackPointExtension>
        </extensions>
      </trkpt>
      <trkpt lat="43.921032" lon="4.596046">
        <ele>18.5</ele>
        <extensions>
          <gpxtpx:TrackPointExtension>
            <gpxtpx:Extensions>
              <reversedirection>yes</reversedirection>
              <highway>tertiary</highway>
              <surface>asphalt</surface>
            </gpxtpx:Extensions>
          </gpxtpx:TrackPointExtension>
        </extensions>
      </trkpt>
      <trkpt lat="43.921134" lon="4.59609">
        <ele>18.75</ele>
        <extensions>
          <gpxtpx:TrackPointExtension>
            <gpxtpx:Extensions>
              <reversedirection>yes</reversedirection>
              <highway>tertiary</highway>
              <surface>asphalt</surface>
            </gpxtpx:Extensions>
          </gpxtpx:TrackPointExtension>
        </extensions>
      </trkpt>
      <trkpt lat="43.921235" lon="4.596116">
        <ele>19</ele>
        <extensions>
          <gpxtpx:TrackPointExtension>
            <gpxtpx:Extensions>
              <reversedirection>yes</reversedirection>
              <highway>tertiary</highway>
              <surface>asphalt</surface>
            </gpxtpx:Extensions>
          </gpxtpx:TrackPointExtension>
        </extensions>
      </trkpt>
      <trkpt lat="43.921356" lon="4.59612">
        <ele>19.25</ele>
        <extensions>
          <gpxtpx:TrackPointExtension>
            <gpxtpx:Extensions>
              <reversedirection>yes</reversedirection>
              <highway>tertiary</highway>
              <surface>asphalt</surface>
            </gpxtpx:Extensions>
          </gpxtpx:TrackPointExtension>
        </extensions>
      </trkpt>
      <trkpt lat="43.921467" lon="4.596104">
        <ele>19.5</ele>
        <extensions>
          <gpxtpx:TrackPointExtension>
            <gpxtpx:Extensions>
              <reversedirection>yes</reversedirection>
              <highway>tertiary</highway>
              <surface>asphalt</surface>
            </gpxtpx:Extensions>
          </gpxtpx:TrackPointExtension>
        </extensions>
      </trkpt>
      <trkpt lat="43.921542" lon="4.596092">
        <ele>19.5</ele>
        <extensions>
          <gpxtpx:TrackPointExtension>
            <gpxtpx:Extensions>
              <reversedirection>yes</reversedirection>
              <highway>tertiary</highway>
              <surface>asphalt</surface>
            </gpxtpx:Extensions>
          </gpxtpx:TrackPointExtension>
        </extensions>
      </trkpt>
      <trkpt lat="43.921644" lon="4.596094">
        <ele>19.75</ele>
        <extensions>
          <gpxtpx:TrackPointExtension>
            <gpxtpx:Extensions>
              <reversedirection>yes</reversedirection>
              <highway>tertiary</highway>
              <surface>asphalt</surface>
            </gpxtpx:Extensions>
          </gpxtpx:TrackPointExtension>
        </extensions>
      </trkpt>
      <trkpt lat="43.921712" lon="4.596115">
        <ele>20</ele>
        <extensions>
          <gpxtpx:TrackPointExtension>
            <gpxtpx:Extensions>
              <reversedirection>yes</reversedirection>
              <highway>tertiary</highway>
              <surface>asphalt</surface>
            </gpxtpx:Extensions>
          </gpxtpx:TrackPointExtension>
        </extensions>
      </trkpt>
      <trkpt lat="43.922108" lon="4.596358">
        <ele>21.25</ele>
        <extensions>
          <gpxtpx:TrackPointExtension>
            <gpxtpx:Extensions>
              <reversedirection>yes</reversedirection>
              <highway>tertiary</highway>
              <surface>asphalt</surface>
            </gpxtpx:Extensions>
          </gpxtpx:TrackPointExtension>
        </extensions>
      </trkpt>
      <trkpt lat="43.923197" lon="4.59664">
        <ele>25.25</ele>
        <extensions>
          <gpxtpx:TrackPointExtension>
            <gpxtpx:Extensions>
              <reversedirection>yes</reversedirection>
              <highway>tertiary</highway>
              <surface>asphalt</surface>
            </gpxtpx:Extensions>
          </gpxtpx:TrackPointExtension>
        </extensions>
      </trkpt>
      <trkpt lat="43.923705" lon="4.596771">
        <ele>28</ele>
        <extensions>
          <gpxtpx:TrackPointExtension>
            <gpxtpx:Extensions>
              <reversedirection>yes</reversedirection>
              <highway>tertiary</highway>
              <surface>asphalt</surface>
            </gpxtpx:Extensions>
          </gpxtpx:TrackPointExtension>
        </extensions>
      </trkpt>
      <trkpt lat="43.923993" lon="4.596796">
        <ele>29.75</ele>
        <extensions>
          <gpxtpx:TrackPointExtension>
            <gpxtpx:Extensions>
              <reversedirection>yes</reversedirection>
              <highway>tertiary</highway>
              <surface>asphalt</surface>
            </gpxtpx:Extensions>
          </gpxtpx:TrackPointExtension>
        </extensions>
      </trkpt>
      <trkpt lat="43.924164" lon="4.59674">
        <ele>30.75</ele>
        <extensions>
          <gpxtpx:TrackPointExtension>
            <gpxtpx:Extensions>
              <reversedirection>yes</reversedirection>
              <highway>tertiary</highway>
              <surface>asphalt</surface>
            </gpxtpx:Extensions>
          </gpxtpx:TrackPointExtension>
        </extensions>
      </trkpt>
      <trkpt lat="43.924322" lon="4.59659">
        <ele>32.25</ele>
        <extensions>
          <gpxtpx:TrackPointExtension>
            <gpxtpx:Extensions>
              <reversedirection>yes</reversedirection>
              <highway>tertiary</highway>
              <surface>asphalt</surface>
            </gpxtpx:Extensions>
          </gpxtpx:TrackPointExtension>
        </extensions>
      </trkpt>
      <trkpt lat="43.924457" lon="4.596503">
        <ele>33.5</ele>
        <extensions>
          <gpxtpx:TrackPointExtension>
            <gpxtpx:Extensions>
              <reversedirection>yes</reversedirection>
              <highway>tertiary</highway>
              <surface>asphalt</surface>
            </gpxtpx:Extensions>
          </gpxtpx:TrackPointExtension>
        </extensions>
      </trkpt>
      <trkpt lat="43.924605" lon="4.596477">
        <ele>34.75</ele>
        <extensions>
          <gpxtpx:TrackPointExtension>
            <gpxtpx:Extensions>
              <reversedirection>yes</reversedirection>
              <highway>tertiary</highway>
              <surface>asphalt</surface>
            </gpxtpx:Extensions>
          </gpxtpx:TrackPointExtension>
        </extensions>
      </trkpt>
      <trkpt lat="43.924781" lon="4.596446">
        <ele>36</ele>
        <extensions>
          <gpxtpx:TrackPointExtension>
            <gpxtpx:Extensions>
              <reversedirection>yes</reversedirection>
              <highway>tertiary</highway>
              <surface>asphalt</surface>
            </gpxtpx:Extensions>
          </gpxtpx:TrackPointExtension>
        </extensions>
      </trkpt>
      <trkpt lat="43.925114" lon="4.596272">
        <ele>39</ele>
        <extensions>
          <gpxtpx:TrackPointExtension>
            <gpxtpx:Extensions>
              <reversedirection>yes</reversedirection>
              <highway>tertiary</highway>
              <surface>asphalt</surface>
            </gpxtpx:Extensions>
          </gpxtpx:TrackPointExtension>
        </extensions>
      </trkpt>
      <trkpt lat="43.925289" lon="4.596081">
        <ele>40.75</ele>
        <extensions>
          <gpxtpx:TrackPointExtension>
            <gpxtpx:Extensions>
              <reversedirection>yes</reversedirection>
              <highway>tertiary</highway>
              <surface>asphalt</surface>
            </gpxtpx:Extensions>
          </gpxtpx:TrackPointExtension>
        </extensions>
      </trkpt>
      <trkpt lat="43.925447" lon="4.595909">
        <ele>42.25</ele>
        <extensions>
          <gpxtpx:TrackPointExtension>
            <gpxtpx:Extensions>
              <reversedirection>yes</reversedirection>
              <highway>tertiary</highway>
              <surface>asphalt</surface>
            </gpxtpx:Extensions>
          </gpxtpx:TrackPointExtension>
        </extensions>
      </trkpt>
      <trkpt lat="43.925757" lon="4.595753">
        <ele>44.75</ele>
        <extensions>
          <gpxtpx:TrackPointExtension>
            <gpxtpx:Extensions>
              <reversedirection>yes</reversedirection>
              <highway>tertiary</highway>
              <surface>asphalt</surface>
            </gpxtpx:Extensions>
          </gpxtpx:TrackPointExtension>
        </extensions>
      </trkpt>
      <trkpt lat="43.926104" lon="4.595547">
        <ele>48.5</ele>
        <extensions>
          <gpxtpx:TrackPointExtension>
            <gpxtpx:Extensions>
              <reversedirection>yes</reversedirection>
              <highway>tertiary</highway>
              <surface>asphalt</surface>
            </gpxtpx:Extensions>
          </gpxtpx:TrackPointExtension>
        </extensions>
      </trkpt>
      <trkpt lat="43.926747" lon="4.595079">
        <ele>53</ele>
        <extensions>
          <gpxtpx:TrackPointExtension>
            <gpxtpx:Extensions>
              <reversedirection>yes</reversedirection>
              <highway>tertiary</highway>
              <surface>asphalt</surface>
            </gpxtpx:Extensions>
          </gpxtpx:TrackPointExtension>
        </extensions>
      </trkpt>
      <trkpt lat="43.926767" lon="4.59507">
        <ele>53</ele>
        <extensions>
          <gpxtpx:TrackPointExtension>
            <gpxtpx:Extensions>
              <reversedirection>yes</reversedirection>
              <highway>tertiary</highway>
              <surface>asphalt</surface>
            </gpxtpx:Extensions>
          </gpxtpx:TrackPointExtension>
        </extensions>
      </trkpt>
      <trkpt lat="43.92688" lon="4.595007">
        <ele>53.25</ele>
        <extensions>
          <gpxtpx:TrackPointExtension>
            <gpxtpx:Extensions>
              <reversedirection>yes</reversedirection>
              <highway>tertiary</highway>
              <surface>asphalt</surface>
            </gpxtpx:Extensions>
          </gpxtpx:TrackPointExtension>
        </extensions>
      </trkpt>
      <trkpt lat="43.927047" lon="4.594939">
        <ele>53.25</ele>
        <extensions>
          <gpxtpx:TrackPointExtension>
            <gpxtpx:Extensions>
              <reversedirection>yes</reversedirection>
              <highway>tertiary</highway>
              <surface>asphalt</surface>
            </gpxtpx:Extensions>
          </gpxtpx:TrackPointExtension>
        </extensions>
      </trkpt>
      <trkpt lat="43.927215" lon="4.594888">
        <ele>53.25</ele>
        <extensions>
          <gpxtpx:TrackPointExtension>
            <gpxtpx:Extensions>
              <reversedirection>yes</reversedirection>
              <highway>tertiary</highway>
              <surface>asphalt</surface>
            </gpxtpx:Extensions>
          </gpxtpx:TrackPointExtension>
        </extensions>
      </trkpt>
      <trkpt lat="43.927302" lon="4.594881">
        <ele>53.5</ele>
        <extensions>
          <gpxtpx:TrackPointExtension>
            <gpxtpx:Extensions>
              <reversedirection>yes</reversedirection>
              <highway>tertiary</highway>
              <surface>asphalt</surface>
            </gpxtpx:Extensions>
          </gpxtpx:TrackPointExtension>
        </extensions>
      </trkpt>
      <trkpt lat="43.92745" lon="4.594864">
        <ele>53.5</ele>
        <extensions>
          <gpxtpx:TrackPointExtension>
            <gpxtpx:Extensions>
              <reversedirection>yes</reversedirection>
              <highway>tertiary</highway>
              <surface>asphalt</surface>
            </gpxtpx:Extensions>
          </gpxtpx:TrackPointExtension>
        </extensions>
      </trkpt>
      <trkpt lat="43.927785" lon="4.594881">
        <ele>52.25</ele>
        <extensions>
          <gpxtpx:TrackPointExtension>
            <gpxtpx:Extensions>
              <reversedirection>yes</reversedirection>
              <highway>tertiary</highway>
              <surface>asphalt</surface>
            </gpxtpx:Extensions>
          </gpxtpx:TrackPointExtension>
        </extensions>
      </trkpt>
      <trkpt lat="43.928012" lon="4.594904">
        <ele>51.25</ele>
        <extensions>
          <gpxtpx:TrackPointExtension>
            <gpxtpx:Extensions>
              <reversedirection>yes</reversedirection>
              <highway>tertiary</highway>
              <surface>asphalt</surface>
            </gpxtpx:Extensions>
          </gpxtpx:TrackPointExtension>
        </extensions>
      </trkpt>
      <trkpt lat="43.929527" lon="4.595222">
        <ele>41</ele>
        <extensions>
          <gpxtpx:TrackPointExtension>
            <gpxtpx:Extensions>
              <reversedirection>yes</reversedirection>
              <highway>tertiary</highway>
              <surface>asphalt</surface>
            </gpxtpx:Extensions>
          </gpxtpx:TrackPointExtension>
        </extensions>
      </trkpt>
      <trkpt lat="43.929723" lon="4.595256">
        <ele>40.25</ele>
        <extensions>
          <gpxtpx:TrackPointExtension>
            <gpxtpx:Extensions>
              <reversedirection>yes</reversedirection>
              <highway>tertiary</highway>
              <surface>asphalt</surface>
            </gpxtpx:Extensions>
          </gpxtpx:TrackPointExtension>
        </extensions>
      </trkpt>
      <trkpt lat="43.929881" lon="4.595317">
        <ele>39.5</ele>
        <extensions>
          <gpxtpx:TrackPointExtension>
            <gpxtpx:Extensions>
              <reversedirection>yes</reversedirection>
              <highway>tertiary</highway>
              <surface>asphalt</surface>
            </gpxtpx:Extensions>
          </gpxtpx:TrackPointExtension>
        </extensions>
      </trkpt>
      <trkpt lat="43.929997" lon="4.595402">
        <ele>39</ele>
        <extensions>
          <gpxtpx:TrackPointExtension>
            <gpxtpx:Extensions>
              <reversedirection>yes</reversedirection>
              <highway>tertiary</highway>
              <surface>asphalt</surface>
            </gpxtpx:Extensions>
          </gpxtpx:TrackPointExtension>
        </extensions>
      </trkpt>
      <trkpt lat="43.930142" lon="4.595572">
        <ele>38.75</ele>
        <extensions>
          <gpxtpx:TrackPointExtension>
            <gpxtpx:Extensions>
              <reversedirection>yes</reversedirection>
              <highway>tertiary</highway>
              <surface>asphalt</surface>
            </gpxtpx:Extensions>
          </gpxtpx:TrackPointExtension>
        </extensions>
      </trkpt>
      <trkpt lat="43.930421" lon="4.596072">
        <ele>39</ele>
        <extensions>
          <gpxtpx:TrackPointExtension>
            <gpxtpx:Extensions>
              <reversedirection>yes</reversedirection>
              <highway>tertiary</highway>
              <surface>asphalt</surface>
            </gpxtpx:Extensions>
          </gpxtpx:TrackPointExtension>
        </extensions>
      </trkpt>
      <trkpt lat="43.930575" lon="4.59628">
        <ele>39.5</ele>
        <extensions>
          <gpxtpx:TrackPointExtension>
            <gpxtpx:Extensions>
              <highway>tertiary</highway>
              <surface>asphalt</surface>
              <oneway>no</oneway>
            </gpxtpx:Extensions>
          </gpxtpx:TrackPointExtension>
        </extensions>
      </trkpt>
      <trkpt lat="43.930697" lon="4.596408">
        <ele>40</ele>
        <extensions>
          <gpxtpx:TrackPointExtension>
            <gpxtpx:Extensions>
              <highway>tertiary</highway>
              <surface>asphalt</surface>
              <oneway>yes</oneway>
            </gpxtpx:Extensions>
          </gpxtpx:TrackPointExtension>
        </extensions>
      </trkpt>
      <trkpt lat="43.930747" lon="4.596306">
        <ele>40.25</ele>
        <extensions>
          <gpxtpx:TrackPointExtension>
            <gpxtpx:Extensions>
              <highway>tertiary</highway>
              <surface>asphalt</surface>
              <oneway>yes</oneway>
            </gpxtpx:Extensions>
          </gpxtpx:TrackPointExtension>
        </extensions>
      </trkpt>
      <trkpt lat="43.930771" lon="4.59613">
        <ele>40</ele>
        <extensions>
          <gpxtpx:TrackPointExtension>
            <gpxtpx:Extensions>
              <reversedirection>yes</reversedirection>
              <highway>tertiary</highway>
              <surface>asphalt</surface>
            </gpxtpx:Extensions>
          </gpxtpx:TrackPointExtension>
        </extensions>
      </trkpt>
      <trkpt lat="43.931055" lon="4.595607">
        <ele>39</ele>
        <extensions>
          <gpxtpx:TrackPointExtension>
            <gpxtpx:Extensions>
              <reversedirection>yes</reversedirection>
              <highway>tertiary</highway>
              <surface>asphalt</surface>
            </gpxtpx:Extensions>
          </gpxtpx:TrackPointExtension>
        </extensions>
      </trkpt>
      <trkpt lat="43.931238" lon="4.595324">
        <ele>37.5</ele>
        <extensions>
          <gpxtpx:TrackPointExtension>
            <gpxtpx:Extensions>
              <reversedirection>yes</reversedirection>
              <highway>tertiary</highway>
              <surface>asphalt</surface>
            </gpxtpx:Extensions>
          </gpxtpx:TrackPointExtension>
        </extensions>
      </trkpt>
      <trkpt lat="43.931347" lon="4.595198">
        <ele>36.5</ele>
        <extensions>
          <gpxtpx:TrackPointExtension>
            <gpxtpx:Extensions>
              <reversedirection>yes</reversedirection>
              <highway>tertiary</highway>
              <surface>asphalt</surface>
            </gpxtpx:Extensions>
          </gpxtpx:TrackPointExtension>
        </extensions>
      </trkpt>
      <trkpt lat="43.931471" lon="4.595084">
        <ele>35.25</ele>
        <extensions>
          <gpxtpx:TrackPointExtension>
            <gpxtpx:Extensions>
              <reversedirection>yes</reversedirection>
              <highway>tertiary</highway>
              <surface>asphalt</surface>
            </gpxtpx:Extensions>
          </gpxtpx:TrackPointExtension>
        </extensions>
      </trkpt>
      <trkpt lat="43.932432" lon="4.594381">
        <ele>39.75</ele>
        <extensions>
          <gpxtpx:TrackPointExtension>
            <gpxtpx:Extensions>
              <highway>tertiary</highway>
              <surface>asphalt</surface>
              <oneway>yes</oneway>
            </gpxtpx:Extensions>
          </gpxtpx:TrackPointExtension>
        </extensions>
      </trkpt>
      <trkpt lat="43.932647" lon="4.594271">
        <ele>41.25</ele>
        <extensions>
          <gpxtpx:TrackPointExtension>
            <gpxtpx:Extensions>
              <highway>tertiary</highway>
              <surface>asphalt</surface>
              <junction>roundabout</junction>
            </gpxtpx:Extensions>
          </gpxtpx:TrackPointExtension>
        </extensions>
      </trkpt>
      <trkpt lat="43.932688" lon="4.594304">
        <ele>41.5</ele>
        <extensions>
          <gpxtpx:TrackPointExtension>
            <gpxtpx:Extensions>
              <highway>tertiary</highway>
              <surface>asphalt</surface>
              <junction>roundabout</junction>
            </gpxtpx:Extensions>
          </gpxtpx:TrackPointExtension>
        </extensions>
      </trkpt>
      <trkpt lat="43.932738" lon="4.594314">
        <ele>42</ele>
        <extensions>
          <gpxtpx:TrackPointExtension>
            <gpxtpx:Extensions>
              <highway>tertiary</highway>
              <surface>asphalt</surface>
              <junction>roundabout</junction>
            </gpxtpx:Extensions>
          </gpxtpx:TrackPointExtension>
        </extensions>
      </trkpt>
      <trkpt lat="43.932788" lon="4.594297">
        <ele>42.25</ele>
        <extensions>
          <gpxtpx:TrackPointExtension>
            <gpxtpx:Extensions>
              <highway>tertiary</highway>
              <surface>asphalt</surface>
              <junction>roundabout</junction>
            </gpxtpx:Extensions>
          </gpxtpx:TrackPointExtension>
        </extensions>
      </trkpt>
      <trkpt lat="43.932829" lon="4.594255">
        <ele>42.5</ele>
        <extensions>
          <gpxtpx:TrackPointExtension>
            <gpxtpx:Extensions>
              <highway>tertiary</highway>
              <surface>asphalt</surface>
              <junction>roundabout</junction>
            </gpxtpx:Extensions>
          </gpxtpx:TrackPointExtension>
        </extensions>
      </trkpt>
      <trkpt lat="43.932855" lon="4.594194">
        <ele>42.5</ele>
        <extensions>
          <gpxtpx:TrackPointExtension>
            <gpxtpx:Extensions>
              <highway>tertiary</highway>
              <surface>asphalt</surface>
              <oneway>yes</oneway>
            </gpxtpx:Extensions>
          </gpxtpx:TrackPointExtension>
        </extensions>
      </trkpt>
      <trkpt lat="43.933061" lon="4.594106">
        <ele>43.75</ele>
        <extensions>
          <gpxtpx:TrackPointExtension>
            <gpxtpx:Extensions>
              <reversedirection>yes</reversedirection>
              <highway>tertiary</highway>
              <surface>asphalt</surface>
            </gpxtpx:Extensions>
          </gpxtpx:TrackPointExtension>
        </extensions>
      </trkpt>
      <trkpt lat="43.934039" lon="4.593916">
        <ele>46</ele>
        <extensions>
          <gpxtpx:TrackPointExtension>
            <gpxtpx:Extensions>
              <reversedirection>yes</reversedirection>
              <highway>tertiary</highway>
              <surface>asphalt</surface>
            </gpxtpx:Extensions>
          </gpxtpx:TrackPointExtension>
        </extensions>
      </trkpt>
      <trkpt lat="43.934338" lon="4.593864">
        <ele>45.75</ele>
        <extensions>
          <gpxtpx:TrackPointExtension>
            <gpxtpx:Extensions>
              <reversedirection>yes</reversedirection>
              <highway>tertiary</highway>
              <surface>asphalt</surface>
            </gpxtpx:Extensions>
          </gpxtpx:TrackPointExtension>
        </extensions>
      </trkpt>
      <trkpt lat="43.934387" lon="4.593855">
        <ele>45.75</ele>
        <extensions>
          <gpxtpx:TrackPointExtension>
            <gpxtpx:Extensions>
              <reversedirection>yes</reversedirection>
              <highway>tertiary</highway>
              <surface>asphalt</surface>
            </gpxtpx:Extensions>
          </gpxtpx:TrackPointExtension>
        </extensions>
      </trkpt>
      <trkpt lat="43.934865" lon="4.593707">
        <ele>44.5</ele>
        <extensions>
          <gpxtpx:TrackPointExtension>
            <gpxtpx:Extensions>
              <reversedirection>yes</reversedirection>
              <highway>tertiary</highway>
              <surface>asphalt</surface>
            </gpxtpx:Extensions>
          </gpxtpx:TrackPointExtension>
        </extensions>
      </trkpt>
      <trkpt lat="43.935849" lon="4.593363">
        <ele>44</ele>
        <extensions>
          <gpxtpx:TrackPointExtension>
            <gpxtpx:Extensions>
              <reversedirection>yes</reversedirection>
              <highway>tertiary</highway>
              <surface>asphalt</surface>
            </gpxtpx:Extensions>
          </gpxtpx:TrackPointExtension>
        </extensions>
      </trkpt>
      <trkpt lat="43.936406" lon="4.5933">
        <ele>43</ele>
        <extensions>
          <gpxtpx:TrackPointExtension>
            <gpxtpx:Extensions>
              <reversedirection>yes</reversedirection>
              <highway>tertiary</highway>
              <surface>asphalt</surface>
            </gpxtpx:Extensions>
          </gpxtpx:TrackPointExtension>
        </extensions>
      </trkpt>
      <trkpt lat="43.936979" lon="4.593269">
        <ele>43</ele>
        <extensions>
          <gpxtpx:TrackPointExtension>
            <gpxtpx:Extensions>
              <reversedirection>yes</reversedirection>
              <highway>tertiary</highway>
              <surface>asphalt</surface>
            </gpxtpx:Extensions>
          </gpxtpx:TrackPointExtension>
        </extensions>
      </trkpt>
      <trkpt lat="43.93753" lon="4.593308">
        <ele>43.75</ele>
        <extensions>
          <gpxtpx:TrackPointExtension>
            <gpxtpx:Extensions>
              <reversedirection>yes</reversedirection>
              <highway>tertiary</highway>
              <surface>asphalt</surface>
            </gpxtpx:Extensions>
          </gpxtpx:TrackPointExtension>
        </extensions>
      </trkpt>
      <trkpt lat="43.939403" lon="4.593771">
        <ele>43.25</ele>
        <extensions>
          <gpxtpx:TrackPointExtension>
            <gpxtpx:Extensions>
              <reversedirection>yes</reversedirection>
              <highway>tertiary</highway>
              <surface>asphalt</surface>
            </gpxtpx:Extensions>
          </gpxtpx:TrackPointExtension>
        </extensions>
      </trkpt>
      <trkpt lat="43.939516" lon="4.59381">
        <ele>43.25</ele>
        <extensions>
          <gpxtpx:TrackPointExtension>
            <gpxtpx:Extensions>
              <reversedirection>yes</reversedirection>
              <highway>tertiary</highway>
              <surface>asphalt</surface>
            </gpxtpx:Extensions>
          </gpxtpx:TrackPointExtension>
        </extensions>
      </trkpt>
      <trkpt lat="43.939619" lon="4.5939">
        <ele>43.25</ele>
        <extensions>
          <gpxtpx:TrackPointExtension>
            <gpxtpx:Extensions>
              <reversedirection>yes</reversedirection>
              <highway>tertiary</highway>
              <surface>asphalt</surface>
            </gpxtpx:Extensions>
          </gpxtpx:TrackPointExtension>
        </extensions>
      </trkpt>
      <trkpt lat="43.939667" lon="4.594059">
        <ele>44</ele>
        <extensions>
          <gpxtpx:TrackPointExtension>
            <gpxtpx:Extensions>
              <reversedirection>yes</reversedirection>
              <highway>tertiary</highway>
              <surface>asphalt</surface>
            </gpxtpx:Extensions>
          </gpxtpx:TrackPointExtension>
        </extensions>
      </trkpt>
      <trkpt lat="43.939689" lon="4.595103">
        <ele>47.25</ele>
        <extensions>
          <gpxtpx:TrackPointExtension>
            <gpxtpx:Extensions>
              <reversedirection>yes</reversedirection>
              <highway>tertiary</highway>
              <surface>asphalt</surface>
            </gpxtpx:Extensions>
          </gpxtpx:TrackPointExtension>
        </extensions>
      </trkpt>
      <trkpt lat="43.939646" lon="4.595413">
        <ele>48</ele>
        <extensions>
          <gpxtpx:TrackPointExtension>
            <gpxtpx:Extensions>
              <reversedirection>yes</reversedirection>
              <highway>tertiary</highway>
              <surface>asphalt</surface>
            </gpxtpx:Extensions>
          </gpxtpx:TrackPointExtension>
        </extensions>
      </trkpt>
      <trkpt lat="43.939516" lon="4.595663">
        <ele>48.25</ele>
        <extensions>
          <gpxtpx:TrackPointExtension>
            <gpxtpx:Extensions>
              <reversedirection>yes</reversedirection>
              <highway>tertiary</highway>
              <surface>asphalt</surface>
            </gpxtpx:Extensions>
          </gpxtpx:TrackPointExtension>
        </extensions>
      </trkpt>
      <trkpt lat="43.939343" lon="4.595803">
        <ele>48.25</ele>
        <extensions>
          <gpxtpx:TrackPointExtension>
            <gpxtpx:Extensions>
              <reversedirection>yes</reversedirection>
              <highway>tertiary</highway>
              <surface>asphalt</surface>
            </gpxtpx:Extensions>
          </gpxtpx:TrackPointExtension>
        </extensions>
      </trkpt>
      <trkpt lat="43.939271" lon="4.596008">
        <ele>48.75</ele>
        <extensions>
          <gpxtpx:TrackPointExtension>
            <gpxtpx:Extensions>
              <reversedirection>yes</reversedirection>
              <highway>tertiary</highway>
              <surface>asphalt</surface>
            </gpxtpx:Extensions>
          </gpxtpx:TrackPointExtension>
        </extensions>
      </trkpt>
      <trkpt lat="43.939297" lon="4.596253">
        <ele>49.75</ele>
        <extensions>
          <gpxtpx:TrackPointExtension>
            <gpxtpx:Extensions>
              <reversedirection>yes</reversedirection>
              <highway>tertiary</highway>
              <surface>asphalt</surface>
            </gpxtpx:Extensions>
          </gpxtpx:TrackPointExtension>
        </extensions>
      </trkpt>
      <trkpt lat="43.939408" lon="4.596416">
        <ele>50.5</ele>
        <extensions>
          <gpxtpx:TrackPointExtension>
            <gpxtpx:Extensions>
              <highway>tertiary</highway>
              <oneway>yes</oneway>
            </gpxtpx:Extensions>
          </gpxtpx:TrackPointExtension>
        </extensions>
      </trkpt>
      <trkpt lat="43.939445" lon="4.596519">
        <ele>51</ele>
        <extensions>
          <gpxtpx:TrackPointExtension>
            <gpxtpx:Extensions>
              <highway>tertiary</highway>
              <oneway>yes</oneway>
            </gpxtpx:Extensions>
          </gpxtpx:TrackPointExtension>
        </extensions>
      </trkpt>
      <trkpt lat="43.939487" lon="4.596676">
        <ele>51.75</ele>
        <extensions>
          <gpxtpx:TrackPointExtension>
            <gpxtpx:Extensions>
              <highway>primary</highway>
              <surface>asphalt</surface>
              <junction>roundabout</junction>
              <cycleway_right>no</cycleway_right>
            </gpxtpx:Extensions>
          </gpxtpx:TrackPointExtension>
        </extensions>
      </trkpt>
      <trkpt lat="43.939469" lon="4.596752">
        <ele>51.75</ele>
        <extensions>
          <gpxtpx:TrackPointExtension>
            <gpxtpx:Extensions>
              <highway>primary</highway>
              <surface>asphalt</surface>
              <junction>roundabout</junction>
              <cycleway_right>no</cycleway_right>
            </gpxtpx:Extensions>
          </gpxtpx:TrackPointExtension>
        </extensions>
      </trkpt>
      <trkpt lat="43.939456" lon="4.596931">
        <ele>52.5</ele>
        <extensions>
          <gpxtpx:TrackPointExtension>
            <gpxtpx:Extensions>
              <highway>primary</highway>
              <surface>asphalt</surface>
              <junction>roundabout</junction>
            </gpxtpx:Extensions>
          </gpxtpx:TrackPointExtension>
        </extensions>
      </trkpt>
      <trkpt lat="43.939481" lon="4.597096">
        <ele>53</ele>
        <extensions>
          <gpxtpx:TrackPointExtension>
            <gpxtpx:Extensions>
              <highway>primary</highway>
              <surface>asphalt</surface>
              <junction>roundabout</junction>
            </gpxtpx:Extensions>
          </gpxtpx:TrackPointExtension>
        </extensions>
      </trkpt>
      <trkpt lat="43.939546" lon="4.597255">
        <ele>53.5</ele>
        <extensions>
          <gpxtpx:TrackPointExtension>
            <gpxtpx:Extensions>
              <highway>primary</highway>
              <surface>asphalt</surface>
              <junction>roundabout</junction>
            </gpxtpx:Extensions>
          </gpxtpx:TrackPointExtension>
        </extensions>
      </trkpt>
      <trkpt lat="43.939588" lon="4.59731">
        <ele>53.75</ele>
        <extensions>
          <gpxtpx:TrackPointExtension>
            <gpxtpx:Extensions>
              <highway>primary</highway>
              <surface>asphalt</surface>
              <junction>roundabout</junction>
              <smoothness>excellent</smoothness>
            </gpxtpx:Extensions>
          </gpxtpx:TrackPointExtension>
        </extensions>
      </trkpt>
      <trkpt lat="43.939631" lon="4.597366">
        <ele>54</ele>
        <extensions>
          <gpxtpx:TrackPointExtension>
            <gpxtpx:Extensions>
              <highway>primary</highway>
              <surface>asphalt</surface>
              <junction>roundabout</junction>
              <smoothness>excellent</smoothness>
            </gpxtpx:Extensions>
          </gpxtpx:TrackPointExtension>
        </extensions>
      </trkpt>
      <trkpt lat="43.939733" lon="4.597439">
        <ele>54.5</ele>
        <extensions>
          <gpxtpx:TrackPointExtension>
            <gpxtpx:Extensions>
              <highway>primary</highway>
              <surface>asphalt</surface>
              <junction>roundabout</junction>
              <smoothness>excellent</smoothness>
            </gpxtpx:Extensions>
          </gpxtpx:TrackPointExtension>
        </extensions>
      </trkpt>
      <trkpt lat="43.939851" lon="4.59747">
        <ele>54.5</ele>
        <extensions>
          <gpxtpx:TrackPointExtension>
            <gpxtpx:Extensions>
              <highway>primary</highway>
              <surface>asphalt</surface>
              <junction>roundabout</junction>
              <smoothness>excellent</smoothness>
            </gpxtpx:Extensions>
          </gpxtpx:TrackPointExtension>
        </extensions>
      </trkpt>
      <trkpt lat="43.93998" lon="4.597449">
        <ele>54.75</ele>
        <extensions>
          <gpxtpx:TrackPointExtension>
            <gpxtpx:Extensions>
              <highway>primary</highway>
              <surface>asphalt</surface>
              <junction>roundabout</junction>
              <smoothness>excellent</smoothness>
            </gpxtpx:Extensions>
          </gpxtpx:TrackPointExtension>
        </extensions>
      </trkpt>
      <trkpt lat="43.940032" lon="4.597424">
        <ele>54.5</ele>
        <extensions>
          <gpxtpx:TrackPointExtension>
            <gpxtpx:Extensions>
              <highway>primary</highway>
              <surface>asphalt</surface>
              <junction>roundabout</junction>
              <smoothness>excellent</smoothness>
            </gpxtpx:Extensions>
          </gpxtpx:TrackPointExtension>
        </extensions>
      </trkpt>
      <trkpt lat="43.94008" lon="4.597389">
        <ele>54.5</ele>
        <extensions>
          <gpxtpx:TrackPointExtension>
            <gpxtpx:Extensions>
              <highway>primary</highway>
              <surface>asphalt</surface>
              <junction>roundabout</junction>
              <smoothness>excellent</smoothness>
            </gpxtpx:Extensions>
          </gpxtpx:TrackPointExtension>
        </extensions>
      </trkpt>
      <trkpt lat="43.940157" lon="4.597307">
        <ele>54</ele>
        <extensions>
          <gpxtpx:TrackPointExtension>
            <gpxtpx:Extensions>
              <highway>primary</highway>
              <surface>asphalt</surface>
              <junction>roundabout</junction>
              <smoothness>excellent</smoothness>
            </gpxtpx:Extensions>
          </gpxtpx:TrackPointExtension>
        </extensions>
      </trkpt>
      <trkpt lat="43.940186" lon="4.597263">
        <ele>54</ele>
        <extensions>
          <gpxtpx:TrackPointExtension>
            <gpxtpx:Extensions>
              <highway>tertiary</highway>
              <oneway>yes</oneway>
            </gpxtpx:Extensions>
          </gpxtpx:TrackPointExtension>
        </extensions>
      </trkpt>
      <trkpt lat="43.94028" lon="4.597194">
        <ele>53.5</ele>
        <extensions>
          <gpxtpx:TrackPointExtension>
            <gpxtpx:Extensions>
              <highway>tertiary</highway>
              <oneway>yes</oneway>
            </gpxtpx:Extensions>
          </gpxtpx:TrackPointExtension>
        </extensions>
      </trkpt>
      <trkpt lat="43.940339" lon="4.59717">
        <ele>53.5</ele>
        <extensions>
          <gpxtpx:TrackPointExtension>
            <gpxtpx:Extensions>
              <highway>tertiary</highway>
              <oneway>yes</oneway>
            </gpxtpx:Extensions>
          </gpxtpx:TrackPointExtension>
        </extensions>
      </trkpt>
      <trkpt lat="43.940428" lon="4.597155">
        <ele>53.25</ele>
        <extensions>
          <gpxtpx:TrackPointExtension>
            <gpxtpx:Extensions>
              <highway>tertiary</highway>
              <surface>asphalt</surface>
            </gpxtpx:Extensions>
          </gpxtpx:TrackPointExtension>
        </extensions>
      </trkpt>
      <trkpt lat="43.940577" lon="4.597214">
        <ele>53</ele>
        <extensions>
          <gpxtpx:TrackPointExtension>
            <gpxtpx:Extensions>
              <highway>tertiary</highway>
              <surface>asphalt</surface>
            </gpxtpx:Extensions>
          </gpxtpx:TrackPointExtension>
        </extensions>
      </trkpt>
      <trkpt lat="43.940819" lon="4.597274">
        <ele>52.75</ele>
        <extensions>
          <gpxtpx:TrackPointExtension>
            <gpxtpx:Extensions>
              <highway>tertiary</highway>
              <surface>asphalt</surface>
            </gpxtpx:Extensions>
          </gpxtpx:TrackPointExtension>
        </extensions>
      </trkpt>
      <trkpt lat="43.94109" lon="4.597301">
        <ele>52.5</ele>
        <extensions>
          <gpxtpx:TrackPointExtension>
            <gpxtpx:Extensions>
              <highway>tertiary</highway>
              <surface>asphalt</surface>
            </gpxtpx:Extensions>
          </gpxtpx:TrackPointExtension>
        </extensions>
      </trkpt>
      <trkpt lat="43.941504" lon="4.597367">
        <ele>52.5</ele>
        <extensions>
          <gpxtpx:TrackPointExtension>
            <gpxtpx:Extensions>
              <highway>tertiary</highway>
              <surface>asphalt</surface>
            </gpxtpx:Extensions>
          </gpxtpx:TrackPointExtension>
        </extensions>
      </trkpt>
      <trkpt lat="43.942054" lon="4.597294">
        <ele>51.75</ele>
        <extensions>
          <gpxtpx:TrackPointExtension>
            <gpxtpx:Extensions>
              <highway>tertiary</highway>
              <surface>asphalt</surface>
            </gpxtpx:Extensions>
          </gpxtpx:TrackPointExtension>
        </extensions>
      </trkpt>
      <trkpt lat="43.942518" lon="4.597232">
        <ele>50.75</ele>
        <extensions>
          <gpxtpx:TrackPointExtension>
            <gpxtpx:Extensions>
              <highway>tertiary</highway>
              <surface>asphalt</surface>
            </gpxtpx:Extensions>
          </gpxtpx:TrackPointExtension>
        </extensions>
      </trkpt>
      <trkpt lat="43.943338" lon="4.59724">
        <ele>48.25</ele>
        <extensions>
          <gpxtpx:TrackPointExtension>
            <gpxtpx:Extensions>
              <highway>tertiary</highway>
              <surface>asphalt</surface>
            </gpxtpx:Extensions>
          </gpxtpx:TrackPointExtension>
        </extensions>
      </trkpt>
      <trkpt lat="43.943639" lon="4.597163">
        <ele>46.5</ele>
        <extensions>
          <gpxtpx:TrackPointExtension>
            <gpxtpx:Extensions>
              <highway>tertiary</highway>
              <surface>asphalt</surface>
            </gpxtpx:Extensions>
          </gpxtpx:TrackPointExtension>
        </extensions>
      </trkpt>
      <trkpt lat="43.944063" lon="4.596331">
        <ele>42.5</ele>
        <extensions>
          <gpxtpx:TrackPointExtension>
            <gpxtpx:Extensions>
              <highway>tertiary</highway>
              <surface>asphalt</surface>
            </gpxtpx:Extensions>
          </gpxtpx:TrackPointExtension>
        </extensions>
      </trkpt>
      <trkpt lat="43.944192" lon="4.596139">
        <ele>41.5</ele>
        <extensions>
          <gpxtpx:TrackPointExtension>
            <gpxtpx:Extensions>
              <highway>tertiary</highway>
              <surface>asphalt</surface>
            </gpxtpx:Extensions>
          </gpxtpx:TrackPointExtension>
        </extensions>
      </trkpt>
      <trkpt lat="43.944403" lon="4.595945">
        <ele>40.25</ele>
        <extensions>
          <gpxtpx:TrackPointExtension>
            <gpxtpx:Extensions>
              <highway>tertiary</highway>
              <surface>asphalt</surface>
            </gpxtpx:Extensions>
          </gpxtpx:TrackPointExtension>
        </extensions>
      </trkpt>
      <trkpt lat="43.944696" lon="4.59592">
        <ele>39</ele>
        <extensions>
          <gpxtpx:TrackPointExtension>
            <gpxtpx:Extensions>
              <highway>tertiary</highway>
              <surface>asphalt</surface>
            </gpxtpx:Extensions>
          </gpxtpx:TrackPointExtension>
        </extensions>
      </trkpt>
      <trkpt lat="43.945977" lon="4.596529">
        <ele>37.5</ele>
        <extensions>
          <gpxtpx:TrackPointExtension>
            <gpxtpx:Extensions>
              <highway>tertiary</highway>
              <surface>asphalt</surface>
            </gpxtpx:Extensions>
          </gpxtpx:TrackPointExtension>
        </extensions>
      </trkpt>
      <trkpt lat="43.94669" lon="4.596803">
        <ele>37</ele>
        <extensions>
          <gpxtpx:TrackPointExtension>
            <gpxtpx:Extensions>
              <highway>tertiary</highway>
              <surface>asphalt</surface>
            </gpxtpx:Extensions>
          </gpxtpx:TrackPointExtension>
        </extensions>
      </trkpt>
      <trkpt lat="43.948142" lon="4.596975">
        <ele>41.75</ele>
        <extensions>
          <gpxtpx:TrackPointExtension>
            <gpxtpx:Extensions>
              <highway>tertiary</highway>
              <surface>asphalt</surface>
            </gpxtpx:Extensions>
          </gpxtpx:TrackPointExtension>
        </extensions>
      </trkpt>
      <trkpt lat="43.948691" lon="4.597002">
        <ele>43</ele>
        <extensions>
          <gpxtpx:TrackPointExtension>
            <gpxtpx:Extensions>
              <highway>tertiary</highway>
              <surface>asphalt</surface>
            </gpxtpx:Extensions>
          </gpxtpx:TrackPointExtension>
        </extensions>
      </trkpt>
      <trkpt lat="43.94963" lon="4.59688">
        <ele>42.5</ele>
        <extensions>
          <gpxtpx:TrackPointExtension>
            <gpxtpx:Extensions>
              <highway>tertiary</highway>
              <surface>asphalt</surface>
            </gpxtpx:Extensions>
          </gpxtpx:TrackPointExtension>
        </extensions>
      </trkpt>
      <trkpt lat="43.950505" lon="4.596669">
        <ele>42</ele>
        <extensions>
          <gpxtpx:TrackPointExtension>
            <gpxtpx:Extensions>
              <highway>tertiary</highway>
              <surface>asphalt</surface>
            </gpxtpx:Extensions>
          </gpxtpx:TrackPointExtension>
        </extensions>
      </trkpt>
      <trkpt lat="43.950725" lon="4.5966">
        <ele>41.75</ele>
        <extensions>
          <gpxtpx:TrackPointExtension>
            <gpxtpx:Extensions>
              <highway>tertiary</highway>
              <surface>asphalt</surface>
            </gpxtpx:Extensions>
          </gpxtpx:TrackPointExtension>
        </extensions>
      </trkpt>
      <trkpt lat="43.951009" lon="4.59647">
        <ele>41.75</ele>
        <extensions>
          <gpxtpx:TrackPointExtension>
            <gpxtpx:Extensions>
              <highway>tertiary</highway>
              <surface>asphalt</surface>
            </gpxtpx:Extensions>
          </gpxtpx:TrackPointExtension>
        </extensions>
      </trkpt>
      <trkpt lat="43.952276" lon="4.595616">
        <ele>39.5</ele>
        <extensions>
          <gpxtpx:TrackPointExtension>
            <gpxtpx:Extensions>
              <highway>tertiary</highway>
              <surface>asphalt</surface>
            </gpxtpx:Extensions>
          </gpxtpx:TrackPointExtension>
        </extensions>
      </trkpt>
      <trkpt lat="43.952648" lon="4.595397">
        <ele>38.75</ele>
        <extensions>
          <gpxtpx:TrackPointExtension>
            <gpxtpx:Extensions>
              <highway>tertiary</highway>
              <surface>asphalt</surface>
            </gpxtpx:Extensions>
          </gpxtpx:TrackPointExtension>
        </extensions>
      </trkpt>
      <trkpt lat="43.953005" lon="4.595226">
        <ele>38.5</ele>
        <extensions>
          <gpxtpx:TrackPointExtension>
            <gpxtpx:Extensions>
              <highway>tertiary</highway>
              <surface>asphalt</surface>
            </gpxtpx:Extensions>
          </gpxtpx:TrackPointExtension>
        </extensions>
      </trkpt>
      <trkpt lat="43.953362" lon="4.595079">
        <ele>38.75</ele>
        <extensions>
          <gpxtpx:TrackPointExtension>
            <gpxtpx:Extensions>
              <highway>tertiary</highway>
              <surface>asphalt</surface>
            </gpxtpx:Extensions>
          </gpxtpx:TrackPointExtension>
        </extensions>
      </trkpt>
      <trkpt lat="43.954293" lon="4.594905">
        <ele>39.5</ele>
        <extensions>
          <gpxtpx:TrackPointExtension>
            <gpxtpx:Extensions>
              <highway>tertiary</highway>
              <surface>asphalt</surface>
            </gpxtpx:Extensions>
          </gpxtpx:TrackPointExtension>
        </extensions>
      </trkpt>
      <trkpt lat="43.95565" lon="4.594786">
        <ele>39</ele>
        <extensions>
          <gpxtpx:TrackPointExtension>
            <gpxtpx:Extensions>
              <highway>tertiary</highway>
              <surface>asphalt</surface>
            </gpxtpx:Extensions>
          </gpxtpx:TrackPointExtension>
        </extensions>
      </trkpt>
      <trkpt lat="43.956916" lon="4.594915">
        <ele>40.5</ele>
        <extensions>
          <gpxtpx:TrackPointExtension>
            <gpxtpx:Extensions>
              <highway>tertiary</highway>
              <surface>asphalt</surface>
            </gpxtpx:Extensions>
          </gpxtpx:TrackPointExtension>
        </extensions>
      </trkpt>
      <trkpt lat="43.957283" lon="4.594922">
        <ele>41.25</ele>
        <extensions>
          <gpxtpx:TrackPointExtension>
            <gpxtpx:Extensions>
              <highway>tertiary</highway>
              <surface>asphalt</surface>
            </gpxtpx:Extensions>
          </gpxtpx:TrackPointExtension>
        </extensions>
      </trkpt>
      <trkpt lat="43.957429" lon="4.594925">
        <ele>41.5</ele>
        <extensions>
          <gpxtpx:TrackPointExtension>
            <gpxtpx:Extensions>
              <highway>tertiary</highway>
              <surface>asphalt</surface>
            </gpxtpx:Extensions>
          </gpxtpx:TrackPointExtension>
        </extensions>
      </trkpt>
      <trkpt lat="43.957749" lon="4.594867">
        <ele>43</ele>
        <extensions>
          <gpxtpx:TrackPointExtension>
            <gpxtpx:Extensions>
              <highway>tertiary</highway>
              <surface>asphalt</surface>
            </gpxtpx:Extensions>
          </gpxtpx:TrackPointExtension>
        </extensions>
      </trkpt>
      <trkpt lat="43.957998" lon="4.594743">
        <ele>44</ele>
        <extensions>
          <gpxtpx:TrackPointExtension>
            <gpxtpx:Extensions>
              <highway>tertiary</highway>
              <surface>asphalt</surface>
            </gpxtpx:Extensions>
          </gpxtpx:TrackPointExtension>
        </extensions>
      </trkpt>
      <trkpt lat="43.958617" lon="4.594407">
        <ele>44.25</ele>
        <extensions>
          <gpxtpx:TrackPointExtension>
            <gpxtpx:Extensions>
              <highway>tertiary</highway>
              <surface>asphalt</surface>
            </gpxtpx:Extensions>
          </gpxtpx:TrackPointExtension>
        </extensions>
      </trkpt>
      <trkpt lat="43.959046" lon="4.594189">
        <ele>43.75</ele>
        <extensions>
          <gpxtpx:TrackPointExtension>
            <gpxtpx:Extensions>
              <highway>tertiary</highway>
              <surface>asphalt</surface>
            </gpxtpx:Extensions>
          </gpxtpx:TrackPointExtension>
        </extensions>
      </trkpt>
      <trkpt lat="43.95925" lon="4.594086">
        <ele>43.75</ele>
        <extensions>
          <gpxtpx:TrackPointExtension>
            <gpxtpx:Extensions>
              <highway>tertiary</highway>
              <surface>asphalt</surface>
            </gpxtpx:Extensions>
          </gpxtpx:TrackPointExtension>
        </extensions>
      </trkpt>
      <trkpt lat="43.959435" lon="4.593976">
        <ele>43.75</ele>
        <extensions>
          <gpxtpx:TrackPointExtension>
            <gpxtpx:Extensions>
              <highway>tertiary</highway>
              <surface>asphalt</surface>
            </gpxtpx:Extensions>
          </gpxtpx:TrackPointExtension>
        </extensions>
      </trkpt>
      <trkpt lat="43.960602" lon="4.593171">
        <ele>43.75</ele>
        <extensions>
          <gpxtpx:TrackPointExtension>
            <gpxtpx:Extensions>
              <highway>tertiary</highway>
              <surface>asphalt</surface>
            </gpxtpx:Extensions>
          </gpxtpx:TrackPointExtension>
        </extensions>
      </trkpt>
      <trkpt lat="43.961375" lon="4.592701">
        <ele>43.75</ele>
        <extensions>
          <gpxtpx:TrackPointExtension>
            <gpxtpx:Extensions>
              <highway>tertiary</highway>
              <surface>asphalt</surface>
            </gpxtpx:Extensions>
          </gpxtpx:TrackPointExtension>
        </extensions>
      </trkpt>
      <trkpt lat="43.961456" lon="4.592624">
        <ele>43.75</ele>
        <extensions>
          <gpxtpx:TrackPointExtension>
            <gpxtpx:Extensions>
              <highway>tertiary</highway>
              <surface>asphalt</surface>
            </gpxtpx:Extensions>
          </gpxtpx:TrackPointExtension>
        </extensions>
      </trkpt>
      <trkpt lat="43.961523" lon="4.592547">
        <ele>43.75</ele>
        <extensions>
          <gpxtpx:TrackPointExtension>
            <gpxtpx:Extensions>
              <highway>tertiary</highway>
              <surface>asphalt</surface>
            </gpxtpx:Extensions>
          </gpxtpx:TrackPointExtension>
        </extensions>
      </trkpt>
      <trkpt lat="43.961757" lon="4.592255">
        <ele>43.25</ele>
        <extensions>
          <gpxtpx:TrackPointExtension>
            <gpxtpx:Extensions>
              <highway>tertiary</highway>
              <surface>asphalt</surface>
            </gpxtpx:Extensions>
          </gpxtpx:TrackPointExtension>
        </extensions>
      </trkpt>
      <trkpt lat="43.96201" lon="4.591961">
        <ele>42.5</ele>
        <extensions>
          <gpxtpx:TrackPointExtension>
            <gpxtpx:Extensions>
              <highway>tertiary</highway>
              <surface>asphalt</surface>
            </gpxtpx:Extensions>
          </gpxtpx:TrackPointExtension>
        </extensions>
      </trkpt>
      <trkpt lat="43.962095" lon="4.591888">
        <ele>42.25</ele>
        <extensions>
          <gpxtpx:TrackPointExtension>
            <gpxtpx:Extensions>
              <highway>tertiary</highway>
              <surface>asphalt</surface>
            </gpxtpx:Extensions>
          </gpxtpx:TrackPointExtension>
        </extensions>
      </trkpt>
      <trkpt lat="43.962191" lon="4.591839">
        <ele>42.25</ele>
        <extensions>
          <gpxtpx:TrackPointExtension>
            <gpxtpx:Extensions>
              <highway>tertiary</highway>
              <surface>asphalt</surface>
            </gpxtpx:Extensions>
          </gpxtpx:TrackPointExtension>
        </extensions>
      </trkpt>
      <trkpt lat="43.962334" lon="4.59181">
        <ele>42</ele>
        <extensions>
          <gpxtpx:TrackPointExtension>
            <gpxtpx:Extensions>
              <highway>tertiary</highway>
              <surface>asphalt</surface>
            </gpxtpx:Extensions>
          </gpxtpx:TrackPointExtension>
        </extensions>
      </trkpt>
      <trkpt lat="43.963038" lon="4.591765">
        <ele>42.75</ele>
        <extensions>
          <gpxtpx:TrackPointExtension>
            <gpxtpx:Extensions>
              <highway>tertiary</highway>
              <surface>asphalt</surface>
            </gpxtpx:Extensions>
          </gpxtpx:TrackPointExtension>
        </extensions>
      </trkpt>
      <trkpt lat="43.963202" lon="4.591736">
        <ele>42.75</ele>
        <extensions>
          <gpxtpx:TrackPointExtension>
            <gpxtpx:Extensions>
              <highway>tertiary</highway>
              <surface>asphalt</surface>
            </gpxtpx:Extensions>
          </gpxtpx:TrackPointExtension>
        </extensions>
      </trkpt>
      <trkpt lat="43.963929" lon="4.591481">
        <ele>43.5</ele>
        <extensions>
          <gpxtpx:TrackPointExtension>
            <gpxtpx:Extensions>
              <highway>tertiary</highway>
              <surface>asphalt</surface>
            </gpxtpx:Extensions>
          </gpxtpx:TrackPointExtension>
        </extensions>
      </trkpt>
      <trkpt lat="43.964706" lon="4.591186">
        <ele>45.5</ele>
        <extensions>
          <gpxtpx:TrackPointExtension>
            <gpxtpx:Extensions>
              <highway>tertiary</highway>
              <surface>asphalt</surface>
            </gpxtpx:Extensions>
          </gpxtpx:TrackPointExtension>
        </extensions>
      </trkpt>
      <trkpt lat="43.965168" lon="4.591012">
        <ele>47</ele>
        <extensions>
          <gpxtpx:TrackPointExtension>
            <gpxtpx:Extensions>
              <highway>tertiary</highway>
              <surface>asphalt</surface>
            </gpxtpx:Extensions>
          </gpxtpx:TrackPointExtension>
        </extensions>
      </trkpt>
      <trkpt lat="43.965339" lon="4.590902">
        <ele>47.25</ele>
        <extensions>
          <gpxtpx:TrackPointExtension>
            <gpxtpx:Extensions>
              <highway>tertiary</highway>
              <surface>asphalt</surface>
            </gpxtpx:Extensions>
          </gpxtpx:TrackPointExtension>
        </extensions>
      </trkpt>
      <trkpt lat="43.96544" lon="4.590807">
        <ele>47.5</ele>
        <extensions>
          <gpxtpx:TrackPointExtension>
            <gpxtpx:Extensions>
              <highway>tertiary</highway>
              <surface>asphalt</surface>
            </gpxtpx:Extensions>
          </gpxtpx:TrackPointExtension>
        </extensions>
      </trkpt>
      <trkpt lat="43.965529" lon="4.590705">
        <ele>47.5</ele>
        <extensions>
          <gpxtpx:TrackPointExtension>
            <gpxtpx:Extensions>
              <highway>tertiary</highway>
              <surface>asphalt</surface>
            </gpxtpx:Extensions>
          </gpxtpx:TrackPointExtension>
        </extensions>
      </trkpt>
      <trkpt lat="43.965965" lon="4.590302">
        <ele>48.25</ele>
        <extensions>
          <gpxtpx:TrackPointExtension>
            <gpxtpx:Extensions>
              <highway>tertiary</highway>
              <surface>asphalt</surface>
            </gpxtpx:Extensions>
          </gpxtpx:TrackPointExtension>
        </extensions>
      </trkpt>
      <trkpt lat="43.966052" lon="4.590248">
        <ele>48.25</ele>
        <extensions>
          <gpxtpx:TrackPointExtension>
            <gpxtpx:Extensions>
              <highway>tertiary</highway>
              <surface>asphalt</surface>
            </gpxtpx:Extensions>
          </gpxtpx:TrackPointExtension>
        </extensions>
      </trkpt>
      <trkpt lat="43.966327" lon="4.590086">
        <ele>49</ele>
        <extensions>
          <gpxtpx:TrackPointExtension>
            <gpxtpx:Extensions>
              <highway>tertiary</highway>
              <surface>asphalt</surface>
            </gpxtpx:Extensions>
          </gpxtpx:TrackPointExtension>
        </extensions>
      </trkpt>
      <trkpt lat="43.966894" lon="4.589636">
        <ele>50.25</ele>
        <extensions>
          <gpxtpx:TrackPointExtension>
            <gpxtpx:Extensions>
              <highway>tertiary</highway>
              <surface>asphalt</surface>
            </gpxtpx:Extensions>
          </gpxtpx:TrackPointExtension>
        </extensions>
      </trkpt>
      <trkpt lat="43.967213" lon="4.589417">
        <ele>50.75</ele>
        <extensions>
          <gpxtpx:TrackPointExtension>
            <gpxtpx:Extensions>
              <highway>tertiary</highway>
              <surface>asphalt</surface>
            </gpxtpx:Extensions>
          </gpxtpx:TrackPointExtension>
        </extensions>
      </trkpt>
      <trkpt lat="43.967422" lon="4.589259">
        <ele>51</ele>
        <extensions>
          <gpxtpx:TrackPointExtension>
            <gpxtpx:Extensions>
              <highway>tertiary</highway>
              <surface>asphalt</surface>
            </gpxtpx:Extensions>
          </gpxtpx:TrackPointExtension>
        </extensions>
      </trkpt>
      <trkpt lat="43.967527" lon="4.58919">
        <ele>51</ele>
        <extensions>
          <gpxtpx:TrackPointExtension>
            <gpxtpx:Extensions>
              <highway>tertiary</highway>
              <surface>asphalt</surface>
              <oneway>yes</oneway>
            </gpxtpx:Extensions>
          </gpxtpx:TrackPointExtension>
        </extensions>
      </trkpt>
      <trkpt lat="43.96774" lon="4.589036">
        <ele>51</ele>
        <extensions>
          <gpxtpx:TrackPointExtension>
            <gpxtpx:Extensions>
              <highway>tertiary</highway>
              <surface>asphalt</surface>
              <oneway>yes</oneway>
            </gpxtpx:Extensions>
          </gpxtpx:TrackPointExtension>
        </extensions>
      </trkpt>
      <trkpt lat="43.967805" lon="4.589026">
        <ele>51</ele>
        <extensions>
          <gpxtpx:TrackPointExtension>
            <gpxtpx:Extensions>
              <highway>tertiary</highway>
              <surface>asphalt</surface>
            </gpxtpx:Extensions>
          </gpxtpx:TrackPointExtension>
        </extensions>
      </trkpt>
      <trkpt lat="43.9679" lon="4.589063">
        <ele>51.25</ele>
        <extensions>
          <gpxtpx:TrackPointExtension>
            <gpxtpx:Extensions>
              <highway>tertiary</highway>
              <surface>asphalt</surface>
            </gpxtpx:Extensions>
          </gpxtpx:TrackPointExtension>
        </extensions>
      </trkpt>
      <trkpt lat="43.968014" lon="4.589086">
        <ele>51.25</ele>
        <extensions>
          <gpxtpx:TrackPointExtension>
            <gpxtpx:Extensions>
              <highway>tertiary</highway>
              <surface>asphalt</surface>
            </gpxtpx:Extensions>
          </gpxtpx:TrackPointExtension>
        </extensions>
      </trkpt>
      <trkpt lat="43.968231" lon="4.589099">
        <ele>51.75</ele>
        <extensions>
          <gpxtpx:TrackPointExtension>
            <gpxtpx:Extensions>
              <highway>tertiary</highway>
              <surface>asphalt</surface>
            </gpxtpx:Extensions>
          </gpxtpx:TrackPointExtension>
        </extensions>
      </trkpt>
      <trkpt lat="43.968359" lon="4.589154">
        <ele>52</ele>
        <extensions>
          <gpxtpx:TrackPointExtension>
            <gpxtpx:Extensions>
              <highway>tertiary</highway>
              <surface>asphalt</surface>
            </gpxtpx:Extensions>
          </gpxtpx:TrackPointExtension>
        </extensions>
      </trkpt>
      <trkpt lat="43.968431" lon="4.589197">
        <ele>52.25</ele>
        <extensions>
          <gpxtpx:TrackPointExtension>
            <gpxtpx:Extensions>
              <highway>tertiary</highway>
              <surface>asphalt</surface>
            </gpxtpx:Extensions>
          </gpxtpx:TrackPointExtension>
        </extensions>
      </trkpt>
      <trkpt lat="43.968523" lon="4.589273">
        <ele>52.75</ele>
        <extensions>
          <gpxtpx:TrackPointExtension>
            <gpxtpx:Extensions>
              <highway>tertiary</highway>
              <surface>asphalt</surface>
            </gpxtpx:Extensions>
          </gpxtpx:TrackPointExtension>
        </extensions>
      </trkpt>
      <trkpt lat="43.968591" lon="4.589357">
        <ele>53</ele>
        <extensions>
          <gpxtpx:TrackPointExtension>
            <gpxtpx:Extensions>
              <highway>tertiary</highway>
              <surface>asphalt</surface>
            </gpxtpx:Extensions>
          </gpxtpx:TrackPointExtension>
        </extensions>
      </trkpt>
      <trkpt lat="43.968878" lon="4.589924">
        <ele>55.25</ele>
        <extensions>
          <gpxtpx:TrackPointExtension>
            <gpxtpx:Extensions>
              <highway>tertiary</highway>
              <surface>asphalt</surface>
            </gpxtpx:Extensions>
          </gpxtpx:TrackPointExtension>
        </extensions>
      </trkpt>
      <trkpt lat="43.969054" lon="4.590364">
        <ele>56</ele>
        <extensions>
          <gpxtpx:TrackPointExtension>
            <gpxtpx:Extensions>
              <highway>tertiary</highway>
              <surface>asphalt</surface>
            </gpxtpx:Extensions>
          </gpxtpx:TrackPointExtension>
        </extensions>
      </trkpt>
      <trkpt lat="43.969118" lon="4.590524">
        <ele>56.5</ele>
        <extensions>
          <gpxtpx:TrackPointExtension>
            <gpxtpx:Extensions>
              <highway>tertiary</highway>
              <surface>asphalt</surface>
            </gpxtpx:Extensions>
          </gpxtpx:TrackPointExtension>
        </extensions>
      </trkpt>
      <trkpt lat="43.969223" lon="4.590793">
        <ele>57</ele>
        <extensions>
          <gpxtpx:TrackPointExtension>
            <gpxtpx:Extensions>
              <highway>tertiary</highway>
              <surface>asphalt</surface>
            </gpxtpx:Extensions>
          </gpxtpx:TrackPointExtension>
        </extensions>
      </trkpt>
      <trkpt lat="43.969362" lon="4.591189">
        <ele>57.5</ele>
        <extensions>
          <gpxtpx:TrackPointExtension>
            <gpxtpx:Extensions>
              <highway>tertiary</highway>
              <surface>asphalt</surface>
            </gpxtpx:Extensions>
          </gpxtpx:TrackPointExtension>
        </extensions>
      </trkpt>
      <trkpt lat="43.969428" lon="4.591297">
        <ele>57.75</ele>
        <extensions>
          <gpxtpx:TrackPointExtension>
            <gpxtpx:Extensions>
              <highway>tertiary</highway>
              <surface>asphalt</surface>
            </gpxtpx:Extensions>
          </gpxtpx:TrackPointExtension>
        </extensions>
      </trkpt>
      <trkpt lat="43.969491" lon="4.591342">
        <ele>58</ele>
        <extensions>
          <gpxtpx:TrackPointExtension>
            <gpxtpx:Extensions>
              <highway>tertiary</highway>
              <surface>asphalt</surface>
            </gpxtpx:Extensions>
          </gpxtpx:TrackPointExtension>
        </extensions>
      </trkpt>
      <trkpt lat="43.96958" lon="4.591415">
        <ele>58.25</ele>
        <extensions>
          <gpxtpx:TrackPointExtension>
            <gpxtpx:Extensions>
              <highway>tertiary</highway>
              <surface>asphalt</surface>
            </gpxtpx:Extensions>
          </gpxtpx:TrackPointExtension>
        </extensions>
      </trkpt>
      <trkpt lat="43.969818" lon="4.591628">
        <ele>59.25</ele>
        <extensions>
          <gpxtpx:TrackPointExtension>
            <gpxtpx:Extensions>
              <highway>tertiary</highway>
              <surface>asphalt</surface>
            </gpxtpx:Extensions>
          </gpxtpx:TrackPointExtension>
        </extensions>
      </trkpt>
      <trkpt lat="43.970006" lon="4.591822">
        <ele>59.75</ele>
        <extensions>
          <gpxtpx:TrackPointExtension>
            <gpxtpx:Extensions>
              <highway>tertiary</highway>
              <surface>asphalt</surface>
            </gpxtpx:Extensions>
          </gpxtpx:TrackPointExtension>
        </extensions>
      </trkpt>
      <trkpt lat="43.970123" lon="4.59153">
        <ele>60</ele>
        <extensions>
          <gpxtpx:TrackPointExtension>
            <gpxtpx:Extensions>
              <highway>tertiary</highway>
              <surface>asphalt</surface>
            </gpxtpx:Extensions>
          </gpxtpx:TrackPointExtension>
        </extensions>
      </trkpt>
      <trkpt lat="43.970175" lon="4.591401">
        <ele>60</ele>
        <extensions>
          <gpxtpx:TrackPointExtension>
            <gpxtpx:Extensions>
              <highway>tertiary</highway>
              <surface>asphalt</surface>
            </gpxtpx:Extensions>
          </gpxtpx:TrackPointExtension>
        </extensions>
      </trkpt>
      <trkpt lat="43.970235" lon="4.591241">
        <ele>59.75</ele>
        <extensions>
          <gpxtpx:TrackPointExtension>
            <gpxtpx:Extensions>
              <highway>tertiary</highway>
              <surface>asphalt</surface>
            </gpxtpx:Extensions>
          </gpxtpx:TrackPointExtension>
        </extensions>
      </trkpt>
      <trkpt lat="43.970276" lon="4.591148">
        <ele>59.75</ele>
        <extensions>
          <gpxtpx:TrackPointExtension>
            <gpxtpx:Extensions>
              <highway>tertiary</highway>
              <surface>asphalt</surface>
            </gpxtpx:Extensions>
          </gpxtpx:TrackPointExtension>
        </extensions>
      </trkpt>
      <trkpt lat="43.970372" lon="4.590889">
        <ele>59.5</ele>
        <extensions>
          <gpxtpx:TrackPointExtension>
            <gpxtpx:Extensions>
              <highway>tertiary</highway>
              <surface>asphalt</surface>
            </gpxtpx:Extensions>
          </gpxtpx:TrackPointExtension>
        </extensions>
      </trkpt>
      <trkpt lat="43.970418" lon="4.590764">
        <ele>59.25</ele>
        <extensions>
          <gpxtpx:TrackPointExtension>
            <gpxtpx:Extensions>
              <highway>tertiary</highway>
              <surface>asphalt</surface>
            </gpxtpx:Extensions>
          </gpxtpx:TrackPointExtension>
        </extensions>
      </trkpt>
      <trkpt lat="43.970467" lon="4.590635">
        <ele>59</ele>
        <extensions>
          <gpxtpx:TrackPointExtension>
            <gpxtpx:Extensions>
              <highway>tertiary</highway>
              <surface>asphalt</surface>
            </gpxtpx:Extensions>
          </gpxtpx:TrackPointExtension>
        </extensions>
      </trkpt>
      <trkpt lat="43.970571" lon="4.59036">
        <ele>58.5</ele>
        <extensions>
          <gpxtpx:TrackPointExtension>
            <gpxtpx:Extensions>
              <highway>tertiary</highway>
              <surface>asphalt</surface>
            </gpxtpx:Extensions>
          </gpxtpx:TrackPointExtension>
        </extensions>
      </trkpt>
      <trkpt lat="43.970802" lon="4.589767">
        <ele>57.5</ele>
        <extensions>
          <gpxtpx:TrackPointExtension>
            <gpxtpx:Extensions>
              <highway>tertiary</highway>
              <surface>asphalt</surface>
            </gpxtpx:Extensions>
          </gpxtpx:TrackPointExtension>
        </extensions>
      </trkpt>
      <trkpt lat="43.971267" lon="4.588526">
        <ele>57.25</ele>
        <extensions>
          <gpxtpx:TrackPointExtension>
            <gpxtpx:Extensions>
              <highway>tertiary</highway>
              <surface>asphalt</surface>
            </gpxtpx:Extensions>
          </gpxtpx:TrackPointExtension>
        </extensions>
      </trkpt>
      <trkpt lat="43.971901" lon="4.586894">
        <ele>56</ele>
        <extensions>
          <gpxtpx:TrackPointExtension>
            <gpxtpx:Extensions>
              <highway>residential</highway>
            </gpxtpx:Extensions>
          </gpxtpx:TrackPointExtension>
        </extensions>
      </trkpt>
      <trkpt lat="43.97195" lon="4.586868">
        <ele>56.25</ele>
        <extensions>
          <gpxtpx:TrackPointExtension>
            <gpxtpx:Extensions>
              <highway>residential</highway>
            </gpxtpx:Extensions>
          </gpxtpx:TrackPointExtension>
        </extensions>
      </trkpt>
      <trkpt lat="43.972682" lon="4.586491">
        <ele>57.75</ele>
        <extensions>
          <gpxtpx:TrackPointExtension>
            <gpxtpx:Extensions>
              <highway>residential</highway>
            </gpxtpx:Extensions>
          </gpxtpx:TrackPointExtension>
        </extensions>
      </trkpt>
      <trkpt lat="43.972827" lon="4.586527">
        <ele>58</ele>
        <extensions>
          <gpxtpx:TrackPointExtension>
            <gpxtpx:Extensions>
              <highway>residential</highway>
            </gpxtpx:Extensions>
          </gpxtpx:TrackPointExtension>
        </extensions>
      </trkpt>
      <trkpt lat="43.973159" lon="4.58674">
        <ele>59.5</ele>
        <extensions>
          <gpxtpx:TrackPointExtension>
            <gpxtpx:Extensions>
              <reversedirection>yes</reversedirection>
              <highway>residential</highway>
            </gpxtpx:Extensions>
          </gpxtpx:TrackPointExtension>
        </extensions>
      </trkpt>
      <trkpt lat="43.973197" lon="4.586475">
        <ele>55.5</ele>
      </trkpt>
    </trkseg>
  </trk>
</gpx>
