<?xml version="1.0" encoding="UTF-8"?>
<gpx creator="Loopi" version="1.1" schemaLocation="http://www.topografix.com/GPX/1/1 http://www.topografix.com/GPX/1/1/gpx.xsd http://www.garmin.com/xmlschemas/GpxExtensions/v3 http://www.garmin.com/xmlschemas/GpxExtensionsv3.xsd http://www.garmin.com/xmlschemas/TrackPointExtension/v1 http://www.garmin.com/xmlschemas/TrackPointExtensionv1.xsd http://www.garmin.com/xmlschemas/PowerExtension/v1 http://www.garmin.com/xmlschemas/PowerExtensionv1.xsd http://www.topografix.com/GPX/gpx_style/0/2 http://www.topografix.com/GPX/gpx_style/0/2/gpx_style.xsd" xmlns="http://www.topografix.com/GPX/1/1" xmlns:xsi="http://www.w3.org/2001/XMLSchema-instance" xsi:schemaLocation="http://www.topografix.com/GPX/1/1 http://www.topografix.com/GPX/1/1/gpx.xsd http://www.garmin.com/xmlschemas/GpxExtensions/v3 http://www.garmin.com/xmlschemas/GpxExtensionsv3.xsd http://www.garmin.com/xmlschemas/TrackPointExtension/v1 http://www.garmin.com/xmlschemas/TrackPointExtensionv1.xsd http://www.garmin.com/xmlschemas/PowerExtension/v1 http://www.garmin.com/xmlschemas/PowerExtensionv1.xsd http://www.topografix.com/GPX/gpx_style/0/2 http://www.topografix.com/GPX/gpx_style/0/2/gpx_style.xsd" xmlns:gpxtpx="http://www.garmin.com/xmlschemas/TrackPointExtension/v1" xmlns:gpxx="http://www.garmin.com/xmlschemas/GpxExtensions/v3" xmlns:gpxpx="http://www.garmin.com/xmlschemas/PowerExtension/v1" xmlns:gpx_style="http://www.topografix.com/GPX/gpx_style/0/2">
  <metadata>
    <name>Step14</name>
    <author>
      <name>gpx.studio</name>
      <link href="https://gpx.studio"/>
    </author>
  </metadata>
  <trk>
    <name>Step14</name>
    <trkseg>
      <trkpt lat="43.974376" lon="4.580402">
        <ele>54.75</ele>
      </trkpt>
      <trkpt lat="43.975322" lon="4.577937">
        <ele>57</ele>
        <extensions>
          <gpxtpx:TrackPointExtension>
            <gpxtpx:Extensions>
              <reversedirection>yes</reversedirection>
              <highway>tertiary</highway>
              <surface>asphalt</surface>
            </gpxtpx:Extensions>
          </gpxtpx:TrackPointExtension>
        </extensions>
      </trkpt>
      <trkpt lat="43.975532" lon="4.577346">
        <ele>56.75</ele>
        <extensions>
          <gpxtpx:TrackPointExtension>
            <gpxtpx:Extensions>
              <reversedirection>yes</reversedirection>
              <highway>tertiary</highway>
              <surface>asphalt</surface>
            </gpxtpx:Extensions>
          </gpxtpx:TrackPointExtension>
        </extensions>
      </trkpt>
      <trkpt lat="43.975549" lon="4.577159">
        <ele>56.75</ele>
        <extensions>
          <gpxtpx:TrackPointExtension>
            <gpxtpx:Extensions>
              <highway>tertiary</highway>
              <surface>asphalt</surface>
              <oneway>yes</oneway>
            </gpxtpx:Extensions>
          </gpxtpx:TrackPointExtension>
        </extensions>
      </trkpt>
      <trkpt lat="43.975549" lon="4.577062">
        <ele>56.75</ele>
        <extensions>
          <gpxtpx:TrackPointExtension>
            <gpxtpx:Extensions>
              <highway>tertiary</highway>
              <surface>asphalt</surface>
              <oneway>yes</oneway>
            </gpxtpx:Extensions>
          </gpxtpx:TrackPointExtension>
        </extensions>
      </trkpt>
      <trkpt lat="43.97558" lon="4.576786">
        <ele>56.5</ele>
        <extensions>
          <gpxtpx:TrackPointExtension>
            <gpxtpx:Extensions>
              <highway>tertiary</highway>
              <surface>asphalt</surface>
              <oneway>yes</oneway>
            </gpxtpx:Extensions>
          </gpxtpx:TrackPointExtension>
        </extensions>
      </trkpt>
      <trkpt lat="43.975692" lon="4.576752">
        <ele>56.75</ele>
        <extensions>
          <gpxtpx:TrackPointExtension>
            <gpxtpx:Extensions>
              <reversedirection>yes</reversedirection>
              <highway>primary</highway>
              <surface>asphalt</surface>
              <smoothness>good</smoothness>
            </gpxtpx:Extensions>
          </gpxtpx:TrackPointExtension>
        </extensions>
      </trkpt>
      <trkpt lat="43.975882" lon="4.576649">
        <ele>57</ele>
        <extensions>
          <gpxtpx:TrackPointExtension>
            <gpxtpx:Extensions>
              <reversedirection>yes</reversedirection>
              <highway>primary</highway>
              <surface>asphalt</surface>
              <smoothness>good</smoothness>
            </gpxtpx:Extensions>
          </gpxtpx:TrackPointExtension>
        </extensions>
      </trkpt>
      <trkpt lat="43.978567" lon="4.575145">
        <ele>60.25</ele>
        <extensions>
          <gpxtpx:TrackPointExtension>
            <gpxtpx:Extensions>
              <reversedirection>yes</reversedirection>
              <highway>primary</highway>
              <surface>asphalt</surface>
              <smoothness>good</smoothness>
            </gpxtpx:Extensions>
          </gpxtpx:TrackPointExtension>
        </extensions>
      </trkpt>
      <trkpt lat="43.978655" lon="4.5751">
        <ele>61</ele>
        <extensions>
          <gpxtpx:TrackPointExtension>
            <gpxtpx:Extensions>
              <reversedirection>yes</reversedirection>
              <highway>primary</highway>
              <surface>asphalt</surface>
              <smoothness>good</smoothness>
            </gpxtpx:Extensions>
          </gpxtpx:TrackPointExtension>
        </extensions>
      </trkpt>
      <trkpt lat="43.97869" lon="4.575081">
        <ele>61.25</ele>
        <extensions>
          <gpxtpx:TrackPointExtension>
            <gpxtpx:Extensions>
              <reversedirection>yes</reversedirection>
              <highway>primary</highway>
              <surface>asphalt</surface>
              <smoothness>good</smoothness>
            </gpxtpx:Extensions>
          </gpxtpx:TrackPointExtension>
        </extensions>
      </trkpt>
      <trkpt lat="43.979976" lon="4.574361">
        <ele>72.75</ele>
        <extensions>
          <gpxtpx:TrackPointExtension>
            <gpxtpx:Extensions>
              <reversedirection>yes</reversedirection>
              <highway>primary</highway>
              <surface>asphalt</surface>
              <smoothness>good</smoothness>
            </gpxtpx:Extensions>
          </gpxtpx:TrackPointExtension>
        </extensions>
      </trkpt>
      <trkpt lat="43.980291" lon="4.574222">
        <ele>72.25</ele>
        <extensions>
          <gpxtpx:TrackPointExtension>
            <gpxtpx:Extensions>
              <reversedirection>yes</reversedirection>
              <highway>primary</highway>
              <surface>asphalt</surface>
              <smoothness>good</smoothness>
            </gpxtpx:Extensions>
          </gpxtpx:TrackPointExtension>
        </extensions>
      </trkpt>
      <trkpt lat="43.980545" lon="4.57416">
        <ele>72.25</ele>
        <extensions>
          <gpxtpx:TrackPointExtension>
            <gpxtpx:Extensions>
              <reversedirection>yes</reversedirection>
              <highway>primary</highway>
              <surface>asphalt</surface>
              <smoothness>good</smoothness>
            </gpxtpx:Extensions>
          </gpxtpx:TrackPointExtension>
        </extensions>
      </trkpt>
      <trkpt lat="43.98074" lon="4.574146">
        <ele>73</ele>
        <extensions>
          <gpxtpx:TrackPointExtension>
            <gpxtpx:Extensions>
              <reversedirection>yes</reversedirection>
              <highway>primary</highway>
              <surface>asphalt</surface>
              <smoothness>good</smoothness>
            </gpxtpx:Extensions>
          </gpxtpx:TrackPointExtension>
        </extensions>
      </trkpt>
      <trkpt lat="43.980991" lon="4.574167">
        <ele>74</ele>
        <extensions>
          <gpxtpx:TrackPointExtension>
            <gpxtpx:Extensions>
              <reversedirection>yes</reversedirection>
              <highway>primary</highway>
              <surface>asphalt</surface>
              <smoothness>good</smoothness>
            </gpxtpx:Extensions>
          </gpxtpx:TrackPointExtension>
        </extensions>
      </trkpt>
      <trkpt lat="43.981248" lon="4.574231">
        <ele>76.5</ele>
        <extensions>
          <gpxtpx:TrackPointExtension>
            <gpxtpx:Extensions>
              <reversedirection>yes</reversedirection>
              <highway>primary</highway>
              <surface>asphalt</surface>
              <smoothness>good</smoothness>
            </gpxtpx:Extensions>
          </gpxtpx:TrackPointExtension>
        </extensions>
      </trkpt>
      <trkpt lat="43.981516" lon="4.574352">
        <ele>79</ele>
        <extensions>
          <gpxtpx:TrackPointExtension>
            <gpxtpx:Extensions>
              <reversedirection>yes</reversedirection>
              <highway>primary</highway>
              <surface>asphalt</surface>
              <smoothness>good</smoothness>
            </gpxtpx:Extensions>
          </gpxtpx:TrackPointExtension>
        </extensions>
      </trkpt>
      <trkpt lat="43.981756" lon="4.574495">
        <ele>81.25</ele>
        <extensions>
          <gpxtpx:TrackPointExtension>
            <gpxtpx:Extensions>
              <reversedirection>yes</reversedirection>
              <highway>primary</highway>
              <surface>asphalt</surface>
              <smoothness>good</smoothness>
            </gpxtpx:Extensions>
          </gpxtpx:TrackPointExtension>
        </extensions>
      </trkpt>
      <trkpt lat="43.981946" lon="4.574648">
        <ele>82.75</ele>
        <extensions>
          <gpxtpx:TrackPointExtension>
            <gpxtpx:Extensions>
              <reversedirection>yes</reversedirection>
              <highway>primary</highway>
              <surface>asphalt</surface>
              <smoothness>good</smoothness>
            </gpxtpx:Extensions>
          </gpxtpx:TrackPointExtension>
        </extensions>
      </trkpt>
      <trkpt lat="43.982104" lon="4.574803">
        <ele>83.25</ele>
        <extensions>
          <gpxtpx:TrackPointExtension>
            <gpxtpx:Extensions>
              <reversedirection>yes</reversedirection>
              <highway>primary</highway>
              <surface>asphalt</surface>
              <smoothness>good</smoothness>
            </gpxtpx:Extensions>
          </gpxtpx:TrackPointExtension>
        </extensions>
      </trkpt>
      <trkpt lat="43.983196" lon="4.575996">
        <ele>81.5</ele>
        <extensions>
          <gpxtpx:TrackPointExtension>
            <gpxtpx:Extensions>
              <reversedirection>yes</reversedirection>
              <highway>primary</highway>
              <surface>asphalt</surface>
              <smoothness>good</smoothness>
            </gpxtpx:Extensions>
          </gpxtpx:TrackPointExtension>
        </extensions>
      </trkpt>
      <trkpt lat="43.983416" lon="4.576216">
        <ele>81</ele>
        <extensions>
          <gpxtpx:TrackPointExtension>
            <gpxtpx:Extensions>
              <reversedirection>yes</reversedirection>
              <highway>primary</highway>
              <surface>asphalt</surface>
              <smoothness>good</smoothness>
            </gpxtpx:Extensions>
          </gpxtpx:TrackPointExtension>
        </extensions>
      </trkpt>
      <trkpt lat="43.984032" lon="4.576614">
        <ele>82.5</ele>
        <extensions>
          <gpxtpx:TrackPointExtension>
            <gpxtpx:Extensions>
              <reversedirection>yes</reversedirection>
              <highway>primary</highway>
              <surface>asphalt</surface>
              <smoothness>good</smoothness>
            </gpxtpx:Extensions>
          </gpxtpx:TrackPointExtension>
        </extensions>
      </trkpt>
      <trkpt lat="43.984829" lon="4.577319">
        <ele>87</ele>
        <extensions>
          <gpxtpx:TrackPointExtension>
            <gpxtpx:Extensions>
              <reversedirection>yes</reversedirection>
              <highway>primary</highway>
              <surface>asphalt</surface>
              <smoothness>good</smoothness>
            </gpxtpx:Extensions>
          </gpxtpx:TrackPointExtension>
        </extensions>
      </trkpt>
      <trkpt lat="43.984847" lon="4.577334">
        <ele>86.75</ele>
        <extensions>
          <gpxtpx:TrackPointExtension>
            <gpxtpx:Extensions>
              <reversedirection>yes</reversedirection>
              <highway>primary</highway>
              <surface>asphalt</surface>
              <smoothness>good</smoothness>
            </gpxtpx:Extensions>
          </gpxtpx:TrackPointExtension>
        </extensions>
      </trkpt>
      <trkpt lat="43.985272" lon="4.577732">
        <ele>88.75</ele>
        <extensions>
          <gpxtpx:TrackPointExtension>
            <gpxtpx:Extensions>
              <reversedirection>yes</reversedirection>
              <highway>primary</highway>
              <surface>asphalt</surface>
              <smoothness>good</smoothness>
            </gpxtpx:Extensions>
          </gpxtpx:TrackPointExtension>
        </extensions>
      </trkpt>
      <trkpt lat="43.985555" lon="4.577943">
        <ele>91.25</ele>
        <extensions>
          <gpxtpx:TrackPointExtension>
            <gpxtpx:Extensions>
              <reversedirection>yes</reversedirection>
              <highway>primary</highway>
              <surface>asphalt</surface>
              <smoothness>good</smoothness>
            </gpxtpx:Extensions>
          </gpxtpx:TrackPointExtension>
        </extensions>
      </trkpt>
      <trkpt lat="43.985783" lon="4.578087">
        <ele>92</ele>
        <extensions>
          <gpxtpx:TrackPointExtension>
            <gpxtpx:Extensions>
              <reversedirection>yes</reversedirection>
              <highway>primary</highway>
              <surface>asphalt</surface>
              <smoothness>good</smoothness>
            </gpxtpx:Extensions>
          </gpxtpx:TrackPointExtension>
        </extensions>
      </trkpt>
      <trkpt lat="43.985951" lon="4.578152">
        <ele>92.25</ele>
        <extensions>
          <gpxtpx:TrackPointExtension>
            <gpxtpx:Extensions>
              <reversedirection>yes</reversedirection>
              <highway>primary</highway>
              <surface>asphalt</surface>
              <smoothness>good</smoothness>
            </gpxtpx:Extensions>
          </gpxtpx:TrackPointExtension>
        </extensions>
      </trkpt>
      <trkpt lat="43.986117" lon="4.578187">
        <ele>92.75</ele>
        <extensions>
          <gpxtpx:TrackPointExtension>
            <gpxtpx:Extensions>
              <reversedirection>yes</reversedirection>
              <highway>primary</highway>
              <surface>asphalt</surface>
              <smoothness>good</smoothness>
            </gpxtpx:Extensions>
          </gpxtpx:TrackPointExtension>
        </extensions>
      </trkpt>
      <trkpt lat="43.986166" lon="4.578198">
        <ele>92.75</ele>
        <extensions>
          <gpxtpx:TrackPointExtension>
            <gpxtpx:Extensions>
              <reversedirection>yes</reversedirection>
              <highway>primary</highway>
              <surface>asphalt</surface>
              <smoothness>good</smoothness>
            </gpxtpx:Extensions>
          </gpxtpx:TrackPointExtension>
        </extensions>
      </trkpt>
      <trkpt lat="43.986458" lon="4.578226">
        <ele>93.75</ele>
        <extensions>
          <gpxtpx:TrackPointExtension>
            <gpxtpx:Extensions>
              <reversedirection>yes</reversedirection>
              <highway>primary</highway>
              <surface>asphalt</surface>
              <smoothness>good</smoothness>
            </gpxtpx:Extensions>
          </gpxtpx:TrackPointExtension>
        </extensions>
      </trkpt>
      <trkpt lat="43.986718" lon="4.578214">
        <ele>94.75</ele>
        <extensions>
          <gpxtpx:TrackPointExtension>
            <gpxtpx:Extensions>
              <reversedirection>yes</reversedirection>
              <highway>primary</highway>
              <surface>asphalt</surface>
              <smoothness>good</smoothness>
            </gpxtpx:Extensions>
          </gpxtpx:TrackPointExtension>
        </extensions>
      </trkpt>
      <trkpt lat="43.988082" lon="4.577915">
        <ele>96</ele>
        <extensions>
          <gpxtpx:TrackPointExtension>
            <gpxtpx:Extensions>
              <reversedirection>yes</reversedirection>
              <highway>primary</highway>
              <surface>asphalt</surface>
              <smoothness>good</smoothness>
            </gpxtpx:Extensions>
          </gpxtpx:TrackPointExtension>
        </extensions>
      </trkpt>
      <trkpt lat="43.988275" lon="4.577855">
        <ele>96.75</ele>
        <extensions>
          <gpxtpx:TrackPointExtension>
            <gpxtpx:Extensions>
              <reversedirection>yes</reversedirection>
              <highway>primary</highway>
              <surface>asphalt</surface>
              <smoothness>good</smoothness>
            </gpxtpx:Extensions>
          </gpxtpx:TrackPointExtension>
        </extensions>
      </trkpt>
      <trkpt lat="43.988379" lon="4.577823">
        <ele>97.25</ele>
        <extensions>
          <gpxtpx:TrackPointExtension>
            <gpxtpx:Extensions>
              <reversedirection>yes</reversedirection>
              <highway>primary</highway>
              <surface>asphalt</surface>
              <smoothness>good</smoothness>
            </gpxtpx:Extensions>
          </gpxtpx:TrackPointExtension>
        </extensions>
      </trkpt>
      <trkpt lat="43.98846" lon="4.577779">
        <ele>98.25</ele>
        <extensions>
          <gpxtpx:TrackPointExtension>
            <gpxtpx:Extensions>
              <reversedirection>yes</reversedirection>
              <highway>primary</highway>
              <surface>asphalt</surface>
              <smoothness>good</smoothness>
            </gpxtpx:Extensions>
          </gpxtpx:TrackPointExtension>
        </extensions>
      </trkpt>
      <trkpt lat="43.988667" lon="4.577632">
        <ele>101</ele>
        <extensions>
          <gpxtpx:TrackPointExtension>
            <gpxtpx:Extensions>
              <reversedirection>yes</reversedirection>
              <highway>primary</highway>
              <surface>asphalt</surface>
              <smoothness>good</smoothness>
            </gpxtpx:Extensions>
          </gpxtpx:TrackPointExtension>
        </extensions>
      </trkpt>
      <trkpt lat="43.98903" lon="4.577307">
        <ele>106</ele>
        <extensions>
          <gpxtpx:TrackPointExtension>
            <gpxtpx:Extensions>
              <reversedirection>yes</reversedirection>
              <highway>primary</highway>
              <surface>asphalt</surface>
              <smoothness>good</smoothness>
            </gpxtpx:Extensions>
          </gpxtpx:TrackPointExtension>
        </extensions>
      </trkpt>
      <trkpt lat="43.989493" lon="4.576885">
        <ele>108.75</ele>
        <extensions>
          <gpxtpx:TrackPointExtension>
            <gpxtpx:Extensions>
              <reversedirection>yes</reversedirection>
              <highway>primary</highway>
              <surface>asphalt</surface>
              <smoothness>good</smoothness>
            </gpxtpx:Extensions>
          </gpxtpx:TrackPointExtension>
        </extensions>
      </trkpt>
      <trkpt lat="43.989748" lon="4.576679">
        <ele>107.5</ele>
        <extensions>
          <gpxtpx:TrackPointExtension>
            <gpxtpx:Extensions>
              <reversedirection>yes</reversedirection>
              <highway>primary</highway>
              <surface>asphalt</surface>
              <smoothness>good</smoothness>
            </gpxtpx:Extensions>
          </gpxtpx:TrackPointExtension>
        </extensions>
      </trkpt>
      <trkpt lat="43.989923" lon="4.576562">
        <ele>108.75</ele>
        <extensions>
          <gpxtpx:TrackPointExtension>
            <gpxtpx:Extensions>
              <reversedirection>yes</reversedirection>
              <highway>primary</highway>
              <surface>asphalt</surface>
              <smoothness>good</smoothness>
            </gpxtpx:Extensions>
          </gpxtpx:TrackPointExtension>
        </extensions>
      </trkpt>
      <trkpt lat="43.989986" lon="4.576519">
        <ele>109.25</ele>
        <extensions>
          <gpxtpx:TrackPointExtension>
            <gpxtpx:Extensions>
              <reversedirection>yes</reversedirection>
              <highway>primary</highway>
              <surface>asphalt</surface>
              <smoothness>good</smoothness>
            </gpxtpx:Extensions>
          </gpxtpx:TrackPointExtension>
        </extensions>
      </trkpt>
      <trkpt lat="43.990221" lon="4.576403">
        <ele>111.25</ele>
        <extensions>
          <gpxtpx:TrackPointExtension>
            <gpxtpx:Extensions>
              <reversedirection>yes</reversedirection>
              <highway>primary</highway>
              <surface>asphalt</surface>
              <smoothness>good</smoothness>
            </gpxtpx:Extensions>
          </gpxtpx:TrackPointExtension>
        </extensions>
      </trkpt>
      <trkpt lat="43.990276" lon="4.576392">
        <ele>111.25</ele>
        <extensions>
          <gpxtpx:TrackPointExtension>
            <gpxtpx:Extensions>
              <reversedirection>yes</reversedirection>
              <highway>primary</highway>
              <surface>asphalt</surface>
              <smoothness>good</smoothness>
            </gpxtpx:Extensions>
          </gpxtpx:TrackPointExtension>
        </extensions>
      </trkpt>
      <trkpt lat="43.990434" lon="4.576359">
        <ele>111.5</ele>
        <extensions>
          <gpxtpx:TrackPointExtension>
            <gpxtpx:Extensions>
              <reversedirection>yes</reversedirection>
              <highway>primary</highway>
              <surface>asphalt</surface>
              <smoothness>good</smoothness>
            </gpxtpx:Extensions>
          </gpxtpx:TrackPointExtension>
        </extensions>
      </trkpt>
      <trkpt lat="43.990648" lon="4.576327">
        <ele>111.5</ele>
        <extensions>
          <gpxtpx:TrackPointExtension>
            <gpxtpx:Extensions>
              <reversedirection>yes</reversedirection>
              <highway>primary</highway>
              <surface>asphalt</surface>
              <smoothness>good</smoothness>
            </gpxtpx:Extensions>
          </gpxtpx:TrackPointExtension>
        </extensions>
      </trkpt>
      <trkpt lat="43.990881" lon="4.576327">
        <ele>111.25</ele>
        <extensions>
          <gpxtpx:TrackPointExtension>
            <gpxtpx:Extensions>
              <reversedirection>yes</reversedirection>
              <highway>primary</highway>
              <surface>asphalt</surface>
              <smoothness>good</smoothness>
            </gpxtpx:Extensions>
          </gpxtpx:TrackPointExtension>
        </extensions>
      </trkpt>
      <trkpt lat="43.991159" lon="4.576343">
        <ele>111</ele>
        <extensions>
          <gpxtpx:TrackPointExtension>
            <gpxtpx:Extensions>
              <reversedirection>yes</reversedirection>
              <highway>primary</highway>
              <surface>asphalt</surface>
              <smoothness>good</smoothness>
            </gpxtpx:Extensions>
          </gpxtpx:TrackPointExtension>
        </extensions>
      </trkpt>
      <trkpt lat="43.991414" lon="4.576389">
        <ele>111</ele>
        <extensions>
          <gpxtpx:TrackPointExtension>
            <gpxtpx:Extensions>
              <reversedirection>yes</reversedirection>
              <highway>primary</highway>
              <surface>asphalt</surface>
              <smoothness>good</smoothness>
            </gpxtpx:Extensions>
          </gpxtpx:TrackPointExtension>
        </extensions>
      </trkpt>
      <trkpt lat="43.991987" lon="4.576619">
        <ele>111.25</ele>
        <extensions>
          <gpxtpx:TrackPointExtension>
            <gpxtpx:Extensions>
              <reversedirection>yes</reversedirection>
              <highway>primary</highway>
              <surface>asphalt</surface>
              <smoothness>good</smoothness>
            </gpxtpx:Extensions>
          </gpxtpx:TrackPointExtension>
        </extensions>
      </trkpt>
      <trkpt lat="43.992285" lon="4.576723">
        <ele>111</ele>
        <extensions>
          <gpxtpx:TrackPointExtension>
            <gpxtpx:Extensions>
              <reversedirection>yes</reversedirection>
              <highway>primary</highway>
              <surface>asphalt</surface>
              <smoothness>good</smoothness>
            </gpxtpx:Extensions>
          </gpxtpx:TrackPointExtension>
        </extensions>
      </trkpt>
      <trkpt lat="43.992485" lon="4.576732">
        <ele>110.25</ele>
        <extensions>
          <gpxtpx:TrackPointExtension>
            <gpxtpx:Extensions>
              <reversedirection>yes</reversedirection>
              <highway>primary</highway>
              <surface>asphalt</surface>
              <smoothness>good</smoothness>
            </gpxtpx:Extensions>
          </gpxtpx:TrackPointExtension>
        </extensions>
      </trkpt>
      <trkpt lat="43.992745" lon="4.576714">
        <ele>111.5</ele>
        <extensions>
          <gpxtpx:TrackPointExtension>
            <gpxtpx:Extensions>
              <reversedirection>yes</reversedirection>
              <highway>primary</highway>
              <surface>asphalt</surface>
              <smoothness>good</smoothness>
            </gpxtpx:Extensions>
          </gpxtpx:TrackPointExtension>
        </extensions>
      </trkpt>
      <trkpt lat="43.992976" lon="4.576652">
        <ele>112.25</ele>
        <extensions>
          <gpxtpx:TrackPointExtension>
            <gpxtpx:Extensions>
              <reversedirection>yes</reversedirection>
              <highway>primary</highway>
              <surface>asphalt</surface>
              <smoothness>good</smoothness>
            </gpxtpx:Extensions>
          </gpxtpx:TrackPointExtension>
        </extensions>
      </trkpt>
      <trkpt lat="43.993041" lon="4.576635">
        <ele>112.75</ele>
        <extensions>
          <gpxtpx:TrackPointExtension>
            <gpxtpx:Extensions>
              <reversedirection>yes</reversedirection>
              <highway>primary</highway>
              <surface>asphalt</surface>
              <smoothness>good</smoothness>
            </gpxtpx:Extensions>
          </gpxtpx:TrackPointExtension>
        </extensions>
      </trkpt>
      <trkpt lat="43.99358" lon="4.576436">
        <ele>116.25</ele>
        <extensions>
          <gpxtpx:TrackPointExtension>
            <gpxtpx:Extensions>
              <reversedirection>yes</reversedirection>
              <highway>primary</highway>
              <surface>asphalt</surface>
              <smoothness>good</smoothness>
            </gpxtpx:Extensions>
          </gpxtpx:TrackPointExtension>
        </extensions>
      </trkpt>
      <trkpt lat="43.993871" lon="4.576348">
        <ele>118</ele>
        <extensions>
          <gpxtpx:TrackPointExtension>
            <gpxtpx:Extensions>
              <reversedirection>yes</reversedirection>
              <highway>primary</highway>
              <surface>asphalt</surface>
              <smoothness>good</smoothness>
            </gpxtpx:Extensions>
          </gpxtpx:TrackPointExtension>
        </extensions>
      </trkpt>
      <trkpt lat="43.994248" lon="4.576311">
        <ele>119.25</ele>
        <extensions>
          <gpxtpx:TrackPointExtension>
            <gpxtpx:Extensions>
              <reversedirection>yes</reversedirection>
              <highway>primary</highway>
              <surface>asphalt</surface>
              <smoothness>good</smoothness>
            </gpxtpx:Extensions>
          </gpxtpx:TrackPointExtension>
        </extensions>
      </trkpt>
      <trkpt lat="43.994636" lon="4.576334">
        <ele>119.25</ele>
        <extensions>
          <gpxtpx:TrackPointExtension>
            <gpxtpx:Extensions>
              <reversedirection>yes</reversedirection>
              <highway>primary</highway>
              <surface>asphalt</surface>
              <smoothness>good</smoothness>
            </gpxtpx:Extensions>
          </gpxtpx:TrackPointExtension>
        </extensions>
      </trkpt>
      <trkpt lat="43.994791" lon="4.576371">
        <ele>119</ele>
        <extensions>
          <gpxtpx:TrackPointExtension>
            <gpxtpx:Extensions>
              <reversedirection>yes</reversedirection>
              <highway>primary</highway>
              <surface>asphalt</surface>
              <smoothness>good</smoothness>
            </gpxtpx:Extensions>
          </gpxtpx:TrackPointExtension>
        </extensions>
      </trkpt>
      <trkpt lat="43.994889" lon="4.576394">
        <ele>119</ele>
        <extensions>
          <gpxtpx:TrackPointExtension>
            <gpxtpx:Extensions>
              <reversedirection>yes</reversedirection>
              <highway>primary</highway>
              <surface>asphalt</surface>
              <smoothness>good</smoothness>
            </gpxtpx:Extensions>
          </gpxtpx:TrackPointExtension>
        </extensions>
      </trkpt>
      <trkpt lat="43.99511" lon="4.576508">
        <ele>119.5</ele>
        <extensions>
          <gpxtpx:TrackPointExtension>
            <gpxtpx:Extensions>
              <reversedirection>yes</reversedirection>
              <highway>primary</highway>
              <surface>asphalt</surface>
              <smoothness>good</smoothness>
            </gpxtpx:Extensions>
          </gpxtpx:TrackPointExtension>
        </extensions>
      </trkpt>
      <trkpt lat="43.99535" lon="4.576653">
        <ele>121.25</ele>
        <extensions>
          <gpxtpx:TrackPointExtension>
            <gpxtpx:Extensions>
              <reversedirection>yes</reversedirection>
              <highway>primary</highway>
              <surface>asphalt</surface>
              <smoothness>good</smoothness>
            </gpxtpx:Extensions>
          </gpxtpx:TrackPointExtension>
        </extensions>
      </trkpt>
      <trkpt lat="43.995635" lon="4.576887">
        <ele>123.25</ele>
        <extensions>
          <gpxtpx:TrackPointExtension>
            <gpxtpx:Extensions>
              <reversedirection>yes</reversedirection>
              <highway>primary</highway>
              <surface>asphalt</surface>
              <smoothness>good</smoothness>
            </gpxtpx:Extensions>
          </gpxtpx:TrackPointExtension>
        </extensions>
      </trkpt>
      <trkpt lat="43.995862" lon="4.577137">
        <ele>123</ele>
        <extensions>
          <gpxtpx:TrackPointExtension>
            <gpxtpx:Extensions>
              <reversedirection>yes</reversedirection>
              <highway>primary</highway>
              <surface>asphalt</surface>
              <smoothness>good</smoothness>
            </gpxtpx:Extensions>
          </gpxtpx:TrackPointExtension>
        </extensions>
      </trkpt>
      <trkpt lat="43.996838" lon="4.578599">
        <ele>124</ele>
        <extensions>
          <gpxtpx:TrackPointExtension>
            <gpxtpx:Extensions>
              <reversedirection>yes</reversedirection>
              <highway>primary</highway>
              <surface>asphalt</surface>
              <smoothness>good</smoothness>
            </gpxtpx:Extensions>
          </gpxtpx:TrackPointExtension>
        </extensions>
      </trkpt>
      <trkpt lat="43.996896" lon="4.578619">
        <ele>124.25</ele>
        <extensions>
          <gpxtpx:TrackPointExtension>
            <gpxtpx:Extensions>
              <highway>primary</highway>
              <surface>asphalt</surface>
              <oneway>yes</oneway>
              <cycleway_right>no</cycleway_right>
            </gpxtpx:Extensions>
          </gpxtpx:TrackPointExtension>
        </extensions>
      </trkpt>
      <trkpt lat="43.997021" lon="4.578807">
        <ele>124</ele>
        <extensions>
          <gpxtpx:TrackPointExtension>
            <gpxtpx:Extensions>
              <highway>primary</highway>
              <surface>asphalt</surface>
              <oneway>yes</oneway>
              <cycleway_right>no</cycleway_right>
            </gpxtpx:Extensions>
          </gpxtpx:TrackPointExtension>
        </extensions>
      </trkpt>
      <trkpt lat="43.997111" lon="4.578944">
        <ele>123.75</ele>
        <extensions>
          <gpxtpx:TrackPointExtension>
            <gpxtpx:Extensions>
              <highway>primary</highway>
              <surface>asphalt</surface>
              <oneway>yes</oneway>
              <cycleway_right>no</cycleway_right>
            </gpxtpx:Extensions>
          </gpxtpx:TrackPointExtension>
        </extensions>
      </trkpt>
      <trkpt lat="43.997318" lon="4.579173">
        <ele>123</ele>
        <extensions>
          <gpxtpx:TrackPointExtension>
            <gpxtpx:Extensions>
              <highway>primary</highway>
              <surface>asphalt</surface>
              <oneway>yes</oneway>
              <cycleway_right>no</cycleway_right>
            </gpxtpx:Extensions>
          </gpxtpx:TrackPointExtension>
        </extensions>
      </trkpt>
      <trkpt lat="43.997411" lon="4.579245">
        <ele>123</ele>
        <extensions>
          <gpxtpx:TrackPointExtension>
            <gpxtpx:Extensions>
              <highway>primary</highway>
              <surface>asphalt</surface>
              <oneway>yes</oneway>
              <cycleway_right>no</cycleway_right>
            </gpxtpx:Extensions>
          </gpxtpx:TrackPointExtension>
        </extensions>
      </trkpt>
      <trkpt lat="43.997476" lon="4.579295">
        <ele>122.75</ele>
        <extensions>
          <gpxtpx:TrackPointExtension>
            <gpxtpx:Extensions>
              <highway>primary</highway>
              <surface>asphalt</surface>
              <oneway>yes</oneway>
              <cycleway_right>no</cycleway_right>
            </gpxtpx:Extensions>
          </gpxtpx:TrackPointExtension>
        </extensions>
      </trkpt>
      <trkpt lat="43.997659" lon="4.579386">
        <ele>122.75</ele>
        <extensions>
          <gpxtpx:TrackPointExtension>
            <gpxtpx:Extensions>
              <highway>primary</highway>
              <surface>asphalt</surface>
              <oneway>yes</oneway>
              <cycleway_right>no</cycleway_right>
            </gpxtpx:Extensions>
          </gpxtpx:TrackPointExtension>
        </extensions>
      </trkpt>
      <trkpt lat="43.99794" lon="4.579441">
        <ele>123.25</ele>
        <extensions>
          <gpxtpx:TrackPointExtension>
            <gpxtpx:Extensions>
              <highway>primary</highway>
              <surface>asphalt</surface>
              <oneway>yes</oneway>
              <cycleway_right>no</cycleway_right>
            </gpxtpx:Extensions>
          </gpxtpx:TrackPointExtension>
        </extensions>
      </trkpt>
      <trkpt lat="43.998187" lon="4.579441">
        <ele>123.75</ele>
        <extensions>
          <gpxtpx:TrackPointExtension>
            <gpxtpx:Extensions>
              <highway>primary</highway>
              <surface>asphalt</surface>
              <oneway>yes</oneway>
              <cycleway_right>no</cycleway_right>
            </gpxtpx:Extensions>
          </gpxtpx:TrackPointExtension>
        </extensions>
      </trkpt>
      <trkpt lat="43.998503" lon="4.579402">
        <ele>123.75</ele>
        <extensions>
          <gpxtpx:TrackPointExtension>
            <gpxtpx:Extensions>
              <highway>primary</highway>
              <surface>asphalt</surface>
              <oneway>yes</oneway>
              <cycleway_right>no</cycleway_right>
            </gpxtpx:Extensions>
          </gpxtpx:TrackPointExtension>
        </extensions>
      </trkpt>
      <trkpt lat="43.998913" lon="4.579316">
        <ele>123</ele>
        <extensions>
          <gpxtpx:TrackPointExtension>
            <gpxtpx:Extensions>
              <highway>primary</highway>
              <surface>asphalt</surface>
              <oneway>yes</oneway>
              <cycleway_right>no</cycleway_right>
            </gpxtpx:Extensions>
          </gpxtpx:TrackPointExtension>
        </extensions>
      </trkpt>
      <trkpt lat="43.999614" lon="4.579115">
        <ele>124.25</ele>
        <extensions>
          <gpxtpx:TrackPointExtension>
            <gpxtpx:Extensions>
              <reversedirection>yes</reversedirection>
              <highway>primary</highway>
              <surface>asphalt</surface>
              <smoothness>good</smoothness>
            </gpxtpx:Extensions>
          </gpxtpx:TrackPointExtension>
        </extensions>
      </trkpt>
      <trkpt lat="43.999978" lon="4.578994">
        <ele>125.5</ele>
        <extensions>
          <gpxtpx:TrackPointExtension>
            <gpxtpx:Extensions>
              <reversedirection>yes</reversedirection>
              <highway>primary</highway>
              <surface>asphalt</surface>
              <smoothness>good</smoothness>
            </gpxtpx:Extensions>
          </gpxtpx:TrackPointExtension>
        </extensions>
      </trkpt>
      <trkpt lat="44.000954" lon="4.578705">
        <ele>125</ele>
        <extensions>
          <gpxtpx:TrackPointExtension>
            <gpxtpx:Extensions>
              <reversedirection>yes</reversedirection>
              <highway>primary</highway>
              <surface>asphalt</surface>
              <smoothness>good</smoothness>
            </gpxtpx:Extensions>
          </gpxtpx:TrackPointExtension>
        </extensions>
      </trkpt>
      <trkpt lat="44.00132" lon="4.578587">
        <ele>126</ele>
        <extensions>
          <gpxtpx:TrackPointExtension>
            <gpxtpx:Extensions>
              <reversedirection>yes</reversedirection>
              <highway>primary</highway>
              <surface>asphalt</surface>
              <smoothness>good</smoothness>
            </gpxtpx:Extensions>
          </gpxtpx:TrackPointExtension>
        </extensions>
      </trkpt>
      <trkpt lat="44.001562" lon="4.578538">
        <ele>126.5</ele>
        <extensions>
          <gpxtpx:TrackPointExtension>
            <gpxtpx:Extensions>
              <reversedirection>yes</reversedirection>
              <highway>primary</highway>
              <surface>asphalt</surface>
              <smoothness>good</smoothness>
            </gpxtpx:Extensions>
          </gpxtpx:TrackPointExtension>
        </extensions>
      </trkpt>
      <trkpt lat="44.002961" lon="4.578471">
        <ele>124.75</ele>
        <extensions>
          <gpxtpx:TrackPointExtension>
            <gpxtpx:Extensions>
              <reversedirection>yes</reversedirection>
              <highway>primary</highway>
              <surface>asphalt</surface>
              <smoothness>good</smoothness>
            </gpxtpx:Extensions>
          </gpxtpx:TrackPointExtension>
        </extensions>
      </trkpt>
      <trkpt lat="44.003804" lon="4.578408">
        <ele>123</ele>
        <extensions>
          <gpxtpx:TrackPointExtension>
            <gpxtpx:Extensions>
              <highway>primary</highway>
              <surface>asphalt</surface>
              <oneway>yes</oneway>
              <cycleway_right>no</cycleway_right>
            </gpxtpx:Extensions>
          </gpxtpx:TrackPointExtension>
        </extensions>
      </trkpt>
      <trkpt lat="44.004583" lon="4.578367">
        <ele>122.25</ele>
        <extensions>
          <gpxtpx:TrackPointExtension>
            <gpxtpx:Extensions>
              <highway>primary</highway>
              <surface>asphalt</surface>
              <oneway>yes</oneway>
              <cycleway_right>no</cycleway_right>
            </gpxtpx:Extensions>
          </gpxtpx:TrackPointExtension>
        </extensions>
      </trkpt>
      <trkpt lat="44.004756" lon="4.578357">
        <ele>122.5</ele>
        <extensions>
          <gpxtpx:TrackPointExtension>
            <gpxtpx:Extensions>
              <highway>primary</highway>
              <surface>asphalt</surface>
              <oneway>yes</oneway>
              <cycleway_right>no</cycleway_right>
            </gpxtpx:Extensions>
          </gpxtpx:TrackPointExtension>
        </extensions>
      </trkpt>
      <trkpt lat="44.004892" lon="4.578349">
        <ele>122.75</ele>
        <extensions>
          <gpxtpx:TrackPointExtension>
            <gpxtpx:Extensions>
              <highway>primary</highway>
              <surface>asphalt</surface>
              <oneway>yes</oneway>
              <cycleway_right>no</cycleway_right>
            </gpxtpx:Extensions>
          </gpxtpx:TrackPointExtension>
        </extensions>
      </trkpt>
      <trkpt lat="44.005345" lon="4.578324">
        <ele>124.25</ele>
        <extensions>
          <gpxtpx:TrackPointExtension>
            <gpxtpx:Extensions>
              <highway>primary</highway>
              <surface>asphalt</surface>
              <oneway>yes</oneway>
              <cycleway_right>no</cycleway_right>
            </gpxtpx:Extensions>
          </gpxtpx:TrackPointExtension>
        </extensions>
      </trkpt>
      <trkpt lat="44.00548" lon="4.578316">
        <ele>124.5</ele>
        <extensions>
          <gpxtpx:TrackPointExtension>
            <gpxtpx:Extensions>
              <highway>primary</highway>
              <surface>asphalt</surface>
              <oneway>yes</oneway>
              <cycleway_right>no</cycleway_right>
            </gpxtpx:Extensions>
          </gpxtpx:TrackPointExtension>
        </extensions>
      </trkpt>
      <trkpt lat="44.006417" lon="4.578154">
        <ele>127.5</ele>
        <extensions>
          <gpxtpx:TrackPointExtension>
            <gpxtpx:Extensions>
              <reversedirection>yes</reversedirection>
              <highway>primary</highway>
              <surface>asphalt</surface>
              <smoothness>good</smoothness>
            </gpxtpx:Extensions>
          </gpxtpx:TrackPointExtension>
        </extensions>
      </trkpt>
      <trkpt lat="44.006504" lon="4.578154">
        <ele>127.75</ele>
        <extensions>
          <gpxtpx:TrackPointExtension>
            <gpxtpx:Extensions>
              <reversedirection>yes</reversedirection>
              <highway>primary</highway>
              <surface>asphalt</surface>
              <smoothness>good</smoothness>
            </gpxtpx:Extensions>
          </gpxtpx:TrackPointExtension>
        </extensions>
      </trkpt>
      <trkpt lat="44.006594" lon="4.578167">
        <ele>128</ele>
        <extensions>
          <gpxtpx:TrackPointExtension>
            <gpxtpx:Extensions>
              <reversedirection>yes</reversedirection>
              <highway>primary</highway>
              <surface>asphalt</surface>
              <smoothness>good</smoothness>
            </gpxtpx:Extensions>
          </gpxtpx:TrackPointExtension>
        </extensions>
      </trkpt>
      <trkpt lat="44.006683" lon="4.578193">
        <ele>128.25</ele>
        <extensions>
          <gpxtpx:TrackPointExtension>
            <gpxtpx:Extensions>
              <reversedirection>yes</reversedirection>
              <highway>primary</highway>
              <surface>asphalt</surface>
              <smoothness>good</smoothness>
            </gpxtpx:Extensions>
          </gpxtpx:TrackPointExtension>
        </extensions>
      </trkpt>
      <trkpt lat="44.006808" lon="4.578248">
        <ele>128.5</ele>
        <extensions>
          <gpxtpx:TrackPointExtension>
            <gpxtpx:Extensions>
              <reversedirection>yes</reversedirection>
              <highway>primary</highway>
              <surface>asphalt</surface>
              <smoothness>good</smoothness>
            </gpxtpx:Extensions>
          </gpxtpx:TrackPointExtension>
        </extensions>
      </trkpt>
      <trkpt lat="44.006885" lon="4.578288">
        <ele>128.75</ele>
        <extensions>
          <gpxtpx:TrackPointExtension>
            <gpxtpx:Extensions>
              <reversedirection>yes</reversedirection>
              <highway>primary</highway>
              <surface>asphalt</surface>
              <smoothness>good</smoothness>
            </gpxtpx:Extensions>
          </gpxtpx:TrackPointExtension>
        </extensions>
      </trkpt>
      <trkpt lat="44.007152" lon="4.578439">
        <ele>129.75</ele>
        <extensions>
          <gpxtpx:TrackPointExtension>
            <gpxtpx:Extensions>
              <reversedirection>yes</reversedirection>
              <highway>primary</highway>
              <surface>asphalt</surface>
              <smoothness>good</smoothness>
            </gpxtpx:Extensions>
          </gpxtpx:TrackPointExtension>
        </extensions>
      </trkpt>
      <trkpt lat="44.007361" lon="4.578518">
        <ele>130.75</ele>
        <extensions>
          <gpxtpx:TrackPointExtension>
            <gpxtpx:Extensions>
              <reversedirection>yes</reversedirection>
              <highway>primary</highway>
              <surface>asphalt</surface>
              <smoothness>good</smoothness>
            </gpxtpx:Extensions>
          </gpxtpx:TrackPointExtension>
        </extensions>
      </trkpt>
      <trkpt lat="44.007404" lon="4.578533">
        <ele>131</ele>
        <extensions>
          <gpxtpx:TrackPointExtension>
            <gpxtpx:Extensions>
              <reversedirection>yes</reversedirection>
              <highway>primary</highway>
              <surface>asphalt</surface>
              <smoothness>good</smoothness>
            </gpxtpx:Extensions>
          </gpxtpx:TrackPointExtension>
        </extensions>
      </trkpt>
      <trkpt lat="44.00748" lon="4.578555">
        <ele>131.5</ele>
        <extensions>
          <gpxtpx:TrackPointExtension>
            <gpxtpx:Extensions>
              <reversedirection>yes</reversedirection>
              <highway>primary</highway>
              <surface>asphalt</surface>
              <smoothness>good</smoothness>
            </gpxtpx:Extensions>
          </gpxtpx:TrackPointExtension>
        </extensions>
      </trkpt>
      <trkpt lat="44.007569" lon="4.578566">
        <ele>131.75</ele>
        <extensions>
          <gpxtpx:TrackPointExtension>
            <gpxtpx:Extensions>
              <reversedirection>yes</reversedirection>
              <highway>primary</highway>
              <surface>asphalt</surface>
              <smoothness>good</smoothness>
            </gpxtpx:Extensions>
          </gpxtpx:TrackPointExtension>
        </extensions>
      </trkpt>
      <trkpt lat="44.0079" lon="4.578585">
        <ele>132.25</ele>
        <extensions>
          <gpxtpx:TrackPointExtension>
            <gpxtpx:Extensions>
              <reversedirection>yes</reversedirection>
              <highway>primary</highway>
              <surface>asphalt</surface>
              <smoothness>good</smoothness>
            </gpxtpx:Extensions>
          </gpxtpx:TrackPointExtension>
        </extensions>
      </trkpt>
      <trkpt lat="44.008144" lon="4.578606">
        <ele>132.5</ele>
        <extensions>
          <gpxtpx:TrackPointExtension>
            <gpxtpx:Extensions>
              <reversedirection>yes</reversedirection>
              <highway>primary</highway>
              <surface>asphalt</surface>
              <smoothness>good</smoothness>
            </gpxtpx:Extensions>
          </gpxtpx:TrackPointExtension>
        </extensions>
      </trkpt>
      <trkpt lat="44.008524" lon="4.578693">
        <ele>132.5</ele>
        <extensions>
          <gpxtpx:TrackPointExtension>
            <gpxtpx:Extensions>
              <reversedirection>yes</reversedirection>
              <highway>primary</highway>
              <surface>asphalt</surface>
              <smoothness>good</smoothness>
            </gpxtpx:Extensions>
          </gpxtpx:TrackPointExtension>
        </extensions>
      </trkpt>
      <trkpt lat="44.009665" lon="4.579123">
        <ele>130.75</ele>
        <extensions>
          <gpxtpx:TrackPointExtension>
            <gpxtpx:Extensions>
              <reversedirection>yes</reversedirection>
              <highway>primary</highway>
              <surface>asphalt</surface>
              <smoothness>good</smoothness>
            </gpxtpx:Extensions>
          </gpxtpx:TrackPointExtension>
        </extensions>
      </trkpt>
      <trkpt lat="44.010457" lon="4.579419">
        <ele>131.75</ele>
        <extensions>
          <gpxtpx:TrackPointExtension>
            <gpxtpx:Extensions>
              <reversedirection>yes</reversedirection>
              <highway>primary</highway>
              <surface>asphalt</surface>
              <smoothness>good</smoothness>
            </gpxtpx:Extensions>
          </gpxtpx:TrackPointExtension>
        </extensions>
      </trkpt>
      <trkpt lat="44.012318" lon="4.580142">
        <ele>137.25</ele>
        <extensions>
          <gpxtpx:TrackPointExtension>
            <gpxtpx:Extensions>
              <reversedirection>yes</reversedirection>
              <highway>primary</highway>
              <surface>asphalt</surface>
              <smoothness>good</smoothness>
            </gpxtpx:Extensions>
          </gpxtpx:TrackPointExtension>
        </extensions>
      </trkpt>
      <trkpt lat="44.015907" lon="4.581528">
        <ele>147.75</ele>
        <extensions>
          <gpxtpx:TrackPointExtension>
            <gpxtpx:Extensions>
              <reversedirection>yes</reversedirection>
              <highway>primary</highway>
              <surface>asphalt</surface>
              <smoothness>good</smoothness>
            </gpxtpx:Extensions>
          </gpxtpx:TrackPointExtension>
        </extensions>
      </trkpt>
      <trkpt lat="44.016868" lon="4.581889">
        <ele>154</ele>
        <extensions>
          <gpxtpx:TrackPointExtension>
            <gpxtpx:Extensions>
              <reversedirection>yes</reversedirection>
              <highway>primary</highway>
              <surface>asphalt</surface>
              <smoothness>good</smoothness>
            </gpxtpx:Extensions>
          </gpxtpx:TrackPointExtension>
        </extensions>
      </trkpt>
      <trkpt lat="44.01737" lon="4.582053">
        <ele>155</ele>
        <extensions>
          <gpxtpx:TrackPointExtension>
            <gpxtpx:Extensions>
              <reversedirection>yes</reversedirection>
              <highway>primary</highway>
              <surface>asphalt</surface>
              <smoothness>good</smoothness>
            </gpxtpx:Extensions>
          </gpxtpx:TrackPointExtension>
        </extensions>
      </trkpt>
      <trkpt lat="44.0177" lon="4.582129">
        <ele>156</ele>
        <extensions>
          <gpxtpx:TrackPointExtension>
            <gpxtpx:Extensions>
              <reversedirection>yes</reversedirection>
              <highway>primary</highway>
              <surface>asphalt</surface>
              <smoothness>good</smoothness>
            </gpxtpx:Extensions>
          </gpxtpx:TrackPointExtension>
        </extensions>
      </trkpt>
      <trkpt lat="44.018064" lon="4.582135">
        <ele>157.75</ele>
        <extensions>
          <gpxtpx:TrackPointExtension>
            <gpxtpx:Extensions>
              <reversedirection>yes</reversedirection>
              <highway>primary</highway>
              <surface>asphalt</surface>
              <smoothness>good</smoothness>
            </gpxtpx:Extensions>
          </gpxtpx:TrackPointExtension>
        </extensions>
      </trkpt>
      <trkpt lat="44.018466" lon="4.582039">
        <ele>160.25</ele>
        <extensions>
          <gpxtpx:TrackPointExtension>
            <gpxtpx:Extensions>
              <reversedirection>yes</reversedirection>
              <highway>primary</highway>
              <surface>asphalt</surface>
              <smoothness>good</smoothness>
            </gpxtpx:Extensions>
          </gpxtpx:TrackPointExtension>
        </extensions>
      </trkpt>
      <trkpt lat="44.019622" lon="4.581672">
        <ele>160.5</ele>
        <extensions>
          <gpxtpx:TrackPointExtension>
            <gpxtpx:Extensions>
              <reversedirection>yes</reversedirection>
              <highway>primary</highway>
              <surface>asphalt</surface>
              <smoothness>good</smoothness>
            </gpxtpx:Extensions>
          </gpxtpx:TrackPointExtension>
        </extensions>
      </trkpt>
      <trkpt lat="44.019763" lon="4.581644">
        <ele>160.5</ele>
        <extensions>
          <gpxtpx:TrackPointExtension>
            <gpxtpx:Extensions>
              <reversedirection>yes</reversedirection>
              <highway>primary</highway>
              <surface>asphalt</surface>
              <smoothness>good</smoothness>
            </gpxtpx:Extensions>
          </gpxtpx:TrackPointExtension>
        </extensions>
      </trkpt>
      <trkpt lat="44.020025" lon="4.581591">
        <ele>161</ele>
        <extensions>
          <gpxtpx:TrackPointExtension>
            <gpxtpx:Extensions>
              <reversedirection>yes</reversedirection>
              <highway>primary</highway>
              <surface>asphalt</surface>
              <smoothness>good</smoothness>
            </gpxtpx:Extensions>
          </gpxtpx:TrackPointExtension>
        </extensions>
      </trkpt>
      <trkpt lat="44.020382" lon="4.581593">
        <ele>164.5</ele>
        <extensions>
          <gpxtpx:TrackPointExtension>
            <gpxtpx:Extensions>
              <reversedirection>yes</reversedirection>
              <highway>primary</highway>
              <surface>asphalt</surface>
              <smoothness>good</smoothness>
            </gpxtpx:Extensions>
          </gpxtpx:TrackPointExtension>
        </extensions>
      </trkpt>
      <trkpt lat="44.020755" lon="4.581658">
        <ele>166.5</ele>
        <extensions>
          <gpxtpx:TrackPointExtension>
            <gpxtpx:Extensions>
              <reversedirection>yes</reversedirection>
              <highway>primary</highway>
              <surface>asphalt</surface>
              <smoothness>good</smoothness>
            </gpxtpx:Extensions>
          </gpxtpx:TrackPointExtension>
        </extensions>
      </trkpt>
      <trkpt lat="44.021396" lon="4.581909">
        <ele>169</ele>
        <extensions>
          <gpxtpx:TrackPointExtension>
            <gpxtpx:Extensions>
              <reversedirection>yes</reversedirection>
              <highway>primary</highway>
              <surface>asphalt</surface>
              <smoothness>good</smoothness>
            </gpxtpx:Extensions>
          </gpxtpx:TrackPointExtension>
        </extensions>
      </trkpt>
      <trkpt lat="44.021785" lon="4.582019">
        <ele>170.75</ele>
        <extensions>
          <gpxtpx:TrackPointExtension>
            <gpxtpx:Extensions>
              <reversedirection>yes</reversedirection>
              <highway>primary</highway>
              <surface>asphalt</surface>
              <smoothness>good</smoothness>
            </gpxtpx:Extensions>
          </gpxtpx:TrackPointExtension>
        </extensions>
      </trkpt>
      <trkpt lat="44.022116" lon="4.582045">
        <ele>171.5</ele>
        <extensions>
          <gpxtpx:TrackPointExtension>
            <gpxtpx:Extensions>
              <reversedirection>yes</reversedirection>
              <highway>primary</highway>
              <surface>asphalt</surface>
              <smoothness>good</smoothness>
            </gpxtpx:Extensions>
          </gpxtpx:TrackPointExtension>
        </extensions>
      </trkpt>
      <trkpt lat="44.022505" lon="4.58203">
        <ele>172.25</ele>
        <extensions>
          <gpxtpx:TrackPointExtension>
            <gpxtpx:Extensions>
              <reversedirection>yes</reversedirection>
              <highway>primary</highway>
              <surface>asphalt</surface>
              <smoothness>good</smoothness>
            </gpxtpx:Extensions>
          </gpxtpx:TrackPointExtension>
        </extensions>
      </trkpt>
      <trkpt lat="44.02282" lon="4.581984">
        <ele>173.25</ele>
        <extensions>
          <gpxtpx:TrackPointExtension>
            <gpxtpx:Extensions>
              <reversedirection>yes</reversedirection>
              <highway>primary</highway>
              <surface>asphalt</surface>
              <smoothness>good</smoothness>
            </gpxtpx:Extensions>
          </gpxtpx:TrackPointExtension>
        </extensions>
      </trkpt>
      <trkpt lat="44.023875" lon="4.581828">
        <ele>174.5</ele>
        <extensions>
          <gpxtpx:TrackPointExtension>
            <gpxtpx:Extensions>
              <reversedirection>yes</reversedirection>
              <highway>primary</highway>
              <surface>asphalt</surface>
              <smoothness>good</smoothness>
            </gpxtpx:Extensions>
          </gpxtpx:TrackPointExtension>
        </extensions>
      </trkpt>
      <trkpt lat="44.024536" lon="4.581756">
        <ele>175</ele>
        <extensions>
          <gpxtpx:TrackPointExtension>
            <gpxtpx:Extensions>
              <reversedirection>yes</reversedirection>
              <highway>primary</highway>
              <surface>asphalt</surface>
              <smoothness>good</smoothness>
            </gpxtpx:Extensions>
          </gpxtpx:TrackPointExtension>
        </extensions>
      </trkpt>
      <trkpt lat="44.024652" lon="4.581768">
        <ele>175</ele>
        <extensions>
          <gpxtpx:TrackPointExtension>
            <gpxtpx:Extensions>
              <reversedirection>yes</reversedirection>
              <highway>primary</highway>
              <surface>asphalt</surface>
              <smoothness>good</smoothness>
            </gpxtpx:Extensions>
          </gpxtpx:TrackPointExtension>
        </extensions>
      </trkpt>
      <trkpt lat="44.025267" lon="4.581882">
        <ele>176.75</ele>
        <extensions>
          <gpxtpx:TrackPointExtension>
            <gpxtpx:Extensions>
              <reversedirection>yes</reversedirection>
              <highway>primary</highway>
              <surface>asphalt</surface>
              <smoothness>good</smoothness>
            </gpxtpx:Extensions>
          </gpxtpx:TrackPointExtension>
        </extensions>
      </trkpt>
      <trkpt lat="44.026035" lon="4.582072">
        <ele>180.75</ele>
        <extensions>
          <gpxtpx:TrackPointExtension>
            <gpxtpx:Extensions>
              <reversedirection>yes</reversedirection>
              <highway>primary</highway>
              <surface>asphalt</surface>
              <smoothness>good</smoothness>
            </gpxtpx:Extensions>
          </gpxtpx:TrackPointExtension>
        </extensions>
      </trkpt>
      <trkpt lat="44.026383" lon="4.582103">
        <ele>183</ele>
        <extensions>
          <gpxtpx:TrackPointExtension>
            <gpxtpx:Extensions>
              <reversedirection>yes</reversedirection>
              <highway>primary</highway>
              <surface>asphalt</surface>
              <smoothness>good</smoothness>
            </gpxtpx:Extensions>
          </gpxtpx:TrackPointExtension>
        </extensions>
      </trkpt>
      <trkpt lat="44.027265" lon="4.581988">
        <ele>186.5</ele>
        <extensions>
          <gpxtpx:TrackPointExtension>
            <gpxtpx:Extensions>
              <reversedirection>yes</reversedirection>
              <highway>primary</highway>
              <surface>asphalt</surface>
              <smoothness>good</smoothness>
            </gpxtpx:Extensions>
          </gpxtpx:TrackPointExtension>
        </extensions>
      </trkpt>
      <trkpt lat="44.028584" lon="4.581747">
        <ele>186.75</ele>
        <extensions>
          <gpxtpx:TrackPointExtension>
            <gpxtpx:Extensions>
              <reversedirection>yes</reversedirection>
              <highway>primary</highway>
              <surface>asphalt</surface>
              <smoothness>good</smoothness>
            </gpxtpx:Extensions>
          </gpxtpx:TrackPointExtension>
        </extensions>
      </trkpt>
      <trkpt lat="44.029177" lon="4.581638">
        <ele>190.25</ele>
        <extensions>
          <gpxtpx:TrackPointExtension>
            <gpxtpx:Extensions>
              <reversedirection>yes</reversedirection>
              <highway>primary</highway>
              <surface>asphalt</surface>
              <smoothness>good</smoothness>
            </gpxtpx:Extensions>
          </gpxtpx:TrackPointExtension>
        </extensions>
      </trkpt>
      <trkpt lat="44.03104" lon="4.58116">
        <ele>202.5</ele>
        <extensions>
          <gpxtpx:TrackPointExtension>
            <gpxtpx:Extensions>
              <reversedirection>yes</reversedirection>
              <highway>primary</highway>
              <surface>asphalt</surface>
              <smoothness>good</smoothness>
            </gpxtpx:Extensions>
          </gpxtpx:TrackPointExtension>
        </extensions>
      </trkpt>
      <trkpt lat="44.031423" lon="4.581101">
        <ele>204.75</ele>
        <extensions>
          <gpxtpx:TrackPointExtension>
            <gpxtpx:Extensions>
              <reversedirection>yes</reversedirection>
              <highway>primary</highway>
              <surface>asphalt</surface>
              <smoothness>good</smoothness>
            </gpxtpx:Extensions>
          </gpxtpx:TrackPointExtension>
        </extensions>
      </trkpt>
      <trkpt lat="44.031769" lon="4.581117">
        <ele>206.5</ele>
        <extensions>
          <gpxtpx:TrackPointExtension>
            <gpxtpx:Extensions>
              <reversedirection>yes</reversedirection>
              <highway>primary</highway>
              <surface>asphalt</surface>
              <smoothness>good</smoothness>
            </gpxtpx:Extensions>
          </gpxtpx:TrackPointExtension>
        </extensions>
      </trkpt>
      <trkpt lat="44.034297" lon="4.581717">
        <ele>214.25</ele>
        <extensions>
          <gpxtpx:TrackPointExtension>
            <gpxtpx:Extensions>
              <reversedirection>yes</reversedirection>
              <highway>primary</highway>
              <surface>asphalt</surface>
              <smoothness>good</smoothness>
            </gpxtpx:Extensions>
          </gpxtpx:TrackPointExtension>
        </extensions>
      </trkpt>
      <trkpt lat="44.03445" lon="4.581752">
        <ele>214.75</ele>
        <extensions>
          <gpxtpx:TrackPointExtension>
            <gpxtpx:Extensions>
              <reversedirection>yes</reversedirection>
              <highway>primary</highway>
              <surface>asphalt</surface>
              <smoothness>good</smoothness>
            </gpxtpx:Extensions>
          </gpxtpx:TrackPointExtension>
        </extensions>
      </trkpt>
      <trkpt lat="44.034756" lon="4.581824">
        <ele>215.5</ele>
        <extensions>
          <gpxtpx:TrackPointExtension>
            <gpxtpx:Extensions>
              <reversedirection>yes</reversedirection>
              <highway>primary</highway>
              <surface>asphalt</surface>
              <smoothness>good</smoothness>
            </gpxtpx:Extensions>
          </gpxtpx:TrackPointExtension>
        </extensions>
      </trkpt>
      <trkpt lat="44.035379" lon="4.581969">
        <ele>218.75</ele>
        <extensions>
          <gpxtpx:TrackPointExtension>
            <gpxtpx:Extensions>
              <reversedirection>yes</reversedirection>
              <highway>primary</highway>
              <surface>asphalt</surface>
              <smoothness>good</smoothness>
            </gpxtpx:Extensions>
          </gpxtpx:TrackPointExtension>
        </extensions>
      </trkpt>
      <trkpt lat="44.036462" lon="4.582232">
        <ele>224.5</ele>
        <extensions>
          <gpxtpx:TrackPointExtension>
            <gpxtpx:Extensions>
              <reversedirection>yes</reversedirection>
              <highway>primary</highway>
              <surface>asphalt</surface>
            </gpxtpx:Extensions>
          </gpxtpx:TrackPointExtension>
        </extensions>
      </trkpt>
      <trkpt lat="44.036695" lon="4.582274">
        <ele>225.25</ele>
        <extensions>
          <gpxtpx:TrackPointExtension>
            <gpxtpx:Extensions>
              <reversedirection>yes</reversedirection>
              <highway>primary</highway>
              <surface>asphalt</surface>
            </gpxtpx:Extensions>
          </gpxtpx:TrackPointExtension>
        </extensions>
      </trkpt>
      <trkpt lat="44.036761" lon="4.582275">
        <ele>225.5</ele>
        <extensions>
          <gpxtpx:TrackPointExtension>
            <gpxtpx:Extensions>
              <reversedirection>yes</reversedirection>
              <highway>primary</highway>
              <surface>asphalt</surface>
            </gpxtpx:Extensions>
          </gpxtpx:TrackPointExtension>
        </extensions>
      </trkpt>
      <trkpt lat="44.036886" lon="4.582267">
        <ele>225.5</ele>
        <extensions>
          <gpxtpx:TrackPointExtension>
            <gpxtpx:Extensions>
              <reversedirection>yes</reversedirection>
              <highway>primary</highway>
              <surface>asphalt</surface>
            </gpxtpx:Extensions>
          </gpxtpx:TrackPointExtension>
        </extensions>
      </trkpt>
      <trkpt lat="44.03672" lon="4.582521">
        <ele>226</ele>
        <extensions>
          <gpxtpx:TrackPointExtension>
            <gpxtpx:Extensions>
              <highway>tertiary</highway>
              <surface>asphalt</surface>
              <oneway>yes</oneway>
              <cycleway_right>no</cycleway_right>
            </gpxtpx:Extensions>
          </gpxtpx:TrackPointExtension>
        </extensions>
      </trkpt>
      <trkpt lat="44.036662" lon="4.582557">
        <ele>226</ele>
        <extensions>
          <gpxtpx:TrackPointExtension>
            <gpxtpx:Extensions>
              <highway>tertiary</highway>
              <surface>asphalt</surface>
              <oneway>yes</oneway>
              <cycleway_right>no</cycleway_right>
            </gpxtpx:Extensions>
          </gpxtpx:TrackPointExtension>
        </extensions>
      </trkpt>
      <trkpt lat="44.036618" lon="4.582705">
        <ele>226</ele>
        <extensions>
          <gpxtpx:TrackPointExtension>
            <gpxtpx:Extensions>
              <highway>tertiary</highway>
              <surface>asphalt</surface>
            </gpxtpx:Extensions>
          </gpxtpx:TrackPointExtension>
        </extensions>
      </trkpt>
      <trkpt lat="44.036459" lon="4.583352">
        <ele>226.25</ele>
        <extensions>
          <gpxtpx:TrackPointExtension>
            <gpxtpx:Extensions>
              <highway>tertiary</highway>
              <surface>asphalt</surface>
            </gpxtpx:Extensions>
          </gpxtpx:TrackPointExtension>
        </extensions>
      </trkpt>
      <trkpt lat="44.036152" lon="4.584703">
        <ele>225.25</ele>
        <extensions>
          <gpxtpx:TrackPointExtension>
            <gpxtpx:Extensions>
              <highway>tertiary</highway>
              <surface>asphalt</surface>
            </gpxtpx:Extensions>
          </gpxtpx:TrackPointExtension>
        </extensions>
      </trkpt>
      <trkpt lat="44.035994" lon="4.585407">
        <ele>224.5</ele>
        <extensions>
          <gpxtpx:TrackPointExtension>
            <gpxtpx:Extensions>
              <highway>tertiary</highway>
              <surface>asphalt</surface>
            </gpxtpx:Extensions>
          </gpxtpx:TrackPointExtension>
        </extensions>
      </trkpt>
      <trkpt lat="44.03576" lon="4.586519">
        <ele>224.75</ele>
        <extensions>
          <gpxtpx:TrackPointExtension>
            <gpxtpx:Extensions>
              <highway>tertiary</highway>
              <surface>asphalt</surface>
            </gpxtpx:Extensions>
          </gpxtpx:TrackPointExtension>
        </extensions>
      </trkpt>
      <trkpt lat="44.035454" lon="4.587747">
        <ele>222.25</ele>
        <extensions>
          <gpxtpx:TrackPointExtension>
            <gpxtpx:Extensions>
              <highway>tertiary</highway>
              <surface>asphalt</surface>
            </gpxtpx:Extensions>
          </gpxtpx:TrackPointExtension>
        </extensions>
      </trkpt>
      <trkpt lat="44.035366" lon="4.588017">
        <ele>221.75</ele>
        <extensions>
          <gpxtpx:TrackPointExtension>
            <gpxtpx:Extensions>
              <highway>tertiary</highway>
              <surface>asphalt</surface>
            </gpxtpx:Extensions>
          </gpxtpx:TrackPointExtension>
        </extensions>
      </trkpt>
      <trkpt lat="44.035212" lon="4.58831">
        <ele>221</ele>
        <extensions>
          <gpxtpx:TrackPointExtension>
            <gpxtpx:Extensions>
              <highway>tertiary</highway>
              <surface>asphalt</surface>
            </gpxtpx:Extensions>
          </gpxtpx:TrackPointExtension>
        </extensions>
      </trkpt>
      <trkpt lat="44.034935" lon="4.588883">
        <ele>222</ele>
        <extensions>
          <gpxtpx:TrackPointExtension>
            <gpxtpx:Extensions>
              <highway>tertiary</highway>
              <surface>asphalt</surface>
            </gpxtpx:Extensions>
          </gpxtpx:TrackPointExtension>
        </extensions>
      </trkpt>
      <trkpt lat="44.034501" lon="4.58975">
        <ele>221</ele>
        <extensions>
          <gpxtpx:TrackPointExtension>
            <gpxtpx:Extensions>
              <highway>tertiary</highway>
              <surface>asphalt</surface>
            </gpxtpx:Extensions>
          </gpxtpx:TrackPointExtension>
        </extensions>
      </trkpt>
      <trkpt lat="44.034354" lon="4.590043">
        <ele>220.5</ele>
        <extensions>
          <gpxtpx:TrackPointExtension>
            <gpxtpx:Extensions>
              <highway>tertiary</highway>
              <surface>asphalt</surface>
            </gpxtpx:Extensions>
          </gpxtpx:TrackPointExtension>
        </extensions>
      </trkpt>
      <trkpt lat="44.033239" lon="4.592179">
        <ele>210</ele>
        <extensions>
          <gpxtpx:TrackPointExtension>
            <gpxtpx:Extensions>
              <highway>tertiary</highway>
              <surface>asphalt</surface>
            </gpxtpx:Extensions>
          </gpxtpx:TrackPointExtension>
        </extensions>
      </trkpt>
      <trkpt lat="44.032598" lon="4.59348">
        <ele>207.75</ele>
        <extensions>
          <gpxtpx:TrackPointExtension>
            <gpxtpx:Extensions>
              <highway>tertiary</highway>
              <surface>asphalt</surface>
            </gpxtpx:Extensions>
          </gpxtpx:TrackPointExtension>
        </extensions>
      </trkpt>
      <trkpt lat="44.032505" lon="4.593698">
        <ele>207.75</ele>
        <extensions>
          <gpxtpx:TrackPointExtension>
            <gpxtpx:Extensions>
              <highway>tertiary</highway>
              <surface>asphalt</surface>
            </gpxtpx:Extensions>
          </gpxtpx:TrackPointExtension>
        </extensions>
      </trkpt>
      <trkpt lat="44.032271" lon="4.594315">
        <ele>207.75</ele>
        <extensions>
          <gpxtpx:TrackPointExtension>
            <gpxtpx:Extensions>
              <highway>tertiary</highway>
              <surface>asphalt</surface>
            </gpxtpx:Extensions>
          </gpxtpx:TrackPointExtension>
        </extensions>
      </trkpt>
      <trkpt lat="44.03185" lon="4.595691">
        <ele>209.75</ele>
        <extensions>
          <gpxtpx:TrackPointExtension>
            <gpxtpx:Extensions>
              <highway>tertiary</highway>
              <surface>asphalt</surface>
            </gpxtpx:Extensions>
          </gpxtpx:TrackPointExtension>
        </extensions>
      </trkpt>
      <trkpt lat="44.031557" lon="4.596673">
        <ele>216</ele>
        <extensions>
          <gpxtpx:TrackPointExtension>
            <gpxtpx:Extensions>
              <highway>tertiary</highway>
              <surface>asphalt</surface>
            </gpxtpx:Extensions>
          </gpxtpx:TrackPointExtension>
        </extensions>
      </trkpt>
      <trkpt lat="44.031543" lon="4.596781">
        <ele>216.25</ele>
        <extensions>
          <gpxtpx:TrackPointExtension>
            <gpxtpx:Extensions>
              <highway>tertiary</highway>
              <surface>asphalt</surface>
            </gpxtpx:Extensions>
          </gpxtpx:TrackPointExtension>
        </extensions>
      </trkpt>
      <trkpt lat="44.031538" lon="4.596906">
        <ele>216.5</ele>
        <extensions>
          <gpxtpx:TrackPointExtension>
            <gpxtpx:Extensions>
              <highway>tertiary</highway>
              <surface>asphalt</surface>
            </gpxtpx:Extensions>
          </gpxtpx:TrackPointExtension>
        </extensions>
      </trkpt>
      <trkpt lat="44.031542" lon="4.596996">
        <ele>216.75</ele>
        <extensions>
          <gpxtpx:TrackPointExtension>
            <gpxtpx:Extensions>
              <highway>tertiary</highway>
              <surface>asphalt</surface>
            </gpxtpx:Extensions>
          </gpxtpx:TrackPointExtension>
        </extensions>
      </trkpt>
      <trkpt lat="44.031666" lon="4.597566">
        <ele>218</ele>
        <extensions>
          <gpxtpx:TrackPointExtension>
            <gpxtpx:Extensions>
              <highway>tertiary</highway>
              <surface>asphalt</surface>
            </gpxtpx:Extensions>
          </gpxtpx:TrackPointExtension>
        </extensions>
      </trkpt>
      <trkpt lat="44.031899" lon="4.598579">
        <ele>221</ele>
        <extensions>
          <gpxtpx:TrackPointExtension>
            <gpxtpx:Extensions>
              <highway>tertiary</highway>
              <surface>asphalt</surface>
            </gpxtpx:Extensions>
          </gpxtpx:TrackPointExtension>
        </extensions>
      </trkpt>
      <trkpt lat="44.03238" lon="4.599977">
        <ele>222.75</ele>
        <extensions>
          <gpxtpx:TrackPointExtension>
            <gpxtpx:Extensions>
              <highway>tertiary</highway>
              <surface>asphalt</surface>
            </gpxtpx:Extensions>
          </gpxtpx:TrackPointExtension>
        </extensions>
      </trkpt>
      <trkpt lat="44.03286" lon="4.601216">
        <ele>223.75</ele>
        <extensions>
          <gpxtpx:TrackPointExtension>
            <gpxtpx:Extensions>
              <highway>tertiary</highway>
              <surface>asphalt</surface>
            </gpxtpx:Extensions>
          </gpxtpx:TrackPointExtension>
        </extensions>
      </trkpt>
      <trkpt lat="44.034767" lon="4.604716">
        <ele>231.75</ele>
        <extensions>
          <gpxtpx:TrackPointExtension>
            <gpxtpx:Extensions>
              <highway>tertiary</highway>
            </gpxtpx:Extensions>
          </gpxtpx:TrackPointExtension>
        </extensions>
      </trkpt>
      <trkpt lat="44.035151" lon="4.605316">
        <ele>235.75</ele>
        <extensions>
          <gpxtpx:TrackPointExtension>
            <gpxtpx:Extensions>
              <highway>tertiary</highway>
            </gpxtpx:Extensions>
          </gpxtpx:TrackPointExtension>
        </extensions>
      </trkpt>
      <trkpt lat="44.035331" lon="4.605512">
        <ele>237</ele>
        <extensions>
          <gpxtpx:TrackPointExtension>
            <gpxtpx:Extensions>
              <highway>tertiary</highway>
            </gpxtpx:Extensions>
          </gpxtpx:TrackPointExtension>
        </extensions>
      </trkpt>
      <trkpt lat="44.037056" lon="4.607031">
        <ele>246</ele>
        <extensions>
          <gpxtpx:TrackPointExtension>
            <gpxtpx:Extensions>
              <highway>tertiary</highway>
            </gpxtpx:Extensions>
          </gpxtpx:TrackPointExtension>
        </extensions>
      </trkpt>
      <trkpt lat="44.038909" lon="4.60862">
        <ele>252.25</ele>
        <extensions>
          <gpxtpx:TrackPointExtension>
            <gpxtpx:Extensions>
              <highway>tertiary</highway>
            </gpxtpx:Extensions>
          </gpxtpx:TrackPointExtension>
        </extensions>
      </trkpt>
      <trkpt lat="44.039168" lon="4.608811">
        <ele>253</ele>
        <extensions>
          <gpxtpx:TrackPointExtension>
            <gpxtpx:Extensions>
              <highway>tertiary</highway>
            </gpxtpx:Extensions>
          </gpxtpx:TrackPointExtension>
        </extensions>
      </trkpt>
      <trkpt lat="44.039239" lon="4.608886">
        <ele>253.5</ele>
        <extensions>
          <gpxtpx:TrackPointExtension>
            <gpxtpx:Extensions>
              <highway>tertiary</highway>
            </gpxtpx:Extensions>
          </gpxtpx:TrackPointExtension>
        </extensions>
      </trkpt>
      <trkpt lat="44.039309" lon="4.609005">
        <ele>254</ele>
        <extensions>
          <gpxtpx:TrackPointExtension>
            <gpxtpx:Extensions>
              <highway>tertiary</highway>
            </gpxtpx:Extensions>
          </gpxtpx:TrackPointExtension>
        </extensions>
      </trkpt>
      <trkpt lat="44.039328" lon="4.609082">
        <ele>254.25</ele>
        <extensions>
          <gpxtpx:TrackPointExtension>
            <gpxtpx:Extensions>
              <highway>tertiary</highway>
            </gpxtpx:Extensions>
          </gpxtpx:TrackPointExtension>
        </extensions>
      </trkpt>
      <trkpt lat="44.039329" lon="4.609182">
        <ele>254.5</ele>
        <extensions>
          <gpxtpx:TrackPointExtension>
            <gpxtpx:Extensions>
              <highway>tertiary</highway>
            </gpxtpx:Extensions>
          </gpxtpx:TrackPointExtension>
        </extensions>
      </trkpt>
      <trkpt lat="44.039312" lon="4.609285">
        <ele>254.25</ele>
        <extensions>
          <gpxtpx:TrackPointExtension>
            <gpxtpx:Extensions>
              <highway>tertiary</highway>
            </gpxtpx:Extensions>
          </gpxtpx:TrackPointExtension>
        </extensions>
      </trkpt>
      <trkpt lat="44.039284" lon="4.609343">
        <ele>254</ele>
        <extensions>
          <gpxtpx:TrackPointExtension>
            <gpxtpx:Extensions>
              <highway>tertiary</highway>
            </gpxtpx:Extensions>
          </gpxtpx:TrackPointExtension>
        </extensions>
      </trkpt>
      <trkpt lat="44.03925" lon="4.609388">
        <ele>253.75</ele>
        <extensions>
          <gpxtpx:TrackPointExtension>
            <gpxtpx:Extensions>
              <highway>tertiary</highway>
            </gpxtpx:Extensions>
          </gpxtpx:TrackPointExtension>
        </extensions>
      </trkpt>
      <trkpt lat="44.039193" lon="4.609446">
        <ele>253.5</ele>
        <extensions>
          <gpxtpx:TrackPointExtension>
            <gpxtpx:Extensions>
              <highway>tertiary</highway>
            </gpxtpx:Extensions>
          </gpxtpx:TrackPointExtension>
        </extensions>
      </trkpt>
      <trkpt lat="44.039053" lon="4.609484">
        <ele>253</ele>
        <extensions>
          <gpxtpx:TrackPointExtension>
            <gpxtpx:Extensions>
              <highway>tertiary</highway>
            </gpxtpx:Extensions>
          </gpxtpx:TrackPointExtension>
        </extensions>
      </trkpt>
      <trkpt lat="44.038978" lon="4.609467">
        <ele>252.75</ele>
        <extensions>
          <gpxtpx:TrackPointExtension>
            <gpxtpx:Extensions>
              <highway>tertiary</highway>
            </gpxtpx:Extensions>
          </gpxtpx:TrackPointExtension>
        </extensions>
      </trkpt>
      <trkpt lat="44.038583" lon="4.609327">
        <ele>252</ele>
        <extensions>
          <gpxtpx:TrackPointExtension>
            <gpxtpx:Extensions>
              <highway>tertiary</highway>
            </gpxtpx:Extensions>
          </gpxtpx:TrackPointExtension>
        </extensions>
      </trkpt>
      <trkpt lat="44.038469" lon="4.609335">
        <ele>251.5</ele>
        <extensions>
          <gpxtpx:TrackPointExtension>
            <gpxtpx:Extensions>
              <highway>tertiary</highway>
            </gpxtpx:Extensions>
          </gpxtpx:TrackPointExtension>
        </extensions>
      </trkpt>
      <trkpt lat="44.038366" lon="4.609401">
        <ele>250.5</ele>
        <extensions>
          <gpxtpx:TrackPointExtension>
            <gpxtpx:Extensions>
              <highway>tertiary</highway>
            </gpxtpx:Extensions>
          </gpxtpx:TrackPointExtension>
        </extensions>
      </trkpt>
      <trkpt lat="44.038104" lon="4.609784">
        <ele>247.25</ele>
        <extensions>
          <gpxtpx:TrackPointExtension>
            <gpxtpx:Extensions>
              <highway>tertiary</highway>
            </gpxtpx:Extensions>
          </gpxtpx:TrackPointExtension>
        </extensions>
      </trkpt>
      <trkpt lat="44.037844" lon="4.609888">
        <ele>247.75</ele>
        <extensions>
          <gpxtpx:TrackPointExtension>
            <gpxtpx:Extensions>
              <highway>tertiary</highway>
            </gpxtpx:Extensions>
          </gpxtpx:TrackPointExtension>
        </extensions>
      </trkpt>
      <trkpt lat="44.037689" lon="4.610052">
        <ele>247.75</ele>
        <extensions>
          <gpxtpx:TrackPointExtension>
            <gpxtpx:Extensions>
              <highway>tertiary</highway>
            </gpxtpx:Extensions>
          </gpxtpx:TrackPointExtension>
        </extensions>
      </trkpt>
      <trkpt lat="44.037675" lon="4.610259">
        <ele>247.5</ele>
        <extensions>
          <gpxtpx:TrackPointExtension>
            <gpxtpx:Extensions>
              <highway>tertiary</highway>
            </gpxtpx:Extensions>
          </gpxtpx:TrackPointExtension>
        </extensions>
      </trkpt>
      <trkpt lat="44.037708" lon="4.610415">
        <ele>247</ele>
        <extensions>
          <gpxtpx:TrackPointExtension>
            <gpxtpx:Extensions>
              <highway>tertiary</highway>
            </gpxtpx:Extensions>
          </gpxtpx:TrackPointExtension>
        </extensions>
      </trkpt>
      <trkpt lat="44.037768" lon="4.610617">
        <ele>246</ele>
        <extensions>
          <gpxtpx:TrackPointExtension>
            <gpxtpx:Extensions>
              <highway>tertiary</highway>
            </gpxtpx:Extensions>
          </gpxtpx:TrackPointExtension>
        </extensions>
      </trkpt>
      <trkpt lat="44.037777" lon="4.610678">
        <ele>245.75</ele>
        <extensions>
          <gpxtpx:TrackPointExtension>
            <gpxtpx:Extensions>
              <highway>tertiary</highway>
            </gpxtpx:Extensions>
          </gpxtpx:TrackPointExtension>
        </extensions>
      </trkpt>
      <trkpt lat="44.037729" lon="4.611183">
        <ele>245.75</ele>
        <extensions>
          <gpxtpx:TrackPointExtension>
            <gpxtpx:Extensions>
              <highway>tertiary</highway>
            </gpxtpx:Extensions>
          </gpxtpx:TrackPointExtension>
        </extensions>
      </trkpt>
      <trkpt lat="44.037747" lon="4.611248">
        <ele>245.5</ele>
        <extensions>
          <gpxtpx:TrackPointExtension>
            <gpxtpx:Extensions>
              <highway>tertiary</highway>
            </gpxtpx:Extensions>
          </gpxtpx:TrackPointExtension>
        </extensions>
      </trkpt>
      <trkpt lat="44.037856" lon="4.611466">
        <ele>243.75</ele>
        <extensions>
          <gpxtpx:TrackPointExtension>
            <gpxtpx:Extensions>
              <highway>tertiary</highway>
            </gpxtpx:Extensions>
          </gpxtpx:TrackPointExtension>
        </extensions>
      </trkpt>
      <trkpt lat="44.037894" lon="4.611599">
        <ele>243.25</ele>
        <extensions>
          <gpxtpx:TrackPointExtension>
            <gpxtpx:Extensions>
              <highway>tertiary</highway>
            </gpxtpx:Extensions>
          </gpxtpx:TrackPointExtension>
        </extensions>
      </trkpt>
      <trkpt lat="44.037927" lon="4.611803">
        <ele>243</ele>
        <extensions>
          <gpxtpx:TrackPointExtension>
            <gpxtpx:Extensions>
              <highway>tertiary</highway>
            </gpxtpx:Extensions>
          </gpxtpx:TrackPointExtension>
        </extensions>
      </trkpt>
      <trkpt lat="44.03798" lon="4.611939">
        <ele>242.5</ele>
        <extensions>
          <gpxtpx:TrackPointExtension>
            <gpxtpx:Extensions>
              <highway>tertiary</highway>
            </gpxtpx:Extensions>
          </gpxtpx:TrackPointExtension>
        </extensions>
      </trkpt>
      <trkpt lat="44.038108" lon="4.612065">
        <ele>241.5</ele>
        <extensions>
          <gpxtpx:TrackPointExtension>
            <gpxtpx:Extensions>
              <highway>tertiary</highway>
            </gpxtpx:Extensions>
          </gpxtpx:TrackPointExtension>
        </extensions>
      </trkpt>
      <trkpt lat="44.038213" lon="4.612071">
        <ele>240.5</ele>
        <extensions>
          <gpxtpx:TrackPointExtension>
            <gpxtpx:Extensions>
              <highway>tertiary</highway>
            </gpxtpx:Extensions>
          </gpxtpx:TrackPointExtension>
        </extensions>
      </trkpt>
      <trkpt lat="44.038413" lon="4.611981">
        <ele>238.5</ele>
        <extensions>
          <gpxtpx:TrackPointExtension>
            <gpxtpx:Extensions>
              <highway>tertiary</highway>
            </gpxtpx:Extensions>
          </gpxtpx:TrackPointExtension>
        </extensions>
      </trkpt>
      <trkpt lat="44.038653" lon="4.611961">
        <ele>237.5</ele>
        <extensions>
          <gpxtpx:TrackPointExtension>
            <gpxtpx:Extensions>
              <highway>tertiary</highway>
            </gpxtpx:Extensions>
          </gpxtpx:TrackPointExtension>
        </extensions>
      </trkpt>
      <trkpt lat="44.038824" lon="4.611973">
        <ele>236.5</ele>
        <extensions>
          <gpxtpx:TrackPointExtension>
            <gpxtpx:Extensions>
              <highway>tertiary</highway>
            </gpxtpx:Extensions>
          </gpxtpx:TrackPointExtension>
        </extensions>
      </trkpt>
      <trkpt lat="44.038994" lon="4.612066">
        <ele>235.75</ele>
        <extensions>
          <gpxtpx:TrackPointExtension>
            <gpxtpx:Extensions>
              <highway>tertiary</highway>
            </gpxtpx:Extensions>
          </gpxtpx:TrackPointExtension>
        </extensions>
      </trkpt>
      <trkpt lat="44.039293" lon="4.612376">
        <ele>233.75</ele>
        <extensions>
          <gpxtpx:TrackPointExtension>
            <gpxtpx:Extensions>
              <highway>tertiary</highway>
            </gpxtpx:Extensions>
          </gpxtpx:TrackPointExtension>
        </extensions>
      </trkpt>
      <trkpt lat="44.039385" lon="4.612539">
        <ele>232.5</ele>
        <extensions>
          <gpxtpx:TrackPointExtension>
            <gpxtpx:Extensions>
              <highway>tertiary</highway>
            </gpxtpx:Extensions>
          </gpxtpx:TrackPointExtension>
        </extensions>
      </trkpt>
      <trkpt lat="44.039418" lon="4.612709">
        <ele>231.5</ele>
        <extensions>
          <gpxtpx:TrackPointExtension>
            <gpxtpx:Extensions>
              <highway>tertiary</highway>
            </gpxtpx:Extensions>
          </gpxtpx:TrackPointExtension>
        </extensions>
      </trkpt>
      <trkpt lat="44.039385" lon="4.612933">
        <ele>231.25</ele>
        <extensions>
          <gpxtpx:TrackPointExtension>
            <gpxtpx:Extensions>
              <highway>tertiary</highway>
            </gpxtpx:Extensions>
          </gpxtpx:TrackPointExtension>
        </extensions>
      </trkpt>
      <trkpt lat="44.039137" lon="4.613302">
        <ele>232.25</ele>
        <extensions>
          <gpxtpx:TrackPointExtension>
            <gpxtpx:Extensions>
              <highway>tertiary</highway>
            </gpxtpx:Extensions>
          </gpxtpx:TrackPointExtension>
        </extensions>
      </trkpt>
      <trkpt lat="44.039012" lon="4.613516">
        <ele>233.25</ele>
        <extensions>
          <gpxtpx:TrackPointExtension>
            <gpxtpx:Extensions>
              <highway>tertiary</highway>
            </gpxtpx:Extensions>
          </gpxtpx:TrackPointExtension>
        </extensions>
      </trkpt>
      <trkpt lat="44.039003" lon="4.613811">
        <ele>232.5</ele>
        <extensions>
          <gpxtpx:TrackPointExtension>
            <gpxtpx:Extensions>
              <highway>tertiary</highway>
            </gpxtpx:Extensions>
          </gpxtpx:TrackPointExtension>
        </extensions>
      </trkpt>
      <trkpt lat="44.039077" lon="4.614067">
        <ele>231.25</ele>
        <extensions>
          <gpxtpx:TrackPointExtension>
            <gpxtpx:Extensions>
              <highway>tertiary</highway>
            </gpxtpx:Extensions>
          </gpxtpx:TrackPointExtension>
        </extensions>
      </trkpt>
      <trkpt lat="44.039169" lon="4.614184">
        <ele>230</ele>
        <extensions>
          <gpxtpx:TrackPointExtension>
            <gpxtpx:Extensions>
              <highway>tertiary</highway>
            </gpxtpx:Extensions>
          </gpxtpx:TrackPointExtension>
        </extensions>
      </trkpt>
      <trkpt lat="44.039291" lon="4.614239">
        <ele>230</ele>
        <extensions>
          <gpxtpx:TrackPointExtension>
            <gpxtpx:Extensions>
              <highway>tertiary</highway>
            </gpxtpx:Extensions>
          </gpxtpx:TrackPointExtension>
        </extensions>
      </trkpt>
      <trkpt lat="44.039412" lon="4.614233">
        <ele>229.75</ele>
        <extensions>
          <gpxtpx:TrackPointExtension>
            <gpxtpx:Extensions>
              <highway>tertiary</highway>
            </gpxtpx:Extensions>
          </gpxtpx:TrackPointExtension>
        </extensions>
      </trkpt>
      <trkpt lat="44.040929" lon="4.613282">
        <ele>225.75</ele>
        <extensions>
          <gpxtpx:TrackPointExtension>
            <gpxtpx:Extensions>
              <highway>tertiary</highway>
            </gpxtpx:Extensions>
          </gpxtpx:TrackPointExtension>
        </extensions>
      </trkpt>
      <trkpt lat="44.041146" lon="4.613233">
        <ele>225.75</ele>
        <extensions>
          <gpxtpx:TrackPointExtension>
            <gpxtpx:Extensions>
              <highway>tertiary</highway>
            </gpxtpx:Extensions>
          </gpxtpx:TrackPointExtension>
        </extensions>
      </trkpt>
      <trkpt lat="44.04125" lon="4.61321">
        <ele>226</ele>
        <extensions>
          <gpxtpx:TrackPointExtension>
            <gpxtpx:Extensions>
              <highway>tertiary</highway>
            </gpxtpx:Extensions>
          </gpxtpx:TrackPointExtension>
        </extensions>
      </trkpt>
      <trkpt lat="44.042056" lon="4.613281">
        <ele>227.5</ele>
        <extensions>
          <gpxtpx:TrackPointExtension>
            <gpxtpx:Extensions>
              <highway>tertiary</highway>
            </gpxtpx:Extensions>
          </gpxtpx:TrackPointExtension>
        </extensions>
      </trkpt>
      <trkpt lat="44.042088" lon="4.613291">
        <ele>227.5</ele>
        <extensions>
          <gpxtpx:TrackPointExtension>
            <gpxtpx:Extensions>
              <highway>tertiary</highway>
            </gpxtpx:Extensions>
          </gpxtpx:TrackPointExtension>
        </extensions>
      </trkpt>
      <trkpt lat="44.042167" lon="4.613359">
        <ele>227.5</ele>
        <extensions>
          <gpxtpx:TrackPointExtension>
            <gpxtpx:Extensions>
              <highway>tertiary</highway>
            </gpxtpx:Extensions>
          </gpxtpx:TrackPointExtension>
        </extensions>
      </trkpt>
      <trkpt lat="44.042196" lon="4.613446">
        <ele>227.5</ele>
        <extensions>
          <gpxtpx:TrackPointExtension>
            <gpxtpx:Extensions>
              <highway>tertiary</highway>
            </gpxtpx:Extensions>
          </gpxtpx:TrackPointExtension>
        </extensions>
      </trkpt>
      <trkpt lat="44.042205" lon="4.613507">
        <ele>227.25</ele>
        <extensions>
          <gpxtpx:TrackPointExtension>
            <gpxtpx:Extensions>
              <highway>tertiary</highway>
            </gpxtpx:Extensions>
          </gpxtpx:TrackPointExtension>
        </extensions>
      </trkpt>
      <trkpt lat="44.042244" lon="4.614205">
        <ele>225.25</ele>
        <extensions>
          <gpxtpx:TrackPointExtension>
            <gpxtpx:Extensions>
              <highway>tertiary</highway>
            </gpxtpx:Extensions>
          </gpxtpx:TrackPointExtension>
        </extensions>
      </trkpt>
      <trkpt lat="44.042228" lon="4.614287">
        <ele>225</ele>
        <extensions>
          <gpxtpx:TrackPointExtension>
            <gpxtpx:Extensions>
              <highway>tertiary</highway>
            </gpxtpx:Extensions>
          </gpxtpx:TrackPointExtension>
        </extensions>
      </trkpt>
      <trkpt lat="44.042141" lon="4.614547">
        <ele>224.5</ele>
        <extensions>
          <gpxtpx:TrackPointExtension>
            <gpxtpx:Extensions>
              <highway>tertiary</highway>
            </gpxtpx:Extensions>
          </gpxtpx:TrackPointExtension>
        </extensions>
      </trkpt>
      <trkpt lat="44.042156" lon="4.61467">
        <ele>224</ele>
        <extensions>
          <gpxtpx:TrackPointExtension>
            <gpxtpx:Extensions>
              <highway>tertiary</highway>
            </gpxtpx:Extensions>
          </gpxtpx:TrackPointExtension>
        </extensions>
      </trkpt>
      <trkpt lat="44.042186" lon="4.614721">
        <ele>223.25</ele>
        <extensions>
          <gpxtpx:TrackPointExtension>
            <gpxtpx:Extensions>
              <highway>tertiary</highway>
            </gpxtpx:Extensions>
          </gpxtpx:TrackPointExtension>
        </extensions>
      </trkpt>
      <trkpt lat="44.042248" lon="4.614784">
        <ele>222.25</ele>
        <extensions>
          <gpxtpx:TrackPointExtension>
            <gpxtpx:Extensions>
              <highway>tertiary</highway>
            </gpxtpx:Extensions>
          </gpxtpx:TrackPointExtension>
        </extensions>
      </trkpt>
      <trkpt lat="44.042415" lon="4.614912">
        <ele>219</ele>
        <extensions>
          <gpxtpx:TrackPointExtension>
            <gpxtpx:Extensions>
              <highway>tertiary</highway>
            </gpxtpx:Extensions>
          </gpxtpx:TrackPointExtension>
        </extensions>
      </trkpt>
      <trkpt lat="44.042477" lon="4.614987">
        <ele>217.25</ele>
        <extensions>
          <gpxtpx:TrackPointExtension>
            <gpxtpx:Extensions>
              <highway>tertiary</highway>
            </gpxtpx:Extensions>
          </gpxtpx:TrackPointExtension>
        </extensions>
      </trkpt>
      <trkpt lat="44.042529" lon="4.615097">
        <ele>216.5</ele>
        <extensions>
          <gpxtpx:TrackPointExtension>
            <gpxtpx:Extensions>
              <highway>tertiary</highway>
            </gpxtpx:Extensions>
          </gpxtpx:TrackPointExtension>
        </extensions>
      </trkpt>
      <trkpt lat="44.042604" lon="4.61566">
        <ele>212.75</ele>
        <extensions>
          <gpxtpx:TrackPointExtension>
            <gpxtpx:Extensions>
              <highway>tertiary</highway>
            </gpxtpx:Extensions>
          </gpxtpx:TrackPointExtension>
        </extensions>
      </trkpt>
      <trkpt lat="44.042633" lon="4.615788">
        <ele>211.5</ele>
        <extensions>
          <gpxtpx:TrackPointExtension>
            <gpxtpx:Extensions>
              <highway>tertiary</highway>
            </gpxtpx:Extensions>
          </gpxtpx:TrackPointExtension>
        </extensions>
      </trkpt>
      <trkpt lat="44.042681" lon="4.615901">
        <ele>212</ele>
        <extensions>
          <gpxtpx:TrackPointExtension>
            <gpxtpx:Extensions>
              <highway>tertiary</highway>
            </gpxtpx:Extensions>
          </gpxtpx:TrackPointExtension>
        </extensions>
      </trkpt>
      <trkpt lat="44.042752" lon="4.615976">
        <ele>212.75</ele>
        <extensions>
          <gpxtpx:TrackPointExtension>
            <gpxtpx:Extensions>
              <highway>tertiary</highway>
            </gpxtpx:Extensions>
          </gpxtpx:TrackPointExtension>
        </extensions>
      </trkpt>
      <trkpt lat="44.042858" lon="4.616056">
        <ele>213</ele>
        <extensions>
          <gpxtpx:TrackPointExtension>
            <gpxtpx:Extensions>
              <highway>tertiary</highway>
            </gpxtpx:Extensions>
          </gpxtpx:TrackPointExtension>
        </extensions>
      </trkpt>
      <trkpt lat="44.044282" lon="4.616831">
        <ele>199</ele>
        <extensions>
          <gpxtpx:TrackPointExtension>
            <gpxtpx:Extensions>
              <highway>tertiary</highway>
            </gpxtpx:Extensions>
          </gpxtpx:TrackPointExtension>
        </extensions>
      </trkpt>
      <trkpt lat="44.044588" lon="4.616952">
        <ele>197.5</ele>
        <extensions>
          <gpxtpx:TrackPointExtension>
            <gpxtpx:Extensions>
              <highway>tertiary</highway>
            </gpxtpx:Extensions>
          </gpxtpx:TrackPointExtension>
        </extensions>
      </trkpt>
      <trkpt lat="44.044897" lon="4.616901">
        <ele>194.5</ele>
        <extensions>
          <gpxtpx:TrackPointExtension>
            <gpxtpx:Extensions>
              <highway>tertiary</highway>
            </gpxtpx:Extensions>
          </gpxtpx:TrackPointExtension>
        </extensions>
      </trkpt>
      <trkpt lat="44.045163" lon="4.616823">
        <ele>192.75</ele>
        <extensions>
          <gpxtpx:TrackPointExtension>
            <gpxtpx:Extensions>
              <highway>tertiary</highway>
            </gpxtpx:Extensions>
          </gpxtpx:TrackPointExtension>
        </extensions>
      </trkpt>
      <trkpt lat="44.045333" lon="4.616871">
        <ele>192.5</ele>
        <extensions>
          <gpxtpx:TrackPointExtension>
            <gpxtpx:Extensions>
              <highway>tertiary</highway>
            </gpxtpx:Extensions>
          </gpxtpx:TrackPointExtension>
        </extensions>
      </trkpt>
      <trkpt lat="44.045407" lon="4.616908">
        <ele>192.25</ele>
        <extensions>
          <gpxtpx:TrackPointExtension>
            <gpxtpx:Extensions>
              <highway>tertiary</highway>
            </gpxtpx:Extensions>
          </gpxtpx:TrackPointExtension>
        </extensions>
      </trkpt>
      <trkpt lat="44.04548" lon="4.616989">
        <ele>192.25</ele>
        <extensions>
          <gpxtpx:TrackPointExtension>
            <gpxtpx:Extensions>
              <highway>tertiary</highway>
            </gpxtpx:Extensions>
          </gpxtpx:TrackPointExtension>
        </extensions>
      </trkpt>
      <trkpt lat="44.045696" lon="4.617228">
        <ele>190.75</ele>
        <extensions>
          <gpxtpx:TrackPointExtension>
            <gpxtpx:Extensions>
              <highway>tertiary</highway>
            </gpxtpx:Extensions>
          </gpxtpx:TrackPointExtension>
        </extensions>
      </trkpt>
      <trkpt lat="44.046366" lon="4.617615">
        <ele>188.75</ele>
        <extensions>
          <gpxtpx:TrackPointExtension>
            <gpxtpx:Extensions>
              <highway>tertiary</highway>
            </gpxtpx:Extensions>
          </gpxtpx:TrackPointExtension>
        </extensions>
      </trkpt>
      <trkpt lat="44.046847" lon="4.61791">
        <ele>188.5</ele>
        <extensions>
          <gpxtpx:TrackPointExtension>
            <gpxtpx:Extensions>
              <highway>tertiary</highway>
            </gpxtpx:Extensions>
          </gpxtpx:TrackPointExtension>
        </extensions>
      </trkpt>
      <trkpt lat="44.047119" lon="4.618209">
        <ele>185.5</ele>
        <extensions>
          <gpxtpx:TrackPointExtension>
            <gpxtpx:Extensions>
              <highway>tertiary</highway>
            </gpxtpx:Extensions>
          </gpxtpx:TrackPointExtension>
        </extensions>
      </trkpt>
      <trkpt lat="44.047395" lon="4.618525">
        <ele>181.75</ele>
        <extensions>
          <gpxtpx:TrackPointExtension>
            <gpxtpx:Extensions>
              <highway>tertiary</highway>
            </gpxtpx:Extensions>
          </gpxtpx:TrackPointExtension>
        </extensions>
      </trkpt>
      <trkpt lat="44.048377" lon="4.619651">
        <ele>173.75</ele>
        <extensions>
          <gpxtpx:TrackPointExtension>
            <gpxtpx:Extensions>
              <highway>tertiary</highway>
            </gpxtpx:Extensions>
          </gpxtpx:TrackPointExtension>
        </extensions>
      </trkpt>
      <trkpt lat="44.048483" lon="4.619822">
        <ele>174.5</ele>
        <extensions>
          <gpxtpx:TrackPointExtension>
            <gpxtpx:Extensions>
              <highway>tertiary</highway>
            </gpxtpx:Extensions>
          </gpxtpx:TrackPointExtension>
        </extensions>
      </trkpt>
      <trkpt lat="44.04876" lon="4.620412">
        <ele>176.5</ele>
        <extensions>
          <gpxtpx:TrackPointExtension>
            <gpxtpx:Extensions>
              <highway>tertiary</highway>
            </gpxtpx:Extensions>
          </gpxtpx:TrackPointExtension>
        </extensions>
      </trkpt>
      <trkpt lat="44.049019" lon="4.620811">
        <ele>176</ele>
        <extensions>
          <gpxtpx:TrackPointExtension>
            <gpxtpx:Extensions>
              <highway>tertiary</highway>
            </gpxtpx:Extensions>
          </gpxtpx:TrackPointExtension>
        </extensions>
      </trkpt>
      <trkpt lat="44.049186" lon="4.620976">
        <ele>174.25</ele>
        <extensions>
          <gpxtpx:TrackPointExtension>
            <gpxtpx:Extensions>
              <highway>tertiary</highway>
            </gpxtpx:Extensions>
          </gpxtpx:TrackPointExtension>
        </extensions>
      </trkpt>
      <trkpt lat="44.049276" lon="4.621071">
        <ele>174.25</ele>
        <extensions>
          <gpxtpx:TrackPointExtension>
            <gpxtpx:Extensions>
              <highway>tertiary</highway>
            </gpxtpx:Extensions>
          </gpxtpx:TrackPointExtension>
        </extensions>
      </trkpt>
      <trkpt lat="44.049356" lon="4.621171">
        <ele>174</ele>
        <extensions>
          <gpxtpx:TrackPointExtension>
            <gpxtpx:Extensions>
              <highway>tertiary</highway>
            </gpxtpx:Extensions>
          </gpxtpx:TrackPointExtension>
        </extensions>
      </trkpt>
      <trkpt lat="44.049686" lon="4.621776">
        <ele>172.25</ele>
        <extensions>
          <gpxtpx:TrackPointExtension>
            <gpxtpx:Extensions>
              <highway>tertiary</highway>
            </gpxtpx:Extensions>
          </gpxtpx:TrackPointExtension>
        </extensions>
      </trkpt>
      <trkpt lat="44.049779" lon="4.621881">
        <ele>172.25</ele>
        <extensions>
          <gpxtpx:TrackPointExtension>
            <gpxtpx:Extensions>
              <highway>tertiary</highway>
            </gpxtpx:Extensions>
          </gpxtpx:TrackPointExtension>
        </extensions>
      </trkpt>
      <trkpt lat="44.050003" lon="4.622099">
        <ele>171.75</ele>
        <extensions>
          <gpxtpx:TrackPointExtension>
            <gpxtpx:Extensions>
              <highway>tertiary</highway>
            </gpxtpx:Extensions>
          </gpxtpx:TrackPointExtension>
        </extensions>
      </trkpt>
      <trkpt lat="44.050193" lon="4.622319">
        <ele>172.5</ele>
        <extensions>
          <gpxtpx:TrackPointExtension>
            <gpxtpx:Extensions>
              <highway>tertiary</highway>
            </gpxtpx:Extensions>
          </gpxtpx:TrackPointExtension>
        </extensions>
      </trkpt>
      <trkpt lat="44.05026" lon="4.622417">
        <ele>172.25</ele>
        <extensions>
          <gpxtpx:TrackPointExtension>
            <gpxtpx:Extensions>
              <highway>tertiary</highway>
            </gpxtpx:Extensions>
          </gpxtpx:TrackPointExtension>
        </extensions>
      </trkpt>
      <trkpt lat="44.050328" lon="4.622554">
        <ele>172</ele>
        <extensions>
          <gpxtpx:TrackPointExtension>
            <gpxtpx:Extensions>
              <highway>tertiary</highway>
            </gpxtpx:Extensions>
          </gpxtpx:TrackPointExtension>
        </extensions>
      </trkpt>
      <trkpt lat="44.051156" lon="4.624547">
        <ele>170.75</ele>
        <extensions>
          <gpxtpx:TrackPointExtension>
            <gpxtpx:Extensions>
              <highway>tertiary</highway>
            </gpxtpx:Extensions>
          </gpxtpx:TrackPointExtension>
        </extensions>
      </trkpt>
      <trkpt lat="44.051437" lon="4.625259">
        <ele>169.25</ele>
        <extensions>
          <gpxtpx:TrackPointExtension>
            <gpxtpx:Extensions>
              <highway>tertiary</highway>
            </gpxtpx:Extensions>
          </gpxtpx:TrackPointExtension>
        </extensions>
      </trkpt>
      <trkpt lat="44.051558" lon="4.625526">
        <ele>167.25</ele>
        <extensions>
          <gpxtpx:TrackPointExtension>
            <gpxtpx:Extensions>
              <highway>tertiary</highway>
            </gpxtpx:Extensions>
          </gpxtpx:TrackPointExtension>
        </extensions>
      </trkpt>
      <trkpt lat="44.051728" lon="4.625845">
        <ele>165.5</ele>
        <extensions>
          <gpxtpx:TrackPointExtension>
            <gpxtpx:Extensions>
              <highway>tertiary</highway>
            </gpxtpx:Extensions>
          </gpxtpx:TrackPointExtension>
        </extensions>
      </trkpt>
      <trkpt lat="44.051833" lon="4.626075">
        <ele>164.25</ele>
        <extensions>
          <gpxtpx:TrackPointExtension>
            <gpxtpx:Extensions>
              <highway>tertiary</highway>
            </gpxtpx:Extensions>
          </gpxtpx:TrackPointExtension>
        </extensions>
      </trkpt>
      <trkpt lat="44.051904" lon="4.626275">
        <ele>163</ele>
        <extensions>
          <gpxtpx:TrackPointExtension>
            <gpxtpx:Extensions>
              <highway>tertiary</highway>
            </gpxtpx:Extensions>
          </gpxtpx:TrackPointExtension>
        </extensions>
      </trkpt>
      <trkpt lat="44.052094" lon="4.626949">
        <ele>159.5</ele>
        <extensions>
          <gpxtpx:TrackPointExtension>
            <gpxtpx:Extensions>
              <highway>tertiary</highway>
            </gpxtpx:Extensions>
          </gpxtpx:TrackPointExtension>
        </extensions>
      </trkpt>
      <trkpt lat="44.05225" lon="4.6275">
        <ele>158</ele>
        <extensions>
          <gpxtpx:TrackPointExtension>
            <gpxtpx:Extensions>
              <highway>tertiary</highway>
            </gpxtpx:Extensions>
          </gpxtpx:TrackPointExtension>
        </extensions>
      </trkpt>
      <trkpt lat="44.052531" lon="4.628653">
        <ele>152.75</ele>
        <extensions>
          <gpxtpx:TrackPointExtension>
            <gpxtpx:Extensions>
              <highway>tertiary</highway>
            </gpxtpx:Extensions>
          </gpxtpx:TrackPointExtension>
        </extensions>
      </trkpt>
      <trkpt lat="44.052583" lon="4.628824">
        <ele>152</ele>
        <extensions>
          <gpxtpx:TrackPointExtension>
            <gpxtpx:Extensions>
              <highway>tertiary</highway>
            </gpxtpx:Extensions>
          </gpxtpx:TrackPointExtension>
        </extensions>
      </trkpt>
      <trkpt lat="44.05265" lon="4.628956">
        <ele>151.75</ele>
        <extensions>
          <gpxtpx:TrackPointExtension>
            <gpxtpx:Extensions>
              <highway>tertiary</highway>
            </gpxtpx:Extensions>
          </gpxtpx:TrackPointExtension>
        </extensions>
      </trkpt>
      <trkpt lat="44.052751" lon="4.629089">
        <ele>151.75</ele>
        <extensions>
          <gpxtpx:TrackPointExtension>
            <gpxtpx:Extensions>
              <highway>tertiary</highway>
            </gpxtpx:Extensions>
          </gpxtpx:TrackPointExtension>
        </extensions>
      </trkpt>
      <trkpt lat="44.052927" lon="4.629274">
        <ele>152.75</ele>
        <extensions>
          <gpxtpx:TrackPointExtension>
            <gpxtpx:Extensions>
              <highway>tertiary</highway>
            </gpxtpx:Extensions>
          </gpxtpx:TrackPointExtension>
        </extensions>
      </trkpt>
      <trkpt lat="44.053044" lon="4.629438">
        <ele>153</ele>
        <extensions>
          <gpxtpx:TrackPointExtension>
            <gpxtpx:Extensions>
              <highway>tertiary</highway>
            </gpxtpx:Extensions>
          </gpxtpx:TrackPointExtension>
        </extensions>
      </trkpt>
      <trkpt lat="44.053192" lon="4.629678">
        <ele>152.75</ele>
        <extensions>
          <gpxtpx:TrackPointExtension>
            <gpxtpx:Extensions>
              <highway>tertiary</highway>
            </gpxtpx:Extensions>
          </gpxtpx:TrackPointExtension>
        </extensions>
      </trkpt>
      <trkpt lat="44.053229" lon="4.629737">
        <ele>152.5</ele>
        <extensions>
          <gpxtpx:TrackPointExtension>
            <gpxtpx:Extensions>
              <highway>tertiary</highway>
            </gpxtpx:Extensions>
          </gpxtpx:TrackPointExtension>
        </extensions>
      </trkpt>
      <trkpt lat="44.053397" lon="4.630004">
        <ele>151.5</ele>
        <extensions>
          <gpxtpx:TrackPointExtension>
            <gpxtpx:Extensions>
              <highway>tertiary</highway>
            </gpxtpx:Extensions>
          </gpxtpx:TrackPointExtension>
        </extensions>
      </trkpt>
      <trkpt lat="44.053604" lon="4.630316">
        <ele>152.5</ele>
        <extensions>
          <gpxtpx:TrackPointExtension>
            <gpxtpx:Extensions>
              <highway>tertiary</highway>
            </gpxtpx:Extensions>
          </gpxtpx:TrackPointExtension>
        </extensions>
      </trkpt>
      <trkpt lat="44.053762" lon="4.630481">
        <ele>152</ele>
        <extensions>
          <gpxtpx:TrackPointExtension>
            <gpxtpx:Extensions>
              <highway>tertiary</highway>
            </gpxtpx:Extensions>
          </gpxtpx:TrackPointExtension>
        </extensions>
      </trkpt>
      <trkpt lat="44.053938" lon="4.630617">
        <ele>151</ele>
        <extensions>
          <gpxtpx:TrackPointExtension>
            <gpxtpx:Extensions>
              <highway>tertiary</highway>
            </gpxtpx:Extensions>
          </gpxtpx:TrackPointExtension>
        </extensions>
      </trkpt>
      <trkpt lat="44.054327" lon="4.630867">
        <ele>148.25</ele>
        <extensions>
          <gpxtpx:TrackPointExtension>
            <gpxtpx:Extensions>
              <highway>tertiary</highway>
            </gpxtpx:Extensions>
          </gpxtpx:TrackPointExtension>
        </extensions>
      </trkpt>
      <trkpt lat="44.054421" lon="4.630948">
        <ele>148.75</ele>
        <extensions>
          <gpxtpx:TrackPointExtension>
            <gpxtpx:Extensions>
              <highway>tertiary</highway>
            </gpxtpx:Extensions>
          </gpxtpx:TrackPointExtension>
        </extensions>
      </trkpt>
      <trkpt lat="44.054501" lon="4.631045">
        <ele>149</ele>
        <extensions>
          <gpxtpx:TrackPointExtension>
            <gpxtpx:Extensions>
              <highway>tertiary</highway>
            </gpxtpx:Extensions>
          </gpxtpx:TrackPointExtension>
        </extensions>
      </trkpt>
      <trkpt lat="44.054567" lon="4.631151">
        <ele>149</ele>
        <extensions>
          <gpxtpx:TrackPointExtension>
            <gpxtpx:Extensions>
              <highway>tertiary</highway>
            </gpxtpx:Extensions>
          </gpxtpx:TrackPointExtension>
        </extensions>
      </trkpt>
      <trkpt lat="44.054617" lon="4.631282">
        <ele>149</ele>
        <extensions>
          <gpxtpx:TrackPointExtension>
            <gpxtpx:Extensions>
              <highway>tertiary</highway>
            </gpxtpx:Extensions>
          </gpxtpx:TrackPointExtension>
        </extensions>
      </trkpt>
      <trkpt lat="44.05465" lon="4.631412">
        <ele>149</ele>
        <extensions>
          <gpxtpx:TrackPointExtension>
            <gpxtpx:Extensions>
              <highway>tertiary</highway>
            </gpxtpx:Extensions>
          </gpxtpx:TrackPointExtension>
        </extensions>
      </trkpt>
      <trkpt lat="44.054677" lon="4.631611">
        <ele>149</ele>
        <extensions>
          <gpxtpx:TrackPointExtension>
            <gpxtpx:Extensions>
              <highway>tertiary</highway>
            </gpxtpx:Extensions>
          </gpxtpx:TrackPointExtension>
        </extensions>
      </trkpt>
      <trkpt lat="44.054744" lon="4.63325">
        <ele>143.25</ele>
        <extensions>
          <gpxtpx:TrackPointExtension>
            <gpxtpx:Extensions>
              <highway>tertiary</highway>
            </gpxtpx:Extensions>
          </gpxtpx:TrackPointExtension>
        </extensions>
      </trkpt>
      <trkpt lat="44.05477" lon="4.633379">
        <ele>142.5</ele>
        <extensions>
          <gpxtpx:TrackPointExtension>
            <gpxtpx:Extensions>
              <highway>tertiary</highway>
            </gpxtpx:Extensions>
          </gpxtpx:TrackPointExtension>
        </extensions>
      </trkpt>
      <trkpt lat="44.054808" lon="4.633481">
        <ele>142.25</ele>
        <extensions>
          <gpxtpx:TrackPointExtension>
            <gpxtpx:Extensions>
              <highway>tertiary</highway>
            </gpxtpx:Extensions>
          </gpxtpx:TrackPointExtension>
        </extensions>
      </trkpt>
      <trkpt lat="44.054899" lon="4.6336">
        <ele>141.5</ele>
        <extensions>
          <gpxtpx:TrackPointExtension>
            <gpxtpx:Extensions>
              <highway>tertiary</highway>
            </gpxtpx:Extensions>
          </gpxtpx:TrackPointExtension>
        </extensions>
      </trkpt>
      <trkpt lat="44.05497" lon="4.633651">
        <ele>141.25</ele>
        <extensions>
          <gpxtpx:TrackPointExtension>
            <gpxtpx:Extensions>
              <highway>tertiary</highway>
            </gpxtpx:Extensions>
          </gpxtpx:TrackPointExtension>
        </extensions>
      </trkpt>
      <trkpt lat="44.055273" lon="4.633818">
        <ele>144</ele>
        <extensions>
          <gpxtpx:TrackPointExtension>
            <gpxtpx:Extensions>
              <highway>tertiary</highway>
            </gpxtpx:Extensions>
          </gpxtpx:TrackPointExtension>
        </extensions>
      </trkpt>
      <trkpt lat="44.055638" lon="4.634007">
        <ele>145.5</ele>
        <extensions>
          <gpxtpx:TrackPointExtension>
            <gpxtpx:Extensions>
              <highway>tertiary</highway>
            </gpxtpx:Extensions>
          </gpxtpx:TrackPointExtension>
        </extensions>
      </trkpt>
      <trkpt lat="44.055803" lon="4.634142">
        <ele>144.25</ele>
        <extensions>
          <gpxtpx:TrackPointExtension>
            <gpxtpx:Extensions>
              <highway>tertiary</highway>
            </gpxtpx:Extensions>
          </gpxtpx:TrackPointExtension>
        </extensions>
      </trkpt>
      <trkpt lat="44.055919" lon="4.634197">
        <ele>145</ele>
        <extensions>
          <gpxtpx:TrackPointExtension>
            <gpxtpx:Extensions>
              <highway>tertiary</highway>
            </gpxtpx:Extensions>
          </gpxtpx:TrackPointExtension>
        </extensions>
      </trkpt>
      <trkpt lat="44.056075" lon="4.634241">
        <ele>146.75</ele>
        <extensions>
          <gpxtpx:TrackPointExtension>
            <gpxtpx:Extensions>
              <highway>tertiary</highway>
            </gpxtpx:Extensions>
          </gpxtpx:TrackPointExtension>
        </extensions>
      </trkpt>
      <trkpt lat="44.056356" lon="4.634273">
        <ele>149.25</ele>
        <extensions>
          <gpxtpx:TrackPointExtension>
            <gpxtpx:Extensions>
              <highway>tertiary</highway>
            </gpxtpx:Extensions>
          </gpxtpx:TrackPointExtension>
        </extensions>
      </trkpt>
      <trkpt lat="44.056479" lon="4.634316">
        <ele>149.75</ele>
        <extensions>
          <gpxtpx:TrackPointExtension>
            <gpxtpx:Extensions>
              <highway>tertiary</highway>
            </gpxtpx:Extensions>
          </gpxtpx:TrackPointExtension>
        </extensions>
      </trkpt>
      <trkpt lat="44.056556" lon="4.634357">
        <ele>150</ele>
        <extensions>
          <gpxtpx:TrackPointExtension>
            <gpxtpx:Extensions>
              <highway>tertiary</highway>
            </gpxtpx:Extensions>
          </gpxtpx:TrackPointExtension>
        </extensions>
      </trkpt>
      <trkpt lat="44.056639" lon="4.634439">
        <ele>149.25</ele>
        <extensions>
          <gpxtpx:TrackPointExtension>
            <gpxtpx:Extensions>
              <highway>tertiary</highway>
            </gpxtpx:Extensions>
          </gpxtpx:TrackPointExtension>
        </extensions>
      </trkpt>
      <trkpt lat="44.056715" lon="4.634551">
        <ele>148.75</ele>
        <extensions>
          <gpxtpx:TrackPointExtension>
            <gpxtpx:Extensions>
              <highway>tertiary</highway>
            </gpxtpx:Extensions>
          </gpxtpx:TrackPointExtension>
        </extensions>
      </trkpt>
      <trkpt lat="44.056787" lon="4.634761">
        <ele>147.25</ele>
        <extensions>
          <gpxtpx:TrackPointExtension>
            <gpxtpx:Extensions>
              <highway>tertiary</highway>
            </gpxtpx:Extensions>
          </gpxtpx:TrackPointExtension>
        </extensions>
      </trkpt>
      <trkpt lat="44.056808" lon="4.634877">
        <ele>146</ele>
        <extensions>
          <gpxtpx:TrackPointExtension>
            <gpxtpx:Extensions>
              <highway>tertiary</highway>
            </gpxtpx:Extensions>
          </gpxtpx:TrackPointExtension>
        </extensions>
      </trkpt>
      <trkpt lat="44.056817" lon="4.63498">
        <ele>144.25</ele>
        <extensions>
          <gpxtpx:TrackPointExtension>
            <gpxtpx:Extensions>
              <highway>tertiary</highway>
            </gpxtpx:Extensions>
          </gpxtpx:TrackPointExtension>
        </extensions>
      </trkpt>
      <trkpt lat="44.056816" lon="4.635075">
        <ele>143.5</ele>
        <extensions>
          <gpxtpx:TrackPointExtension>
            <gpxtpx:Extensions>
              <highway>tertiary</highway>
            </gpxtpx:Extensions>
          </gpxtpx:TrackPointExtension>
        </extensions>
      </trkpt>
      <trkpt lat="44.056805" lon="4.635166">
        <ele>142.5</ele>
        <extensions>
          <gpxtpx:TrackPointExtension>
            <gpxtpx:Extensions>
              <highway>tertiary</highway>
            </gpxtpx:Extensions>
          </gpxtpx:TrackPointExtension>
        </extensions>
      </trkpt>
      <trkpt lat="44.056757" lon="4.635354">
        <ele>140.25</ele>
        <extensions>
          <gpxtpx:TrackPointExtension>
            <gpxtpx:Extensions>
              <highway>tertiary</highway>
            </gpxtpx:Extensions>
          </gpxtpx:TrackPointExtension>
        </extensions>
      </trkpt>
      <trkpt lat="44.05663" lon="4.635702">
        <ele>137.75</ele>
        <extensions>
          <gpxtpx:TrackPointExtension>
            <gpxtpx:Extensions>
              <highway>tertiary</highway>
            </gpxtpx:Extensions>
          </gpxtpx:TrackPointExtension>
        </extensions>
      </trkpt>
      <trkpt lat="44.056609" lon="4.635803">
        <ele>137.5</ele>
        <extensions>
          <gpxtpx:TrackPointExtension>
            <gpxtpx:Extensions>
              <highway>tertiary</highway>
            </gpxtpx:Extensions>
          </gpxtpx:TrackPointExtension>
        </extensions>
      </trkpt>
      <trkpt lat="44.056596" lon="4.635869">
        <ele>137.25</ele>
        <extensions>
          <gpxtpx:TrackPointExtension>
            <gpxtpx:Extensions>
              <highway>tertiary</highway>
            </gpxtpx:Extensions>
          </gpxtpx:TrackPointExtension>
        </extensions>
      </trkpt>
      <trkpt lat="44.056603" lon="4.636105">
        <ele>135.5</ele>
        <extensions>
          <gpxtpx:TrackPointExtension>
            <gpxtpx:Extensions>
              <highway>tertiary</highway>
            </gpxtpx:Extensions>
          </gpxtpx:TrackPointExtension>
        </extensions>
      </trkpt>
      <trkpt lat="44.056627" lon="4.636221">
        <ele>134.75</ele>
        <extensions>
          <gpxtpx:TrackPointExtension>
            <gpxtpx:Extensions>
              <highway>tertiary</highway>
            </gpxtpx:Extensions>
          </gpxtpx:TrackPointExtension>
        </extensions>
      </trkpt>
      <trkpt lat="44.056654" lon="4.636301">
        <ele>134</ele>
        <extensions>
          <gpxtpx:TrackPointExtension>
            <gpxtpx:Extensions>
              <highway>tertiary</highway>
            </gpxtpx:Extensions>
          </gpxtpx:TrackPointExtension>
        </extensions>
      </trkpt>
      <trkpt lat="44.056691" lon="4.636355">
        <ele>133.75</ele>
        <extensions>
          <gpxtpx:TrackPointExtension>
            <gpxtpx:Extensions>
              <highway>tertiary</highway>
            </gpxtpx:Extensions>
          </gpxtpx:TrackPointExtension>
        </extensions>
      </trkpt>
      <trkpt lat="44.056819" lon="4.636482">
        <ele>133</ele>
        <extensions>
          <gpxtpx:TrackPointExtension>
            <gpxtpx:Extensions>
              <highway>tertiary</highway>
            </gpxtpx:Extensions>
          </gpxtpx:TrackPointExtension>
        </extensions>
      </trkpt>
      <trkpt lat="44.056948" lon="4.636566">
        <ele>132.5</ele>
        <extensions>
          <gpxtpx:TrackPointExtension>
            <gpxtpx:Extensions>
              <highway>tertiary</highway>
            </gpxtpx:Extensions>
          </gpxtpx:TrackPointExtension>
        </extensions>
      </trkpt>
      <trkpt lat="44.057203" lon="4.636719">
        <ele>131.5</ele>
        <extensions>
          <gpxtpx:TrackPointExtension>
            <gpxtpx:Extensions>
              <highway>tertiary</highway>
            </gpxtpx:Extensions>
          </gpxtpx:TrackPointExtension>
        </extensions>
      </trkpt>
      <trkpt lat="44.057337" lon="4.636806">
        <ele>131.5</ele>
        <extensions>
          <gpxtpx:TrackPointExtension>
            <gpxtpx:Extensions>
              <highway>tertiary</highway>
            </gpxtpx:Extensions>
          </gpxtpx:TrackPointExtension>
        </extensions>
      </trkpt>
      <trkpt lat="44.057435" lon="4.63689">
        <ele>131.5</ele>
        <extensions>
          <gpxtpx:TrackPointExtension>
            <gpxtpx:Extensions>
              <highway>tertiary</highway>
            </gpxtpx:Extensions>
          </gpxtpx:TrackPointExtension>
        </extensions>
      </trkpt>
      <trkpt lat="44.057635" lon="4.637071">
        <ele>132.25</ele>
        <extensions>
          <gpxtpx:TrackPointExtension>
            <gpxtpx:Extensions>
              <highway>tertiary</highway>
            </gpxtpx:Extensions>
          </gpxtpx:TrackPointExtension>
        </extensions>
      </trkpt>
      <trkpt lat="44.057766" lon="4.637159">
        <ele>132.75</ele>
        <extensions>
          <gpxtpx:TrackPointExtension>
            <gpxtpx:Extensions>
              <highway>tertiary</highway>
            </gpxtpx:Extensions>
          </gpxtpx:TrackPointExtension>
        </extensions>
      </trkpt>
      <trkpt lat="44.057881" lon="4.637205">
        <ele>133.25</ele>
        <extensions>
          <gpxtpx:TrackPointExtension>
            <gpxtpx:Extensions>
              <highway>tertiary</highway>
            </gpxtpx:Extensions>
          </gpxtpx:TrackPointExtension>
        </extensions>
      </trkpt>
      <trkpt lat="44.058144" lon="4.637246">
        <ele>134</ele>
        <extensions>
          <gpxtpx:TrackPointExtension>
            <gpxtpx:Extensions>
              <highway>tertiary</highway>
            </gpxtpx:Extensions>
          </gpxtpx:TrackPointExtension>
        </extensions>
      </trkpt>
      <trkpt lat="44.058836" lon="4.637296">
        <ele>132.5</ele>
        <extensions>
          <gpxtpx:TrackPointExtension>
            <gpxtpx:Extensions>
              <highway>tertiary</highway>
            </gpxtpx:Extensions>
          </gpxtpx:TrackPointExtension>
        </extensions>
      </trkpt>
      <trkpt lat="44.059058" lon="4.63732">
        <ele>131.75</ele>
        <extensions>
          <gpxtpx:TrackPointExtension>
            <gpxtpx:Extensions>
              <highway>tertiary</highway>
            </gpxtpx:Extensions>
          </gpxtpx:TrackPointExtension>
        </extensions>
      </trkpt>
      <trkpt lat="44.05918" lon="4.637341">
        <ele>131.25</ele>
        <extensions>
          <gpxtpx:TrackPointExtension>
            <gpxtpx:Extensions>
              <highway>tertiary</highway>
            </gpxtpx:Extensions>
          </gpxtpx:TrackPointExtension>
        </extensions>
      </trkpt>
      <trkpt lat="44.059301" lon="4.637408">
        <ele>130.5</ele>
        <extensions>
          <gpxtpx:TrackPointExtension>
            <gpxtpx:Extensions>
              <highway>tertiary</highway>
            </gpxtpx:Extensions>
          </gpxtpx:TrackPointExtension>
        </extensions>
      </trkpt>
      <trkpt lat="44.059349" lon="4.637453">
        <ele>130.25</ele>
        <extensions>
          <gpxtpx:TrackPointExtension>
            <gpxtpx:Extensions>
              <highway>tertiary</highway>
            </gpxtpx:Extensions>
          </gpxtpx:TrackPointExtension>
        </extensions>
      </trkpt>
      <trkpt lat="44.059389" lon="4.637493">
        <ele>130</ele>
        <extensions>
          <gpxtpx:TrackPointExtension>
            <gpxtpx:Extensions>
              <highway>tertiary</highway>
            </gpxtpx:Extensions>
          </gpxtpx:TrackPointExtension>
        </extensions>
      </trkpt>
      <trkpt lat="44.059906" lon="4.638026">
        <ele>132.25</ele>
        <extensions>
          <gpxtpx:TrackPointExtension>
            <gpxtpx:Extensions>
              <highway>tertiary</highway>
            </gpxtpx:Extensions>
          </gpxtpx:TrackPointExtension>
        </extensions>
      </trkpt>
      <trkpt lat="44.060036" lon="4.638004">
        <ele>130</ele>
        <extensions>
          <gpxtpx:TrackPointExtension>
            <gpxtpx:Extensions>
              <highway>residential</highway>
            </gpxtpx:Extensions>
          </gpxtpx:TrackPointExtension>
        </extensions>
      </trkpt>
      <trkpt lat="44.060172" lon="4.637966">
        <ele>128.25</ele>
        <extensions>
          <gpxtpx:TrackPointExtension>
            <gpxtpx:Extensions>
              <highway>residential</highway>
            </gpxtpx:Extensions>
          </gpxtpx:TrackPointExtension>
        </extensions>
      </trkpt>
      <trkpt lat="44.060295" lon="4.637946">
        <ele>127</ele>
        <extensions>
          <gpxtpx:TrackPointExtension>
            <gpxtpx:Extensions>
              <highway>residential</highway>
            </gpxtpx:Extensions>
          </gpxtpx:TrackPointExtension>
        </extensions>
      </trkpt>
      <trkpt lat="44.060329" lon="4.637949">
        <ele>126.75</ele>
        <extensions>
          <gpxtpx:TrackPointExtension>
            <gpxtpx:Extensions>
              <highway>residential</highway>
            </gpxtpx:Extensions>
          </gpxtpx:TrackPointExtension>
        </extensions>
      </trkpt>
      <trkpt lat="44.060499" lon="4.638022">
        <ele>125.75</ele>
        <extensions>
          <gpxtpx:TrackPointExtension>
            <gpxtpx:Extensions>
              <highway>residential</highway>
            </gpxtpx:Extensions>
          </gpxtpx:TrackPointExtension>
        </extensions>
      </trkpt>
      <trkpt lat="44.060753" lon="4.638159">
        <ele>124.5</ele>
        <extensions>
          <gpxtpx:TrackPointExtension>
            <gpxtpx:Extensions>
              <highway>residential</highway>
            </gpxtpx:Extensions>
          </gpxtpx:TrackPointExtension>
        </extensions>
      </trkpt>
      <trkpt lat="44.06106" lon="4.638313">
        <ele>123.5</ele>
        <extensions>
          <gpxtpx:TrackPointExtension>
            <gpxtpx:Extensions>
              <highway>residential</highway>
            </gpxtpx:Extensions>
          </gpxtpx:TrackPointExtension>
        </extensions>
      </trkpt>
      <trkpt lat="44.061236" lon="4.638379">
        <ele>122.75</ele>
        <extensions>
          <gpxtpx:TrackPointExtension>
            <gpxtpx:Extensions>
              <highway>residential</highway>
            </gpxtpx:Extensions>
          </gpxtpx:TrackPointExtension>
        </extensions>
      </trkpt>
      <trkpt lat="44.061799" lon="4.638737">
        <ele>122.25</ele>
        <extensions>
          <gpxtpx:TrackPointExtension>
            <gpxtpx:Extensions>
              <highway>residential</highway>
            </gpxtpx:Extensions>
          </gpxtpx:TrackPointExtension>
        </extensions>
      </trkpt>
      <trkpt lat="44.062118" lon="4.63893">
        <ele>122.25</ele>
        <extensions>
          <gpxtpx:TrackPointExtension>
            <gpxtpx:Extensions>
              <highway>residential</highway>
            </gpxtpx:Extensions>
          </gpxtpx:TrackPointExtension>
        </extensions>
      </trkpt>
      <trkpt lat="44.062469" lon="4.639139">
        <ele>121.75</ele>
        <extensions>
          <gpxtpx:TrackPointExtension>
            <gpxtpx:Extensions>
              <highway>residential</highway>
            </gpxtpx:Extensions>
          </gpxtpx:TrackPointExtension>
        </extensions>
      </trkpt>
      <trkpt lat="44.062691" lon="4.639295">
        <ele>121.5</ele>
        <extensions>
          <gpxtpx:TrackPointExtension>
            <gpxtpx:Extensions>
              <highway>residential</highway>
            </gpxtpx:Extensions>
          </gpxtpx:TrackPointExtension>
        </extensions>
      </trkpt>
      <trkpt lat="44.062824" lon="4.639388">
        <ele>121</ele>
        <extensions>
          <gpxtpx:TrackPointExtension>
            <gpxtpx:Extensions>
              <highway>residential</highway>
            </gpxtpx:Extensions>
          </gpxtpx:TrackPointExtension>
        </extensions>
      </trkpt>
      <trkpt lat="44.063355" lon="4.639683">
        <ele>118</ele>
        <extensions>
          <gpxtpx:TrackPointExtension>
            <gpxtpx:Extensions>
              <highway>residential</highway>
            </gpxtpx:Extensions>
          </gpxtpx:TrackPointExtension>
        </extensions>
      </trkpt>
      <trkpt lat="44.063476" lon="4.639743">
        <ele>117.75</ele>
        <extensions>
          <gpxtpx:TrackPointExtension>
            <gpxtpx:Extensions>
              <highway>residential</highway>
            </gpxtpx:Extensions>
          </gpxtpx:TrackPointExtension>
        </extensions>
      </trkpt>
      <trkpt lat="44.06369" lon="4.639913">
        <ele>117</ele>
        <extensions>
          <gpxtpx:TrackPointExtension>
            <gpxtpx:Extensions>
              <highway>residential</highway>
            </gpxtpx:Extensions>
          </gpxtpx:TrackPointExtension>
        </extensions>
      </trkpt>
      <trkpt lat="44.06376" lon="4.64">
        <ele>116.75</ele>
        <extensions>
          <gpxtpx:TrackPointExtension>
            <gpxtpx:Extensions>
              <highway>residential</highway>
            </gpxtpx:Extensions>
          </gpxtpx:TrackPointExtension>
        </extensions>
      </trkpt>
      <trkpt lat="44.063785" lon="4.639983">
        <ele>116.75</ele>
        <extensions>
          <gpxtpx:TrackPointExtension>
            <gpxtpx:Extensions>
              <highway>tertiary</highway>
            </gpxtpx:Extensions>
          </gpxtpx:TrackPointExtension>
        </extensions>
      </trkpt>
      <trkpt lat="44.063826" lon="4.639982">
        <ele>116.5</ele>
        <extensions>
          <gpxtpx:TrackPointExtension>
            <gpxtpx:Extensions>
              <highway>tertiary</highway>
            </gpxtpx:Extensions>
          </gpxtpx:TrackPointExtension>
        </extensions>
      </trkpt>
      <trkpt lat="44.063875" lon="4.640003">
        <ele>116.25</ele>
        <extensions>
          <gpxtpx:TrackPointExtension>
            <gpxtpx:Extensions>
              <highway>tertiary</highway>
            </gpxtpx:Extensions>
          </gpxtpx:TrackPointExtension>
        </extensions>
      </trkpt>
      <trkpt lat="44.064303" lon="4.64025">
        <ele>114.75</ele>
        <extensions>
          <gpxtpx:TrackPointExtension>
            <gpxtpx:Extensions>
              <highway>tertiary</highway>
            </gpxtpx:Extensions>
          </gpxtpx:TrackPointExtension>
        </extensions>
      </trkpt>
      <trkpt lat="44.064503" lon="4.640333">
        <ele>114</ele>
        <extensions>
          <gpxtpx:TrackPointExtension>
            <gpxtpx:Extensions>
              <highway>tertiary</highway>
            </gpxtpx:Extensions>
          </gpxtpx:TrackPointExtension>
        </extensions>
      </trkpt>
      <trkpt lat="44.065175" lon="4.640663">
        <ele>111.25</ele>
        <extensions>
          <gpxtpx:TrackPointExtension>
            <gpxtpx:Extensions>
              <highway>tertiary</highway>
            </gpxtpx:Extensions>
          </gpxtpx:TrackPointExtension>
        </extensions>
      </trkpt>
      <trkpt lat="44.065521" lon="4.640843">
        <ele>110.75</ele>
        <extensions>
          <gpxtpx:TrackPointExtension>
            <gpxtpx:Extensions>
              <highway>tertiary</highway>
            </gpxtpx:Extensions>
          </gpxtpx:TrackPointExtension>
        </extensions>
      </trkpt>
      <trkpt lat="44.065579" lon="4.640872">
        <ele>110.5</ele>
        <extensions>
          <gpxtpx:TrackPointExtension>
            <gpxtpx:Extensions>
              <highway>tertiary</highway>
              <surface>asphalt</surface>
            </gpxtpx:Extensions>
          </gpxtpx:TrackPointExtension>
        </extensions>
      </trkpt>
      <trkpt lat="44.066087" lon="4.641123">
        <ele>108.5</ele>
        <extensions>
          <gpxtpx:TrackPointExtension>
            <gpxtpx:Extensions>
              <highway>tertiary</highway>
              <surface>asphalt</surface>
            </gpxtpx:Extensions>
          </gpxtpx:TrackPointExtension>
        </extensions>
      </trkpt>
      <trkpt lat="44.066697" lon="4.641437">
        <ele>106.5</ele>
        <extensions>
          <gpxtpx:TrackPointExtension>
            <gpxtpx:Extensions>
              <highway>tertiary</highway>
              <surface>asphalt</surface>
            </gpxtpx:Extensions>
          </gpxtpx:TrackPointExtension>
        </extensions>
      </trkpt>
      <trkpt lat="44.067172" lon="4.641685">
        <ele>105</ele>
        <extensions>
          <gpxtpx:TrackPointExtension>
            <gpxtpx:Extensions>
              <highway>tertiary</highway>
              <surface>asphalt</surface>
            </gpxtpx:Extensions>
          </gpxtpx:TrackPointExtension>
        </extensions>
      </trkpt>
      <trkpt lat="44.067255" lon="4.64172">
        <ele>104.75</ele>
        <extensions>
          <gpxtpx:TrackPointExtension>
            <gpxtpx:Extensions>
              <highway>tertiary</highway>
              <surface>asphalt</surface>
            </gpxtpx:Extensions>
          </gpxtpx:TrackPointExtension>
        </extensions>
      </trkpt>
      <trkpt lat="44.067454" lon="4.64179">
        <ele>104</ele>
        <extensions>
          <gpxtpx:TrackPointExtension>
            <gpxtpx:Extensions>
              <highway>tertiary</highway>
              <surface>asphalt</surface>
            </gpxtpx:Extensions>
          </gpxtpx:TrackPointExtension>
        </extensions>
      </trkpt>
      <trkpt lat="44.067653" lon="4.641847">
        <ele>103</ele>
        <extensions>
          <gpxtpx:TrackPointExtension>
            <gpxtpx:Extensions>
              <highway>tertiary</highway>
              <surface>asphalt</surface>
            </gpxtpx:Extensions>
          </gpxtpx:TrackPointExtension>
        </extensions>
      </trkpt>
      <trkpt lat="44.067771" lon="4.641893">
        <ele>102.25</ele>
        <extensions>
          <gpxtpx:TrackPointExtension>
            <gpxtpx:Extensions>
              <highway>tertiary</highway>
              <surface>asphalt</surface>
            </gpxtpx:Extensions>
          </gpxtpx:TrackPointExtension>
        </extensions>
      </trkpt>
      <trkpt lat="44.06782" lon="4.64191">
        <ele>102</ele>
        <extensions>
          <gpxtpx:TrackPointExtension>
            <gpxtpx:Extensions>
              <highway>tertiary</highway>
              <surface>asphalt</surface>
            </gpxtpx:Extensions>
          </gpxtpx:TrackPointExtension>
        </extensions>
      </trkpt>
      <trkpt lat="44.067925" lon="4.641948">
        <ele>101.5</ele>
        <extensions>
          <gpxtpx:TrackPointExtension>
            <gpxtpx:Extensions>
              <highway>tertiary</highway>
              <surface>asphalt</surface>
            </gpxtpx:Extensions>
          </gpxtpx:TrackPointExtension>
        </extensions>
      </trkpt>
      <trkpt lat="44.068089" lon="4.642031">
        <ele>100.5</ele>
        <extensions>
          <gpxtpx:TrackPointExtension>
            <gpxtpx:Extensions>
              <highway>tertiary</highway>
              <surface>asphalt</surface>
            </gpxtpx:Extensions>
          </gpxtpx:TrackPointExtension>
        </extensions>
      </trkpt>
      <trkpt lat="44.068606" lon="4.642317">
        <ele>98.75</ele>
        <extensions>
          <gpxtpx:TrackPointExtension>
            <gpxtpx:Extensions>
              <highway>tertiary</highway>
              <surface>asphalt</surface>
            </gpxtpx:Extensions>
          </gpxtpx:TrackPointExtension>
        </extensions>
      </trkpt>
      <trkpt lat="44.068989" lon="4.642536">
        <ele>98.25</ele>
        <extensions>
          <gpxtpx:TrackPointExtension>
            <gpxtpx:Extensions>
              <reversedirection>yes</reversedirection>
              <highway>tertiary</highway>
            </gpxtpx:Extensions>
          </gpxtpx:TrackPointExtension>
        </extensions>
      </trkpt>
      <trkpt lat="44.069139" lon="4.642593">
        <ele>98.25</ele>
        <extensions>
          <gpxtpx:TrackPointExtension>
            <gpxtpx:Extensions>
              <reversedirection>yes</reversedirection>
              <highway>tertiary</highway>
            </gpxtpx:Extensions>
          </gpxtpx:TrackPointExtension>
        </extensions>
      </trkpt>
      <trkpt lat="44.070016" lon="4.64286">
        <ele>96</ele>
        <extensions>
          <gpxtpx:TrackPointExtension>
            <gpxtpx:Extensions>
              <reversedirection>yes</reversedirection>
              <highway>tertiary</highway>
            </gpxtpx:Extensions>
          </gpxtpx:TrackPointExtension>
        </extensions>
      </trkpt>
      <trkpt lat="44.070237" lon="4.642914">
        <ele>96</ele>
        <extensions>
          <gpxtpx:TrackPointExtension>
            <gpxtpx:Extensions>
              <reversedirection>yes</reversedirection>
              <highway>tertiary</highway>
            </gpxtpx:Extensions>
          </gpxtpx:TrackPointExtension>
        </extensions>
      </trkpt>
      <trkpt lat="44.070624" lon="4.643026">
        <ele>95.75</ele>
        <extensions>
          <gpxtpx:TrackPointExtension>
            <gpxtpx:Extensions>
              <reversedirection>yes</reversedirection>
              <highway>tertiary</highway>
            </gpxtpx:Extensions>
          </gpxtpx:TrackPointExtension>
        </extensions>
      </trkpt>
      <trkpt lat="44.070829" lon="4.643064">
        <ele>95.5</ele>
        <extensions>
          <gpxtpx:TrackPointExtension>
            <gpxtpx:Extensions>
              <reversedirection>yes</reversedirection>
              <highway>tertiary</highway>
            </gpxtpx:Extensions>
          </gpxtpx:TrackPointExtension>
        </extensions>
      </trkpt>
      <trkpt lat="44.071129" lon="4.643076">
        <ele>95</ele>
        <extensions>
          <gpxtpx:TrackPointExtension>
            <gpxtpx:Extensions>
              <highway>tertiary</highway>
              <oneway>yes</oneway>
            </gpxtpx:Extensions>
          </gpxtpx:TrackPointExtension>
        </extensions>
      </trkpt>
      <trkpt lat="44.071327" lon="4.643097">
        <ele>94.75</ele>
        <extensions>
          <gpxtpx:TrackPointExtension>
            <gpxtpx:Extensions>
              <highway>tertiary</highway>
              <oneway>yes</oneway>
            </gpxtpx:Extensions>
          </gpxtpx:TrackPointExtension>
        </extensions>
      </trkpt>
      <trkpt lat="44.071428" lon="4.643089">
        <ele>94.5</ele>
        <extensions>
          <gpxtpx:TrackPointExtension>
            <gpxtpx:Extensions>
              <highway>tertiary</highway>
              <oneway>yes</oneway>
            </gpxtpx:Extensions>
          </gpxtpx:TrackPointExtension>
        </extensions>
      </trkpt>
      <trkpt lat="44.071475" lon="4.643068">
        <ele>94.5</ele>
        <extensions>
          <gpxtpx:TrackPointExtension>
            <gpxtpx:Extensions>
              <highway>tertiary</highway>
              <oneway>yes</oneway>
            </gpxtpx:Extensions>
          </gpxtpx:TrackPointExtension>
        </extensions>
      </trkpt>
      <trkpt lat="44.071518" lon="4.64301">
        <ele>94.5</ele>
        <extensions>
          <gpxtpx:TrackPointExtension>
            <gpxtpx:Extensions>
              <highway>tertiary</highway>
              <junction>roundabout</junction>
            </gpxtpx:Extensions>
          </gpxtpx:TrackPointExtension>
        </extensions>
      </trkpt>
      <trkpt lat="44.071572" lon="4.642976">
        <ele>94.5</ele>
        <extensions>
          <gpxtpx:TrackPointExtension>
            <gpxtpx:Extensions>
              <highway>tertiary</highway>
              <junction>roundabout</junction>
            </gpxtpx:Extensions>
          </gpxtpx:TrackPointExtension>
        </extensions>
      </trkpt>
      <trkpt lat="44.071632" lon="4.64297">
        <ele>94.25</ele>
        <extensions>
          <gpxtpx:TrackPointExtension>
            <gpxtpx:Extensions>
              <highway>tertiary</highway>
              <junction>roundabout</junction>
            </gpxtpx:Extensions>
          </gpxtpx:TrackPointExtension>
        </extensions>
      </trkpt>
      <trkpt lat="44.071689" lon="4.642992">
        <ele>94.25</ele>
        <extensions>
          <gpxtpx:TrackPointExtension>
            <gpxtpx:Extensions>
              <highway>tertiary</highway>
              <junction>roundabout</junction>
            </gpxtpx:Extensions>
          </gpxtpx:TrackPointExtension>
        </extensions>
      </trkpt>
      <trkpt lat="44.071745" lon="4.643052">
        <ele>94.25</ele>
        <extensions>
          <gpxtpx:TrackPointExtension>
            <gpxtpx:Extensions>
              <highway>tertiary</highway>
              <junction>roundabout</junction>
            </gpxtpx:Extensions>
          </gpxtpx:TrackPointExtension>
        </extensions>
      </trkpt>
      <trkpt lat="44.071765" lon="4.643092">
        <ele>94.25</ele>
        <extensions>
          <gpxtpx:TrackPointExtension>
            <gpxtpx:Extensions>
              <highway>tertiary</highway>
              <junction>roundabout</junction>
            </gpxtpx:Extensions>
          </gpxtpx:TrackPointExtension>
        </extensions>
      </trkpt>
      <trkpt lat="44.071779" lon="4.643137">
        <ele>94</ele>
        <extensions>
          <gpxtpx:TrackPointExtension>
            <gpxtpx:Extensions>
              <highway>tertiary</highway>
              <junction>roundabout</junction>
            </gpxtpx:Extensions>
          </gpxtpx:TrackPointExtension>
        </extensions>
      </trkpt>
      <trkpt lat="44.071786" lon="4.643186">
        <ele>94</ele>
        <extensions>
          <gpxtpx:TrackPointExtension>
            <gpxtpx:Extensions>
              <highway>tertiary</highway>
              <junction>roundabout</junction>
            </gpxtpx:Extensions>
          </gpxtpx:TrackPointExtension>
        </extensions>
      </trkpt>
      <trkpt lat="44.071786" lon="4.643222">
        <ele>94</ele>
        <extensions>
          <gpxtpx:TrackPointExtension>
            <gpxtpx:Extensions>
              <highway>tertiary</highway>
              <junction>roundabout</junction>
            </gpxtpx:Extensions>
          </gpxtpx:TrackPointExtension>
        </extensions>
      </trkpt>
      <trkpt lat="44.07182" lon="4.643253">
        <ele>94</ele>
        <extensions>
          <gpxtpx:TrackPointExtension>
            <gpxtpx:Extensions>
              <highway>tertiary</highway>
              <oneway>yes</oneway>
            </gpxtpx:Extensions>
          </gpxtpx:TrackPointExtension>
        </extensions>
      </trkpt>
      <trkpt lat="44.071851" lon="4.643291">
        <ele>94</ele>
        <extensions>
          <gpxtpx:TrackPointExtension>
            <gpxtpx:Extensions>
              <highway>tertiary</highway>
              <oneway>yes</oneway>
            </gpxtpx:Extensions>
          </gpxtpx:TrackPointExtension>
        </extensions>
      </trkpt>
      <trkpt lat="44.071916" lon="4.643336">
        <ele>93.75</ele>
        <extensions>
          <gpxtpx:TrackPointExtension>
            <gpxtpx:Extensions>
              <highway>tertiary</highway>
              <oneway>yes</oneway>
            </gpxtpx:Extensions>
          </gpxtpx:TrackPointExtension>
        </extensions>
      </trkpt>
      <trkpt lat="44.072216" lon="4.643516">
        <ele>93.25</ele>
        <extensions>
          <gpxtpx:TrackPointExtension>
            <gpxtpx:Extensions>
              <highway>tertiary</highway>
              <oneway>yes</oneway>
            </gpxtpx:Extensions>
          </gpxtpx:TrackPointExtension>
        </extensions>
      </trkpt>
      <trkpt lat="44.07237" lon="4.643629">
        <ele>92.75</ele>
        <extensions>
          <gpxtpx:TrackPointExtension>
            <gpxtpx:Extensions>
              <highway>tertiary</highway>
              <oneway>yes</oneway>
            </gpxtpx:Extensions>
          </gpxtpx:TrackPointExtension>
        </extensions>
      </trkpt>
      <trkpt lat="44.072614" lon="4.643757">
        <ele>92.25</ele>
        <extensions>
          <gpxtpx:TrackPointExtension>
            <gpxtpx:Extensions>
              <highway>tertiary</highway>
            </gpxtpx:Extensions>
          </gpxtpx:TrackPointExtension>
        </extensions>
      </trkpt>
      <trkpt lat="44.072893" lon="4.64391">
        <ele>91.5</ele>
        <extensions>
          <gpxtpx:TrackPointExtension>
            <gpxtpx:Extensions>
              <highway>tertiary</highway>
            </gpxtpx:Extensions>
          </gpxtpx:TrackPointExtension>
        </extensions>
      </trkpt>
      <trkpt lat="44.073451" lon="4.644173">
        <ele>90.5</ele>
        <extensions>
          <gpxtpx:TrackPointExtension>
            <gpxtpx:Extensions>
              <highway>tertiary</highway>
            </gpxtpx:Extensions>
          </gpxtpx:TrackPointExtension>
        </extensions>
      </trkpt>
      <trkpt lat="44.073623" lon="4.644244">
        <ele>90</ele>
        <extensions>
          <gpxtpx:TrackPointExtension>
            <gpxtpx:Extensions>
              <highway>tertiary</highway>
            </gpxtpx:Extensions>
          </gpxtpx:TrackPointExtension>
        </extensions>
      </trkpt>
      <trkpt lat="44.073848" lon="4.644322">
        <ele>89.25</ele>
        <extensions>
          <gpxtpx:TrackPointExtension>
            <gpxtpx:Extensions>
              <highway>tertiary</highway>
            </gpxtpx:Extensions>
          </gpxtpx:TrackPointExtension>
        </extensions>
      </trkpt>
      <trkpt lat="44.07507" lon="4.644449">
        <ele>85.75</ele>
        <extensions>
          <gpxtpx:TrackPointExtension>
            <gpxtpx:Extensions>
              <highway>tertiary</highway>
            </gpxtpx:Extensions>
          </gpxtpx:TrackPointExtension>
        </extensions>
      </trkpt>
      <trkpt lat="44.075237" lon="4.644473">
        <ele>85.25</ele>
        <extensions>
          <gpxtpx:TrackPointExtension>
            <gpxtpx:Extensions>
              <highway>tertiary</highway>
            </gpxtpx:Extensions>
          </gpxtpx:TrackPointExtension>
        </extensions>
      </trkpt>
      <trkpt lat="44.076028" lon="4.644636">
        <ele>83.5</ele>
        <extensions>
          <gpxtpx:TrackPointExtension>
            <gpxtpx:Extensions>
              <highway>tertiary</highway>
            </gpxtpx:Extensions>
          </gpxtpx:TrackPointExtension>
        </extensions>
      </trkpt>
      <trkpt lat="44.076502" lon="4.64471">
        <ele>82.5</ele>
        <extensions>
          <gpxtpx:TrackPointExtension>
            <gpxtpx:Extensions>
              <highway>tertiary</highway>
            </gpxtpx:Extensions>
          </gpxtpx:TrackPointExtension>
        </extensions>
      </trkpt>
      <trkpt lat="44.07674" lon="4.644737">
        <ele>82</ele>
        <extensions>
          <gpxtpx:TrackPointExtension>
            <gpxtpx:Extensions>
              <highway>tertiary</highway>
            </gpxtpx:Extensions>
          </gpxtpx:TrackPointExtension>
        </extensions>
      </trkpt>
      <trkpt lat="44.076949" lon="4.644781">
        <ele>81.75</ele>
        <extensions>
          <gpxtpx:TrackPointExtension>
            <gpxtpx:Extensions>
              <highway>tertiary</highway>
            </gpxtpx:Extensions>
          </gpxtpx:TrackPointExtension>
        </extensions>
      </trkpt>
      <trkpt lat="44.077573" lon="4.64495">
        <ele>81</ele>
        <extensions>
          <gpxtpx:TrackPointExtension>
            <gpxtpx:Extensions>
              <highway>tertiary</highway>
            </gpxtpx:Extensions>
          </gpxtpx:TrackPointExtension>
        </extensions>
      </trkpt>
      <trkpt lat="44.078667" lon="4.645201">
        <ele>80</ele>
        <extensions>
          <gpxtpx:TrackPointExtension>
            <gpxtpx:Extensions>
              <highway>tertiary</highway>
            </gpxtpx:Extensions>
          </gpxtpx:TrackPointExtension>
        </extensions>
      </trkpt>
      <trkpt lat="44.079034" lon="4.645309">
        <ele>79.5</ele>
        <extensions>
          <gpxtpx:TrackPointExtension>
            <gpxtpx:Extensions>
              <highway>tertiary</highway>
            </gpxtpx:Extensions>
          </gpxtpx:TrackPointExtension>
        </extensions>
      </trkpt>
      <trkpt lat="44.079606" lon="4.645501">
        <ele>78.5</ele>
        <extensions>
          <gpxtpx:TrackPointExtension>
            <gpxtpx:Extensions>
              <highway>tertiary</highway>
            </gpxtpx:Extensions>
          </gpxtpx:TrackPointExtension>
        </extensions>
      </trkpt>
      <trkpt lat="44.07994" lon="4.645602">
        <ele>78</ele>
        <extensions>
          <gpxtpx:TrackPointExtension>
            <gpxtpx:Extensions>
              <highway>tertiary</highway>
            </gpxtpx:Extensions>
          </gpxtpx:TrackPointExtension>
        </extensions>
      </trkpt>
      <trkpt lat="44.080983" lon="4.645849">
        <ele>76</ele>
        <extensions>
          <gpxtpx:TrackPointExtension>
            <gpxtpx:Extensions>
              <highway>tertiary</highway>
            </gpxtpx:Extensions>
          </gpxtpx:TrackPointExtension>
        </extensions>
      </trkpt>
      <trkpt lat="44.081218" lon="4.645918">
        <ele>76</ele>
        <extensions>
          <gpxtpx:TrackPointExtension>
            <gpxtpx:Extensions>
              <highway>tertiary</highway>
            </gpxtpx:Extensions>
          </gpxtpx:TrackPointExtension>
        </extensions>
      </trkpt>
      <trkpt lat="44.081599" lon="4.646071">
        <ele>75.75</ele>
        <extensions>
          <gpxtpx:TrackPointExtension>
            <gpxtpx:Extensions>
              <highway>tertiary</highway>
            </gpxtpx:Extensions>
          </gpxtpx:TrackPointExtension>
        </extensions>
      </trkpt>
      <trkpt lat="44.08167" lon="4.646101">
        <ele>75.5</ele>
        <extensions>
          <gpxtpx:TrackPointExtension>
            <gpxtpx:Extensions>
              <highway>tertiary</highway>
            </gpxtpx:Extensions>
          </gpxtpx:TrackPointExtension>
        </extensions>
      </trkpt>
      <trkpt lat="44.08209" lon="4.646348">
        <ele>74.75</ele>
        <extensions>
          <gpxtpx:TrackPointExtension>
            <gpxtpx:Extensions>
              <highway>tertiary</highway>
            </gpxtpx:Extensions>
          </gpxtpx:TrackPointExtension>
        </extensions>
      </trkpt>
      <trkpt lat="44.082525" lon="4.646624">
        <ele>74</ele>
        <extensions>
          <gpxtpx:TrackPointExtension>
            <gpxtpx:Extensions>
              <highway>tertiary</highway>
            </gpxtpx:Extensions>
          </gpxtpx:TrackPointExtension>
        </extensions>
      </trkpt>
      <trkpt lat="44.082735" lon="4.646763">
        <ele>73.5</ele>
        <extensions>
          <gpxtpx:TrackPointExtension>
            <gpxtpx:Extensions>
              <highway>tertiary</highway>
            </gpxtpx:Extensions>
          </gpxtpx:TrackPointExtension>
        </extensions>
      </trkpt>
      <trkpt lat="44.083336" lon="4.647218">
        <ele>72.25</ele>
        <extensions>
          <gpxtpx:TrackPointExtension>
            <gpxtpx:Extensions>
              <highway>tertiary</highway>
            </gpxtpx:Extensions>
          </gpxtpx:TrackPointExtension>
        </extensions>
      </trkpt>
      <trkpt lat="44.083374" lon="4.64725">
        <ele>72</ele>
        <extensions>
          <gpxtpx:TrackPointExtension>
            <gpxtpx:Extensions>
              <highway>tertiary</highway>
            </gpxtpx:Extensions>
          </gpxtpx:TrackPointExtension>
        </extensions>
      </trkpt>
      <trkpt lat="44.083684" lon="4.647496">
        <ele>71.5</ele>
        <extensions>
          <gpxtpx:TrackPointExtension>
            <gpxtpx:Extensions>
              <highway>tertiary</highway>
            </gpxtpx:Extensions>
          </gpxtpx:TrackPointExtension>
        </extensions>
      </trkpt>
      <trkpt lat="44.083766" lon="4.647553">
        <ele>71.25</ele>
        <extensions>
          <gpxtpx:TrackPointExtension>
            <gpxtpx:Extensions>
              <highway>tertiary</highway>
            </gpxtpx:Extensions>
          </gpxtpx:TrackPointExtension>
        </extensions>
      </trkpt>
      <trkpt lat="44.085558" lon="4.648737">
        <ele>67.5</ele>
        <extensions>
          <gpxtpx:TrackPointExtension>
            <gpxtpx:Extensions>
              <highway>tertiary</highway>
            </gpxtpx:Extensions>
          </gpxtpx:TrackPointExtension>
        </extensions>
      </trkpt>
      <trkpt lat="44.085872" lon="4.648955">
        <ele>66.75</ele>
        <extensions>
          <gpxtpx:TrackPointExtension>
            <gpxtpx:Extensions>
              <highway>tertiary</highway>
            </gpxtpx:Extensions>
          </gpxtpx:TrackPointExtension>
        </extensions>
      </trkpt>
      <trkpt lat="44.086286" lon="4.649315">
        <ele>66</ele>
        <extensions>
          <gpxtpx:TrackPointExtension>
            <gpxtpx:Extensions>
              <highway>tertiary</highway>
            </gpxtpx:Extensions>
          </gpxtpx:TrackPointExtension>
        </extensions>
      </trkpt>
      <trkpt lat="44.087091" lon="4.65001">
        <ele>65</ele>
        <extensions>
          <gpxtpx:TrackPointExtension>
            <gpxtpx:Extensions>
              <highway>tertiary</highway>
            </gpxtpx:Extensions>
          </gpxtpx:TrackPointExtension>
        </extensions>
      </trkpt>
      <trkpt lat="44.087357" lon="4.650196">
        <ele>65.25</ele>
        <extensions>
          <gpxtpx:TrackPointExtension>
            <gpxtpx:Extensions>
              <highway>tertiary</highway>
            </gpxtpx:Extensions>
          </gpxtpx:TrackPointExtension>
        </extensions>
      </trkpt>
      <trkpt lat="44.087842" lon="4.650535">
        <ele>65</ele>
        <extensions>
          <gpxtpx:TrackPointExtension>
            <gpxtpx:Extensions>
              <highway>tertiary</highway>
            </gpxtpx:Extensions>
          </gpxtpx:TrackPointExtension>
        </extensions>
      </trkpt>
      <trkpt lat="44.088341" lon="4.650868">
        <ele>64.75</ele>
        <extensions>
          <gpxtpx:TrackPointExtension>
            <gpxtpx:Extensions>
              <highway>tertiary</highway>
            </gpxtpx:Extensions>
          </gpxtpx:TrackPointExtension>
        </extensions>
      </trkpt>
      <trkpt lat="44.088531" lon="4.650965">
        <ele>64.25</ele>
        <extensions>
          <gpxtpx:TrackPointExtension>
            <gpxtpx:Extensions>
              <highway>tertiary</highway>
            </gpxtpx:Extensions>
          </gpxtpx:TrackPointExtension>
        </extensions>
      </trkpt>
      <trkpt lat="44.088635" lon="4.650996">
        <ele>64</ele>
        <extensions>
          <gpxtpx:TrackPointExtension>
            <gpxtpx:Extensions>
              <highway>tertiary</highway>
            </gpxtpx:Extensions>
          </gpxtpx:TrackPointExtension>
        </extensions>
      </trkpt>
      <trkpt lat="44.088689" lon="4.65102">
        <ele>63.75</ele>
        <extensions>
          <gpxtpx:TrackPointExtension>
            <gpxtpx:Extensions>
              <highway>tertiary</highway>
            </gpxtpx:Extensions>
          </gpxtpx:TrackPointExtension>
        </extensions>
      </trkpt>
      <trkpt lat="44.088892" lon="4.651073">
        <ele>63.25</ele>
        <extensions>
          <gpxtpx:TrackPointExtension>
            <gpxtpx:Extensions>
              <highway>tertiary</highway>
            </gpxtpx:Extensions>
          </gpxtpx:TrackPointExtension>
        </extensions>
      </trkpt>
      <trkpt lat="44.089461" lon="4.651223">
        <ele>62.75</ele>
        <extensions>
          <gpxtpx:TrackPointExtension>
            <gpxtpx:Extensions>
              <highway>tertiary</highway>
            </gpxtpx:Extensions>
          </gpxtpx:TrackPointExtension>
        </extensions>
      </trkpt>
      <trkpt lat="44.08979" lon="4.651329">
        <ele>62.5</ele>
        <extensions>
          <gpxtpx:TrackPointExtension>
            <gpxtpx:Extensions>
              <highway>tertiary</highway>
            </gpxtpx:Extensions>
          </gpxtpx:TrackPointExtension>
        </extensions>
      </trkpt>
      <trkpt lat="44.089987" lon="4.651444">
        <ele>62.25</ele>
        <extensions>
          <gpxtpx:TrackPointExtension>
            <gpxtpx:Extensions>
              <highway>tertiary</highway>
            </gpxtpx:Extensions>
          </gpxtpx:TrackPointExtension>
        </extensions>
      </trkpt>
      <trkpt lat="44.090374" lon="4.65172">
        <ele>60.5</ele>
        <extensions>
          <gpxtpx:TrackPointExtension>
            <gpxtpx:Extensions>
              <highway>tertiary</highway>
            </gpxtpx:Extensions>
          </gpxtpx:TrackPointExtension>
        </extensions>
      </trkpt>
      <trkpt lat="44.090511" lon="4.65181">
        <ele>60</ele>
        <extensions>
          <gpxtpx:TrackPointExtension>
            <gpxtpx:Extensions>
              <highway>tertiary</highway>
            </gpxtpx:Extensions>
          </gpxtpx:TrackPointExtension>
        </extensions>
      </trkpt>
      <trkpt lat="44.090669" lon="4.6519">
        <ele>59.25</ele>
        <extensions>
          <gpxtpx:TrackPointExtension>
            <gpxtpx:Extensions>
              <highway>tertiary</highway>
            </gpxtpx:Extensions>
          </gpxtpx:TrackPointExtension>
        </extensions>
      </trkpt>
      <trkpt lat="44.091013" lon="4.652072">
        <ele>58.5</ele>
        <extensions>
          <gpxtpx:TrackPointExtension>
            <gpxtpx:Extensions>
              <highway>tertiary</highway>
            </gpxtpx:Extensions>
          </gpxtpx:TrackPointExtension>
        </extensions>
      </trkpt>
      <trkpt lat="44.091248" lon="4.652204">
        <ele>58</ele>
        <extensions>
          <gpxtpx:TrackPointExtension>
            <gpxtpx:Extensions>
              <highway>tertiary</highway>
            </gpxtpx:Extensions>
          </gpxtpx:TrackPointExtension>
        </extensions>
      </trkpt>
      <trkpt lat="44.09167" lon="4.652482">
        <ele>57</ele>
        <extensions>
          <gpxtpx:TrackPointExtension>
            <gpxtpx:Extensions>
              <highway>tertiary</highway>
            </gpxtpx:Extensions>
          </gpxtpx:TrackPointExtension>
        </extensions>
      </trkpt>
      <trkpt lat="44.092378" lon="4.652995">
        <ele>57</ele>
        <extensions>
          <gpxtpx:TrackPointExtension>
            <gpxtpx:Extensions>
              <highway>tertiary</highway>
            </gpxtpx:Extensions>
          </gpxtpx:TrackPointExtension>
        </extensions>
      </trkpt>
      <trkpt lat="44.092655" lon="4.653241">
        <ele>56.5</ele>
        <extensions>
          <gpxtpx:TrackPointExtension>
            <gpxtpx:Extensions>
              <highway>tertiary</highway>
            </gpxtpx:Extensions>
          </gpxtpx:TrackPointExtension>
        </extensions>
      </trkpt>
      <trkpt lat="44.093034" lon="4.653602">
        <ele>55.75</ele>
        <extensions>
          <gpxtpx:TrackPointExtension>
            <gpxtpx:Extensions>
              <highway>tertiary</highway>
            </gpxtpx:Extensions>
          </gpxtpx:TrackPointExtension>
        </extensions>
      </trkpt>
      <trkpt lat="44.093174" lon="4.653716">
        <ele>55.75</ele>
        <extensions>
          <gpxtpx:TrackPointExtension>
            <gpxtpx:Extensions>
              <highway>tertiary</highway>
            </gpxtpx:Extensions>
          </gpxtpx:TrackPointExtension>
        </extensions>
      </trkpt>
      <trkpt lat="44.093361" lon="4.653825">
        <ele>56</ele>
        <extensions>
          <gpxtpx:TrackPointExtension>
            <gpxtpx:Extensions>
              <highway>tertiary</highway>
            </gpxtpx:Extensions>
          </gpxtpx:TrackPointExtension>
        </extensions>
      </trkpt>
      <trkpt lat="44.093443" lon="4.653858">
        <ele>56</ele>
        <extensions>
          <gpxtpx:TrackPointExtension>
            <gpxtpx:Extensions>
              <highway>tertiary</highway>
            </gpxtpx:Extensions>
          </gpxtpx:TrackPointExtension>
        </extensions>
      </trkpt>
      <trkpt lat="44.093534" lon="4.653879">
        <ele>55.75</ele>
        <extensions>
          <gpxtpx:TrackPointExtension>
            <gpxtpx:Extensions>
              <highway>tertiary</highway>
            </gpxtpx:Extensions>
          </gpxtpx:TrackPointExtension>
        </extensions>
      </trkpt>
      <trkpt lat="44.094015" lon="4.653959">
        <ele>54.5</ele>
        <extensions>
          <gpxtpx:TrackPointExtension>
            <gpxtpx:Extensions>
              <highway>tertiary</highway>
            </gpxtpx:Extensions>
          </gpxtpx:TrackPointExtension>
        </extensions>
      </trkpt>
      <trkpt lat="44.094166" lon="4.653973">
        <ele>54</ele>
        <extensions>
          <gpxtpx:TrackPointExtension>
            <gpxtpx:Extensions>
              <highway>tertiary</highway>
            </gpxtpx:Extensions>
          </gpxtpx:TrackPointExtension>
        </extensions>
      </trkpt>
      <trkpt lat="44.09433" lon="4.653969">
        <ele>53.75</ele>
        <extensions>
          <gpxtpx:TrackPointExtension>
            <gpxtpx:Extensions>
              <highway>tertiary</highway>
            </gpxtpx:Extensions>
          </gpxtpx:TrackPointExtension>
        </extensions>
      </trkpt>
      <trkpt lat="44.094479" lon="4.653936">
        <ele>53.5</ele>
        <extensions>
          <gpxtpx:TrackPointExtension>
            <gpxtpx:Extensions>
              <highway>tertiary</highway>
            </gpxtpx:Extensions>
          </gpxtpx:TrackPointExtension>
        </extensions>
      </trkpt>
      <trkpt lat="44.094944" lon="4.653776">
        <ele>52.5</ele>
        <extensions>
          <gpxtpx:TrackPointExtension>
            <gpxtpx:Extensions>
              <highway>tertiary</highway>
            </gpxtpx:Extensions>
          </gpxtpx:TrackPointExtension>
        </extensions>
      </trkpt>
      <trkpt lat="44.095033" lon="4.653753">
        <ele>52.25</ele>
        <extensions>
          <gpxtpx:TrackPointExtension>
            <gpxtpx:Extensions>
              <highway>tertiary</highway>
            </gpxtpx:Extensions>
          </gpxtpx:TrackPointExtension>
        </extensions>
      </trkpt>
      <trkpt lat="44.095164" lon="4.653739">
        <ele>52.25</ele>
        <extensions>
          <gpxtpx:TrackPointExtension>
            <gpxtpx:Extensions>
              <highway>tertiary</highway>
            </gpxtpx:Extensions>
          </gpxtpx:TrackPointExtension>
        </extensions>
      </trkpt>
      <trkpt lat="44.095264" lon="4.653745">
        <ele>52</ele>
        <extensions>
          <gpxtpx:TrackPointExtension>
            <gpxtpx:Extensions>
              <highway>tertiary</highway>
            </gpxtpx:Extensions>
          </gpxtpx:TrackPointExtension>
        </extensions>
      </trkpt>
      <trkpt lat="44.095345" lon="4.653763">
        <ele>52</ele>
        <extensions>
          <gpxtpx:TrackPointExtension>
            <gpxtpx:Extensions>
              <highway>tertiary</highway>
            </gpxtpx:Extensions>
          </gpxtpx:TrackPointExtension>
        </extensions>
      </trkpt>
      <trkpt lat="44.095469" lon="4.653822">
        <ele>52</ele>
        <extensions>
          <gpxtpx:TrackPointExtension>
            <gpxtpx:Extensions>
              <highway>tertiary</highway>
            </gpxtpx:Extensions>
          </gpxtpx:TrackPointExtension>
        </extensions>
      </trkpt>
      <trkpt lat="44.095549" lon="4.653886">
        <ele>52</ele>
        <extensions>
          <gpxtpx:TrackPointExtension>
            <gpxtpx:Extensions>
              <highway>tertiary</highway>
            </gpxtpx:Extensions>
          </gpxtpx:TrackPointExtension>
        </extensions>
      </trkpt>
      <trkpt lat="44.095673" lon="4.654027">
        <ele>52</ele>
        <extensions>
          <gpxtpx:TrackPointExtension>
            <gpxtpx:Extensions>
              <highway>tertiary</highway>
            </gpxtpx:Extensions>
          </gpxtpx:TrackPointExtension>
        </extensions>
      </trkpt>
      <trkpt lat="44.095733" lon="4.654118">
        <ele>52</ele>
        <extensions>
          <gpxtpx:TrackPointExtension>
            <gpxtpx:Extensions>
              <highway>tertiary</highway>
            </gpxtpx:Extensions>
          </gpxtpx:TrackPointExtension>
        </extensions>
      </trkpt>
      <trkpt lat="44.096757" lon="4.655982">
        <ele>51.5</ele>
        <extensions>
          <gpxtpx:TrackPointExtension>
            <gpxtpx:Extensions>
              <highway>tertiary</highway>
            </gpxtpx:Extensions>
          </gpxtpx:TrackPointExtension>
        </extensions>
      </trkpt>
      <trkpt lat="44.097093" lon="4.656579">
        <ele>50.25</ele>
        <extensions>
          <gpxtpx:TrackPointExtension>
            <gpxtpx:Extensions>
              <highway>tertiary</highway>
            </gpxtpx:Extensions>
          </gpxtpx:TrackPointExtension>
        </extensions>
      </trkpt>
      <trkpt lat="44.097241" lon="4.656913">
        <ele>49.5</ele>
        <extensions>
          <gpxtpx:TrackPointExtension>
            <gpxtpx:Extensions>
              <highway>tertiary</highway>
            </gpxtpx:Extensions>
          </gpxtpx:TrackPointExtension>
        </extensions>
      </trkpt>
      <trkpt lat="44.097276" lon="4.657102">
        <ele>49.5</ele>
        <extensions>
          <gpxtpx:TrackPointExtension>
            <gpxtpx:Extensions>
              <highway>tertiary</highway>
            </gpxtpx:Extensions>
          </gpxtpx:TrackPointExtension>
        </extensions>
      </trkpt>
      <trkpt lat="44.097279" lon="4.657182">
        <ele>49.25</ele>
        <extensions>
          <gpxtpx:TrackPointExtension>
            <gpxtpx:Extensions>
              <highway>tertiary</highway>
            </gpxtpx:Extensions>
          </gpxtpx:TrackPointExtension>
        </extensions>
      </trkpt>
      <trkpt lat="44.097274" lon="4.657351">
        <ele>49.25</ele>
        <extensions>
          <gpxtpx:TrackPointExtension>
            <gpxtpx:Extensions>
              <highway>tertiary</highway>
            </gpxtpx:Extensions>
          </gpxtpx:TrackPointExtension>
        </extensions>
      </trkpt>
      <trkpt lat="44.097248" lon="4.657607">
        <ele>49.25</ele>
        <extensions>
          <gpxtpx:TrackPointExtension>
            <gpxtpx:Extensions>
              <highway>tertiary</highway>
            </gpxtpx:Extensions>
          </gpxtpx:TrackPointExtension>
        </extensions>
      </trkpt>
      <trkpt lat="44.097242" lon="4.657709">
        <ele>49.5</ele>
        <extensions>
          <gpxtpx:TrackPointExtension>
            <gpxtpx:Extensions>
              <highway>tertiary</highway>
            </gpxtpx:Extensions>
          </gpxtpx:TrackPointExtension>
        </extensions>
      </trkpt>
      <trkpt lat="44.097254" lon="4.657888">
        <ele>49.75</ele>
        <extensions>
          <gpxtpx:TrackPointExtension>
            <gpxtpx:Extensions>
              <highway>tertiary</highway>
            </gpxtpx:Extensions>
          </gpxtpx:TrackPointExtension>
        </extensions>
      </trkpt>
      <trkpt lat="44.097275" lon="4.657983">
        <ele>49.75</ele>
        <extensions>
          <gpxtpx:TrackPointExtension>
            <gpxtpx:Extensions>
              <highway>tertiary</highway>
            </gpxtpx:Extensions>
          </gpxtpx:TrackPointExtension>
        </extensions>
      </trkpt>
      <trkpt lat="44.097316" lon="4.658095">
        <ele>49.75</ele>
        <extensions>
          <gpxtpx:TrackPointExtension>
            <gpxtpx:Extensions>
              <highway>tertiary</highway>
            </gpxtpx:Extensions>
          </gpxtpx:TrackPointExtension>
        </extensions>
      </trkpt>
      <trkpt lat="44.097373" lon="4.658184">
        <ele>49.75</ele>
        <extensions>
          <gpxtpx:TrackPointExtension>
            <gpxtpx:Extensions>
              <highway>tertiary</highway>
            </gpxtpx:Extensions>
          </gpxtpx:TrackPointExtension>
        </extensions>
      </trkpt>
      <trkpt lat="44.097449" lon="4.658244">
        <ele>49.75</ele>
        <extensions>
          <gpxtpx:TrackPointExtension>
            <gpxtpx:Extensions>
              <highway>tertiary</highway>
            </gpxtpx:Extensions>
          </gpxtpx:TrackPointExtension>
        </extensions>
      </trkpt>
      <trkpt lat="44.097534" lon="4.658286">
        <ele>49.75</ele>
        <extensions>
          <gpxtpx:TrackPointExtension>
            <gpxtpx:Extensions>
              <highway>tertiary</highway>
            </gpxtpx:Extensions>
          </gpxtpx:TrackPointExtension>
        </extensions>
      </trkpt>
      <trkpt lat="44.097621" lon="4.658294">
        <ele>49.75</ele>
        <extensions>
          <gpxtpx:TrackPointExtension>
            <gpxtpx:Extensions>
              <highway>tertiary</highway>
            </gpxtpx:Extensions>
          </gpxtpx:TrackPointExtension>
        </extensions>
      </trkpt>
      <trkpt lat="44.097711" lon="4.65827">
        <ele>49.75</ele>
        <extensions>
          <gpxtpx:TrackPointExtension>
            <gpxtpx:Extensions>
              <highway>tertiary</highway>
            </gpxtpx:Extensions>
          </gpxtpx:TrackPointExtension>
        </extensions>
      </trkpt>
      <trkpt lat="44.097802" lon="4.658221">
        <ele>49.75</ele>
        <extensions>
          <gpxtpx:TrackPointExtension>
            <gpxtpx:Extensions>
              <highway>tertiary</highway>
            </gpxtpx:Extensions>
          </gpxtpx:TrackPointExtension>
        </extensions>
      </trkpt>
      <trkpt lat="44.097875" lon="4.658141">
        <ele>49.75</ele>
        <extensions>
          <gpxtpx:TrackPointExtension>
            <gpxtpx:Extensions>
              <highway>tertiary</highway>
            </gpxtpx:Extensions>
          </gpxtpx:TrackPointExtension>
        </extensions>
      </trkpt>
      <trkpt lat="44.097984" lon="4.657957">
        <ele>49.5</ele>
        <extensions>
          <gpxtpx:TrackPointExtension>
            <gpxtpx:Extensions>
              <highway>tertiary</highway>
              <surface>asphalt</surface>
            </gpxtpx:Extensions>
          </gpxtpx:TrackPointExtension>
        </extensions>
      </trkpt>
      <trkpt lat="44.098171" lon="4.657528">
        <ele>49</ele>
        <extensions>
          <gpxtpx:TrackPointExtension>
            <gpxtpx:Extensions>
              <highway>tertiary</highway>
            </gpxtpx:Extensions>
          </gpxtpx:TrackPointExtension>
        </extensions>
      </trkpt>
      <trkpt lat="44.098281" lon="4.657356">
        <ele>49</ele>
        <extensions>
          <gpxtpx:TrackPointExtension>
            <gpxtpx:Extensions>
              <highway>tertiary</highway>
            </gpxtpx:Extensions>
          </gpxtpx:TrackPointExtension>
        </extensions>
      </trkpt>
      <trkpt lat="44.098347" lon="4.65728">
        <ele>49</ele>
        <extensions>
          <gpxtpx:TrackPointExtension>
            <gpxtpx:Extensions>
              <highway>tertiary</highway>
            </gpxtpx:Extensions>
          </gpxtpx:TrackPointExtension>
        </extensions>
      </trkpt>
      <trkpt lat="44.098412" lon="4.65723">
        <ele>49</ele>
        <extensions>
          <gpxtpx:TrackPointExtension>
            <gpxtpx:Extensions>
              <highway>tertiary</highway>
            </gpxtpx:Extensions>
          </gpxtpx:TrackPointExtension>
        </extensions>
      </trkpt>
      <trkpt lat="44.098492" lon="4.657193">
        <ele>49</ele>
        <extensions>
          <gpxtpx:TrackPointExtension>
            <gpxtpx:Extensions>
              <highway>tertiary</highway>
            </gpxtpx:Extensions>
          </gpxtpx:TrackPointExtension>
        </extensions>
      </trkpt>
      <trkpt lat="44.098575" lon="4.657172">
        <ele>48.75</ele>
        <extensions>
          <gpxtpx:TrackPointExtension>
            <gpxtpx:Extensions>
              <highway>tertiary</highway>
            </gpxtpx:Extensions>
          </gpxtpx:TrackPointExtension>
        </extensions>
      </trkpt>
      <trkpt lat="44.098677" lon="4.657177">
        <ele>48.5</ele>
        <extensions>
          <gpxtpx:TrackPointExtension>
            <gpxtpx:Extensions>
              <highway>tertiary</highway>
            </gpxtpx:Extensions>
          </gpxtpx:TrackPointExtension>
        </extensions>
      </trkpt>
      <trkpt lat="44.09879" lon="4.657197">
        <ele>48.25</ele>
        <extensions>
          <gpxtpx:TrackPointExtension>
            <gpxtpx:Extensions>
              <highway>tertiary</highway>
            </gpxtpx:Extensions>
          </gpxtpx:TrackPointExtension>
        </extensions>
      </trkpt>
      <trkpt lat="44.098842" lon="4.657203">
        <ele>48.25</ele>
        <extensions>
          <gpxtpx:TrackPointExtension>
            <gpxtpx:Extensions>
              <highway>tertiary</highway>
            </gpxtpx:Extensions>
          </gpxtpx:TrackPointExtension>
        </extensions>
      </trkpt>
      <trkpt lat="44.099888" lon="4.657463">
        <ele>47</ele>
        <extensions>
          <gpxtpx:TrackPointExtension>
            <gpxtpx:Extensions>
              <highway>tertiary</highway>
            </gpxtpx:Extensions>
          </gpxtpx:TrackPointExtension>
        </extensions>
      </trkpt>
      <trkpt lat="44.099976" lon="4.657472">
        <ele>47</ele>
        <extensions>
          <gpxtpx:TrackPointExtension>
            <gpxtpx:Extensions>
              <highway>tertiary</highway>
            </gpxtpx:Extensions>
          </gpxtpx:TrackPointExtension>
        </extensions>
      </trkpt>
      <trkpt lat="44.100085" lon="4.657463">
        <ele>47.5</ele>
        <extensions>
          <gpxtpx:TrackPointExtension>
            <gpxtpx:Extensions>
              <highway>tertiary</highway>
            </gpxtpx:Extensions>
          </gpxtpx:TrackPointExtension>
        </extensions>
      </trkpt>
      <trkpt lat="44.100208" lon="4.657408">
        <ele>48.25</ele>
        <extensions>
          <gpxtpx:TrackPointExtension>
            <gpxtpx:Extensions>
              <highway>tertiary</highway>
            </gpxtpx:Extensions>
          </gpxtpx:TrackPointExtension>
        </extensions>
      </trkpt>
      <trkpt lat="44.100462" lon="4.6572">
        <ele>50</ele>
        <extensions>
          <gpxtpx:TrackPointExtension>
            <gpxtpx:Extensions>
              <highway>tertiary</highway>
            </gpxtpx:Extensions>
          </gpxtpx:TrackPointExtension>
        </extensions>
      </trkpt>
      <trkpt lat="44.100615" lon="4.657144">
        <ele>50.5</ele>
        <extensions>
          <gpxtpx:TrackPointExtension>
            <gpxtpx:Extensions>
              <highway>tertiary</highway>
            </gpxtpx:Extensions>
          </gpxtpx:TrackPointExtension>
        </extensions>
      </trkpt>
      <trkpt lat="44.100742" lon="4.657011">
        <ele>51.25</ele>
        <extensions>
          <gpxtpx:TrackPointExtension>
            <gpxtpx:Extensions>
              <highway>tertiary</highway>
              <surface>asphalt</surface>
              <oneway>yes</oneway>
            </gpxtpx:Extensions>
          </gpxtpx:TrackPointExtension>
        </extensions>
      </trkpt>
      <trkpt lat="44.100773" lon="4.657027">
        <ele>51.25</ele>
        <extensions>
          <gpxtpx:TrackPointExtension>
            <gpxtpx:Extensions>
              <highway>tertiary</highway>
              <surface>asphalt</surface>
              <oneway>yes</oneway>
            </gpxtpx:Extensions>
          </gpxtpx:TrackPointExtension>
        </extensions>
      </trkpt>
      <trkpt lat="44.100785" lon="4.656983">
        <ele>51.25</ele>
        <extensions>
          <gpxtpx:TrackPointExtension>
            <gpxtpx:Extensions>
              <highway>secondary</highway>
              <surface>asphalt</surface>
              <junction>roundabout</junction>
            </gpxtpx:Extensions>
          </gpxtpx:TrackPointExtension>
        </extensions>
      </trkpt>
      <trkpt lat="44.10082" lon="4.656938">
        <ele>51.5</ele>
        <extensions>
          <gpxtpx:TrackPointExtension>
            <gpxtpx:Extensions>
              <highway>secondary</highway>
              <surface>asphalt</surface>
              <junction>roundabout</junction>
            </gpxtpx:Extensions>
          </gpxtpx:TrackPointExtension>
        </extensions>
      </trkpt>
      <trkpt lat="44.100867" lon="4.656912">
        <ele>51.5</ele>
        <extensions>
          <gpxtpx:TrackPointExtension>
            <gpxtpx:Extensions>
              <highway>secondary</highway>
              <surface>asphalt</surface>
              <junction>roundabout</junction>
            </gpxtpx:Extensions>
          </gpxtpx:TrackPointExtension>
        </extensions>
      </trkpt>
      <trkpt lat="44.100897" lon="4.656907">
        <ele>51.75</ele>
        <extensions>
          <gpxtpx:TrackPointExtension>
            <gpxtpx:Extensions>
              <highway>secondary</highway>
              <surface>asphalt</surface>
              <junction>roundabout</junction>
            </gpxtpx:Extensions>
          </gpxtpx:TrackPointExtension>
        </extensions>
      </trkpt>
      <trkpt lat="44.100965" lon="4.656926">
        <ele>51.75</ele>
        <extensions>
          <gpxtpx:TrackPointExtension>
            <gpxtpx:Extensions>
              <highway>secondary</highway>
              <surface>asphalt</surface>
              <junction>roundabout</junction>
            </gpxtpx:Extensions>
          </gpxtpx:TrackPointExtension>
        </extensions>
      </trkpt>
      <trkpt lat="44.101006" lon="4.656958">
        <ele>51.75</ele>
        <extensions>
          <gpxtpx:TrackPointExtension>
            <gpxtpx:Extensions>
              <highway>secondary</highway>
              <surface>asphalt</surface>
              <junction>roundabout</junction>
            </gpxtpx:Extensions>
          </gpxtpx:TrackPointExtension>
        </extensions>
      </trkpt>
      <trkpt lat="44.101031" lon="4.657002">
        <ele>51.75</ele>
        <extensions>
          <gpxtpx:TrackPointExtension>
            <gpxtpx:Extensions>
              <highway>secondary</highway>
              <surface>asphalt</surface>
              <junction>roundabout</junction>
            </gpxtpx:Extensions>
          </gpxtpx:TrackPointExtension>
        </extensions>
      </trkpt>
      <trkpt lat="44.101047" lon="4.657055">
        <ele>51.75</ele>
        <extensions>
          <gpxtpx:TrackPointExtension>
            <gpxtpx:Extensions>
              <highway>secondary</highway>
              <surface>asphalt</surface>
              <junction>roundabout</junction>
            </gpxtpx:Extensions>
          </gpxtpx:TrackPointExtension>
        </extensions>
      </trkpt>
      <trkpt lat="44.1011" lon="4.657089">
        <ele>51.75</ele>
        <extensions>
          <gpxtpx:TrackPointExtension>
            <gpxtpx:Extensions>
              <highway>residential</highway>
              <oneway>yes</oneway>
            </gpxtpx:Extensions>
          </gpxtpx:TrackPointExtension>
        </extensions>
      </trkpt>
      <trkpt lat="44.101175" lon="4.657142">
        <ele>51.75</ele>
        <extensions>
          <gpxtpx:TrackPointExtension>
            <gpxtpx:Extensions>
              <highway>residential</highway>
              <oneway>yes</oneway>
            </gpxtpx:Extensions>
          </gpxtpx:TrackPointExtension>
        </extensions>
      </trkpt>
      <trkpt lat="44.101626" lon="4.657281">
        <ele>52</ele>
        <extensions>
          <gpxtpx:TrackPointExtension>
            <gpxtpx:Extensions>
              <highway>residential</highway>
            </gpxtpx:Extensions>
          </gpxtpx:TrackPointExtension>
        </extensions>
      </trkpt>
      <trkpt lat="44.101762" lon="4.657331">
        <ele>52.5</ele>
        <extensions>
          <gpxtpx:TrackPointExtension>
            <gpxtpx:Extensions>
              <highway>residential</highway>
            </gpxtpx:Extensions>
          </gpxtpx:TrackPointExtension>
        </extensions>
      </trkpt>
      <trkpt lat="44.101866" lon="4.657356">
        <ele>53</ele>
        <extensions>
          <gpxtpx:TrackPointExtension>
            <gpxtpx:Extensions>
              <highway>residential</highway>
            </gpxtpx:Extensions>
          </gpxtpx:TrackPointExtension>
        </extensions>
      </trkpt>
      <trkpt lat="44.102099" lon="4.657388">
        <ele>54</ele>
        <extensions>
          <gpxtpx:TrackPointExtension>
            <gpxtpx:Extensions>
              <highway>residential</highway>
            </gpxtpx:Extensions>
          </gpxtpx:TrackPointExtension>
        </extensions>
      </trkpt>
      <trkpt lat="44.10245" lon="4.657408">
        <ele>55.75</ele>
        <extensions>
          <gpxtpx:TrackPointExtension>
            <gpxtpx:Extensions>
              <highway>residential</highway>
            </gpxtpx:Extensions>
          </gpxtpx:TrackPointExtension>
        </extensions>
      </trkpt>
      <trkpt lat="44.102495" lon="4.657397">
        <ele>56</ele>
        <extensions>
          <gpxtpx:TrackPointExtension>
            <gpxtpx:Extensions>
              <highway>residential</highway>
            </gpxtpx:Extensions>
          </gpxtpx:TrackPointExtension>
        </extensions>
      </trkpt>
      <trkpt lat="44.102558" lon="4.657384">
        <ele>56.25</ele>
        <extensions>
          <gpxtpx:TrackPointExtension>
            <gpxtpx:Extensions>
              <highway>residential</highway>
            </gpxtpx:Extensions>
          </gpxtpx:TrackPointExtension>
        </extensions>
      </trkpt>
      <trkpt lat="44.102596" lon="4.657374">
        <ele>56.5</ele>
        <extensions>
          <gpxtpx:TrackPointExtension>
            <gpxtpx:Extensions>
              <highway>residential</highway>
            </gpxtpx:Extensions>
          </gpxtpx:TrackPointExtension>
        </extensions>
      </trkpt>
      <trkpt lat="44.102701" lon="4.657496">
        <ele>56.5</ele>
        <extensions>
          <gpxtpx:TrackPointExtension>
            <gpxtpx:Extensions>
              <highway>secondary</highway>
              <route_bicycle_lcn>yes</route_bicycle_lcn>
            </gpxtpx:Extensions>
          </gpxtpx:TrackPointExtension>
        </extensions>
      </trkpt>
      <trkpt lat="44.102716" lon="4.657515">
        <ele>56.5</ele>
        <extensions>
          <gpxtpx:TrackPointExtension>
            <gpxtpx:Extensions>
              <highway>secondary</highway>
              <route_bicycle_lcn>yes</route_bicycle_lcn>
            </gpxtpx:Extensions>
          </gpxtpx:TrackPointExtension>
        </extensions>
      </trkpt>
      <trkpt lat="44.102951" lon="4.657789">
        <ele>56</ele>
        <extensions>
          <gpxtpx:TrackPointExtension>
            <gpxtpx:Extensions>
              <highway>secondary</highway>
              <route_bicycle_lcn>yes</route_bicycle_lcn>
            </gpxtpx:Extensions>
          </gpxtpx:TrackPointExtension>
        </extensions>
      </trkpt>
      <trkpt lat="44.103125" lon="4.658024">
        <ele>55.5</ele>
        <extensions>
          <gpxtpx:TrackPointExtension>
            <gpxtpx:Extensions>
              <highway>secondary</highway>
              <route_bicycle_lcn>yes</route_bicycle_lcn>
            </gpxtpx:Extensions>
          </gpxtpx:TrackPointExtension>
        </extensions>
      </trkpt>
      <trkpt lat="44.103138" lon="4.658041">
        <ele>55.5</ele>
        <extensions>
          <gpxtpx:TrackPointExtension>
            <gpxtpx:Extensions>
              <highway>secondary</highway>
              <route_bicycle_lcn>yes</route_bicycle_lcn>
            </gpxtpx:Extensions>
          </gpxtpx:TrackPointExtension>
        </extensions>
      </trkpt>
      <trkpt lat="44.103159" lon="4.658069">
        <ele>55.5</ele>
        <extensions>
          <gpxtpx:TrackPointExtension>
            <gpxtpx:Extensions>
              <highway>secondary</highway>
              <route_bicycle_lcn>yes</route_bicycle_lcn>
            </gpxtpx:Extensions>
          </gpxtpx:TrackPointExtension>
        </extensions>
      </trkpt>
      <trkpt lat="44.103169" lon="4.658084">
        <ele>55.5</ele>
        <extensions>
          <gpxtpx:TrackPointExtension>
            <gpxtpx:Extensions>
              <highway>secondary</highway>
              <route_bicycle_lcn>yes</route_bicycle_lcn>
            </gpxtpx:Extensions>
          </gpxtpx:TrackPointExtension>
        </extensions>
      </trkpt>
      <trkpt lat="44.103286" lon="4.658275">
        <ele>55</ele>
        <extensions>
          <gpxtpx:TrackPointExtension>
            <gpxtpx:Extensions>
              <highway>secondary</highway>
            </gpxtpx:Extensions>
          </gpxtpx:TrackPointExtension>
        </extensions>
      </trkpt>
      <trkpt lat="44.103498" lon="4.658687">
        <ele>55.5</ele>
        <extensions>
          <gpxtpx:TrackPointExtension>
            <gpxtpx:Extensions>
              <highway>secondary</highway>
            </gpxtpx:Extensions>
          </gpxtpx:TrackPointExtension>
        </extensions>
      </trkpt>
      <trkpt lat="44.10353" lon="4.658751">
        <ele>55.75</ele>
        <extensions>
          <gpxtpx:TrackPointExtension>
            <gpxtpx:Extensions>
              <highway>secondary</highway>
            </gpxtpx:Extensions>
          </gpxtpx:TrackPointExtension>
        </extensions>
      </trkpt>
      <trkpt lat="44.103669" lon="4.659082">
        <ele>56.25</ele>
        <extensions>
          <gpxtpx:TrackPointExtension>
            <gpxtpx:Extensions>
              <highway>secondary</highway>
            </gpxtpx:Extensions>
          </gpxtpx:TrackPointExtension>
        </extensions>
      </trkpt>
      <trkpt lat="44.103712" lon="4.659165">
        <ele>56.5</ele>
        <extensions>
          <gpxtpx:TrackPointExtension>
            <gpxtpx:Extensions>
              <highway>secondary</highway>
            </gpxtpx:Extensions>
          </gpxtpx:TrackPointExtension>
        </extensions>
      </trkpt>
      <trkpt lat="44.103822" lon="4.659378">
        <ele>56.5</ele>
        <extensions>
          <gpxtpx:TrackPointExtension>
            <gpxtpx:Extensions>
              <highway>secondary</highway>
            </gpxtpx:Extensions>
          </gpxtpx:TrackPointExtension>
        </extensions>
      </trkpt>
      <trkpt lat="44.103947" lon="4.659575">
        <ele>56.75</ele>
        <extensions>
          <gpxtpx:TrackPointExtension>
            <gpxtpx:Extensions>
              <highway>secondary</highway>
            </gpxtpx:Extensions>
          </gpxtpx:TrackPointExtension>
        </extensions>
      </trkpt>
      <trkpt lat="44.104081" lon="4.659786">
        <ele>56.5</ele>
        <extensions>
          <gpxtpx:TrackPointExtension>
            <gpxtpx:Extensions>
              <highway>secondary</highway>
            </gpxtpx:Extensions>
          </gpxtpx:TrackPointExtension>
        </extensions>
      </trkpt>
      <trkpt lat="44.104156" lon="4.659906">
        <ele>56.25</ele>
        <extensions>
          <gpxtpx:TrackPointExtension>
            <gpxtpx:Extensions>
              <highway>secondary</highway>
            </gpxtpx:Extensions>
          </gpxtpx:TrackPointExtension>
        </extensions>
      </trkpt>
      <trkpt lat="44.104277" lon="4.660159">
        <ele>55.75</ele>
        <extensions>
          <gpxtpx:TrackPointExtension>
            <gpxtpx:Extensions>
              <highway>secondary</highway>
            </gpxtpx:Extensions>
          </gpxtpx:TrackPointExtension>
        </extensions>
      </trkpt>
      <trkpt lat="44.104521" lon="4.660639">
        <ele>54.5</ele>
        <extensions>
          <gpxtpx:TrackPointExtension>
            <gpxtpx:Extensions>
              <highway>secondary</highway>
            </gpxtpx:Extensions>
          </gpxtpx:TrackPointExtension>
        </extensions>
      </trkpt>
      <trkpt lat="44.104714" lon="4.66088">
        <ele>53.75</ele>
        <extensions>
          <gpxtpx:TrackPointExtension>
            <gpxtpx:Extensions>
              <highway>secondary</highway>
            </gpxtpx:Extensions>
          </gpxtpx:TrackPointExtension>
        </extensions>
      </trkpt>
      <trkpt lat="44.104949" lon="4.661145">
        <ele>53.5</ele>
        <extensions>
          <gpxtpx:TrackPointExtension>
            <gpxtpx:Extensions>
              <highway>secondary</highway>
            </gpxtpx:Extensions>
          </gpxtpx:TrackPointExtension>
        </extensions>
      </trkpt>
      <trkpt lat="44.105257" lon="4.661528">
        <ele>54</ele>
        <extensions>
          <gpxtpx:TrackPointExtension>
            <gpxtpx:Extensions>
              <highway>secondary</highway>
            </gpxtpx:Extensions>
          </gpxtpx:TrackPointExtension>
        </extensions>
      </trkpt>
      <trkpt lat="44.105267" lon="4.661541">
        <ele>54</ele>
        <extensions>
          <gpxtpx:TrackPointExtension>
            <gpxtpx:Extensions>
              <highway>secondary</highway>
            </gpxtpx:Extensions>
          </gpxtpx:TrackPointExtension>
        </extensions>
      </trkpt>
      <trkpt lat="44.105292" lon="4.661571">
        <ele>54</ele>
        <extensions>
          <gpxtpx:TrackPointExtension>
            <gpxtpx:Extensions>
              <highway>secondary</highway>
            </gpxtpx:Extensions>
          </gpxtpx:TrackPointExtension>
        </extensions>
      </trkpt>
      <trkpt lat="44.105314" lon="4.661531">
        <ele>54.25</ele>
        <extensions>
          <gpxtpx:TrackPointExtension>
            <gpxtpx:Extensions>
              <highway>secondary</highway>
              <junction>roundabout</junction>
            </gpxtpx:Extensions>
          </gpxtpx:TrackPointExtension>
        </extensions>
      </trkpt>
      <trkpt lat="44.105343" lon="4.66152">
        <ele>54.5</ele>
        <extensions>
          <gpxtpx:TrackPointExtension>
            <gpxtpx:Extensions>
              <highway>secondary</highway>
              <junction>roundabout</junction>
            </gpxtpx:Extensions>
          </gpxtpx:TrackPointExtension>
        </extensions>
      </trkpt>
      <trkpt lat="44.105375" lon="4.661538">
        <ele>54.75</ele>
        <extensions>
          <gpxtpx:TrackPointExtension>
            <gpxtpx:Extensions>
              <highway>secondary</highway>
              <junction>roundabout</junction>
            </gpxtpx:Extensions>
          </gpxtpx:TrackPointExtension>
        </extensions>
      </trkpt>
      <trkpt lat="44.105386" lon="4.661557">
        <ele>54.75</ele>
        <extensions>
          <gpxtpx:TrackPointExtension>
            <gpxtpx:Extensions>
              <highway>secondary</highway>
              <junction>roundabout</junction>
            </gpxtpx:Extensions>
          </gpxtpx:TrackPointExtension>
        </extensions>
      </trkpt>
      <trkpt lat="44.105391" lon="4.661605">
        <ele>54.5</ele>
        <extensions>
          <gpxtpx:TrackPointExtension>
            <gpxtpx:Extensions>
              <highway>secondary</highway>
              <junction>roundabout</junction>
            </gpxtpx:Extensions>
          </gpxtpx:TrackPointExtension>
        </extensions>
      </trkpt>
      <trkpt lat="44.105385" lon="4.661627">
        <ele>54.25</ele>
        <extensions>
          <gpxtpx:TrackPointExtension>
            <gpxtpx:Extensions>
              <highway>secondary</highway>
              <junction>roundabout</junction>
            </gpxtpx:Extensions>
          </gpxtpx:TrackPointExtension>
        </extensions>
      </trkpt>
      <trkpt lat="44.105404" lon="4.661643">
        <ele>54.5</ele>
        <extensions>
          <gpxtpx:TrackPointExtension>
            <gpxtpx:Extensions>
              <reversedirection>yes</reversedirection>
              <highway>secondary</highway>
            </gpxtpx:Extensions>
          </gpxtpx:TrackPointExtension>
        </extensions>
      </trkpt>
      <trkpt lat="44.105462" lon="4.661692">
        <ele>54.5</ele>
        <extensions>
          <gpxtpx:TrackPointExtension>
            <gpxtpx:Extensions>
              <reversedirection>yes</reversedirection>
              <highway>secondary</highway>
            </gpxtpx:Extensions>
          </gpxtpx:TrackPointExtension>
        </extensions>
      </trkpt>
      <trkpt lat="44.105691" lon="4.661884">
        <ele>54.75</ele>
        <extensions>
          <gpxtpx:TrackPointExtension>
            <gpxtpx:Extensions>
              <reversedirection>yes</reversedirection>
              <highway>secondary</highway>
            </gpxtpx:Extensions>
          </gpxtpx:TrackPointExtension>
        </extensions>
      </trkpt>
      <trkpt lat="44.105728" lon="4.661915">
        <ele>54.75</ele>
        <extensions>
          <gpxtpx:TrackPointExtension>
            <gpxtpx:Extensions>
              <reversedirection>yes</reversedirection>
              <highway>secondary</highway>
            </gpxtpx:Extensions>
          </gpxtpx:TrackPointExtension>
        </extensions>
      </trkpt>
      <trkpt lat="44.10592" lon="4.662108">
        <ele>55.5</ele>
        <extensions>
          <gpxtpx:TrackPointExtension>
            <gpxtpx:Extensions>
              <reversedirection>yes</reversedirection>
              <highway>secondary</highway>
            </gpxtpx:Extensions>
          </gpxtpx:TrackPointExtension>
        </extensions>
      </trkpt>
      <trkpt lat="44.106175" lon="4.662365">
        <ele>57</ele>
        <extensions>
          <gpxtpx:TrackPointExtension>
            <gpxtpx:Extensions>
              <reversedirection>yes</reversedirection>
              <highway>secondary</highway>
            </gpxtpx:Extensions>
          </gpxtpx:TrackPointExtension>
        </extensions>
      </trkpt>
      <trkpt lat="44.106343" lon="4.662514">
        <ele>57.75</ele>
        <extensions>
          <gpxtpx:TrackPointExtension>
            <gpxtpx:Extensions>
              <reversedirection>yes</reversedirection>
              <highway>secondary</highway>
            </gpxtpx:Extensions>
          </gpxtpx:TrackPointExtension>
        </extensions>
      </trkpt>
      <trkpt lat="44.106544" lon="4.662695">
        <ele>58.5</ele>
        <extensions>
          <gpxtpx:TrackPointExtension>
            <gpxtpx:Extensions>
              <reversedirection>yes</reversedirection>
              <highway>secondary</highway>
            </gpxtpx:Extensions>
          </gpxtpx:TrackPointExtension>
        </extensions>
      </trkpt>
      <trkpt lat="44.106933" lon="4.662889">
        <ele>60</ele>
        <extensions>
          <gpxtpx:TrackPointExtension>
            <gpxtpx:Extensions>
              <reversedirection>yes</reversedirection>
              <highway>secondary</highway>
            </gpxtpx:Extensions>
          </gpxtpx:TrackPointExtension>
        </extensions>
      </trkpt>
      <trkpt lat="44.106999" lon="4.662923">
        <ele>60.25</ele>
        <extensions>
          <gpxtpx:TrackPointExtension>
            <gpxtpx:Extensions>
              <reversedirection>yes</reversedirection>
              <highway>secondary</highway>
            </gpxtpx:Extensions>
          </gpxtpx:TrackPointExtension>
        </extensions>
      </trkpt>
      <trkpt lat="44.107186" lon="4.662996">
        <ele>61</ele>
        <extensions>
          <gpxtpx:TrackPointExtension>
            <gpxtpx:Extensions>
              <reversedirection>yes</reversedirection>
              <highway>secondary</highway>
            </gpxtpx:Extensions>
          </gpxtpx:TrackPointExtension>
        </extensions>
      </trkpt>
      <trkpt lat="44.107353" lon="4.663353">
        <ele>57.75</ele>
        <extensions>
          <gpxtpx:TrackPointExtension>
            <gpxtpx:Extensions>
              <reversedirection>yes</reversedirection>
              <highway>secondary</highway>
            </gpxtpx:Extensions>
          </gpxtpx:TrackPointExtension>
        </extensions>
      </trkpt>
      <trkpt lat="44.107415" lon="4.663499">
        <ele>56.75</ele>
        <extensions>
          <gpxtpx:TrackPointExtension>
            <gpxtpx:Extensions>
              <reversedirection>yes</reversedirection>
              <highway>secondary</highway>
            </gpxtpx:Extensions>
          </gpxtpx:TrackPointExtension>
        </extensions>
      </trkpt>
      <trkpt lat="44.107552" lon="4.663678">
        <ele>56</ele>
        <extensions>
          <gpxtpx:TrackPointExtension>
            <gpxtpx:Extensions>
              <reversedirection>yes</reversedirection>
              <highway>secondary</highway>
            </gpxtpx:Extensions>
          </gpxtpx:TrackPointExtension>
        </extensions>
      </trkpt>
      <trkpt lat="44.107684" lon="4.663825">
        <ele>55.25</ele>
        <extensions>
          <gpxtpx:TrackPointExtension>
            <gpxtpx:Extensions>
              <reversedirection>yes</reversedirection>
              <highway>secondary</highway>
            </gpxtpx:Extensions>
          </gpxtpx:TrackPointExtension>
        </extensions>
      </trkpt>
      <trkpt lat="44.107872" lon="4.663953">
        <ele>54.75</ele>
        <extensions>
          <gpxtpx:TrackPointExtension>
            <gpxtpx:Extensions>
              <reversedirection>yes</reversedirection>
              <highway>secondary</highway>
            </gpxtpx:Extensions>
          </gpxtpx:TrackPointExtension>
        </extensions>
      </trkpt>
      <trkpt lat="44.108347" lon="4.664134">
        <ele>54.5</ele>
        <extensions>
          <gpxtpx:TrackPointExtension>
            <gpxtpx:Extensions>
              <reversedirection>yes</reversedirection>
              <highway>secondary</highway>
            </gpxtpx:Extensions>
          </gpxtpx:TrackPointExtension>
        </extensions>
      </trkpt>
      <trkpt lat="44.108386" lon="4.664144">
        <ele>54.5</ele>
        <extensions>
          <gpxtpx:TrackPointExtension>
            <gpxtpx:Extensions>
              <reversedirection>yes</reversedirection>
              <highway>secondary</highway>
            </gpxtpx:Extensions>
          </gpxtpx:TrackPointExtension>
        </extensions>
      </trkpt>
      <trkpt lat="44.108618" lon="4.664232">
        <ele>54.5</ele>
        <extensions>
          <gpxtpx:TrackPointExtension>
            <gpxtpx:Extensions>
              <reversedirection>yes</reversedirection>
              <highway>secondary</highway>
            </gpxtpx:Extensions>
          </gpxtpx:TrackPointExtension>
        </extensions>
      </trkpt>
      <trkpt lat="44.10892" lon="4.664375">
        <ele>55</ele>
        <extensions>
          <gpxtpx:TrackPointExtension>
            <gpxtpx:Extensions>
              <reversedirection>yes</reversedirection>
              <highway>secondary</highway>
            </gpxtpx:Extensions>
          </gpxtpx:TrackPointExtension>
        </extensions>
      </trkpt>
      <trkpt lat="44.109028" lon="4.664484">
        <ele>55</ele>
        <extensions>
          <gpxtpx:TrackPointExtension>
            <gpxtpx:Extensions>
              <reversedirection>yes</reversedirection>
              <highway>secondary</highway>
            </gpxtpx:Extensions>
          </gpxtpx:TrackPointExtension>
        </extensions>
      </trkpt>
      <trkpt lat="44.109082" lon="4.664536">
        <ele>55.25</ele>
        <extensions>
          <gpxtpx:TrackPointExtension>
            <gpxtpx:Extensions>
              <highway>secondary</highway>
              <oneway>yes</oneway>
            </gpxtpx:Extensions>
          </gpxtpx:TrackPointExtension>
        </extensions>
      </trkpt>
      <trkpt lat="44.109111" lon="4.664591">
        <ele>55</ele>
        <extensions>
          <gpxtpx:TrackPointExtension>
            <gpxtpx:Extensions>
              <highway>secondary</highway>
              <oneway>yes</oneway>
            </gpxtpx:Extensions>
          </gpxtpx:TrackPointExtension>
        </extensions>
      </trkpt>
      <trkpt lat="44.109151" lon="4.664571">
        <ele>55.25</ele>
        <extensions>
          <gpxtpx:TrackPointExtension>
            <gpxtpx:Extensions>
              <highway>secondary</highway>
              <junction>roundabout</junction>
            </gpxtpx:Extensions>
          </gpxtpx:TrackPointExtension>
        </extensions>
      </trkpt>
      <trkpt lat="44.1092" lon="4.664587">
        <ele>55.5</ele>
        <extensions>
          <gpxtpx:TrackPointExtension>
            <gpxtpx:Extensions>
              <highway>secondary</highway>
              <junction>roundabout</junction>
            </gpxtpx:Extensions>
          </gpxtpx:TrackPointExtension>
        </extensions>
      </trkpt>
      <trkpt lat="44.109242" lon="4.664636">
        <ele>55.5</ele>
        <extensions>
          <gpxtpx:TrackPointExtension>
            <gpxtpx:Extensions>
              <highway>secondary</highway>
              <junction>roundabout</junction>
            </gpxtpx:Extensions>
          </gpxtpx:TrackPointExtension>
        </extensions>
      </trkpt>
      <trkpt lat="44.109254" lon="4.664706">
        <ele>55.25</ele>
        <extensions>
          <gpxtpx:TrackPointExtension>
            <gpxtpx:Extensions>
              <highway>secondary</highway>
              <junction>roundabout</junction>
            </gpxtpx:Extensions>
          </gpxtpx:TrackPointExtension>
        </extensions>
      </trkpt>
      <trkpt lat="44.109245" lon="4.664767">
        <ele>55</ele>
        <extensions>
          <gpxtpx:TrackPointExtension>
            <gpxtpx:Extensions>
              <highway>secondary</highway>
              <junction>roundabout</junction>
            </gpxtpx:Extensions>
          </gpxtpx:TrackPointExtension>
        </extensions>
      </trkpt>
      <trkpt lat="44.109262" lon="4.664796">
        <ele>54.75</ele>
        <extensions>
          <gpxtpx:TrackPointExtension>
            <gpxtpx:Extensions>
              <highway>secondary</highway>
              <surface>asphalt</surface>
              <oneway>yes</oneway>
            </gpxtpx:Extensions>
          </gpxtpx:TrackPointExtension>
        </extensions>
      </trkpt>
      <trkpt lat="44.109309" lon="4.664933">
        <ele>54.5</ele>
        <extensions>
          <gpxtpx:TrackPointExtension>
            <gpxtpx:Extensions>
              <highway>secondary</highway>
              <surface>asphalt</surface>
              <oneway>yes</oneway>
            </gpxtpx:Extensions>
          </gpxtpx:TrackPointExtension>
        </extensions>
      </trkpt>
      <trkpt lat="44.109446" lon="4.665125">
        <ele>54</ele>
        <extensions>
          <gpxtpx:TrackPointExtension>
            <gpxtpx:Extensions>
              <reversedirection>yes</reversedirection>
              <highway>secondary</highway>
              <surface>asphalt</surface>
            </gpxtpx:Extensions>
          </gpxtpx:TrackPointExtension>
        </extensions>
      </trkpt>
      <trkpt lat="44.109725" lon="4.665547">
        <ele>52.75</ele>
        <extensions>
          <gpxtpx:TrackPointExtension>
            <gpxtpx:Extensions>
              <reversedirection>yes</reversedirection>
              <highway>secondary</highway>
              <surface>asphalt</surface>
            </gpxtpx:Extensions>
          </gpxtpx:TrackPointExtension>
        </extensions>
      </trkpt>
      <trkpt lat="44.109801" lon="4.665661">
        <ele>52.5</ele>
        <extensions>
          <gpxtpx:TrackPointExtension>
            <gpxtpx:Extensions>
              <reversedirection>yes</reversedirection>
              <highway>secondary</highway>
              <surface>asphalt</surface>
            </gpxtpx:Extensions>
          </gpxtpx:TrackPointExtension>
        </extensions>
      </trkpt>
      <trkpt lat="44.109946" lon="4.66592">
        <ele>51.5</ele>
        <extensions>
          <gpxtpx:TrackPointExtension>
            <gpxtpx:Extensions>
              <reversedirection>yes</reversedirection>
              <highway>secondary</highway>
              <surface>asphalt</surface>
            </gpxtpx:Extensions>
          </gpxtpx:TrackPointExtension>
        </extensions>
      </trkpt>
      <trkpt lat="44.110114" lon="4.666315">
        <ele>51</ele>
        <extensions>
          <gpxtpx:TrackPointExtension>
            <gpxtpx:Extensions>
              <reversedirection>yes</reversedirection>
              <highway>secondary</highway>
              <surface>asphalt</surface>
            </gpxtpx:Extensions>
          </gpxtpx:TrackPointExtension>
        </extensions>
      </trkpt>
      <trkpt lat="44.110533" lon="4.66719">
        <ele>48.25</ele>
        <extensions>
          <gpxtpx:TrackPointExtension>
            <gpxtpx:Extensions>
              <reversedirection>yes</reversedirection>
              <highway>secondary</highway>
              <surface>asphalt</surface>
            </gpxtpx:Extensions>
          </gpxtpx:TrackPointExtension>
        </extensions>
      </trkpt>
      <trkpt lat="44.110558" lon="4.667232">
        <ele>48</ele>
        <extensions>
          <gpxtpx:TrackPointExtension>
            <gpxtpx:Extensions>
              <reversedirection>yes</reversedirection>
              <highway>secondary</highway>
              <surface>asphalt</surface>
            </gpxtpx:Extensions>
          </gpxtpx:TrackPointExtension>
        </extensions>
      </trkpt>
      <trkpt lat="44.110533" lon="4.667266">
        <ele>48</ele>
        <extensions>
          <gpxtpx:TrackPointExtension>
            <gpxtpx:Extensions>
              <reversedirection>yes</reversedirection>
              <highway>residential</highway>
            </gpxtpx:Extensions>
          </gpxtpx:TrackPointExtension>
        </extensions>
      </trkpt>
      <trkpt lat="44.110524" lon="4.667365">
        <ele>47.5</ele>
        <extensions>
          <gpxtpx:TrackPointExtension>
            <gpxtpx:Extensions>
              <reversedirection>yes</reversedirection>
              <highway>residential</highway>
            </gpxtpx:Extensions>
          </gpxtpx:TrackPointExtension>
        </extensions>
      </trkpt>
      <trkpt lat="44.110569" lon="4.667529">
        <ele>47.25</ele>
        <extensions>
          <gpxtpx:TrackPointExtension>
            <gpxtpx:Extensions>
              <reversedirection>yes</reversedirection>
              <highway>residential</highway>
            </gpxtpx:Extensions>
          </gpxtpx:TrackPointExtension>
        </extensions>
      </trkpt>
      <trkpt lat="44.11063" lon="4.667807">
        <ele>46.25</ele>
        <extensions>
          <gpxtpx:TrackPointExtension>
            <gpxtpx:Extensions>
              <reversedirection>yes</reversedirection>
              <highway>residential</highway>
            </gpxtpx:Extensions>
          </gpxtpx:TrackPointExtension>
        </extensions>
      </trkpt>
      <trkpt lat="44.110694" lon="4.668164">
        <ele>45.25</ele>
        <extensions>
          <gpxtpx:TrackPointExtension>
            <gpxtpx:Extensions>
              <reversedirection>yes</reversedirection>
              <highway>residential</highway>
            </gpxtpx:Extensions>
          </gpxtpx:TrackPointExtension>
        </extensions>
      </trkpt>
      <trkpt lat="44.110747" lon="4.66844">
        <ele>45</ele>
        <extensions>
          <gpxtpx:TrackPointExtension>
            <gpxtpx:Extensions>
              <reversedirection>yes</reversedirection>
              <highway>residential</highway>
            </gpxtpx:Extensions>
          </gpxtpx:TrackPointExtension>
        </extensions>
      </trkpt>
      <trkpt lat="44.110809" lon="4.668751">
        <ele>45.25</ele>
        <extensions>
          <gpxtpx:TrackPointExtension>
            <gpxtpx:Extensions>
              <reversedirection>yes</reversedirection>
              <highway>residential</highway>
            </gpxtpx:Extensions>
          </gpxtpx:TrackPointExtension>
        </extensions>
      </trkpt>
      <trkpt lat="44.110835" lon="4.66888">
        <ele>45.5</ele>
        <extensions>
          <gpxtpx:TrackPointExtension>
            <gpxtpx:Extensions>
              <reversedirection>yes</reversedirection>
              <highway>residential</highway>
            </gpxtpx:Extensions>
          </gpxtpx:TrackPointExtension>
        </extensions>
      </trkpt>
      <trkpt lat="44.110848" lon="4.669028">
        <ele>45.75</ele>
        <extensions>
          <gpxtpx:TrackPointExtension>
            <gpxtpx:Extensions>
              <reversedirection>yes</reversedirection>
              <highway>residential</highway>
            </gpxtpx:Extensions>
          </gpxtpx:TrackPointExtension>
        </extensions>
      </trkpt>
      <trkpt lat="44.11091" lon="4.669759">
        <ele>44.5</ele>
        <extensions>
          <gpxtpx:TrackPointExtension>
            <gpxtpx:Extensions>
              <reversedirection>yes</reversedirection>
              <highway>residential</highway>
            </gpxtpx:Extensions>
          </gpxtpx:TrackPointExtension>
        </extensions>
      </trkpt>
      <trkpt lat="44.110962" lon="4.670481">
        <ele>43</ele>
        <extensions>
          <gpxtpx:TrackPointExtension>
            <gpxtpx:Extensions>
              <reversedirection>yes</reversedirection>
              <highway>residential</highway>
            </gpxtpx:Extensions>
          </gpxtpx:TrackPointExtension>
        </extensions>
      </trkpt>
      <trkpt lat="44.111044" lon="4.671181">
        <ele>42</ele>
        <extensions>
          <gpxtpx:TrackPointExtension>
            <gpxtpx:Extensions>
              <reversedirection>yes</reversedirection>
              <highway>residential</highway>
            </gpxtpx:Extensions>
          </gpxtpx:TrackPointExtension>
        </extensions>
      </trkpt>
      <trkpt lat="44.111053" lon="4.671262">
        <ele>42</ele>
        <extensions>
          <gpxtpx:TrackPointExtension>
            <gpxtpx:Extensions>
              <reversedirection>yes</reversedirection>
              <highway>residential</highway>
            </gpxtpx:Extensions>
          </gpxtpx:TrackPointExtension>
        </extensions>
      </trkpt>
      <trkpt lat="44.111116" lon="4.671845">
        <ele>41.5</ele>
        <extensions>
          <gpxtpx:TrackPointExtension>
            <gpxtpx:Extensions>
              <reversedirection>yes</reversedirection>
              <highway>residential</highway>
            </gpxtpx:Extensions>
          </gpxtpx:TrackPointExtension>
        </extensions>
      </trkpt>
      <trkpt lat="44.111124" lon="4.671924">
        <ele>41.75</ele>
        <extensions>
          <gpxtpx:TrackPointExtension>
            <gpxtpx:Extensions>
              <reversedirection>yes</reversedirection>
              <highway>residential</highway>
            </gpxtpx:Extensions>
          </gpxtpx:TrackPointExtension>
        </extensions>
      </trkpt>
      <trkpt lat="44.111129" lon="4.671988">
        <ele>41.75</ele>
        <extensions>
          <gpxtpx:TrackPointExtension>
            <gpxtpx:Extensions>
              <reversedirection>yes</reversedirection>
              <highway>residential</highway>
            </gpxtpx:Extensions>
          </gpxtpx:TrackPointExtension>
        </extensions>
      </trkpt>
      <trkpt lat="44.111164" lon="4.672435">
        <ele>41.75</ele>
        <extensions>
          <gpxtpx:TrackPointExtension>
            <gpxtpx:Extensions>
              <reversedirection>yes</reversedirection>
              <highway>residential</highway>
            </gpxtpx:Extensions>
          </gpxtpx:TrackPointExtension>
        </extensions>
      </trkpt>
      <trkpt lat="44.111193" lon="4.672719">
        <ele>41.75</ele>
        <extensions>
          <gpxtpx:TrackPointExtension>
            <gpxtpx:Extensions>
              <reversedirection>yes</reversedirection>
              <highway>residential</highway>
            </gpxtpx:Extensions>
          </gpxtpx:TrackPointExtension>
        </extensions>
      </trkpt>
      <trkpt lat="44.111269" lon="4.6733">
        <ele>41.25</ele>
        <extensions>
          <gpxtpx:TrackPointExtension>
            <gpxtpx:Extensions>
              <reversedirection>yes</reversedirection>
              <highway>residential</highway>
            </gpxtpx:Extensions>
          </gpxtpx:TrackPointExtension>
        </extensions>
      </trkpt>
      <trkpt lat="44.111279" lon="4.673827">
        <ele>40.75</ele>
        <extensions>
          <gpxtpx:TrackPointExtension>
            <gpxtpx:Extensions>
              <reversedirection>yes</reversedirection>
              <highway>residential</highway>
            </gpxtpx:Extensions>
          </gpxtpx:TrackPointExtension>
        </extensions>
      </trkpt>
      <trkpt lat="44.111338" lon="4.674581">
        <ele>40.75</ele>
        <extensions>
          <gpxtpx:TrackPointExtension>
            <gpxtpx:Extensions>
              <reversedirection>yes</reversedirection>
              <highway>residential</highway>
            </gpxtpx:Extensions>
          </gpxtpx:TrackPointExtension>
        </extensions>
      </trkpt>
      <trkpt lat="44.111427" lon="4.676658">
        <ele>39.25</ele>
        <extensions>
          <gpxtpx:TrackPointExtension>
            <gpxtpx:Extensions>
              <reversedirection>yes</reversedirection>
              <highway>residential</highway>
            </gpxtpx:Extensions>
          </gpxtpx:TrackPointExtension>
        </extensions>
      </trkpt>
      <trkpt lat="44.111483" lon="4.67742">
        <ele>38</ele>
        <extensions>
          <gpxtpx:TrackPointExtension>
            <gpxtpx:Extensions>
              <reversedirection>yes</reversedirection>
              <highway>residential</highway>
            </gpxtpx:Extensions>
          </gpxtpx:TrackPointExtension>
        </extensions>
      </trkpt>
      <trkpt lat="44.111507" lon="4.677987">
        <ele>37.5</ele>
        <extensions>
          <gpxtpx:TrackPointExtension>
            <gpxtpx:Extensions>
              <reversedirection>yes</reversedirection>
              <highway>residential</highway>
            </gpxtpx:Extensions>
          </gpxtpx:TrackPointExtension>
        </extensions>
      </trkpt>
      <trkpt lat="44.111547" lon="4.679521">
        <ele>38.25</ele>
        <extensions>
          <gpxtpx:TrackPointExtension>
            <gpxtpx:Extensions>
              <reversedirection>yes</reversedirection>
              <highway>residential</highway>
            </gpxtpx:Extensions>
          </gpxtpx:TrackPointExtension>
        </extensions>
      </trkpt>
      <trkpt lat="44.111572" lon="4.679873">
        <ele>38.5</ele>
        <extensions>
          <gpxtpx:TrackPointExtension>
            <gpxtpx:Extensions>
              <reversedirection>yes</reversedirection>
              <highway>residential</highway>
            </gpxtpx:Extensions>
          </gpxtpx:TrackPointExtension>
        </extensions>
      </trkpt>
      <trkpt lat="44.11167" lon="4.680306">
        <ele>38.25</ele>
        <extensions>
          <gpxtpx:TrackPointExtension>
            <gpxtpx:Extensions>
              <reversedirection>yes</reversedirection>
              <highway>residential</highway>
            </gpxtpx:Extensions>
          </gpxtpx:TrackPointExtension>
        </extensions>
      </trkpt>
      <trkpt lat="44.111767" lon="4.680889">
        <ele>36.75</ele>
        <extensions>
          <gpxtpx:TrackPointExtension>
            <gpxtpx:Extensions>
              <reversedirection>yes</reversedirection>
              <highway>residential</highway>
            </gpxtpx:Extensions>
          </gpxtpx:TrackPointExtension>
        </extensions>
      </trkpt>
      <trkpt lat="44.111824" lon="4.681056">
        <ele>36.75</ele>
        <extensions>
          <gpxtpx:TrackPointExtension>
            <gpxtpx:Extensions>
              <reversedirection>yes</reversedirection>
              <highway>residential</highway>
            </gpxtpx:Extensions>
          </gpxtpx:TrackPointExtension>
        </extensions>
      </trkpt>
      <trkpt lat="44.111867" lon="4.681159">
        <ele>36.75</ele>
        <extensions>
          <gpxtpx:TrackPointExtension>
            <gpxtpx:Extensions>
              <reversedirection>yes</reversedirection>
              <highway>residential</highway>
            </gpxtpx:Extensions>
          </gpxtpx:TrackPointExtension>
        </extensions>
      </trkpt>
      <trkpt lat="44.112051" lon="4.68158">
        <ele>36.5</ele>
        <extensions>
          <gpxtpx:TrackPointExtension>
            <gpxtpx:Extensions>
              <reversedirection>yes</reversedirection>
              <highway>residential</highway>
            </gpxtpx:Extensions>
          </gpxtpx:TrackPointExtension>
        </extensions>
      </trkpt>
      <trkpt lat="44.112225" lon="4.681915">
        <ele>36.25</ele>
        <extensions>
          <gpxtpx:TrackPointExtension>
            <gpxtpx:Extensions>
              <reversedirection>yes</reversedirection>
              <highway>residential</highway>
            </gpxtpx:Extensions>
          </gpxtpx:TrackPointExtension>
        </extensions>
      </trkpt>
      <trkpt lat="44.112385" lon="4.682176">
        <ele>36</ele>
        <extensions>
          <gpxtpx:TrackPointExtension>
            <gpxtpx:Extensions>
              <reversedirection>yes</reversedirection>
              <highway>residential</highway>
            </gpxtpx:Extensions>
          </gpxtpx:TrackPointExtension>
        </extensions>
      </trkpt>
      <trkpt lat="44.112549" lon="4.682386">
        <ele>36</ele>
        <extensions>
          <gpxtpx:TrackPointExtension>
            <gpxtpx:Extensions>
              <reversedirection>yes</reversedirection>
              <highway>residential</highway>
            </gpxtpx:Extensions>
          </gpxtpx:TrackPointExtension>
        </extensions>
      </trkpt>
      <trkpt lat="44.113037" lon="4.682847">
        <ele>36.5</ele>
        <extensions>
          <gpxtpx:TrackPointExtension>
            <gpxtpx:Extensions>
              <reversedirection>yes</reversedirection>
              <highway>residential</highway>
            </gpxtpx:Extensions>
          </gpxtpx:TrackPointExtension>
        </extensions>
      </trkpt>
      <trkpt lat="44.113174" lon="4.682977">
        <ele>36.5</ele>
        <extensions>
          <gpxtpx:TrackPointExtension>
            <gpxtpx:Extensions>
              <reversedirection>yes</reversedirection>
              <highway>residential</highway>
            </gpxtpx:Extensions>
          </gpxtpx:TrackPointExtension>
        </extensions>
      </trkpt>
      <trkpt lat="44.113436" lon="4.683171">
        <ele>36.25</ele>
        <extensions>
          <gpxtpx:TrackPointExtension>
            <gpxtpx:Extensions>
              <reversedirection>yes</reversedirection>
              <highway>residential</highway>
            </gpxtpx:Extensions>
          </gpxtpx:TrackPointExtension>
        </extensions>
      </trkpt>
      <trkpt lat="44.11364" lon="4.683309">
        <ele>35.5</ele>
        <extensions>
          <gpxtpx:TrackPointExtension>
            <gpxtpx:Extensions>
              <reversedirection>yes</reversedirection>
              <highway>residential</highway>
            </gpxtpx:Extensions>
          </gpxtpx:TrackPointExtension>
        </extensions>
      </trkpt>
      <trkpt lat="44.113823" lon="4.683397">
        <ele>35.25</ele>
        <extensions>
          <gpxtpx:TrackPointExtension>
            <gpxtpx:Extensions>
              <reversedirection>yes</reversedirection>
              <highway>residential</highway>
            </gpxtpx:Extensions>
          </gpxtpx:TrackPointExtension>
        </extensions>
      </trkpt>
      <trkpt lat="44.113858" lon="4.683449">
        <ele>35</ele>
        <extensions>
          <gpxtpx:TrackPointExtension>
            <gpxtpx:Extensions>
              <reversedirection>yes</reversedirection>
              <highway>residential</highway>
            </gpxtpx:Extensions>
          </gpxtpx:TrackPointExtension>
        </extensions>
      </trkpt>
      <trkpt lat="44.113989" lon="4.683608">
        <ele>34.5</ele>
        <extensions>
          <gpxtpx:TrackPointExtension>
            <gpxtpx:Extensions>
              <reversedirection>yes</reversedirection>
              <highway>residential</highway>
            </gpxtpx:Extensions>
          </gpxtpx:TrackPointExtension>
        </extensions>
      </trkpt>
      <trkpt lat="44.114488" lon="4.684078">
        <ele>34.5</ele>
        <extensions>
          <gpxtpx:TrackPointExtension>
            <gpxtpx:Extensions>
              <reversedirection>yes</reversedirection>
              <highway>residential</highway>
            </gpxtpx:Extensions>
          </gpxtpx:TrackPointExtension>
        </extensions>
      </trkpt>
      <trkpt lat="44.114615" lon="4.684254">
        <ele>34.25</ele>
        <extensions>
          <gpxtpx:TrackPointExtension>
            <gpxtpx:Extensions>
              <reversedirection>yes</reversedirection>
              <highway>residential</highway>
            </gpxtpx:Extensions>
          </gpxtpx:TrackPointExtension>
        </extensions>
      </trkpt>
      <trkpt lat="44.114755" lon="4.684505">
        <ele>34.5</ele>
        <extensions>
          <gpxtpx:TrackPointExtension>
            <gpxtpx:Extensions>
              <reversedirection>yes</reversedirection>
              <highway>residential</highway>
            </gpxtpx:Extensions>
          </gpxtpx:TrackPointExtension>
        </extensions>
      </trkpt>
      <trkpt lat="44.114815" lon="4.684665">
        <ele>34.5</ele>
        <extensions>
          <gpxtpx:TrackPointExtension>
            <gpxtpx:Extensions>
              <reversedirection>yes</reversedirection>
              <highway>residential</highway>
            </gpxtpx:Extensions>
          </gpxtpx:TrackPointExtension>
        </extensions>
      </trkpt>
      <trkpt lat="44.114852" lon="4.684833">
        <ele>34.5</ele>
        <extensions>
          <gpxtpx:TrackPointExtension>
            <gpxtpx:Extensions>
              <reversedirection>yes</reversedirection>
              <highway>residential</highway>
            </gpxtpx:Extensions>
          </gpxtpx:TrackPointExtension>
        </extensions>
      </trkpt>
      <trkpt lat="44.114868" lon="4.684996">
        <ele>34.5</ele>
        <extensions>
          <gpxtpx:TrackPointExtension>
            <gpxtpx:Extensions>
              <reversedirection>yes</reversedirection>
              <highway>residential</highway>
            </gpxtpx:Extensions>
          </gpxtpx:TrackPointExtension>
        </extensions>
      </trkpt>
      <trkpt lat="44.11486" lon="4.685355">
        <ele>34.75</ele>
        <extensions>
          <gpxtpx:TrackPointExtension>
            <gpxtpx:Extensions>
              <reversedirection>yes</reversedirection>
              <highway>residential</highway>
            </gpxtpx:Extensions>
          </gpxtpx:TrackPointExtension>
        </extensions>
      </trkpt>
      <trkpt lat="44.11488" lon="4.685559">
        <ele>35</ele>
        <extensions>
          <gpxtpx:TrackPointExtension>
            <gpxtpx:Extensions>
              <reversedirection>yes</reversedirection>
              <highway>residential</highway>
            </gpxtpx:Extensions>
          </gpxtpx:TrackPointExtension>
        </extensions>
      </trkpt>
      <trkpt lat="44.114919" lon="4.685773">
        <ele>35</ele>
        <extensions>
          <gpxtpx:TrackPointExtension>
            <gpxtpx:Extensions>
              <reversedirection>yes</reversedirection>
              <highway>residential</highway>
            </gpxtpx:Extensions>
          </gpxtpx:TrackPointExtension>
        </extensions>
      </trkpt>
      <trkpt lat="44.115006" lon="4.686022">
        <ele>35</ele>
        <extensions>
          <gpxtpx:TrackPointExtension>
            <gpxtpx:Extensions>
              <reversedirection>yes</reversedirection>
              <highway>residential</highway>
            </gpxtpx:Extensions>
          </gpxtpx:TrackPointExtension>
        </extensions>
      </trkpt>
      <trkpt lat="44.115199" lon="4.686351">
        <ele>35</ele>
        <extensions>
          <gpxtpx:TrackPointExtension>
            <gpxtpx:Extensions>
              <reversedirection>yes</reversedirection>
              <highway>residential</highway>
            </gpxtpx:Extensions>
          </gpxtpx:TrackPointExtension>
        </extensions>
      </trkpt>
      <trkpt lat="44.115272" lon="4.686546">
        <ele>35</ele>
        <extensions>
          <gpxtpx:TrackPointExtension>
            <gpxtpx:Extensions>
              <reversedirection>yes</reversedirection>
              <highway>residential</highway>
            </gpxtpx:Extensions>
          </gpxtpx:TrackPointExtension>
        </extensions>
      </trkpt>
      <trkpt lat="44.115285" lon="4.686587">
        <ele>35</ele>
        <extensions>
          <gpxtpx:TrackPointExtension>
            <gpxtpx:Extensions>
              <reversedirection>yes</reversedirection>
              <highway>residential</highway>
            </gpxtpx:Extensions>
          </gpxtpx:TrackPointExtension>
        </extensions>
      </trkpt>
      <trkpt lat="44.11534" lon="4.686782">
        <ele>35</ele>
        <extensions>
          <gpxtpx:TrackPointExtension>
            <gpxtpx:Extensions>
              <reversedirection>yes</reversedirection>
              <highway>residential</highway>
            </gpxtpx:Extensions>
          </gpxtpx:TrackPointExtension>
        </extensions>
      </trkpt>
      <trkpt lat="44.115463" lon="4.687227">
        <ele>35.5</ele>
        <extensions>
          <gpxtpx:TrackPointExtension>
            <gpxtpx:Extensions>
              <reversedirection>yes</reversedirection>
              <highway>residential</highway>
            </gpxtpx:Extensions>
          </gpxtpx:TrackPointExtension>
        </extensions>
      </trkpt>
      <trkpt lat="44.115517" lon="4.687349">
        <ele>35.5</ele>
        <extensions>
          <gpxtpx:TrackPointExtension>
            <gpxtpx:Extensions>
              <reversedirection>yes</reversedirection>
              <highway>residential</highway>
            </gpxtpx:Extensions>
          </gpxtpx:TrackPointExtension>
        </extensions>
      </trkpt>
      <trkpt lat="44.115625" lon="4.687529">
        <ele>35.25</ele>
        <extensions>
          <gpxtpx:TrackPointExtension>
            <gpxtpx:Extensions>
              <reversedirection>yes</reversedirection>
              <highway>residential</highway>
            </gpxtpx:Extensions>
          </gpxtpx:TrackPointExtension>
        </extensions>
      </trkpt>
      <trkpt lat="44.115881" lon="4.687896">
        <ele>33.5</ele>
        <extensions>
          <gpxtpx:TrackPointExtension>
            <gpxtpx:Extensions>
              <reversedirection>yes</reversedirection>
              <highway>residential</highway>
            </gpxtpx:Extensions>
          </gpxtpx:TrackPointExtension>
        </extensions>
      </trkpt>
      <trkpt lat="44.115975" lon="4.688082">
        <ele>32.75</ele>
        <extensions>
          <gpxtpx:TrackPointExtension>
            <gpxtpx:Extensions>
              <reversedirection>yes</reversedirection>
              <highway>residential</highway>
            </gpxtpx:Extensions>
          </gpxtpx:TrackPointExtension>
        </extensions>
      </trkpt>
      <trkpt lat="44.116028" lon="4.688231">
        <ele>32.5</ele>
        <extensions>
          <gpxtpx:TrackPointExtension>
            <gpxtpx:Extensions>
              <reversedirection>yes</reversedirection>
              <highway>residential</highway>
            </gpxtpx:Extensions>
          </gpxtpx:TrackPointExtension>
        </extensions>
      </trkpt>
      <trkpt lat="44.116295" lon="4.688045">
        <ele>33</ele>
        <extensions>
          <gpxtpx:TrackPointExtension>
            <gpxtpx:Extensions>
              <reversedirection>yes</reversedirection>
              <highway>primary</highway>
              <surface>asphalt</surface>
              <oneway>no</oneway>
            </gpxtpx:Extensions>
          </gpxtpx:TrackPointExtension>
        </extensions>
      </trkpt>
      <trkpt lat="44.11662" lon="4.687837">
        <ele>33.5</ele>
        <extensions>
          <gpxtpx:TrackPointExtension>
            <gpxtpx:Extensions>
              <reversedirection>yes</reversedirection>
              <highway>primary</highway>
              <surface>asphalt</surface>
              <oneway>no</oneway>
            </gpxtpx:Extensions>
          </gpxtpx:TrackPointExtension>
        </extensions>
      </trkpt>
      <trkpt lat="44.117204" lon="4.68751">
        <ele>33.75</ele>
        <extensions>
          <gpxtpx:TrackPointExtension>
            <gpxtpx:Extensions>
              <reversedirection>yes</reversedirection>
              <highway>primary</highway>
              <surface>asphalt</surface>
              <oneway>no</oneway>
            </gpxtpx:Extensions>
          </gpxtpx:TrackPointExtension>
        </extensions>
      </trkpt>
      <trkpt lat="44.117388" lon="4.687415">
        <ele>33.75</ele>
        <extensions>
          <gpxtpx:TrackPointExtension>
            <gpxtpx:Extensions>
              <reversedirection>yes</reversedirection>
              <highway>primary</highway>
              <surface>asphalt</surface>
              <oneway>no</oneway>
            </gpxtpx:Extensions>
          </gpxtpx:TrackPointExtension>
        </extensions>
      </trkpt>
      <trkpt lat="44.117543" lon="4.687345">
        <ele>33.75</ele>
        <extensions>
          <gpxtpx:TrackPointExtension>
            <gpxtpx:Extensions>
              <reversedirection>yes</reversedirection>
              <highway>primary</highway>
              <surface>asphalt</surface>
              <oneway>no</oneway>
            </gpxtpx:Extensions>
          </gpxtpx:TrackPointExtension>
        </extensions>
      </trkpt>
      <trkpt lat="44.117712" lon="4.687286">
        <ele>33.75</ele>
        <extensions>
          <gpxtpx:TrackPointExtension>
            <gpxtpx:Extensions>
              <reversedirection>yes</reversedirection>
              <highway>primary</highway>
              <surface>asphalt</surface>
              <oneway>no</oneway>
            </gpxtpx:Extensions>
          </gpxtpx:TrackPointExtension>
        </extensions>
      </trkpt>
      <trkpt lat="44.118315" lon="4.687125">
        <ele>33.75</ele>
        <extensions>
          <gpxtpx:TrackPointExtension>
            <gpxtpx:Extensions>
              <reversedirection>yes</reversedirection>
              <highway>primary</highway>
              <surface>asphalt</surface>
              <oneway>no</oneway>
            </gpxtpx:Extensions>
          </gpxtpx:TrackPointExtension>
        </extensions>
      </trkpt>
      <trkpt lat="44.118359" lon="4.687109">
        <ele>34</ele>
        <extensions>
          <gpxtpx:TrackPointExtension>
            <gpxtpx:Extensions>
              <reversedirection>yes</reversedirection>
              <highway>primary</highway>
              <surface>asphalt</surface>
              <oneway>no</oneway>
            </gpxtpx:Extensions>
          </gpxtpx:TrackPointExtension>
        </extensions>
      </trkpt>
      <trkpt lat="44.118635" lon="4.687002">
        <ele>34.5</ele>
        <extensions>
          <gpxtpx:TrackPointExtension>
            <gpxtpx:Extensions>
              <reversedirection>yes</reversedirection>
              <highway>primary</highway>
              <surface>asphalt</surface>
              <oneway>no</oneway>
            </gpxtpx:Extensions>
          </gpxtpx:TrackPointExtension>
        </extensions>
      </trkpt>
      <trkpt lat="44.119329" lon="4.686606">
        <ele>35.75</ele>
        <extensions>
          <gpxtpx:TrackPointExtension>
            <gpxtpx:Extensions>
              <reversedirection>yes</reversedirection>
              <highway>primary</highway>
              <surface>asphalt</surface>
              <oneway>no</oneway>
            </gpxtpx:Extensions>
          </gpxtpx:TrackPointExtension>
        </extensions>
      </trkpt>
      <trkpt lat="44.119674" lon="4.686409">
        <ele>35.75</ele>
        <extensions>
          <gpxtpx:TrackPointExtension>
            <gpxtpx:Extensions>
              <reversedirection>yes</reversedirection>
              <highway>primary</highway>
              <surface>asphalt</surface>
              <oneway>no</oneway>
            </gpxtpx:Extensions>
          </gpxtpx:TrackPointExtension>
        </extensions>
      </trkpt>
      <trkpt lat="44.119833" lon="4.686332">
        <ele>35.5</ele>
        <extensions>
          <gpxtpx:TrackPointExtension>
            <gpxtpx:Extensions>
              <reversedirection>yes</reversedirection>
              <highway>primary</highway>
              <surface>asphalt</surface>
              <oneway>no</oneway>
            </gpxtpx:Extensions>
          </gpxtpx:TrackPointExtension>
        </extensions>
      </trkpt>
      <trkpt lat="44.119927" lon="4.686276">
        <ele>35.5</ele>
        <extensions>
          <gpxtpx:TrackPointExtension>
            <gpxtpx:Extensions>
              <reversedirection>yes</reversedirection>
              <highway>primary</highway>
              <surface>asphalt</surface>
              <oneway>no</oneway>
            </gpxtpx:Extensions>
          </gpxtpx:TrackPointExtension>
        </extensions>
      </trkpt>
      <trkpt lat="44.120156" lon="4.686115">
        <ele>35</ele>
        <extensions>
          <gpxtpx:TrackPointExtension>
            <gpxtpx:Extensions>
              <reversedirection>yes</reversedirection>
              <highway>primary</highway>
              <surface>asphalt</surface>
              <oneway>no</oneway>
            </gpxtpx:Extensions>
          </gpxtpx:TrackPointExtension>
        </extensions>
      </trkpt>
      <trkpt lat="44.120341" lon="4.685956">
        <ele>34.5</ele>
        <extensions>
          <gpxtpx:TrackPointExtension>
            <gpxtpx:Extensions>
              <reversedirection>yes</reversedirection>
              <highway>primary</highway>
              <surface>asphalt</surface>
              <oneway>no</oneway>
            </gpxtpx:Extensions>
          </gpxtpx:TrackPointExtension>
        </extensions>
      </trkpt>
      <trkpt lat="44.120572" lon="4.685689">
        <ele>34.5</ele>
        <extensions>
          <gpxtpx:TrackPointExtension>
            <gpxtpx:Extensions>
              <highway>primary</highway>
              <surface>asphalt</surface>
              <oneway>yes</oneway>
            </gpxtpx:Extensions>
          </gpxtpx:TrackPointExtension>
        </extensions>
      </trkpt>
      <trkpt lat="44.121246" lon="4.684977">
        <ele>36.75</ele>
        <extensions>
          <gpxtpx:TrackPointExtension>
            <gpxtpx:Extensions>
              <highway>primary</highway>
              <surface>asphalt</surface>
              <oneway>yes</oneway>
            </gpxtpx:Extensions>
          </gpxtpx:TrackPointExtension>
        </extensions>
      </trkpt>
      <trkpt lat="44.121327" lon="4.684884">
        <ele>37</ele>
        <extensions>
          <gpxtpx:TrackPointExtension>
            <gpxtpx:Extensions>
              <highway>primary</highway>
              <surface>asphalt</surface>
              <oneway>yes</oneway>
            </gpxtpx:Extensions>
          </gpxtpx:TrackPointExtension>
        </extensions>
      </trkpt>
      <trkpt lat="44.121407" lon="4.68492">
        <ele>37</ele>
        <extensions>
          <gpxtpx:TrackPointExtension>
            <gpxtpx:Extensions>
              <highway>tertiary</highway>
              <surface>asphalt</surface>
              <oneway>yes</oneway>
            </gpxtpx:Extensions>
          </gpxtpx:TrackPointExtension>
        </extensions>
      </trkpt>
      <trkpt lat="44.121497" lon="4.685075">
        <ele>37.5</ele>
        <extensions>
          <gpxtpx:TrackPointExtension>
            <gpxtpx:Extensions>
              <highway>tertiary</highway>
              <surface>asphalt</surface>
              <oneway>yes</oneway>
            </gpxtpx:Extensions>
          </gpxtpx:TrackPointExtension>
        </extensions>
      </trkpt>
      <trkpt lat="44.121511" lon="4.685167">
        <ele>37.5</ele>
        <extensions>
          <gpxtpx:TrackPointExtension>
            <gpxtpx:Extensions>
              <highway>tertiary</highway>
              <surface>asphalt</surface>
              <oneway>yes</oneway>
            </gpxtpx:Extensions>
          </gpxtpx:TrackPointExtension>
        </extensions>
      </trkpt>
      <trkpt lat="44.121548" lon="4.68533">
        <ele>37.5</ele>
        <extensions>
          <gpxtpx:TrackPointExtension>
            <gpxtpx:Extensions>
              <highway>tertiary</highway>
              <surface>asphalt</surface>
              <oneway>yes</oneway>
            </gpxtpx:Extensions>
          </gpxtpx:TrackPointExtension>
        </extensions>
      </trkpt>
      <trkpt lat="44.121676" lon="4.685868">
        <ele>37.75</ele>
        <extensions>
          <gpxtpx:TrackPointExtension>
            <gpxtpx:Extensions>
              <reversedirection>yes</reversedirection>
              <highway>tertiary</highway>
              <surface>asphalt</surface>
              <oneway>no</oneway>
            </gpxtpx:Extensions>
          </gpxtpx:TrackPointExtension>
        </extensions>
      </trkpt>
      <trkpt lat="44.121826" lon="4.686548">
        <ele>34.5</ele>
        <extensions>
          <gpxtpx:TrackPointExtension>
            <gpxtpx:Extensions>
              <reversedirection>yes</reversedirection>
              <highway>tertiary</highway>
              <surface>asphalt</surface>
              <oneway>no</oneway>
            </gpxtpx:Extensions>
          </gpxtpx:TrackPointExtension>
        </extensions>
      </trkpt>
      <trkpt lat="44.121863" lon="4.686672">
        <ele>34</ele>
        <extensions>
          <gpxtpx:TrackPointExtension>
            <gpxtpx:Extensions>
              <reversedirection>yes</reversedirection>
              <highway>tertiary</highway>
              <surface>asphalt</surface>
              <oneway>no</oneway>
            </gpxtpx:Extensions>
          </gpxtpx:TrackPointExtension>
        </extensions>
      </trkpt>
      <trkpt lat="44.121887" lon="4.686724">
        <ele>33.75</ele>
        <extensions>
          <gpxtpx:TrackPointExtension>
            <gpxtpx:Extensions>
              <reversedirection>yes</reversedirection>
              <highway>tertiary</highway>
              <surface>asphalt</surface>
              <oneway>no</oneway>
            </gpxtpx:Extensions>
          </gpxtpx:TrackPointExtension>
        </extensions>
      </trkpt>
      <trkpt lat="44.121959" lon="4.686824">
        <ele>33.5</ele>
        <extensions>
          <gpxtpx:TrackPointExtension>
            <gpxtpx:Extensions>
              <reversedirection>yes</reversedirection>
              <highway>tertiary</highway>
              <surface>asphalt</surface>
              <oneway>no</oneway>
            </gpxtpx:Extensions>
          </gpxtpx:TrackPointExtension>
        </extensions>
      </trkpt>
      <trkpt lat="44.12212" lon="4.686931">
        <ele>32.75</ele>
        <extensions>
          <gpxtpx:TrackPointExtension>
            <gpxtpx:Extensions>
              <reversedirection>yes</reversedirection>
              <highway>tertiary</highway>
              <surface>asphalt</surface>
              <oneway>no</oneway>
            </gpxtpx:Extensions>
          </gpxtpx:TrackPointExtension>
        </extensions>
      </trkpt>
      <trkpt lat="44.122404" lon="4.687116">
        <ele>31.75</ele>
        <extensions>
          <gpxtpx:TrackPointExtension>
            <gpxtpx:Extensions>
              <highway>tertiary</highway>
            </gpxtpx:Extensions>
          </gpxtpx:TrackPointExtension>
        </extensions>
      </trkpt>
      <trkpt lat="44.122532" lon="4.687188">
        <ele>31.5</ele>
        <extensions>
          <gpxtpx:TrackPointExtension>
            <gpxtpx:Extensions>
              <highway>tertiary</highway>
            </gpxtpx:Extensions>
          </gpxtpx:TrackPointExtension>
        </extensions>
      </trkpt>
      <trkpt lat="44.122589" lon="4.687246">
        <ele>31.25</ele>
        <extensions>
          <gpxtpx:TrackPointExtension>
            <gpxtpx:Extensions>
              <highway>tertiary</highway>
            </gpxtpx:Extensions>
          </gpxtpx:TrackPointExtension>
        </extensions>
      </trkpt>
      <trkpt lat="44.122601" lon="4.687329">
        <ele>31.25</ele>
        <extensions>
          <gpxtpx:TrackPointExtension>
            <gpxtpx:Extensions>
              <highway>tertiary</highway>
            </gpxtpx:Extensions>
          </gpxtpx:TrackPointExtension>
        </extensions>
      </trkpt>
      <trkpt lat="44.122559" lon="4.687498">
        <ele>31.75</ele>
        <extensions>
          <gpxtpx:TrackPointExtension>
            <gpxtpx:Extensions>
              <highway>tertiary</highway>
            </gpxtpx:Extensions>
          </gpxtpx:TrackPointExtension>
        </extensions>
      </trkpt>
      <trkpt lat="44.12229" lon="4.688129">
        <ele>30.5</ele>
        <extensions>
          <gpxtpx:TrackPointExtension>
            <gpxtpx:Extensions>
              <highway>tertiary</highway>
            </gpxtpx:Extensions>
          </gpxtpx:TrackPointExtension>
        </extensions>
      </trkpt>
      <trkpt lat="44.122031" lon="4.688807">
        <ele>30.75</ele>
        <extensions>
          <gpxtpx:TrackPointExtension>
            <gpxtpx:Extensions>
              <highway>tertiary</highway>
            </gpxtpx:Extensions>
          </gpxtpx:TrackPointExtension>
        </extensions>
      </trkpt>
      <trkpt lat="44.121932" lon="4.689144">
        <ele>31</ele>
        <extensions>
          <gpxtpx:TrackPointExtension>
            <gpxtpx:Extensions>
              <highway>tertiary</highway>
            </gpxtpx:Extensions>
          </gpxtpx:TrackPointExtension>
        </extensions>
      </trkpt>
      <trkpt lat="44.121848" lon="4.689499">
        <ele>31.5</ele>
        <extensions>
          <gpxtpx:TrackPointExtension>
            <gpxtpx:Extensions>
              <highway>tertiary</highway>
            </gpxtpx:Extensions>
          </gpxtpx:TrackPointExtension>
        </extensions>
      </trkpt>
      <trkpt lat="44.121742" lon="4.689816">
        <ele>32.5</ele>
        <extensions>
          <gpxtpx:TrackPointExtension>
            <gpxtpx:Extensions>
              <highway>tertiary</highway>
            </gpxtpx:Extensions>
          </gpxtpx:TrackPointExtension>
        </extensions>
      </trkpt>
      <trkpt lat="44.121639" lon="4.690153">
        <ele>33.25</ele>
        <extensions>
          <gpxtpx:TrackPointExtension>
            <gpxtpx:Extensions>
              <highway>tertiary</highway>
            </gpxtpx:Extensions>
          </gpxtpx:TrackPointExtension>
        </extensions>
      </trkpt>
      <trkpt lat="44.121606" lon="4.690302">
        <ele>33.5</ele>
        <extensions>
          <gpxtpx:TrackPointExtension>
            <gpxtpx:Extensions>
              <highway>tertiary</highway>
            </gpxtpx:Extensions>
          </gpxtpx:TrackPointExtension>
        </extensions>
      </trkpt>
      <trkpt lat="44.121594" lon="4.690557">
        <ele>34.25</ele>
        <extensions>
          <gpxtpx:TrackPointExtension>
            <gpxtpx:Extensions>
              <highway>tertiary</highway>
            </gpxtpx:Extensions>
          </gpxtpx:TrackPointExtension>
        </extensions>
      </trkpt>
      <trkpt lat="44.121613" lon="4.690692">
        <ele>34.5</ele>
        <extensions>
          <gpxtpx:TrackPointExtension>
            <gpxtpx:Extensions>
              <highway>tertiary</highway>
            </gpxtpx:Extensions>
          </gpxtpx:TrackPointExtension>
        </extensions>
      </trkpt>
      <trkpt lat="44.121643" lon="4.690815">
        <ele>34.75</ele>
        <extensions>
          <gpxtpx:TrackPointExtension>
            <gpxtpx:Extensions>
              <highway>tertiary</highway>
            </gpxtpx:Extensions>
          </gpxtpx:TrackPointExtension>
        </extensions>
      </trkpt>
      <trkpt lat="44.121688" lon="4.69093">
        <ele>34.5</ele>
        <extensions>
          <gpxtpx:TrackPointExtension>
            <gpxtpx:Extensions>
              <highway>tertiary</highway>
            </gpxtpx:Extensions>
          </gpxtpx:TrackPointExtension>
        </extensions>
      </trkpt>
      <trkpt lat="44.121814" lon="4.691159">
        <ele>34</ele>
        <extensions>
          <gpxtpx:TrackPointExtension>
            <gpxtpx:Extensions>
              <highway>tertiary</highway>
            </gpxtpx:Extensions>
          </gpxtpx:TrackPointExtension>
        </extensions>
      </trkpt>
      <trkpt lat="44.122023" lon="4.691437">
        <ele>33.5</ele>
        <extensions>
          <gpxtpx:TrackPointExtension>
            <gpxtpx:Extensions>
              <highway>tertiary</highway>
            </gpxtpx:Extensions>
          </gpxtpx:TrackPointExtension>
        </extensions>
      </trkpt>
      <trkpt lat="44.122074" lon="4.691518">
        <ele>33.5</ele>
        <extensions>
          <gpxtpx:TrackPointExtension>
            <gpxtpx:Extensions>
              <highway>tertiary</highway>
            </gpxtpx:Extensions>
          </gpxtpx:TrackPointExtension>
        </extensions>
      </trkpt>
      <trkpt lat="44.122101" lon="4.691571">
        <ele>33.5</ele>
        <extensions>
          <gpxtpx:TrackPointExtension>
            <gpxtpx:Extensions>
              <highway>tertiary</highway>
            </gpxtpx:Extensions>
          </gpxtpx:TrackPointExtension>
        </extensions>
      </trkpt>
      <trkpt lat="44.122138" lon="4.691656">
        <ele>33.5</ele>
        <extensions>
          <gpxtpx:TrackPointExtension>
            <gpxtpx:Extensions>
              <highway>tertiary</highway>
            </gpxtpx:Extensions>
          </gpxtpx:TrackPointExtension>
        </extensions>
      </trkpt>
      <trkpt lat="44.122197" lon="4.691851">
        <ele>33</ele>
        <extensions>
          <gpxtpx:TrackPointExtension>
            <gpxtpx:Extensions>
              <highway>tertiary</highway>
            </gpxtpx:Extensions>
          </gpxtpx:TrackPointExtension>
        </extensions>
      </trkpt>
      <trkpt lat="44.12237" lon="4.692654">
        <ele>32</ele>
        <extensions>
          <gpxtpx:TrackPointExtension>
            <gpxtpx:Extensions>
              <highway>tertiary</highway>
            </gpxtpx:Extensions>
          </gpxtpx:TrackPointExtension>
        </extensions>
      </trkpt>
      <trkpt lat="44.1225" lon="4.693331">
        <ele>32.75</ele>
        <extensions>
          <gpxtpx:TrackPointExtension>
            <gpxtpx:Extensions>
              <highway>tertiary</highway>
            </gpxtpx:Extensions>
          </gpxtpx:TrackPointExtension>
        </extensions>
      </trkpt>
      <trkpt lat="44.12257" lon="4.693749">
        <ele>33</ele>
        <extensions>
          <gpxtpx:TrackPointExtension>
            <gpxtpx:Extensions>
              <highway>tertiary</highway>
            </gpxtpx:Extensions>
          </gpxtpx:TrackPointExtension>
        </extensions>
      </trkpt>
      <trkpt lat="44.122596" lon="4.693979">
        <ele>33</ele>
        <extensions>
          <gpxtpx:TrackPointExtension>
            <gpxtpx:Extensions>
              <highway>tertiary</highway>
            </gpxtpx:Extensions>
          </gpxtpx:TrackPointExtension>
        </extensions>
      </trkpt>
      <trkpt lat="44.122613" lon="4.694351">
        <ele>32.75</ele>
        <extensions>
          <gpxtpx:TrackPointExtension>
            <gpxtpx:Extensions>
              <highway>tertiary</highway>
            </gpxtpx:Extensions>
          </gpxtpx:TrackPointExtension>
        </extensions>
      </trkpt>
      <trkpt lat="44.122638" lon="4.694945">
        <ele>32.75</ele>
        <extensions>
          <gpxtpx:TrackPointExtension>
            <gpxtpx:Extensions>
              <highway>tertiary</highway>
            </gpxtpx:Extensions>
          </gpxtpx:TrackPointExtension>
        </extensions>
      </trkpt>
      <trkpt lat="44.122715" lon="4.695412">
        <ele>32.75</ele>
        <extensions>
          <gpxtpx:TrackPointExtension>
            <gpxtpx:Extensions>
              <highway>tertiary</highway>
              <oneway>yes</oneway>
            </gpxtpx:Extensions>
          </gpxtpx:TrackPointExtension>
        </extensions>
      </trkpt>
      <trkpt lat="44.122789" lon="4.695624">
        <ele>32.75</ele>
        <extensions>
          <gpxtpx:TrackPointExtension>
            <gpxtpx:Extensions>
              <highway>tertiary</highway>
              <oneway>yes</oneway>
            </gpxtpx:Extensions>
          </gpxtpx:TrackPointExtension>
        </extensions>
      </trkpt>
      <trkpt lat="44.122935" lon="4.696021">
        <ele>33</ele>
        <extensions>
          <gpxtpx:TrackPointExtension>
            <gpxtpx:Extensions>
              <highway>tertiary</highway>
              <oneway>yes</oneway>
            </gpxtpx:Extensions>
          </gpxtpx:TrackPointExtension>
        </extensions>
      </trkpt>
      <trkpt lat="44.123151" lon="4.696405">
        <ele>33</ele>
        <extensions>
          <gpxtpx:TrackPointExtension>
            <gpxtpx:Extensions>
              <reversedirection>yes</reversedirection>
              <highway>tertiary</highway>
            </gpxtpx:Extensions>
          </gpxtpx:TrackPointExtension>
        </extensions>
      </trkpt>
      <trkpt lat="44.123237" lon="4.696578">
        <ele>33</ele>
        <extensions>
          <gpxtpx:TrackPointExtension>
            <gpxtpx:Extensions>
              <reversedirection>yes</reversedirection>
              <highway>tertiary</highway>
            </gpxtpx:Extensions>
          </gpxtpx:TrackPointExtension>
        </extensions>
      </trkpt>
      <trkpt lat="44.123497" lon="4.697094">
        <ele>33.5</ele>
        <extensions>
          <gpxtpx:TrackPointExtension>
            <gpxtpx:Extensions>
              <reversedirection>yes</reversedirection>
              <highway>tertiary</highway>
            </gpxtpx:Extensions>
          </gpxtpx:TrackPointExtension>
        </extensions>
      </trkpt>
      <trkpt lat="44.123573" lon="4.697251">
        <ele>33.5</ele>
        <extensions>
          <gpxtpx:TrackPointExtension>
            <gpxtpx:Extensions>
              <reversedirection>yes</reversedirection>
              <highway>tertiary</highway>
            </gpxtpx:Extensions>
          </gpxtpx:TrackPointExtension>
        </extensions>
      </trkpt>
      <trkpt lat="44.123627" lon="4.697362">
        <ele>33.75</ele>
        <extensions>
          <gpxtpx:TrackPointExtension>
            <gpxtpx:Extensions>
              <reversedirection>yes</reversedirection>
              <highway>tertiary</highway>
            </gpxtpx:Extensions>
          </gpxtpx:TrackPointExtension>
        </extensions>
      </trkpt>
      <trkpt lat="44.123767" lon="4.697697">
        <ele>33.75</ele>
        <extensions>
          <gpxtpx:TrackPointExtension>
            <gpxtpx:Extensions>
              <reversedirection>yes</reversedirection>
              <highway>tertiary</highway>
            </gpxtpx:Extensions>
          </gpxtpx:TrackPointExtension>
        </extensions>
      </trkpt>
      <trkpt lat="44.123864" lon="4.697949">
        <ele>33.5</ele>
        <extensions>
          <gpxtpx:TrackPointExtension>
            <gpxtpx:Extensions>
              <reversedirection>yes</reversedirection>
              <highway>tertiary</highway>
            </gpxtpx:Extensions>
          </gpxtpx:TrackPointExtension>
        </extensions>
      </trkpt>
      <trkpt lat="44.123897" lon="4.698036">
        <ele>33.5</ele>
        <extensions>
          <gpxtpx:TrackPointExtension>
            <gpxtpx:Extensions>
              <reversedirection>yes</reversedirection>
              <highway>tertiary</highway>
            </gpxtpx:Extensions>
          </gpxtpx:TrackPointExtension>
        </extensions>
      </trkpt>
      <trkpt lat="44.124041" lon="4.698419">
        <ele>33</ele>
        <extensions>
          <gpxtpx:TrackPointExtension>
            <gpxtpx:Extensions>
              <reversedirection>yes</reversedirection>
              <highway>tertiary</highway>
            </gpxtpx:Extensions>
          </gpxtpx:TrackPointExtension>
        </extensions>
      </trkpt>
      <trkpt lat="44.124154" lon="4.698704">
        <ele>33</ele>
        <extensions>
          <gpxtpx:TrackPointExtension>
            <gpxtpx:Extensions>
              <reversedirection>yes</reversedirection>
              <highway>tertiary</highway>
            </gpxtpx:Extensions>
          </gpxtpx:TrackPointExtension>
        </extensions>
      </trkpt>
      <trkpt lat="44.12426" lon="4.698916">
        <ele>33</ele>
        <extensions>
          <gpxtpx:TrackPointExtension>
            <gpxtpx:Extensions>
              <reversedirection>yes</reversedirection>
              <highway>tertiary</highway>
            </gpxtpx:Extensions>
          </gpxtpx:TrackPointExtension>
        </extensions>
      </trkpt>
      <trkpt lat="44.124364" lon="4.699096">
        <ele>33</ele>
        <extensions>
          <gpxtpx:TrackPointExtension>
            <gpxtpx:Extensions>
              <reversedirection>yes</reversedirection>
              <highway>tertiary</highway>
            </gpxtpx:Extensions>
          </gpxtpx:TrackPointExtension>
        </extensions>
      </trkpt>
      <trkpt lat="44.124564" lon="4.699403">
        <ele>33.25</ele>
        <extensions>
          <gpxtpx:TrackPointExtension>
            <gpxtpx:Extensions>
              <reversedirection>yes</reversedirection>
              <highway>tertiary</highway>
            </gpxtpx:Extensions>
          </gpxtpx:TrackPointExtension>
        </extensions>
      </trkpt>
      <trkpt lat="44.124629" lon="4.699487">
        <ele>33.25</ele>
        <extensions>
          <gpxtpx:TrackPointExtension>
            <gpxtpx:Extensions>
              <reversedirection>yes</reversedirection>
              <highway>tertiary</highway>
            </gpxtpx:Extensions>
          </gpxtpx:TrackPointExtension>
        </extensions>
      </trkpt>
      <trkpt lat="44.124656" lon="4.699525">
        <ele>33.25</ele>
        <extensions>
          <gpxtpx:TrackPointExtension>
            <gpxtpx:Extensions>
              <reversedirection>yes</reversedirection>
              <highway>tertiary</highway>
            </gpxtpx:Extensions>
          </gpxtpx:TrackPointExtension>
        </extensions>
      </trkpt>
      <trkpt lat="44.124673" lon="4.699511">
        <ele>33.25</ele>
        <extensions>
          <gpxtpx:TrackPointExtension>
            <gpxtpx:Extensions>
              <highway>tertiary</highway>
              <junction>roundabout</junction>
            </gpxtpx:Extensions>
          </gpxtpx:TrackPointExtension>
        </extensions>
      </trkpt>
      <trkpt lat="44.124708" lon="4.6995">
        <ele>33.25</ele>
        <extensions>
          <gpxtpx:TrackPointExtension>
            <gpxtpx:Extensions>
              <highway>tertiary</highway>
              <junction>roundabout</junction>
            </gpxtpx:Extensions>
          </gpxtpx:TrackPointExtension>
        </extensions>
      </trkpt>
      <trkpt lat="44.124742" lon="4.699515">
        <ele>33.25</ele>
        <extensions>
          <gpxtpx:TrackPointExtension>
            <gpxtpx:Extensions>
              <highway>tertiary</highway>
              <junction>roundabout</junction>
            </gpxtpx:Extensions>
          </gpxtpx:TrackPointExtension>
        </extensions>
      </trkpt>
      <trkpt lat="44.124766" lon="4.699546">
        <ele>33.25</ele>
        <extensions>
          <gpxtpx:TrackPointExtension>
            <gpxtpx:Extensions>
              <highway>tertiary</highway>
              <junction>roundabout</junction>
            </gpxtpx:Extensions>
          </gpxtpx:TrackPointExtension>
        </extensions>
      </trkpt>
      <trkpt lat="44.124775" lon="4.699597">
        <ele>33.5</ele>
        <extensions>
          <gpxtpx:TrackPointExtension>
            <gpxtpx:Extensions>
              <highway>tertiary</highway>
              <junction>roundabout</junction>
            </gpxtpx:Extensions>
          </gpxtpx:TrackPointExtension>
        </extensions>
      </trkpt>
      <trkpt lat="44.124774" lon="4.69964">
        <ele>33.5</ele>
        <extensions>
          <gpxtpx:TrackPointExtension>
            <gpxtpx:Extensions>
              <highway>tertiary</highway>
              <junction>roundabout</junction>
            </gpxtpx:Extensions>
          </gpxtpx:TrackPointExtension>
        </extensions>
      </trkpt>
      <trkpt lat="44.124761" lon="4.699676">
        <ele>33.5</ele>
        <extensions>
          <gpxtpx:TrackPointExtension>
            <gpxtpx:Extensions>
              <highway>tertiary</highway>
              <junction>roundabout</junction>
            </gpxtpx:Extensions>
          </gpxtpx:TrackPointExtension>
        </extensions>
      </trkpt>
      <trkpt lat="44.124829" lon="4.699759">
        <ele>33.5</ele>
        <extensions>
          <gpxtpx:TrackPointExtension>
            <gpxtpx:Extensions>
              <reversedirection>yes</reversedirection>
              <highway>tertiary</highway>
            </gpxtpx:Extensions>
          </gpxtpx:TrackPointExtension>
        </extensions>
      </trkpt>
      <trkpt lat="44.124866" lon="4.699806">
        <ele>33.75</ele>
        <extensions>
          <gpxtpx:TrackPointExtension>
            <gpxtpx:Extensions>
              <reversedirection>yes</reversedirection>
              <highway>tertiary</highway>
            </gpxtpx:Extensions>
          </gpxtpx:TrackPointExtension>
        </extensions>
      </trkpt>
      <trkpt lat="44.125152" lon="4.700139">
        <ele>33.5</ele>
        <extensions>
          <gpxtpx:TrackPointExtension>
            <gpxtpx:Extensions>
              <reversedirection>yes</reversedirection>
              <highway>tertiary</highway>
            </gpxtpx:Extensions>
          </gpxtpx:TrackPointExtension>
        </extensions>
      </trkpt>
      <trkpt lat="44.125239" lon="4.700258">
        <ele>33.25</ele>
        <extensions>
          <gpxtpx:TrackPointExtension>
            <gpxtpx:Extensions>
              <reversedirection>yes</reversedirection>
              <highway>tertiary</highway>
            </gpxtpx:Extensions>
          </gpxtpx:TrackPointExtension>
        </extensions>
      </trkpt>
      <trkpt lat="44.125313" lon="4.700359">
        <ele>33.25</ele>
        <extensions>
          <gpxtpx:TrackPointExtension>
            <gpxtpx:Extensions>
              <reversedirection>yes</reversedirection>
              <highway>tertiary</highway>
            </gpxtpx:Extensions>
          </gpxtpx:TrackPointExtension>
        </extensions>
      </trkpt>
      <trkpt lat="44.125832" lon="4.701146">
        <ele>33</ele>
        <extensions>
          <gpxtpx:TrackPointExtension>
            <gpxtpx:Extensions>
              <reversedirection>yes</reversedirection>
              <highway>tertiary</highway>
            </gpxtpx:Extensions>
          </gpxtpx:TrackPointExtension>
        </extensions>
      </trkpt>
      <trkpt lat="44.125859" lon="4.701207">
        <ele>33</ele>
        <extensions>
          <gpxtpx:TrackPointExtension>
            <gpxtpx:Extensions>
              <reversedirection>yes</reversedirection>
              <highway>tertiary</highway>
            </gpxtpx:Extensions>
          </gpxtpx:TrackPointExtension>
        </extensions>
      </trkpt>
      <trkpt lat="44.125935" lon="4.701368">
        <ele>33</ele>
        <extensions>
          <gpxtpx:TrackPointExtension>
            <gpxtpx:Extensions>
              <reversedirection>yes</reversedirection>
              <highway>tertiary</highway>
            </gpxtpx:Extensions>
          </gpxtpx:TrackPointExtension>
        </extensions>
      </trkpt>
      <trkpt lat="44.126025" lon="4.701584">
        <ele>33</ele>
        <extensions>
          <gpxtpx:TrackPointExtension>
            <gpxtpx:Extensions>
              <reversedirection>yes</reversedirection>
              <highway>tertiary</highway>
            </gpxtpx:Extensions>
          </gpxtpx:TrackPointExtension>
        </extensions>
      </trkpt>
      <trkpt lat="44.126057" lon="4.701651">
        <ele>33</ele>
        <extensions>
          <gpxtpx:TrackPointExtension>
            <gpxtpx:Extensions>
              <reversedirection>yes</reversedirection>
              <highway>tertiary</highway>
            </gpxtpx:Extensions>
          </gpxtpx:TrackPointExtension>
        </extensions>
      </trkpt>
      <trkpt lat="44.126068" lon="4.70164">
        <ele>33</ele>
        <extensions>
          <gpxtpx:TrackPointExtension>
            <gpxtpx:Extensions>
              <highway>tertiary</highway>
              <junction>roundabout</junction>
            </gpxtpx:Extensions>
          </gpxtpx:TrackPointExtension>
        </extensions>
      </trkpt>
      <trkpt lat="44.12611" lon="4.701636">
        <ele>33</ele>
        <extensions>
          <gpxtpx:TrackPointExtension>
            <gpxtpx:Extensions>
              <highway>tertiary</highway>
              <junction>roundabout</junction>
            </gpxtpx:Extensions>
          </gpxtpx:TrackPointExtension>
        </extensions>
      </trkpt>
      <trkpt lat="44.126136" lon="4.70165">
        <ele>33</ele>
        <extensions>
          <gpxtpx:TrackPointExtension>
            <gpxtpx:Extensions>
              <highway>tertiary</highway>
              <junction>roundabout</junction>
            </gpxtpx:Extensions>
          </gpxtpx:TrackPointExtension>
        </extensions>
      </trkpt>
      <trkpt lat="44.126165" lon="4.701685">
        <ele>33</ele>
        <extensions>
          <gpxtpx:TrackPointExtension>
            <gpxtpx:Extensions>
              <highway>tertiary</highway>
              <junction>roundabout</junction>
            </gpxtpx:Extensions>
          </gpxtpx:TrackPointExtension>
        </extensions>
      </trkpt>
      <trkpt lat="44.126171" lon="4.701731">
        <ele>33</ele>
        <extensions>
          <gpxtpx:TrackPointExtension>
            <gpxtpx:Extensions>
              <highway>tertiary</highway>
              <junction>roundabout</junction>
            </gpxtpx:Extensions>
          </gpxtpx:TrackPointExtension>
        </extensions>
      </trkpt>
      <trkpt lat="44.126223" lon="4.701726">
        <ele>33</ele>
        <extensions>
          <gpxtpx:TrackPointExtension>
            <gpxtpx:Extensions>
              <reversedirection>yes</reversedirection>
              <highway>tertiary</highway>
              <route_bicycle_lcn>yes</route_bicycle_lcn>
            </gpxtpx:Extensions>
          </gpxtpx:TrackPointExtension>
        </extensions>
      </trkpt>
      <trkpt lat="44.126275" lon="4.701721">
        <ele>33</ele>
        <extensions>
          <gpxtpx:TrackPointExtension>
            <gpxtpx:Extensions>
              <reversedirection>yes</reversedirection>
              <highway>tertiary</highway>
              <route_bicycle_lcn>yes</route_bicycle_lcn>
            </gpxtpx:Extensions>
          </gpxtpx:TrackPointExtension>
        </extensions>
      </trkpt>
      <trkpt lat="44.126692" lon="4.702388">
        <ele>33.75</ele>
        <extensions>
          <gpxtpx:TrackPointExtension>
            <gpxtpx:Extensions>
              <highway>residential</highway>
              <oneway>yes</oneway>
            </gpxtpx:Extensions>
          </gpxtpx:TrackPointExtension>
        </extensions>
      </trkpt>
      <trkpt lat="44.127062" lon="4.702949">
        <ele>33.25</ele>
        <extensions>
          <gpxtpx:TrackPointExtension>
            <gpxtpx:Extensions>
              <highway>residential</highway>
              <oneway>yes</oneway>
            </gpxtpx:Extensions>
          </gpxtpx:TrackPointExtension>
        </extensions>
      </trkpt>
      <trkpt lat="44.127157" lon="4.703091">
        <ele>33.25</ele>
        <extensions>
          <gpxtpx:TrackPointExtension>
            <gpxtpx:Extensions>
              <highway>residential</highway>
            </gpxtpx:Extensions>
          </gpxtpx:TrackPointExtension>
        </extensions>
      </trkpt>
      <trkpt lat="44.127296" lon="4.703355">
        <ele>33.75</ele>
        <extensions>
          <gpxtpx:TrackPointExtension>
            <gpxtpx:Extensions>
              <highway>residential</highway>
            </gpxtpx:Extensions>
          </gpxtpx:TrackPointExtension>
        </extensions>
      </trkpt>
      <trkpt lat="44.127347" lon="4.703462">
        <ele>33.75</ele>
        <extensions>
          <gpxtpx:TrackPointExtension>
            <gpxtpx:Extensions>
              <highway>residential</highway>
            </gpxtpx:Extensions>
          </gpxtpx:TrackPointExtension>
        </extensions>
      </trkpt>
      <trkpt lat="44.127408" lon="4.703617">
        <ele>33.5</ele>
        <extensions>
          <gpxtpx:TrackPointExtension>
            <gpxtpx:Extensions>
              <highway>residential</highway>
            </gpxtpx:Extensions>
          </gpxtpx:TrackPointExtension>
        </extensions>
      </trkpt>
      <trkpt lat="44.127461" lon="4.703809">
        <ele>33.25</ele>
        <extensions>
          <gpxtpx:TrackPointExtension>
            <gpxtpx:Extensions>
              <highway>residential</highway>
              <oneway>yes</oneway>
            </gpxtpx:Extensions>
          </gpxtpx:TrackPointExtension>
        </extensions>
      </trkpt>
      <trkpt lat="44.127516" lon="4.704055">
        <ele>33</ele>
        <extensions>
          <gpxtpx:TrackPointExtension>
            <gpxtpx:Extensions>
              <highway>residential</highway>
              <oneway>yes</oneway>
            </gpxtpx:Extensions>
          </gpxtpx:TrackPointExtension>
        </extensions>
      </trkpt>
      <trkpt lat="44.127568" lon="4.704131">
        <ele>33</ele>
        <extensions>
          <gpxtpx:TrackPointExtension>
            <gpxtpx:Extensions>
              <highway>residential</highway>
              <oneway>yes</oneway>
            </gpxtpx:Extensions>
          </gpxtpx:TrackPointExtension>
        </extensions>
      </trkpt>
      <trkpt lat="44.127562" lon="4.704203">
        <ele>32.75</ele>
        <extensions>
          <gpxtpx:TrackPointExtension>
            <gpxtpx:Extensions>
              <reversedirection>yes</reversedirection>
              <highway>residential</highway>
            </gpxtpx:Extensions>
          </gpxtpx:TrackPointExtension>
        </extensions>
      </trkpt>
      <trkpt lat="44.127552" lon="4.704512">
        <ele>32.75</ele>
        <extensions>
          <gpxtpx:TrackPointExtension>
            <gpxtpx:Extensions>
              <reversedirection>yes</reversedirection>
              <highway>residential</highway>
            </gpxtpx:Extensions>
          </gpxtpx:TrackPointExtension>
        </extensions>
      </trkpt>
      <trkpt lat="44.127548" lon="4.704569">
        <ele>32.75</ele>
        <extensions>
          <gpxtpx:TrackPointExtension>
            <gpxtpx:Extensions>
              <reversedirection>yes</reversedirection>
              <highway>residential</highway>
            </gpxtpx:Extensions>
          </gpxtpx:TrackPointExtension>
        </extensions>
      </trkpt>
      <trkpt lat="44.127519" lon="4.704976">
        <ele>32.75</ele>
        <extensions>
          <gpxtpx:TrackPointExtension>
            <gpxtpx:Extensions>
              <reversedirection>yes</reversedirection>
              <highway>residential</highway>
            </gpxtpx:Extensions>
          </gpxtpx:TrackPointExtension>
        </extensions>
      </trkpt>
      <trkpt lat="44.127624" lon="4.707037">
        <ele>32</ele>
        <extensions>
          <gpxtpx:TrackPointExtension>
            <gpxtpx:Extensions>
              <reversedirection>yes</reversedirection>
              <highway>residential</highway>
            </gpxtpx:Extensions>
          </gpxtpx:TrackPointExtension>
        </extensions>
      </trkpt>
      <trkpt lat="44.127685" lon="4.708018">
        <ele>30.5</ele>
        <extensions>
          <gpxtpx:TrackPointExtension>
            <gpxtpx:Extensions>
              <reversedirection>yes</reversedirection>
              <highway>residential</highway>
            </gpxtpx:Extensions>
          </gpxtpx:TrackPointExtension>
        </extensions>
      </trkpt>
      <trkpt lat="44.127726" lon="4.708719">
        <ele>31.25</ele>
        <extensions>
          <gpxtpx:TrackPointExtension>
            <gpxtpx:Extensions>
              <reversedirection>yes</reversedirection>
              <highway>residential</highway>
            </gpxtpx:Extensions>
          </gpxtpx:TrackPointExtension>
        </extensions>
      </trkpt>
      <trkpt lat="44.124996" lon="4.708756">
        <ele>33.75</ele>
        <extensions>
          <gpxtpx:TrackPointExtension>
            <gpxtpx:Extensions>
              <reversedirection>yes</reversedirection>
              <highway>secondary</highway>
            </gpxtpx:Extensions>
          </gpxtpx:TrackPointExtension>
        </extensions>
      </trkpt>
      <trkpt lat="44.121437" lon="4.708807">
        <ele>33.75</ele>
        <extensions>
          <gpxtpx:TrackPointExtension>
            <gpxtpx:Extensions>
              <reversedirection>yes</reversedirection>
              <highway>secondary</highway>
            </gpxtpx:Extensions>
          </gpxtpx:TrackPointExtension>
        </extensions>
      </trkpt>
      <trkpt lat="44.121181" lon="4.708802">
        <ele>34.25</ele>
        <extensions>
          <gpxtpx:TrackPointExtension>
            <gpxtpx:Extensions>
              <reversedirection>yes</reversedirection>
              <highway>secondary</highway>
            </gpxtpx:Extensions>
          </gpxtpx:TrackPointExtension>
        </extensions>
      </trkpt>
      <trkpt lat="44.120739" lon="4.708759">
        <ele>35.25</ele>
        <extensions>
          <gpxtpx:TrackPointExtension>
            <gpxtpx:Extensions>
              <reversedirection>yes</reversedirection>
              <highway>secondary</highway>
            </gpxtpx:Extensions>
          </gpxtpx:TrackPointExtension>
        </extensions>
      </trkpt>
      <trkpt lat="44.120091" lon="4.708663">
        <ele>34.5</ele>
        <extensions>
          <gpxtpx:TrackPointExtension>
            <gpxtpx:Extensions>
              <reversedirection>yes</reversedirection>
              <highway>secondary</highway>
            </gpxtpx:Extensions>
          </gpxtpx:TrackPointExtension>
        </extensions>
      </trkpt>
      <trkpt lat="44.11946" lon="4.708487">
        <ele>35.25</ele>
        <extensions>
          <gpxtpx:TrackPointExtension>
            <gpxtpx:Extensions>
              <reversedirection>yes</reversedirection>
              <highway>secondary</highway>
            </gpxtpx:Extensions>
          </gpxtpx:TrackPointExtension>
        </extensions>
      </trkpt>
      <trkpt lat="44.119246" lon="4.708411">
        <ele>35.5</ele>
        <extensions>
          <gpxtpx:TrackPointExtension>
            <gpxtpx:Extensions>
              <reversedirection>yes</reversedirection>
              <highway>secondary</highway>
            </gpxtpx:Extensions>
          </gpxtpx:TrackPointExtension>
        </extensions>
      </trkpt>
      <trkpt lat="44.118888" lon="4.708266">
        <ele>36</ele>
        <extensions>
          <gpxtpx:TrackPointExtension>
            <gpxtpx:Extensions>
              <reversedirection>yes</reversedirection>
              <highway>secondary</highway>
            </gpxtpx:Extensions>
          </gpxtpx:TrackPointExtension>
        </extensions>
      </trkpt>
      <trkpt lat="44.118429" lon="4.708056">
        <ele>36.75</ele>
        <extensions>
          <gpxtpx:TrackPointExtension>
            <gpxtpx:Extensions>
              <reversedirection>yes</reversedirection>
              <highway>secondary</highway>
            </gpxtpx:Extensions>
          </gpxtpx:TrackPointExtension>
        </extensions>
      </trkpt>
      <trkpt lat="44.11783" lon="4.707705">
        <ele>36.75</ele>
        <extensions>
          <gpxtpx:TrackPointExtension>
            <gpxtpx:Extensions>
              <reversedirection>yes</reversedirection>
              <highway>secondary</highway>
            </gpxtpx:Extensions>
          </gpxtpx:TrackPointExtension>
        </extensions>
      </trkpt>
      <trkpt lat="44.117202" lon="4.707253">
        <ele>35.25</ele>
        <extensions>
          <gpxtpx:TrackPointExtension>
            <gpxtpx:Extensions>
              <reversedirection>yes</reversedirection>
              <highway>secondary</highway>
            </gpxtpx:Extensions>
          </gpxtpx:TrackPointExtension>
        </extensions>
      </trkpt>
      <trkpt lat="44.116393" lon="4.70656">
        <ele>33.75</ele>
        <extensions>
          <gpxtpx:TrackPointExtension>
            <gpxtpx:Extensions>
              <reversedirection>yes</reversedirection>
              <highway>secondary</highway>
            </gpxtpx:Extensions>
          </gpxtpx:TrackPointExtension>
        </extensions>
      </trkpt>
      <trkpt lat="44.116154" lon="4.70634">
        <ele>33.25</ele>
        <extensions>
          <gpxtpx:TrackPointExtension>
            <gpxtpx:Extensions>
              <reversedirection>yes</reversedirection>
              <highway>secondary</highway>
            </gpxtpx:Extensions>
          </gpxtpx:TrackPointExtension>
        </extensions>
      </trkpt>
      <trkpt lat="44.11585" lon="4.706017">
        <ele>31.75</ele>
        <extensions>
          <gpxtpx:TrackPointExtension>
            <gpxtpx:Extensions>
              <reversedirection>yes</reversedirection>
              <highway>secondary</highway>
            </gpxtpx:Extensions>
          </gpxtpx:TrackPointExtension>
        </extensions>
      </trkpt>
      <trkpt lat="44.115593" lon="4.705689">
        <ele>31.25</ele>
        <extensions>
          <gpxtpx:TrackPointExtension>
            <gpxtpx:Extensions>
              <reversedirection>yes</reversedirection>
              <highway>secondary</highway>
            </gpxtpx:Extensions>
          </gpxtpx:TrackPointExtension>
        </extensions>
      </trkpt>
      <trkpt lat="44.115477" lon="4.705473">
        <ele>31.5</ele>
        <extensions>
          <gpxtpx:TrackPointExtension>
            <gpxtpx:Extensions>
              <reversedirection>yes</reversedirection>
              <highway>secondary</highway>
            </gpxtpx:Extensions>
          </gpxtpx:TrackPointExtension>
        </extensions>
      </trkpt>
      <trkpt lat="44.115383" lon="4.705358">
        <ele>31.75</ele>
        <extensions>
          <gpxtpx:TrackPointExtension>
            <gpxtpx:Extensions>
              <reversedirection>yes</reversedirection>
              <highway>secondary</highway>
            </gpxtpx:Extensions>
          </gpxtpx:TrackPointExtension>
        </extensions>
      </trkpt>
      <trkpt lat="44.115339" lon="4.705326">
        <ele>31.75</ele>
        <extensions>
          <gpxtpx:TrackPointExtension>
            <gpxtpx:Extensions>
              <reversedirection>yes</reversedirection>
              <highway>secondary</highway>
            </gpxtpx:Extensions>
          </gpxtpx:TrackPointExtension>
        </extensions>
      </trkpt>
      <trkpt lat="44.115237" lon="4.70529">
        <ele>32</ele>
        <extensions>
          <gpxtpx:TrackPointExtension>
            <gpxtpx:Extensions>
              <reversedirection>yes</reversedirection>
              <highway>secondary</highway>
            </gpxtpx:Extensions>
          </gpxtpx:TrackPointExtension>
        </extensions>
      </trkpt>
      <trkpt lat="44.115119" lon="4.705289">
        <ele>32.5</ele>
        <extensions>
          <gpxtpx:TrackPointExtension>
            <gpxtpx:Extensions>
              <reversedirection>yes</reversedirection>
              <highway>secondary</highway>
            </gpxtpx:Extensions>
          </gpxtpx:TrackPointExtension>
        </extensions>
      </trkpt>
      <trkpt lat="44.115012" lon="4.705359">
        <ele>32.75</ele>
        <extensions>
          <gpxtpx:TrackPointExtension>
            <gpxtpx:Extensions>
              <reversedirection>yes</reversedirection>
              <highway>secondary</highway>
            </gpxtpx:Extensions>
          </gpxtpx:TrackPointExtension>
        </extensions>
      </trkpt>
      <trkpt lat="44.114893" lon="4.705526">
        <ele>32.75</ele>
        <extensions>
          <gpxtpx:TrackPointExtension>
            <gpxtpx:Extensions>
              <reversedirection>yes</reversedirection>
              <highway>secondary</highway>
            </gpxtpx:Extensions>
          </gpxtpx:TrackPointExtension>
        </extensions>
      </trkpt>
      <trkpt lat="44.114835" lon="4.705644">
        <ele>32.75</ele>
        <extensions>
          <gpxtpx:TrackPointExtension>
            <gpxtpx:Extensions>
              <reversedirection>yes</reversedirection>
              <highway>secondary</highway>
            </gpxtpx:Extensions>
          </gpxtpx:TrackPointExtension>
        </extensions>
      </trkpt>
      <trkpt lat="44.114738" lon="4.705835">
        <ele>32.5</ele>
        <extensions>
          <gpxtpx:TrackPointExtension>
            <gpxtpx:Extensions>
              <reversedirection>yes</reversedirection>
              <highway>secondary</highway>
            </gpxtpx:Extensions>
          </gpxtpx:TrackPointExtension>
        </extensions>
      </trkpt>
      <trkpt lat="44.114591" lon="4.706173">
        <ele>30.5</ele>
        <extensions>
          <gpxtpx:TrackPointExtension>
            <gpxtpx:Extensions>
              <reversedirection>yes</reversedirection>
              <highway>secondary</highway>
            </gpxtpx:Extensions>
          </gpxtpx:TrackPointExtension>
        </extensions>
      </trkpt>
      <trkpt lat="44.114254" lon="4.706944">
        <ele>27.75</ele>
        <extensions>
          <gpxtpx:TrackPointExtension>
            <gpxtpx:Extensions>
              <reversedirection>yes</reversedirection>
              <highway>secondary</highway>
            </gpxtpx:Extensions>
          </gpxtpx:TrackPointExtension>
        </extensions>
      </trkpt>
      <trkpt lat="44.114104" lon="4.707289">
        <ele>28</ele>
        <extensions>
          <gpxtpx:TrackPointExtension>
            <gpxtpx:Extensions>
              <reversedirection>yes</reversedirection>
              <highway>secondary</highway>
            </gpxtpx:Extensions>
          </gpxtpx:TrackPointExtension>
        </extensions>
      </trkpt>
      <trkpt lat="44.113658" lon="4.708342">
        <ele>31.5</ele>
        <extensions>
          <gpxtpx:TrackPointExtension>
            <gpxtpx:Extensions>
              <reversedirection>yes</reversedirection>
              <highway>secondary</highway>
            </gpxtpx:Extensions>
          </gpxtpx:TrackPointExtension>
        </extensions>
      </trkpt>
      <trkpt lat="44.113572" lon="4.708479">
        <ele>32.5</ele>
        <extensions>
          <gpxtpx:TrackPointExtension>
            <gpxtpx:Extensions>
              <reversedirection>yes</reversedirection>
              <highway>secondary</highway>
            </gpxtpx:Extensions>
          </gpxtpx:TrackPointExtension>
        </extensions>
      </trkpt>
      <trkpt lat="44.113496" lon="4.708599">
        <ele>33.5</ele>
        <extensions>
          <gpxtpx:TrackPointExtension>
            <gpxtpx:Extensions>
              <reversedirection>yes</reversedirection>
              <highway>secondary</highway>
            </gpxtpx:Extensions>
          </gpxtpx:TrackPointExtension>
        </extensions>
      </trkpt>
      <trkpt lat="44.113359" lon="4.708747">
        <ele>35.25</ele>
        <extensions>
          <gpxtpx:TrackPointExtension>
            <gpxtpx:Extensions>
              <reversedirection>yes</reversedirection>
              <highway>secondary</highway>
            </gpxtpx:Extensions>
          </gpxtpx:TrackPointExtension>
        </extensions>
      </trkpt>
      <trkpt lat="44.113221" lon="4.708858">
        <ele>36.25</ele>
        <extensions>
          <gpxtpx:TrackPointExtension>
            <gpxtpx:Extensions>
              <reversedirection>yes</reversedirection>
              <highway>secondary</highway>
            </gpxtpx:Extensions>
          </gpxtpx:TrackPointExtension>
        </extensions>
      </trkpt>
      <trkpt lat="44.113058" lon="4.708937">
        <ele>37.25</ele>
        <extensions>
          <gpxtpx:TrackPointExtension>
            <gpxtpx:Extensions>
              <reversedirection>yes</reversedirection>
              <highway>secondary</highway>
            </gpxtpx:Extensions>
          </gpxtpx:TrackPointExtension>
        </extensions>
      </trkpt>
      <trkpt lat="44.112889" lon="4.708976">
        <ele>38</ele>
        <extensions>
          <gpxtpx:TrackPointExtension>
            <gpxtpx:Extensions>
              <reversedirection>yes</reversedirection>
              <highway>secondary</highway>
            </gpxtpx:Extensions>
          </gpxtpx:TrackPointExtension>
        </extensions>
      </trkpt>
      <trkpt lat="44.112732" lon="4.708968">
        <ele>38.75</ele>
        <extensions>
          <gpxtpx:TrackPointExtension>
            <gpxtpx:Extensions>
              <reversedirection>yes</reversedirection>
              <highway>secondary</highway>
            </gpxtpx:Extensions>
          </gpxtpx:TrackPointExtension>
        </extensions>
      </trkpt>
      <trkpt lat="44.111473" lon="4.708718">
        <ele>37</ele>
        <extensions>
          <gpxtpx:TrackPointExtension>
            <gpxtpx:Extensions>
              <reversedirection>yes</reversedirection>
              <highway>secondary</highway>
            </gpxtpx:Extensions>
          </gpxtpx:TrackPointExtension>
        </extensions>
      </trkpt>
      <trkpt lat="44.111042" lon="4.708632">
        <ele>36.5</ele>
        <extensions>
          <gpxtpx:TrackPointExtension>
            <gpxtpx:Extensions>
              <reversedirection>yes</reversedirection>
              <highway>secondary</highway>
            </gpxtpx:Extensions>
          </gpxtpx:TrackPointExtension>
        </extensions>
      </trkpt>
      <trkpt lat="44.110816" lon="4.708596">
        <ele>36.25</ele>
        <extensions>
          <gpxtpx:TrackPointExtension>
            <gpxtpx:Extensions>
              <reversedirection>yes</reversedirection>
              <highway>secondary</highway>
            </gpxtpx:Extensions>
          </gpxtpx:TrackPointExtension>
        </extensions>
      </trkpt>
      <trkpt lat="44.11064" lon="4.708651">
        <ele>35</ele>
        <extensions>
          <gpxtpx:TrackPointExtension>
            <gpxtpx:Extensions>
              <reversedirection>yes</reversedirection>
              <highway>secondary</highway>
            </gpxtpx:Extensions>
          </gpxtpx:TrackPointExtension>
        </extensions>
      </trkpt>
      <trkpt lat="44.110506" lon="4.708798">
        <ele>33.75</ele>
        <extensions>
          <gpxtpx:TrackPointExtension>
            <gpxtpx:Extensions>
              <reversedirection>yes</reversedirection>
              <highway>secondary</highway>
            </gpxtpx:Extensions>
          </gpxtpx:TrackPointExtension>
        </extensions>
      </trkpt>
      <trkpt lat="44.110457" lon="4.708903">
        <ele>33</ele>
        <extensions>
          <gpxtpx:TrackPointExtension>
            <gpxtpx:Extensions>
              <reversedirection>yes</reversedirection>
              <highway>secondary</highway>
            </gpxtpx:Extensions>
          </gpxtpx:TrackPointExtension>
        </extensions>
      </trkpt>
      <trkpt lat="44.110434" lon="4.708977">
        <ele>32.5</ele>
        <extensions>
          <gpxtpx:TrackPointExtension>
            <gpxtpx:Extensions>
              <reversedirection>yes</reversedirection>
              <highway>secondary</highway>
            </gpxtpx:Extensions>
          </gpxtpx:TrackPointExtension>
        </extensions>
      </trkpt>
      <trkpt lat="44.110414" lon="4.709075">
        <ele>31.75</ele>
        <extensions>
          <gpxtpx:TrackPointExtension>
            <gpxtpx:Extensions>
              <reversedirection>yes</reversedirection>
              <highway>secondary</highway>
            </gpxtpx:Extensions>
          </gpxtpx:TrackPointExtension>
        </extensions>
      </trkpt>
      <trkpt lat="44.110398" lon="4.709201">
        <ele>31</ele>
        <extensions>
          <gpxtpx:TrackPointExtension>
            <gpxtpx:Extensions>
              <reversedirection>yes</reversedirection>
              <highway>secondary</highway>
            </gpxtpx:Extensions>
          </gpxtpx:TrackPointExtension>
        </extensions>
      </trkpt>
      <trkpt lat="44.110052" lon="4.712362">
        <ele>28</ele>
        <extensions>
          <gpxtpx:TrackPointExtension>
            <gpxtpx:Extensions>
              <reversedirection>yes</reversedirection>
              <highway>secondary</highway>
              <surface>asphalt</surface>
            </gpxtpx:Extensions>
          </gpxtpx:TrackPointExtension>
        </extensions>
      </trkpt>
      <trkpt lat="44.109919" lon="4.713543">
        <ele>38.75</ele>
        <extensions>
          <gpxtpx:TrackPointExtension>
            <gpxtpx:Extensions>
              <reversedirection>yes</reversedirection>
              <highway>secondary</highway>
              <surface>asphalt</surface>
              <smoothness>good</smoothness>
            </gpxtpx:Extensions>
          </gpxtpx:TrackPointExtension>
        </extensions>
      </trkpt>
      <trkpt lat="44.109881" lon="4.713915">
        <ele>38.75</ele>
        <extensions>
          <gpxtpx:TrackPointExtension>
            <gpxtpx:Extensions>
              <reversedirection>yes</reversedirection>
              <highway>secondary</highway>
              <surface>asphalt</surface>
              <smoothness>good</smoothness>
            </gpxtpx:Extensions>
          </gpxtpx:TrackPointExtension>
        </extensions>
      </trkpt>
      <trkpt lat="44.109842" lon="4.714166">
        <ele>38.75</ele>
        <extensions>
          <gpxtpx:TrackPointExtension>
            <gpxtpx:Extensions>
              <reversedirection>yes</reversedirection>
              <highway>secondary</highway>
              <surface>asphalt</surface>
              <smoothness>good</smoothness>
            </gpxtpx:Extensions>
          </gpxtpx:TrackPointExtension>
        </extensions>
      </trkpt>
      <trkpt lat="44.109767" lon="4.714389">
        <ele>38.5</ele>
        <extensions>
          <gpxtpx:TrackPointExtension>
            <gpxtpx:Extensions>
              <reversedirection>yes</reversedirection>
              <highway>secondary</highway>
              <surface>asphalt</surface>
              <smoothness>good</smoothness>
            </gpxtpx:Extensions>
          </gpxtpx:TrackPointExtension>
        </extensions>
      </trkpt>
      <trkpt lat="44.109669" lon="4.714589">
        <ele>38</ele>
        <extensions>
          <gpxtpx:TrackPointExtension>
            <gpxtpx:Extensions>
              <reversedirection>yes</reversedirection>
              <highway>secondary</highway>
              <surface>asphalt</surface>
              <smoothness>good</smoothness>
            </gpxtpx:Extensions>
          </gpxtpx:TrackPointExtension>
        </extensions>
      </trkpt>
      <trkpt lat="44.109586" lon="4.714693">
        <ele>37.5</ele>
        <extensions>
          <gpxtpx:TrackPointExtension>
            <gpxtpx:Extensions>
              <reversedirection>yes</reversedirection>
              <highway>secondary</highway>
              <surface>asphalt</surface>
              <smoothness>good</smoothness>
            </gpxtpx:Extensions>
          </gpxtpx:TrackPointExtension>
        </extensions>
      </trkpt>
      <trkpt lat="44.109448" lon="4.714825">
        <ele>37</ele>
        <extensions>
          <gpxtpx:TrackPointExtension>
            <gpxtpx:Extensions>
              <reversedirection>yes</reversedirection>
              <highway>secondary</highway>
              <surface>asphalt</surface>
              <smoothness>good</smoothness>
            </gpxtpx:Extensions>
          </gpxtpx:TrackPointExtension>
        </extensions>
      </trkpt>
      <trkpt lat="44.109318" lon="4.714904">
        <ele>36.5</ele>
        <extensions>
          <gpxtpx:TrackPointExtension>
            <gpxtpx:Extensions>
              <reversedirection>yes</reversedirection>
              <highway>secondary</highway>
              <surface>asphalt</surface>
              <smoothness>good</smoothness>
            </gpxtpx:Extensions>
          </gpxtpx:TrackPointExtension>
        </extensions>
      </trkpt>
      <trkpt lat="44.109122" lon="4.714986">
        <ele>36</ele>
        <extensions>
          <gpxtpx:TrackPointExtension>
            <gpxtpx:Extensions>
              <reversedirection>yes</reversedirection>
              <highway>secondary</highway>
              <surface>asphalt</surface>
              <smoothness>good</smoothness>
            </gpxtpx:Extensions>
          </gpxtpx:TrackPointExtension>
        </extensions>
      </trkpt>
      <trkpt lat="44.108294" lon="4.715258">
        <ele>35.5</ele>
        <extensions>
          <gpxtpx:TrackPointExtension>
            <gpxtpx:Extensions>
              <reversedirection>yes</reversedirection>
              <highway>secondary</highway>
              <surface>asphalt</surface>
              <smoothness>good</smoothness>
            </gpxtpx:Extensions>
          </gpxtpx:TrackPointExtension>
        </extensions>
      </trkpt>
      <trkpt lat="44.106251" lon="4.715962">
        <ele>33.25</ele>
        <extensions>
          <gpxtpx:TrackPointExtension>
            <gpxtpx:Extensions>
              <reversedirection>yes</reversedirection>
              <highway>secondary</highway>
              <surface>asphalt</surface>
              <smoothness>good</smoothness>
            </gpxtpx:Extensions>
          </gpxtpx:TrackPointExtension>
        </extensions>
      </trkpt>
      <trkpt lat="44.101463" lon="4.717664">
        <ele>32.75</ele>
        <extensions>
          <gpxtpx:TrackPointExtension>
            <gpxtpx:Extensions>
              <reversedirection>yes</reversedirection>
              <highway>secondary</highway>
              <surface>asphalt</surface>
              <smoothness>good</smoothness>
            </gpxtpx:Extensions>
          </gpxtpx:TrackPointExtension>
        </extensions>
      </trkpt>
      <trkpt lat="44.100236" lon="4.71823">
        <ele>33.25</ele>
        <extensions>
          <gpxtpx:TrackPointExtension>
            <gpxtpx:Extensions>
              <reversedirection>yes</reversedirection>
              <highway>secondary</highway>
              <surface>asphalt</surface>
              <smoothness>good</smoothness>
            </gpxtpx:Extensions>
          </gpxtpx:TrackPointExtension>
        </extensions>
      </trkpt>
      <trkpt lat="44.099395" lon="4.71871">
        <ele>34</ele>
        <extensions>
          <gpxtpx:TrackPointExtension>
            <gpxtpx:Extensions>
              <reversedirection>yes</reversedirection>
              <highway>secondary</highway>
              <surface>asphalt</surface>
              <smoothness>good</smoothness>
            </gpxtpx:Extensions>
          </gpxtpx:TrackPointExtension>
        </extensions>
      </trkpt>
      <trkpt lat="44.098528" lon="4.719245">
        <ele>30</ele>
        <extensions>
          <gpxtpx:TrackPointExtension>
            <gpxtpx:Extensions>
              <reversedirection>yes</reversedirection>
              <highway>secondary</highway>
              <surface>asphalt</surface>
              <smoothness>good</smoothness>
            </gpxtpx:Extensions>
          </gpxtpx:TrackPointExtension>
        </extensions>
      </trkpt>
      <trkpt lat="44.098154" lon="4.719486">
        <ele>29.75</ele>
        <extensions>
          <gpxtpx:TrackPointExtension>
            <gpxtpx:Extensions>
              <reversedirection>yes</reversedirection>
              <highway>secondary</highway>
              <surface>asphalt</surface>
              <smoothness>good</smoothness>
            </gpxtpx:Extensions>
          </gpxtpx:TrackPointExtension>
        </extensions>
      </trkpt>
      <trkpt lat="44.097818" lon="4.719711">
        <ele>30.25</ele>
        <extensions>
          <gpxtpx:TrackPointExtension>
            <gpxtpx:Extensions>
              <reversedirection>yes</reversedirection>
              <highway>secondary</highway>
              <surface>asphalt</surface>
              <smoothness>good</smoothness>
            </gpxtpx:Extensions>
          </gpxtpx:TrackPointExtension>
        </extensions>
      </trkpt>
      <trkpt lat="44.097555" lon="4.719908">
        <ele>30</ele>
        <extensions>
          <gpxtpx:TrackPointExtension>
            <gpxtpx:Extensions>
              <reversedirection>yes</reversedirection>
              <highway>secondary</highway>
              <surface>asphalt</surface>
              <smoothness>good</smoothness>
            </gpxtpx:Extensions>
          </gpxtpx:TrackPointExtension>
        </extensions>
      </trkpt>
      <trkpt lat="44.097367" lon="4.720158">
        <ele>30.25</ele>
        <extensions>
          <gpxtpx:TrackPointExtension>
            <gpxtpx:Extensions>
              <reversedirection>yes</reversedirection>
              <highway>secondary</highway>
              <surface>asphalt</surface>
              <smoothness>good</smoothness>
            </gpxtpx:Extensions>
          </gpxtpx:TrackPointExtension>
        </extensions>
      </trkpt>
      <trkpt lat="44.097265" lon="4.720311">
        <ele>30.5</ele>
        <extensions>
          <gpxtpx:TrackPointExtension>
            <gpxtpx:Extensions>
              <reversedirection>yes</reversedirection>
              <highway>secondary</highway>
              <surface>asphalt</surface>
              <smoothness>good</smoothness>
            </gpxtpx:Extensions>
          </gpxtpx:TrackPointExtension>
        </extensions>
      </trkpt>
      <trkpt lat="44.09722" lon="4.72038">
        <ele>30.5</ele>
        <extensions>
          <gpxtpx:TrackPointExtension>
            <gpxtpx:Extensions>
              <reversedirection>yes</reversedirection>
              <highway>secondary</highway>
              <surface>asphalt</surface>
              <smoothness>good</smoothness>
            </gpxtpx:Extensions>
          </gpxtpx:TrackPointExtension>
        </extensions>
      </trkpt>
      <trkpt lat="44.097099" lon="4.720496">
        <ele>31.25</ele>
        <extensions>
          <gpxtpx:TrackPointExtension>
            <gpxtpx:Extensions>
              <reversedirection>yes</reversedirection>
              <highway>secondary</highway>
              <surface>asphalt</surface>
              <smoothness>good</smoothness>
            </gpxtpx:Extensions>
          </gpxtpx:TrackPointExtension>
        </extensions>
      </trkpt>
      <trkpt lat="44.096444" lon="4.720922">
        <ele>36.25</ele>
        <extensions>
          <gpxtpx:TrackPointExtension>
            <gpxtpx:Extensions>
              <reversedirection>yes</reversedirection>
              <highway>secondary</highway>
              <surface>asphalt</surface>
              <smoothness>good</smoothness>
            </gpxtpx:Extensions>
          </gpxtpx:TrackPointExtension>
        </extensions>
      </trkpt>
      <trkpt lat="44.09586" lon="4.721268">
        <ele>35.25</ele>
        <extensions>
          <gpxtpx:TrackPointExtension>
            <gpxtpx:Extensions>
              <reversedirection>yes</reversedirection>
              <highway>secondary</highway>
              <surface>asphalt</surface>
              <smoothness>good</smoothness>
            </gpxtpx:Extensions>
          </gpxtpx:TrackPointExtension>
        </extensions>
      </trkpt>
      <trkpt lat="44.095742" lon="4.721346">
        <ele>34</ele>
        <extensions>
          <gpxtpx:TrackPointExtension>
            <gpxtpx:Extensions>
              <reversedirection>yes</reversedirection>
              <highway>secondary</highway>
              <surface>asphalt</surface>
              <smoothness>good</smoothness>
            </gpxtpx:Extensions>
          </gpxtpx:TrackPointExtension>
        </extensions>
      </trkpt>
      <trkpt lat="44.095609" lon="4.721488">
        <ele>32.25</ele>
        <extensions>
          <gpxtpx:TrackPointExtension>
            <gpxtpx:Extensions>
              <reversedirection>yes</reversedirection>
              <highway>secondary</highway>
              <surface>asphalt</surface>
              <smoothness>good</smoothness>
            </gpxtpx:Extensions>
          </gpxtpx:TrackPointExtension>
        </extensions>
      </trkpt>
      <trkpt lat="44.095585" lon="4.72155">
        <ele>31.5</ele>
        <extensions>
          <gpxtpx:TrackPointExtension>
            <gpxtpx:Extensions>
              <reversedirection>yes</reversedirection>
              <highway>secondary</highway>
              <surface>asphalt</surface>
              <smoothness>good</smoothness>
            </gpxtpx:Extensions>
          </gpxtpx:TrackPointExtension>
        </extensions>
      </trkpt>
      <trkpt lat="44.095546" lon="4.721653">
        <ele>30.25</ele>
        <extensions>
          <gpxtpx:TrackPointExtension>
            <gpxtpx:Extensions>
              <reversedirection>yes</reversedirection>
              <highway>secondary</highway>
              <surface>asphalt</surface>
              <smoothness>good</smoothness>
            </gpxtpx:Extensions>
          </gpxtpx:TrackPointExtension>
        </extensions>
      </trkpt>
      <trkpt lat="44.095537" lon="4.721884">
        <ele>29.5</ele>
        <extensions>
          <gpxtpx:TrackPointExtension>
            <gpxtpx:Extensions>
              <reversedirection>yes</reversedirection>
              <highway>secondary</highway>
              <surface>asphalt</surface>
              <smoothness>good</smoothness>
            </gpxtpx:Extensions>
          </gpxtpx:TrackPointExtension>
        </extensions>
      </trkpt>
      <trkpt lat="44.095614" lon="4.722122">
        <ele>29</ele>
        <extensions>
          <gpxtpx:TrackPointExtension>
            <gpxtpx:Extensions>
              <reversedirection>yes</reversedirection>
              <highway>secondary</highway>
              <surface>asphalt</surface>
              <smoothness>good</smoothness>
            </gpxtpx:Extensions>
          </gpxtpx:TrackPointExtension>
        </extensions>
      </trkpt>
      <trkpt lat="44.096448" lon="4.724676">
        <ele>35.25</ele>
        <extensions>
          <gpxtpx:TrackPointExtension>
            <gpxtpx:Extensions>
              <reversedirection>yes</reversedirection>
              <highway>secondary</highway>
              <surface>asphalt</surface>
              <smoothness>intermediate</smoothness>
            </gpxtpx:Extensions>
          </gpxtpx:TrackPointExtension>
        </extensions>
      </trkpt>
      <trkpt lat="44.096504" lon="4.724846">
        <ele>36.5</ele>
        <extensions>
          <gpxtpx:TrackPointExtension>
            <gpxtpx:Extensions>
              <reversedirection>yes</reversedirection>
              <highway>secondary</highway>
              <surface>asphalt</surface>
              <smoothness>intermediate</smoothness>
            </gpxtpx:Extensions>
          </gpxtpx:TrackPointExtension>
        </extensions>
      </trkpt>
      <trkpt lat="44.096691" lon="4.725402">
        <ele>36</ele>
        <extensions>
          <gpxtpx:TrackPointExtension>
            <gpxtpx:Extensions>
              <reversedirection>yes</reversedirection>
              <highway>secondary</highway>
              <surface>asphalt</surface>
              <smoothness>intermediate</smoothness>
            </gpxtpx:Extensions>
          </gpxtpx:TrackPointExtension>
        </extensions>
      </trkpt>
      <trkpt lat="44.096763" lon="4.725659">
        <ele>34.75</ele>
        <extensions>
          <gpxtpx:TrackPointExtension>
            <gpxtpx:Extensions>
              <reversedirection>yes</reversedirection>
              <highway>secondary</highway>
              <surface>asphalt</surface>
              <smoothness>intermediate</smoothness>
            </gpxtpx:Extensions>
          </gpxtpx:TrackPointExtension>
        </extensions>
      </trkpt>
      <trkpt lat="44.0968" lon="4.725632">
        <ele>35</ele>
        <extensions>
          <gpxtpx:TrackPointExtension>
            <gpxtpx:Extensions>
              <reversedirection>yes</reversedirection>
              <highway>service</highway>
              <surface>fine_gravel</surface>
              <bicycle>yes</bicycle>
            </gpxtpx:Extensions>
          </gpxtpx:TrackPointExtension>
        </extensions>
      </trkpt>
      <trkpt lat="44.096852" lon="4.725623">
        <ele>35</ele>
        <extensions>
          <gpxtpx:TrackPointExtension>
            <gpxtpx:Extensions>
              <reversedirection>yes</reversedirection>
              <highway>service</highway>
              <surface>fine_gravel</surface>
              <bicycle>yes</bicycle>
            </gpxtpx:Extensions>
          </gpxtpx:TrackPointExtension>
        </extensions>
      </trkpt>
      <trkpt lat="44.096904" lon="4.725629">
        <ele>35</ele>
        <extensions>
          <gpxtpx:TrackPointExtension>
            <gpxtpx:Extensions>
              <reversedirection>yes</reversedirection>
              <highway>service</highway>
              <surface>fine_gravel</surface>
              <bicycle>yes</bicycle>
            </gpxtpx:Extensions>
          </gpxtpx:TrackPointExtension>
        </extensions>
      </trkpt>
      <trkpt lat="44.096909" lon="4.725733">
        <ele>34.5</ele>
        <extensions>
          <gpxtpx:TrackPointExtension>
            <gpxtpx:Extensions>
              <highway>path</highway>
              <surface>asphalt</surface>
              <foot>designated</foot>
              <bicycle>designated</bicycle>
              <oneway>no</oneway>
            </gpxtpx:Extensions>
          </gpxtpx:TrackPointExtension>
        </extensions>
      </trkpt>
      <trkpt lat="44.096903" lon="4.725826">
        <ele>34.25</ele>
        <extensions>
          <gpxtpx:TrackPointExtension>
            <gpxtpx:Extensions>
              <highway>path</highway>
              <surface>asphalt</surface>
              <foot>designated</foot>
              <bicycle>designated</bicycle>
              <oneway>no</oneway>
            </gpxtpx:Extensions>
          </gpxtpx:TrackPointExtension>
        </extensions>
      </trkpt>
      <trkpt lat="44.096867" lon="4.72592">
        <ele>33.75</ele>
        <extensions>
          <gpxtpx:TrackPointExtension>
            <gpxtpx:Extensions>
              <highway>path</highway>
              <surface>asphalt</surface>
              <foot>designated</foot>
              <bicycle>designated</bicycle>
              <oneway>no</oneway>
            </gpxtpx:Extensions>
          </gpxtpx:TrackPointExtension>
        </extensions>
      </trkpt>
      <trkpt lat="44.096858" lon="4.726025">
        <ele>33.25</ele>
        <extensions>
          <gpxtpx:TrackPointExtension>
            <gpxtpx:Extensions>
              <highway>path</highway>
              <surface>asphalt</surface>
              <foot>designated</foot>
              <bicycle>designated</bicycle>
              <oneway>no</oneway>
            </gpxtpx:Extensions>
          </gpxtpx:TrackPointExtension>
        </extensions>
      </trkpt>
      <trkpt lat="44.09684" lon="4.726078">
        <ele>33</ele>
        <extensions>
          <gpxtpx:TrackPointExtension>
            <gpxtpx:Extensions>
              <highway>path</highway>
              <surface>asphalt</surface>
              <foot>designated</foot>
              <bicycle>designated</bicycle>
              <oneway>no</oneway>
            </gpxtpx:Extensions>
          </gpxtpx:TrackPointExtension>
        </extensions>
      </trkpt>
      <trkpt lat="44.09684" lon="4.726092">
        <ele>32.75</ele>
        <extensions>
          <gpxtpx:TrackPointExtension>
            <gpxtpx:Extensions>
              <highway>path</highway>
              <surface>asphalt</surface>
              <foot>designated</foot>
              <bicycle>designated</bicycle>
              <oneway>no</oneway>
              <route_bicycle_icn>yes</route_bicycle_icn>
            </gpxtpx:Extensions>
          </gpxtpx:TrackPointExtension>
        </extensions>
      </trkpt>
      <trkpt lat="44.096825089" lon="4.726095349">
        <ele>27.48</ele>
      </trkpt>
      <trkpt lat="44.096931326" lon="4.726089203">
        <ele>27.47</ele>
      </trkpt>
      <trkpt lat="44.097147913" lon="4.726081532">
        <ele>27.57</ele>
      </trkpt>
      <trkpt lat="44.097273332" lon="4.726092083">
        <ele>28.63</ele>
      </trkpt>
      <trkpt lat="44.097446205" lon="4.726090582">
        <ele>28.02</ele>
      </trkpt>
      <trkpt lat="44.097887149" lon="4.726079225">
        <ele>28.1</ele>
      </trkpt>
      <trkpt lat="44.098224597" lon="4.726071473">
        <ele>27.67</ele>
      </trkpt>
      <trkpt lat="44.098316455" lon="4.726069388">
        <ele>28.52</ele>
      </trkpt>
      <trkpt lat="44.098558469" lon="4.726084975">
        <ele>27.5</ele>
      </trkpt>
      <trkpt lat="44.098973752" lon="4.726116688">
        <ele>27.87</ele>
      </trkpt>
      <trkpt lat="44.099352998" lon="4.726207272">
        <ele>28.16</ele>
      </trkpt>
      <trkpt lat="44.099455669" lon="4.726238871">
        <ele>28.38</ele>
      </trkpt>
      <trkpt lat="44.099505514" lon="4.726254999">
        <ele>28.1</ele>
      </trkpt>
      <trkpt lat="44.099651653" lon="4.726296162">
        <ele>29.05</ele>
      </trkpt>
      <trkpt lat="44.09973862" lon="4.726330282">
        <ele>29.09</ele>
      </trkpt>
      <trkpt lat="44.099826227" lon="4.726298086">
        <ele>29.26</ele>
      </trkpt>
      <trkpt lat="44.099945681" lon="4.726215885">
        <ele>29.73</ele>
      </trkpt>
      <trkpt lat="44.099991185" lon="4.726216142">
        <ele>29.75</ele>
      </trkpt>
      <trkpt lat="44.100267627" lon="4.726309231">
        <ele>29.77</ele>
      </trkpt>
      <trkpt lat="44.100539624" lon="4.726435917">
        <ele>31.02</ele>
      </trkpt>
      <trkpt lat="44.100895067" lon="4.726657334">
        <ele>32.08</ele>
      </trkpt>
      <trkpt lat="44.101291612" lon="4.726884125">
        <ele>32.02</ele>
      </trkpt>
      <trkpt lat="44.101526219" lon="4.727018301">
        <ele>32.41</ele>
      </trkpt>
      <trkpt lat="44.101577606" lon="4.72704797">
        <ele>32.41</ele>
      </trkpt>
      <trkpt lat="44.101670756" lon="4.72710964">
        <ele>32.25</ele>
      </trkpt>
      <trkpt lat="44.101864265" lon="4.727203967">
        <ele>32.04</ele>
      </trkpt>
      <trkpt lat="44.102005258" lon="4.727288828">
        <ele>33.29</ele>
      </trkpt>
      <trkpt lat="44.102161821" lon="4.727362545">
        <ele>33.84</ele>
      </trkpt>
      <trkpt lat="44.102349419" lon="4.727463439">
        <ele>35.2</ele>
      </trkpt>
      <trkpt lat="44.102497779" lon="4.727526413">
        <ele>35.97</ele>
      </trkpt>
      <trkpt lat="44.102890994" lon="4.727647421">
        <ele>36.71</ele>
      </trkpt>
      <trkpt lat="44.103252414" lon="4.727712368">
        <ele>37.46</ele>
      </trkpt>
      <trkpt lat="44.103667792" lon="4.727738101">
        <ele>37.7</ele>
      </trkpt>
      <trkpt lat="44.104093032" lon="4.727686549">
        <ele>36.91</ele>
      </trkpt>
      <trkpt lat="44.104507887" lon="4.727557094">
        <ele>36.31</ele>
      </trkpt>
      <trkpt lat="44.10491287" lon="4.727377112">
        <ele>35.46</ele>
      </trkpt>
      <trkpt lat="44.105304219" lon="4.727094013">
        <ele>34.33</ele>
      </trkpt>
      <trkpt lat="44.105392911" lon="4.727018744">
        <ele>34.27</ele>
      </trkpt>
      <trkpt lat="44.105661059" lon="4.726764135">
        <ele>34.5</ele>
      </trkpt>
      <trkpt lat="44.105951071" lon="4.726416108">
        <ele>34.62</ele>
      </trkpt>
      <trkpt lat="44.106066592" lon="4.726283553">
        <ele>35.4</ele>
      </trkpt>
      <trkpt lat="44.106203448" lon="4.726108165">
        <ele>35.97</ele>
      </trkpt>
      <trkpt lat="44.106456626" lon="4.725775131">
        <ele>36.33</ele>
      </trkpt>
      <trkpt lat="44.106711856" lon="4.725440282">
        <ele>36.8</ele>
      </trkpt>
      <trkpt lat="44.106751866" lon="4.725386396">
        <ele>37.26</ele>
      </trkpt>
      <trkpt lat="44.106793161" lon="4.725336672">
        <ele>37.37</ele>
      </trkpt>
      <trkpt lat="44.106834361" lon="4.725292942">
        <ele>37.68</ele>
      </trkpt>
      <trkpt lat="44.106879839" lon="4.725251966">
        <ele>38.15</ele>
      </trkpt>
      <trkpt lat="44.106922782" lon="4.725209039">
        <ele>36.32</ele>
      </trkpt>
      <trkpt lat="44.106995418" lon="4.72511566">
        <ele>37.14</ele>
      </trkpt>
      <trkpt lat="44.107097762" lon="4.724996569">
        <ele>37.89</ele>
      </trkpt>
      <trkpt lat="44.107218224" lon="4.72485029">
        <ele>38.56</ele>
      </trkpt>
      <trkpt lat="44.107243883" lon="4.724815834">
        <ele>39.06</ele>
      </trkpt>
      <trkpt lat="44.107246959" lon="4.724809181">
        <ele>41.85</ele>
      </trkpt>
      <trkpt lat="44.107292091" lon="4.724755824">
        <ele>42.41</ele>
      </trkpt>
      <trkpt lat="44.107483996" lon="4.724523249">
        <ele>40.87</ele>
      </trkpt>
      <trkpt lat="44.107616109" lon="4.724348834">
        <ele>38.86</ele>
      </trkpt>
      <trkpt lat="44.107644914" lon="4.724303228">
        <ele>39.32</ele>
      </trkpt>
      <trkpt lat="44.107724652" lon="4.724178951">
        <ele>39.57</ele>
      </trkpt>
      <trkpt lat="44.107799682" lon="4.72407927">
        <ele>40.01</ele>
      </trkpt>
      <trkpt lat="44.107838922" lon="4.724031356">
        <ele>39.81</ele>
      </trkpt>
      <trkpt lat="44.108126715" lon="4.723652123">
        <ele>39.93</ele>
      </trkpt>
      <trkpt lat="44.108326641" lon="4.723390172">
        <ele>37.69</ele>
      </trkpt>
      <trkpt lat="44.108406101" lon="4.723292123">
        <ele>35.68</ele>
      </trkpt>
      <trkpt lat="44.108507853" lon="4.723124654">
        <ele>36.72</ele>
      </trkpt>
      <trkpt lat="44.108541471" lon="4.723073569">
        <ele>38</ele>
      </trkpt>
      <trkpt lat="44.108749324" lon="4.722831346">
        <ele>39.32</ele>
      </trkpt>
      <trkpt lat="44.108907016" lon="4.722618714">
        <ele>40.42</ele>
      </trkpt>
      <trkpt lat="44.108945059" lon="4.722561016">
        <ele>41.88</ele>
      </trkpt>
      <trkpt lat="44.109177092" lon="4.722258048">
        <ele>38.09</ele>
      </trkpt>
      <trkpt lat="44.109411899" lon="4.721976152">
        <ele>37.44</ele>
      </trkpt>
      <trkpt lat="44.109704592" lon="4.721688509">
        <ele>36.34</ele>
      </trkpt>
      <trkpt lat="44.109990146" lon="4.721434008">
        <ele>35.84</ele>
      </trkpt>
      <trkpt lat="44.110339671" lon="4.721224923">
        <ele>33.88</ele>
      </trkpt>
      <trkpt lat="44.110441967" lon="4.721168792">
        <ele>33.8</ele>
      </trkpt>
      <trkpt lat="44.110745837" lon="4.72102917">
        <ele>33.42</ele>
      </trkpt>
      <trkpt lat="44.111173465" lon="4.720799577">
        <ele>33.74</ele>
      </trkpt>
      <trkpt lat="44.111230502" lon="4.720770564">
        <ele>33.6</ele>
      </trkpt>
      <trkpt lat="44.111289088" lon="4.720746096">
        <ele>34.37</ele>
      </trkpt>
      <trkpt lat="44.111346172" lon="4.720722708">
        <ele>35.01</ele>
      </trkpt>
      <trkpt lat="44.111403742" lon="4.720702708">
        <ele>34.81</ele>
      </trkpt>
      <trkpt lat="44.111517727" lon="4.720667545">
        <ele>34.47</ele>
      </trkpt>
      <trkpt lat="44.111868396" lon="4.720591935">
        <ele>34.11</ele>
      </trkpt>
      <trkpt lat="44.111917691" lon="4.72058293">
        <ele>33.28</ele>
      </trkpt>
      <trkpt lat="44.112053507" lon="4.720550677">
        <ele>32.37</ele>
      </trkpt>
      <trkpt lat="44.112086366" lon="4.720513435">
        <ele>31.9</ele>
      </trkpt>
      <trkpt lat="44.112101597" lon="4.720455042">
        <ele>32.03</ele>
      </trkpt>
      <trkpt lat="44.112106112" lon="4.720391077">
        <ele>32.19</ele>
      </trkpt>
      <trkpt lat="44.112125428" lon="4.720330559">
        <ele>32.86</ele>
      </trkpt>
      <trkpt lat="44.112169502" lon="4.720284284">
        <ele>33.64</ele>
      </trkpt>
      <trkpt lat="44.112231468" lon="4.720250921">
        <ele>34.11</ele>
      </trkpt>
      <trkpt lat="44.112306339" lon="4.720229944">
        <ele>34.03</ele>
      </trkpt>
      <trkpt lat="44.112383258" lon="4.720207529">
        <ele>33.95</ele>
      </trkpt>
      <trkpt lat="44.112460606" lon="4.720183628">
        <ele>33.85</ele>
      </trkpt>
      <trkpt lat="44.112538898" lon="4.720159755">
        <ele>33.43</ele>
      </trkpt>
      <trkpt lat="44.112618124" lon="4.720128038">
        <ele>32.91</ele>
      </trkpt>
      <trkpt lat="44.112696944" lon="4.720096309">
        <ele>33.17</ele>
      </trkpt>
      <trkpt lat="44.113071383" lon="4.719943065">
        <ele>33.75</ele>
      </trkpt>
      <trkpt lat="44.113384049" lon="4.719802197">
        <ele>35.03</ele>
      </trkpt>
      <trkpt lat="44.113927718" lon="4.719569719">
        <ele>35.73</ele>
      </trkpt>
      <trkpt lat="44.114266088" lon="4.719434496">
        <ele>37.04</ele>
      </trkpt>
      <trkpt lat="44.114322801" lon="4.719417467">
        <ele>37.68</ele>
      </trkpt>
      <trkpt lat="44.114380108" lon="4.719405704">
        <ele>38.12</ele>
      </trkpt>
      <trkpt lat="44.11443722" lon="4.719389061">
        <ele>37.42</ele>
      </trkpt>
      <trkpt lat="44.114493869" lon="4.719367531">
        <ele>37.76</ele>
      </trkpt>
      <trkpt lat="44.11471384" lon="4.719290582">
        <ele>37.89</ele>
      </trkpt>
      <trkpt lat="44.115097133" lon="4.719158214">
        <ele>37.86</ele>
      </trkpt>
      <trkpt lat="44.115417679" lon="4.719048689">
        <ele>36.6</ele>
      </trkpt>
      <trkpt lat="44.115830049" lon="4.71892207">
        <ele>36.65</ele>
      </trkpt>
      <trkpt lat="44.116263442" lon="4.718755221">
        <ele>36.71</ele>
      </trkpt>
      <trkpt lat="44.116611253" lon="4.718620648">
        <ele>36.33</ele>
      </trkpt>
      <trkpt lat="44.116730337" lon="4.718570262">
        <ele>34.44</ele>
      </trkpt>
      <trkpt lat="44.117257227" lon="4.718374366">
        <ele>35.1</ele>
      </trkpt>
      <trkpt lat="44.117388054" lon="4.718324334">
        <ele>34.91</ele>
      </trkpt>
      <trkpt lat="44.117935613" lon="4.718119311">
        <ele>34.17</ele>
      </trkpt>
      <trkpt lat="44.118370677" lon="4.717949126">
        <ele>34.63</ele>
      </trkpt>
      <trkpt lat="44.118685612" lon="4.71783567">
        <ele>36.19</ele>
      </trkpt>
      <trkpt lat="44.119023774" lon="4.71773941">
        <ele>35.61</ele>
      </trkpt>
      <trkpt lat="44.119168163" lon="4.717720151">
        <ele>34.64</ele>
      </trkpt>
      <trkpt lat="44.119329864" lon="4.717699166">
        <ele>34.83</ele>
      </trkpt>
      <trkpt lat="44.119703039" lon="4.717557473">
        <ele>34.2</ele>
      </trkpt>
      <trkpt lat="44.120225937" lon="4.717366311">
        <ele>34.09</ele>
      </trkpt>
      <trkpt lat="44.120494839" lon="4.717260456">
        <ele>33.89</ele>
      </trkpt>
      <trkpt lat="44.120601341" lon="4.717220181">
        <ele>33.47</ele>
      </trkpt>
      <trkpt lat="44.120708218" lon="4.717181793">
        <ele>33.86</ele>
      </trkpt>
      <trkpt lat="44.121053364" lon="4.717053493">
        <ele>33.48</ele>
      </trkpt>
      <trkpt lat="44.121475153" lon="4.716885889">
        <ele>33.51</ele>
      </trkpt>
      <trkpt lat="44.121959066" lon="4.716700662">
        <ele>34.59</ele>
      </trkpt>
      <trkpt lat="44.12241566" lon="4.716535228">
        <ele>36.12</ele>
      </trkpt>
      <trkpt lat="44.122868246" lon="4.716418787">
        <ele>35.29</ele>
      </trkpt>
      <trkpt lat="44.123191907" lon="4.716325824">
        <ele>35.52</ele>
      </trkpt>
      <trkpt lat="44.123600133" lon="4.716291277">
        <ele>34.84</ele>
      </trkpt>
      <trkpt lat="44.123941112" lon="4.716282445">
        <ele>33.74</ele>
      </trkpt>
      <trkpt lat="44.124416445" lon="4.716274294">
        <ele>32.52</ele>
      </trkpt>
      <trkpt lat="44.12495291" lon="4.716260113">
        <ele>32.77</ele>
      </trkpt>
      <trkpt lat="44.125457286" lon="4.716251338">
        <ele>32.39</ele>
      </trkpt>
      <trkpt lat="44.125937115" lon="4.716249321">
        <ele>32.48</ele>
      </trkpt>
      <trkpt lat="44.126320001" lon="4.716254878">
        <ele>32.35</ele>
      </trkpt>
      <trkpt lat="44.126672283" lon="4.71625726">
        <ele>32.53</ele>
      </trkpt>
      <trkpt lat="44.127107939" lon="4.716238912">
        <ele>31.89</ele>
      </trkpt>
      <trkpt lat="44.127158955" lon="4.716240827">
        <ele>31.9</ele>
      </trkpt>
      <trkpt lat="44.127656195" lon="4.716256583">
        <ele>31.96</ele>
      </trkpt>
      <trkpt lat="44.127731412" lon="4.716247979">
        <ele>32.45</ele>
      </trkpt>
      <trkpt lat="44.12778589" lon="4.716287495">
        <ele>33.33</ele>
      </trkpt>
      <trkpt lat="44.127824523" lon="4.716286786">
        <ele>34.29</ele>
      </trkpt>
      <trkpt lat="44.127899675" lon="4.716101197">
        <ele>34.63</ele>
      </trkpt>
      <trkpt lat="44.12790924" lon="4.716042241">
        <ele>35.22</ele>
      </trkpt>
      <trkpt lat="44.127930396" lon="4.715795027">
        <ele>35.72</ele>
      </trkpt>
      <trkpt lat="44.128045641" lon="4.715636143">
        <ele>35.67</ele>
      </trkpt>
      <trkpt lat="44.128089907" lon="4.715637854">
        <ele>35.47</ele>
      </trkpt>
      <trkpt lat="44.12818093" lon="4.715386054">
        <ele>35.39</ele>
      </trkpt>
      <trkpt lat="44.12825893" lon="4.715272951">
        <ele>34.94</ele>
      </trkpt>
      <trkpt lat="44.128401381" lon="4.715248384">
        <ele>34.97</ele>
      </trkpt>
      <trkpt lat="44.128976754" lon="4.715236874">
        <ele>34.54</ele>
      </trkpt>
      <trkpt lat="44.129933476" lon="4.715212814">
        <ele>35.3</ele>
      </trkpt>
      <trkpt lat="44.131198364" lon="4.715202858">
        <ele>35.94</ele>
      </trkpt>
      <trkpt lat="44.132336013" lon="4.71535264">
        <ele>36.58</ele>
      </trkpt>
      <trkpt lat="44.133184471" lon="4.715604357">
        <ele>36.54</ele>
      </trkpt>
      <trkpt lat="44.133845528" lon="4.715874483">
        <ele>38.01</ele>
      </trkpt>
      <trkpt lat="44.134299534" lon="4.716090254">
        <ele>37.98</ele>
      </trkpt>
      <trkpt lat="44.134896819" lon="4.716449879">
        <ele>38.48</ele>
      </trkpt>
      <trkpt lat="44.135393514" lon="4.716816098">
        <ele>39.04</ele>
      </trkpt>
      <trkpt lat="44.136689039" lon="4.717947404">
        <ele>39.44</ele>
      </trkpt>
      <trkpt lat="44.137678538" lon="4.718816906">
        <ele>38.94</ele>
      </trkpt>
      <trkpt lat="44.13805284" lon="4.719143376">
        <ele>38.74</ele>
      </trkpt>
      <trkpt lat="44.138729504" lon="4.719743632">
        <ele>38.79</ele>
      </trkpt>
      <trkpt lat="44.13913983" lon="4.720092856">
        <ele>38.79</ele>
      </trkpt>
      <trkpt lat="44.139605879" lon="4.720479257">
        <ele>38.98</ele>
      </trkpt>
      <trkpt lat="44.139915063" lon="4.720732205">
        <ele>38.66</ele>
      </trkpt>
      <trkpt lat="44.140149965" lon="4.720888477">
        <ele>38.63</ele>
      </trkpt>
      <trkpt lat="44.140567463" lon="4.721166962">
        <ele>38.14</ele>
      </trkpt>
      <trkpt lat="44.140849458" lon="4.721358346">
        <ele>37.57</ele>
      </trkpt>
      <trkpt lat="44.141101885" lon="4.721501922">
        <ele>37.16</ele>
      </trkpt>
      <trkpt lat="44.141496985" lon="4.721717184">
        <ele>37.33</ele>
      </trkpt>
      <trkpt lat="44.14185939" lon="4.721918227">
        <ele>37.39</ele>
      </trkpt>
      <trkpt lat="44.142235557" lon="4.722070368">
        <ele>37.57</ele>
      </trkpt>
      <trkpt lat="44.142460636" lon="4.722162597">
        <ele>37.77</ele>
      </trkpt>
      <trkpt lat="44.142645746" lon="4.722234969">
        <ele>37.66</ele>
      </trkpt>
      <trkpt lat="44.142991072" lon="4.722365128">
        <ele>37.89</ele>
      </trkpt>
      <trkpt lat="44.143177265" lon="4.7224237">
        <ele>37.77</ele>
      </trkpt>
      <trkpt lat="44.143386836" lon="4.722482981">
        <ele>37.46</ele>
      </trkpt>
      <trkpt lat="44.143562751" lon="4.722534025">
        <ele>37.42</ele>
      </trkpt>
      <trkpt lat="44.143785291" lon="4.722594903">
        <ele>37.51</ele>
      </trkpt>
      <trkpt lat="44.143972557" lon="4.722640276">
        <ele>37.21</ele>
      </trkpt>
      <trkpt lat="44.144167711" lon="4.722679874">
        <ele>37.08</ele>
      </trkpt>
      <trkpt lat="44.144294707" lon="4.722701767">
        <ele>37.15</ele>
      </trkpt>
      <trkpt lat="44.144575467" lon="4.722751178">
        <ele>36.95</ele>
      </trkpt>
      <trkpt lat="44.144884856" lon="4.722797847">
        <ele>36.86</ele>
      </trkpt>
      <trkpt lat="44.145133072" lon="4.722823415">
        <ele>35.57</ele>
      </trkpt>
      <trkpt lat="44.14558642" lon="4.722846176">
        <ele>35.01</ele>
      </trkpt>
      <trkpt lat="44.145710632" lon="4.722852347">
        <ele>34.64</ele>
      </trkpt>
      <trkpt lat="44.145851297" lon="4.722851571">
        <ele>34.05</ele>
      </trkpt>
      <trkpt lat="44.145908917" lon="4.722993533">
        <ele>33.69</ele>
      </trkpt>
      <trkpt lat="44.146380918" lon="4.722957202">
        <ele>34.2</ele>
      </trkpt>
      <trkpt lat="44.146757191" lon="4.722919844">
        <ele>34.26</ele>
      </trkpt>
      <trkpt lat="44.147013433" lon="4.722898353">
        <ele>33.45</ele>
      </trkpt>
      <trkpt lat="44.147052612" lon="4.72289729">
        <ele>32.96</ele>
      </trkpt>
      <trkpt lat="44.147144825" lon="4.722898585">
        <ele>33.25</ele>
      </trkpt>
      <trkpt lat="44.147167326" lon="4.722884638">
        <ele>33.59</ele>
      </trkpt>
      <trkpt lat="44.147321027" lon="4.722840159">
        <ele>33.85</ele>
      </trkpt>
      <trkpt lat="44.147432907" lon="4.72282742">
        <ele>34.78</ele>
      </trkpt>
      <trkpt lat="44.147466886" lon="4.722830701">
        <ele>35.68</ele>
      </trkpt>
      <trkpt lat="44.147498636" lon="4.72282116">
        <ele>35.72</ele>
      </trkpt>
      <trkpt lat="44.147532211" lon="4.722807174">
        <ele>35.54</ele>
      </trkpt>
      <trkpt lat="44.147565856" lon="4.722797316">
        <ele>34.54</ele>
      </trkpt>
      <trkpt lat="44.147688006" lon="4.722775511">
        <ele>33.86</ele>
      </trkpt>
      <trkpt lat="44.148196186" lon="4.722662628">
        <ele>33.18</ele>
      </trkpt>
      <trkpt lat="44.148570586" lon="4.722555441">
        <ele>32.97</ele>
      </trkpt>
      <trkpt lat="44.148947114" lon="4.722467448">
        <ele>33.08</ele>
      </trkpt>
      <trkpt lat="44.149254933" lon="4.722377747">
        <ele>33.97</ele>
      </trkpt>
      <trkpt lat="44.149509373" lon="4.72232031">
        <ele>34.52</ele>
      </trkpt>
      <trkpt lat="44.149510309" lon="4.72231684">
        <ele>35.1</ele>
      </trkpt>
      <trkpt lat="44.149521343" lon="4.72230217">
        <ele>34.41</ele>
      </trkpt>
      <trkpt lat="44.149544607" lon="4.722282619">
        <ele>34.46</ele>
      </trkpt>
      <trkpt lat="44.149587843" lon="4.722246793">
        <ele>34.34</ele>
      </trkpt>
      <trkpt lat="44.149817275" lon="4.722152464">
        <ele>33.65</ele>
      </trkpt>
      <trkpt lat="44.150055855" lon="4.72208617">
        <ele>33</ele>
      </trkpt>
      <trkpt lat="44.150181727" lon="4.722042344">
        <ele>33.2</ele>
      </trkpt>
      <trkpt lat="44.150205648" lon="4.722032565">
        <ele>32.81</ele>
      </trkpt>
      <trkpt lat="44.150235109" lon="4.722022579">
        <ele>32.73</ele>
      </trkpt>
      <trkpt lat="44.150270397" lon="4.722019897">
        <ele>33.32</ele>
      </trkpt>
      <trkpt lat="44.150307533" lon="4.722028525">
        <ele>33.28</ele>
      </trkpt>
      <trkpt lat="44.150346664" lon="4.722039088">
        <ele>33.38</ele>
      </trkpt>
      <trkpt lat="44.150482745" lon="4.72204171">
        <ele>33.25</ele>
      </trkpt>
      <trkpt lat="44.150587595" lon="4.722020879">
        <ele>33.17</ele>
      </trkpt>
      <trkpt lat="44.151045202" lon="4.721860686">
        <ele>33.13</ele>
      </trkpt>
      <trkpt lat="44.151109816" lon="4.721839386">
        <ele>33.82</ele>
      </trkpt>
      <trkpt lat="44.151171848" lon="4.721819133">
        <ele>33.17</ele>
      </trkpt>
      <trkpt lat="44.15123482" lon="4.721799284">
        <ele>32.73</ele>
      </trkpt>
      <trkpt lat="44.151297785" lon="4.721779809">
        <ele>32.67</ele>
      </trkpt>
      <trkpt lat="44.151604095" lon="4.721691555">
        <ele>32.69</ele>
      </trkpt>
      <trkpt lat="44.152169708" lon="4.721533128">
        <ele>32.6</ele>
      </trkpt>
      <trkpt lat="44.152250635" lon="4.721512195">
        <ele>32.89</ele>
      </trkpt>
      <trkpt lat="44.152282657" lon="4.721503913">
        <ele>33.55</ele>
      </trkpt>
      <trkpt lat="44.152724389" lon="4.721368022">
        <ele>33.97</ele>
      </trkpt>
      <trkpt lat="44.152816626" lon="4.721339647">
        <ele>33.82</ele>
      </trkpt>
      <trkpt lat="44.152879474" lon="4.721319042">
        <ele>33.77</ele>
      </trkpt>
      <trkpt lat="44.15344217" lon="4.721157143">
        <ele>34.79</ele>
      </trkpt>
      <trkpt lat="44.153897216" lon="4.721013739">
        <ele>34.22</ele>
      </trkpt>
      <trkpt lat="44.154290924" lon="4.720889484">
        <ele>34.43</ele>
      </trkpt>
      <trkpt lat="44.154346717" lon="4.720870915">
        <ele>34.3</ele>
      </trkpt>
      <trkpt lat="44.15488558" lon="4.720713163">
        <ele>34.32</ele>
      </trkpt>
      <trkpt lat="44.155417431" lon="4.720546192">
        <ele>33.91</ele>
      </trkpt>
      <trkpt lat="44.156306696" lon="4.720252729">
        <ele>34.66</ele>
      </trkpt>
      <trkpt lat="44.156463044" lon="4.720203064">
        <ele>34.35</ele>
      </trkpt>
      <trkpt lat="44.156657889" lon="4.720187202">
        <ele>34.75</ele>
      </trkpt>
      <trkpt lat="44.156699439" lon="4.720181331">
        <ele>34.85</ele>
      </trkpt>
      <trkpt lat="44.156738853" lon="4.720165267">
        <ele>34.7</ele>
      </trkpt>
      <trkpt lat="44.156777739" lon="4.720148437">
        <ele>34.73</ele>
      </trkpt>
      <trkpt lat="44.156813867" lon="4.720135274">
        <ele>34.58</ele>
      </trkpt>
      <trkpt lat="44.156956306" lon="4.720094191">
        <ele>34.47</ele>
      </trkpt>
      <trkpt lat="44.157178822" lon="4.720061908">
        <ele>34.51</ele>
      </trkpt>
      <trkpt lat="44.157208212" lon="4.72005642">
        <ele>34.98</ele>
      </trkpt>
      <trkpt lat="44.157278003" lon="4.720032271">
        <ele>35.19</ele>
      </trkpt>
      <trkpt lat="44.157315225" lon="4.720104302">
        <ele>35.33</ele>
      </trkpt>
      <trkpt lat="44.157305863" lon="4.720132906">
        <ele>35.35</ele>
      </trkpt>
      <trkpt lat="44.157224727" lon="4.720217488">
        <ele>35.13</ele>
      </trkpt>
      <trkpt lat="44.157206891" lon="4.720235331">
        <ele>34.79</ele>
      </trkpt>
      <trkpt lat="44.15718689" lon="4.720253483">
        <ele>34.45</ele>
      </trkpt>
      <trkpt lat="44.15716517" lon="4.720269333">
        <ele>34.29</ele>
      </trkpt>
      <trkpt lat="44.157141695" lon="4.720293758">
        <ele>34.12</ele>
      </trkpt>
      <trkpt lat="44.157118953" lon="4.720314454">
        <ele>33.8</ele>
      </trkpt>
      <trkpt lat="44.157092585" lon="4.720325286">
        <ele>33.32</ele>
      </trkpt>
      <trkpt lat="44.156977345" lon="4.72042309">
        <ele>32.84</ele>
      </trkpt>
      <trkpt lat="44.156932039" lon="4.720565029">
        <ele>32.29</ele>
      </trkpt>
      <trkpt lat="44.156929116" lon="4.720587825">
        <ele>32.07</ele>
      </trkpt>
      <trkpt lat="44.156925473" lon="4.720699512">
        <ele>32.02</ele>
      </trkpt>
      <trkpt lat="44.156932143" lon="4.720764991">
        <ele>31.99</ele>
      </trkpt>
      <trkpt lat="44.156937165" lon="4.720797782">
        <ele>32.43</ele>
      </trkpt>
      <trkpt lat="44.156981825" lon="4.720937943">
        <ele>32.73</ele>
      </trkpt>
      <trkpt lat="44.157102534" lon="4.721008001">
        <ele>32.95</ele>
      </trkpt>
      <trkpt lat="44.157251821" lon="4.720986635">
        <ele>32.91</ele>
      </trkpt>
      <trkpt lat="44.157716197" lon="4.720920036">
        <ele>33.03</ele>
      </trkpt>
      <trkpt lat="44.158185062" lon="4.72085995">
        <ele>32.82</ele>
      </trkpt>
      <trkpt lat="44.15859875" lon="4.720796316">
        <ele>32.83</ele>
      </trkpt>
      <trkpt lat="44.159089646" lon="4.72072639">
        <ele>32.51</ele>
      </trkpt>
      <trkpt lat="44.159422833" lon="4.720698209">
        <ele>32.9</ele>
      </trkpt>
      <trkpt lat="44.159809542" lon="4.720675776">
        <ele>33.15</ele>
      </trkpt>
      <trkpt lat="44.159861597" lon="4.720671724">
        <ele>33.13</ele>
      </trkpt>
      <trkpt lat="44.159954251" lon="4.720670778">
        <ele>33.47</ele>
      </trkpt>
      <trkpt lat="44.160036529" lon="4.720668391">
        <ele>33.83</ele>
      </trkpt>
      <trkpt lat="44.160200082" lon="4.72066734">
        <ele>33.76</ele>
      </trkpt>
      <trkpt lat="44.160235751" lon="4.720683427">
        <ele>33.78</ele>
      </trkpt>
      <trkpt lat="44.160241214" lon="4.720688094">
        <ele>33.94</ele>
      </trkpt>
      <trkpt lat="44.160279378" lon="4.720682872">
        <ele>33.66</ele>
      </trkpt>
      <trkpt lat="44.160283304" lon="4.72068224">
        <ele>33.39</ele>
      </trkpt>
      <trkpt lat="44.160334526" lon="4.720679664">
        <ele>33.58</ele>
      </trkpt>
      <trkpt lat="44.160362948" lon="4.720684276">
        <ele>33.65</ele>
      </trkpt>
      <trkpt lat="44.160400062" lon="4.720823466">
        <ele>33.86</ele>
      </trkpt>
      <trkpt lat="44.162635025" lon="4.720784426">
        <ele>35.01</ele>
      </trkpt>
      <trkpt lat="44.167391265" lon="4.721428156">
        <ele>35.34</ele>
      </trkpt>
      <trkpt lat="44.169715373" lon="4.721707106">
        <ele>35.82</ele>
      </trkpt>
      <trkpt lat="44.171162122" lon="4.721792936">
        <ele>37.63</ele>
      </trkpt>
      <trkpt lat="44.17277813" lon="4.721685648">
        <ele>38.67</ele>
      </trkpt>
      <trkpt lat="44.174640331" lon="4.721235037">
        <ele>38.2</ele>
      </trkpt>
      <trkpt lat="44.176610199" lon="4.720526934">
        <ele>38.9</ele>
      </trkpt>
      <trkpt lat="44.177933668" lon="4.719947577">
        <ele>38.3</ele>
      </trkpt>
      <trkpt lat="44.179131014" lon="4.719162751">
        <ele>36.9</ele>
      </trkpt>
      <trkpt lat="44.179823407" lon="4.718661447">
        <ele>36.01</ele>
      </trkpt>
      <trkpt lat="44.179877825" lon="4.718596406">
        <ele>35.85</ele>
      </trkpt>
      <trkpt lat="44.179949591" lon="4.71853137">
        <ele>35.4</ele>
      </trkpt>
      <trkpt lat="44.180146029" lon="4.718379604">
        <ele>35.83</ele>
      </trkpt>
      <trkpt lat="44.180549739" lon="4.718037844">
        <ele>36.08</ele>
      </trkpt>
      <trkpt lat="44.181611522" lon="4.717222452">
        <ele>36.25</ele>
      </trkpt>
      <trkpt lat="44.182134713" lon="4.716771841">
        <ele>36.09</ele>
      </trkpt>
      <trkpt lat="44.182781001" lon="4.716235399">
        <ele>36.47</ele>
      </trkpt>
      <trkpt lat="44.184258205" lon="4.715269804">
        <ele>36.19</ele>
      </trkpt>
      <trkpt lat="44.185166051" lon="4.714776278">
        <ele>35.82</ele>
      </trkpt>
      <trkpt lat="44.186781675" lon="4.713875055">
        <ele>35.99</ele>
      </trkpt>
      <trkpt lat="44.186935541" lon="4.714947939">
        <ele>36.29</ele>
      </trkpt>
      <trkpt lat="44.187395216" lon="4.718115628">
        <ele>35.98</ele>
      </trkpt>
      <trkpt lat="44.187706792" lon="4.720223844">
        <ele>35.71</ele>
      </trkpt>
      <trkpt lat="44.187764491" lon="4.720803201">
        <ele>35.44</ele>
      </trkpt>
      <trkpt lat="44.18779911" lon="4.721146524">
        <ele>35.7</ele>
      </trkpt>
      <trkpt lat="44.187856809" lon="4.721285999">
        <ele>36.08</ele>
      </trkpt>
      <trkpt lat="44.188081836" lon="4.721610547">
        <ele>36.19</ele>
      </trkpt>
      <trkpt lat="44.188117944" lon="4.721673694">
        <ele>38.12</ele>
      </trkpt>
      <trkpt lat="44.188231852" lon="4.721841216">
        <ele>39.86</ele>
      </trkpt>
      <trkpt lat="44.189508901" lon="4.720038772">
        <ele>40.96</ele>
      </trkpt>
      <trkpt lat="44.189631989" lon="4.719834924">
        <ele>41.34</ele>
      </trkpt>
      <trkpt lat="44.189782002" lon="4.719067812">
        <ele>42.6</ele>
      </trkpt>
      <trkpt lat="44.190714765" lon="4.718212187">
        <ele>41.97</ele>
      </trkpt>
      <trkpt lat="44.190868621" lon="4.718239009">
        <ele>40.64</ele>
      </trkpt>
      <trkpt lat="44.191199411" lon="4.71865207">
        <ele>38.76</ele>
      </trkpt>
      <trkpt lat="44.191787904" lon="4.71911341">
        <ele>37.71</ele>
      </trkpt>
      <trkpt lat="44.192103304" lon="4.72058326">
        <ele>36.26</ele>
      </trkpt>
      <trkpt lat="44.193597581" lon="4.725183249">
        <ele>35.29</ele>
      </trkpt>
      <trkpt lat="44.193513377" lon="4.725558862">
        <ele>35.14</ele>
      </trkpt>
      <trkpt lat="44.1935992" lon="4.725580239">
        <ele>35.17</ele>
      </trkpt>
      <trkpt lat="44.19428584" lon="4.725816205">
        <ele>35.26</ele>
      </trkpt>
      <trkpt lat="44.194543368" lon="4.725859318">
        <ele>35.2</ele>
      </trkpt>
      <trkpt lat="44.19467207" lon="4.725859099">
        <ele>35.13</ele>
      </trkpt>
      <trkpt lat="44.195230005" lon="4.725794963">
        <ele>35.44</ele>
      </trkpt>
      <trkpt lat="44.195358706" lon="4.725794744">
        <ele>35.89</ele>
      </trkpt>
      <trkpt lat="44.196495987" lon="4.725859332">
        <ele>36.23</ele>
      </trkpt>
      <trkpt lat="44.196624754" lon="4.725923688">
        <ele>36.16</ele>
      </trkpt>
      <trkpt lat="44.196774996" lon="4.726288282">
        <ele>36.16</ele>
      </trkpt>
      <trkpt lat="44.196882289" lon="4.726352737">
        <ele>36.02</ele>
      </trkpt>
      <trkpt lat="44.196958633" lon="4.726246936">
        <ele>35.64</ele>
      </trkpt>
      <trkpt lat="44.197075392" lon="4.726181782">
        <ele>35.3</ele>
      </trkpt>
      <trkpt lat="44.197389803" lon="4.72599987">
        <ele>35.33</ele>
      </trkpt>
      <trkpt lat="44.197830063" lon="4.725947549">
        <ele>35.35</ele>
      </trkpt>
      <trkpt lat="44.198638486" lon="4.726116657">
        <ele>35.13</ele>
      </trkpt>
      <trkpt lat="44.199788347" lon="4.726429054">
        <ele>35.52</ele>
      </trkpt>
      <trkpt lat="44.200039856" lon="4.726520047">
        <ele>35.89</ele>
      </trkpt>
      <trkpt lat="44.200143841" lon="4.726674512">
        <ele>36.01</ele>
      </trkpt>
      <trkpt lat="44.200143841" lon="4.726674512">
        <ele>36.53</ele>
      </trkpt>
      <trkpt lat="44.200272538" lon="4.726545893">
        <ele>37.36</ele>
      </trkpt>
      <trkpt lat="44.200444248" lon="4.7262669">
        <ele>37.84</ele>
      </trkpt>
      <trkpt lat="44.200573009" lon="4.725859325">
        <ele>38.24</ele>
      </trkpt>
      <trkpt lat="44.200594415" lon="4.72549429">
        <ele>38.23</ele>
      </trkpt>
      <trkpt lat="44.200572937" lon="4.725108054">
        <ele>38.35</ele>
      </trkpt>
      <trkpt lat="44.200444288" lon="4.724099455">
        <ele>37.62</ele>
      </trkpt>
      <trkpt lat="44.200422734" lon="4.723734994">
        <ele>37.05</ele>
      </trkpt>
      <trkpt lat="44.202568563" lon="4.724571691">
        <ele>36.84</ele>
      </trkpt>
      <trkpt lat="44.202718733" lon="4.724571746">
        <ele>37.29</ele>
      </trkpt>
      <trkpt lat="44.20407053" lon="4.724142707">
        <ele>37.43</ele>
      </trkpt>
      <trkpt lat="44.205229216" lon="4.723842208">
        <ele>38.01</ele>
      </trkpt>
      <trkpt lat="44.206259207" lon="4.723713517">
        <ele>38.28</ele>
      </trkpt>
      <trkpt lat="44.208319135" lon="4.723734738">
        <ele>38.28</ele>
      </trkpt>
      <trkpt lat="44.209177557" lon="4.723799096">
        <ele>38.5</ele>
      </trkpt>
      <trkpt lat="44.209520774" lon="4.72382078">
        <ele>38.78</ele>
      </trkpt>
      <trkpt lat="44.210035839" lon="4.723777836">
        <ele>39.33</ele>
      </trkpt>
      <trkpt lat="44.210743879" lon="4.72343433">
        <ele>39.97</ele>
      </trkpt>
      <trkpt lat="44.210808226" lon="4.723413001">
        <ele>40.43</ele>
      </trkpt>
      <trkpt lat="44.210808226" lon="4.723413001">
        <ele>40.51</ele>
      </trkpt>
      <trkpt lat="44.211108702" lon="4.723413108">
        <ele>40.31</ele>
      </trkpt>
      <trkpt lat="44.211602234" lon="4.72347728">
        <ele>39.88</ele>
      </trkpt>
      <trkpt lat="44.211838294" lon="4.72347731">
        <ele>39.03</ele>
      </trkpt>
      <trkpt lat="44.212932561" lon="4.723091058">
        <ele>38.66</ele>
      </trkpt>
      <trkpt lat="44.214284479" lon="4.722404668">
        <ele>38.16</ele>
      </trkpt>
      <trkpt lat="44.215300575" lon="4.721715574">
        <ele>37.72</ele>
      </trkpt>
      <trkpt lat="44.215550365" lon="4.721546266">
        <ele>37.25</ele>
      </trkpt>
      <trkpt lat="44.217202711" lon="4.720087006">
        <ele>37.36</ele>
      </trkpt>
      <trkpt lat="44.21833993" lon="4.719035705">
        <ele>37.7</ele>
      </trkpt>
      <trkpt lat="44.218661785" lon="4.718627821">
        <ele>38.69</ele>
      </trkpt>
      <trkpt lat="44.218833456" lon="4.718177455">
        <ele>40.13</ele>
      </trkpt>
      <trkpt lat="44.219026616" lon="4.71785543">
        <ele>40.71</ele>
      </trkpt>
      <trkpt lat="44.219262662" lon="4.717683801">
        <ele>41.2</ele>
      </trkpt>
      <trkpt lat="44.219584528" lon="4.71749073">
        <ele>40.93</ele>
      </trkpt>
      <trkpt lat="44.219949265" lon="4.717233228">
        <ele>39.92</ele>
      </trkpt>
      <trkpt lat="44.220807525" lon="4.71624625">
        <ele>38.86</ele>
      </trkpt>
      <trkpt lat="44.222631447" lon="4.714207465">
        <ele>38.27</ele>
      </trkpt>
      <trkpt lat="44.222688492" lon="4.71415499">
        <ele>37.75</ele>
      </trkpt>
      <trkpt lat="44.224240811" lon="4.712726984">
        <ele>37.4</ele>
      </trkpt>
      <trkpt lat="44.22456259" lon="4.712469638">
        <ele>37.38</ele>
      </trkpt>
      <trkpt lat="44.225163441" lon="4.710345297">
        <ele>37.48</ele>
      </trkpt>
      <trkpt lat="44.225313657" lon="4.709787536">
        <ele>37.72</ele>
      </trkpt>
      <trkpt lat="44.227974479" lon="4.710152025">
        <ele>38.46</ele>
      </trkpt>
      <trkpt lat="44.230057772" lon="4.708994708">
        <ele>39.5</ele>
      </trkpt>
      <trkpt lat="44.230484972" lon="4.708757391">
        <ele>40.37</ele>
      </trkpt>
      <trkpt lat="44.230592311" lon="4.708628772">
        <ele>40.7</ele>
      </trkpt>
      <trkpt lat="44.230506399" lon="4.70849997">
        <ele>41.48</ele>
      </trkpt>
      <trkpt lat="44.230527927" lon="4.708435632">
        <ele>41.7</ele>
      </trkpt>
      <trkpt lat="44.230570795" lon="4.708371184">
        <ele>41.06</ele>
      </trkpt>
      <trkpt lat="44.230613734" lon="4.70832815">
        <ele>40.72</ele>
      </trkpt>
      <trkpt lat="44.230978474" lon="4.708199387">
        <ele>40.38</ele>
      </trkpt>
      <trkpt lat="44.231042809" lon="4.708135209">
        <ele>39.97</ele>
      </trkpt>
      <trkpt lat="44.231085739" lon="4.708049351">
        <ele>39.65</ele>
      </trkpt>
      <trkpt lat="44.231236006" lon="4.70783487">
        <ele>39.99</ele>
      </trkpt>
      <trkpt lat="44.231536409" lon="4.708135036">
        <ele>39.98</ele>
      </trkpt>
      <trkpt lat="44.231686581" lon="4.708135047">
        <ele>40.14</ele>
      </trkpt>
      <trkpt lat="44.232061046" lon="4.707936701">
        <ele>40.22</ele>
      </trkpt>
      <trkpt lat="44.232416167" lon="4.70774904">
        <ele>40.12</ele>
      </trkpt>
      <trkpt lat="44.232523388" lon="4.70770606">
        <ele>40.13</ele>
      </trkpt>
      <trkpt lat="44.233252988" lon="4.707362492">
        <ele>40.3</ele>
      </trkpt>
      <trkpt lat="44.234197171" lon="4.707019357">
        <ele>40.4</ele>
      </trkpt>
      <trkpt lat="44.235591876" lon="4.706675857">
        <ele>40.38</ele>
      </trkpt>
      <trkpt lat="44.23632138" lon="4.706590347">
        <ele>40.5</ele>
      </trkpt>
      <trkpt lat="44.236471688" lon="4.706590358">
        <ele>40.41</ele>
      </trkpt>
      <trkpt lat="44.236814909" lon="4.706568744">
        <ele>40.41</ele>
      </trkpt>
      <trkpt lat="44.236943742" lon="4.706568861">
        <ele>40.3</ele>
      </trkpt>
      <trkpt lat="44.237201208" lon="4.706547298">
        <ele>40.26</ele>
      </trkpt>
      <trkpt lat="44.237930804" lon="4.706568859">
        <ele>40.02</ele>
      </trkpt>
      <trkpt lat="44.238016619" lon="4.70650419">
        <ele>39.97</ele>
      </trkpt>
      <trkpt lat="44.238016585" lon="4.706332498">
        <ele>39.74</ele>
      </trkpt>
      <trkpt lat="44.237802" lon="4.705688876">
        <ele>39.63</ele>
      </trkpt>
      <trkpt lat="44.238746235" lon="4.70560304">
        <ele>39.6</ele>
      </trkpt>
      <trkpt lat="44.239540162" lon="4.705517193">
        <ele>40.4</ele>
      </trkpt>
      <trkpt lat="44.239926388" lon="4.705474321">
        <ele>40.72</ele>
      </trkpt>
      <trkpt lat="44.240956307" lon="4.705367008">
        <ele>40.79</ele>
      </trkpt>
      <trkpt lat="44.241342596" lon="4.70530272">
        <ele>40.76</ele>
      </trkpt>
      <trkpt lat="44.241535712" lon="4.705302887">
        <ele>40.9</ele>
      </trkpt>
      <trkpt lat="44.24185759" lon="4.705238166">
        <ele>40.15</ele>
      </trkpt>
      <trkpt lat="44.242200816" lon="4.70525975">
        <ele>39.96</ele>
      </trkpt>
      <trkpt lat="44.243187905" lon="4.7053886">
        <ele>40.27</ele>
      </trkpt>
      <trkpt lat="44.243381089" lon="4.705366977">
        <ele>40.35</ele>
      </trkpt>
      <trkpt lat="44.243531251" lon="4.705324147">
        <ele>40.48</ele>
      </trkpt>
      <trkpt lat="44.243681467" lon="4.705217069">
        <ele>40.78</ele>
      </trkpt>
      <trkpt lat="44.243810213" lon="4.705109722">
        <ele>40.71</ele>
      </trkpt>
      <trkpt lat="44.243960351" lon="4.704938014">
        <ele>41.32</ele>
      </trkpt>
      <trkpt lat="44.244058463" lon="4.704672689">
        <ele>42.1</ele>
      </trkpt>
      <trkpt lat="44.244810564" lon="4.702609013">
        <ele>40.81</ele>
      </trkpt>
      <trkpt lat="44.244894189" lon="4.702386333">
        <ele>39.46</ele>
      </trkpt>
      <trkpt lat="44.245403527" lon="4.701003152">
        <ele>38.28</ele>
      </trkpt>
      <trkpt lat="44.245484566" lon="4.700783541">
        <ele>36.36</ele>
      </trkpt>
      <trkpt lat="44.245496409" lon="4.700752635">
        <ele>35.1</ele>
      </trkpt>
      <trkpt lat="44.245436404" lon="4.700720157">
        <ele>35.67</ele>
      </trkpt>
      <trkpt lat="44.245359781" lon="4.700671694">
        <ele>36.22</ele>
      </trkpt>
      <trkpt lat="44.245339799" lon="4.700658236">
        <ele>36.78</ele>
      </trkpt>
      <trkpt lat="44.245333551" lon="4.700653311">
        <ele>37.34</ele>
      </trkpt>
      <trkpt lat="44.245329264" lon="4.70064743">
        <ele>37.3</ele>
      </trkpt>
      <trkpt lat="44.245326699" lon="4.700640247">
        <ele>37.33</ele>
      </trkpt>
      <trkpt lat="44.245325552" lon="4.700631339">
        <ele>37.37</ele>
      </trkpt>
      <trkpt lat="44.245325623" lon="4.700617098">
        <ele>37.45</ele>
      </trkpt>
      <trkpt lat="44.245326408" lon="4.700610548">
        <ele>37.55</ele>
      </trkpt>
      <trkpt lat="44.245330721" lon="4.700600437">
        <ele>37.83</ele>
      </trkpt>
      <trkpt lat="44.245335777" lon="4.700592242">
        <ele>37.33</ele>
      </trkpt>
      <trkpt lat="44.245367797" lon="4.700551432">
        <ele>36.94</ele>
      </trkpt>
      <trkpt lat="44.2454327" lon="4.700476195">
        <ele>36.65</ele>
      </trkpt>
      <trkpt lat="44.245451787" lon="4.700451489">
        <ele>36.58</ele>
      </trkpt>
      <trkpt lat="44.24547439" lon="4.700406816">
        <ele>37.81</ele>
      </trkpt>
      <trkpt lat="44.24551677" lon="4.700292851">
        <ele>39.83</ele>
      </trkpt>
      <trkpt lat="44.245560752" lon="4.700178934">
        <ele>41.72</ele>
      </trkpt>
      <trkpt lat="44.245614557" lon="4.700051928">
        <ele>43.44</ele>
      </trkpt>
      <trkpt lat="44.245666247" lon="4.699923373">
        <ele>44.66</ele>
      </trkpt>
      <trkpt lat="44.24568958" lon="4.699866082">
        <ele>44.29</ele>
      </trkpt>
      <trkpt lat="44.245761929" lon="4.699714812">
        <ele>43.76</ele>
      </trkpt>
      <trkpt lat="44.245791586" lon="4.699657939">
        <ele>43.09</ele>
      </trkpt>
      <trkpt lat="44.245831343" lon="4.699585929">
        <ele>42.22</ele>
      </trkpt>
      <trkpt lat="44.245885371" lon="4.6994949">
        <ele>41.5</ele>
      </trkpt>
      <trkpt lat="44.245926674" lon="4.699429226">
        <ele>41.19</ele>
      </trkpt>
      <trkpt lat="44.245960753" lon="4.699378777">
        <ele>41</ele>
      </trkpt>
      <trkpt lat="44.245979641" lon="4.699353607">
        <ele>40.97</ele>
      </trkpt>
      <trkpt lat="44.246005953" lon="4.699326945">
        <ele>41.16</ele>
      </trkpt>
      <trkpt lat="44.246054058" lon="4.699279514">
        <ele>41.44</ele>
      </trkpt>
      <trkpt lat="44.246070231" lon="4.699264246">
        <ele>41.42</ele>
      </trkpt>
      <trkpt lat="44.246082394" lon="4.699248597">
        <ele>41.38</ele>
      </trkpt>
      <trkpt lat="44.246092539" lon="4.6992306">
        <ele>41.36</ele>
      </trkpt>
      <trkpt lat="44.246102283" lon="4.699207932">
        <ele>41.34</ele>
      </trkpt>
      <trkpt lat="44.246106912" lon="4.699194873">
        <ele>41.33</ele>
      </trkpt>
      <trkpt lat="44.246109672" lon="4.699179998">
        <ele>41.34</ele>
      </trkpt>
      <trkpt lat="44.246111133" lon="4.699167284">
        <ele>41.35</ele>
      </trkpt>
      <trkpt lat="44.246110974" lon="4.699157162">
        <ele>41.37</ele>
      </trkpt>
      <trkpt lat="44.24610988" lon="4.699146131">
        <ele>41.4</ele>
      </trkpt>
      <trkpt lat="44.246107817" lon="4.699136391">
        <ele>41.45</ele>
      </trkpt>
      <trkpt lat="44.246104214" lon="4.699123966">
        <ele>41.53</ele>
      </trkpt>
      <trkpt lat="44.24609967" lon="4.699111072">
        <ele>41.33</ele>
      </trkpt>
      <trkpt lat="44.246088054" lon="4.699085209">
        <ele>41.12</ele>
      </trkpt>
      <trkpt lat="44.24604964" lon="4.699013232">
        <ele>40.89</ele>
      </trkpt>
      <trkpt lat="44.246020428" lon="4.698959568">
        <ele>40.65</ele>
      </trkpt>
      <trkpt lat="44.246014372" lon="4.69894223">
        <ele>40.36</ele>
      </trkpt>
      <trkpt lat="44.246010158" lon="4.698928467">
        <ele>40.35</ele>
      </trkpt>
      <trkpt lat="44.246007181" lon="4.6989165">
        <ele>40.33</ele>
      </trkpt>
      <trkpt lat="44.246002777" lon="4.698901723">
        <ele>40.31</ele>
      </trkpt>
      <trkpt lat="44.246000198" lon="4.698884489">
        <ele>40.29</ele>
      </trkpt>
      <trkpt lat="44.245999521" lon="4.698866873">
        <ele>40.26</ele>
      </trkpt>
      <trkpt lat="44.246000371" lon="4.698852821">
        <ele>40.22</ele>
      </trkpt>
      <trkpt lat="44.246003784" lon="4.698836646">
        <ele>40.14</ele>
      </trkpt>
      <trkpt lat="44.24600771" lon="4.69882178">
        <ele>40.03</ele>
      </trkpt>
      <trkpt lat="44.246038038" lon="4.698719204">
        <ele>39.97</ele>
      </trkpt>
      <trkpt lat="44.246070178" lon="4.698645317">
        <ele>39.61</ele>
      </trkpt>
      <trkpt lat="44.246114665" lon="4.698094094">
        <ele>39.32</ele>
      </trkpt>
      <trkpt lat="44.246281984" lon="4.696036245">
        <ele>39.13</ele>
      </trkpt>
      <trkpt lat="44.246416397" lon="4.694379973">
        <ele>38.93</ele>
      </trkpt>
      <trkpt lat="44.246516273" lon="4.693159452">
        <ele>38.61</ele>
      </trkpt>
      <trkpt lat="44.246564186" lon="4.692762409">
        <ele>38.6</ele>
      </trkpt>
      <trkpt lat="44.24660848" lon="4.692357322">
        <ele>38.91</ele>
      </trkpt>
      <trkpt lat="44.246638694" lon="4.691946409">
        <ele>39.5</ele>
      </trkpt>
      <trkpt lat="44.246671825" lon="4.691531659">
        <ele>39.57</ele>
      </trkpt>
      <trkpt lat="44.246706576" lon="4.691176225">
        <ele>39.54</ele>
      </trkpt>
      <trkpt lat="44.246730708" lon="4.690784817">
        <ele>39.52</ele>
      </trkpt>
      <trkpt lat="44.246735004" lon="4.69062172">
        <ele>39.1</ele>
      </trkpt>
      <trkpt lat="44.246740733" lon="4.690388898">
        <ele>38.29</ele>
      </trkpt>
      <trkpt lat="44.246741085" lon="4.690279629">
        <ele>38.07</ele>
      </trkpt>
      <trkpt lat="44.24674195" lon="4.690053196">
        <ele>38.16</ele>
      </trkpt>
      <trkpt lat="44.246742679" lon="4.689971591">
        <ele>38.28</ele>
      </trkpt>
      <trkpt lat="44.246745813" lon="4.689680733">
        <ele>38.58</ele>
      </trkpt>
      <trkpt lat="44.246746542" lon="4.689599127">
        <ele>38.84</ele>
      </trkpt>
      <trkpt lat="44.246744758" lon="4.689317291">
        <ele>38.98</ele>
      </trkpt>
      <trkpt lat="44.246752779" lon="4.688926558">
        <ele>38.92</ele>
      </trkpt>
      <trkpt lat="44.246780496" lon="4.68854451">
        <ele>39.02</ele>
      </trkpt>
      <trkpt lat="44.246834746" lon="4.688253047">
        <ele>38.92</ele>
      </trkpt>
      <trkpt lat="44.24689248" lon="4.687930123">
        <ele>38.98</ele>
      </trkpt>
      <trkpt lat="44.246941961" lon="4.687636406">
        <ele>39.17</ele>
      </trkpt>
      <trkpt lat="44.246965584" lon="4.687503793">
        <ele>39.27</ele>
      </trkpt>
      <trkpt lat="44.246979056" lon="4.68743548">
        <ele>39.32</ele>
      </trkpt>
      <trkpt lat="44.247013509" lon="4.687197593">
        <ele>39.64</ele>
      </trkpt>
      <trkpt lat="44.247048624" lon="4.686800695">
        <ele>39.95</ele>
      </trkpt>
      <trkpt lat="44.247016731" lon="4.686486718">
        <ele>40.29</ele>
      </trkpt>
      <trkpt lat="44.24696725" lon="4.686176653">
        <ele>40.67</ele>
      </trkpt>
      <trkpt lat="44.246937994" lon="4.686052958">
        <ele>40.92</ele>
      </trkpt>
      <trkpt lat="44.246914122" lon="4.685952025">
        <ele>40.71</ele>
      </trkpt>
      <trkpt lat="44.246898498" lon="4.685884605">
        <ele>40.49</ele>
      </trkpt>
      <trkpt lat="44.246798004" lon="4.685499092">
        <ele>40.09</ele>
      </trkpt>
      <trkpt lat="44.24675555" lon="4.685330849">
        <ele>39.82</ele>
      </trkpt>
      <trkpt lat="44.246697748" lon="4.685103406">
        <ele>39.45</ele>
      </trkpt>
      <trkpt lat="44.246669697" lon="4.684994325">
        <ele>39.23</ele>
      </trkpt>
      <trkpt lat="44.246599516" lon="4.684724259">
        <ele>38.97</ele>
      </trkpt>
      <trkpt lat="44.246503069" lon="4.684396533">
        <ele>38.79</ele>
      </trkpt>
      <trkpt lat="44.246377737" lon="4.684046598">
        <ele>38.52</ele>
      </trkpt>
      <trkpt lat="44.246290017" lon="4.683754772">
        <ele>38.29</ele>
      </trkpt>
      <trkpt lat="44.246244157" lon="4.683591004">
        <ele>38.13</ele>
      </trkpt>
      <trkpt lat="44.246188702" lon="4.683387359">
        <ele>37.94</ele>
      </trkpt>
      <trkpt lat="44.246168568" lon="4.683307561">
        <ele>37.87</ele>
      </trkpt>
      <trkpt lat="44.246103573" lon="4.683061403">
        <ele>37.83</ele>
      </trkpt>
      <trkpt lat="44.246053135" lon="4.682751307">
        <ele>37.89</ele>
      </trkpt>
      <trkpt lat="44.246044932" lon="4.682489157">
        <ele>37.89</ele>
      </trkpt>
      <trkpt lat="44.24605895" lon="4.682421058">
        <ele>38</ele>
      </trkpt>
      <trkpt lat="44.246085373" lon="4.682286188">
        <ele>38.05</ele>
      </trkpt>
      <trkpt lat="44.246129157" lon="4.68205825">
        <ele>38.12</ele>
      </trkpt>
      <trkpt lat="44.24612776" lon="4.68192609">
        <ele>38.17</ele>
      </trkpt>
      <trkpt lat="44.246179651" lon="4.681749083">
        <ele>38.42</ele>
      </trkpt>
      <trkpt lat="44.246180634" lon="4.681516074">
        <ele>38.76</ele>
      </trkpt>
      <trkpt lat="44.24614588" lon="4.681225693">
        <ele>39.06</ele>
      </trkpt>
      <trkpt lat="44.246092671" lon="4.68095828">
        <ele>39.12</ele>
      </trkpt>
      <trkpt lat="44.246014481" lon="4.680662887">
        <ele>39.11</ele>
      </trkpt>
      <trkpt lat="44.24595026" lon="4.68037858">
        <ele>38.93</ele>
      </trkpt>
      <trkpt lat="44.245915754" lon="4.680029621">
        <ele>38.78</ele>
      </trkpt>
      <trkpt lat="44.245906331" lon="4.6797962">
        <ele>38.63</ele>
      </trkpt>
      <trkpt lat="44.245905972" lon="4.679721138">
        <ele>38.69</ele>
      </trkpt>
      <trkpt lat="44.245905775" lon="4.679638181">
        <ele>38.83</ele>
      </trkpt>
      <trkpt lat="44.245916405" lon="4.679486155">
        <ele>39.15</ele>
      </trkpt>
      <trkpt lat="44.245930154" lon="4.67941795">
        <ele>39.31</ele>
      </trkpt>
      <trkpt lat="44.245949513" lon="4.679315179">
        <ele>39.27</ele>
      </trkpt>
      <trkpt lat="44.245964127" lon="4.679237597">
        <ele>39.24</ele>
      </trkpt>
      <trkpt lat="44.246003966" lon="4.679094342">
        <ele>39.42</ele>
      </trkpt>
      <trkpt lat="44.246039701" lon="4.678966725">
        <ele>39.41</ele>
      </trkpt>
      <trkpt lat="44.246120463" lon="4.678719758">
        <ele>39.21</ele>
      </trkpt>
      <trkpt lat="44.246208028" lon="4.678417759">
        <ele>39.13</ele>
      </trkpt>
      <trkpt lat="44.246258131" lon="4.678235411">
        <ele>39.36</ele>
      </trkpt>
      <trkpt lat="44.246287732" lon="4.678129932">
        <ele>39.53</ele>
      </trkpt>
      <trkpt lat="44.246377187" lon="4.677828007">
        <ele>39.74</ele>
      </trkpt>
      <trkpt lat="44.246457024" lon="4.6775336">
        <ele>39.87</ele>
      </trkpt>
      <trkpt lat="44.246520112" lon="4.677271448">
        <ele>40.37</ele>
      </trkpt>
      <trkpt lat="44.246564688" lon="4.676988812">
        <ele>40.14</ele>
      </trkpt>
      <trkpt lat="44.246554495" lon="4.676700061">
        <ele>39.8</ele>
      </trkpt>
      <trkpt lat="44.246524443" lon="4.676410525">
        <ele>39.44</ele>
      </trkpt>
      <trkpt lat="44.246521842" lon="4.676120756">
        <ele>39.32</ele>
      </trkpt>
      <trkpt lat="44.246528776" lon="4.675827417">
        <ele>38.93</ele>
      </trkpt>
      <trkpt lat="44.246560669" lon="4.675702277">
        <ele>38.96</ele>
      </trkpt>
      <trkpt lat="44.246580249" lon="4.675624051">
        <ele>38.94</ele>
      </trkpt>
      <trkpt lat="44.246705959" lon="4.675539486">
        <ele>38.86</ele>
      </trkpt>
      <trkpt lat="44.246899492" lon="4.675516851">
        <ele>38.84</ele>
      </trkpt>
      <trkpt lat="44.247096025" lon="4.675486433">
        <ele>38.79</ele>
      </trkpt>
      <trkpt lat="44.2472682" lon="4.675351036">
        <ele>38.75</ele>
      </trkpt>
      <trkpt lat="44.247453044" lon="4.675197705">
        <ele>38.73</ele>
      </trkpt>
      <trkpt lat="44.247647962" lon="4.675014488">
        <ele>38.77</ele>
      </trkpt>
      <trkpt lat="44.247829319" lon="4.674846533">
        <ele>38.69</ele>
      </trkpt>
      <trkpt lat="44.24802197" lon="4.674681657">
        <ele>38.77</ele>
      </trkpt>
      <trkpt lat="44.248219892" lon="4.674536739">
        <ele>38.93</ele>
      </trkpt>
      <trkpt lat="44.248443836" lon="4.674415231">
        <ele>38.98</ele>
      </trkpt>
      <trkpt lat="44.248576872" lon="4.674365843">
        <ele>39.01</ele>
      </trkpt>
      <trkpt lat="44.248639337" lon="4.674342634">
        <ele>39.05</ele>
      </trkpt>
      <trkpt lat="44.248854876" lon="4.674215527">
        <ele>38.92</ele>
      </trkpt>
      <trkpt lat="44.249024488" lon="4.674112938">
        <ele>38.71</ele>
      </trkpt>
      <trkpt lat="44.249077171" lon="4.6740821">
        <ele>38.64</ele>
      </trkpt>
      <trkpt lat="44.249252014" lon="4.673908615">
        <ele>38.62</ele>
      </trkpt>
      <trkpt lat="44.249307392" lon="4.673838383">
        <ele>38.65</ele>
      </trkpt>
      <trkpt lat="44.249353555" lon="4.67380597">
        <ele>38.73</ele>
      </trkpt>
      <trkpt lat="44.249369792" lon="4.67379457">
        <ele>38.79</ele>
      </trkpt>
      <trkpt lat="44.249370125" lon="4.673794336">
        <ele>38.87</ele>
      </trkpt>
      <trkpt lat="44.249370409" lon="4.673794">
        <ele>39.02</ele>
      </trkpt>
      <trkpt lat="44.249421634" lon="4.673733372">
        <ele>39.17</ele>
      </trkpt>
      <trkpt lat="44.249519339" lon="4.673609083">
        <ele>39.28</ele>
      </trkpt>
      <trkpt lat="44.249660598" lon="4.673365141">
        <ele>39.4</ele>
      </trkpt>
      <trkpt lat="44.249734904" lon="4.673202168">
        <ele>39.5</ele>
      </trkpt>
      <trkpt lat="44.249781469" lon="4.673099984">
        <ele>39.5</ele>
      </trkpt>
      <trkpt lat="44.24990454" lon="4.67272694">
        <ele>39.55</ele>
      </trkpt>
      <trkpt lat="44.249976101" lon="4.672466418">
        <ele>39.45</ele>
      </trkpt>
      <trkpt lat="44.250019952" lon="4.672288414">
        <ele>39.43</ele>
      </trkpt>
      <trkpt lat="44.250043173" lon="4.672193869">
        <ele>39.46</ele>
      </trkpt>
      <trkpt lat="44.250120407" lon="4.671933569">
        <ele>39.54</ele>
      </trkpt>
      <trkpt lat="44.250210148" lon="4.671663229">
        <ele>39.64</ele>
      </trkpt>
      <trkpt lat="44.250290734" lon="4.671424127">
        <ele>39.99</ele>
      </trkpt>
      <trkpt lat="44.250350254" lon="4.671243447">
        <ele>40.11</ele>
      </trkpt>
      <trkpt lat="44.250385792" lon="4.671125026">
        <ele>40.31</ele>
      </trkpt>
      <trkpt lat="44.250447227" lon="4.671082681">
        <ele>40.46</ele>
      </trkpt>
      <trkpt lat="44.250524274" lon="4.671017249">
        <ele>40.8</ele>
      </trkpt>
      <trkpt lat="44.250630683" lon="4.670904256">
        <ele>41</ele>
      </trkpt>
      <trkpt lat="44.250734845" lon="4.670762205">
        <ele>41.34</ele>
      </trkpt>
      <trkpt lat="44.250769443" lon="4.67068983">
        <ele>41.43</ele>
      </trkpt>
      <trkpt lat="44.250802045" lon="4.670622645">
        <ele>41.45</ele>
      </trkpt>
      <trkpt lat="44.250863455" lon="4.670442038">
        <ele>41.1</ele>
      </trkpt>
      <trkpt lat="44.2510954" lon="4.669741453">
        <ele>40.94</ele>
      </trkpt>
      <trkpt lat="44.25128605" lon="4.669163009">
        <ele>40.55</ele>
      </trkpt>
      <trkpt lat="44.252070888" lon="4.666731568">
        <ele>40.17</ele>
      </trkpt>
      <trkpt lat="44.252131506" lon="4.666543021">
        <ele>40.63</ele>
      </trkpt>
      <trkpt lat="44.252194795" lon="4.666455971">
        <ele>40.53</ele>
      </trkpt>
      <trkpt lat="44.252327982" lon="4.666375625">
        <ele>40.29</ele>
      </trkpt>
      <trkpt lat="44.252485863" lon="4.666290981">
        <ele>40.24</ele>
      </trkpt>
      <trkpt lat="44.25328414" lon="4.665897074">
        <ele>40.23</ele>
      </trkpt>
      <trkpt lat="44.253770781" lon="4.665655499">
        <ele>39.57</ele>
      </trkpt>
      <trkpt lat="44.254601582" lon="4.665244422">
        <ele>39.68</ele>
      </trkpt>
      <trkpt lat="44.25527177" lon="4.664912609">
        <ele>39.69</ele>
      </trkpt>
      <trkpt lat="44.255433326" lon="4.66483337">
        <ele>39.79</ele>
      </trkpt>
      <trkpt lat="44.255622628" lon="4.664739419">
        <ele>39.95</ele>
      </trkpt>
      <trkpt lat="44.255898801" lon="4.664602525">
        <ele>39.81</ele>
      </trkpt>
      <trkpt lat="44.255951686" lon="4.664576311">
        <ele>40.18</ele>
      </trkpt>
      <trkpt lat="44.255810108" lon="4.663348943">
        <ele>40.47</ele>
      </trkpt>
      <trkpt lat="44.255735186" lon="4.662428945">
        <ele>40.73</ele>
      </trkpt>
      <trkpt lat="44.255452785" lon="4.660733789">
        <ele>40.71</ele>
      </trkpt>
      <trkpt lat="44.255493128" lon="4.6607472">
        <ele>40.89</ele>
      </trkpt>
      <trkpt lat="44.255974241" lon="4.660983576">
        <ele>40.62</ele>
      </trkpt>
      <trkpt lat="44.256057927" lon="4.661010057">
        <ele>40.38</ele>
      </trkpt>
      <trkpt lat="44.256263481" lon="4.660975188">
        <ele>40.55</ele>
      </trkpt>
      <trkpt lat="44.257129876" lon="4.660716355">
        <ele>40.83</ele>
      </trkpt>
      <trkpt lat="44.257571629" lon="4.660341123">
        <ele>41.26</ele>
      </trkpt>
      <trkpt lat="44.25807694" lon="4.659685045">
        <ele>41.58</ele>
      </trkpt>
      <trkpt lat="44.258682055" lon="4.65961799">
        <ele>42.26</ele>
      </trkpt>
      <trkpt lat="44.259014385" lon="4.659499973">
        <ele>42.46</ele>
      </trkpt>
      <trkpt lat="44.259158458" lon="4.659526795">
        <ele>42.71</ele>
      </trkpt>
      <trkpt lat="44.259267953" lon="4.659628719">
        <ele>42.91</ele>
      </trkpt>
      <trkpt lat="44.2594005" lon="4.659808427">
        <ele>42.83</ele>
      </trkpt>
      <trkpt lat="44.259569545" lon="4.659864753">
        <ele>42.52</ele>
      </trkpt>
      <trkpt lat="44.260287018" lon="4.659719579">
        <ele>42.4</ele>
      </trkpt>
      <trkpt lat="44.260361935" lon="4.659692086">
        <ele>42.44</ele>
      </trkpt>
      <trkpt lat="44.260473349" lon="4.659634754">
        <ele>42.33</ele>
      </trkpt>
      <trkpt lat="44.260629142" lon="4.659527984">
        <ele>42.96</ele>
      </trkpt>
      <trkpt lat="44.260654605" lon="4.659512503">
        <ele>43.72</ele>
      </trkpt>
      <trkpt lat="44.26078838" lon="4.65942286">
        <ele>44.31</ele>
      </trkpt>
      <trkpt lat="44.260940133" lon="4.659305178">
        <ele>44.28</ele>
      </trkpt>
      <trkpt lat="44.2609968" lon="4.659288414">
        <ele>44.34</ele>
      </trkpt>
      <trkpt lat="44.261036178" lon="4.659311883">
        <ele>44.22</ele>
      </trkpt>
      <trkpt lat="44.261064992" lon="4.659374245">
        <ele>44.26</ele>
      </trkpt>
      <trkpt lat="44.261011687" lon="4.659543224">
        <ele>44.12</ele>
      </trkpt>
      <trkpt lat="44.260968466" lon="4.659729637">
        <ele>44.65</ele>
      </trkpt>
      <trkpt lat="44.260984794" lon="4.66009777">
        <ele>44.82</ele>
      </trkpt>
      <trkpt lat="44.260968466" lon="4.66057051">
        <ele>44.88</ele>
      </trkpt>
      <trkpt lat="44.260927647" lon="4.660767987">
        <ele>44.24</ele>
      </trkpt>
      <trkpt lat="44.261014088" lon="4.66134198">
        <ele>43.6</ele>
      </trkpt>
      <trkpt lat="44.261148552" lon="4.661989734">
        <ele>42.84</ele>
      </trkpt>
      <trkpt lat="44.261205218" lon="4.662346467">
        <ele>42.35</ele>
      </trkpt>
      <trkpt lat="44.261268608" lon="4.662621394">
        <ele>41.68</ele>
      </trkpt>
      <trkpt lat="44.261332553" lon="4.662747924">
        <ele>41.4</ele>
      </trkpt>
      <trkpt lat="44.261391597" lon="4.662817939">
        <ele>41.3</ele>
      </trkpt>
      <trkpt lat="44.26139" lon="4.662819">
        <ele>43.5</ele>
        <extensions>
          <gpxtpx:TrackPointExtension>
            <gpxtpx:Extensions>
              <reversedirection>yes</reversedirection>
              <highway>tertiary</highway>
              <oneway>yes</oneway>
            </gpxtpx:Extensions>
          </gpxtpx:TrackPointExtension>
        </extensions>
      </trkpt>
      <trkpt lat="44.261471" lon="4.662833">
        <ele>43.75</ele>
        <extensions>
          <gpxtpx:TrackPointExtension>
            <gpxtpx:Extensions>
              <highway>tertiary</highway>
              <route_bicycle_ncn>yes</route_bicycle_ncn>
            </gpxtpx:Extensions>
          </gpxtpx:TrackPointExtension>
        </extensions>
      </trkpt>
      <trkpt lat="44.261561" lon="4.66283">
        <ele>43.75</ele>
        <extensions>
          <gpxtpx:TrackPointExtension>
            <gpxtpx:Extensions>
              <highway>tertiary</highway>
              <route_bicycle_ncn>yes</route_bicycle_ncn>
            </gpxtpx:Extensions>
          </gpxtpx:TrackPointExtension>
        </extensions>
      </trkpt>
      <trkpt lat="44.261639" lon="4.662859">
        <ele>44</ele>
        <extensions>
          <gpxtpx:TrackPointExtension>
            <gpxtpx:Extensions>
              <highway>tertiary</highway>
              <route_bicycle_ncn>yes</route_bicycle_ncn>
            </gpxtpx:Extensions>
          </gpxtpx:TrackPointExtension>
        </extensions>
      </trkpt>
      <trkpt lat="44.261758" lon="4.662934">
        <ele>43.5</ele>
        <extensions>
          <gpxtpx:TrackPointExtension>
            <gpxtpx:Extensions>
              <highway>tertiary</highway>
              <route_bicycle_ncn>yes</route_bicycle_ncn>
            </gpxtpx:Extensions>
          </gpxtpx:TrackPointExtension>
        </extensions>
      </trkpt>
      <trkpt lat="44.262002" lon="4.663296">
        <ele>42</ele>
        <extensions>
          <gpxtpx:TrackPointExtension>
            <gpxtpx:Extensions>
              <highway>tertiary</highway>
              <route_bicycle_ncn>yes</route_bicycle_ncn>
            </gpxtpx:Extensions>
          </gpxtpx:TrackPointExtension>
        </extensions>
      </trkpt>
      <trkpt lat="44.262068" lon="4.663397">
        <ele>41.75</ele>
        <extensions>
          <gpxtpx:TrackPointExtension>
            <gpxtpx:Extensions>
              <highway>tertiary</highway>
              <route_bicycle_ncn>yes</route_bicycle_ncn>
            </gpxtpx:Extensions>
          </gpxtpx:TrackPointExtension>
        </extensions>
      </trkpt>
      <trkpt lat="44.262247" lon="4.663616">
        <ele>41.5</ele>
        <extensions>
          <gpxtpx:TrackPointExtension>
            <gpxtpx:Extensions>
              <highway>tertiary</highway>
              <route_bicycle_ncn>yes</route_bicycle_ncn>
            </gpxtpx:Extensions>
          </gpxtpx:TrackPointExtension>
        </extensions>
      </trkpt>
      <trkpt lat="44.262469" lon="4.663808">
        <ele>41</ele>
      </trkpt>
      <trkpt lat="44.26246742" lon="4.663816039">
        <ele>40.76</ele>
      </trkpt>
      <trkpt lat="44.263522457" lon="4.664479009">
        <ele>40.45</ele>
      </trkpt>
      <trkpt lat="44.263952147" lon="4.664298296">
        <ele>40.41</ele>
      </trkpt>
      <trkpt lat="44.265090296" lon="4.664194857">
        <ele>40.63</ele>
      </trkpt>
      <trkpt lat="44.266513234" lon="4.664053204">
        <ele>40.8</ele>
      </trkpt>
      <trkpt lat="44.267363586" lon="4.664136055">
        <ele>41.6</ele>
      </trkpt>
      <trkpt lat="44.268692518" lon="4.665127078">
        <ele>42.49</ele>
      </trkpt>
      <trkpt lat="44.269659686" lon="4.666449756">
        <ele>42.57</ele>
      </trkpt>
      <trkpt lat="44.270112812" lon="4.666862865">
        <ele>42.37</ele>
      </trkpt>
      <trkpt lat="44.270513052" lon="4.666384535">
        <ele>42.46</ele>
      </trkpt>
      <trkpt lat="44.272208734" lon="4.666797183">
        <ele>41.83</ele>
      </trkpt>
      <trkpt lat="44.273034653" lon="4.666335598">
        <ele>41.41</ele>
      </trkpt>
      <trkpt lat="44.274202254" lon="4.666529807">
        <ele>41.53</ele>
      </trkpt>
      <trkpt lat="44.274656377" lon="4.666893584">
        <ele>42.26</ele>
      </trkpt>
      <trkpt lat="44.27593977" lon="4.668377133">
        <ele>42.38</ele>
      </trkpt>
      <trkpt lat="44.27707924" lon="4.669953898">
        <ele>42.65</ele>
      </trkpt>
      <trkpt lat="44.278275273" lon="4.670495228">
        <ele>42.55</ele>
      </trkpt>
      <trkpt lat="44.279115572" lon="4.671071957">
        <ele>42.66</ele>
      </trkpt>
      <trkpt lat="44.28095011" lon="4.671638531">
        <ele>42.21</ele>
      </trkpt>
      <trkpt lat="44.281370759" lon="4.671902226">
        <ele>42.25</ele>
      </trkpt>
      <trkpt lat="44.281859336" lon="4.672316858">
        <ele>45.47</ele>
      </trkpt>
      <trkpt lat="44.283190944" lon="4.671430464">
        <ele>46.13</ele>
      </trkpt>
      <trkpt lat="44.283785937" lon="4.671849306">
        <ele>47.19</ele>
      </trkpt>
      <trkpt lat="44.285317308" lon="4.671613233">
        <ele>48.01</ele>
      </trkpt>
      <trkpt lat="44.285602098" lon="4.671575054">
        <ele>48.71</ele>
      </trkpt>
      <trkpt lat="44.286037091" lon="4.672877202">
        <ele>46.08</ele>
      </trkpt>
      <trkpt lat="44.287637526" lon="4.673128099">
        <ele>45.48</ele>
      </trkpt>
      <trkpt lat="44.287688729" lon="4.673136126">
        <ele>44.59</ele>
      </trkpt>
      <trkpt lat="44.290672969" lon="4.673603997">
        <ele>43.8</ele>
      </trkpt>
      <trkpt lat="44.293108522" lon="4.674293367">
        <ele>43.31</ele>
      </trkpt>
      <trkpt lat="44.294727179" lon="4.674999933">
        <ele>42.8</ele>
      </trkpt>
      <trkpt lat="44.295792369" lon="4.674992619">
        <ele>42.93</ele>
      </trkpt>
      <trkpt lat="44.295981033" lon="4.676186408">
        <ele>42.89</ele>
      </trkpt>
      <trkpt lat="44.295842361" lon="4.677762704">
        <ele>42.97</ele>
      </trkpt>
      <trkpt lat="44.29588406" lon="4.679197836">
        <ele>42.89</ele>
      </trkpt>
      <trkpt lat="44.296015862" lon="4.679697364">
        <ele>42.93</ele>
      </trkpt>
      <trkpt lat="44.296740602" lon="4.680714703">
        <ele>43.31</ele>
      </trkpt>
      <trkpt lat="44.297402471" lon="4.681334125">
        <ele>43.34</ele>
      </trkpt>
      <trkpt lat="44.298312641" lon="4.681963399">
        <ele>43.43</ele>
      </trkpt>
      <trkpt lat="44.299396131" lon="4.682797305">
        <ele>43.59</ele>
      </trkpt>
      <trkpt lat="44.299820794" lon="4.682863585">
        <ele>43.63</ele>
      </trkpt>
      <trkpt lat="44.301393725" lon="4.682332773">
        <ele>43.84</ele>
      </trkpt>
      <trkpt lat="44.301891353" lon="4.68230308">
        <ele>44.12</ele>
      </trkpt>
      <trkpt lat="44.302920071" lon="4.682343887">
        <ele>44.51</ele>
      </trkpt>
      <trkpt lat="44.304067324" lon="4.681796144">
        <ele>44.62</ele>
      </trkpt>
      <trkpt lat="44.304844695" lon="4.681975293">
        <ele>44.79</ele>
      </trkpt>
      <trkpt lat="44.306325464" lon="4.682478984">
        <ele>44.43</ele>
      </trkpt>
      <trkpt lat="44.306707579" lon="4.682889657">
        <ele>44.59</ele>
      </trkpt>
      <trkpt lat="44.306982269" lon="4.683345518">
        <ele>44.53</ele>
      </trkpt>
      <trkpt lat="44.307134266" lon="4.68285715">
        <ele>44.69</ele>
      </trkpt>
      <trkpt lat="44.307388639" lon="4.682570604">
        <ele>44.61</ele>
      </trkpt>
      <trkpt lat="44.308140638" lon="4.682254357">
        <ele>44.63</ele>
      </trkpt>
      <trkpt lat="44.308900721" lon="4.681542888">
        <ele>44.38</ele>
      </trkpt>
      <trkpt lat="44.309488477" lon="4.680577358">
        <ele>44.39</ele>
      </trkpt>
      <trkpt lat="44.310644801" lon="4.679584899">
        <ele>44.82</ele>
      </trkpt>
      <trkpt lat="44.316851968" lon="4.674638847">
        <ele>45.24</ele>
      </trkpt>
      <trkpt lat="44.318384682" lon="4.669175532">
        <ele>45.57</ele>
      </trkpt>
      <trkpt lat="44.318798342" lon="4.6691534">
        <ele>45.88</ele>
      </trkpt>
      <trkpt lat="44.319423594" lon="4.668765343">
        <ele>46.15</ele>
      </trkpt>
      <trkpt lat="44.320461115" lon="4.667895831">
        <ele>46.06</ele>
      </trkpt>
      <trkpt lat="44.320738378" lon="4.66748092">
        <ele>46.32</ele>
      </trkpt>
      <trkpt lat="44.320975227" lon="4.666981859">
        <ele>47.63</ele>
      </trkpt>
      <trkpt lat="44.321085182" lon="4.666603498">
        <ele>48.87</ele>
      </trkpt>
      <trkpt lat="44.321352344" lon="4.665479005">
        <ele>49.9</ele>
      </trkpt>
      <trkpt lat="44.32155613" lon="4.664999699">
        <ele>50.77</ele>
      </trkpt>
      <trkpt lat="44.322080305" lon="4.664206268">
        <ele>50.63</ele>
      </trkpt>
      <trkpt lat="44.322334775" lon="4.663919241">
        <ele>49.85</ele>
      </trkpt>
      <trkpt lat="44.32284174" lon="4.663278756">
        <ele>48.9</ele>
      </trkpt>
      <trkpt lat="44.323393881" lon="4.6624073">
        <ele>47.8</ele>
      </trkpt>
      <trkpt lat="44.324502028" lon="4.660801336">
        <ele>46.82</ele>
      </trkpt>
      <trkpt lat="44.324760843" lon="4.660423153">
        <ele>46.8</ele>
      </trkpt>
      <trkpt lat="44.32545968" lon="4.659497863">
        <ele>46.71</ele>
      </trkpt>
      <trkpt lat="44.32570142" lon="4.65926435">
        <ele>46.89</ele>
      </trkpt>
      <trkpt lat="44.326612284" lon="4.659087758">
        <ele>47.49</ele>
      </trkpt>
      <trkpt lat="44.326766099" lon="4.659108585">
        <ele>48.09</ele>
      </trkpt>
      <trkpt lat="44.32683657" lon="4.659129554">
        <ele>48.58</ele>
      </trkpt>
      <trkpt lat="44.326839707" lon="4.659130487">
        <ele>48.74</ele>
      </trkpt>
      <trkpt lat="44.32684076" lon="4.659130719">
        <ele>49.25</ele>
      </trkpt>
      <trkpt lat="44.326915044" lon="4.659147074">
        <ele>48.7</ele>
      </trkpt>
      <trkpt lat="44.327172725" lon="4.659203805">
        <ele>48.72</ele>
      </trkpt>
      <trkpt lat="44.328545842" lon="4.65951713">
        <ele>49.04</ele>
      </trkpt>
      <trkpt lat="44.329479855" lon="4.65969316">
        <ele>48.44</ele>
      </trkpt>
      <trkpt lat="44.330012221" lon="4.659649014">
        <ele>47.54</ele>
      </trkpt>
      <trkpt lat="44.33042052" lon="4.659680884">
        <ele>47.47</ele>
      </trkpt>
      <trkpt lat="44.330738529" lon="4.659760556">
        <ele>48.12</ele>
      </trkpt>
      <trkpt lat="44.331307191" lon="4.65983695">
        <ele>48.49</ele>
      </trkpt>
      <trkpt lat="44.331745694" lon="4.659698455">
        <ele>49.42</ele>
      </trkpt>
      <trkpt lat="44.332525583" lon="4.659479682">
        <ele>50.03</ele>
      </trkpt>
      <trkpt lat="44.333674638" lon="4.659170815">
        <ele>50.81</ele>
      </trkpt>
      <trkpt lat="44.333902513" lon="4.659161556">
        <ele>51.17</ele>
      </trkpt>
      <trkpt lat="44.334035256" lon="4.659205271">
        <ele>50.7</ele>
      </trkpt>
      <trkpt lat="44.334798101" lon="4.659421438">
        <ele>50.09</ele>
      </trkpt>
      <trkpt lat="44.335068915" lon="4.6594568">
        <ele>49.83</ele>
      </trkpt>
      <trkpt lat="44.335275942" lon="4.659517744">
        <ele>49.38</ele>
      </trkpt>
      <trkpt lat="44.335591386" lon="4.659641158">
        <ele>48.03</ele>
      </trkpt>
      <trkpt lat="44.336898504" lon="4.660290782">
        <ele>47.53</ele>
      </trkpt>
      <trkpt lat="44.337189038" lon="4.660419494">
        <ele>48.29</ele>
      </trkpt>
      <trkpt lat="44.33745345" lon="4.660514869">
        <ele>49.13</ele>
      </trkpt>
      <trkpt lat="44.338098752" lon="4.660690446">
        <ele>49.52</ele>
      </trkpt>
      <trkpt lat="44.338278836" lon="4.660754143">
        <ele>49.65</ele>
      </trkpt>
      <trkpt lat="44.338576665" lon="4.660971321">
        <ele>49.56</ele>
      </trkpt>
      <trkpt lat="44.339072533" lon="4.661262019">
        <ele>48.74</ele>
      </trkpt>
      <trkpt lat="44.339466789" lon="4.661529828">
        <ele>47.77</ele>
      </trkpt>
      <trkpt lat="44.339667245" lon="4.661506497">
        <ele>47.26</ele>
      </trkpt>
      <trkpt lat="44.339742929" lon="4.661479505">
        <ele>47.08</ele>
      </trkpt>
      <trkpt lat="44.340286085" lon="4.66128897">
        <ele>47.08</ele>
      </trkpt>
      <trkpt lat="44.340759091" lon="4.661137534">
        <ele>47.11</ele>
      </trkpt>
      <trkpt lat="44.34202305" lon="4.660677313">
        <ele>47.25</ele>
      </trkpt>
      <trkpt lat="44.342368501" lon="4.660537425">
        <ele>47.4</ele>
      </trkpt>
      <trkpt lat="44.343426992" lon="4.659900228">
        <ele>47.51</ele>
      </trkpt>
      <trkpt lat="44.344446553" lon="4.659269501">
        <ele>47.7</ele>
      </trkpt>
      <trkpt lat="44.34498045" lon="4.658966123">
        <ele>48</ele>
      </trkpt>
      <trkpt lat="44.34609571" lon="4.65829414">
        <ele>48.32</ele>
      </trkpt>
      <trkpt lat="44.346243845" lon="4.658237057">
        <ele>48.31</ele>
      </trkpt>
      <trkpt lat="44.346388318" lon="4.658229667">
        <ele>48.53</ele>
      </trkpt>
      <trkpt lat="44.347338111" lon="4.658908138">
        <ele>48.66</ele>
      </trkpt>
      <trkpt lat="44.347808104" lon="4.659177524">
        <ele>48.66</ele>
      </trkpt>
      <trkpt lat="44.347939139" lon="4.65920294">
        <ele>48.61</ele>
      </trkpt>
      <trkpt lat="44.348649743" lon="4.659155695">
        <ele>48.72</ele>
      </trkpt>
      <trkpt lat="44.349126456" lon="4.659058441">
        <ele>48.57</ele>
      </trkpt>
      <trkpt lat="44.349337848" lon="4.658941797">
        <ele>48.4</ele>
      </trkpt>
      <trkpt lat="44.349826847" lon="4.658582629">
        <ele>48.27</ele>
      </trkpt>
      <trkpt lat="44.351170401" lon="4.657573985">
        <ele>48.1</ele>
      </trkpt>
      <trkpt lat="44.351917237" lon="4.657000421">
        <ele>48.06</ele>
      </trkpt>
      <trkpt lat="44.353535843" lon="4.655835595">
        <ele>48.03</ele>
      </trkpt>
      <trkpt lat="44.353627371" lon="4.655798386">
        <ele>49.02</ele>
      </trkpt>
      <trkpt lat="44.353706707" lon="4.655799917">
        <ele>49.35</ele>
      </trkpt>
      <trkpt lat="44.355130201" lon="4.656661617">
        <ele>49.99</ele>
      </trkpt>
      <trkpt lat="44.355949665" lon="4.656662343">
        <ele>50.12</ele>
      </trkpt>
      <trkpt lat="44.357518368" lon="4.656733758">
        <ele>50.2</ele>
      </trkpt>
      <trkpt lat="44.357675132" lon="4.65645382">
        <ele>49.46</ele>
      </trkpt>
      <trkpt lat="44.359618104" lon="4.65572268">
        <ele>49.39</ele>
      </trkpt>
      <trkpt lat="44.361259512" lon="4.655559156">
        <ele>49.28</ele>
      </trkpt>
      <trkpt lat="44.361743387" lon="4.655540093">
        <ele>49.42</ele>
      </trkpt>
      <trkpt lat="44.362930794" lon="4.655833956">
        <ele>49.88</ele>
      </trkpt>
      <trkpt lat="44.363256659" lon="4.655914605">
        <ele>50.02</ele>
      </trkpt>
      <trkpt lat="44.36520139" lon="4.656094551">
        <ele>50.13</ele>
      </trkpt>
      <trkpt lat="44.366631885" lon="4.656255863">
        <ele>50.27</ele>
      </trkpt>
      <trkpt lat="44.367194068" lon="4.656382838">
        <ele>50.73</ele>
      </trkpt>
      <trkpt lat="44.367772459" lon="4.65651639">
        <ele>51.08</ele>
      </trkpt>
      <trkpt lat="44.367794443" lon="4.656249659">
        <ele>51.73</ele>
      </trkpt>
      <trkpt lat="44.368036574" lon="4.653678348">
        <ele>52.99</ele>
      </trkpt>
      <trkpt lat="44.368151215" lon="4.652294733">
        <ele>53.75</ele>
      </trkpt>
      <trkpt lat="44.368249088" lon="4.651265224">
        <ele>52.22</ele>
      </trkpt>
      <trkpt lat="44.368289596" lon="4.650768261">
        <ele>50.53</ele>
      </trkpt>
      <trkpt lat="44.368417607" lon="4.649221094">
        <ele>48.7</ele>
      </trkpt>
      <trkpt lat="44.368454004" lon="4.64874837">
        <ele>46.25</ele>
      </trkpt>
      <trkpt lat="44.368454428" lon="4.648742863">
        <ele>45.58</ele>
      </trkpt>
      <trkpt lat="44.368454488" lon="4.648742296">
        <ele>47.61</ele>
      </trkpt>
      <trkpt lat="44.368625329" lon="4.647121635">
        <ele>48.28</ele>
      </trkpt>
      <trkpt lat="44.368706289" lon="4.64712399">
        <ele>49.34</ele>
      </trkpt>
      <trkpt lat="44.369159999" lon="4.647210249">
        <ele>49.84</ele>
      </trkpt>
      <trkpt lat="44.370354891" lon="4.647593718">
        <ele>48.67</ele>
      </trkpt>
      <trkpt lat="44.371049" lon="4.64769362">
        <ele>47</ele>
      </trkpt>
      <trkpt lat="44.371313653" lon="4.647837486">
        <ele>46.96</ele>
      </trkpt>
      <trkpt lat="44.372151532" lon="4.647722378">
        <ele>47.6</ele>
      </trkpt>
      <trkpt lat="44.372984836" lon="4.647668232">
        <ele>48.92</ele>
      </trkpt>
      <trkpt lat="44.374040849" lon="4.647548182">
        <ele>50.21</ele>
      </trkpt>
      <trkpt lat="44.374786889" lon="4.647589605">
        <ele>51.33</ele>
      </trkpt>
      <trkpt lat="44.37539266" lon="4.647634012">
        <ele>52.94</ele>
      </trkpt>
      <trkpt lat="44.375490438" lon="4.647626893">
        <ele>53.72</ele>
      </trkpt>
      <trkpt lat="44.375618677" lon="4.647494447">
        <ele>54.27</ele>
      </trkpt>
      <trkpt lat="44.37569116" lon="4.647267379">
        <ele>54.55</ele>
      </trkpt>
      <trkpt lat="44.376429221" lon="4.647454922">
        <ele>55.45</ele>
      </trkpt>
      <trkpt lat="44.376891943" lon="4.647480342">
        <ele>55.05</ele>
      </trkpt>
      <trkpt lat="44.377547024" lon="4.647514016">
        <ele>54.51</ele>
      </trkpt>
      <trkpt lat="44.377647232" lon="4.647503645">
        <ele>54.5</ele>
      </trkpt>
      <trkpt lat="44.378127876" lon="4.647413998">
        <ele>54.99</ele>
      </trkpt>
      <trkpt lat="44.379056899" lon="4.647162013">
        <ele>55.36</ele>
      </trkpt>
      <trkpt lat="44.379072925" lon="4.647046223">
        <ele>56.43</ele>
      </trkpt>
      <trkpt lat="44.379431443" lon="4.646966968">
        <ele>57.08</ele>
      </trkpt>
      <trkpt lat="44.379528873" lon="4.646983088">
        <ele>56.95</ele>
      </trkpt>
      <trkpt lat="44.379655568" lon="4.647112996">
        <ele>56.61</ele>
      </trkpt>
      <trkpt lat="44.379772237" lon="4.647222582">
        <ele>56.38</ele>
      </trkpt>
      <trkpt lat="44.37998496" lon="4.647422391">
        <ele>55.82</ele>
      </trkpt>
      <trkpt lat="44.380121726" lon="4.647481974">
        <ele>56.13</ele>
      </trkpt>
      <trkpt lat="44.380276404" lon="4.647493118">
        <ele>56.9</ele>
      </trkpt>
      <trkpt lat="44.380697975" lon="4.647339299">
        <ele>57.8</ele>
      </trkpt>
      <trkpt lat="44.381186826" lon="4.64726975">
        <ele>57.77</ele>
      </trkpt>
      <trkpt lat="44.381487588" lon="4.647647943">
        <ele>57.84</ele>
      </trkpt>
      <trkpt lat="44.382134414" lon="4.648424132">
        <ele>56.78</ele>
      </trkpt>
      <trkpt lat="44.382513366" lon="4.648825809">
        <ele>55.4</ele>
      </trkpt>
      <trkpt lat="44.383035909" lon="4.649056282">
        <ele>54.64</ele>
      </trkpt>
      <trkpt lat="44.383434751" lon="4.649211402">
        <ele>54.05</ele>
      </trkpt>
      <trkpt lat="44.383679931" lon="4.649255748">
        <ele>53.68</ele>
      </trkpt>
      <trkpt lat="44.383941663" lon="4.649276661">
        <ele>53.1</ele>
      </trkpt>
      <trkpt lat="44.384287609" lon="4.64927345">
        <ele>52.94</ele>
      </trkpt>
      <trkpt lat="44.384938542" lon="4.64983854">
        <ele>52.21</ele>
      </trkpt>
      <trkpt lat="44.38549606" lon="4.65021489">
        <ele>51.83</ele>
      </trkpt>
      <trkpt lat="44.3860339" lon="4.650559844">
        <ele>52.07</ele>
      </trkpt>
      <trkpt lat="44.386146167" lon="4.650628162">
        <ele>52.67</ele>
      </trkpt>
      <trkpt lat="44.386935883" lon="4.651279058">
        <ele>52.9</ele>
      </trkpt>
      <trkpt lat="44.38739272" lon="4.651823917">
        <ele>55.55</ele>
      </trkpt>
      <trkpt lat="44.387892648" lon="4.652423018">
        <ele>57.44</ele>
      </trkpt>
      <trkpt lat="44.38853596" lon="4.653109064">
        <ele>58.33</ele>
      </trkpt>
      <trkpt lat="44.389478141" lon="4.653314647">
        <ele>57.93</ele>
      </trkpt>
      <trkpt lat="44.389653277" lon="4.653327735">
        <ele>57.78</ele>
      </trkpt>
      <trkpt lat="44.390330292" lon="4.653297009">
        <ele>55.11</ele>
      </trkpt>
      <trkpt lat="44.390766646" lon="4.653301778">
        <ele>53.19</ele>
      </trkpt>
      <trkpt lat="44.390894078" lon="4.653318789">
        <ele>52.14</ele>
      </trkpt>
      <trkpt lat="44.391370784" lon="4.653428395">
        <ele>53.01</ele>
      </trkpt>
      <trkpt lat="44.39161803" lon="4.653462194">
        <ele>53.31</ele>
      </trkpt>
      <trkpt lat="44.3918706" lon="4.653395152">
        <ele>52.86</ele>
      </trkpt>
      <trkpt lat="44.392287286" lon="4.653186715">
        <ele>52.99</ele>
      </trkpt>
      <trkpt lat="44.392670758" lon="4.652905542">
        <ele>51.94</ele>
      </trkpt>
      <trkpt lat="44.393031052" lon="4.652644952">
        <ele>51.02</ele>
      </trkpt>
      <trkpt lat="44.393508775" lon="4.652432972">
        <ele>50.4</ele>
      </trkpt>
      <trkpt lat="44.394172083" lon="4.652045661">
        <ele>50.46</ele>
      </trkpt>
      <trkpt lat="44.394307144" lon="4.651935309">
        <ele>49.9</ele>
      </trkpt>
      <trkpt lat="44.394461972" lon="4.651777689">
        <ele>50.68</ele>
      </trkpt>
      <trkpt lat="44.394935993" lon="4.65104993">
        <ele>50.99</ele>
      </trkpt>
      <trkpt lat="44.394936181" lon="4.650823139">
        <ele>51.76</ele>
      </trkpt>
      <trkpt lat="44.394963831" lon="4.650718488">
        <ele>52.35</ele>
      </trkpt>
      <trkpt lat="44.395051683" lon="4.65061481">
        <ele>52.8</ele>
      </trkpt>
      <trkpt lat="44.395295593" lon="4.650221382">
        <ele>53.14</ele>
      </trkpt>
      <trkpt lat="44.395486497" lon="4.649859895">
        <ele>53.65</ele>
      </trkpt>
      <trkpt lat="44.395515434" lon="4.649518513">
        <ele>54.97</ele>
      </trkpt>
      <trkpt lat="44.395582812" lon="4.649234248">
        <ele>56.24</ele>
      </trkpt>
      <trkpt lat="44.395743054" lon="4.649113146">
        <ele>57.71</ele>
      </trkpt>
      <trkpt lat="44.395877595" lon="4.649037324">
        <ele>58.92</ele>
      </trkpt>
      <trkpt lat="44.395976057" lon="4.649021507">
        <ele>58.1</ele>
      </trkpt>
      <trkpt lat="44.395967872" lon="4.649379529">
        <ele>56.04</ele>
      </trkpt>
      <trkpt lat="44.39603368" lon="4.64968685">
        <ele>54.42</ele>
      </trkpt>
      <trkpt lat="44.396169813" lon="4.650031071">
        <ele>53.53</ele>
      </trkpt>
      <trkpt lat="44.396202142" lon="4.650331843">
        <ele>52.77</ele>
      </trkpt>
      <trkpt lat="44.395331802" lon="4.65658911">
        <ele>54.67</ele>
      </trkpt>
      <trkpt lat="44.395333189" lon="4.657079295">
        <ele>56.91</ele>
      </trkpt>
      <trkpt lat="44.395472171" lon="4.657271236">
        <ele>59.2</ele>
      </trkpt>
      <trkpt lat="44.396574597" lon="4.658032571">
        <ele>60.67</ele>
      </trkpt>
      <trkpt lat="44.396714319" lon="4.658039823">
        <ele>61.43</ele>
      </trkpt>
      <trkpt lat="44.396826134" lon="4.658152108">
        <ele>61.5</ele>
      </trkpt>
      <trkpt lat="44.39715324" lon="4.658365859">
        <ele>61.61</ele>
      </trkpt>
      <trkpt lat="44.397500918" lon="4.658653613">
        <ele>61.3</ele>
      </trkpt>
      <trkpt lat="44.397806109" lon="4.658979864">
        <ele>61.08</ele>
      </trkpt>
      <trkpt lat="44.398093786" lon="4.659159651">
        <ele>61.18</ele>
      </trkpt>
      <trkpt lat="44.398390527" lon="4.659246548">
        <ele>60.96</ele>
      </trkpt>
      <trkpt lat="44.398505978" lon="4.659298372">
        <ele>59.7</ele>
      </trkpt>
      <trkpt lat="44.39870764" lon="4.659487044">
        <ele>59.24</ele>
      </trkpt>
      <trkpt lat="44.39992159" lon="4.659950493">
        <ele>58.48</ele>
      </trkpt>
      <trkpt lat="44.400225328" lon="4.659954733">
        <ele>58.04</ele>
      </trkpt>
      <trkpt lat="44.400481287" lon="4.659743076">
        <ele>56.56</ele>
      </trkpt>
      <trkpt lat="44.400685686" lon="4.659693147">
        <ele>55.98</ele>
      </trkpt>
      <trkpt lat="44.401706338" lon="4.659847854">
        <ele>55.04</ele>
      </trkpt>
      <trkpt lat="44.401798961" lon="4.659815635">
        <ele>54.19</ele>
      </trkpt>
      <trkpt lat="44.40183483" lon="4.659740317">
        <ele>52.95</ele>
      </trkpt>
      <trkpt lat="44.402245803" lon="4.65799793">
        <ele>53.16</ele>
      </trkpt>
      <trkpt lat="44.402308504" lon="4.657873092">
        <ele>53.3</ele>
      </trkpt>
      <trkpt lat="44.402390821" lon="4.657781726">
        <ele>53.22</ele>
      </trkpt>
      <trkpt lat="44.402590038" lon="4.657644149">
        <ele>53.25</ele>
      </trkpt>
      <trkpt lat="44.40263379" lon="4.657792155">
        <ele>53.19</ele>
      </trkpt>
      <trkpt lat="44.402700562" lon="4.658065306">
        <ele>52.93</ele>
      </trkpt>
      <trkpt lat="44.402907304" lon="4.658493991">
        <ele>53.16</ele>
      </trkpt>
      <trkpt lat="44.403762632" lon="4.660586796">
        <ele>53.43</ele>
      </trkpt>
      <trkpt lat="44.403813467" lon="4.660754441">
        <ele>53.93</ele>
      </trkpt>
      <trkpt lat="44.403814249" lon="4.6608289">
        <ele>54.24</ele>
      </trkpt>
      <trkpt lat="44.403792053" lon="4.660910661">
        <ele>55.07</ele>
      </trkpt>
      <trkpt lat="44.403735055" lon="4.660962157">
        <ele>55.44</ele>
      </trkpt>
      <trkpt lat="44.403369925" lon="4.660973375">
        <ele>55.74</ele>
      </trkpt>
      <trkpt lat="44.403328197" lon="4.661068289">
        <ele>55.77</ele>
      </trkpt>
      <trkpt lat="44.403353264" lon="4.661433592">
        <ele>55.68</ele>
      </trkpt>
      <trkpt lat="44.403347354" lon="4.661541085">
        <ele>54.34</ele>
      </trkpt>
      <trkpt lat="44.403306102" lon="4.661717324">
        <ele>52.94</ele>
      </trkpt>
      <trkpt lat="44.403285333" lon="4.661862262">
        <ele>51.58</ele>
      </trkpt>
      <trkpt lat="44.403279755" lon="4.661947833">
        <ele>50.48</ele>
      </trkpt>
      <trkpt lat="44.403295877" lon="4.662016096">
        <ele>49.4</ele>
      </trkpt>
      <trkpt lat="44.403577454" lon="4.66201639">
        <ele>48.87</ele>
      </trkpt>
      <trkpt lat="44.403844308" lon="4.661950454">
        <ele>48.36</ele>
      </trkpt>
      <trkpt lat="44.404070166" lon="4.661949111">
        <ele>47.8</ele>
      </trkpt>
      <trkpt lat="44.404339232" lon="4.662020815">
        <ele>48.23</ele>
      </trkpt>
      <trkpt lat="44.404612147" lon="4.662026835">
        <ele>49.5</ele>
      </trkpt>
      <trkpt lat="44.405095835" lon="4.662020834">
        <ele>51.11</ele>
      </trkpt>
      <trkpt lat="44.405679709" lon="4.661942937">
        <ele>52.35</ele>
      </trkpt>
      <trkpt lat="44.406481096" lon="4.661753785">
        <ele>53.34</ele>
      </trkpt>
      <trkpt lat="44.406757889" lon="4.661639743">
        <ele>53.28</ele>
      </trkpt>
      <trkpt lat="44.407277193" lon="4.661505859">
        <ele>52.91</ele>
      </trkpt>
      <trkpt lat="44.40728118" lon="4.661504831">
        <ele>53.13</ele>
      </trkpt>
      <trkpt lat="44.407358945" lon="4.661484783">
        <ele>54.86</ele>
      </trkpt>
      <trkpt lat="44.408195456" lon="4.661179337">
        <ele>56.1</ele>
      </trkpt>
      <trkpt lat="44.40869279" lon="4.661058343">
        <ele>57.63</ele>
      </trkpt>
      <trkpt lat="44.408801513" lon="4.661164799">
        <ele>59.47</ele>
      </trkpt>
      <trkpt lat="44.408867547" lon="4.661222993">
        <ele>59.71</ele>
      </trkpt>
      <trkpt lat="44.408980814" lon="4.66136119">
        <ele>57.98</ele>
      </trkpt>
      <trkpt lat="44.409024918" lon="4.661403086">
        <ele>57.13</ele>
      </trkpt>
      <trkpt lat="44.409091552" lon="4.661407702">
        <ele>56.2</ele>
      </trkpt>
      <trkpt lat="44.40914822" lon="4.66144127">
        <ele>54.41</ele>
      </trkpt>
      <trkpt lat="44.409216318" lon="4.661475173">
        <ele>53.81</ele>
      </trkpt>
      <trkpt lat="44.409399175" lon="4.66160816">
        <ele>54.42</ele>
      </trkpt>
      <trkpt lat="44.409469738" lon="4.661604914">
        <ele>54.08</ele>
      </trkpt>
      <trkpt lat="44.409556584" lon="4.66153302">
        <ele>53.69</ele>
      </trkpt>
      <trkpt lat="44.409647" lon="4.661477183">
        <ele>53.64</ele>
      </trkpt>
      <trkpt lat="44.409711808" lon="4.661476427">
        <ele>53.34</ele>
      </trkpt>
      <trkpt lat="44.409884037" lon="4.661555928">
        <ele>52.8</ele>
      </trkpt>
      <trkpt lat="44.410029717" lon="4.661626673">
        <ele>53.46</ele>
      </trkpt>
      <trkpt lat="44.410109525" lon="4.661642311">
        <ele>53.66</ele>
      </trkpt>
      <trkpt lat="44.41017643" lon="4.661692133">
        <ele>52.92</ele>
      </trkpt>
      <trkpt lat="44.410185103" lon="4.662064613">
        <ele>52.75</ele>
      </trkpt>
      <trkpt lat="44.41024542" lon="4.662361505">
        <ele>52.35</ele>
      </trkpt>
      <trkpt lat="44.410806181" lon="4.662457741">
        <ele>52.67</ele>
      </trkpt>
      <trkpt lat="44.411051961" lon="4.662462303">
        <ele>51.49</ele>
      </trkpt>
      <trkpt lat="44.411425515" lon="4.662587606">
        <ele>51.2</ele>
      </trkpt>
      <trkpt lat="44.411828503" lon="4.662782904">
        <ele>51.35</ele>
      </trkpt>
      <trkpt lat="44.412105825" lon="4.662844229">
        <ele>50.62</ele>
      </trkpt>
      <trkpt lat="44.413012148" lon="4.662900109">
        <ele>49.14</ele>
      </trkpt>
      <trkpt lat="44.413750311" lon="4.662985615">
        <ele>49.05</ele>
      </trkpt>
      <trkpt lat="44.414062645" lon="4.663000111">
        <ele>48.97</ele>
      </trkpt>
      <trkpt lat="44.414407945" lon="4.663103322">
        <ele>48.42</ele>
      </trkpt>
      <trkpt lat="44.415035558" lon="4.663079224">
        <ele>51.35</ele>
      </trkpt>
      <trkpt lat="44.416852773" lon="4.663046213">
        <ele>53.75</ele>
      </trkpt>
      <trkpt lat="44.416861574" lon="4.662621021">
        <ele>56.5</ele>
      </trkpt>
      <trkpt lat="44.416799914" lon="4.662286826">
        <ele>59.18</ele>
      </trkpt>
      <trkpt lat="44.416806632" lon="4.662157394">
        <ele>61.96</ele>
      </trkpt>
      <trkpt lat="44.416903535" lon="4.662050553">
        <ele>62.19</ele>
      </trkpt>
      <trkpt lat="44.417564726" lon="4.662118899">
        <ele>62.72</ele>
      </trkpt>
      <trkpt lat="44.41862856" lon="4.662190969">
        <ele>62.86</ele>
      </trkpt>
      <trkpt lat="44.419337374" lon="4.662232762">
        <ele>62.94</ele>
      </trkpt>
      <trkpt lat="44.420302217" lon="4.662389082">
        <ele>60.67</ele>
      </trkpt>
      <trkpt lat="44.42093305" lon="4.662499028">
        <ele>58.47</ele>
      </trkpt>
      <trkpt lat="44.422174866" lon="4.66277153">
        <ele>57.04</ele>
      </trkpt>
      <trkpt lat="44.422689785" lon="4.662906332">
        <ele>55.41</ele>
      </trkpt>
      <trkpt lat="44.4230408" lon="4.663009727">
        <ele>55.35</ele>
      </trkpt>
      <trkpt lat="44.423606287" lon="4.663187573">
        <ele>56.12</ele>
      </trkpt>
      <trkpt lat="44.424276398" lon="4.663378472">
        <ele>56.74</ele>
      </trkpt>
      <trkpt lat="44.425358407" lon="4.663742717">
        <ele>55.03</ele>
      </trkpt>
      <trkpt lat="44.427035815" lon="4.664433659">
        <ele>54.57</ele>
      </trkpt>
      <trkpt lat="44.427731375" lon="4.664753326">
        <ele>53.19</ele>
      </trkpt>
      <trkpt lat="44.429364347" lon="4.66551227">
        <ele>52.05</ele>
      </trkpt>
      <trkpt lat="44.430889228" lon="4.666398869">
        <ele>51.05</ele>
      </trkpt>
      <trkpt lat="44.431900432" lon="4.667033754">
        <ele>51.45</ele>
      </trkpt>
      <trkpt lat="44.432475568" lon="4.667439698">
        <ele>51.5</ele>
      </trkpt>
      <trkpt lat="44.433733635" lon="4.668369498">
        <ele>50.93</ele>
      </trkpt>
      <trkpt lat="44.434131407" lon="4.668688778">
        <ele>51.13</ele>
      </trkpt>
      <trkpt lat="44.43436884" lon="4.668898599">
        <ele>51.54</ele>
      </trkpt>
      <trkpt lat="44.43463582" lon="4.669202391">
        <ele>51.55</ele>
      </trkpt>
      <trkpt lat="44.434851718" lon="4.669500763">
        <ele>51.69</ele>
      </trkpt>
      <trkpt lat="44.435247508" lon="4.669946936">
        <ele>52.39</ele>
      </trkpt>
      <trkpt lat="44.43573415" lon="4.670375257">
        <ele>52.86</ele>
      </trkpt>
      <trkpt lat="44.435890744" lon="4.670574392">
        <ele>52.69</ele>
      </trkpt>
      <trkpt lat="44.436662266" lon="4.671617954">
        <ele>54.67</ele>
      </trkpt>
      <trkpt lat="44.436775909" lon="4.671718519">
        <ele>56</ele>
      </trkpt>
      <trkpt lat="44.437316578" lon="4.672589366">
        <ele>56.41</ele>
      </trkpt>
      <trkpt lat="44.437765753" lon="4.673695932">
        <ele>56.72</ele>
      </trkpt>
      <trkpt lat="44.43829309" lon="4.674988375">
        <ele>57.17</ele>
      </trkpt>
      <trkpt lat="44.438639449" lon="4.675763443">
        <ele>57.92</ele>
      </trkpt>
      <trkpt lat="44.438718029" lon="4.675939291">
        <ele>58.88</ele>
      </trkpt>
      <trkpt lat="44.438953849" lon="4.676467014">
        <ele>60.04</ele>
      </trkpt>
      <trkpt lat="44.439060414" lon="4.677604713">
        <ele>60.2</ele>
      </trkpt>
      <trkpt lat="44.439207542" lon="4.678388388">
        <ele>60.42</ele>
      </trkpt>
      <trkpt lat="44.43931094" lon="4.679129383">
        <ele>58.41</ele>
      </trkpt>
      <trkpt lat="44.439297828" lon="4.679472517">
        <ele>56.86</ele>
      </trkpt>
      <trkpt lat="44.439430488" lon="4.680084299">
        <ele>56.62</ele>
      </trkpt>
      <trkpt lat="44.43963835" lon="4.680468002">
        <ele>58.1</ele>
      </trkpt>
      <trkpt lat="44.439885077" lon="4.680948134">
        <ele>60.52</ele>
      </trkpt>
      <trkpt lat="44.440085458" lon="4.681185706">
        <ele>63.05</ele>
      </trkpt>
      <trkpt lat="44.440440547" lon="4.681358646">
        <ele>65.27</ele>
      </trkpt>
      <trkpt lat="44.440673229" lon="4.681464065">
        <ele>66.5</ele>
      </trkpt>
      <trkpt lat="44.440660137" lon="4.68176706">
        <ele>67.18</ele>
      </trkpt>
      <trkpt lat="44.440607847" lon="4.681864007">
        <ele>66.72</ele>
      </trkpt>
      <trkpt lat="44.440353251" lon="4.681899778">
        <ele>66.39</ele>
      </trkpt>
      <trkpt lat="44.440150941" lon="4.682023783">
        <ele>65.18</ele>
      </trkpt>
      <trkpt lat="44.440042821" lon="4.682172259">
        <ele>63.72</ele>
      </trkpt>
      <trkpt lat="44.439981555" lon="4.682302427">
        <ele>62.3</ele>
      </trkpt>
      <trkpt lat="44.439949196" lon="4.682388145">
        <ele>61.73</ele>
      </trkpt>
      <trkpt lat="44.440095778" lon="4.682542161">
        <ele>61.1</ele>
      </trkpt>
      <trkpt lat="44.440246845" lon="4.682583165">
        <ele>61.82</ele>
      </trkpt>
      <trkpt lat="44.440401092" lon="4.682741416">
        <ele>62.78</ele>
      </trkpt>
      <trkpt lat="44.440467168" lon="4.682897043">
        <ele>63.47</ele>
      </trkpt>
      <trkpt lat="44.440482603" lon="4.683180202">
        <ele>63.59</ele>
      </trkpt>
      <trkpt lat="44.4405652" lon="4.68382489">
        <ele>62.84</ele>
      </trkpt>
      <trkpt lat="44.440461955" lon="4.683977448">
        <ele>61.28</ele>
      </trkpt>
      <trkpt lat="44.440349925" lon="4.684243021">
        <ele>59.69</ele>
      </trkpt>
      <trkpt lat="44.44031759" lon="4.68441936">
        <ele>58.76</ele>
      </trkpt>
      <trkpt lat="44.440304466" lon="4.684585436">
        <ele>57.92</ele>
      </trkpt>
      <trkpt lat="44.440474108" lon="4.6853982">
        <ele>58.11</ele>
      </trkpt>
      <trkpt lat="44.440522461" lon="4.685487718">
        <ele>58.64</ele>
      </trkpt>
      <trkpt lat="44.440615635" lon="4.685649657">
        <ele>59.36</ele>
      </trkpt>
      <trkpt lat="44.440768804" lon="4.685693622">
        <ele>60.11</ele>
      </trkpt>
      <trkpt lat="44.440972389" lon="4.685947915">
        <ele>61.13</ele>
      </trkpt>
      <trkpt lat="44.441179487" lon="4.686157004">
        <ele>62.39</ele>
      </trkpt>
      <trkpt lat="44.441354584" lon="4.686428182">
        <ele>63.35</ele>
      </trkpt>
      <trkpt lat="44.441528408" lon="4.686874659">
        <ele>64.16</ele>
      </trkpt>
      <trkpt lat="44.441698277" lon="4.687210697">
        <ele>64.41</ele>
      </trkpt>
      <trkpt lat="44.441889975" lon="4.687411453">
        <ele>63.54</ele>
      </trkpt>
      <trkpt lat="44.442451468" lon="4.688440836">
        <ele>62.49</ele>
      </trkpt>
      <trkpt lat="44.443307479" lon="4.689683929">
        <ele>61.67</ele>
      </trkpt>
      <trkpt lat="44.443550011" lon="4.689974875">
        <ele>60.68</ele>
      </trkpt>
      <trkpt lat="44.443740479" lon="4.69043961">
        <ele>59.95</ele>
      </trkpt>
      <trkpt lat="44.443898887" lon="4.690601956">
        <ele>60.27</ele>
      </trkpt>
      <trkpt lat="44.443943898" lon="4.690427958">
        <ele>60.68</ele>
      </trkpt>
      <trkpt lat="44.444007783" lon="4.690311658">
        <ele>61.06</ele>
      </trkpt>
      <trkpt lat="44.444057552" lon="4.690277883">
        <ele>61.43</ele>
      </trkpt>
      <trkpt lat="44.444106794" lon="4.690283068">
        <ele>61.51</ele>
      </trkpt>
      <trkpt lat="44.444270094" lon="4.69044793">
        <ele>62.28</ele>
      </trkpt>
      <trkpt lat="44.444778013" lon="4.690882123">
        <ele>62.39</ele>
      </trkpt>
      <trkpt lat="44.445402524" lon="4.691170163">
        <ele>62.16</ele>
      </trkpt>
      <trkpt lat="44.446141487" lon="4.691451655">
        <ele>61.85</ele>
      </trkpt>
      <trkpt lat="44.446807175" lon="4.691850684">
        <ele>61.65</ele>
      </trkpt>
      <trkpt lat="44.447590323" lon="4.692512639">
        <ele>60.49</ele>
      </trkpt>
      <trkpt lat="44.447916329" lon="4.692692006">
        <ele>59.6</ele>
      </trkpt>
      <trkpt lat="44.448296476" lon="4.692603613">
        <ele>58.78</ele>
      </trkpt>
      <trkpt lat="44.448782705" lon="4.692588233">
        <ele>58.41</ele>
      </trkpt>
      <trkpt lat="44.449009924" lon="4.692684829">
        <ele>58.31</ele>
      </trkpt>
      <trkpt lat="44.449122492" lon="4.694447941">
        <ele>58.18</ele>
      </trkpt>
      <trkpt lat="44.451127048" lon="4.695465854">
        <ele>58.21</ele>
      </trkpt>
      <trkpt lat="44.451645417" lon="4.695820506">
        <ele>58.31</ele>
      </trkpt>
      <trkpt lat="44.451923333" lon="4.696028394">
        <ele>59.38</ele>
      </trkpt>
      <trkpt lat="44.452100953" lon="4.696096914">
        <ele>59.79</ele>
      </trkpt>
      <trkpt lat="44.452335541" lon="4.696024128">
        <ele>59.68</ele>
      </trkpt>
      <trkpt lat="44.452517509" lon="4.695810072">
        <ele>59.46</ele>
      </trkpt>
      <trkpt lat="44.452822925" lon="4.696088635">
        <ele>59.53</ele>
      </trkpt>
      <trkpt lat="44.453020056" lon="4.696127807">
        <ele>58.32</ele>
      </trkpt>
      <trkpt lat="44.453842909" lon="4.69606601">
        <ele>57.88</ele>
      </trkpt>
      <trkpt lat="44.454109198" lon="4.696100606">
        <ele>58.28</ele>
      </trkpt>
      <trkpt lat="44.454479623" lon="4.696334563">
        <ele>58.28</ele>
      </trkpt>
      <trkpt lat="44.455347769" lon="4.696880615">
        <ele>58.4</ele>
      </trkpt>
      <trkpt lat="44.456106958" lon="4.697095182">
        <ele>58.4</ele>
      </trkpt>
      <trkpt lat="44.457446056" lon="4.6975445">
        <ele>58.09</ele>
      </trkpt>
      <trkpt lat="44.458699679" lon="4.697875497">
        <ele>57.68</ele>
      </trkpt>
      <trkpt lat="44.458848545" lon="4.697914017">
        <ele>57.68</ele>
      </trkpt>
      <trkpt lat="44.459016799" lon="4.697957554">
        <ele>58.05</ele>
      </trkpt>
      <trkpt lat="44.460421137" lon="4.698192658">
        <ele>58.38</ele>
      </trkpt>
      <trkpt lat="44.460998215" lon="4.698156766">
        <ele>58.86</ele>
      </trkpt>
      <trkpt lat="44.461883096" lon="4.697927897">
        <ele>59.03</ele>
      </trkpt>
      <trkpt lat="44.46228672" lon="4.697869465">
        <ele>59.51</ele>
      </trkpt>
      <trkpt lat="44.46296381" lon="4.697836573">
        <ele>59.63</ele>
      </trkpt>
      <trkpt lat="44.463352415" lon="4.697780444">
        <ele>60.66</ele>
      </trkpt>
      <trkpt lat="44.463770284" lon="4.697718143">
        <ele>62.16</ele>
      </trkpt>
      <trkpt lat="44.464438055" lon="4.697671661">
        <ele>63.24</ele>
      </trkpt>
      <trkpt lat="44.465160428" lon="4.697560284">
        <ele>64.29</ele>
      </trkpt>
      <trkpt lat="44.46557196" lon="4.697522739">
        <ele>65.73</ele>
      </trkpt>
      <trkpt lat="44.46653604" lon="4.697185739">
        <ele>65.31</ele>
      </trkpt>
      <trkpt lat="44.468320813" lon="4.696540672">
        <ele>65.14</ele>
      </trkpt>
      <trkpt lat="44.469185293" lon="4.69648344">
        <ele>65.69</ele>
      </trkpt>
      <trkpt lat="44.470461562" lon="4.696372023">
        <ele>65.54</ele>
      </trkpt>
      <trkpt lat="44.471057513" lon="4.696348318">
        <ele>63.77</ele>
      </trkpt>
      <trkpt lat="44.471168831" lon="4.696468105">
        <ele>63.17</ele>
      </trkpt>
      <trkpt lat="44.472955022" lon="4.696505072">
        <ele>62.47</ele>
      </trkpt>
      <trkpt lat="44.473183868" lon="4.696728207">
        <ele>61.1</ele>
      </trkpt>
      <trkpt lat="44.473249869" lon="4.697470485">
        <ele>59.99</ele>
      </trkpt>
      <trkpt lat="44.47327539" lon="4.698137559">
        <ele>59.76</ele>
      </trkpt>
      <trkpt lat="44.473832997" lon="4.698162689">
        <ele>59.87</ele>
      </trkpt>
      <trkpt lat="44.475425594" lon="4.698220151">
        <ele>59.69</ele>
      </trkpt>
      <trkpt lat="44.475769668" lon="4.698174285">
        <ele>60.63</ele>
      </trkpt>
      <trkpt lat="44.476080972" lon="4.698070508">
        <ele>61.42</ele>
      </trkpt>
      <trkpt lat="44.476232118" lon="4.698001846">
        <ele>61.74</ele>
      </trkpt>
      <trkpt lat="44.476411378" lon="4.697963976">
        <ele>62.46</ele>
      </trkpt>
      <trkpt lat="44.47699819" lon="4.697915055">
        <ele>62.2</ele>
      </trkpt>
      <trkpt lat="44.478418313" lon="4.697744753">
        <ele>61.29</ele>
      </trkpt>
      <trkpt lat="44.478521376" lon="4.697673312">
        <ele>60.72</ele>
      </trkpt>
      <trkpt lat="44.47938633" lon="4.697693967">
        <ele>60.59</ele>
      </trkpt>
      <trkpt lat="44.479914036" lon="4.697584699">
        <ele>59.71</ele>
      </trkpt>
      <trkpt lat="44.480175677" lon="4.697549965">
        <ele>59.95</ele>
      </trkpt>
      <trkpt lat="44.481021478" lon="4.69745291">
        <ele>59.74</ele>
      </trkpt>
      <trkpt lat="44.481180687" lon="4.697426741">
        <ele>59.56</ele>
      </trkpt>
      <trkpt lat="44.481405343" lon="4.697443594">
        <ele>59.56</ele>
      </trkpt>
      <trkpt lat="44.48143566" lon="4.697445869">
        <ele>59.6</ele>
      </trkpt>
      <trkpt lat="44.481435662" lon="4.697445869">
        <ele>59.08</ele>
      </trkpt>
      <trkpt lat="44.481465709" lon="4.697448123">
        <ele>58.92</ele>
      </trkpt>
      <trkpt lat="44.481514362" lon="4.697451773">
        <ele>58.73</ele>
      </trkpt>
      <trkpt lat="44.481568299" lon="4.697438381">
        <ele>59.36</ele>
      </trkpt>
      <trkpt lat="44.481647303" lon="4.697344456">
        <ele>60.04</ele>
      </trkpt>
      <trkpt lat="44.481696437" lon="4.697231584">
        <ele>61.25</ele>
      </trkpt>
      <trkpt lat="44.481738621" lon="4.697040166">
        <ele>62.67</ele>
      </trkpt>
      <trkpt lat="44.481723619" lon="4.696865269">
        <ele>63.97</ele>
      </trkpt>
      <trkpt lat="44.481674064" lon="4.696725354">
        <ele>64.94</ele>
      </trkpt>
      <trkpt lat="44.481597104" lon="4.696660486">
        <ele>65.95</ele>
      </trkpt>
      <trkpt lat="44.481377545" lon="4.696674323">
        <ele>64.64</ele>
      </trkpt>
      <trkpt lat="44.48136763" lon="4.696758286">
        <ele>63.42</ele>
      </trkpt>
      <trkpt lat="44.481435661" lon="4.697445868">
        <ele>62.6</ele>
      </trkpt>
      <trkpt lat="44.481435661" lon="4.69744587">
        <ele>60.8</ele>
      </trkpt>
      <trkpt lat="44.481448569" lon="4.697576333">
        <ele>58.87</ele>
      </trkpt>
      <trkpt lat="44.481583495" lon="4.698984702">
        <ele>58.67</ele>
      </trkpt>
      <trkpt lat="44.48158532" lon="4.699003747">
        <ele>60.14</ele>
      </trkpt>
      <trkpt lat="44.481586564" lon="4.699019172">
        <ele>58</ele>
      </trkpt>
      <trkpt lat="44.481807603" lon="4.701758805">
        <ele>66.3</ele>
      </trkpt>
      <trkpt lat="44.481807603" lon="4.701758805">
        <ele>66.3</ele>
      </trkpt>
      <trkpt lat="44.482045313" lon="4.701607563">
        <ele>67.04</ele>
      </trkpt>
      <trkpt lat="44.48221751" lon="4.701317247">
        <ele>66.57</ele>
      </trkpt>
      <trkpt lat="44.482333935" lon="4.70118496">
        <ele>66.97</ele>
      </trkpt>
      <trkpt lat="44.482456376" lon="4.70113241">
        <ele>67.27</ele>
      </trkpt>
      <trkpt lat="44.48265047" lon="4.701130687">
        <ele>67.69</ele>
      </trkpt>
      <trkpt lat="44.482942149" lon="4.701146262">
        <ele>68.13</ele>
      </trkpt>
      <trkpt lat="44.483026285" lon="4.701177425">
        <ele>68.27</ele>
      </trkpt>
      <trkpt lat="44.483105697" lon="4.701206839">
        <ele>68.77</ele>
      </trkpt>
      <trkpt lat="44.483471432" lon="4.701604578">
        <ele>68.71</ele>
      </trkpt>
      <trkpt lat="44.483758604" lon="4.701995675">
        <ele>68.35</ele>
      </trkpt>
      <trkpt lat="44.484609443" lon="4.70306592">
        <ele>67.82</ele>
      </trkpt>
      <trkpt lat="44.484841989" lon="4.703355491">
        <ele>67.24</ele>
      </trkpt>
      <trkpt lat="44.484976127" lon="4.703535254">
        <ele>67.13</ele>
      </trkpt>
      <trkpt lat="44.485236346" lon="4.703883986">
        <ele>66.66</ele>
      </trkpt>
      <trkpt lat="44.48562489" lon="4.704457979">
        <ele>66.64</ele>
      </trkpt>
      <trkpt lat="44.486105525" lon="4.705154638">
        <ele>66.46</ele>
      </trkpt>
      <trkpt lat="44.486373902" lon="4.705538133">
        <ele>65.84</ele>
      </trkpt>
      <trkpt lat="44.486548322" lon="4.705787372">
        <ele>64.08</ele>
      </trkpt>
      <trkpt lat="44.48687409" lon="4.70625817">
        <ele>63.11</ele>
      </trkpt>
      <trkpt lat="44.487165955" lon="4.706675145">
        <ele>62.22</ele>
      </trkpt>
      <trkpt lat="44.487603659" lon="4.707306323">
        <ele>61.7</ele>
      </trkpt>
      <trkpt lat="44.487881305" lon="4.70772432">
        <ele>61.42</ele>
      </trkpt>
      <trkpt lat="44.488165421" lon="4.708106812">
        <ele>61.57</ele>
      </trkpt>
      <trkpt lat="44.488313436" lon="4.708312517">
        <ele>61.77</ele>
      </trkpt>
      <trkpt lat="44.488604112" lon="4.708673818">
        <ele>61.86</ele>
      </trkpt>
      <trkpt lat="44.488802494" lon="4.708894223">
        <ele>61.99</ele>
      </trkpt>
      <trkpt lat="44.48896789" lon="4.70906445">
        <ele>61.98</ele>
      </trkpt>
      <trkpt lat="44.489223814" lon="4.709294832">
        <ele>61.86</ele>
      </trkpt>
      <trkpt lat="44.489645328" lon="4.709651539">
        <ele>61.82</ele>
      </trkpt>
      <trkpt lat="44.489893502" lon="4.709854575">
        <ele>61.85</ele>
      </trkpt>
      <trkpt lat="44.490278672" lon="4.710183073">
        <ele>61.97</ele>
      </trkpt>
      <trkpt lat="44.490447036" lon="4.710328038">
        <ele>62.24</ele>
      </trkpt>
      <trkpt lat="44.490718386" lon="4.710551762">
        <ele>62.5</ele>
      </trkpt>
      <trkpt lat="44.491137787" lon="4.710912706">
        <ele>62.7</ele>
      </trkpt>
      <trkpt lat="44.491443367" lon="4.711168873">
        <ele>63.03</ele>
      </trkpt>
      <trkpt lat="44.491708677" lon="4.711386714">
        <ele>63.22</ele>
      </trkpt>
      <trkpt lat="44.491998118" lon="4.711629552">
        <ele>63.31</ele>
      </trkpt>
      <trkpt lat="44.492314973" lon="4.711883214">
        <ele>63.42</ele>
      </trkpt>
      <trkpt lat="44.492560169" lon="4.71208047">
        <ele>63.48</ele>
      </trkpt>
      <trkpt lat="44.492703025" lon="4.712223245">
        <ele>63.31</ele>
      </trkpt>
      <trkpt lat="44.492765849" lon="4.712256549">
        <ele>63.56</ele>
      </trkpt>
      <trkpt lat="44.492882498" lon="4.712363063">
        <ele>63.73</ele>
      </trkpt>
      <trkpt lat="44.493004962" lon="4.712544131">
        <ele>63.82</ele>
      </trkpt>
      <trkpt lat="44.493079421" lon="4.712590046">
        <ele>63.88</ele>
      </trkpt>
      <trkpt lat="44.493132521" lon="4.712591655">
        <ele>64.15</ele>
      </trkpt>
      <trkpt lat="44.493252341" lon="4.712309827">
        <ele>64.1</ele>
      </trkpt>
      <trkpt lat="44.49340719" lon="4.712009074">
        <ele>64.18</ele>
      </trkpt>
      <trkpt lat="44.493531414" lon="4.711779025">
        <ele>64.38</ele>
      </trkpt>
      <trkpt lat="44.493570229" lon="4.711707143">
        <ele>64.69</ele>
      </trkpt>
      <trkpt lat="44.493672037" lon="4.71159842">
        <ele>64.8</ele>
      </trkpt>
      <trkpt lat="44.493728727" lon="4.711632013">
        <ele>64.89</ele>
      </trkpt>
      <trkpt lat="44.494027815" lon="4.711648209">
        <ele>65.06</ele>
      </trkpt>
      <trkpt lat="44.494091436" lon="4.711630154">
        <ele>65.03</ele>
      </trkpt>
      <trkpt lat="44.494276697" lon="4.711460432">
        <ele>64.95</ele>
      </trkpt>
      <trkpt lat="44.494391043" lon="4.71134948">
        <ele>64.96</ele>
      </trkpt>
      <trkpt lat="44.494469359" lon="4.711306178">
        <ele>64.95</ele>
      </trkpt>
      <trkpt lat="44.494584503" lon="4.711259707">
        <ele>64.85</ele>
      </trkpt>
      <trkpt lat="44.494680569" lon="4.711231669">
        <ele>65.15</ele>
      </trkpt>
      <trkpt lat="44.494766155" lon="4.711206688">
        <ele>65.59</ele>
      </trkpt>
      <trkpt lat="44.494922724" lon="4.711190019">
        <ele>65.76</ele>
      </trkpt>
      <trkpt lat="44.49520053" lon="4.711169864">
        <ele>66.26</ele>
      </trkpt>
      <trkpt lat="44.495358776" lon="4.711136137">
        <ele>66.79</ele>
      </trkpt>
      <trkpt lat="44.495536498" lon="4.711073006">
        <ele>67.22</ele>
      </trkpt>
      <trkpt lat="44.495631731" lon="4.711058761">
        <ele>67.34</ele>
      </trkpt>
      <trkpt lat="44.495998688" lon="4.711065737">
        <ele>67.81</ele>
      </trkpt>
      <trkpt lat="44.496183667" lon="4.711108303">
        <ele>67.89</ele>
      </trkpt>
      <trkpt lat="44.496278065" lon="4.711125034">
        <ele>67.71</ele>
      </trkpt>
      <trkpt lat="44.496329361" lon="4.711134125">
        <ele>67.48</ele>
      </trkpt>
      <trkpt lat="44.496511145" lon="4.711072544">
        <ele>67.43</ele>
      </trkpt>
      <trkpt lat="44.496630811" lon="4.710899171">
        <ele>67.13</ele>
      </trkpt>
      <trkpt lat="44.496624967" lon="4.710781947">
        <ele>66.87</ele>
      </trkpt>
      <trkpt lat="44.496619987" lon="4.710641913">
        <ele>66.84</ele>
      </trkpt>
      <trkpt lat="44.496620091" lon="4.71050346">
        <ele>66.7</ele>
      </trkpt>
      <trkpt lat="44.496634716" lon="4.710416831">
        <ele>66.78</ele>
      </trkpt>
      <trkpt lat="44.497189424" lon="4.709628567">
        <ele>66.96</ele>
      </trkpt>
      <trkpt lat="44.497595697" lon="4.709057048">
        <ele>67.07</ele>
      </trkpt>
      <trkpt lat="44.497676673" lon="4.708973853">
        <ele>67.16</ele>
      </trkpt>
      <trkpt lat="44.497817518" lon="4.708851072">
        <ele>67.45</ele>
      </trkpt>
      <trkpt lat="44.497871948" lon="4.708832734">
        <ele>67.5</ele>
      </trkpt>
      <trkpt lat="44.497944738" lon="4.70881638">
        <ele>67.5</ele>
      </trkpt>
      <trkpt lat="44.498024344" lon="4.708821642">
        <ele>70.41</ele>
      </trkpt>
      <trkpt lat="44.498083372" lon="4.708836273">
        <ele>69.37</ele>
      </trkpt>
      <trkpt lat="44.498221993" lon="4.708659182">
        <ele>68.28</ele>
      </trkpt>
      <trkpt lat="44.498926894" lon="4.707671294">
        <ele>68.1</ele>
      </trkpt>
      <trkpt lat="44.499808849" lon="4.706464617">
        <ele>68.1</ele>
      </trkpt>
      <trkpt lat="44.499914859" lon="4.70608383">
        <ele>64.9</ele>
      </trkpt>
      <trkpt lat="44.500065868" lon="4.705964198">
        <ele>65.8</ele>
      </trkpt>
      <trkpt lat="44.500431355" lon="4.705518439">
        <ele>66.58</ele>
      </trkpt>
      <trkpt lat="44.500721612" lon="4.705114656">
        <ele>66.46</ele>
      </trkpt>
      <trkpt lat="44.501000038" lon="4.704749054">
        <ele>66.21</ele>
      </trkpt>
      <trkpt lat="44.501035913" lon="4.704826494">
        <ele>66.33</ele>
      </trkpt>
      <trkpt lat="44.501114722" lon="4.704996617">
        <ele>66.06</ele>
      </trkpt>
      <trkpt lat="44.501206206" lon="4.705224923">
        <ele>65.81</ele>
      </trkpt>
      <trkpt lat="44.501230333" lon="4.705297385">
        <ele>65.57</ele>
      </trkpt>
      <trkpt lat="44.501264784" lon="4.705400846">
        <ele>65.47</ele>
      </trkpt>
      <trkpt lat="44.501343961" lon="4.705565971">
        <ele>65.3</ele>
      </trkpt>
      <trkpt lat="44.501408926" lon="4.705761632">
        <ele>65.52</ele>
      </trkpt>
      <trkpt lat="44.501457093" lon="4.70584775">
        <ele>65.69</ele>
      </trkpt>
      <trkpt lat="44.501580687" lon="4.705981385">
        <ele>65.87</ele>
      </trkpt>
      <trkpt lat="44.501711141" lon="4.706145453">
        <ele>66.04</ele>
      </trkpt>
      <trkpt lat="44.501778022" lon="4.706301397">
        <ele>66.26</ele>
      </trkpt>
      <trkpt lat="44.501879321" lon="4.706554725">
        <ele>66.48</ele>
      </trkpt>
      <trkpt lat="44.501906872" lon="4.706623625">
        <ele>66.63</ele>
      </trkpt>
      <trkpt lat="44.502034186" lon="4.706912975">
        <ele>66.73</ele>
      </trkpt>
      <trkpt lat="44.502066466" lon="4.707023643">
        <ele>66.45</ele>
      </trkpt>
      <trkpt lat="44.502101633" lon="4.707241915">
        <ele>66.32</ele>
      </trkpt>
      <trkpt lat="44.50212293" lon="4.707483098">
        <ele>66.11</ele>
      </trkpt>
      <trkpt lat="44.502167443" lon="4.707577825">
        <ele>65.57</ele>
      </trkpt>
      <trkpt lat="44.502310521" lon="4.707739297">
        <ele>65.24</ele>
      </trkpt>
      <trkpt lat="44.502409982" lon="4.70784794">
        <ele>65.2</ele>
      </trkpt>
      <trkpt lat="44.502490791" lon="4.707907485">
        <ele>65.06</ele>
      </trkpt>
      <trkpt lat="44.502555885" lon="4.707936682">
        <ele>65.18</ele>
      </trkpt>
      <trkpt lat="44.502640901" lon="4.707912022">
        <ele>66.28</ele>
      </trkpt>
      <trkpt lat="44.502751688" lon="4.707816871">
        <ele>66.95</ele>
      </trkpt>
      <trkpt lat="44.502902987" lon="4.707678689">
        <ele>67.56</ele>
      </trkpt>
      <trkpt lat="44.50311166" lon="4.707991919">
        <ele>68.74</ele>
      </trkpt>
      <trkpt lat="44.503164955" lon="4.707915015">
        <ele>68.72</ele>
      </trkpt>
      <trkpt lat="44.503243592" lon="4.707800441">
        <ele>67.52</ele>
      </trkpt>
      <trkpt lat="44.503306057" lon="4.70770943">
        <ele>66.41</ele>
      </trkpt>
      <trkpt lat="44.50343948" lon="4.707440258">
        <ele>65.46</ele>
      </trkpt>
      <trkpt lat="44.503472679" lon="4.70737328">
        <ele>63.93</ele>
      </trkpt>
      <trkpt lat="44.503597268" lon="4.707197917">
        <ele>63.55</ele>
      </trkpt>
      <trkpt lat="44.50368263" lon="4.707141935">
        <ele>63.97</ele>
      </trkpt>
      <trkpt lat="44.503785828" lon="4.707185543">
        <ele>64.48</ele>
      </trkpt>
      <trkpt lat="44.504060382" lon="4.707422445">
        <ele>64.99</ele>
      </trkpt>
      <trkpt lat="44.504245713" lon="4.707593645">
        <ele>65.42</ele>
      </trkpt>
      <trkpt lat="44.504324313" lon="4.707795882">
        <ele>65.63</ele>
      </trkpt>
      <trkpt lat="44.50439081" lon="4.707922093">
        <ele>65.53</ele>
      </trkpt>
      <trkpt lat="44.504476928" lon="4.70803462">
        <ele>65.66</ele>
      </trkpt>
      <trkpt lat="44.504588475" lon="4.708286391">
        <ele>65.6</ele>
      </trkpt>
      <trkpt lat="44.504799427" lon="4.708848104">
        <ele>65.59</ele>
      </trkpt>
      <trkpt lat="44.504986175" lon="4.709323432">
        <ele>65.49</ele>
      </trkpt>
      <trkpt lat="44.505029448" lon="4.709431811">
        <ele>65.47</ele>
      </trkpt>
      <trkpt lat="44.50508375" lon="4.709487703">
        <ele>65.37</ele>
      </trkpt>
      <trkpt lat="44.505144202" lon="4.709542353">
        <ele>66.3</ele>
      </trkpt>
      <trkpt lat="44.505284297" lon="4.709863521">
        <ele>67.39</ele>
      </trkpt>
      <trkpt lat="44.505573989" lon="4.710551832">
        <ele>68.93</ele>
      </trkpt>
      <trkpt lat="44.506013585" lon="4.711718663">
        <ele>70.83</ele>
      </trkpt>
      <trkpt lat="44.50640293" lon="4.712765493">
        <ele>72.23</ele>
      </trkpt>
      <trkpt lat="44.506886103" lon="4.71401934">
        <ele>72.69</ele>
      </trkpt>
      <trkpt lat="44.507094386" lon="4.714619563">
        <ele>73.06</ele>
      </trkpt>
      <trkpt lat="44.50712748" lon="4.714680695">
        <ele>73.07</ele>
      </trkpt>
      <trkpt lat="44.507165892" lon="4.71475165">
        <ele>72.27</ele>
      </trkpt>
      <trkpt lat="44.507242797" lon="4.714800164">
        <ele>71.62</ele>
      </trkpt>
      <trkpt lat="44.507405422" lon="4.714853145">
        <ele>70.69</ele>
      </trkpt>
      <trkpt lat="44.507503128" lon="4.714877882">
        <ele>71.66</ele>
      </trkpt>
      <trkpt lat="44.507578419" lon="4.714896944">
        <ele>72.23</ele>
      </trkpt>
      <trkpt lat="44.507728864" lon="4.714945768">
        <ele>73.22</ele>
      </trkpt>
      <trkpt lat="44.508142036" lon="4.715181027">
        <ele>74</ele>
      </trkpt>
      <trkpt lat="44.508362859" lon="4.715323662">
        <ele>75.1</ele>
      </trkpt>
      <trkpt lat="44.50850617" lon="4.71541623">
        <ele>73.84</ele>
      </trkpt>
      <trkpt lat="44.508664325" lon="4.715520733">
        <ele>72.51</ele>
      </trkpt>
      <trkpt lat="44.508884379" lon="4.715666139">
        <ele>71.1</ele>
      </trkpt>
      <trkpt lat="44.509054221" lon="4.715806355">
        <ele>70.47</ele>
      </trkpt>
      <trkpt lat="44.509156034" lon="4.71590006">
        <ele>69.66</ele>
      </trkpt>
      <trkpt lat="44.509305929" lon="4.716052205">
        <ele>68.76</ele>
      </trkpt>
      <trkpt lat="44.509556192" lon="4.716350429">
        <ele>68.55</ele>
      </trkpt>
      <trkpt lat="44.509605228" lon="4.716417639">
        <ele>68.31</ele>
      </trkpt>
      <trkpt lat="44.509720243" lon="4.716575283">
        <ele>67.9</ele>
      </trkpt>
      <trkpt lat="44.510206577" lon="4.71717095">
        <ele>67.3</ele>
      </trkpt>
      <trkpt lat="44.510372893" lon="4.717374658">
        <ele>67.17</ele>
      </trkpt>
      <trkpt lat="44.510589132" lon="4.717593965">
        <ele>66.93</ele>
      </trkpt>
      <trkpt lat="44.510739382" lon="4.717738595">
        <ele>67.22</ele>
      </trkpt>
      <trkpt lat="44.511191054" lon="4.718173375">
        <ele>67.01</ele>
      </trkpt>
      <trkpt lat="44.511768467" lon="4.718722771">
        <ele>67.26</ele>
      </trkpt>
      <trkpt lat="44.511812795" lon="4.71879195">
        <ele>67.29</ele>
      </trkpt>
      <trkpt lat="44.511893019" lon="4.718954301">
        <ele>67.33</ele>
      </trkpt>
      <trkpt lat="44.511967949" lon="4.719119764">
        <ele>67.11</ele>
      </trkpt>
      <trkpt lat="44.512007582" lon="4.719207649">
        <ele>67.39</ele>
      </trkpt>
      <trkpt lat="44.51203464" lon="4.719306989">
        <ele>67.28</ele>
      </trkpt>
      <trkpt lat="44.512053418" lon="4.719413217">
        <ele>67.31</ele>
      </trkpt>
      <trkpt lat="44.512068598" lon="4.719553602">
        <ele>67.3</ele>
      </trkpt>
      <trkpt lat="44.512085709" lon="4.719701184">
        <ele>67.75</ele>
      </trkpt>
      <trkpt lat="44.512104862" lon="4.719848828">
        <ele>68.07</ele>
      </trkpt>
      <trkpt lat="44.512122771" lon="4.720010713">
        <ele>68.54</ele>
      </trkpt>
      <trkpt lat="44.512124342" lon="4.720172101">
        <ele>69.19</ele>
      </trkpt>
      <trkpt lat="44.512127902" lon="4.720271439">
        <ele>69.76</ele>
      </trkpt>
      <trkpt lat="44.512157945" lon="4.720375869">
        <ele>69.76</ele>
      </trkpt>
      <trkpt lat="44.512170018" lon="4.720453337">
        <ele>69.83</ele>
      </trkpt>
      <trkpt lat="44.51215089" lon="4.720533425">
        <ele>69.47</ele>
      </trkpt>
      <trkpt lat="44.512132606" lon="4.720624959">
        <ele>69.4</ele>
      </trkpt>
      <trkpt lat="44.512132155" lon="4.720784858">
        <ele>69.69</ele>
      </trkpt>
      <trkpt lat="44.512149065" lon="4.720945284">
        <ele>69.74</ele>
      </trkpt>
      <trkpt lat="44.512180512" lon="4.721156127">
        <ele>69.81</ele>
      </trkpt>
      <trkpt lat="44.512275716" lon="4.721798675">
        <ele>69.31</ele>
      </trkpt>
      <trkpt lat="44.51234131" lon="4.722308968">
        <ele>68.78</ele>
      </trkpt>
      <trkpt lat="44.512363969" lon="4.722428166">
        <ele>67.83</ele>
      </trkpt>
      <trkpt lat="44.512412803" lon="4.722506755">
        <ele>67.06</ele>
      </trkpt>
      <trkpt lat="44.512478198" lon="4.722571572">
        <ele>67.09</ele>
      </trkpt>
      <trkpt lat="44.512735589" lon="4.722706494">
        <ele>67.78</ele>
      </trkpt>
      <trkpt lat="44.513194809" lon="4.722936098">
        <ele>67.72</ele>
      </trkpt>
      <trkpt lat="44.513831488" lon="4.723185397">
        <ele>68.27</ele>
      </trkpt>
      <trkpt lat="44.514408694" lon="4.723448592">
        <ele>68.63</ele>
      </trkpt>
      <trkpt lat="44.51497893" lon="4.723700159">
        <ele>67.64</ele>
      </trkpt>
      <trkpt lat="44.515534026" lon="4.723939844">
        <ele>67.21</ele>
      </trkpt>
      <trkpt lat="44.515957308" lon="4.72411554">
        <ele>67.53</ele>
      </trkpt>
      <trkpt lat="44.516643554" lon="4.724396364">
        <ele>67.2</ele>
      </trkpt>
      <trkpt lat="44.517193877" lon="4.7246145">
        <ele>67.16</ele>
      </trkpt>
      <trkpt lat="44.517421256" lon="4.724708545">
        <ele>67.62</ele>
      </trkpt>
      <trkpt lat="44.517518618" lon="4.724754354">
        <ele>67.78</ele>
      </trkpt>
      <trkpt lat="44.517575112" lon="4.724800345">
        <ele>67.97</ele>
      </trkpt>
      <trkpt lat="44.517666721" lon="4.724887391">
        <ele>67.84</ele>
      </trkpt>
      <trkpt lat="44.517782772" lon="4.724979466">
        <ele>67.9</ele>
      </trkpt>
      <trkpt lat="44.517915718" lon="4.725036359">
        <ele>67.84</ele>
      </trkpt>
      <trkpt lat="44.518102011" lon="4.725079174">
        <ele>67.7</ele>
      </trkpt>
      <trkpt lat="44.518621463" lon="4.725180715">
        <ele>67.4</ele>
      </trkpt>
      <trkpt lat="44.519189688" lon="4.725299456">
        <ele>67.39</ele>
      </trkpt>
      <trkpt lat="44.51955668" lon="4.725350649">
        <ele>67.27</ele>
      </trkpt>
      <trkpt lat="44.519995958" lon="4.725352643">
        <ele>68.35</ele>
      </trkpt>
      <trkpt lat="44.520355184" lon="4.725377895">
        <ele>68.47</ele>
      </trkpt>
      <trkpt lat="44.520481942" lon="4.725373199">
        <ele>68.64</ele>
      </trkpt>
      <trkpt lat="44.520564349" lon="4.725330021">
        <ele>68.71</ele>
      </trkpt>
      <trkpt lat="44.520673111" lon="4.72523481">
        <ele>69.03</ele>
      </trkpt>
      <trkpt lat="44.52085827" lon="4.725023409">
        <ele>68.56</ele>
      </trkpt>
      <trkpt lat="44.521247854" lon="4.724609758">
        <ele>69</ele>
      </trkpt>
      <trkpt lat="44.521337654" lon="4.724551096">
        <ele>68.81</ele>
      </trkpt>
      <trkpt lat="44.521455891" lon="4.724503297">
        <ele>69.06</ele>
      </trkpt>
      <trkpt lat="44.521549999" lon="4.724430485">
        <ele>69.09</ele>
      </trkpt>
      <trkpt lat="44.521644262" lon="4.724347682">
        <ele>68.89</ele>
      </trkpt>
      <trkpt lat="44.521720101" lon="4.724267171">
        <ele>70.26</ele>
      </trkpt>
      <trkpt lat="44.521769355" lon="4.724235889">
        <ele>72.19</ele>
      </trkpt>
      <trkpt lat="44.522477275" lon="4.7242546">
        <ele>73.81</ele>
      </trkpt>
      <trkpt lat="44.522933596" lon="4.724236827">
        <ele>75.36</ele>
      </trkpt>
      <trkpt lat="44.523086247" lon="4.724225502">
        <ele>77.17</ele>
      </trkpt>
      <trkpt lat="44.523291333" lon="4.72415184">
        <ele>77.15</ele>
      </trkpt>
      <trkpt lat="44.52405702" lon="4.723695665">
        <ele>77.15</ele>
      </trkpt>
      <trkpt lat="44.524655389" lon="4.723335612">
        <ele>77.02</ele>
      </trkpt>
      <trkpt lat="44.52496733" lon="4.723131994">
        <ele>77.11</ele>
      </trkpt>
      <trkpt lat="44.525140071" lon="4.723054675">
        <ele>76.85</ele>
      </trkpt>
      <trkpt lat="44.525306349" lon="4.723025112">
        <ele>76.86</ele>
      </trkpt>
      <trkpt lat="44.52583677" lon="4.723110564">
        <ele>76.64</ele>
      </trkpt>
      <trkpt lat="44.526265965" lon="4.723219561">
        <ele>76.72</ele>
      </trkpt>
      <trkpt lat="44.526828569" lon="4.72336296">
        <ele>76.99</ele>
      </trkpt>
      <trkpt lat="44.527559953" lon="4.723539141">
        <ele>77.26</ele>
      </trkpt>
      <trkpt lat="44.529132026" lon="4.723890291">
        <ele>77.7</ele>
      </trkpt>
      <trkpt lat="44.529166059" lon="4.723897893">
        <ele>78.3</ele>
      </trkpt>
      <trkpt lat="44.52920563" lon="4.723910826">
        <ele>78.78</ele>
      </trkpt>
      <trkpt lat="44.529648884" lon="4.724055698">
        <ele>79.19</ele>
      </trkpt>
      <trkpt lat="44.529688714" lon="4.724068716">
        <ele>79.26</ele>
      </trkpt>
      <trkpt lat="44.529955985" lon="4.724116842">
        <ele>78.99</ele>
      </trkpt>
      <trkpt lat="44.530235844" lon="4.724045452">
        <ele>79.8</ele>
      </trkpt>
      <trkpt lat="44.53094318" lon="4.723832238">
        <ele>80.57</ele>
      </trkpt>
      <trkpt lat="44.532532927" lon="4.723306027">
        <ele>80.26</ele>
      </trkpt>
      <trkpt lat="44.533606048" lon="4.722890389">
        <ele>80.95</ele>
      </trkpt>
      <trkpt lat="44.533709846" lon="4.722982112">
        <ele>81.63</ele>
      </trkpt>
      <trkpt lat="44.533815844" lon="4.723063905">
        <ele>80.69</ele>
      </trkpt>
      <trkpt lat="44.533927481" lon="4.723111589">
        <ele>80.25</ele>
      </trkpt>
      <trkpt lat="44.534008921" lon="4.723076129">
        <ele>80.26</ele>
      </trkpt>
      <trkpt lat="44.534058091" lon="4.723057596">
        <ele>79.95</ele>
      </trkpt>
      <trkpt lat="44.534121837" lon="4.723096094">
        <ele>80.21</ele>
      </trkpt>
      <trkpt lat="44.534396172" lon="4.723520114">
        <ele>80.72</ele>
      </trkpt>
      <trkpt lat="44.534527114" lon="4.723705511">
        <ele>80.79</ele>
      </trkpt>
      <trkpt lat="44.534734772" lon="4.723950385">
        <ele>80.43</ele>
      </trkpt>
      <trkpt lat="44.534809229" lon="4.723958372">
        <ele>79.71</ele>
      </trkpt>
      <trkpt lat="44.534864197" lon="4.723905772">
        <ele>78.72</ele>
      </trkpt>
      <trkpt lat="44.534892907" lon="4.723833802">
        <ele>78.18</ele>
      </trkpt>
      <trkpt lat="44.534897659" lon="4.723717298">
        <ele>77.04</ele>
      </trkpt>
      <trkpt lat="44.534941762" lon="4.723540333">
        <ele>76.14</ele>
      </trkpt>
      <trkpt lat="44.535159704" lon="4.723146562">
        <ele>75.27</ele>
      </trkpt>
      <trkpt lat="44.535437137" lon="4.722734506">
        <ele>74.65</ele>
      </trkpt>
      <trkpt lat="44.535732038" lon="4.722347959">
        <ele>73.87</ele>
      </trkpt>
      <trkpt lat="44.536374832" lon="4.721613944">
        <ele>74.65</ele>
      </trkpt>
      <trkpt lat="44.536563861" lon="4.721332415">
        <ele>74.85</ele>
      </trkpt>
      <trkpt lat="44.536754957" lon="4.721109238">
        <ele>75.63</ele>
      </trkpt>
      <trkpt lat="44.537112485" lon="4.720907786">
        <ele>76.17</ele>
      </trkpt>
      <trkpt lat="44.538183752" lon="4.72076972">
        <ele>75.88</ele>
      </trkpt>
      <trkpt lat="44.53848109" lon="4.720799599">
        <ele>74.56</ele>
      </trkpt>
      <trkpt lat="44.538735652" lon="4.720898962">
        <ele>74.3</ele>
      </trkpt>
      <trkpt lat="44.539015901" lon="4.721069893">
        <ele>73.44</ele>
      </trkpt>
      <trkpt lat="44.539139493" lon="4.721144072">
        <ele>72.59</ele>
      </trkpt>
      <trkpt lat="44.539247104" lon="4.721139397">
        <ele>72.37</ele>
      </trkpt>
      <trkpt lat="44.539393803" lon="4.721089738">
        <ele>72.3</ele>
      </trkpt>
      <trkpt lat="44.540383459" lon="4.720537598">
        <ele>72.32</ele>
      </trkpt>
      <trkpt lat="44.542139605" lon="4.719557774">
        <ele>72.37</ele>
      </trkpt>
      <trkpt lat="44.544156897" lon="4.71837411">
        <ele>72.45</ele>
      </trkpt>
      <trkpt lat="44.54611414" lon="4.717221017">
        <ele>72.65</ele>
      </trkpt>
      <trkpt lat="44.54724568" lon="4.716769027">
        <ele>72.85</ele>
      </trkpt>
      <trkpt lat="44.547470455" lon="4.716715893">
        <ele>72.94</ele>
      </trkpt>
      <trkpt lat="44.547741303" lon="4.716764109">
        <ele>73.4</ele>
      </trkpt>
      <trkpt lat="44.548022194" lon="4.716779313">
        <ele>73.82</ele>
      </trkpt>
      <trkpt lat="44.548222638" lon="4.716758756">
        <ele>74.1</ele>
      </trkpt>
      <trkpt lat="44.548264363" lon="4.716603438">
        <ele>73.33</ele>
      </trkpt>
      <trkpt lat="44.548519371" lon="4.716597865">
        <ele>72.76</ele>
      </trkpt>
      <trkpt lat="44.5487047" lon="4.716476898">
        <ele>71.81</ele>
      </trkpt>
      <trkpt lat="44.54891969" lon="4.716440123">
        <ele>71.18</ele>
      </trkpt>
      <trkpt lat="44.548998657" lon="4.716391172">
        <ele>70.82</ele>
      </trkpt>
      <trkpt lat="44.548969491" lon="4.716301707">
        <ele>71.56</ele>
      </trkpt>
      <trkpt lat="44.548978136" lon="4.716205351">
        <ele>72.37</ele>
      </trkpt>
      <trkpt lat="44.549065365" lon="4.716111385">
        <ele>73.04</ele>
      </trkpt>
      <trkpt lat="44.54922979" lon="4.716013325">
        <ele>73.25</ele>
      </trkpt>
      <trkpt lat="44.54974031" lon="4.715758751">
        <ele>73.45</ele>
      </trkpt>
      <trkpt lat="44.549908554" lon="4.715663913">
        <ele>73.57</ele>
      </trkpt>
      <trkpt lat="44.550027774" lon="4.715504281">
        <ele>73.46</ele>
      </trkpt>
      <trkpt lat="44.550155018" lon="4.715288254">
        <ele>73.69</ele>
      </trkpt>
      <trkpt lat="44.550396251" lon="4.714942419">
        <ele>74.79</ele>
      </trkpt>
      <trkpt lat="44.550487046" lon="4.7148028">
        <ele>75.02</ele>
      </trkpt>
      <trkpt lat="44.55065726" lon="4.714703798">
        <ele>75.46</ele>
      </trkpt>
      <trkpt lat="44.551371126" lon="4.714461575">
        <ele>74.79</ele>
      </trkpt>
      <trkpt lat="44.551765494" lon="4.714340527">
        <ele>73.86</ele>
      </trkpt>
      <trkpt lat="44.552255338" lon="4.714155492">
        <ele>72.35</ele>
      </trkpt>
      <trkpt lat="44.55339197" lon="4.713681555">
        <ele>71.82</ele>
      </trkpt>
      <trkpt lat="44.554071742" lon="4.713578828">
        <ele>70.83</ele>
      </trkpt>
      <trkpt lat="44.554135363" lon="4.713462165">
        <ele>71.9</ele>
      </trkpt>
      <trkpt lat="44.554117776" lon="4.713245875">
        <ele>73</ele>
      </trkpt>
      <trkpt lat="44.554094841" lon="4.713143731">
        <ele>73.85</ele>
      </trkpt>
      <trkpt lat="44.55407881" lon="4.713057515">
        <ele>74.33</ele>
      </trkpt>
      <trkpt lat="44.554100851" lon="4.712953878">
        <ele>74.99</ele>
      </trkpt>
      <trkpt lat="44.554151532" lon="4.712913979">
        <ele>74.52</ele>
      </trkpt>
      <trkpt lat="44.554222037" lon="4.712913261">
        <ele>74.41</ele>
      </trkpt>
      <trkpt lat="44.554280446" lon="4.712967901">
        <ele>74.19</ele>
      </trkpt>
      <trkpt lat="44.554330842" lon="4.713078022">
        <ele>73.89</ele>
      </trkpt>
      <trkpt lat="44.554418137" lon="4.713312146">
        <ele>74</ele>
      </trkpt>
      <trkpt lat="44.554501348" lon="4.713611872">
        <ele>74.11</ele>
      </trkpt>
      <trkpt lat="44.554644666" lon="4.7145807">
        <ele>73.98</ele>
      </trkpt>
      <trkpt lat="44.554863786" lon="4.714673878">
        <ele>74.16</ele>
      </trkpt>
      <trkpt lat="44.555111607" lon="4.714610634">
        <ele>74.51</ele>
      </trkpt>
      <trkpt lat="44.555427043" lon="4.714532946">
        <ele>74.68</ele>
      </trkpt>
      <trkpt lat="44.556852266" lon="4.714381332">
        <ele>74.74</ele>
      </trkpt>
      <trkpt lat="44.55864014" lon="4.714375652">
        <ele>74.74</ele>
      </trkpt>
      <trkpt lat="44.55938603" lon="4.714425186">
        <ele>74.74</ele>
      </trkpt>
      <trkpt lat="44.560862815" lon="4.714600004">
        <ele>74.73</ele>
      </trkpt>
      <trkpt lat="44.563323504" lon="4.714931356">
        <ele>74.56</ele>
      </trkpt>
      <trkpt lat="44.5666302" lon="4.715359547">
        <ele>74.51</ele>
      </trkpt>
      <trkpt lat="44.569653107" lon="4.715757642">
        <ele>74.68</ele>
      </trkpt>
      <trkpt lat="44.572136645" lon="4.716088536">
        <ele>74.83</ele>
      </trkpt>
      <trkpt lat="44.574685399" lon="4.716426032">
        <ele>75</ele>
      </trkpt>
      <trkpt lat="44.574950104" lon="4.716461933">
        <ele>75.24</ele>
      </trkpt>
      <trkpt lat="44.574975046" lon="4.716465316">
        <ele>75.36</ele>
      </trkpt>
      <trkpt lat="44.576047679" lon="4.716610799">
        <ele>75.67</ele>
      </trkpt>
      <trkpt lat="44.576261339" lon="4.716660279">
        <ele>75.61</ele>
      </trkpt>
      <trkpt lat="44.576403" lon="4.716673">
        <ele>75.31</ele>
      </trkpt>
      <trkpt lat="44.577697" lon="4.716819">
        <ele>75.17</ele>
      </trkpt>
      <trkpt lat="44.578437" lon="4.716942">
        <ele>75.17</ele>
      </trkpt>
      <trkpt lat="44.579147" lon="4.717083">
        <ele>74.78</ele>
      </trkpt>
      <trkpt lat="44.579688" lon="4.717227">
        <ele>74.79</ele>
      </trkpt>
      <trkpt lat="44.580391" lon="4.717482999">
        <ele>74.96</ele>
      </trkpt>
      <trkpt lat="44.580931" lon="4.717730999">
        <ele>74.86</ele>
      </trkpt>
      <trkpt lat="44.581066" lon="4.717789">
        <ele>74.67</ele>
      </trkpt>
      <trkpt lat="44.581122" lon="4.717773999">
        <ele>74.28</ele>
      </trkpt>
      <trkpt lat="44.581162" lon="4.717685">
        <ele>73.87</ele>
      </trkpt>
      <trkpt lat="44.581274" lon="4.717157">
        <ele>74.75</ele>
      </trkpt>
      <trkpt lat="44.581262" lon="4.717055">
        <ele>75.11</ele>
      </trkpt>
      <trkpt lat="44.581229" lon="4.716924">
        <ele>75.54</ele>
      </trkpt>
      <trkpt lat="44.581069" lon="4.716276">
        <ele>76.02</ele>
      </trkpt>
      <trkpt lat="44.580848" lon="4.715414">
        <ele>76.39</ele>
      </trkpt>
      <trkpt lat="44.580618" lon="4.714528001">
        <ele>75.47</ele>
      </trkpt>
      <trkpt lat="44.580552" lon="4.71431">
        <ele>74.79</ele>
      </trkpt>
      <trkpt lat="44.58053" lon="4.714136">
        <ele>73.74</ele>
      </trkpt>
      <trkpt lat="44.580565" lon="4.713999">
        <ele>72.97</ele>
      </trkpt>
      <trkpt lat="44.580721" lon="4.713776">
        <ele>73.19</ele>
      </trkpt>
      <trkpt lat="44.581051" lon="4.713329">
        <ele>73.63</ele>
      </trkpt>
      <trkpt lat="44.581318" lon="4.712994001">
        <ele>71.93</ele>
      </trkpt>
      <trkpt lat="44.58141" lon="4.712861">
        <ele>71</ele>
      </trkpt>
      <trkpt lat="44.582353" lon="4.711547">
        <ele>69.93</ele>
      </trkpt>
      <trkpt lat="44.582384147" lon="4.711503033">
        <ele>67.77</ele>
      </trkpt>
      <trkpt lat="44.582400826" lon="4.711479489">
        <ele>67.39</ele>
      </trkpt>
      <trkpt lat="44.583281" lon="4.710237">
        <ele>68.7</ele>
      </trkpt>
      <trkpt lat="44.583655" lon="4.709697">
        <ele>69.54</ele>
      </trkpt>
      <trkpt lat="44.584352" lon="4.708714001">
        <ele>70.68</ele>
      </trkpt>
      <trkpt lat="44.585121" lon="4.707668">
        <ele>72.24</ele>
      </trkpt>
      <trkpt lat="44.585659" lon="4.706862001">
        <ele>71.55</ele>
      </trkpt>
      <trkpt lat="44.586092" lon="4.706279">
        <ele>71.67</ele>
      </trkpt>
      <trkpt lat="44.586467" lon="4.705775">
        <ele>71.89</ele>
      </trkpt>
      <trkpt lat="44.58665" lon="4.705477">
        <ele>71.86</ele>
      </trkpt>
      <trkpt lat="44.586702" lon="4.705425999">
        <ele>71.66</ele>
      </trkpt>
      <trkpt lat="44.5867705" lon="4.705438501">
        <ele>71.79</ele>
      </trkpt>
      <trkpt lat="44.586832" lon="4.705511001">
        <ele>71.82</ele>
      </trkpt>
      <trkpt lat="44.586946" lon="4.705678">
        <ele>71.84</ele>
      </trkpt>
      <trkpt lat="44.587041" lon="4.705802">
        <ele>71.6</ele>
      </trkpt>
      <trkpt lat="44.587076" lon="4.705873">
        <ele>71.53</ele>
      </trkpt>
      <trkpt lat="44.587087" lon="4.705966501">
        <ele>71.27</ele>
      </trkpt>
      <trkpt lat="44.587062" lon="4.706039001">
        <ele>71.18</ele>
      </trkpt>
      <trkpt lat="44.586949" lon="4.706195">
        <ele>71</ele>
      </trkpt>
      <trkpt lat="44.586787" lon="4.706399001">
        <ele>71.29</ele>
      </trkpt>
      <trkpt lat="44.586538" lon="4.706716">
        <ele>71.31</ele>
      </trkpt>
      <trkpt lat="44.586349" lon="4.706955">
        <ele>71.83</ele>
      </trkpt>
      <trkpt lat="44.586271" lon="4.707057">
        <ele>72.42</ele>
      </trkpt>
      <trkpt lat="44.586245" lon="4.707158">
        <ele>72.64</ele>
      </trkpt>
      <trkpt lat="44.586235" lon="4.707289001">
        <ele>72.76</ele>
      </trkpt>
      <trkpt lat="44.58622" lon="4.707471">
        <ele>72.73</ele>
      </trkpt>
      <trkpt lat="44.586196" lon="4.707678">
        <ele>72.29</ele>
      </trkpt>
      <trkpt lat="44.586177" lon="4.708058">
        <ele>71.48</ele>
      </trkpt>
      <trkpt lat="44.58616" lon="4.708508999">
        <ele>71.14</ele>
      </trkpt>
      <trkpt lat="44.586165" lon="4.709034001">
        <ele>70.63</ele>
      </trkpt>
      <trkpt lat="44.586159" lon="4.709447">
        <ele>70.38</ele>
      </trkpt>
      <trkpt lat="44.586144" lon="4.709538001">
        <ele>70.18</ele>
      </trkpt>
      <trkpt lat="44.586085" lon="4.709632001">
        <ele>70.15</ele>
      </trkpt>
      <trkpt lat="44.585997" lon="4.709725001">
        <ele>70.11</ele>
      </trkpt>
      <trkpt lat="44.585793" lon="4.709956">
        <ele>70.11</ele>
      </trkpt>
      <trkpt lat="44.585475" lon="4.710302">
        <ele>70.05</ele>
      </trkpt>
      <trkpt lat="44.585184" lon="4.710668999">
        <ele>70.41</ele>
      </trkpt>
      <trkpt lat="44.584928" lon="4.710972">
        <ele>70.38</ele>
      </trkpt>
      <trkpt lat="44.584838" lon="4.711095">
        <ele>70.46</ele>
      </trkpt>
      <trkpt lat="44.584814" lon="4.711196">
        <ele>70.72</ele>
      </trkpt>
      <trkpt lat="44.584832" lon="4.711281999">
        <ele>70.82</ele>
      </trkpt>
      <trkpt lat="44.584849" lon="4.711406001">
        <ele>70.77</ele>
      </trkpt>
      <trkpt lat="44.584889" lon="4.711493">
        <ele>70.88</ele>
      </trkpt>
      <trkpt lat="44.584979" lon="4.71165">
        <ele>71.38</ele>
      </trkpt>
      <trkpt lat="44.585085" lon="4.711739001">
        <ele>72.02</ele>
      </trkpt>
      <trkpt lat="44.585261" lon="4.711913">
        <ele>72.97</ele>
      </trkpt>
      <trkpt lat="44.585517" lon="4.712281">
        <ele>72.99</ele>
      </trkpt>
      <trkpt lat="44.585633" lon="4.712512">
        <ele>72.84</ele>
      </trkpt>
      <trkpt lat="44.585815" lon="4.712993">
        <ele>70.87</ele>
      </trkpt>
      <trkpt lat="44.586164" lon="4.713586">
        <ele>68.8</ele>
      </trkpt>
      <trkpt lat="44.586672" lon="4.714333">
        <ele>66.98</ele>
      </trkpt>
      <trkpt lat="44.58716" lon="4.714997">
        <ele>66.05</ele>
      </trkpt>
      <trkpt lat="44.587585" lon="4.715525001">
        <ele>65.94</ele>
      </trkpt>
      <trkpt lat="44.587975" lon="4.716053">
        <ele>66.9</ele>
      </trkpt>
      <trkpt lat="44.588144" lon="4.716302">
        <ele>67.43</ele>
      </trkpt>
      <trkpt lat="44.588193" lon="4.716387">
        <ele>67.73</ele>
      </trkpt>
      <trkpt lat="44.588288" lon="4.716552">
        <ele>68.1</ele>
      </trkpt>
      <trkpt lat="44.588594" lon="4.716966">
        <ele>68.82</ele>
      </trkpt>
      <trkpt lat="44.588901" lon="4.717308999">
        <ele>69.69</ele>
      </trkpt>
      <trkpt lat="44.589319" lon="4.717848">
        <ele>71.21</ele>
      </trkpt>
      <trkpt lat="44.589718" lon="4.718361999">
        <ele>72.68</ele>
      </trkpt>
      <trkpt lat="44.590038" lon="4.718743">
        <ele>74.14</ele>
      </trkpt>
      <trkpt lat="44.590292" lon="4.719058">
        <ele>74.83</ele>
      </trkpt>
      <trkpt lat="44.590485" lon="4.719227">
        <ele>75.31</ele>
      </trkpt>
      <trkpt lat="44.590791" lon="4.719454">
        <ele>75.16</ele>
      </trkpt>
      <trkpt lat="44.591175" lon="4.719724">
        <ele>75.86</ele>
      </trkpt>
      <trkpt lat="44.591425" lon="4.719911">
        <ele>75.98</ele>
      </trkpt>
      <trkpt lat="44.591561" lon="4.720008">
        <ele>75.75</ele>
      </trkpt>
      <trkpt lat="44.591622" lon="4.720033">
        <ele>75.23</ele>
      </trkpt>
      <trkpt lat="44.59169975" lon="4.720033">
        <ele>74.71</ele>
      </trkpt>
      <trkpt lat="44.591816" lon="4.719888">
        <ele>73.3</ele>
      </trkpt>
      <trkpt lat="44.591926" lon="4.719676">
        <ele>72.16</ele>
      </trkpt>
      <trkpt lat="44.59206" lon="4.719449">
        <ele>71.43</ele>
      </trkpt>
      <trkpt lat="44.592128" lon="4.719474999">
        <ele>71.31</ele>
      </trkpt>
      <trkpt lat="44.592201" lon="4.719547">
        <ele>71.36</ele>
      </trkpt>
      <trkpt lat="44.592333" lon="4.719643999">
        <ele>71.49</ele>
      </trkpt>
      <trkpt lat="44.592591" lon="4.719788">
        <ele>71.85</ele>
      </trkpt>
      <trkpt lat="44.592845" lon="4.719927">
        <ele>73.89</ele>
      </trkpt>
      <trkpt lat="44.593236" lon="4.720134999">
        <ele>75.13</ele>
      </trkpt>
      <trkpt lat="44.593751" lon="4.720401">
        <ele>76.28</ele>
      </trkpt>
      <trkpt lat="44.593997" lon="4.72049">
        <ele>77.48</ele>
      </trkpt>
      <trkpt lat="44.594123" lon="4.720507251">
        <ele>78.9</ele>
      </trkpt>
      <trkpt lat="44.594161001" lon="4.720591001">
        <ele>78.51</ele>
      </trkpt>
      <trkpt lat="44.594128" lon="4.720711">
        <ele>79</ele>
      </trkpt>
      <trkpt lat="44.594074" lon="4.720824">
        <ele>79.5</ele>
      </trkpt>
      <trkpt lat="44.593994" lon="4.721106">
        <ele>79.11</ele>
      </trkpt>
      <trkpt lat="44.593956" lon="4.721566">
        <ele>78.05</ele>
      </trkpt>
      <trkpt lat="44.593923" lon="4.722215">
        <ele>77.1</ele>
      </trkpt>
      <trkpt lat="44.593914" lon="4.722495001">
        <ele>75.63</ele>
      </trkpt>
      <trkpt lat="44.593899" lon="4.722806">
        <ele>73.48</ele>
      </trkpt>
      <trkpt lat="44.593885" lon="4.72308">
        <ele>72.21</ele>
      </trkpt>
      <trkpt lat="44.593833" lon="4.723286">
        <ele>71.86</ele>
      </trkpt>
      <trkpt lat="44.59373" lon="4.723461">
        <ele>71.76</ele>
      </trkpt>
      <trkpt lat="44.593567" lon="4.723777">
        <ele>72.39</ele>
      </trkpt>
      <trkpt lat="44.593443" lon="4.724041999">
        <ele>73.78</ele>
      </trkpt>
      <trkpt lat="44.593499" lon="4.724192">
        <ele>75.27</ele>
      </trkpt>
      <trkpt lat="44.593631" lon="4.724471001">
        <ele>75.95</ele>
      </trkpt>
      <trkpt lat="44.593823" lon="4.724934">
        <ele>76.42</ele>
      </trkpt>
      <trkpt lat="44.594124" lon="4.725558">
        <ele>76.28</ele>
      </trkpt>
      <trkpt lat="44.594293" lon="4.725972">
        <ele>76.19</ele>
      </trkpt>
      <trkpt lat="44.59431" lon="4.726123">
        <ele>76.25</ele>
      </trkpt>
      <trkpt lat="44.594273001" lon="4.726226751">
        <ele>76.02</ele>
      </trkpt>
      <trkpt lat="44.594196501" lon="4.726189">
        <ele>75.69</ele>
      </trkpt>
      <trkpt lat="44.594141" lon="4.726206">
        <ele>75.73</ele>
      </trkpt>
      <trkpt lat="44.59411" lon="4.726266001">
        <ele>75.72</ele>
      </trkpt>
      <trkpt lat="44.594123" lon="4.726346">
        <ele>75.38</ele>
      </trkpt>
      <trkpt lat="44.594164" lon="4.726433">
        <ele>75.34</ele>
      </trkpt>
      <trkpt lat="44.594209" lon="4.726574">
        <ele>75.33</ele>
      </trkpt>
      <trkpt lat="44.594246" lon="4.726793">
        <ele>75.28</ele>
      </trkpt>
      <trkpt lat="44.594636" lon="4.72757">
        <ele>75.18</ele>
      </trkpt>
      <trkpt lat="44.594889" lon="4.728092">
        <ele>75.02</ele>
      </trkpt>
      <trkpt lat="44.595164" lon="4.728571">
        <ele>75.04</ele>
      </trkpt>
      <trkpt lat="44.595481" lon="4.728997001">
        <ele>75.09</ele>
      </trkpt>
      <trkpt lat="44.596" lon="4.729648">
        <ele>75.34</ele>
      </trkpt>
      <trkpt lat="44.596513" lon="4.730274">
        <ele>75.48</ele>
      </trkpt>
      <trkpt lat="44.597110951" lon="4.730978979">
        <ele>75.6</ele>
      </trkpt>
      <trkpt lat="44.597189" lon="4.731070999">
        <ele>75.74</ele>
      </trkpt>
      <trkpt lat="44.597217098" lon="4.731104988">
        <ele>75.68</ele>
      </trkpt>
      <trkpt lat="44.59779" lon="4.731798">
        <ele>75.7</ele>
      </trkpt>
      <trkpt lat="44.598212" lon="4.732277">
        <ele>75.56</ele>
      </trkpt>
      <trkpt lat="44.598363" lon="4.73244">
        <ele>75.82</ele>
      </trkpt>
      <trkpt lat="44.59842" lon="4.732475999">
        <ele>75.71</ele>
      </trkpt>
      <trkpt lat="44.5984935" lon="4.732484501">
        <ele>75.81</ele>
      </trkpt>
      <trkpt lat="44.598542" lon="4.73246">
        <ele>75.5</ele>
      </trkpt>
      <trkpt lat="44.598619" lon="4.732361">
        <ele>75.19</ele>
      </trkpt>
      <trkpt lat="44.598768" lon="4.732129">
        <ele>74.6</ele>
      </trkpt>
      <trkpt lat="44.598911" lon="4.731945">
        <ele>74.54</ele>
      </trkpt>
      <trkpt lat="44.599046" lon="4.731773">
        <ele>74.48</ele>
      </trkpt>
      <trkpt lat="44.599109" lon="4.731706001">
        <ele>74.89</ele>
      </trkpt>
      <trkpt lat="44.599197501" lon="4.73161575">
        <ele>75.42</ele>
      </trkpt>
      <trkpt lat="44.5992605" lon="4.731657501">
        <ele>75.7</ele>
      </trkpt>
      <trkpt lat="44.599263001" lon="4.7317655">
        <ele>75.53</ele>
      </trkpt>
      <trkpt lat="44.599246" lon="4.731851">
        <ele>75.09</ele>
      </trkpt>
      <trkpt lat="44.5991905" lon="4.7319605">
        <ele>74.37</ele>
      </trkpt>
      <trkpt lat="44.5991635" lon="4.732091">
        <ele>73.74</ele>
      </trkpt>
      <trkpt lat="44.599186" lon="4.732194999">
        <ele>73.42</ele>
      </trkpt>
      <trkpt lat="44.599283" lon="4.732347">
        <ele>73.78</ele>
      </trkpt>
      <trkpt lat="44.599488" lon="4.732637999">
        <ele>74.08</ele>
      </trkpt>
      <trkpt lat="44.599838" lon="4.733159">
        <ele>75.04</ele>
      </trkpt>
      <trkpt lat="44.600146" lon="4.733497">
        <ele>75.7</ele>
      </trkpt>
      <trkpt lat="44.600671" lon="4.733998">
        <ele>75.79</ele>
      </trkpt>
      <trkpt lat="44.601231" lon="4.734453">
        <ele>75.66</ele>
      </trkpt>
      <trkpt lat="44.601913" lon="4.735026">
        <ele>75.92</ele>
      </trkpt>
      <trkpt lat="44.602389" lon="4.735436999">
        <ele>75.25</ele>
      </trkpt>
      <trkpt lat="44.60277" lon="4.735704">
        <ele>75.09</ele>
      </trkpt>
      <trkpt lat="44.603066" lon="4.735915">
        <ele>75.15</ele>
      </trkpt>
      <trkpt lat="44.603334" lon="4.736072">
        <ele>75.65</ele>
      </trkpt>
      <trkpt lat="44.603547" lon="4.736223">
        <ele>75.13</ele>
      </trkpt>
      <trkpt lat="44.603939" lon="4.736494">
        <ele>75.47</ele>
      </trkpt>
      <trkpt lat="44.604247" lon="4.736691999">
        <ele>75.4</ele>
      </trkpt>
      <trkpt lat="44.605003" lon="4.737144999">
        <ele>75.24</ele>
      </trkpt>
      <trkpt lat="44.605469" lon="4.737462">
        <ele>74.87</ele>
      </trkpt>
      <trkpt lat="44.606048" lon="4.737807">
        <ele>75.11</ele>
      </trkpt>
      <trkpt lat="44.606392" lon="4.737991">
        <ele>74.88</ele>
      </trkpt>
      <trkpt lat="44.606577" lon="4.738103">
        <ele>75.03</ele>
      </trkpt>
      <trkpt lat="44.6065915" lon="4.7382185">
        <ele>75.62</ele>
      </trkpt>
      <trkpt lat="44.60652" lon="4.738418001">
        <ele>75.54</ele>
      </trkpt>
      <trkpt lat="44.606523" lon="4.738664">
        <ele>75.86</ele>
      </trkpt>
      <trkpt lat="44.606613" lon="4.738865">
        <ele>75.93</ele>
      </trkpt>
      <trkpt lat="44.606726" lon="4.738988">
        <ele>75.86</ele>
      </trkpt>
      <trkpt lat="44.608049" lon="4.739829">
        <ele>75.67</ele>
      </trkpt>
      <trkpt lat="44.609709" lon="4.740895">
        <ele>75.83</ele>
      </trkpt>
      <trkpt lat="44.61135" lon="4.741943">
        <ele>75.75</ele>
      </trkpt>
      <trkpt lat="44.613352" lon="4.743208">
        <ele>75.99</ele>
      </trkpt>
      <trkpt lat="44.614646" lon="4.744029">
        <ele>76.19</ele>
      </trkpt>
      <trkpt lat="44.615912" lon="4.744847">
        <ele>76.33</ele>
      </trkpt>
      <trkpt lat="44.618043" lon="4.746188">
        <ele>76.43</ele>
      </trkpt>
      <trkpt lat="44.61944" lon="4.747066">
        <ele>76.5</ele>
      </trkpt>
      <trkpt lat="44.620367" lon="4.747633">
        <ele>76.57</ele>
      </trkpt>
      <trkpt lat="44.621392" lon="4.748298999">
        <ele>76.5</ele>
      </trkpt>
      <trkpt lat="44.621918" lon="4.748634001">
        <ele>76.49</ele>
      </trkpt>
      <trkpt lat="44.622447" lon="4.748985001">
        <ele>76.36</ele>
      </trkpt>
      <trkpt lat="44.623007" lon="4.749339">
        <ele>77.12</ele>
      </trkpt>
      <trkpt lat="44.623536" lon="4.749707">
        <ele>77.94</ele>
      </trkpt>
      <trkpt lat="44.624219" lon="4.750163">
        <ele>78.04</ele>
      </trkpt>
      <trkpt lat="44.624596" lon="4.750447">
        <ele>78.24</ele>
      </trkpt>
      <trkpt lat="44.624918" lon="4.750703">
        <ele>78.41</ele>
      </trkpt>
      <trkpt lat="44.625144" lon="4.750834">
        <ele>77.77</ele>
      </trkpt>
      <trkpt lat="44.625284" lon="4.750859">
        <ele>77.34</ele>
      </trkpt>
      <trkpt lat="44.625393" lon="4.750822">
        <ele>77.35</ele>
      </trkpt>
      <trkpt lat="44.625433" lon="4.750649">
        <ele>77.33</ele>
      </trkpt>
      <trkpt lat="44.625419" lon="4.750449001">
        <ele>77.43</ele>
      </trkpt>
      <trkpt lat="44.625455" lon="4.750153">
        <ele>77.22</ele>
      </trkpt>
      <trkpt lat="44.625516" lon="4.7498">
        <ele>76.69</ele>
      </trkpt>
      <trkpt lat="44.625644" lon="4.749203">
        <ele>76.7</ele>
      </trkpt>
      <trkpt lat="44.625651" lon="4.749129">
        <ele>76.49</ele>
      </trkpt>
      <trkpt lat="44.625684" lon="4.749064">
        <ele>76.29</ele>
      </trkpt>
      <trkpt lat="44.625738" lon="4.749024001">
        <ele>76.5</ele>
      </trkpt>
      <trkpt lat="44.625798" lon="4.748997">
        <ele>76.69</ele>
      </trkpt>
      <trkpt lat="44.625855" lon="4.749002">
        <ele>76.71</ele>
      </trkpt>
      <trkpt lat="44.625956" lon="4.74903">
        <ele>76.91</ele>
      </trkpt>
      <trkpt lat="44.626375" lon="4.749267">
        <ele>77.05</ele>
      </trkpt>
      <trkpt lat="44.626634" lon="4.749407">
        <ele>77.12</ele>
      </trkpt>
      <trkpt lat="44.626706" lon="4.749431">
        <ele>77.04</ele>
      </trkpt>
      <trkpt lat="44.626762" lon="4.749437999">
        <ele>77.1</ele>
      </trkpt>
      <trkpt lat="44.626823" lon="4.749400001">
        <ele>77.06</ele>
      </trkpt>
      <trkpt lat="44.62686" lon="4.749338">
        <ele>77.39</ele>
      </trkpt>
      <trkpt lat="44.626864" lon="4.749258">
        <ele>77.62</ele>
      </trkpt>
      <trkpt lat="44.626902" lon="4.749171">
        <ele>77.79</ele>
      </trkpt>
      <trkpt lat="44.626902" lon="4.749060001">
        <ele>77.87</ele>
      </trkpt>
      <trkpt lat="44.626873" lon="4.748976">
        <ele>77.88</ele>
      </trkpt>
      <trkpt lat="44.626855" lon="4.748894">
        <ele>77.98</ele>
      </trkpt>
      <trkpt lat="44.626875" lon="4.748785">
        <ele>77.84</ele>
      </trkpt>
      <trkpt lat="44.626911" lon="4.748679">
        <ele>77.66</ele>
      </trkpt>
      <trkpt lat="44.626999" lon="4.748209">
        <ele>77.3</ele>
      </trkpt>
      <trkpt lat="44.627194" lon="4.747337">
        <ele>77.24</ele>
      </trkpt>
      <trkpt lat="44.627351" lon="4.746608">
        <ele>76.93</ele>
      </trkpt>
      <trkpt lat="44.627502" lon="4.74589">
        <ele>76.73</ele>
      </trkpt>
      <trkpt lat="44.627647" lon="4.745240999">
        <ele>76.78</ele>
      </trkpt>
      <trkpt lat="44.627691" lon="4.74505">
        <ele>76.99</ele>
      </trkpt>
      <trkpt lat="44.627715" lon="4.744835">
        <ele>76.97</ele>
      </trkpt>
      <trkpt lat="44.627727" lon="4.744684">
        <ele>76.72</ele>
      </trkpt>
      <trkpt lat="44.627805" lon="4.744699001">
        <ele>76.72</ele>
      </trkpt>
      <trkpt lat="44.62786" lon="4.744606001">
        <ele>76.69</ele>
      </trkpt>
      <trkpt lat="44.627965" lon="4.744516">
        <ele>76.54</ele>
      </trkpt>
      <trkpt lat="44.628088" lon="4.744434">
        <ele>76.26</ele>
      </trkpt>
      <trkpt lat="44.628215" lon="4.744377">
        <ele>75.98</ele>
      </trkpt>
      <trkpt lat="44.628498" lon="4.744293">
        <ele>75.76</ele>
      </trkpt>
      <trkpt lat="44.628869" lon="4.744211">
        <ele>75.5</ele>
      </trkpt>
      <trkpt lat="44.629236" lon="4.744184">
        <ele>75.7</ele>
      </trkpt>
      <trkpt lat="44.629533" lon="4.744186001">
        <ele>75.98</ele>
      </trkpt>
      <trkpt lat="44.62983" lon="4.744271">
        <ele>76.64</ele>
      </trkpt>
      <trkpt lat="44.63024" lon="4.744428999">
        <ele>77.16</ele>
      </trkpt>
      <trkpt lat="44.630651" lon="4.744598">
        <ele>77.41</ele>
      </trkpt>
      <trkpt lat="44.631076" lon="4.744763">
        <ele>77.17</ele>
      </trkpt>
      <trkpt lat="44.631557" lon="4.744984">
        <ele>77.09</ele>
      </trkpt>
      <trkpt lat="44.631968" lon="4.745153">
        <ele>76.75</ele>
      </trkpt>
      <trkpt lat="44.632178" lon="4.745245">
        <ele>76.98</ele>
      </trkpt>
      <trkpt lat="44.632405" lon="4.745338001">
        <ele>77.03</ele>
      </trkpt>
      <trkpt lat="44.632591" lon="4.745424999">
        <ele>77.46</ele>
      </trkpt>
      <trkpt lat="44.632826" lon="4.745547">
        <ele>78.2</ele>
      </trkpt>
      <trkpt lat="44.63303" lon="4.745723">
        <ele>78.2</ele>
      </trkpt>
      <trkpt lat="44.633209" lon="4.745985">
        <ele>78.03</ele>
      </trkpt>
      <trkpt lat="44.633329" lon="4.746266">
        <ele>78.15</ele>
      </trkpt>
      <trkpt lat="44.633393" lon="4.746461999">
        <ele>78.17</ele>
      </trkpt>
      <trkpt lat="44.6334575" lon="4.746559">
        <ele>77.77</ele>
      </trkpt>
      <trkpt lat="44.633553123" lon="4.746593683">
        <ele>78.08</ele>
      </trkpt>
      <trkpt lat="44.633554" lon="4.746594001">
        <ele>78.26</ele>
      </trkpt>
      <trkpt lat="44.633569327" lon="4.746594205">
        <ele>78.11</ele>
      </trkpt>
      <trkpt lat="44.633629" lon="4.746595">
        <ele>77.97</ele>
      </trkpt>
      <trkpt lat="44.633791" lon="4.746794">
        <ele>77.81</ele>
      </trkpt>
      <trkpt lat="44.633869" lon="4.746910001">
        <ele>77.5</ele>
      </trkpt>
      <trkpt lat="44.633904" lon="4.746992">
        <ele>77.18</ele>
      </trkpt>
      <trkpt lat="44.634059" lon="4.746979">
        <ele>77.09</ele>
      </trkpt>
      <trkpt lat="44.634298" lon="4.74698">
        <ele>77.01</ele>
      </trkpt>
      <trkpt lat="44.634409" lon="4.747049999">
        <ele>76.87</ele>
      </trkpt>
      <trkpt lat="44.634568" lon="4.747156">
        <ele>77</ele>
      </trkpt>
      <trkpt lat="44.634653" lon="4.747219">
        <ele>76.81</ele>
      </trkpt>
      <trkpt lat="44.634749" lon="4.747302999">
        <ele>76.62</ele>
      </trkpt>
      <trkpt lat="44.63495" lon="4.74746">
        <ele>76.45</ele>
      </trkpt>
      <trkpt lat="44.635205" lon="4.747654">
        <ele>76.37</ele>
      </trkpt>
      <trkpt lat="44.635428" lon="4.747845">
        <ele>75.97</ele>
      </trkpt>
      <trkpt lat="44.635499" lon="4.747916">
        <ele>75.7</ele>
      </trkpt>
      <trkpt lat="44.635543" lon="4.747978">
        <ele>75.66</ele>
      </trkpt>
      <trkpt lat="44.63556" lon="4.748047">
        <ele>75.65</ele>
      </trkpt>
      <trkpt lat="44.635561" lon="4.748126">
        <ele>75.72</ele>
      </trkpt>
      <trkpt lat="44.634857" lon="4.750098">
        <ele>76.11</ele>
      </trkpt>
      <trkpt lat="44.63505" lon="4.750299">
        <ele>76.26</ele>
      </trkpt>
      <trkpt lat="44.635379" lon="4.750631">
        <ele>76.45</ele>
      </trkpt>
      <trkpt lat="44.635621" lon="4.750872">
        <ele>76.6</ele>
      </trkpt>
      <trkpt lat="44.635681" lon="4.750891001">
        <ele>76.65</ele>
      </trkpt>
      <trkpt lat="44.635739" lon="4.750936">
        <ele>76.51</ele>
      </trkpt>
      <trkpt lat="44.6358" lon="4.751010999">
        <ele>76.56</ele>
      </trkpt>
      <trkpt lat="44.635836" lon="4.751122">
        <ele>76.54</ele>
      </trkpt>
      <trkpt lat="44.635891" lon="4.751201">
        <ele>76.37</ele>
      </trkpt>
      <trkpt lat="44.63626" lon="4.751567001">
        <ele>76.19</ele>
      </trkpt>
      <trkpt lat="44.636981" lon="4.752322">
        <ele>76.22</ele>
      </trkpt>
      <trkpt lat="44.637717" lon="4.753091">
        <ele>76.22</ele>
      </trkpt>
      <trkpt lat="44.638651" lon="4.75403">
        <ele>76.12</ele>
      </trkpt>
      <trkpt lat="44.638573" lon="4.754166">
        <ele>76.11</ele>
      </trkpt>
      <trkpt lat="44.638716" lon="4.754297999">
        <ele>76.24</ele>
      </trkpt>
      <trkpt lat="44.639081" lon="4.754693">
        <ele>75.92</ele>
      </trkpt>
      <trkpt lat="44.639247" lon="4.754868">
        <ele>75.71</ele>
      </trkpt>
      <trkpt lat="44.639361" lon="4.755089">
        <ele>75.63</ele>
      </trkpt>
      <trkpt lat="44.639418" lon="4.755249">
        <ele>75.76</ele>
      </trkpt>
      <trkpt lat="44.639515" lon="4.755512">
        <ele>75.61</ele>
      </trkpt>
      <trkpt lat="44.639607" lon="4.755815">
        <ele>75.75</ele>
      </trkpt>
      <trkpt lat="44.639636" lon="4.75626">
        <ele>75.93</ele>
      </trkpt>
      <trkpt lat="44.639636" lon="4.756732">
        <ele>76.03</ele>
      </trkpt>
      <trkpt lat="44.63958" lon="4.757184">
        <ele>75.96</ele>
      </trkpt>
      <trkpt lat="44.639427" lon="4.757879">
        <ele>76.01</ele>
      </trkpt>
      <trkpt lat="44.639245" lon="4.75899">
        <ele>77.42</ele>
      </trkpt>
      <trkpt lat="44.639132" lon="4.759935">
        <ele>78.17</ele>
      </trkpt>
      <trkpt lat="44.639029" lon="4.760981">
        <ele>79.79</ele>
      </trkpt>
      <trkpt lat="44.638955" lon="4.761587999">
        <ele>81.75</ele>
      </trkpt>
      <trkpt lat="44.638933" lon="4.761905">
        <ele>82.66</ele>
      </trkpt>
      <trkpt lat="44.638886" lon="4.762187">
        <ele>81.95</ele>
      </trkpt>
      <trkpt lat="44.63879" lon="4.762404">
        <ele>81.74</ele>
      </trkpt>
      <trkpt lat="44.638781" lon="4.762709">
        <ele>80.72</ele>
      </trkpt>
      <trkpt lat="44.638856" lon="4.762953001">
        <ele>79.2</ele>
      </trkpt>
      <trkpt lat="44.639009" lon="4.763127999">
        <ele>78.73</ele>
      </trkpt>
      <trkpt lat="44.639168" lon="4.763166">
        <ele>78.56</ele>
      </trkpt>
      <trkpt lat="44.639268" lon="4.763271">
        <ele>78.64</ele>
      </trkpt>
      <trkpt lat="44.639399" lon="4.763478">
        <ele>78.62</ele>
      </trkpt>
      <trkpt lat="44.639841" lon="4.763871">
        <ele>78.66</ele>
      </trkpt>
      <trkpt lat="44.640591" lon="4.764457">
        <ele>78.56</ele>
      </trkpt>
      <trkpt lat="44.641444" lon="4.765139">
        <ele>78.47</ele>
      </trkpt>
      <trkpt lat="44.642353" lon="4.765893">
        <ele>78.2</ele>
      </trkpt>
      <trkpt lat="44.643187" lon="4.766542001">
        <ele>78.14</ele>
      </trkpt>
      <trkpt lat="44.644215" lon="4.767354">
        <ele>77.88</ele>
      </trkpt>
      <trkpt lat="44.644719" lon="4.767808">
        <ele>78.28</ele>
      </trkpt>
      <trkpt lat="44.645395" lon="4.768373001">
        <ele>78.5</ele>
      </trkpt>
      <trkpt lat="44.64579" lon="4.768697">
        <ele>78.52</ele>
      </trkpt>
      <trkpt lat="44.64601" lon="4.76888">
        <ele>78.34</ele>
      </trkpt>
      <trkpt lat="44.64626" lon="4.769081">
        <ele>78.59</ele>
      </trkpt>
      <trkpt lat="44.646677" lon="4.769432">
        <ele>78.14</ele>
      </trkpt>
      <trkpt lat="44.64705" lon="4.769761">
        <ele>78.12</ele>
      </trkpt>
      <trkpt lat="44.647549" lon="4.770162">
        <ele>78.2</ele>
      </trkpt>
      <trkpt lat="44.648028" lon="4.770558">
        <ele>78.52</ele>
      </trkpt>
      <trkpt lat="44.649229" lon="4.771544">
        <ele>78.44</ele>
      </trkpt>
      <trkpt lat="44.649885" lon="4.772071999">
        <ele>78.64</ele>
      </trkpt>
      <trkpt lat="44.650434" lon="4.772527">
        <ele>78.33</ele>
      </trkpt>
      <trkpt lat="44.651001" lon="4.773013">
        <ele>78.53</ele>
      </trkpt>
      <trkpt lat="44.651513" lon="4.773463">
        <ele>78.37</ele>
      </trkpt>
      <trkpt lat="44.65188" lon="4.773768001">
        <ele>78.79</ele>
      </trkpt>
      <trkpt lat="44.652298" lon="4.774116">
        <ele>78.69</ele>
      </trkpt>
      <trkpt lat="44.652785" lon="4.774517">
        <ele>79.23</ele>
      </trkpt>
      <trkpt lat="44.653413" lon="4.775078">
        <ele>79.34</ele>
      </trkpt>
      <trkpt lat="44.653959" lon="4.775523">
        <ele>79.55</ele>
      </trkpt>
      <trkpt lat="44.65441" lon="4.77578">
        <ele>80.2</ele>
      </trkpt>
      <trkpt lat="44.654669" lon="4.775902">
        <ele>80.89</ele>
      </trkpt>
      <trkpt lat="44.654881" lon="4.775978001">
        <ele>81.33</ele>
      </trkpt>
      <trkpt lat="44.655014" lon="4.776019001">
        <ele>81.69</ele>
      </trkpt>
      <trkpt lat="44.655151" lon="4.776033">
        <ele>82.12</ele>
      </trkpt>
      <trkpt lat="44.655251" lon="4.776065001">
        <ele>81.78</ele>
      </trkpt>
      <trkpt lat="44.655291" lon="4.776139">
        <ele>82.15</ele>
      </trkpt>
      <trkpt lat="44.655295" lon="4.776237">
        <ele>82.41</ele>
      </trkpt>
      <trkpt lat="44.655274" lon="4.776388">
        <ele>82.79</ele>
      </trkpt>
      <trkpt lat="44.655255" lon="4.776549001">
        <ele>83.2</ele>
      </trkpt>
      <trkpt lat="44.655259899" lon="4.776631018">
        <ele>83.59</ele>
      </trkpt>
      <trkpt lat="44.6553" lon="4.776675">
        <ele>83.7</ele>
      </trkpt>
      <trkpt lat="44.655374" lon="4.776739001">
        <ele>83.02</ele>
      </trkpt>
      <trkpt lat="44.655685" lon="4.77686">
        <ele>82.92</ele>
      </trkpt>
      <trkpt lat="44.656095" lon="4.777012">
        <ele>83.23</ele>
      </trkpt>
      <trkpt lat="44.656639" lon="4.777198">
        <ele>83.26</ele>
      </trkpt>
      <trkpt lat="44.657143" lon="4.777445">
        <ele>83.23</ele>
      </trkpt>
      <trkpt lat="44.657448" lon="4.777609">
        <ele>83.6</ele>
      </trkpt>
      <trkpt lat="44.657808" lon="4.777901">
        <ele>82.6</ele>
      </trkpt>
      <trkpt lat="44.658257" lon="4.778309">
        <ele>81.59</ele>
      </trkpt>
      <trkpt lat="44.658754" lon="4.778688">
        <ele>80.97</ele>
      </trkpt>
      <trkpt lat="44.658926737" lon="4.778770113">
        <ele>80.37</ele>
      </trkpt>
      <trkpt lat="44.658947533" lon="4.778779998">
        <ele>79.8</ele>
      </trkpt>
      <trkpt lat="44.659099" lon="4.778852">
        <ele>81.39</ele>
      </trkpt>
      <trkpt lat="44.659675" lon="4.779081">
        <ele>82.05</ele>
      </trkpt>
      <trkpt lat="44.66049" lon="4.779418">
        <ele>82.05</ele>
      </trkpt>
      <trkpt lat="44.661815" lon="4.779974">
        <ele>82.11</ele>
      </trkpt>
      <trkpt lat="44.662527" lon="4.780246">
        <ele>82.34</ele>
      </trkpt>
      <trkpt lat="44.663165" lon="4.780527">
        <ele>80.67</ele>
      </trkpt>
      <trkpt lat="44.663834" lon="4.780791">
        <ele>79.62</ele>
      </trkpt>
      <trkpt lat="44.664354" lon="4.781022">
        <ele>78.93</ele>
      </trkpt>
      <trkpt lat="44.664938" lon="4.781253">
        <ele>78.17</ele>
      </trkpt>
      <trkpt lat="44.665364" lon="4.781398">
        <ele>77.95</ele>
      </trkpt>
      <trkpt lat="44.665713" lon="4.781442001">
        <ele>77.77</ele>
      </trkpt>
      <trkpt lat="44.666131" lon="4.781469">
        <ele>77.89</ele>
      </trkpt>
      <trkpt lat="44.666657" lon="4.78149">
        <ele>78.79</ele>
      </trkpt>
      <trkpt lat="44.667158" lon="4.781343001">
        <ele>79.66</ele>
      </trkpt>
      <trkpt lat="44.66787" lon="4.781119">
        <ele>79.94</ele>
      </trkpt>
      <trkpt lat="44.668458" lon="4.78093">
        <ele>80.67</ele>
      </trkpt>
      <trkpt lat="44.669142" lon="4.780706999">
        <ele>80.79</ele>
      </trkpt>
      <trkpt lat="44.669778" lon="4.780529">
        <ele>81.25</ele>
      </trkpt>
      <trkpt lat="44.670442" lon="4.780304">
        <ele>81.65</ele>
      </trkpt>
      <trkpt lat="44.671054" lon="4.780126">
        <ele>82.42</ele>
      </trkpt>
      <trkpt lat="44.671496" lon="4.779957001">
        <ele>83.03</ele>
      </trkpt>
      <trkpt lat="44.671802" lon="4.779793">
        <ele>84.08</ele>
      </trkpt>
      <trkpt lat="44.672231" lon="4.779459">
        <ele>84.1</ele>
      </trkpt>
      <trkpt lat="44.672757" lon="4.779018">
        <ele>84.14</ele>
      </trkpt>
      <trkpt lat="44.673010193" lon="4.778810689">
        <ele>84.17</ele>
      </trkpt>
      <trkpt lat="44.673021836" lon="4.778801155">
        <ele>84.64</ele>
      </trkpt>
      <trkpt lat="44.673353" lon="4.77853">
        <ele>85.07</ele>
      </trkpt>
      <trkpt lat="44.673903" lon="4.778057">
        <ele>85.06</ele>
      </trkpt>
      <trkpt lat="44.674434" lon="4.777601">
        <ele>85.12</ele>
      </trkpt>
      <trkpt lat="44.67481" lon="4.777295">
        <ele>85.52</ele>
      </trkpt>
      <trkpt lat="44.675275" lon="4.777059">
        <ele>86.3</ele>
      </trkpt>
      <trkpt lat="44.675559" lon="4.776966">
        <ele>86.07</ele>
      </trkpt>
      <trkpt lat="44.675993" lon="4.776902">
        <ele>86.5</ele>
      </trkpt>
      <trkpt lat="44.676477" lon="4.776899">
        <ele>87.01</ele>
      </trkpt>
      <trkpt lat="44.676941" lon="4.776967">
        <ele>86.91</ele>
      </trkpt>
      <trkpt lat="44.67738" lon="4.777038">
        <ele>86.24</ele>
      </trkpt>
      <trkpt lat="44.677688" lon="4.777086">
        <ele>86.36</ele>
      </trkpt>
      <trkpt lat="44.677957" lon="4.7771">
        <ele>85.85</ele>
      </trkpt>
      <trkpt lat="44.678281" lon="4.776989">
        <ele>85.84</ele>
      </trkpt>
      <trkpt lat="44.678654" lon="4.776746">
        <ele>85.97</ele>
      </trkpt>
      <trkpt lat="44.678947" lon="4.776413">
        <ele>85.5</ele>
      </trkpt>
      <trkpt lat="44.679151" lon="4.775985">
        <ele>85.28</ele>
      </trkpt>
      <trkpt lat="44.679293" lon="4.775446">
        <ele>85.67</ele>
      </trkpt>
      <trkpt lat="44.679348" lon="4.775071">
        <ele>85.47</ele>
      </trkpt>
      <trkpt lat="44.679326529" lon="4.774994202">
        <ele>85.11</ele>
      </trkpt>
      <trkpt lat="44.67931229" lon="4.77494858">
        <ele>85.33</ele>
      </trkpt>
      <trkpt lat="44.679299" lon="4.774906001">
        <ele>85.39</ele>
      </trkpt>
      <trkpt lat="44.679292937" lon="4.774802938">
        <ele>85.4</ele>
      </trkpt>
      <trkpt lat="44.679312875" lon="4.774582313">
        <ele>85.51</ele>
      </trkpt>
      <trkpt lat="44.679327" lon="4.774425999">
        <ele>85.88</ele>
      </trkpt>
      <trkpt lat="44.679364" lon="4.774085">
        <ele>86.26</ele>
      </trkpt>
      <trkpt lat="44.679466" lon="4.773659999">
        <ele>86.63</ele>
      </trkpt>
      <trkpt lat="44.679512758" lon="4.773395959">
        <ele>87.13</ele>
      </trkpt>
      <trkpt lat="44.679517" lon="4.773372">
        <ele>87.73</ele>
      </trkpt>
      <trkpt lat="44.679525" lon="4.773165999">
        <ele>88.26</ele>
      </trkpt>
      <trkpt lat="44.679494" lon="4.772909">
        <ele>88.89</ele>
      </trkpt>
      <trkpt lat="44.679484468" lon="4.772820037">
        <ele>89.5</ele>
      </trkpt>
      <trkpt lat="44.679467" lon="4.772657">
        <ele>90.12</ele>
      </trkpt>
      <trkpt lat="44.679472087" lon="4.772433956">
        <ele>90.53</ele>
      </trkpt>
      <trkpt lat="44.679670532" lon="4.772228257">
        <ele>90.92</ele>
      </trkpt>
      <trkpt lat="44.679674238" lon="4.772227598">
        <ele>90.84</ele>
      </trkpt>
      <trkpt lat="44.680273023" lon="4.772121191">
        <ele>90.55</ele>
      </trkpt>
      <trkpt lat="44.680872131" lon="4.772161522">
        <ele>89.67</ele>
      </trkpt>
      <trkpt lat="44.681589404" lon="4.772351644">
        <ele>88.68</ele>
      </trkpt>
      <trkpt lat="44.682524012" lon="4.772560069">
        <ele>86.83</ele>
      </trkpt>
      <trkpt lat="44.683547071" lon="4.772413246">
        <ele>85.05</ele>
      </trkpt>
      <trkpt lat="44.684237904" lon="4.772340463">
        <ele>83.51</ele>
      </trkpt>
      <trkpt lat="44.68468826" lon="4.772354634">
        <ele>82.83</ele>
      </trkpt>
      <trkpt lat="44.686036289" lon="4.772523089">
        <ele>82.71</ele>
      </trkpt>
      <trkpt lat="44.687205076" lon="4.772591382">
        <ele>83.48</ele>
      </trkpt>
      <trkpt lat="44.68876195" lon="4.772797935">
        <ele>84.62</ele>
      </trkpt>
      <trkpt lat="44.690261935" lon="4.772856611">
        <ele>85.79</ele>
      </trkpt>
      <trkpt lat="44.691507807" lon="4.772832808">
        <ele>87.19</ele>
      </trkpt>
      <trkpt lat="44.692070497" lon="4.772850521">
        <ele>87.47</ele>
      </trkpt>
      <trkpt lat="44.692673002" lon="4.772678982">
        <ele>87.6</ele>
      </trkpt>
      <trkpt lat="44.693083895" lon="4.772414032">
        <ele>87.76</ele>
      </trkpt>
      <trkpt lat="44.693375605" lon="4.77225419">
        <ele>87.97</ele>
      </trkpt>
      <trkpt lat="44.693589083" lon="4.77213056">
        <ele>87.14</ele>
      </trkpt>
      <trkpt lat="44.693931988" lon="4.771836246">
        <ele>86.77</ele>
      </trkpt>
      <trkpt lat="44.694333341" lon="4.771464985">
        <ele>85.87</ele>
      </trkpt>
      <trkpt lat="44.695044559" lon="4.771076248">
        <ele>85.63</ele>
      </trkpt>
      <trkpt lat="44.695726479" lon="4.770666525">
        <ele>85.27</ele>
      </trkpt>
      <trkpt lat="44.696477059" lon="4.770180165">
        <ele>84.98</ele>
      </trkpt>
      <trkpt lat="44.69701492" lon="4.769897682">
        <ele>85.3</ele>
      </trkpt>
      <trkpt lat="44.697168767" lon="4.769860975">
        <ele>86.65</ele>
      </trkpt>
      <trkpt lat="44.697320801" lon="4.769809886">
        <ele>87.63</ele>
      </trkpt>
      <trkpt lat="44.697489746" lon="4.769723516">
        <ele>88.28</ele>
      </trkpt>
      <trkpt lat="44.697612105" lon="4.769611328">
        <ele>88.56</ele>
      </trkpt>
      <trkpt lat="44.697787154" lon="4.769526582">
        <ele>89.87</ele>
      </trkpt>
      <trkpt lat="44.698604374" lon="4.769089555">
        <ele>89.92</ele>
      </trkpt>
      <trkpt lat="44.698990521" lon="4.7688381">
        <ele>89.66</ele>
      </trkpt>
      <trkpt lat="44.699078423" lon="4.768772099">
        <ele>89.86</ele>
      </trkpt>
      <trkpt lat="44.699110913" lon="4.768657083">
        <ele>90.77</ele>
      </trkpt>
      <trkpt lat="44.699113696" lon="4.768546865">
        <ele>90.18</ele>
      </trkpt>
      <trkpt lat="44.699080264" lon="4.768401128">
        <ele>90.36</ele>
      </trkpt>
      <trkpt lat="44.699073444" lon="4.768316394">
        <ele>90.32</ele>
      </trkpt>
      <trkpt lat="44.699113897" lon="4.768214522">
        <ele>90.45</ele>
      </trkpt>
      <trkpt lat="44.699218664" lon="4.7681161">
        <ele>89.83</ele>
      </trkpt>
      <trkpt lat="44.699525374" lon="4.767912281">
        <ele>89.03</ele>
      </trkpt>
      <trkpt lat="44.699836101" lon="4.767712882">
        <ele>88.35</ele>
      </trkpt>
      <trkpt lat="44.700938982" lon="4.767110004">
        <ele>87.87</ele>
      </trkpt>
      <trkpt lat="44.701341837" lon="4.766868202">
        <ele>87.07</ele>
      </trkpt>
      <trkpt lat="44.701419828" lon="4.766825068">
        <ele>87.35</ele>
      </trkpt>
      <trkpt lat="44.701502571" lon="4.766747003">
        <ele>87.82</ele>
      </trkpt>
      <trkpt lat="44.701564546" lon="4.766645417">
        <ele>88.23</ele>
      </trkpt>
      <trkpt lat="44.701600207" lon="4.766674447">
        <ele>88.4</ele>
      </trkpt>
      <trkpt lat="44.701658774" lon="4.766646877">
        <ele>88.72</ele>
      </trkpt>
      <trkpt lat="44.701735484" lon="4.766721543">
        <ele>88.78</ele>
      </trkpt>
      <trkpt lat="44.701755839" lon="4.766797802">
        <ele>88.53</ele>
      </trkpt>
      <trkpt lat="44.701786636" lon="4.766876908">
        <ele>88.37</ele>
      </trkpt>
      <trkpt lat="44.701835" lon="4.766897">
        <ele>87.95</ele>
      </trkpt>
      <trkpt lat="44.701910691" lon="4.766904327">
        <ele>88.16</ele>
      </trkpt>
      <trkpt lat="44.702513" lon="4.766586">
        <ele>87.94</ele>
      </trkpt>
      <trkpt lat="44.702696" lon="4.767294">
        <ele>89.38</ele>
      </trkpt>
      <trkpt lat="44.702826" lon="4.767401">
        <ele>89.18</ele>
      </trkpt>
      <trkpt lat="44.703253" lon="4.76694">
        <ele>90.35</ele>
      </trkpt>
      <trkpt lat="44.703745399" lon="4.766883072">
        <ele>89.45</ele>
      </trkpt>
      <trkpt lat="44.704092" lon="4.766843">
        <ele>90.22</ele>
      </trkpt>
      <trkpt lat="44.704778" lon="4.766843">
        <ele>89.6</ele>
      </trkpt>
      <trkpt lat="44.705388" lon="4.767294">
        <ele>90.48</ele>
      </trkpt>
      <trkpt lat="44.705541458" lon="4.767275971">
        <ele>90.58</ele>
      </trkpt>
      <trkpt lat="44.705561648" lon="4.767280881">
        <ele>91.47</ele>
      </trkpt>
      <trkpt lat="44.705732147" lon="4.767289097">
        <ele>90.92</ele>
      </trkpt>
      <trkpt lat="44.705990639" lon="4.767417559">
        <ele>89.85</ele>
      </trkpt>
      <trkpt lat="44.706171746" lon="4.767529266">
        <ele>90</ele>
      </trkpt>
      <trkpt lat="44.706384474" lon="4.767580359">
        <ele>89.19</ele>
      </trkpt>
      <trkpt lat="44.70662017" lon="4.767600653">
        <ele>88.24</ele>
      </trkpt>
      <trkpt lat="44.706883417" lon="4.767623245">
        <ele>87.82</ele>
      </trkpt>
      <trkpt lat="44.707188093" lon="4.767546847">
        <ele>88.33</ele>
      </trkpt>
      <trkpt lat="44.707534586" lon="4.767539099">
        <ele>87.7</ele>
      </trkpt>
      <trkpt lat="44.707774985" lon="4.767520855">
        <ele>87.71</ele>
      </trkpt>
      <trkpt lat="44.707947412" lon="4.767536299">
        <ele>88.2</ele>
      </trkpt>
      <trkpt lat="44.708121812" lon="4.767556101">
        <ele>88.13</ele>
      </trkpt>
      <trkpt lat="44.708292609" lon="4.767545703">
        <ele>87.61</ele>
      </trkpt>
      <trkpt lat="44.708524427" lon="4.767552981">
        <ele>86.92</ele>
      </trkpt>
      <trkpt lat="44.708707394" lon="4.76748422">
        <ele>86.49</ele>
      </trkpt>
      <trkpt lat="44.708905153" lon="4.767448877">
        <ele>86.34</ele>
      </trkpt>
      <trkpt lat="44.709033264" lon="4.767424244">
        <ele>86.63</ele>
      </trkpt>
      <trkpt lat="44.709130242" lon="4.767365678">
        <ele>86.36</ele>
      </trkpt>
      <trkpt lat="44.709173057" lon="4.767243801">
        <ele>86.69</ele>
      </trkpt>
      <trkpt lat="44.70922472" lon="4.767143695">
        <ele>85.62</ele>
      </trkpt>
      <trkpt lat="44.70946521" lon="4.766927725">
        <ele>86.23</ele>
      </trkpt>
      <trkpt lat="44.709652155" lon="4.766801773">
        <ele>86.59</ele>
      </trkpt>
      <trkpt lat="44.709891044" lon="4.766686049">
        <ele>85.52</ele>
      </trkpt>
      <trkpt lat="44.709899143" lon="4.766683763">
        <ele>85.99</ele>
      </trkpt>
      <trkpt lat="44.710222" lon="4.766436">
        <ele>86.12</ele>
      </trkpt>
      <trkpt lat="44.710671025" lon="4.766032243">
        <ele>84.33</ele>
      </trkpt>
      <trkpt lat="44.711869" lon="4.764955">
        <ele>83.27</ele>
      </trkpt>
      <trkpt lat="44.712449" lon="4.764376">
        <ele>83.22</ele>
      </trkpt>
      <trkpt lat="44.71405" lon="4.762895">
        <ele>83.75</ele>
      </trkpt>
      <trkpt lat="44.714355" lon="4.762681">
        <ele>85.57</ele>
      </trkpt>
      <trkpt lat="44.714170596" lon="4.762234935">
        <ele>87.13</ele>
      </trkpt>
      <trkpt lat="44.714354498" lon="4.762069669">
        <ele>87.65</ele>
      </trkpt>
      <trkpt lat="44.714672" lon="4.761785">
        <ele>89.94</ele>
      </trkpt>
      <trkpt lat="44.714904" lon="4.761491">
        <ele>89.46</ele>
      </trkpt>
      <trkpt lat="44.715121" lon="4.761125999">
        <ele>89.38</ele>
      </trkpt>
      <trkpt lat="44.715381" lon="4.760702001">
        <ele>90.31</ele>
      </trkpt>
      <trkpt lat="44.715675" lon="4.760259">
        <ele>90.06</ele>
      </trkpt>
      <trkpt lat="44.715969" lon="4.759834">
        <ele>90.15</ele>
      </trkpt>
      <trkpt lat="44.716287" lon="4.759308">
        <ele>89.79</ele>
      </trkpt>
      <trkpt lat="44.716621" lon="4.758759">
        <ele>90.88</ele>
      </trkpt>
      <trkpt lat="44.716958" lon="4.758139">
        <ele>89.53</ele>
      </trkpt>
      <trkpt lat="44.717329" lon="4.757473001">
        <ele>89.51</ele>
      </trkpt>
      <trkpt lat="44.717711" lon="4.756760001">
        <ele>88.42</ele>
      </trkpt>
      <trkpt lat="44.717921" lon="4.756916">
        <ele>87.9</ele>
      </trkpt>
      <trkpt lat="44.718158" lon="4.756805001">
        <ele>85.83</ele>
      </trkpt>
      <trkpt lat="44.718349" lon="4.756728">
        <ele>85.56</ele>
      </trkpt>
      <trkpt lat="44.718618" lon="4.756641">
        <ele>85.31</ele>
      </trkpt>
      <trkpt lat="44.718951" lon="4.756592">
        <ele>85.02</ele>
      </trkpt>
      <trkpt lat="44.719417" lon="4.756548001">
        <ele>84.88</ele>
      </trkpt>
      <trkpt lat="44.719902" lon="4.756578">
        <ele>84.82</ele>
      </trkpt>
      <trkpt lat="44.720162" lon="4.756491">
        <ele>84.84</ele>
      </trkpt>
      <trkpt lat="44.720425" lon="4.756359">
        <ele>84.97</ele>
      </trkpt>
      <trkpt lat="44.72057" lon="4.756372">
        <ele>85.18</ele>
      </trkpt>
      <trkpt lat="44.720704" lon="4.756485">
        <ele>85.23</ele>
      </trkpt>
      <trkpt lat="44.721001" lon="4.756652">
        <ele>85.08</ele>
      </trkpt>
      <trkpt lat="44.721173" lon="4.756778999">
        <ele>84.86</ele>
      </trkpt>
      <trkpt lat="44.721286" lon="4.756926999">
        <ele>84.73</ele>
      </trkpt>
      <trkpt lat="44.721629" lon="4.757314">
        <ele>84.72</ele>
      </trkpt>
      <trkpt lat="44.721904" lon="4.757494001">
        <ele>84.77</ele>
      </trkpt>
      <trkpt lat="44.722116" lon="4.757696001">
        <ele>84.93</ele>
      </trkpt>
      <trkpt lat="44.722348" lon="4.757911">
        <ele>85.07</ele>
      </trkpt>
      <trkpt lat="44.722649" lon="4.758038">
        <ele>85.1</ele>
      </trkpt>
      <trkpt lat="44.722928" lon="4.758205">
        <ele>84.97</ele>
      </trkpt>
      <trkpt lat="44.723157" lon="4.758534">
        <ele>84.9</ele>
      </trkpt>
      <trkpt lat="44.723418" lon="4.75879">
        <ele>84.85</ele>
      </trkpt>
      <trkpt lat="44.723545" lon="4.758875">
        <ele>84.92</ele>
      </trkpt>
      <trkpt lat="44.723719" lon="4.758868">
        <ele>85.01</ele>
      </trkpt>
      <trkpt lat="44.723889" lon="4.758750001">
        <ele>85.2</ele>
      </trkpt>
      <trkpt lat="44.724231" lon="4.758535999">
        <ele>85.39</ele>
      </trkpt>
      <trkpt lat="44.724644" lon="4.758326">
        <ele>85.37</ele>
      </trkpt>
      <trkpt lat="44.725109" lon="4.758082999">
        <ele>85.24</ele>
      </trkpt>
      <trkpt lat="44.725541" lon="4.757884">
        <ele>85.24</ele>
      </trkpt>
      <trkpt lat="44.725798" lon="4.757725">
        <ele>85.2</ele>
      </trkpt>
      <trkpt lat="44.725956" lon="4.757475999">
        <ele>85.13</ele>
      </trkpt>
      <trkpt lat="44.726106" lon="4.757174">
        <ele>85.29</ele>
      </trkpt>
      <trkpt lat="44.726203" lon="4.756986">
        <ele>85.54</ele>
      </trkpt>
      <trkpt lat="44.726311" lon="4.756872">
        <ele>85.66</ele>
      </trkpt>
      <trkpt lat="44.726598" lon="4.756682">
        <ele>85.74</ele>
      </trkpt>
      <trkpt lat="44.726933" lon="4.756503001">
        <ele>85.93</ele>
      </trkpt>
      <trkpt lat="44.727278" lon="4.756310001">
        <ele>85.87</ele>
      </trkpt>
      <trkpt lat="44.727629" lon="4.756104">
        <ele>85.76</ele>
      </trkpt>
      <trkpt lat="44.72784" lon="4.756011">
        <ele>85.71</ele>
      </trkpt>
      <trkpt lat="44.728017" lon="4.756075">
        <ele>85.66</ele>
      </trkpt>
      <trkpt lat="44.728301" lon="4.756238">
        <ele>85.51</ele>
      </trkpt>
      <trkpt lat="44.728781" lon="4.756488">
        <ele>85.6</ele>
      </trkpt>
      <trkpt lat="44.729296" lon="4.75675">
        <ele>86.39</ele>
      </trkpt>
      <trkpt lat="44.729633" lon="4.756775">
        <ele>88.59</ele>
      </trkpt>
      <trkpt lat="44.730078" lon="4.756829">
        <ele>90.22</ele>
      </trkpt>
      <trkpt lat="44.730284657" lon="4.756880106">
        <ele>92.43</ele>
      </trkpt>
      <trkpt lat="44.730461534" lon="4.756937229">
        <ele>93.59</ele>
      </trkpt>
      <trkpt lat="44.730594929" lon="4.75696576">
        <ele>93.85</ele>
      </trkpt>
      <trkpt lat="44.730962777" lon="4.757028844">
        <ele>92.94</ele>
      </trkpt>
      <trkpt lat="44.731034379" lon="4.756959412">
        <ele>92.11</ele>
      </trkpt>
      <trkpt lat="44.731116896" lon="4.756910388">
        <ele>90.65</ele>
      </trkpt>
      <trkpt lat="44.731306" lon="4.75688">
        <ele>89.45</ele>
      </trkpt>
      <trkpt lat="44.731485" lon="4.756791">
        <ele>88.41</ele>
      </trkpt>
      <trkpt lat="44.73174" lon="4.75664">
        <ele>87.13</ele>
      </trkpt>
      <trkpt lat="44.731939" lon="4.756536">
        <ele>86.39</ele>
      </trkpt>
      <trkpt lat="44.732067" lon="4.756512999">
        <ele>85.71</ele>
      </trkpt>
      <trkpt lat="44.732307" lon="4.756516001">
        <ele>85.71</ele>
      </trkpt>
      <trkpt lat="44.732448" lon="4.756507999">
        <ele>85.78</ele>
      </trkpt>
      <trkpt lat="44.732496" lon="4.756483001">
        <ele>85.83</ele>
      </trkpt>
      <trkpt lat="44.732518678" lon="4.756438399">
        <ele>85.83</ele>
      </trkpt>
      <trkpt lat="44.732526" lon="4.756424">
        <ele>85.82</ele>
      </trkpt>
      <trkpt lat="44.732548" lon="4.756352001">
        <ele>85.88</ele>
      </trkpt>
      <trkpt lat="44.732575" lon="4.756139">
        <ele>85.88</ele>
      </trkpt>
      <trkpt lat="44.732607" lon="4.755809">
        <ele>85.92</ele>
      </trkpt>
      <trkpt lat="44.732641" lon="4.755457">
        <ele>86.21</ele>
      </trkpt>
      <trkpt lat="44.732694" lon="4.754917">
        <ele>86.56</ele>
      </trkpt>
      <trkpt lat="44.732746" lon="4.754486">
        <ele>86.97</ele>
      </trkpt>
      <trkpt lat="44.732751473" lon="4.754440304">
        <ele>87.45</ele>
      </trkpt>
      <trkpt lat="44.732766" lon="4.754319001">
        <ele>87.95</ele>
      </trkpt>
      <trkpt lat="44.732764305" lon="4.7543125">
        <ele>88.2</ele>
      </trkpt>
      <trkpt lat="44.732741591" lon="4.754225395">
        <ele>88.15</ele>
      </trkpt>
      <trkpt lat="44.732738751" lon="4.754214501">
        <ele>88.21</ele>
      </trkpt>
      <trkpt lat="44.732653" lon="4.75415">
        <ele>88.02</ele>
      </trkpt>
      <trkpt lat="44.732574" lon="4.754151">
        <ele>87.95</ele>
      </trkpt>
      <trkpt lat="44.732420547" lon="4.754136258">
        <ele>87.72</ele>
      </trkpt>
      <trkpt lat="44.732345" lon="4.754129">
        <ele>87.74</ele>
      </trkpt>
      <trkpt lat="44.732181892" lon="4.754071325">
        <ele>87.52</ele>
      </trkpt>
      <trkpt lat="44.732181852" lon="4.754071312">
        <ele>87.53</ele>
      </trkpt>
      <trkpt lat="44.732181814" lon="4.754071298">
        <ele>87.35</ele>
      </trkpt>
      <trkpt lat="44.732164" lon="4.754064999">
        <ele>87.33</ele>
      </trkpt>
      <trkpt lat="44.732044" lon="4.753979">
        <ele>87.31</ele>
      </trkpt>
      <trkpt lat="44.732008348" lon="4.753933047">
        <ele>87.29</ele>
      </trkpt>
      <trkpt lat="44.731994922" lon="4.753915743">
        <ele>87.28</ele>
      </trkpt>
      <trkpt lat="44.731994892" lon="4.753915704">
        <ele>87.2</ele>
      </trkpt>
      <trkpt lat="44.731909" lon="4.753805">
        <ele>87.1</ele>
      </trkpt>
      <trkpt lat="44.731894731" lon="4.753785535">
        <ele>86.92</ele>
      </trkpt>
      <trkpt lat="44.731714" lon="4.753539">
        <ele>86.76</ele>
      </trkpt>
      <trkpt lat="44.731618" lon="4.753377">
        <ele>86.67</ele>
      </trkpt>
      <trkpt lat="44.731597092" lon="4.753329781">
        <ele>86.62</ele>
      </trkpt>
      <trkpt lat="44.731529" lon="4.753176">
        <ele>86.58</ele>
      </trkpt>
      <trkpt lat="44.731412444" lon="4.752901962">
        <ele>86.63</ele>
      </trkpt>
      <trkpt lat="44.731398" lon="4.752868">
        <ele>86.65</ele>
      </trkpt>
      <trkpt lat="44.731314" lon="4.7527">
        <ele>86.66</ele>
      </trkpt>
      <trkpt lat="44.731265691" lon="4.752597397">
        <ele>86.72</ele>
      </trkpt>
      <trkpt lat="44.731201" lon="4.75246">
        <ele>86.77</ele>
      </trkpt>
      <trkpt lat="44.731198932" lon="4.752456676">
        <ele>86.79</ele>
      </trkpt>
      <trkpt lat="44.731117" lon="4.752324999">
        <ele>86.86</ele>
      </trkpt>
      <trkpt lat="44.731038" lon="4.752221">
        <ele>86.86</ele>
      </trkpt>
      <trkpt lat="44.730935139" lon="4.752130996">
        <ele>86.99</ele>
      </trkpt>
      <trkpt lat="44.730934" lon="4.75213">
        <ele>87.46</ele>
      </trkpt>
      <trkpt lat="44.730779" lon="4.751966">
        <ele>88.63</ele>
      </trkpt>
      <trkpt lat="44.730622" lon="4.751798">
        <ele>89.57</ele>
      </trkpt>
      <trkpt lat="44.730517" lon="4.751696">
        <ele>90.46</ele>
      </trkpt>
      <trkpt lat="44.730451" lon="4.751591">
        <ele>91.14</ele>
      </trkpt>
      <trkpt lat="44.730448584" lon="4.75156475">
        <ele>91.47</ele>
      </trkpt>
      <trkpt lat="44.730445009" lon="4.751525892">
        <ele>90.92</ele>
      </trkpt>
      <trkpt lat="44.73044416" lon="4.751516671">
        <ele>90.26</ele>
      </trkpt>
      <trkpt lat="44.730436" lon="4.751428">
        <ele>90.1</ele>
      </trkpt>
      <trkpt lat="44.730451" lon="4.751292">
        <ele>89.93</ele>
      </trkpt>
      <trkpt lat="44.730486" lon="4.751024001">
        <ele>89.44</ele>
      </trkpt>
      <trkpt lat="44.73057" lon="4.75062">
        <ele>89.6</ele>
      </trkpt>
      <trkpt lat="44.730601" lon="4.750405999">
        <ele>89.84</ele>
      </trkpt>
      <trkpt lat="44.730684" lon="4.750096999">
        <ele>89.99</ele>
      </trkpt>
      <trkpt lat="44.730765" lon="4.749718">
        <ele>90.45</ele>
      </trkpt>
      <trkpt lat="44.730877" lon="4.749362">
        <ele>90.88</ele>
      </trkpt>
      <trkpt lat="44.730936389" lon="4.749203078">
        <ele>90.77</ele>
      </trkpt>
      <trkpt lat="44.731056" lon="4.748883">
        <ele>91.47</ele>
      </trkpt>
      <trkpt lat="44.731081463" lon="4.748810824">
        <ele>91.64</ele>
      </trkpt>
      <trkpt lat="44.731195" lon="4.748489">
        <ele>91.17</ele>
      </trkpt>
      <trkpt lat="44.731459" lon="4.747769">
        <ele>91.75</ele>
      </trkpt>
      <trkpt lat="44.731530289" lon="4.747607694">
        <ele>92.32</ele>
      </trkpt>
      <trkpt lat="44.731577" lon="4.747501999">
        <ele>92.69</ele>
      </trkpt>
      <trkpt lat="44.731683" lon="4.747329">
        <ele>92.21</ele>
      </trkpt>
      <trkpt lat="44.731799" lon="4.747218">
        <ele>92.98</ele>
      </trkpt>
      <trkpt lat="44.731908" lon="4.747112">
        <ele>92.92</ele>
      </trkpt>
      <trkpt lat="44.731944" lon="4.746948">
        <ele>92.89</ele>
      </trkpt>
      <trkpt lat="44.731962" lon="4.746833999">
        <ele>92.5</ele>
      </trkpt>
      <trkpt lat="44.7319975" lon="4.7467675">
        <ele>92.7</ele>
      </trkpt>
      <trkpt lat="44.732076" lon="4.746739">
        <ele>92.11</ele>
      </trkpt>
      <trkpt lat="44.732167" lon="4.746749">
        <ele>92.03</ele>
      </trkpt>
      <trkpt lat="44.732417" lon="4.746795">
        <ele>91.82</ele>
      </trkpt>
      <trkpt lat="44.732911" lon="4.746864">
        <ele>91.76</ele>
      </trkpt>
      <trkpt lat="44.733376" lon="4.746930999">
        <ele>91.75</ele>
      </trkpt>
      <trkpt lat="44.733805" lon="4.746991999">
        <ele>91.67</ele>
      </trkpt>
      <trkpt lat="44.734268" lon="4.747058999">
        <ele>91.2</ele>
      </trkpt>
      <trkpt lat="44.734734" lon="4.747133001">
        <ele>90.94</ele>
      </trkpt>
      <trkpt lat="44.73526" lon="4.747192">
        <ele>90.48</ele>
      </trkpt>
      <trkpt lat="44.735668" lon="4.747268">
        <ele>90.34</ele>
      </trkpt>
      <trkpt lat="44.735967" lon="4.747306">
        <ele>90.21</ele>
      </trkpt>
      <trkpt lat="44.736299" lon="4.747334999">
        <ele>90.11</ele>
      </trkpt>
      <trkpt lat="44.736569" lon="4.747412001">
        <ele>89.9</ele>
      </trkpt>
      <trkpt lat="44.736886" lon="4.747455">
        <ele>90.15</ele>
      </trkpt>
      <trkpt lat="44.737266" lon="4.747494">
        <ele>90.06</ele>
      </trkpt>
      <trkpt lat="44.737617" lon="4.747545">
        <ele>90.17</ele>
      </trkpt>
      <trkpt lat="44.738032" lon="4.747616">
        <ele>90.08</ele>
      </trkpt>
      <trkpt lat="44.738451" lon="4.747672">
        <ele>90.38</ele>
      </trkpt>
      <trkpt lat="44.739237" lon="4.747778">
        <ele>89.83</ele>
      </trkpt>
      <trkpt lat="44.739597" lon="4.747845">
        <ele>89.76</ele>
      </trkpt>
      <trkpt lat="44.740094" lon="4.74791">
        <ele>89.56</ele>
      </trkpt>
      <trkpt lat="44.740338" lon="4.747953001">
        <ele>89.42</ele>
      </trkpt>
      <trkpt lat="44.740681" lon="4.748012999">
        <ele>88.97</ele>
      </trkpt>
      <trkpt lat="44.740894" lon="4.748039">
        <ele>89.07</ele>
      </trkpt>
      <trkpt lat="44.741245" lon="4.748087">
        <ele>89.05</ele>
      </trkpt>
      <trkpt lat="44.741388" lon="4.748082">
        <ele>88.64</ele>
      </trkpt>
      <trkpt lat="44.741435" lon="4.748033">
        <ele>88.38</ele>
      </trkpt>
      <trkpt lat="44.741466" lon="4.747835">
        <ele>88.12</ele>
      </trkpt>
      <trkpt lat="44.741515" lon="4.747535">
        <ele>87.85</ele>
      </trkpt>
      <trkpt lat="44.741591" lon="4.7471">
        <ele>87.76</ele>
      </trkpt>
      <trkpt lat="44.741701" lon="4.74654">
        <ele>88.25</ele>
      </trkpt>
      <trkpt lat="44.741764" lon="4.746147">
        <ele>88.84</ele>
      </trkpt>
      <trkpt lat="44.741793" lon="4.745884">
        <ele>89.58</ele>
      </trkpt>
      <trkpt lat="44.741818" lon="4.745624">
        <ele>90.05</ele>
      </trkpt>
      <trkpt lat="44.741877" lon="4.745015">
        <ele>90.47</ele>
      </trkpt>
      <trkpt lat="44.741908" lon="4.744621">
        <ele>90.49</ele>
      </trkpt>
      <trkpt lat="44.741912" lon="4.744474">
        <ele>90.24</ele>
      </trkpt>
      <trkpt lat="44.741969" lon="4.744037">
        <ele>89.98</ele>
      </trkpt>
      <trkpt lat="44.741984" lon="4.743834">
        <ele>89.68</ele>
      </trkpt>
      <trkpt lat="44.741979" lon="4.743735">
        <ele>89.61</ele>
      </trkpt>
      <trkpt lat="44.742091" lon="4.743751">
        <ele>89.72</ele>
      </trkpt>
      <trkpt lat="44.742257" lon="4.743788">
        <ele>90.01</ele>
      </trkpt>
      <trkpt lat="44.742355" lon="4.743828001">
        <ele>90.29</ele>
      </trkpt>
      <trkpt lat="44.742434" lon="4.743845999">
        <ele>90.5</ele>
      </trkpt>
      <trkpt lat="44.74255" lon="4.743867">
        <ele>90.66</ele>
      </trkpt>
      <trkpt lat="44.742671" lon="4.743865">
        <ele>90.93</ele>
      </trkpt>
      <trkpt lat="44.742802" lon="4.743914001">
        <ele>90.99</ele>
      </trkpt>
      <trkpt lat="44.74311" lon="4.743988">
        <ele>91.26</ele>
      </trkpt>
      <trkpt lat="44.74328" lon="4.743993">
        <ele>91.65</ele>
      </trkpt>
      <trkpt lat="44.743422" lon="4.744023">
        <ele>91.11</ele>
      </trkpt>
      <trkpt lat="44.743726" lon="4.744166">
        <ele>90.61</ele>
      </trkpt>
      <trkpt lat="44.744048" lon="4.744321001">
        <ele>90.23</ele>
      </trkpt>
      <trkpt lat="44.744443" lon="4.744505999">
        <ele>89.89</ele>
      </trkpt>
      <trkpt lat="44.744921" lon="4.744745">
        <ele>89.27</ele>
      </trkpt>
      <trkpt lat="44.745362" lon="4.744955">
        <ele>89.41</ele>
      </trkpt>
      <trkpt lat="44.745839" lon="4.745185">
        <ele>89.4</ele>
      </trkpt>
      <trkpt lat="44.746223" lon="4.745374999">
        <ele>89.48</ele>
      </trkpt>
      <trkpt lat="44.74674" lon="4.745557">
        <ele>89.18</ele>
      </trkpt>
      <trkpt lat="44.746994" lon="4.745665">
        <ele>89.26</ele>
      </trkpt>
      <trkpt lat="44.747176" lon="4.745777">
        <ele>89.26</ele>
      </trkpt>
      <trkpt lat="44.747194001" lon="4.745679001">
        <ele>89.27</ele>
      </trkpt>
      <trkpt lat="44.7472415" lon="4.745647001">
        <ele>89.32</ele>
      </trkpt>
      <trkpt lat="44.747291" lon="4.745526999">
        <ele>89.43</ele>
      </trkpt>
      <trkpt lat="44.747326" lon="4.745442999">
        <ele>89.5</ele>
      </trkpt>
      <trkpt lat="44.747397" lon="4.745359">
        <ele>89.35</ele>
      </trkpt>
      <trkpt lat="44.747532" lon="4.745369">
        <ele>89.27</ele>
      </trkpt>
      <trkpt lat="44.74764" lon="4.745424">
        <ele>89.15</ele>
      </trkpt>
      <trkpt lat="44.747692" lon="4.745477">
        <ele>89.03</ele>
      </trkpt>
      <trkpt lat="44.747723001" lon="4.745555">
        <ele>88.88</ele>
      </trkpt>
      <trkpt lat="44.7477615" lon="4.7456775">
        <ele>89.14</ele>
      </trkpt>
      <trkpt lat="44.747874" lon="4.745806001">
        <ele>89.22</ele>
      </trkpt>
      <trkpt lat="44.748076" lon="4.74595">
        <ele>89.43</ele>
      </trkpt>
      <trkpt lat="44.748166" lon="4.746">
        <ele>90.04</ele>
      </trkpt>
      <trkpt lat="44.748461" lon="4.746147">
        <ele>90.68</ele>
      </trkpt>
      <trkpt lat="44.748732" lon="4.746293">
        <ele>90.86</ele>
      </trkpt>
      <trkpt lat="44.748959" lon="4.746409001">
        <ele>91.1</ele>
      </trkpt>
      <trkpt lat="44.749143" lon="4.746506">
        <ele>91.07</ele>
      </trkpt>
      <trkpt lat="44.749413" lon="4.746654">
        <ele>90.91</ele>
      </trkpt>
      <trkpt lat="44.74973" lon="4.746792">
        <ele>90.78</ele>
      </trkpt>
      <trkpt lat="44.750031" lon="4.746916999">
        <ele>91.18</ele>
      </trkpt>
      <trkpt lat="44.750202" lon="4.747004">
        <ele>91.4</ele>
      </trkpt>
      <trkpt lat="44.750351" lon="4.747078">
        <ele>91.86</ele>
      </trkpt>
      <trkpt lat="44.750499" lon="4.747156">
        <ele>92.24</ele>
      </trkpt>
      <trkpt lat="44.750611" lon="4.74721">
        <ele>92.79</ele>
      </trkpt>
      <trkpt lat="44.75076" lon="4.747266">
        <ele>93.19</ele>
      </trkpt>
      <trkpt lat="44.751018" lon="4.747303">
        <ele>93.83</ele>
      </trkpt>
      <trkpt lat="44.75131" lon="4.747333">
        <ele>94.16</ele>
      </trkpt>
      <trkpt lat="44.751557" lon="4.747391">
        <ele>94.19</ele>
      </trkpt>
      <trkpt lat="44.751942" lon="4.747466001">
        <ele>93.99</ele>
      </trkpt>
      <trkpt lat="44.752291" lon="4.747534">
        <ele>93.77</ele>
      </trkpt>
      <trkpt lat="44.752552" lon="4.747594">
        <ele>93.52</ele>
      </trkpt>
      <trkpt lat="44.752835" lon="4.74766">
        <ele>93.38</ele>
      </trkpt>
      <trkpt lat="44.753056" lon="4.747709">
        <ele>93.33</ele>
      </trkpt>
      <trkpt lat="44.753232001" lon="4.747732">
        <ele>93.33</ele>
      </trkpt>
      <trkpt lat="44.753318" lon="4.747627">
        <ele>93.17</ele>
      </trkpt>
      <trkpt lat="44.753375" lon="4.747595">
        <ele>93.26</ele>
      </trkpt>
      <trkpt lat="44.7534455" lon="4.747609001">
        <ele>93.32</ele>
      </trkpt>
      <trkpt lat="44.753492" lon="4.747688001">
        <ele>93.39</ele>
      </trkpt>
      <trkpt lat="44.75353" lon="4.747808001">
        <ele>93.1</ele>
      </trkpt>
      <trkpt lat="44.753908" lon="4.747904">
        <ele>92.24</ele>
      </trkpt>
      <trkpt lat="44.754271" lon="4.747989">
        <ele>91.12</ele>
      </trkpt>
      <trkpt lat="44.754323" lon="4.74802">
        <ele>91.45</ele>
      </trkpt>
      <trkpt lat="44.754322001" lon="4.748118">
        <ele>90.56</ele>
      </trkpt>
      <trkpt lat="44.754189" lon="4.748351001">
        <ele>90.03</ele>
      </trkpt>
      <trkpt lat="44.754232085" lon="4.748389113">
        <ele>90.15</ele>
      </trkpt>
      <trkpt lat="44.754345" lon="4.748198999">
        <ele>90.13</ele>
      </trkpt>
      <trkpt lat="44.754412" lon="4.748161">
        <ele>88.97</ele>
      </trkpt>
      <trkpt lat="44.754544" lon="4.748362">
        <ele>89.67</ele>
      </trkpt>
      <trkpt lat="44.754719" lon="4.748598">
        <ele>90.47</ele>
      </trkpt>
      <trkpt lat="44.754879663" lon="4.748394705">
        <ele>90.33</ele>
      </trkpt>
      <trkpt lat="44.754950351" lon="4.748369316">
        <ele>90.37</ele>
      </trkpt>
      <trkpt lat="44.754859598" lon="4.74849607">
        <ele>90.97</ele>
      </trkpt>
      <trkpt lat="44.75482679" lon="4.748574468">
        <ele>90.97</ele>
      </trkpt>
      <trkpt lat="44.754921039" lon="4.748490456">
        <ele>90.99</ele>
      </trkpt>
      <trkpt lat="44.754983219" lon="4.748438051">
        <ele>91.84</ele>
      </trkpt>
      <trkpt lat="44.755046" lon="4.748391001">
        <ele>92.53</ele>
      </trkpt>
      <trkpt lat="44.755106" lon="4.748415">
        <ele>92.56</ele>
      </trkpt>
      <trkpt lat="44.7551555" lon="4.748518">
        <ele>92.59</ele>
      </trkpt>
      <trkpt lat="44.755219001" lon="4.7485805">
        <ele>92.34</ele>
      </trkpt>
      <trkpt lat="44.75521375" lon="4.74870025">
        <ele>92.15</ele>
      </trkpt>
      <trkpt lat="44.755223" lon="4.748815">
        <ele>92.18</ele>
      </trkpt>
      <trkpt lat="44.755268" lon="4.748873">
        <ele>92.18</ele>
      </trkpt>
      <trkpt lat="44.755264001" lon="4.749215">
        <ele>92.14</ele>
      </trkpt>
      <trkpt lat="44.755279001" lon="4.749339">
        <ele>92.62</ele>
      </trkpt>
      <trkpt lat="44.755321" lon="4.749443001">
        <ele>93.36</ele>
      </trkpt>
      <trkpt lat="44.755317" lon="4.749642">
        <ele>93.68</ele>
      </trkpt>
      <trkpt lat="44.755471" lon="4.749695">
        <ele>93.84</ele>
      </trkpt>
      <trkpt lat="44.755638" lon="4.749746">
        <ele>93.94</ele>
      </trkpt>
      <trkpt lat="44.755803" lon="4.749794001">
        <ele>93.3</ele>
      </trkpt>
      <trkpt lat="44.755803" lon="4.749794001">
        <ele>93.3</ele>
      </trkpt>
      <trkpt lat="44.75583" lon="4.749855999">
        <ele>93.66</ele>
      </trkpt>
      <trkpt lat="44.755824501" lon="4.7501615">
        <ele>94.29</ele>
      </trkpt>
      <trkpt lat="44.755853" lon="4.750285001">
        <ele>94.87</ele>
      </trkpt>
      <trkpt lat="44.755861" lon="4.75036">
        <ele>94.43</ele>
      </trkpt>
      <trkpt lat="44.75586" lon="4.750434">
        <ele>94.21</ele>
      </trkpt>
      <trkpt lat="44.755829501" lon="4.7505295">
        <ele>94.06</ele>
      </trkpt>
      <trkpt lat="44.755857" lon="4.750766">
        <ele>92.65</ele>
      </trkpt>
      <trkpt lat="44.755889" lon="4.750841">
        <ele>91.1</ele>
      </trkpt>
      <trkpt lat="44.755914" lon="4.75097">
        <ele>90.51</ele>
      </trkpt>
      <trkpt lat="44.755954" lon="4.751351">
        <ele>89.63</ele>
      </trkpt>
      <trkpt lat="44.756142" lon="4.753258">
        <ele>89.09</ele>
      </trkpt>
      <trkpt lat="44.756196" lon="4.753779">
        <ele>89.58</ele>
      </trkpt>
      <trkpt lat="44.756256" lon="4.754494999">
        <ele>90.01</ele>
      </trkpt>
      <trkpt lat="44.756258" lon="4.754605">
        <ele>90.42</ele>
      </trkpt>
      <trkpt lat="44.756238" lon="4.754696">
        <ele>90.9</ele>
      </trkpt>
      <trkpt lat="44.756184" lon="4.754758">
        <ele>90.84</ele>
      </trkpt>
      <trkpt lat="44.756105" lon="4.754814">
        <ele>90.92</ele>
      </trkpt>
      <trkpt lat="44.756058" lon="4.754915">
        <ele>91.17</ele>
      </trkpt>
      <trkpt lat="44.756035" lon="4.755008999">
        <ele>91.43</ele>
      </trkpt>
      <trkpt lat="44.756037" lon="4.755113">
        <ele>91.62</ele>
      </trkpt>
      <trkpt lat="44.756066" lon="4.755177">
        <ele>91.77</ele>
      </trkpt>
      <trkpt lat="44.756125" lon="4.7552175">
        <ele>91.82</ele>
      </trkpt>
      <trkpt lat="44.756187" lon="4.755227">
        <ele>91.81</ele>
      </trkpt>
      <trkpt lat="44.75625" lon="4.755218667">
        <ele>91.93</ele>
      </trkpt>
      <trkpt lat="44.756278" lon="4.75541">
        <ele>92.34</ele>
      </trkpt>
      <trkpt lat="44.756265" lon="4.755769">
        <ele>93.1</ele>
      </trkpt>
      <trkpt lat="44.756255" lon="4.756078">
        <ele>93.3</ele>
      </trkpt>
      <trkpt lat="44.756231" lon="4.756613999">
        <ele>93.16</ele>
      </trkpt>
      <trkpt lat="44.756316" lon="4.756618">
        <ele>92.88</ele>
      </trkpt>
      <trkpt lat="44.756314" lon="4.756737001">
        <ele>92.31</ele>
      </trkpt>
      <trkpt lat="44.756325" lon="4.756837">
        <ele>91.41</ele>
      </trkpt>
      <trkpt lat="44.756369" lon="4.756876">
        <ele>91.09</ele>
      </trkpt>
      <trkpt lat="44.756441" lon="4.756875001">
        <ele>91.01</ele>
      </trkpt>
      <trkpt lat="44.756505" lon="4.756816">
        <ele>90.99</ele>
      </trkpt>
      <trkpt lat="44.7565585" lon="4.7567195">
        <ele>91.03</ele>
      </trkpt>
      <trkpt lat="44.75662" lon="4.756654">
        <ele>91.17</ele>
      </trkpt>
      <trkpt lat="44.756682" lon="4.756633001">
        <ele>91.49</ele>
      </trkpt>
      <trkpt lat="44.756745" lon="4.756605">
        <ele>91.7</ele>
      </trkpt>
      <trkpt lat="44.7567995" lon="4.756514">
        <ele>92.36</ele>
      </trkpt>
      <trkpt lat="44.756839" lon="4.756409001">
        <ele>93.25</ele>
      </trkpt>
      <trkpt lat="44.756863" lon="4.756301">
        <ele>94.32</ele>
      </trkpt>
      <trkpt lat="44.75689" lon="4.756104">
        <ele>94.83</ele>
      </trkpt>
      <trkpt lat="44.756904" lon="4.755909">
        <ele>95.5</ele>
      </trkpt>
      <trkpt lat="44.756907" lon="4.755809">
        <ele>95.66</ele>
      </trkpt>
      <trkpt lat="44.756921" lon="4.7557">
        <ele>95.44</ele>
      </trkpt>
      <trkpt lat="44.756937" lon="4.755605">
        <ele>94.82</ele>
      </trkpt>
      <trkpt lat="44.756967" lon="4.755525">
        <ele>95.27</ele>
      </trkpt>
      <trkpt lat="44.757009" lon="4.755483">
        <ele>94.78</ele>
      </trkpt>
      <trkpt lat="44.757087" lon="4.755471999">
        <ele>94.02</ele>
      </trkpt>
      <trkpt lat="44.757296" lon="4.755487">
        <ele>93.33</ele>
      </trkpt>
      <trkpt lat="44.757410481" lon="4.755482939">
        <ele>92.76</ele>
      </trkpt>
      <trkpt lat="44.757473881" lon="4.755483804">
        <ele>91.04</ele>
      </trkpt>
      <trkpt lat="44.757549713" lon="4.755493917">
        <ele>90.62</ele>
      </trkpt>
      <trkpt lat="44.758146562" lon="4.75557351">
        <ele>90.49</ele>
      </trkpt>
      <trkpt lat="44.758585419" lon="4.755665459">
        <ele>90.47</ele>
      </trkpt>
      <trkpt lat="44.759047964" lon="4.755796272">
        <ele>90.23</ele>
      </trkpt>
      <trkpt lat="44.759451734" lon="4.755937291">
        <ele>90.57</ele>
      </trkpt>
      <trkpt lat="44.760814246" lon="4.756561723">
        <ele>90.31</ele>
      </trkpt>
      <trkpt lat="44.762378386" lon="4.757272748">
        <ele>89.94</ele>
      </trkpt>
      <trkpt lat="44.763717967" lon="4.757900542">
        <ele>89.92</ele>
      </trkpt>
      <trkpt lat="44.765064848" lon="4.75851856">
        <ele>89.89</ele>
      </trkpt>
      <trkpt lat="44.766197398" lon="4.759039602">
        <ele>89.59</ele>
      </trkpt>
      <trkpt lat="44.767267583" lon="4.759526605">
        <ele>89.62</ele>
      </trkpt>
      <trkpt lat="44.767690239" lon="4.7597385">
        <ele>89.67</ele>
      </trkpt>
      <trkpt lat="44.768022906" lon="4.759945576">
        <ele>89.19</ele>
      </trkpt>
      <trkpt lat="44.768402468" lon="4.760260483">
        <ele>88.85</ele>
      </trkpt>
      <trkpt lat="44.768715948" lon="4.7605954">
        <ele>88.92</ele>
      </trkpt>
      <trkpt lat="44.769026564" lon="4.761020541">
        <ele>88.91</ele>
      </trkpt>
      <trkpt lat="44.769465034" lon="4.761840791">
        <ele>89</ele>
      </trkpt>
      <trkpt lat="44.769467773" lon="4.7618474">
        <ele>89.1</ele>
      </trkpt>
      <trkpt lat="44.769469742" lon="4.761852152">
        <ele>89.33</ele>
      </trkpt>
      <trkpt lat="44.769578737" lon="4.762115149">
        <ele>89.3</ele>
      </trkpt>
      <trkpt lat="44.769707232" lon="4.762451943">
        <ele>89.32</ele>
      </trkpt>
      <trkpt lat="44.769796076" lon="4.762746444">
        <ele>89.42</ele>
      </trkpt>
      <trkpt lat="44.770017818" lon="4.763481496">
        <ele>89.65</ele>
      </trkpt>
      <trkpt lat="44.770217933" lon="4.764325433">
        <ele>89.94</ele>
      </trkpt>
      <trkpt lat="44.770239042" lon="4.764435081">
        <ele>90.3</ele>
      </trkpt>
      <trkpt lat="44.77034156" lon="4.764967599">
        <ele>90.48</ele>
      </trkpt>
      <trkpt lat="44.770402936" lon="4.765337333">
        <ele>90.79</ele>
      </trkpt>
      <trkpt lat="44.770457165" lon="4.765664023">
        <ele>90.67</ele>
      </trkpt>
      <trkpt lat="44.770536487" lon="4.766264642">
        <ele>90.93</ele>
      </trkpt>
      <trkpt lat="44.770547468" lon="4.766385661">
        <ele>90.74</ele>
      </trkpt>
      <trkpt lat="44.770574727" lon="4.766686111">
        <ele>90.8</ele>
      </trkpt>
      <trkpt lat="44.770585719" lon="4.766990973">
        <ele>90.57</ele>
      </trkpt>
      <trkpt lat="44.770615462" lon="4.767063194">
        <ele>90.58</ele>
      </trkpt>
      <trkpt lat="44.770660323" lon="4.766957025">
        <ele>90.5</ele>
      </trkpt>
      <trkpt lat="44.770675611" lon="4.766831282">
        <ele>90.85</ele>
      </trkpt>
      <trkpt lat="44.770677202" lon="4.766603268">
        <ele>91.42</ele>
      </trkpt>
      <trkpt lat="44.770735068" lon="4.766546636">
        <ele>92.32</ele>
      </trkpt>
      <trkpt lat="44.770766203" lon="4.766797155">
        <ele>93.28</ele>
      </trkpt>
      <trkpt lat="44.770781441" lon="4.767178854">
        <ele>93.55</ele>
      </trkpt>
      <trkpt lat="44.77080565" lon="4.768024338">
        <ele>93.99</ele>
      </trkpt>
      <trkpt lat="44.770792917" lon="4.768570936">
        <ele>94</ele>
      </trkpt>
      <trkpt lat="44.770767996" lon="4.76891832">
        <ele>93.44</ele>
      </trkpt>
      <trkpt lat="44.770928135" lon="4.768930963">
        <ele>92.5</ele>
      </trkpt>
      <trkpt lat="44.771102594" lon="4.768944736">
        <ele>91.71</ele>
      </trkpt>
      <trkpt lat="44.771252066" lon="4.768956536">
        <ele>90.7</ele>
      </trkpt>
      <trkpt lat="44.771568459" lon="4.768981514">
        <ele>89.78</ele>
      </trkpt>
      <trkpt lat="44.771712372" lon="4.768992876">
        <ele>89.16</ele>
      </trkpt>
      <trkpt lat="44.771886299" lon="4.769006607">
        <ele>89.33</ele>
      </trkpt>
      <trkpt lat="44.772006266" lon="4.769016078">
        <ele>90.05</ele>
      </trkpt>
      <trkpt lat="44.772124566" lon="4.769025418">
        <ele>90.71</ele>
      </trkpt>
      <trkpt lat="44.772489537" lon="4.769054232">
        <ele>91.81</ele>
      </trkpt>
      <trkpt lat="44.772503318" lon="4.768806811">
        <ele>92.73</ele>
      </trkpt>
      <trkpt lat="44.772522475" lon="4.768462856">
        <ele>93.41</ele>
      </trkpt>
      <trkpt lat="44.772539776" lon="4.76838183">
        <ele>93.45</ele>
      </trkpt>
      <trkpt lat="44.772582106" lon="4.768183586">
        <ele>93.68</ele>
      </trkpt>
      <trkpt lat="44.772633742" lon="4.767916916">
        <ele>93.32</ele>
      </trkpt>
      <trkpt lat="44.772648915" lon="4.767838558">
        <ele>93.06</ele>
      </trkpt>
      <trkpt lat="44.772685353" lon="4.767732122">
        <ele>92.52</ele>
      </trkpt>
      <trkpt lat="44.772743953" lon="4.767709579">
        <ele>93.61</ele>
      </trkpt>
      <trkpt lat="44.772892605" lon="4.767678392">
        <ele>94.33</ele>
      </trkpt>
      <trkpt lat="44.772978903" lon="4.767659992">
        <ele>96.08</ele>
      </trkpt>
      <trkpt lat="44.773080225" lon="4.767638387">
        <ele>97.69</ele>
      </trkpt>
      <trkpt lat="44.773229334" lon="4.767652415">
        <ele>99.49</ele>
      </trkpt>
      <trkpt lat="44.773286312" lon="4.767657775">
        <ele>100.57</ele>
      </trkpt>
      <trkpt lat="44.773717423" lon="4.767790385">
        <ele>101.18</ele>
      </trkpt>
      <trkpt lat="44.774236179" lon="4.767937227">
        <ele>101.78</ele>
      </trkpt>
      <trkpt lat="44.774599355" lon="4.767973032">
        <ele>102.45</ele>
      </trkpt>
      <trkpt lat="44.774807264" lon="4.767942272">
        <ele>103.52</ele>
      </trkpt>
      <trkpt lat="44.774951123" lon="4.76789511">
        <ele>104.55</ele>
      </trkpt>
      <trkpt lat="44.775089889" lon="4.767845025">
        <ele>105.17</ele>
      </trkpt>
      <trkpt lat="44.775415822" lon="4.767711803">
        <ele>106.37</ele>
      </trkpt>
      <trkpt lat="44.775626072" lon="4.7676133">
        <ele>107.85</ele>
      </trkpt>
      <trkpt lat="44.775685539" lon="4.767585439">
        <ele>107.62</ele>
      </trkpt>
      <trkpt lat="44.775922933" lon="4.767499659">
        <ele>103.87</ele>
      </trkpt>
      <trkpt lat="44.776100768" lon="4.767496642">
        <ele>101.19</ele>
      </trkpt>
      <trkpt lat="44.776384256" lon="4.767595927">
        <ele>97.05</ele>
      </trkpt>
      <trkpt lat="44.776582676" lon="4.76777574">
        <ele>92.82</ele>
      </trkpt>
      <trkpt lat="44.776644519" lon="4.767837183">
        <ele>89.88</ele>
      </trkpt>
      <trkpt lat="44.776879394" lon="4.768070538">
        <ele>89.85</ele>
      </trkpt>
      <trkpt lat="44.777006317" lon="4.768198307">
        <ele>89.87</ele>
      </trkpt>
      <trkpt lat="44.777155938" lon="4.768348924">
        <ele>89.94</ele>
      </trkpt>
      <trkpt lat="44.777625517" lon="4.76882418">
        <ele>90.01</ele>
      </trkpt>
      <trkpt lat="44.777910321" lon="4.769097096">
        <ele>90.08</ele>
      </trkpt>
      <trkpt lat="44.777956729" lon="4.769146381">
        <ele>90.12</ele>
      </trkpt>
      <trkpt lat="44.778159494" lon="4.769361721">
        <ele>90.2</ele>
      </trkpt>
      <trkpt lat="44.778569617" lon="4.769784912">
        <ele>90.27</ele>
      </trkpt>
      <trkpt lat="44.778725232" lon="4.769957655">
        <ele>90.35</ele>
      </trkpt>
      <trkpt lat="44.778889787" lon="4.770146459">
        <ele>90.24</ele>
      </trkpt>
      <trkpt lat="44.778999169" lon="4.770291236">
        <ele>90.1</ele>
      </trkpt>
      <trkpt lat="44.779051886" lon="4.770361012">
        <ele>89.87</ele>
      </trkpt>
      <trkpt lat="44.779263375" lon="4.770681844">
        <ele>89.59</ele>
      </trkpt>
      <trkpt lat="44.779429439" lon="4.770956057">
        <ele>89.26</ele>
      </trkpt>
      <trkpt lat="44.77951225" lon="4.771092802">
        <ele>89.26</ele>
      </trkpt>
      <trkpt lat="44.779640074" lon="4.771342143">
        <ele>89.25</ele>
      </trkpt>
      <trkpt lat="44.779684017" lon="4.771426186">
        <ele>89.28</ele>
      </trkpt>
      <trkpt lat="44.779768964" lon="4.771588651">
        <ele>89.35</ele>
      </trkpt>
      <trkpt lat="44.779837907" lon="4.771750063">
        <ele>89.42</ele>
      </trkpt>
      <trkpt lat="44.779903728" lon="4.771920258">
        <ele>89.36</ele>
      </trkpt>
      <trkpt lat="44.780000788" lon="4.772171231">
        <ele>89.33</ele>
      </trkpt>
      <trkpt lat="44.7800966" lon="4.77239616">
        <ele>89.63</ele>
      </trkpt>
      <trkpt lat="44.780176082" lon="4.772582751">
        <ele>89.63</ele>
      </trkpt>
      <trkpt lat="44.780265609" lon="4.772769954">
        <ele>91.34</ele>
      </trkpt>
      <trkpt lat="44.78035998" lon="4.772967287">
        <ele>92.33</ele>
      </trkpt>
      <trkpt lat="44.780431262" lon="4.773110126">
        <ele>94.04</ele>
      </trkpt>
      <trkpt lat="44.78056693" lon="4.773379809">
        <ele>95.41</ele>
      </trkpt>
      <trkpt lat="44.780647426" lon="4.773521506">
        <ele>95.88</ele>
      </trkpt>
      <trkpt lat="44.780675494" lon="4.773590592">
        <ele>94.77</ele>
      </trkpt>
      <trkpt lat="44.780846985" lon="4.774012704">
        <ele>94.73</ele>
      </trkpt>
      <trkpt lat="44.780866731" lon="4.774092013">
        <ele>93.26</ele>
      </trkpt>
      <trkpt lat="44.780903291" lon="4.774261236">
        <ele>92.23</ele>
      </trkpt>
      <trkpt lat="44.780938117" lon="4.774319721">
        <ele>92.29</ele>
      </trkpt>
      <trkpt lat="44.781004062" lon="4.77434906">
        <ele>92.04</ele>
      </trkpt>
      <trkpt lat="44.781075917" lon="4.774328373">
        <ele>91.5</ele>
      </trkpt>
      <trkpt lat="44.781135654" lon="4.774266376">
        <ele>92.11</ele>
      </trkpt>
      <trkpt lat="44.781181898" lon="4.774218381">
        <ele>92.29</ele>
      </trkpt>
      <trkpt lat="44.781292764" lon="4.774130187">
        <ele>92.28</ele>
      </trkpt>
      <trkpt lat="44.7813538" lon="4.774139161">
        <ele>95.27</ele>
      </trkpt>
      <trkpt lat="44.781473051" lon="4.774253392">
        <ele>96.29</ele>
      </trkpt>
      <trkpt lat="44.781549581" lon="4.774291673">
        <ele>97.05</ele>
      </trkpt>
      <trkpt lat="44.781596479" lon="4.774234333">
        <ele>97.13</ele>
      </trkpt>
      <trkpt lat="44.781576892" lon="4.774117508">
        <ele>96.8</ele>
      </trkpt>
      <trkpt lat="44.781525542" lon="4.773942296">
        <ele>94.14</ele>
      </trkpt>
      <trkpt lat="44.781525668" lon="4.773806726">
        <ele>93.32</ele>
      </trkpt>
      <trkpt lat="44.781574731" lon="4.773687383">
        <ele>92.15</ele>
      </trkpt>
      <trkpt lat="44.781600282" lon="4.773673571">
        <ele>91.55</ele>
      </trkpt>
      <trkpt lat="44.781670976" lon="4.773635356">
        <ele>91.57</ele>
      </trkpt>
      <trkpt lat="44.781750348" lon="4.773700587">
        <ele>91.4</ele>
      </trkpt>
      <trkpt lat="44.781763421" lon="4.773717288">
        <ele>90.84</ele>
      </trkpt>
      <trkpt lat="44.781817478" lon="4.773786342">
        <ele>90.55</ele>
      </trkpt>
      <trkpt lat="44.781923308" lon="4.773873319">
        <ele>90.57</ele>
      </trkpt>
      <trkpt lat="44.782035959" lon="4.773906146">
        <ele>92.81</ele>
      </trkpt>
      <trkpt lat="44.782222465" lon="4.774162945">
        <ele>94.64</ele>
      </trkpt>
      <trkpt lat="44.783402034" lon="4.774526361">
        <ele>94.66</ele>
      </trkpt>
      <trkpt lat="44.783638309" lon="4.774650915">
        <ele>94.89</ele>
      </trkpt>
      <trkpt lat="44.785480945" lon="4.775269485">
        <ele>95.05</ele>
      </trkpt>
      <trkpt lat="44.786279073" lon="4.775645992">
        <ele>93.32</ele>
      </trkpt>
      <trkpt lat="44.786856905" lon="4.776053192">
        <ele>91.28</ele>
      </trkpt>
      <trkpt lat="44.787658358" lon="4.776593772">
        <ele>91.52</ele>
      </trkpt>
      <trkpt lat="44.788369634" lon="4.777111441">
        <ele>91.68</ele>
      </trkpt>
      <trkpt lat="44.788994531" lon="4.777666544">
        <ele>91.57</ele>
      </trkpt>
      <trkpt lat="44.78968969" lon="4.778297493">
        <ele>91.26</ele>
      </trkpt>
      <trkpt lat="44.791630608" lon="4.779991783">
        <ele>91.9</ele>
      </trkpt>
      <trkpt lat="44.792218785" lon="4.780458788">
        <ele>93.49</ele>
      </trkpt>
      <trkpt lat="44.793663648" lon="4.781438144">
        <ele>93.63</ele>
      </trkpt>
      <trkpt lat="44.794287486" lon="4.781909659">
        <ele>94.15</ele>
      </trkpt>
      <trkpt lat="44.794690113" lon="4.782357438">
        <ele>94.42</ele>
      </trkpt>
      <trkpt lat="44.794825175" lon="4.782552458">
        <ele>94.09</ele>
      </trkpt>
      <trkpt lat="44.795006812" lon="4.782745388">
        <ele>92.81</ele>
      </trkpt>
      <trkpt lat="44.79564619" lon="4.783109668">
        <ele>92.91</ele>
      </trkpt>
      <trkpt lat="44.79638185" lon="4.783531892">
        <ele>93.2</ele>
      </trkpt>
      <trkpt lat="44.797454075" lon="4.784419926">
        <ele>93.63</ele>
      </trkpt>
      <trkpt lat="44.798890864" lon="4.785691706">
        <ele>93.96</ele>
      </trkpt>
      <trkpt lat="44.798944" lon="4.785657999">
        <ele>93.69</ele>
      </trkpt>
      <trkpt lat="44.799056" lon="4.785531">
        <ele>92.97</ele>
      </trkpt>
      <trkpt lat="44.799222" lon="4.78535">
        <ele>91.86</ele>
      </trkpt>
      <trkpt lat="44.799482" lon="4.785097">
        <ele>90.76</ele>
      </trkpt>
      <trkpt lat="44.79977" lon="4.784799001">
        <ele>89.84</ele>
      </trkpt>
      <trkpt lat="44.800152" lon="4.784389">
        <ele>89.5</ele>
      </trkpt>
      <trkpt lat="44.800496" lon="4.784027">
        <ele>89.5</ele>
      </trkpt>
      <trkpt lat="44.80077" lon="4.78374">
        <ele>89.57</ele>
      </trkpt>
      <trkpt lat="44.800893082" lon="4.783603627">
        <ele>90.42</ele>
      </trkpt>
      <trkpt lat="44.8009931" lon="4.783492954">
        <ele>91.52</ele>
      </trkpt>
      <trkpt lat="44.80113" lon="4.78333">
        <ele>92.75</ele>
      </trkpt>
      <trkpt lat="44.8011595" lon="4.783231">
        <ele>93.7</ele>
      </trkpt>
      <trkpt lat="44.801106" lon="4.783068">
        <ele>94.48</ele>
      </trkpt>
      <trkpt lat="44.800933" lon="4.782844">
        <ele>94.45</ele>
      </trkpt>
      <trkpt lat="44.800765" lon="4.782567999">
        <ele>94.1</ele>
      </trkpt>
      <trkpt lat="44.800633" lon="4.78236">
        <ele>93.49</ele>
      </trkpt>
      <trkpt lat="44.800525" lon="4.782260001">
        <ele>93.41</ele>
      </trkpt>
      <trkpt lat="44.80043" lon="4.782231001">
        <ele>93.11</ele>
      </trkpt>
      <trkpt lat="44.800354" lon="4.782226">
        <ele>92.7</ele>
      </trkpt>
      <trkpt lat="44.800253" lon="4.782177">
        <ele>92.29</ele>
      </trkpt>
      <trkpt lat="44.800198" lon="4.782135">
        <ele>92.32</ele>
      </trkpt>
      <trkpt lat="44.800148" lon="4.782049">
        <ele>92.31</ele>
      </trkpt>
      <trkpt lat="44.800118" lon="4.781957">
        <ele>92.26</ele>
      </trkpt>
      <trkpt lat="44.800096501" lon="4.781852001">
        <ele>92.12</ele>
      </trkpt>
      <trkpt lat="44.800017001" lon="4.7818865">
        <ele>92.01</ele>
      </trkpt>
      <trkpt lat="44.799971" lon="4.781978">
        <ele>91.34</ele>
      </trkpt>
      <trkpt lat="44.800019" lon="4.782085">
        <ele>90.63</ele>
      </trkpt>
      <trkpt lat="44.800111" lon="4.782247">
        <ele>90.13</ele>
      </trkpt>
      <trkpt lat="44.800249" lon="4.782425001">
        <ele>89.96</ele>
      </trkpt>
      <trkpt lat="44.800421" lon="4.782686">
        <ele>89.74</ele>
      </trkpt>
      <trkpt lat="44.800498" lon="4.782852">
        <ele>89.81</ele>
      </trkpt>
      <trkpt lat="44.800672" lon="4.783147">
        <ele>89.84</ele>
      </trkpt>
      <trkpt lat="44.800878" lon="4.783442001">
        <ele>89.83</ele>
      </trkpt>
      <trkpt lat="44.801062" lon="4.783675001">
        <ele>89.77</ele>
      </trkpt>
      <trkpt lat="44.801323" lon="4.78399">
        <ele>89.96</ele>
      </trkpt>
      <trkpt lat="44.801536" lon="4.78433">
        <ele>90.02</ele>
      </trkpt>
      <trkpt lat="44.801685" lon="4.784577">
        <ele>89.89</ele>
      </trkpt>
      <trkpt lat="44.801848" lon="4.784877001">
        <ele>89.89</ele>
      </trkpt>
      <trkpt lat="44.80197" lon="4.785176">
        <ele>90.13</ele>
      </trkpt>
      <trkpt lat="44.802065" lon="4.785416">
        <ele>90.04</ele>
      </trkpt>
      <trkpt lat="44.802193" lon="4.785724">
        <ele>90.19</ele>
      </trkpt>
      <trkpt lat="44.802321" lon="4.786048">
        <ele>90.43</ele>
      </trkpt>
      <trkpt lat="44.802406" lon="4.786294">
        <ele>90.73</ele>
      </trkpt>
      <trkpt lat="44.802462" lon="4.786448">
        <ele>90.7</ele>
      </trkpt>
      <trkpt lat="44.802499" lon="4.786518">
        <ele>90.7</ele>
      </trkpt>
      <trkpt lat="44.802542" lon="4.786665">
        <ele>90.81</ele>
      </trkpt>
      <trkpt lat="44.802628" lon="4.786909001">
        <ele>91.15</ele>
      </trkpt>
      <trkpt lat="44.802737" lon="4.787172999">
        <ele>91.12</ele>
      </trkpt>
      <trkpt lat="44.802835" lon="4.787458">
        <ele>91.94</ele>
      </trkpt>
      <trkpt lat="44.802888" lon="4.787613999">
        <ele>92.7</ele>
      </trkpt>
      <trkpt lat="44.802918" lon="4.787729">
        <ele>92.75</ele>
      </trkpt>
      <trkpt lat="44.802975" lon="4.787842">
        <ele>93.01</ele>
      </trkpt>
      <trkpt lat="44.803032" lon="4.787988">
        <ele>93.15</ele>
      </trkpt>
      <trkpt lat="44.803074" lon="4.788179">
        <ele>92.62</ele>
      </trkpt>
      <trkpt lat="44.803124" lon="4.788382999">
        <ele>92.7</ele>
      </trkpt>
      <trkpt lat="44.803189" lon="4.788713">
        <ele>92.39</ele>
      </trkpt>
      <trkpt lat="44.803271" lon="4.789041">
        <ele>92.06</ele>
      </trkpt>
      <trkpt lat="44.803361" lon="4.789327001">
        <ele>92.72</ele>
      </trkpt>
      <trkpt lat="44.803441" lon="4.789562">
        <ele>92.94</ele>
      </trkpt>
      <trkpt lat="44.803516" lon="4.789769">
        <ele>92.35</ele>
      </trkpt>
      <trkpt lat="44.803583" lon="4.789944999">
        <ele>92.92</ele>
      </trkpt>
      <trkpt lat="44.803643" lon="4.790096">
        <ele>92.9</ele>
      </trkpt>
      <trkpt lat="44.803716" lon="4.790266">
        <ele>92.73</ele>
      </trkpt>
      <trkpt lat="44.803787" lon="4.79046">
        <ele>92.48</ele>
      </trkpt>
      <trkpt lat="44.803871" lon="4.790685">
        <ele>92.27</ele>
      </trkpt>
      <trkpt lat="44.803948" lon="4.790855">
        <ele>92.33</ele>
      </trkpt>
      <trkpt lat="44.804005" lon="4.790995">
        <ele>92.14</ele>
      </trkpt>
      <trkpt lat="44.8040185" lon="4.791128">
        <ele>91.35</ele>
      </trkpt>
      <trkpt lat="44.804011" lon="4.791311">
        <ele>91.12</ele>
      </trkpt>
      <trkpt lat="44.804027" lon="4.791470001">
        <ele>91.16</ele>
      </trkpt>
      <trkpt lat="44.804071" lon="4.791598">
        <ele>90.5</ele>
      </trkpt>
      <trkpt lat="44.804123" lon="4.791789001">
        <ele>90.25</ele>
      </trkpt>
      <trkpt lat="44.804172" lon="4.791926">
        <ele>90.25</ele>
      </trkpt>
      <trkpt lat="44.804244" lon="4.792067">
        <ele>90.76</ele>
      </trkpt>
      <trkpt lat="44.804283" lon="4.792228">
        <ele>91.2</ele>
      </trkpt>
      <trkpt lat="44.804337" lon="4.79239">
        <ele>91.67</ele>
      </trkpt>
      <trkpt lat="44.804418" lon="4.792454999">
        <ele>91.9</ele>
      </trkpt>
      <trkpt lat="44.8044985" lon="4.7924815">
        <ele>91.95</ele>
      </trkpt>
      <trkpt lat="44.804545" lon="4.792586">
        <ele>91.93</ele>
      </trkpt>
      <trkpt lat="44.804553" lon="4.792666">
        <ele>91.44</ele>
      </trkpt>
      <trkpt lat="44.804555" lon="4.79278">
        <ele>91.15</ele>
      </trkpt>
      <trkpt lat="44.804592" lon="4.792934">
        <ele>90.92</ele>
      </trkpt>
      <trkpt lat="44.804635" lon="4.79308">
        <ele>90.87</ele>
      </trkpt>
      <trkpt lat="44.804708" lon="4.793189">
        <ele>90.33</ele>
      </trkpt>
      <trkpt lat="44.804799" lon="4.793309">
        <ele>91.08</ele>
      </trkpt>
      <trkpt lat="44.804921" lon="4.793475">
        <ele>91.37</ele>
      </trkpt>
      <trkpt lat="44.804948" lon="4.793579">
        <ele>92.05</ele>
      </trkpt>
      <trkpt lat="44.805022" lon="4.79373">
        <ele>92.37</ele>
      </trkpt>
      <trkpt lat="44.805088" lon="4.793961">
        <ele>92.82</ele>
      </trkpt>
      <trkpt lat="44.805164" lon="4.794233999">
        <ele>92.67</ele>
      </trkpt>
      <trkpt lat="44.805257" lon="4.794496">
        <ele>93.29</ele>
      </trkpt>
      <trkpt lat="44.805371" lon="4.794797">
        <ele>92.67</ele>
      </trkpt>
      <trkpt lat="44.805424" lon="4.795014">
        <ele>93.13</ele>
      </trkpt>
      <trkpt lat="44.805423" lon="4.795187999">
        <ele>92.87</ele>
      </trkpt>
      <trkpt lat="44.805448" lon="4.795326">
        <ele>92.82</ele>
      </trkpt>
      <trkpt lat="44.805483" lon="4.795513">
        <ele>91.93</ele>
      </trkpt>
      <trkpt lat="44.805497" lon="4.795681999">
        <ele>92.16</ele>
      </trkpt>
      <trkpt lat="44.805558" lon="4.795923">
        <ele>91.67</ele>
      </trkpt>
      <trkpt lat="44.805706" lon="4.796405">
        <ele>91.39</ele>
      </trkpt>
      <trkpt lat="44.805842" lon="4.796776">
        <ele>91.03</ele>
      </trkpt>
      <trkpt lat="44.805984" lon="4.797039">
        <ele>91</ele>
      </trkpt>
      <trkpt lat="44.806137" lon="4.797187">
        <ele>91.48</ele>
      </trkpt>
      <trkpt lat="44.806258" lon="4.797255">
        <ele>91.98</ele>
      </trkpt>
      <trkpt lat="44.806439" lon="4.797451">
        <ele>92.77</ele>
      </trkpt>
      <trkpt lat="44.80659" lon="4.797583">
        <ele>92.84</ele>
      </trkpt>
      <trkpt lat="44.80674" lon="4.797806">
        <ele>93.58</ele>
      </trkpt>
      <trkpt lat="44.806856" lon="4.797928">
        <ele>92.92</ele>
      </trkpt>
      <trkpt lat="44.806979" lon="4.798078999">
        <ele>92.4</ele>
      </trkpt>
      <trkpt lat="44.807132" lon="4.798241">
        <ele>91.72</ele>
      </trkpt>
      <trkpt lat="44.807275" lon="4.798348999">
        <ele>91.59</ele>
      </trkpt>
      <trkpt lat="44.807379" lon="4.798488">
        <ele>90.95</ele>
      </trkpt>
      <trkpt lat="44.807425" lon="4.798583">
        <ele>91.14</ele>
      </trkpt>
      <trkpt lat="44.807538" lon="4.798717001">
        <ele>90.88</ele>
      </trkpt>
      <trkpt lat="44.807707" lon="4.79882">
        <ele>91.81</ele>
      </trkpt>
      <trkpt lat="44.807912" lon="4.798965">
        <ele>92.87</ele>
      </trkpt>
      <trkpt lat="44.808164" lon="4.799141">
        <ele>92.59</ele>
      </trkpt>
      <trkpt lat="44.808346" lon="4.79935">
        <ele>92.31</ele>
      </trkpt>
      <trkpt lat="44.808562" lon="4.799515">
        <ele>92.4</ele>
      </trkpt>
      <trkpt lat="44.808793" lon="4.799756">
        <ele>91.42</ele>
      </trkpt>
      <trkpt lat="44.809090701" lon="4.79996671">
        <ele>90.4</ele>
      </trkpt>
      <trkpt lat="44.809101" lon="4.799974">
        <ele>90.75</ele>
      </trkpt>
      <trkpt lat="44.809260671" lon="4.800074378">
        <ele>90.74</ele>
      </trkpt>
      <trkpt lat="44.809443" lon="4.800189">
        <ele>90.65</ele>
      </trkpt>
      <trkpt lat="44.809723" lon="4.800378">
        <ele>90.54</ele>
      </trkpt>
      <trkpt lat="44.809915" lon="4.800476">
        <ele>90.36</ele>
      </trkpt>
      <trkpt lat="44.810109" lon="4.800568">
        <ele>90</ele>
      </trkpt>
      <trkpt lat="44.81034" lon="4.80062">
        <ele>90</ele>
      </trkpt>
      <trkpt lat="44.810678" lon="4.800738">
        <ele>90</ele>
      </trkpt>
      <trkpt lat="44.810873" lon="4.800788">
        <ele>90.05</ele>
      </trkpt>
      <trkpt lat="44.81096" lon="4.800798">
        <ele>90.15</ele>
      </trkpt>
      <trkpt lat="44.811144" lon="4.800819">
        <ele>90.25</ele>
      </trkpt>
      <trkpt lat="44.811562" lon="4.800916">
        <ele>90.35</ele>
      </trkpt>
      <trkpt lat="44.81186" lon="4.800936">
        <ele>90.49</ele>
      </trkpt>
      <trkpt lat="44.812146" lon="4.800973001">
        <ele>90.63</ele>
      </trkpt>
      <trkpt lat="44.812417" lon="4.800975">
        <ele>91.23</ele>
      </trkpt>
      <trkpt lat="44.812637" lon="4.801004">
        <ele>92.27</ele>
      </trkpt>
      <trkpt lat="44.812791" lon="4.80096">
        <ele>93.1</ele>
      </trkpt>
      <trkpt lat="44.812874" lon="4.800912">
        <ele>94.52</ele>
      </trkpt>
      <trkpt lat="44.813037" lon="4.800896001">
        <ele>94.7</ele>
      </trkpt>
      <trkpt lat="44.813126" lon="4.80095">
        <ele>94.09</ele>
      </trkpt>
      <trkpt lat="44.813233677" lon="4.801046011">
        <ele>93.06</ele>
      </trkpt>
      <trkpt lat="44.813246" lon="4.801056999">
        <ele>92.22</ele>
      </trkpt>
      <trkpt lat="44.813339786" lon="4.80108065">
        <ele>90.77</ele>
      </trkpt>
      <trkpt lat="44.813361" lon="4.801086">
        <ele>90.5</ele>
      </trkpt>
      <trkpt lat="44.81367" lon="4.801133">
        <ele>90.5</ele>
      </trkpt>
      <trkpt lat="44.814107" lon="4.801195999">
        <ele>90.5</ele>
      </trkpt>
      <trkpt lat="44.814871" lon="4.801288">
        <ele>90.52</ele>
      </trkpt>
      <trkpt lat="44.815325" lon="4.801375">
        <ele>90.76</ele>
      </trkpt>
      <trkpt lat="44.815746" lon="4.801428">
        <ele>90.76</ele>
      </trkpt>
      <trkpt lat="44.816317" lon="4.801465">
        <ele>90.76</ele>
      </trkpt>
      <trkpt lat="44.816688" lon="4.801485">
        <ele>90.76</ele>
      </trkpt>
      <trkpt lat="44.816951491" lon="4.801485514">
        <ele>90.74</ele>
      </trkpt>
      <trkpt lat="44.816998935" lon="4.801485606">
        <ele>91.43</ele>
      </trkpt>
      <trkpt lat="44.817201" lon="4.801486">
        <ele>91.56</ele>
      </trkpt>
      <trkpt lat="44.817564" lon="4.801444">
        <ele>92.12</ele>
      </trkpt>
      <trkpt lat="44.817939" lon="4.801413">
        <ele>92.12</ele>
      </trkpt>
      <trkpt lat="44.818339" lon="4.801338">
        <ele>92.12</ele>
      </trkpt>
      <trkpt lat="44.818769" lon="4.80129">
        <ele>91.19</ele>
      </trkpt>
      <trkpt lat="44.819092" lon="4.801240999">
        <ele>91.07</ele>
      </trkpt>
      <trkpt lat="44.819446" lon="4.801176">
        <ele>90.5</ele>
      </trkpt>
      <trkpt lat="44.819701" lon="4.801171">
        <ele>90.5</ele>
      </trkpt>
      <trkpt lat="44.819979" lon="4.801133">
        <ele>91.73</ele>
      </trkpt>
      <trkpt lat="44.820262" lon="4.801081">
        <ele>92.99</ele>
      </trkpt>
      <trkpt lat="44.820647" lon="4.801025">
        <ele>93.39</ele>
      </trkpt>
      <trkpt lat="44.820936" lon="4.800976999">
        <ele>93.54</ele>
      </trkpt>
      <trkpt lat="44.82131" lon="4.800871">
        <ele>93.89</ele>
      </trkpt>
      <trkpt lat="44.821586" lon="4.800719001">
        <ele>94</ele>
      </trkpt>
      <trkpt lat="44.821857" lon="4.800525">
        <ele>92.9</ele>
      </trkpt>
      <trkpt lat="44.822076" lon="4.800262">
        <ele>93.72</ele>
      </trkpt>
      <trkpt lat="44.822374" lon="4.800011">
        <ele>94.84</ele>
      </trkpt>
      <trkpt lat="44.822587" lon="4.799847001">
        <ele>94.88</ele>
      </trkpt>
      <trkpt lat="44.822855" lon="4.79961">
        <ele>94.82</ele>
      </trkpt>
      <trkpt lat="44.823107" lon="4.799404999">
        <ele>96.15</ele>
      </trkpt>
      <trkpt lat="44.8233" lon="4.799144">
        <ele>96.23</ele>
      </trkpt>
      <trkpt lat="44.82343" lon="4.798876">
        <ele>96.56</ele>
      </trkpt>
      <trkpt lat="44.823561" lon="4.798609">
        <ele>97.96</ele>
      </trkpt>
      <trkpt lat="44.823684" lon="4.798394">
        <ele>98.22</ele>
      </trkpt>
      <trkpt lat="44.823744" lon="4.798222">
        <ele>98.76</ele>
      </trkpt>
      <trkpt lat="44.823746" lon="4.798098">
        <ele>99.62</ele>
      </trkpt>
      <trkpt lat="44.823786501" lon="4.7980275">
        <ele>100.03</ele>
      </trkpt>
      <trkpt lat="44.823875" lon="4.798090001">
        <ele>98.72</ele>
      </trkpt>
      <trkpt lat="44.823958" lon="4.798248">
        <ele>97.59</ele>
      </trkpt>
      <trkpt lat="44.824195" lon="4.798727">
        <ele>96.77</ele>
      </trkpt>
      <trkpt lat="44.824395" lon="4.799145001">
        <ele>95.46</ele>
      </trkpt>
      <trkpt lat="44.824588" lon="4.799534">
        <ele>94.71</ele>
      </trkpt>
      <trkpt lat="44.824708" lon="4.799752">
        <ele>95.45</ele>
      </trkpt>
      <trkpt lat="44.824759" lon="4.7999355">
        <ele>96.35</ele>
      </trkpt>
      <trkpt lat="44.824727" lon="4.799998">
        <ele>96.46</ele>
      </trkpt>
      <trkpt lat="44.824618" lon="4.800032">
        <ele>97.22</ele>
      </trkpt>
      <trkpt lat="44.824431" lon="4.800209">
        <ele>97.2</ele>
      </trkpt>
      <trkpt lat="44.824215" lon="4.800398001">
        <ele>97.41</ele>
      </trkpt>
      <trkpt lat="44.824029" lon="4.800532">
        <ele>97.26</ele>
      </trkpt>
      <trkpt lat="44.823829" lon="4.800653">
        <ele>97.23</ele>
      </trkpt>
      <trkpt lat="44.823638" lon="4.800764999">
        <ele>96.7</ele>
      </trkpt>
      <trkpt lat="44.82351" lon="4.800827">
        <ele>95.74</ele>
      </trkpt>
      <trkpt lat="44.823296" lon="4.800873">
        <ele>94.91</ele>
      </trkpt>
      <trkpt lat="44.82315" lon="4.800944">
        <ele>95.23</ele>
      </trkpt>
      <trkpt lat="44.82306" lon="4.801043">
        <ele>94.97</ele>
      </trkpt>
      <trkpt lat="44.82308" lon="4.801119">
        <ele>95.25</ele>
      </trkpt>
      <trkpt lat="44.822827" lon="4.801258001">
        <ele>95.07</ele>
      </trkpt>
      <trkpt lat="44.822468" lon="4.801526999">
        <ele>95.9</ele>
      </trkpt>
      <trkpt lat="44.822083" lon="4.801796">
        <ele>95.56</ele>
      </trkpt>
      <trkpt lat="44.821694" lon="4.802056">
        <ele>94.68</ele>
      </trkpt>
      <trkpt lat="44.821399" lon="4.802162">
        <ele>94.48</ele>
      </trkpt>
      <trkpt lat="44.820961" lon="4.802289999">
        <ele>95.44</ele>
      </trkpt>
      <trkpt lat="44.820593" lon="4.802331">
        <ele>94.92</ele>
      </trkpt>
      <trkpt lat="44.820037" lon="4.802353">
        <ele>94.05</ele>
      </trkpt>
      <trkpt lat="44.819042" lon="4.802443">
        <ele>94.2</ele>
      </trkpt>
      <trkpt lat="44.818708" lon="4.802449">
        <ele>93.08</ele>
      </trkpt>
      <trkpt lat="44.818432" lon="4.802475999">
        <ele>92.14</ele>
      </trkpt>
      <trkpt lat="44.818185" lon="4.802519">
        <ele>92.02</ele>
      </trkpt>
      <trkpt lat="44.817874" lon="4.802606">
        <ele>92.74</ele>
      </trkpt>
      <trkpt lat="44.817515" lon="4.802726">
        <ele>93.35</ele>
      </trkpt>
      <trkpt lat="44.816937" lon="4.802867001">
        <ele>94.26</ele>
      </trkpt>
      <trkpt lat="44.816597699" lon="4.802891237">
        <ele>95.49</ele>
      </trkpt>
      <trkpt lat="44.816506776" lon="4.802897731">
        <ele>96.37</ele>
      </trkpt>
      <trkpt lat="44.815677" lon="4.802957">
        <ele>96.46</ele>
      </trkpt>
      <trkpt lat="44.815225" lon="4.802958">
        <ele>97.06</ele>
      </trkpt>
      <trkpt lat="44.814624" lon="4.802916">
        <ele>97.97</ele>
      </trkpt>
      <trkpt lat="44.813933" lon="4.802875">
        <ele>98.66</ele>
      </trkpt>
      <trkpt lat="44.813468" lon="4.802817">
        <ele>99.06</ele>
      </trkpt>
      <trkpt lat="44.813351748" lon="4.80280146">
        <ele>100.02</ele>
      </trkpt>
      <trkpt lat="44.813321838" lon="4.802797462">
        <ele>99.78</ele>
      </trkpt>
      <trkpt lat="44.813079" lon="4.802765">
        <ele>98.76</ele>
      </trkpt>
      <trkpt lat="44.812702" lon="4.802733999">
        <ele>97.33</ele>
      </trkpt>
      <trkpt lat="44.812429" lon="4.802682">
        <ele>96.35</ele>
      </trkpt>
      <trkpt lat="44.812238" lon="4.802649999">
        <ele>95.89</ele>
      </trkpt>
      <trkpt lat="44.812143" lon="4.802673">
        <ele>96.12</ele>
      </trkpt>
      <trkpt lat="44.8121" lon="4.802748001">
        <ele>96.74</ele>
      </trkpt>
      <trkpt lat="44.812102" lon="4.802855">
        <ele>97.67</ele>
      </trkpt>
      <trkpt lat="44.812136" lon="4.802948">
        <ele>98.01</ele>
      </trkpt>
      <trkpt lat="44.812264" lon="4.803139">
        <ele>98.01</ele>
      </trkpt>
      <trkpt lat="44.812481" lon="4.803371">
        <ele>97.96</ele>
      </trkpt>
      <trkpt lat="44.812607" lon="4.803543">
        <ele>97.83</ele>
      </trkpt>
      <trkpt lat="44.812631928" lon="4.803573977">
        <ele>97.71</ele>
      </trkpt>
      <trkpt lat="44.812717145" lon="4.80367987">
        <ele>97.61</ele>
      </trkpt>
      <trkpt lat="44.812879" lon="4.803881">
        <ele>97.5</ele>
      </trkpt>
      <trkpt lat="44.813149" lon="4.804217999">
        <ele>97.61</ele>
      </trkpt>
      <trkpt lat="44.813451" lon="4.804524">
        <ele>98.06</ele>
      </trkpt>
      <trkpt lat="44.813664" lon="4.804749">
        <ele>98.35</ele>
      </trkpt>
      <trkpt lat="44.81393" lon="4.804995">
        <ele>98.89</ele>
      </trkpt>
      <trkpt lat="44.814144" lon="4.805215">
        <ele>99.2</ele>
      </trkpt>
      <trkpt lat="44.814357" lon="4.805358">
        <ele>99.39</ele>
      </trkpt>
      <trkpt lat="44.814554" lon="4.805478">
        <ele>99.66</ele>
      </trkpt>
      <trkpt lat="44.814749" lon="4.80551">
        <ele>99.95</ele>
      </trkpt>
      <trkpt lat="44.814929" lon="4.805619">
        <ele>99.98</ele>
      </trkpt>
      <trkpt lat="44.81518" lon="4.805638">
        <ele>99.97</ele>
      </trkpt>
      <trkpt lat="44.815503" lon="4.805721">
        <ele>99.91</ele>
      </trkpt>
      <trkpt lat="44.815579161" lon="4.805733775">
        <ele>99.48</ele>
      </trkpt>
      <trkpt lat="44.815611886" lon="4.805739264">
        <ele>99.22</ele>
      </trkpt>
      <trkpt lat="44.815658" lon="4.805747">
        <ele>99.16</ele>
      </trkpt>
      <trkpt lat="44.815813" lon="4.805805">
        <ele>98.98</ele>
      </trkpt>
      <trkpt lat="44.816032" lon="4.805893">
        <ele>99.08</ele>
      </trkpt>
      <trkpt lat="44.816194" lon="4.805983">
        <ele>99.35</ele>
      </trkpt>
      <trkpt lat="44.816374" lon="4.806115">
        <ele>99.53</ele>
      </trkpt>
      <trkpt lat="44.816528" lon="4.806186">
        <ele>99.66</ele>
      </trkpt>
      <trkpt lat="44.816826" lon="4.806223">
        <ele>100.04</ele>
      </trkpt>
      <trkpt lat="44.816999" lon="4.806209">
        <ele>100.07</ele>
      </trkpt>
      <trkpt lat="44.817388" lon="4.806241">
        <ele>99.94</ele>
      </trkpt>
      <trkpt lat="44.817783" lon="4.806301">
        <ele>99.74</ele>
      </trkpt>
      <trkpt lat="44.817988" lon="4.806314001">
        <ele>99.75</ele>
      </trkpt>
      <trkpt lat="44.81813" lon="4.806341">
        <ele>100.09</ele>
      </trkpt>
      <trkpt lat="44.818199" lon="4.806417">
        <ele>100.41</ele>
      </trkpt>
      <trkpt lat="44.818235" lon="4.806553">
        <ele>100.93</ele>
      </trkpt>
      <trkpt lat="44.818256" lon="4.806688999">
        <ele>101.35</ele>
      </trkpt>
      <trkpt lat="44.818324" lon="4.806925">
        <ele>101.36</ele>
      </trkpt>
      <trkpt lat="44.818383" lon="4.807118">
        <ele>100.65</ele>
      </trkpt>
      <trkpt lat="44.818471" lon="4.807303">
        <ele>99.27</ele>
      </trkpt>
      <trkpt lat="44.81865" lon="4.80754">
        <ele>97.61</ele>
      </trkpt>
      <trkpt lat="44.81881" lon="4.807617">
        <ele>96.36</ele>
      </trkpt>
      <trkpt lat="44.819062" lon="4.807668">
        <ele>94.76</ele>
      </trkpt>
      <trkpt lat="44.819368" lon="4.807736">
        <ele>93.57</ele>
      </trkpt>
      <trkpt lat="44.819679" lon="4.807781">
        <ele>93.19</ele>
      </trkpt>
      <trkpt lat="44.820096" lon="4.807814">
        <ele>93.55</ele>
      </trkpt>
      <trkpt lat="44.820321" lon="4.807778">
        <ele>94.23</ele>
      </trkpt>
      <trkpt lat="44.820484" lon="4.807665001">
        <ele>94.31</ele>
      </trkpt>
      <trkpt lat="44.82056" lon="4.807625">
        <ele>95.22</ele>
      </trkpt>
      <trkpt lat="44.820705" lon="4.807611">
        <ele>96.77</ele>
      </trkpt>
      <trkpt lat="44.820833" lon="4.807655">
        <ele>96.53</ele>
      </trkpt>
      <trkpt lat="44.820927" lon="4.807725">
        <ele>95.81</ele>
      </trkpt>
      <trkpt lat="44.821121" lon="4.807838">
        <ele>96.56</ele>
      </trkpt>
      <trkpt lat="44.821393" lon="4.807908">
        <ele>95.93</ele>
      </trkpt>
      <trkpt lat="44.821507" lon="4.807936">
        <ele>94.97</ele>
      </trkpt>
      <trkpt lat="44.821605" lon="4.807940001">
        <ele>95.5</ele>
      </trkpt>
      <trkpt lat="44.821698" lon="4.807972999">
        <ele>95.28</ele>
      </trkpt>
      <trkpt lat="44.821775" lon="4.808007">
        <ele>95.11</ele>
      </trkpt>
      <trkpt lat="44.821853" lon="4.808077">
        <ele>94.93</ele>
      </trkpt>
      <trkpt lat="44.821978" lon="4.808117">
        <ele>94.68</ele>
      </trkpt>
      <trkpt lat="44.822118" lon="4.808164">
        <ele>94.7</ele>
      </trkpt>
      <trkpt lat="44.8222115" lon="4.8081615">
        <ele>95.41</ele>
      </trkpt>
      <trkpt lat="44.82226" lon="4.807999">
        <ele>95.84</ele>
      </trkpt>
      <trkpt lat="44.822273" lon="4.807921">
        <ele>96.9</ele>
      </trkpt>
      <trkpt lat="44.822349" lon="4.807923">
        <ele>96.83</ele>
      </trkpt>
      <trkpt lat="44.822699" lon="4.808052">
        <ele>96.52</ele>
      </trkpt>
      <trkpt lat="44.823231" lon="4.808247">
        <ele>96.86</ele>
      </trkpt>
      <trkpt lat="44.82348" lon="4.808301">
        <ele>96.99</ele>
      </trkpt>
      <trkpt lat="44.823684" lon="4.808325">
        <ele>97.21</ele>
      </trkpt>
      <trkpt lat="44.823795" lon="4.808395">
        <ele>98.41</ele>
      </trkpt>
      <trkpt lat="44.823913" lon="4.808358">
        <ele>99.42</ele>
      </trkpt>
      <trkpt lat="44.823993" lon="4.808357">
        <ele>99.66</ele>
      </trkpt>
      <trkpt lat="44.824104" lon="4.808401">
        <ele>100.22</ele>
      </trkpt>
      <trkpt lat="44.8241445" lon="4.808491501">
        <ele>100.54</ele>
      </trkpt>
      <trkpt lat="44.824153" lon="4.80864">
        <ele>100.74</ele>
      </trkpt>
      <trkpt lat="44.82413" lon="4.808765001">
        <ele>100.76</ele>
      </trkpt>
      <trkpt lat="44.824197" lon="4.808872">
        <ele>101.03</ele>
      </trkpt>
      <trkpt lat="44.824219" lon="4.808986001">
        <ele>101.16</ele>
      </trkpt>
      <trkpt lat="44.824248" lon="4.809048">
        <ele>101.24</ele>
      </trkpt>
      <trkpt lat="44.824391" lon="4.809224">
        <ele>101.32</ele>
      </trkpt>
      <trkpt lat="44.824552" lon="4.80943">
        <ele>101</ele>
      </trkpt>
      <trkpt lat="44.824846" lon="4.809796">
        <ele>100.44</ele>
      </trkpt>
      <trkpt lat="44.825067" lon="4.810014">
        <ele>99.78</ele>
      </trkpt>
      <trkpt lat="44.825308" lon="4.810075">
        <ele>99.29</ele>
      </trkpt>
      <trkpt lat="44.825531" lon="4.810158">
        <ele>99.29</ele>
      </trkpt>
      <trkpt lat="44.82567" lon="4.810205001">
        <ele>99.45</ele>
      </trkpt>
      <trkpt lat="44.825782" lon="4.810195">
        <ele>99.89</ele>
      </trkpt>
      <trkpt lat="44.825902" lon="4.810148">
        <ele>100.11</ele>
      </trkpt>
      <trkpt lat="44.826006" lon="4.81004">
        <ele>100.37</ele>
      </trkpt>
      <trkpt lat="44.826159" lon="4.809875">
        <ele>100.16</ele>
      </trkpt>
      <trkpt lat="44.826349" lon="4.809805">
        <ele>100.22</ele>
      </trkpt>
      <trkpt lat="44.826502" lon="4.809791001">
        <ele>99.54</ele>
      </trkpt>
      <trkpt lat="44.826659" lon="4.809824001">
        <ele>99.33</ele>
      </trkpt>
      <trkpt lat="44.826979" lon="4.809962999">
        <ele>98.78</ele>
      </trkpt>
      <trkpt lat="44.82745" lon="4.810168">
        <ele>98.34</ele>
      </trkpt>
      <trkpt lat="44.82792" lon="4.810386">
        <ele>97.84</ele>
      </trkpt>
      <trkpt lat="44.828311" lon="4.810553">
        <ele>98.05</ele>
      </trkpt>
      <trkpt lat="44.828727" lon="4.810732">
        <ele>97.91</ele>
      </trkpt>
      <trkpt lat="44.829126" lon="4.810928">
        <ele>98.28</ele>
      </trkpt>
      <trkpt lat="44.829629" lon="4.81123">
        <ele>98.87</ele>
      </trkpt>
      <trkpt lat="44.829974" lon="4.811489">
        <ele>98.87</ele>
      </trkpt>
      <trkpt lat="44.830346" lon="4.811786">
        <ele>98.93</ele>
      </trkpt>
      <trkpt lat="44.830684" lon="4.812115">
        <ele>98.92</ele>
      </trkpt>
      <trkpt lat="44.831124" lon="4.812558">
        <ele>98.55</ele>
      </trkpt>
      <trkpt lat="44.8316" lon="4.813023001">
        <ele>97.86</ele>
      </trkpt>
      <trkpt lat="44.832273" lon="4.813704">
        <ele>97.86</ele>
      </trkpt>
      <trkpt lat="44.832773" lon="4.814171">
        <ele>97.58</ele>
      </trkpt>
      <trkpt lat="44.833050212" lon="4.814383441">
        <ele>97.5</ele>
      </trkpt>
      <trkpt lat="44.833322332" lon="4.814591982">
        <ele>97.5</ele>
      </trkpt>
      <trkpt lat="44.833522" lon="4.814745">
        <ele>97.5</ele>
      </trkpt>
      <trkpt lat="44.833925" lon="4.815001">
        <ele>97.5</ele>
      </trkpt>
      <trkpt lat="44.834288" lon="4.815203">
        <ele>97.53</ele>
      </trkpt>
      <trkpt lat="44.834912" lon="4.815501">
        <ele>97.61</ele>
      </trkpt>
      <trkpt lat="44.835248" lon="4.815641">
        <ele>97.72</ele>
      </trkpt>
      <trkpt lat="44.835629" lon="4.815808">
        <ele>98.02</ele>
      </trkpt>
      <trkpt lat="44.835979" lon="4.815952">
        <ele>98.24</ele>
      </trkpt>
      <trkpt lat="44.8361" lon="4.815999">
        <ele>98.31</ele>
      </trkpt>
      <trkpt lat="44.836269" lon="4.816072">
        <ele>98.34</ele>
      </trkpt>
      <trkpt lat="44.836434" lon="4.816137">
        <ele>98.35</ele>
      </trkpt>
      <trkpt lat="44.836771" lon="4.816264">
        <ele>98.29</ele>
      </trkpt>
      <trkpt lat="44.837074" lon="4.81639">
        <ele>98.27</ele>
      </trkpt>
      <trkpt lat="44.837371" lon="4.816515999">
        <ele>98.52</ele>
      </trkpt>
      <trkpt lat="44.837732" lon="4.816677">
        <ele>99.03</ele>
      </trkpt>
      <trkpt lat="44.838001" lon="4.816777">
        <ele>99.15</ele>
      </trkpt>
      <trkpt lat="44.838283" lon="4.816929">
        <ele>99.22</ele>
      </trkpt>
      <trkpt lat="44.838625" lon="4.817111">
        <ele>99.32</ele>
      </trkpt>
      <trkpt lat="44.838864" lon="4.817276">
        <ele>99.4</ele>
      </trkpt>
      <trkpt lat="44.839107" lon="4.817451001">
        <ele>99.09</ele>
      </trkpt>
      <trkpt lat="44.839411" lon="4.817672">
        <ele>99.13</ele>
      </trkpt>
      <trkpt lat="44.839714" lon="4.817898001">
        <ele>99.23</ele>
      </trkpt>
      <trkpt lat="44.839953" lon="4.818085">
        <ele>99.31</ele>
      </trkpt>
      <trkpt lat="44.840158" lon="4.818208">
        <ele>99.55</ele>
      </trkpt>
      <trkpt lat="44.840329" lon="4.818302">
        <ele>99.88</ele>
      </trkpt>
      <trkpt lat="44.84054" lon="4.818404001">
        <ele>100.73</ele>
      </trkpt>
      <trkpt lat="44.840742" lon="4.818497001">
        <ele>101.15</ele>
      </trkpt>
      <trkpt lat="44.840862" lon="4.818583">
        <ele>101.3</ele>
      </trkpt>
      <trkpt lat="44.841189" lon="4.818857">
        <ele>101.54</ele>
      </trkpt>
      <trkpt lat="44.841535" lon="4.819113">
        <ele>102.16</ele>
      </trkpt>
      <trkpt lat="44.841833" lon="4.819319">
        <ele>102.31</ele>
      </trkpt>
      <trkpt lat="44.842039" lon="4.819491">
        <ele>102.26</ele>
      </trkpt>
      <trkpt lat="44.842291" lon="4.819679999">
        <ele>102.89</ele>
      </trkpt>
      <trkpt lat="44.842426" lon="4.8197">
        <ele>102.98</ele>
      </trkpt>
      <trkpt lat="44.842521" lon="4.819731">
        <ele>103.56</ele>
      </trkpt>
      <trkpt lat="44.842786" lon="4.819922999">
        <ele>104.33</ele>
      </trkpt>
      <trkpt lat="44.842954" lon="4.820053">
        <ele>105.5</ele>
      </trkpt>
      <trkpt lat="44.843249" lon="4.820366">
        <ele>106.07</ele>
      </trkpt>
      <trkpt lat="44.843576" lon="4.820627999">
        <ele>106.91</ele>
      </trkpt>
      <trkpt lat="44.84398" lon="4.82096">
        <ele>107.21</ele>
      </trkpt>
      <trkpt lat="44.844229" lon="4.821081001">
        <ele>107.2</ele>
      </trkpt>
      <trkpt lat="44.844373" lon="4.821183999">
        <ele>107.33</ele>
      </trkpt>
      <trkpt lat="44.844458" lon="4.821284">
        <ele>107.65</ele>
      </trkpt>
      <trkpt lat="44.844496" lon="4.821413">
        <ele>107.75</ele>
      </trkpt>
      <trkpt lat="44.8445" lon="4.821555999">
        <ele>107.29</ele>
      </trkpt>
      <trkpt lat="44.844452" lon="4.821685001">
        <ele>107.14</ele>
      </trkpt>
      <trkpt lat="44.844361" lon="4.82179">
        <ele>105.81</ele>
      </trkpt>
      <trkpt lat="44.84425" lon="4.821902001">
        <ele>104.42</ele>
      </trkpt>
      <trkpt lat="44.844161" lon="4.821991">
        <ele>103.21</ele>
      </trkpt>
      <trkpt lat="44.844133" lon="4.822141">
        <ele>102.42</ele>
      </trkpt>
      <trkpt lat="44.844144" lon="4.822242001">
        <ele>100.67</ele>
      </trkpt>
      <trkpt lat="44.844173" lon="4.822346">
        <ele>100.11</ele>
      </trkpt>
      <trkpt lat="44.84422" lon="4.822409999">
        <ele>99.24</ele>
      </trkpt>
      <trkpt lat="44.844276" lon="4.822445">
        <ele>98.53</ele>
      </trkpt>
      <trkpt lat="44.844351" lon="4.822494">
        <ele>97.83</ele>
      </trkpt>
      <trkpt lat="44.84442" lon="4.822557">
        <ele>97.94</ele>
      </trkpt>
      <trkpt lat="44.84448" lon="4.822648">
        <ele>97.37</ele>
      </trkpt>
      <trkpt lat="44.844584" lon="4.822817">
        <ele>98.11</ele>
      </trkpt>
      <trkpt lat="44.844795" lon="4.823194001">
        <ele>98.31</ele>
      </trkpt>
      <trkpt lat="44.845045" lon="4.823495999">
        <ele>98.24</ele>
      </trkpt>
      <trkpt lat="44.845277" lon="4.823819">
        <ele>98.3</ele>
      </trkpt>
      <trkpt lat="44.845407" lon="4.823998">
        <ele>98.78</ele>
      </trkpt>
      <trkpt lat="44.845598" lon="4.824313999">
        <ele>98.59</ele>
      </trkpt>
      <trkpt lat="44.845692" lon="4.824466999">
        <ele>98.36</ele>
      </trkpt>
      <trkpt lat="44.845812" lon="4.824593">
        <ele>98.2</ele>
      </trkpt>
      <trkpt lat="44.846317" lon="4.825372">
        <ele>97.82</ele>
      </trkpt>
      <trkpt lat="44.846773" lon="4.826134">
        <ele>98.06</ele>
      </trkpt>
      <trkpt lat="44.847172" lon="4.826782">
        <ele>98.43</ele>
      </trkpt>
      <trkpt lat="44.847552" lon="4.827422">
        <ele>99.7</ele>
      </trkpt>
      <trkpt lat="44.847989" lon="4.828109">
        <ele>100.34</ele>
      </trkpt>
      <trkpt lat="44.848329" lon="4.828659">
        <ele>101</ele>
      </trkpt>
      <trkpt lat="44.848609" lon="4.829110999">
        <ele>101.17</ele>
      </trkpt>
      <trkpt lat="44.848878" lon="4.829565">
        <ele>100.84</ele>
      </trkpt>
      <trkpt lat="44.849156" lon="4.830008999">
        <ele>99.79</ele>
      </trkpt>
      <trkpt lat="44.849392" lon="4.830379">
        <ele>99.6</ele>
      </trkpt>
      <trkpt lat="44.849548" lon="4.830667999">
        <ele>99.82</ele>
      </trkpt>
      <trkpt lat="44.849772" lon="4.831002999">
        <ele>100.12</ele>
      </trkpt>
      <trkpt lat="44.84995" lon="4.8313">
        <ele>100.71</ele>
      </trkpt>
      <trkpt lat="44.850171" lon="4.831635">
        <ele>101.49</ele>
      </trkpt>
      <trkpt lat="44.850449" lon="4.832090999">
        <ele>102.07</ele>
      </trkpt>
      <trkpt lat="44.850716" lon="4.832515">
        <ele>102.21</ele>
      </trkpt>
      <trkpt lat="44.850879" lon="4.832781">
        <ele>102.39</ele>
      </trkpt>
      <trkpt lat="44.851104" lon="4.833145">
        <ele>102.72</ele>
      </trkpt>
      <trkpt lat="44.851367" lon="4.833587">
        <ele>103.06</ele>
      </trkpt>
      <trkpt lat="44.851573" lon="4.83392">
        <ele>103.48</ele>
      </trkpt>
      <trkpt lat="44.851839" lon="4.834304999">
        <ele>103.76</ele>
      </trkpt>
      <trkpt lat="44.852064" lon="4.834662">
        <ele>104.08</ele>
      </trkpt>
      <trkpt lat="44.852236" lon="4.834957">
        <ele>103.91</ele>
      </trkpt>
      <trkpt lat="44.852489" lon="4.835344001">
        <ele>103.58</ele>
      </trkpt>
      <trkpt lat="44.852799" lon="4.835824999">
        <ele>103.58</ele>
      </trkpt>
      <trkpt lat="44.852978" lon="4.836025">
        <ele>103.46</ele>
      </trkpt>
      <trkpt lat="44.853183" lon="4.836156">
        <ele>103.22</ele>
      </trkpt>
      <trkpt lat="44.853349" lon="4.836254">
        <ele>103.25</ele>
      </trkpt>
      <trkpt lat="44.853871" lon="4.836338">
        <ele>103.28</ele>
      </trkpt>
      <trkpt lat="44.854195" lon="4.836388">
        <ele>102.81</ele>
      </trkpt>
      <trkpt lat="44.854442" lon="4.836436">
        <ele>102.67</ele>
      </trkpt>
      <trkpt lat="44.854605" lon="4.836474">
        <ele>102.55</ele>
      </trkpt>
      <trkpt lat="44.854699" lon="4.836515">
        <ele>102.65</ele>
      </trkpt>
      <trkpt lat="44.854745" lon="4.836585">
        <ele>102.81</ele>
      </trkpt>
      <trkpt lat="44.854764" lon="4.836635001">
        <ele>103.05</ele>
      </trkpt>
      <trkpt lat="44.8547655" lon="4.836660501">
        <ele>102.91</ele>
      </trkpt>
      <trkpt lat="44.854767" lon="4.836686">
        <ele>102.44</ele>
      </trkpt>
      <trkpt lat="44.854749" lon="4.836830001">
        <ele>101.69</ele>
      </trkpt>
      <trkpt lat="44.854726" lon="4.837018001">
        <ele>101.78</ele>
      </trkpt>
      <trkpt lat="44.854691" lon="4.837274">
        <ele>101.84</ele>
      </trkpt>
      <trkpt lat="44.854664" lon="4.837483">
        <ele>102.14</ele>
      </trkpt>
      <trkpt lat="44.854657347" lon="4.83752943">
        <ele>102.21</ele>
      </trkpt>
      <trkpt lat="44.854651113" lon="4.837572941">
        <ele>104.25</ele>
      </trkpt>
      <trkpt lat="44.854623092" lon="4.837818018">
        <ele>103.6</ele>
      </trkpt>
      <trkpt lat="44.854596" lon="4.838003">
        <ele>103.4</ele>
      </trkpt>
      <trkpt lat="44.854552" lon="4.838008">
        <ele>103.28</ele>
      </trkpt>
      <trkpt lat="44.854451" lon="4.838053">
        <ele>103.43</ele>
      </trkpt>
      <trkpt lat="44.854397" lon="4.838112">
        <ele>101.63</ele>
      </trkpt>
      <trkpt lat="44.854368" lon="4.838208">
        <ele>101.48</ele>
      </trkpt>
      <trkpt lat="44.854352" lon="4.838403">
        <ele>101.04</ele>
      </trkpt>
      <trkpt lat="44.854357" lon="4.838693">
        <ele>100.68</ele>
      </trkpt>
      <trkpt lat="44.85546" lon="4.839718">
        <ele>100.66</ele>
      </trkpt>
      <trkpt lat="44.85551" lon="4.83969">
        <ele>101.48</ele>
      </trkpt>
      <trkpt lat="44.855497" lon="4.839568">
        <ele>102.34</ele>
      </trkpt>
      <trkpt lat="44.855057" lon="4.838887">
        <ele>102.96</ele>
      </trkpt>
      <trkpt lat="44.855024" lon="4.838803">
        <ele>104.48</ele>
      </trkpt>
      <trkpt lat="44.854999" lon="4.838712">
        <ele>105.8</ele>
      </trkpt>
      <trkpt lat="44.854979" lon="4.83858">
        <ele>106.13</ele>
      </trkpt>
      <trkpt lat="44.854973" lon="4.838495">
        <ele>106.49</ele>
      </trkpt>
      <trkpt lat="44.85498" lon="4.838405">
        <ele>107.3</ele>
      </trkpt>
      <trkpt lat="44.855003" lon="4.83832">
        <ele>106.97</ele>
      </trkpt>
      <trkpt lat="44.855046" lon="4.838239">
        <ele>106.62</ele>
      </trkpt>
      <trkpt lat="44.855086" lon="4.838195">
        <ele>105.96</ele>
      </trkpt>
      <trkpt lat="44.855138" lon="4.838161">
        <ele>105.65</ele>
      </trkpt>
      <trkpt lat="44.855252" lon="4.838166">
        <ele>104.9</ele>
      </trkpt>
      <trkpt lat="44.855409" lon="4.838158">
        <ele>104.48</ele>
      </trkpt>
      <trkpt lat="44.855341" lon="4.838023">
        <ele>103.85</ele>
      </trkpt>
      <trkpt lat="44.8554" lon="4.837967">
        <ele>103.97</ele>
      </trkpt>
      <trkpt lat="44.855433" lon="4.837944">
        <ele>104.02</ele>
      </trkpt>
      <trkpt lat="44.855599" lon="4.837907">
        <ele>103.93</ele>
      </trkpt>
      <trkpt lat="44.855828" lon="4.837869">
        <ele>104.24</ele>
      </trkpt>
      <trkpt lat="44.856058" lon="4.837833">
        <ele>104.41</ele>
      </trkpt>
      <trkpt lat="44.856255" lon="4.837745">
        <ele>104.46</ele>
      </trkpt>
      <trkpt lat="44.856372" lon="4.83766">
        <ele>103.89</ele>
      </trkpt>
      <trkpt lat="44.856698" lon="4.837435">
        <ele>104.47</ele>
      </trkpt>
      <trkpt lat="44.857042" lon="4.837189">
        <ele>103.64</ele>
      </trkpt>
      <trkpt lat="44.857364" lon="4.836967">
        <ele>102.96</ele>
      </trkpt>
      <trkpt lat="44.857556" lon="4.836789">
        <ele>102.73</ele>
      </trkpt>
      <trkpt lat="44.857848" lon="4.836552">
        <ele>103.88</ele>
      </trkpt>
      <trkpt lat="44.858185" lon="4.836353999">
        <ele>104.54</ele>
      </trkpt>
      <trkpt lat="44.858507" lon="4.836101">
        <ele>105.91</ele>
      </trkpt>
      <trkpt lat="44.858753" lon="4.835952">
        <ele>107.58</ele>
      </trkpt>
      <trkpt lat="44.859015" lon="4.835787">
        <ele>108.48</ele>
      </trkpt>
      <trkpt lat="44.859126" lon="4.835695">
        <ele>109.05</ele>
      </trkpt>
      <trkpt lat="44.85926" lon="4.835614">
        <ele>109.18</ele>
      </trkpt>
      <trkpt lat="44.859366" lon="4.835555001">
        <ele>109.37</ele>
      </trkpt>
      <trkpt lat="44.859433" lon="4.835552001">
        <ele>109.52</ele>
      </trkpt>
      <trkpt lat="44.859481" lon="4.835584001">
        <ele>109.87</ele>
      </trkpt>
      <trkpt lat="44.859525" lon="4.835665">
        <ele>109.86</ele>
      </trkpt>
      <trkpt lat="44.859593" lon="4.835787">
        <ele>110.05</ele>
      </trkpt>
      <trkpt lat="44.859718" lon="4.835972">
        <ele>110.09</ele>
      </trkpt>
      <trkpt lat="44.85986" lon="4.836079">
        <ele>110.23</ele>
      </trkpt>
      <trkpt lat="44.859961" lon="4.836148">
        <ele>110.27</ele>
      </trkpt>
      <trkpt lat="44.86006" lon="4.836253">
        <ele>110.13</ele>
      </trkpt>
      <trkpt lat="44.860078" lon="4.836333">
        <ele>109.94</ele>
      </trkpt>
      <trkpt lat="44.860133" lon="4.836457">
        <ele>110</ele>
      </trkpt>
      <trkpt lat="44.860228" lon="4.836503">
        <ele>110.03</ele>
      </trkpt>
      <trkpt lat="44.860314" lon="4.836530001">
        <ele>110.03</ele>
      </trkpt>
      <trkpt lat="44.860411" lon="4.836621">
        <ele>110.15</ele>
      </trkpt>
      <trkpt lat="44.860506" lon="4.836705">
        <ele>110.25</ele>
      </trkpt>
      <trkpt lat="44.86057" lon="4.836753">
        <ele>110.06</ele>
      </trkpt>
      <trkpt lat="44.860648" lon="4.836808">
        <ele>109.93</ele>
      </trkpt>
      <trkpt lat="44.860718" lon="4.836887">
        <ele>109.69</ele>
      </trkpt>
      <trkpt lat="44.860747" lon="4.836985">
        <ele>109.44</ele>
      </trkpt>
      <trkpt lat="44.860822" lon="4.837068001">
        <ele>109.1</ele>
      </trkpt>
      <trkpt lat="44.861164" lon="4.837357999">
        <ele>108.91</ele>
      </trkpt>
      <trkpt lat="44.861306" lon="4.837496999">
        <ele>108.66</ele>
      </trkpt>
      <trkpt lat="44.86142" lon="4.837612">
        <ele>108.81</ele>
      </trkpt>
      <trkpt lat="44.861474" lon="4.837666999">
        <ele>108.81</ele>
      </trkpt>
      <trkpt lat="44.8615435" lon="4.837717001">
        <ele>108.77</ele>
      </trkpt>
      <trkpt lat="44.861616" lon="4.837685">
        <ele>108.75</ele>
      </trkpt>
      <trkpt lat="44.861689" lon="4.837604999">
        <ele>108.73</ele>
      </trkpt>
      <trkpt lat="44.86183" lon="4.837519">
        <ele>108.47</ele>
      </trkpt>
      <trkpt lat="44.861917" lon="4.837504999">
        <ele>108.19</ele>
      </trkpt>
      <trkpt lat="44.862004" lon="4.837535">
        <ele>108.06</ele>
      </trkpt>
      <trkpt lat="44.862094" lon="4.837619">
        <ele>107.98</ele>
      </trkpt>
      <trkpt lat="44.862302" lon="4.837806">
        <ele>107.71</ele>
      </trkpt>
      <trkpt lat="44.862532" lon="4.837988">
        <ele>107.83</ele>
      </trkpt>
      <trkpt lat="44.862683" lon="4.838106">
        <ele>107.61</ele>
      </trkpt>
      <trkpt lat="44.862885" lon="4.838262001">
        <ele>107.35</ele>
      </trkpt>
      <trkpt lat="44.863059" lon="4.838415">
        <ele>107.08</ele>
      </trkpt>
      <trkpt lat="44.863154" lon="4.838495">
        <ele>107.05</ele>
      </trkpt>
      <trkpt lat="44.86321" lon="4.838505999">
        <ele>106.68</ele>
      </trkpt>
      <trkpt lat="44.863284" lon="4.838533">
        <ele>106.73</ele>
      </trkpt>
      <trkpt lat="44.863355" lon="4.838581">
        <ele>106.69</ele>
      </trkpt>
      <trkpt lat="44.863467" lon="4.838673999">
        <ele>106.72</ele>
      </trkpt>
      <trkpt lat="44.86363" lon="4.838836">
        <ele>106.68</ele>
      </trkpt>
      <trkpt lat="44.863708" lon="4.838939">
        <ele>106.38</ele>
      </trkpt>
      <trkpt lat="44.863846" lon="4.839027001">
        <ele>106.09</ele>
      </trkpt>
      <trkpt lat="44.864083" lon="4.8392">
        <ele>105.89</ele>
      </trkpt>
      <trkpt lat="44.864246" lon="4.839356">
        <ele>105.86</ele>
      </trkpt>
      <trkpt lat="44.86448" lon="4.839567">
        <ele>105.63</ele>
      </trkpt>
      <trkpt lat="44.864855" lon="4.839828">
        <ele>105.68</ele>
      </trkpt>
      <trkpt lat="44.865078" lon="4.840038">
        <ele>105.64</ele>
      </trkpt>
      <trkpt lat="44.8653" lon="4.840201">
        <ele>105.48</ele>
      </trkpt>
      <trkpt lat="44.8655" lon="4.840358">
        <ele>105.3</ele>
      </trkpt>
      <trkpt lat="44.86571" lon="4.840535999">
        <ele>105.46</ele>
      </trkpt>
      <trkpt lat="44.865853" lon="4.840627">
        <ele>105.53</ele>
      </trkpt>
      <trkpt lat="44.865942" lon="4.840654">
        <ele>105.61</ele>
      </trkpt>
      <trkpt lat="44.866376" lon="4.840977">
        <ele>105.9</ele>
      </trkpt>
      <trkpt lat="44.866768" lon="4.841265">
        <ele>106</ele>
      </trkpt>
      <trkpt lat="44.867142" lon="4.841566999">
        <ele>105.84</ele>
      </trkpt>
      <trkpt lat="44.867499" lon="4.841855">
        <ele>106.24</ele>
      </trkpt>
      <trkpt lat="44.868026" lon="4.842261001">
        <ele>106.54</ele>
      </trkpt>
      <trkpt lat="44.868512" lon="4.842654">
        <ele>106.42</ele>
      </trkpt>
      <trkpt lat="44.86897" lon="4.843011999">
        <ele>106.35</ele>
      </trkpt>
      <trkpt lat="44.869377" lon="4.843327">
        <ele>106.51</ele>
      </trkpt>
      <trkpt lat="44.869736" lon="4.843622">
        <ele>106.16</ele>
      </trkpt>
      <trkpt lat="44.869991" lon="4.84383">
        <ele>106</ele>
      </trkpt>
      <trkpt lat="44.870236" lon="4.844037001">
        <ele>106.13</ele>
      </trkpt>
      <trkpt lat="44.870448" lon="4.844182">
        <ele>106.29</ele>
      </trkpt>
      <trkpt lat="44.870602" lon="4.844335">
        <ele>106.37</ele>
      </trkpt>
      <trkpt lat="44.870742" lon="4.844446">
        <ele>106.56</ele>
      </trkpt>
      <trkpt lat="44.870802501" lon="4.8445245">
        <ele>106.72</ele>
      </trkpt>
      <trkpt lat="44.870806101" lon="4.844600134">
        <ele>106.89</ele>
      </trkpt>
      <trkpt lat="44.87080629" lon="4.844604097">
        <ele>107</ele>
      </trkpt>
      <trkpt lat="44.870807" lon="4.844619">
        <ele>107.23</ele>
      </trkpt>
      <trkpt lat="44.870771" lon="4.844709001">
        <ele>107.02</ele>
      </trkpt>
      <trkpt lat="44.870694561" lon="4.844822168">
        <ele>107.15</ele>
      </trkpt>
      <trkpt lat="44.870694" lon="4.844823">
        <ele>106.88</ele>
      </trkpt>
      <trkpt lat="44.870595" lon="4.845011">
        <ele>106.58</ele>
      </trkpt>
      <trkpt lat="44.870397" lon="4.84536">
        <ele>105.99</ele>
      </trkpt>
      <trkpt lat="44.87019" lon="4.845754">
        <ele>105.75</ele>
      </trkpt>
      <trkpt lat="44.869935" lon="4.846291">
        <ele>105.12</ele>
      </trkpt>
      <trkpt lat="44.869798675" lon="4.846570685">
        <ele>104.91</ele>
      </trkpt>
      <trkpt lat="44.869683" lon="4.846807999">
        <ele>104.7</ele>
      </trkpt>
      <trkpt lat="44.869407" lon="4.847413">
        <ele>104.81</ele>
      </trkpt>
      <trkpt lat="44.869298" lon="4.84764">
        <ele>105.04</ele>
      </trkpt>
      <trkpt lat="44.869152" lon="4.84793">
        <ele>105.53</ele>
      </trkpt>
      <trkpt lat="44.86905" lon="4.848192">
        <ele>106.26</ele>
      </trkpt>
      <trkpt lat="44.868949" lon="4.848367">
        <ele>107.04</ele>
      </trkpt>
      <trkpt lat="44.868872001" lon="4.8485325">
        <ele>107.62</ele>
      </trkpt>
      <trkpt lat="44.868873064" lon="4.848608854">
        <ele>108.07</ele>
      </trkpt>
      <trkpt lat="44.868933" lon="4.848642">
        <ele>108.19</ele>
      </trkpt>
      <trkpt lat="44.869029" lon="4.84862">
        <ele>107.98</ele>
      </trkpt>
      <trkpt lat="44.86911" lon="4.848629001">
        <ele>107.64</ele>
      </trkpt>
      <trkpt lat="44.869168" lon="4.848646">
        <ele>107.51</ele>
      </trkpt>
      <trkpt lat="44.869222" lon="4.848691">
        <ele>107.3</ele>
      </trkpt>
      <trkpt lat="44.869315" lon="4.848771">
        <ele>107.19</ele>
      </trkpt>
      <trkpt lat="44.869433" lon="4.848824">
        <ele>107.34</ele>
      </trkpt>
      <trkpt lat="44.869629" lon="4.848863">
        <ele>107.28</ele>
      </trkpt>
      <trkpt lat="44.86987" lon="4.848902">
        <ele>107.19</ele>
      </trkpt>
      <trkpt lat="44.870081" lon="4.848946">
        <ele>107.09</ele>
      </trkpt>
      <trkpt lat="44.870343" lon="4.849016">
        <ele>107.72</ele>
      </trkpt>
      <trkpt lat="44.870636" lon="4.849069">
        <ele>107.88</ele>
      </trkpt>
      <trkpt lat="44.871011" lon="4.849125">
        <ele>108.49</ele>
      </trkpt>
      <trkpt lat="44.871375" lon="4.849215999">
        <ele>108.77</ele>
      </trkpt>
      <trkpt lat="44.871544" lon="4.849246001">
        <ele>108.89</ele>
      </trkpt>
      <trkpt lat="44.871893" lon="4.849358">
        <ele>108.02</ele>
      </trkpt>
      <trkpt lat="44.872286" lon="4.849468">
        <ele>107.7</ele>
      </trkpt>
      <trkpt lat="44.872604" lon="4.849569001">
        <ele>106.64</ele>
      </trkpt>
      <trkpt lat="44.872754" lon="4.849602">
        <ele>106.16</ele>
      </trkpt>
      <trkpt lat="44.872932" lon="4.849651">
        <ele>106.13</ele>
      </trkpt>
      <trkpt lat="44.873052" lon="4.849734">
        <ele>105.8</ele>
      </trkpt>
      <trkpt lat="44.873155" lon="4.849837">
        <ele>105.25</ele>
      </trkpt>
      <trkpt lat="44.873267" lon="4.849952">
        <ele>105.62</ele>
      </trkpt>
      <trkpt lat="44.873396" lon="4.850034">
        <ele>105.62</ele>
      </trkpt>
      <trkpt lat="44.873536" lon="4.85012">
        <ele>105.52</ele>
      </trkpt>
      <trkpt lat="44.873738" lon="4.85017">
        <ele>105.9</ele>
      </trkpt>
      <trkpt lat="44.873959" lon="4.850235">
        <ele>105.19</ele>
      </trkpt>
      <trkpt lat="44.874293" lon="4.850335">
        <ele>104.26</ele>
      </trkpt>
      <trkpt lat="44.874657" lon="4.850442">
        <ele>103.3</ele>
      </trkpt>
      <trkpt lat="44.874954" lon="4.850535">
        <ele>102.49</ele>
      </trkpt>
      <trkpt lat="44.875182" lon="4.850597">
        <ele>102.37</ele>
      </trkpt>
      <trkpt lat="44.875496" lon="4.850603999">
        <ele>103.41</ele>
      </trkpt>
      <trkpt lat="44.875893" lon="4.85061">
        <ele>104.67</ele>
      </trkpt>
      <trkpt lat="44.87616" lon="4.85059">
        <ele>106.1</ele>
      </trkpt>
      <trkpt lat="44.876473" lon="4.850523">
        <ele>106.75</ele>
      </trkpt>
      <trkpt lat="44.876819" lon="4.850394">
        <ele>106.82</ele>
      </trkpt>
      <trkpt lat="44.877155" lon="4.850239">
        <ele>107.39</ele>
      </trkpt>
      <trkpt lat="44.877445" lon="4.850102">
        <ele>108.1</ele>
      </trkpt>
      <trkpt lat="44.877699" lon="4.850017">
        <ele>108.43</ele>
      </trkpt>
      <trkpt lat="44.87795" lon="4.849996">
        <ele>108.91</ele>
      </trkpt>
      <trkpt lat="44.8781" lon="4.850008">
        <ele>109.36</ele>
      </trkpt>
      <trkpt lat="44.87827" lon="4.850048999">
        <ele>108.65</ele>
      </trkpt>
      <trkpt lat="44.878436" lon="4.850116">
        <ele>106.99</ele>
      </trkpt>
      <trkpt lat="44.878677" lon="4.850206">
        <ele>105.77</ele>
      </trkpt>
      <trkpt lat="44.878918" lon="4.850265">
        <ele>104.69</ele>
      </trkpt>
      <trkpt lat="44.87918" lon="4.850320999">
        <ele>104.09</ele>
      </trkpt>
      <trkpt lat="44.879534" lon="4.85041">
        <ele>104.13</ele>
      </trkpt>
      <trkpt lat="44.879974" lon="4.850525">
        <ele>104.79</ele>
      </trkpt>
      <trkpt lat="44.880191" lon="4.850580001">
        <ele>105.36</ele>
      </trkpt>
      <trkpt lat="44.880461" lon="4.850606">
        <ele>106.04</ele>
      </trkpt>
      <trkpt lat="44.8807477" lon="4.850664">
        <ele>106.56</ele>
      </trkpt>
      <trkpt lat="44.88072" lon="4.850728">
        <ele>106.67</ele>
      </trkpt>
      <trkpt lat="44.88061" lon="4.850716">
        <ele>106.38</ele>
      </trkpt>
      <trkpt lat="44.880435" lon="4.850707999">
        <ele>106.02</ele>
      </trkpt>
      <trkpt lat="44.880189" lon="4.850732">
        <ele>105.95</ele>
      </trkpt>
      <trkpt lat="44.880037" lon="4.850789">
        <ele>106.11</ele>
      </trkpt>
      <trkpt lat="44.879838" lon="4.850962">
        <ele>106.52</ele>
      </trkpt>
      <trkpt lat="44.879615" lon="4.851176">
        <ele>107.09</ele>
      </trkpt>
      <trkpt lat="44.87952" lon="4.851372">
        <ele>108.41</ele>
      </trkpt>
      <trkpt lat="44.87943" lon="4.851627">
        <ele>109.17</ele>
      </trkpt>
      <trkpt lat="44.879372" lon="4.851904">
        <ele>109.49</ele>
      </trkpt>
      <trkpt lat="44.87938" lon="4.852069">
        <ele>109.98</ele>
      </trkpt>
      <trkpt lat="44.879421" lon="4.85219">
        <ele>110.67</ele>
      </trkpt>
      <trkpt lat="44.879481" lon="4.852287">
        <ele>110.04</ele>
      </trkpt>
      <trkpt lat="44.879537" lon="4.852347">
        <ele>110.1</ele>
      </trkpt>
      <trkpt lat="44.879621" lon="4.852386">
        <ele>110.35</ele>
      </trkpt>
      <trkpt lat="44.87971" lon="4.852418">
        <ele>109.41</ele>
      </trkpt>
      <trkpt lat="44.879801" lon="4.852441">
        <ele>108.94</ele>
      </trkpt>
      <trkpt lat="44.879914" lon="4.85245">
        <ele>108.42</ele>
      </trkpt>
      <trkpt lat="44.880008" lon="4.852459">
        <ele>107.52</ele>
      </trkpt>
      <trkpt lat="44.88017" lon="4.852495">
        <ele>106.31</ele>
      </trkpt>
      <trkpt lat="44.880243" lon="4.85256">
        <ele>105.93</ele>
      </trkpt>
      <trkpt lat="44.880355" lon="4.852759">
        <ele>105.21</ele>
      </trkpt>
      <trkpt lat="44.880521" lon="4.853116">
        <ele>104.92</ele>
      </trkpt>
      <trkpt lat="44.880707" lon="4.853484999">
        <ele>104.79</ele>
      </trkpt>
      <trkpt lat="44.880827" lon="4.853757">
        <ele>104.26</ele>
      </trkpt>
      <trkpt lat="44.880911" lon="4.853928">
        <ele>104.11</ele>
      </trkpt>
      <trkpt lat="44.880986" lon="4.853990001">
        <ele>103.42</ele>
      </trkpt>
      <trkpt lat="44.881079" lon="4.854028001">
        <ele>102.88</ele>
      </trkpt>
      <trkpt lat="44.88126" lon="4.854056">
        <ele>102.34</ele>
      </trkpt>
      <trkpt lat="44.88149" lon="4.854118">
        <ele>102.22</ele>
      </trkpt>
      <trkpt lat="44.881702" lon="4.854171">
        <ele>101.93</ele>
      </trkpt>
      <trkpt lat="44.881979" lon="4.854309">
        <ele>102.43</ele>
      </trkpt>
      <trkpt lat="44.882337" lon="4.854501">
        <ele>102.73</ele>
      </trkpt>
      <trkpt lat="44.882655" lon="4.854665">
        <ele>103.08</ele>
      </trkpt>
      <trkpt lat="44.882911" lon="4.854833">
        <ele>103.56</ele>
      </trkpt>
      <trkpt lat="44.883145" lon="4.854946">
        <ele>103.96</ele>
      </trkpt>
      <trkpt lat="44.883321" lon="4.854954">
        <ele>103.64</ele>
      </trkpt>
      <trkpt lat="44.883611" lon="4.854948">
        <ele>103.62</ele>
      </trkpt>
      <trkpt lat="44.883997" lon="4.854915">
        <ele>103.41</ele>
      </trkpt>
      <trkpt lat="44.884342" lon="4.854880001">
        <ele>103.78</ele>
      </trkpt>
      <trkpt lat="44.88455" lon="4.854835">
        <ele>104.5</ele>
      </trkpt>
      <trkpt lat="44.884754" lon="4.854750001">
        <ele>105.7</ele>
      </trkpt>
      <trkpt lat="44.884977" lon="4.854684">
        <ele>106.07</ele>
      </trkpt>
      <trkpt lat="44.885104" lon="4.854650999">
        <ele>106.64</ele>
      </trkpt>
      <trkpt lat="44.885187" lon="4.85466">
        <ele>106.64</ele>
      </trkpt>
      <trkpt lat="44.885247" lon="4.854677">
        <ele>106.02</ele>
      </trkpt>
      <trkpt lat="44.885332" lon="4.854674">
        <ele>105.17</ele>
      </trkpt>
      <trkpt lat="44.885429" lon="4.854659">
        <ele>105.15</ele>
      </trkpt>
      <trkpt lat="44.886106444" lon="4.854173067">
        <ele>105.18</ele>
      </trkpt>
      <trkpt lat="44.887046991" lon="4.853498387">
        <ele>104.42</ele>
      </trkpt>
      <trkpt lat="44.888531957" lon="4.85275637">
        <ele>104.45</ele>
      </trkpt>
      <trkpt lat="44.889301787" lon="4.852486423">
        <ele>103.95</ele>
      </trkpt>
      <trkpt lat="44.889817863" lon="4.852328699">
        <ele>103.6</ele>
      </trkpt>
      <trkpt lat="44.891396507" lon="4.851970171">
        <ele>103.22</ele>
      </trkpt>
      <trkpt lat="44.892711088" lon="4.851728618">
        <ele>103.01</ele>
      </trkpt>
      <trkpt lat="44.894493268" lon="4.851767914">
        <ele>102.94</ele>
      </trkpt>
      <trkpt lat="44.895001332" lon="4.851805867">
        <ele>103.33</ele>
      </trkpt>
      <trkpt lat="44.89729385" lon="4.852052797">
        <ele>103.76</ele>
      </trkpt>
      <trkpt lat="44.899481409" lon="4.852257969">
        <ele>103.29</ele>
      </trkpt>
      <trkpt lat="44.900078718" lon="4.852340548">
        <ele>103.36</ele>
      </trkpt>
      <trkpt lat="44.901183331" lon="4.852544649">
        <ele>103.34</ele>
      </trkpt>
      <trkpt lat="44.90155086" lon="4.852653175">
        <ele>104.1</ele>
      </trkpt>
      <trkpt lat="44.901743031" lon="4.852739146">
        <ele>103.33</ele>
      </trkpt>
      <trkpt lat="44.902600799" lon="4.853113701">
        <ele>103.33</ele>
      </trkpt>
      <trkpt lat="44.903650549" lon="4.853492643">
        <ele>103.48</ele>
      </trkpt>
      <trkpt lat="44.903766962" lon="4.853530947">
        <ele>103.25</ele>
      </trkpt>
      <trkpt lat="44.904268418" lon="4.853638712">
        <ele>102.11</ele>
      </trkpt>
      <trkpt lat="44.904909716" lon="4.8537055">
        <ele>102.92</ele>
      </trkpt>
      <trkpt lat="44.905970655" lon="4.853756647">
        <ele>103.86</ele>
      </trkpt>
      <trkpt lat="44.90726107" lon="4.853764412">
        <ele>104.66</ele>
      </trkpt>
      <trkpt lat="44.907875203" lon="4.853859814">
        <ele>106</ele>
      </trkpt>
      <trkpt lat="44.908226864" lon="4.853919719">
        <ele>106.94</ele>
      </trkpt>
      <trkpt lat="44.908739528" lon="4.854041278">
        <ele>107.23</ele>
      </trkpt>
      <trkpt lat="44.909355637" lon="4.854246735">
        <ele>107.43</ele>
      </trkpt>
      <trkpt lat="44.909652023" lon="4.854454646">
        <ele>107.76</ele>
      </trkpt>
      <trkpt lat="44.910357831" lon="4.854914626">
        <ele>107.57</ele>
      </trkpt>
      <trkpt lat="44.910078872" lon="4.855799715">
        <ele>108.15</ele>
      </trkpt>
      <trkpt lat="44.9099667" lon="4.856694669">
        <ele>108.76</ele>
      </trkpt>
      <trkpt lat="44.909883388" lon="4.858143188">
        <ele>109.45</ele>
      </trkpt>
      <trkpt lat="44.909818036" lon="4.85942866">
        <ele>109.95</ele>
      </trkpt>
      <trkpt lat="44.90975315" lon="4.861140676">
        <ele>109.71</ele>
      </trkpt>
      <trkpt lat="44.909702575" lon="4.861997423">
        <ele>109.94</ele>
      </trkpt>
      <trkpt lat="44.909730454" lon="4.862417354">
        <ele>109.87</ele>
      </trkpt>
      <trkpt lat="44.910143129" lon="4.86346333">
        <ele>109.44</ele>
      </trkpt>
      <trkpt lat="44.910197208" lon="4.863577246">
        <ele>108.98</ele>
      </trkpt>
      <trkpt lat="44.910306791" lon="4.863808083">
        <ele>108.34</ele>
      </trkpt>
      <trkpt lat="44.910306799" lon="4.8638081">
        <ele>107.11</ele>
      </trkpt>
      <trkpt lat="44.91064" lon="4.86451">
        <ele>106.03</ele>
      </trkpt>
      <trkpt lat="44.911167302" lon="4.864342383">
        <ele>105.69</ele>
      </trkpt>
      <trkpt lat="44.911309947" lon="4.864234134">
        <ele>105.26</ele>
      </trkpt>
      <trkpt lat="44.911571682" lon="4.863296555">
        <ele>105.39</ele>
      </trkpt>
      <trkpt lat="44.912279669" lon="4.863373337">
        <ele>105.36</ele>
      </trkpt>
      <trkpt lat="44.912997216" lon="4.863439362">
        <ele>105.51</ele>
      </trkpt>
      <trkpt lat="44.913335103" lon="4.863639112">
        <ele>104.88</ele>
      </trkpt>
      <trkpt lat="44.913580352" lon="4.863792128">
        <ele>104.45</ele>
      </trkpt>
      <trkpt lat="44.914029541" lon="4.863856563">
        <ele>104.6</ele>
      </trkpt>
      <trkpt lat="44.914358486" lon="4.863943731">
        <ele>104.88</ele>
      </trkpt>
      <trkpt lat="44.914717394" lon="4.864079409">
        <ele>105.29</ele>
      </trkpt>
      <trkpt lat="44.915077411" lon="4.86389138">
        <ele>105.67</ele>
      </trkpt>
      <trkpt lat="44.915339066" lon="4.863740809">
        <ele>106.16</ele>
      </trkpt>
      <trkpt lat="44.916241843" lon="4.863795926">
        <ele>106.61</ele>
      </trkpt>
      <trkpt lat="44.916442633" lon="4.863621623">
        <ele>106.64</ele>
      </trkpt>
      <trkpt lat="44.916731263" lon="4.863521873">
        <ele>106.33</ele>
      </trkpt>
      <trkpt lat="44.916344911" lon="4.86353789">
        <ele>106.32</ele>
      </trkpt>
      <trkpt lat="44.916003877" lon="4.863526561">
        <ele>106.17</ele>
      </trkpt>
      <trkpt lat="44.915610126" lon="4.863475919">
        <ele>105.97</ele>
      </trkpt>
      <trkpt lat="44.915370407" lon="4.863415087">
        <ele>106.39</ele>
      </trkpt>
      <trkpt lat="44.914746444" lon="4.863256749">
        <ele>106.28</ele>
      </trkpt>
      <trkpt lat="44.913774704" lon="4.863001803">
        <ele>105.68</ele>
      </trkpt>
      <trkpt lat="44.91308736" lon="4.862821734">
        <ele>105.46</ele>
      </trkpt>
      <trkpt lat="44.912646511" lon="4.862755085">
        <ele>105.16</ele>
      </trkpt>
      <trkpt lat="44.912264937" lon="4.862770558">
        <ele>104.25</ele>
      </trkpt>
      <trkpt lat="44.911970805" lon="4.862807764">
        <ele>104.53</ele>
      </trkpt>
      <trkpt lat="44.911535803" lon="4.862943548">
        <ele>105.89</ele>
      </trkpt>
      <trkpt lat="44.911068744" lon="4.863172158">
        <ele>106.48</ele>
      </trkpt>
      <trkpt lat="44.910670973" lon="4.863460743">
        <ele>107.09</ele>
      </trkpt>
      <trkpt lat="44.910374732" lon="4.863734061">
        <ele>108.03</ele>
      </trkpt>
      <trkpt lat="44.910306803" lon="4.863808082">
        <ele>108.18</ele>
      </trkpt>
      <trkpt lat="44.910306788" lon="4.863808099">
        <ele>108.66</ele>
      </trkpt>
      <trkpt lat="44.910255776" lon="4.863863687">
        <ele>107.51</ele>
      </trkpt>
      <trkpt lat="44.90983909" lon="4.86439641">
        <ele>106.22</ele>
      </trkpt>
      <trkpt lat="44.908244051" lon="4.866925319">
        <ele>107.08</ele>
      </trkpt>
      <trkpt lat="44.908175027" lon="4.867034749">
        <ele>107.74</ele>
      </trkpt>
      <trkpt lat="44.906581945" lon="4.869553158">
        <ele>107.65</ele>
      </trkpt>
      <trkpt lat="44.906388864" lon="4.869859115">
        <ele>108.56</ele>
      </trkpt>
      <trkpt lat="44.906218418" lon="4.8701292">
        <ele>109.47</ele>
      </trkpt>
      <trkpt lat="44.906000862" lon="4.870473932">
        <ele>108.7</ele>
      </trkpt>
      <trkpt lat="44.906000861" lon="4.870473934">
        <ele>107.91</ele>
      </trkpt>
      <trkpt lat="44.905937051" lon="4.870575045">
        <ele>107.01</ele>
      </trkpt>
      <trkpt lat="44.905177246" lon="4.871778966">
        <ele>106.99</ele>
      </trkpt>
      <trkpt lat="44.90607786" lon="4.872526405">
        <ele>106.98</ele>
      </trkpt>
      <trkpt lat="44.906269896" lon="4.871180832">
        <ele>106.5</ele>
      </trkpt>
      <trkpt lat="44.906374597" lon="4.871068568">
        <ele>106.54</ele>
      </trkpt>
      <trkpt lat="44.906431203" lon="4.871013353">
        <ele>106.51</ele>
      </trkpt>
      <trkpt lat="44.906588209" lon="4.870860206">
        <ele>106.68</ele>
      </trkpt>
      <trkpt lat="44.906621731" lon="4.870750607">
        <ele>106.87</ele>
      </trkpt>
      <trkpt lat="44.906725139" lon="4.870374453">
        <ele>107.72</ele>
      </trkpt>
      <trkpt lat="44.906831368" lon="4.87001277">
        <ele>108.73</ele>
      </trkpt>
      <trkpt lat="44.90701347" lon="4.869757144">
        <ele>109.9</ele>
      </trkpt>
      <trkpt lat="44.907187305" lon="4.869506991">
        <ele>110.28</ele>
      </trkpt>
      <trkpt lat="44.907327804" lon="4.869537555">
        <ele>110.87</ele>
      </trkpt>
      <trkpt lat="44.90743222" lon="4.869587047">
        <ele>110.63</ele>
      </trkpt>
      <trkpt lat="44.907641029" lon="4.86978942">
        <ele>110.13</ele>
      </trkpt>
      <trkpt lat="44.908223497" lon="4.870353947">
        <ele>109.65</ele>
      </trkpt>
      <trkpt lat="44.908345275" lon="4.870463133">
        <ele>109.62</ele>
      </trkpt>
      <trkpt lat="44.908966395" lon="4.871020038">
        <ele>109.29</ele>
      </trkpt>
      <trkpt lat="44.909440052" lon="4.871394402">
        <ele>109.16</ele>
      </trkpt>
      <trkpt lat="44.909570435" lon="4.871497454">
        <ele>109.59</ele>
      </trkpt>
      <trkpt lat="44.910182443" lon="4.871926255">
        <ele>109.89</ele>
      </trkpt>
      <trkpt lat="44.911090097" lon="4.872577757">
        <ele>109.8</ele>
      </trkpt>
      <trkpt lat="44.911219083" lon="4.87267068">
        <ele>110.43</ele>
      </trkpt>
      <trkpt lat="44.912004773" lon="4.873236704">
        <ele>111.06</ele>
      </trkpt>
      <trkpt lat="44.91264157" lon="4.873693033">
        <ele>110.83</ele>
      </trkpt>
      <trkpt lat="44.913122442" lon="4.874037631">
        <ele>110.55</ele>
      </trkpt>
      <trkpt lat="44.913625188" lon="4.874400999">
        <ele>110.55</ele>
      </trkpt>
      <trkpt lat="44.914022035" lon="4.874681741">
        <ele>109.95</ele>
      </trkpt>
      <trkpt lat="44.914458972" lon="4.874997204">
        <ele>109.29</ele>
      </trkpt>
      <trkpt lat="44.914600201" lon="4.87509945">
        <ele>108.82</ele>
      </trkpt>
      <trkpt lat="44.914743846" lon="4.875203445">
        <ele>108.56</ele>
      </trkpt>
      <trkpt lat="44.915128459" lon="4.87548235">
        <ele>108.54</ele>
      </trkpt>
      <trkpt lat="44.915566463" lon="4.875768628">
        <ele>108.23</ele>
      </trkpt>
      <trkpt lat="44.915605" lon="4.875793815">
        <ele>108.34</ele>
      </trkpt>
      <trkpt lat="44.915667986" lon="4.875724735">
        <ele>108.67</ele>
      </trkpt>
      <trkpt lat="44.915708818" lon="4.875614108">
        <ele>108.77</ele>
      </trkpt>
      <trkpt lat="44.915744015" lon="4.87551875">
        <ele>108.94</ele>
      </trkpt>
      <trkpt lat="44.91574418" lon="4.875518263">
        <ele>108.88</ele>
      </trkpt>
      <trkpt lat="44.915752213" lon="4.875494487">
        <ele>108.68</ele>
      </trkpt>
      <trkpt lat="44.915776821" lon="4.875421656">
        <ele>108.18</ele>
      </trkpt>
      <trkpt lat="44.915861252" lon="4.875171768">
        <ele>107.78</ele>
      </trkpt>
      <trkpt lat="44.916098062" lon="4.874581423">
        <ele>108.08</ele>
      </trkpt>
      <trkpt lat="44.916279584" lon="4.874179059">
        <ele>108.06</ele>
      </trkpt>
      <trkpt lat="44.916418824" lon="4.873860131">
        <ele>108.63</ele>
      </trkpt>
      <trkpt lat="44.916490015" lon="4.873758963">
        <ele>109.21</ele>
      </trkpt>
      <trkpt lat="44.916593353" lon="4.873690508">
        <ele>109.54</ele>
      </trkpt>
      <trkpt lat="44.916779269" lon="4.873633439">
        <ele>109.05</ele>
      </trkpt>
      <trkpt lat="44.916887347" lon="4.873533003">
        <ele>109.06</ele>
      </trkpt>
      <trkpt lat="44.916963014" lon="4.873462685">
        <ele>107.61</ele>
      </trkpt>
      <trkpt lat="44.917142774" lon="4.873346444">
        <ele>107.51</ele>
      </trkpt>
      <trkpt lat="44.91727945" lon="4.873300674">
        <ele>109.17</ele>
      </trkpt>
      <trkpt lat="44.917461744" lon="4.87327656">
        <ele>110.39</ele>
      </trkpt>
      <trkpt lat="44.917646327" lon="4.873298545">
        <ele>110.73</ele>
      </trkpt>
      <trkpt lat="44.918020237" lon="4.873393941">
        <ele>111.37</ele>
      </trkpt>
      <trkpt lat="44.918567453" lon="4.873635641">
        <ele>111.24</ele>
      </trkpt>
      <trkpt lat="44.918741023" lon="4.873704719">
        <ele>109.17</ele>
      </trkpt>
      <trkpt lat="44.919032308" lon="4.873822315">
        <ele>107.24</ele>
      </trkpt>
      <trkpt lat="44.91939282" lon="4.873955168">
        <ele>106.59</ele>
      </trkpt>
      <trkpt lat="44.919869109" lon="4.874251535">
        <ele>106.21</ele>
      </trkpt>
      <trkpt lat="44.920153499" lon="4.874409807">
        <ele>105.73</ele>
      </trkpt>
      <trkpt lat="44.920372241" lon="4.874531544">
        <ele>105.51</ele>
      </trkpt>
      <trkpt lat="44.920542804" lon="4.874666217">
        <ele>105.5</ele>
      </trkpt>
      <trkpt lat="44.920606191" lon="4.874716266">
        <ele>105.69</ele>
      </trkpt>
      <trkpt lat="44.920966005" lon="4.875011628">
        <ele>105.82</ele>
      </trkpt>
      <trkpt lat="44.921397154" lon="4.875355475">
        <ele>106.15</ele>
      </trkpt>
      <trkpt lat="44.92151753" lon="4.875451478">
        <ele>106.38</ele>
      </trkpt>
      <trkpt lat="44.922112678" lon="4.875970462">
        <ele>107.09</ele>
      </trkpt>
      <trkpt lat="44.922604508" lon="4.876411642">
        <ele>107.73</ele>
      </trkpt>
      <trkpt lat="44.922741675" lon="4.876510552">
        <ele>109.1</ele>
      </trkpt>
      <trkpt lat="44.923282441" lon="4.876832302">
        <ele>110.03</ele>
      </trkpt>
      <trkpt lat="44.923679504" lon="4.877220992">
        <ele>110.59</ele>
      </trkpt>
      <trkpt lat="44.92382216" lon="4.877362616">
        <ele>111.01</ele>
      </trkpt>
      <trkpt lat="44.924142802" lon="4.877680943">
        <ele>110.94</ele>
      </trkpt>
      <trkpt lat="44.924280959" lon="4.877842268">
        <ele>110.33</ele>
      </trkpt>
      <trkpt lat="44.924406026" lon="4.877947219">
        <ele>110.13</ele>
      </trkpt>
      <trkpt lat="44.924596397" lon="4.878110373">
        <ele>109.98</ele>
      </trkpt>
      <trkpt lat="44.924699475" lon="4.878299372">
        <ele>109.83</ele>
      </trkpt>
      <trkpt lat="44.924815828" lon="4.878428405">
        <ele>109.83</ele>
      </trkpt>
      <trkpt lat="44.924941322" lon="4.878500211">
        <ele>109.78</ele>
      </trkpt>
      <trkpt lat="44.925090769" lon="4.878666313">
        <ele>109.31</ele>
      </trkpt>
      <trkpt lat="44.925247194" lon="4.878782306">
        <ele>109.31</ele>
      </trkpt>
      <trkpt lat="44.925391339" lon="4.878899328">
        <ele>109.15</ele>
      </trkpt>
      <trkpt lat="44.925548178" lon="4.879051295">
        <ele>109.01</ele>
      </trkpt>
      <trkpt lat="44.925635399" lon="4.87915059">
        <ele>108.93</ele>
      </trkpt>
      <trkpt lat="44.925745231" lon="4.879260699">
        <ele>108.93</ele>
      </trkpt>
      <trkpt lat="44.926015457" lon="4.879517165">
        <ele>109.08</ele>
      </trkpt>
      <trkpt lat="44.926273911" lon="4.879763162">
        <ele>108.99</ele>
      </trkpt>
      <trkpt lat="44.926466176" lon="4.879935021">
        <ele>108.61</ele>
      </trkpt>
      <trkpt lat="44.926584786" lon="4.88003447">
        <ele>108.58</ele>
      </trkpt>
      <trkpt lat="44.927034435" lon="4.880411483">
        <ele>108.5</ele>
      </trkpt>
      <trkpt lat="44.927192971" lon="4.880541621">
        <ele>108.19</ele>
      </trkpt>
      <trkpt lat="44.927639142" lon="4.880907878">
        <ele>108.37</ele>
      </trkpt>
      <trkpt lat="44.927953591" lon="4.881165835">
        <ele>108.67</ele>
      </trkpt>
      <trkpt lat="44.928224651" lon="4.881385475">
        <ele>108.48</ele>
      </trkpt>
      <trkpt lat="44.928442481" lon="4.881561984">
        <ele>108.71</ele>
      </trkpt>
      <trkpt lat="44.928909775" lon="4.881966045">
        <ele>109.02</ele>
      </trkpt>
      <trkpt lat="44.92935803" lon="4.882347898">
        <ele>108.86</ele>
      </trkpt>
      <trkpt lat="44.929502151" lon="4.882461989">
        <ele>109.26</ele>
      </trkpt>
      <trkpt lat="44.929621698" lon="4.882560053">
        <ele>109.65</ele>
      </trkpt>
      <trkpt lat="44.929042476" lon="4.883111108">
        <ele>109.4</ele>
      </trkpt>
      <trkpt lat="44.929122424" lon="4.883162978">
        <ele>109.09</ele>
      </trkpt>
      <trkpt lat="44.929204663" lon="4.883238301">
        <ele>108.86</ele>
      </trkpt>
      <trkpt lat="44.929428609" lon="4.883334818">
        <ele>108.62</ele>
      </trkpt>
      <trkpt lat="44.929654947" lon="4.883459733">
        <ele>109.12</ele>
      </trkpt>
      <trkpt lat="44.930245476" lon="4.883838263">
        <ele>109.69</ele>
      </trkpt>
      <trkpt lat="44.930457519" lon="4.884004493">
        <ele>110.09</ele>
      </trkpt>
      <trkpt lat="44.930816432" lon="4.884318438">
        <ele>110.78</ele>
      </trkpt>
      <trkpt lat="44.93098379" lon="4.884447446">
        <ele>111.18</ele>
      </trkpt>
      <trkpt lat="44.931097947" lon="4.884578713">
        <ele>111.27</ele>
      </trkpt>
      <trkpt lat="44.931127482" lon="4.884701067">
        <ele>111.01</ele>
      </trkpt>
      <trkpt lat="44.931077446" lon="4.885025041">
        <ele>110.82</ele>
      </trkpt>
      <trkpt lat="44.930945632" lon="4.885553592">
        <ele>110.59</ele>
      </trkpt>
      <trkpt lat="44.930894049" lon="4.885672209">
        <ele>110.89</ele>
      </trkpt>
      <trkpt lat="44.930877665" lon="4.885790997">
        <ele>110.79</ele>
      </trkpt>
      <trkpt lat="44.930775298" lon="4.886235076">
        <ele>111.21</ele>
      </trkpt>
      <trkpt lat="44.93082324" lon="4.886267534">
        <ele>111.23</ele>
      </trkpt>
      <trkpt lat="44.93080004" lon="4.886449302">
        <ele>112.05</ele>
      </trkpt>
      <trkpt lat="44.930748" lon="4.886757">
        <ele>112.4</ele>
      </trkpt>
      <trkpt lat="44.930806" lon="4.886796">
        <ele>112.64</ele>
      </trkpt>
      <trkpt lat="44.93086" lon="4.886826">
        <ele>116.25</ele>
        <extensions>
          <gpxtpx:TrackPointExtension>
            <gpxtpx:Extensions>
              <highway>primary</highway>
              <surface>asphalt</surface>
              <oneway>yes</oneway>
            </gpxtpx:Extensions>
          </gpxtpx:TrackPointExtension>
        </extensions>
      </trkpt>
      <trkpt lat="44.930845" lon="4.886883">
        <ele>116.25</ele>
        <extensions>
          <gpxtpx:TrackPointExtension>
            <gpxtpx:Extensions>
              <highway>primary</highway>
              <surface>asphalt</surface>
              <oneway>yes</oneway>
            </gpxtpx:Extensions>
          </gpxtpx:TrackPointExtension>
        </extensions>
      </trkpt>
      <trkpt lat="44.930738" lon="4.887323">
        <ele>117.5</ele>
        <extensions>
          <gpxtpx:TrackPointExtension>
            <gpxtpx:Extensions>
              <highway>primary</highway>
              <surface>asphalt</surface>
              <oneway>yes</oneway>
            </gpxtpx:Extensions>
          </gpxtpx:TrackPointExtension>
        </extensions>
      </trkpt>
      <trkpt lat="44.930544" lon="4.888199">
        <ele>120.25</ele>
        <extensions>
          <gpxtpx:TrackPointExtension>
            <gpxtpx:Extensions>
              <highway>primary</highway>
              <surface>asphalt</surface>
              <oneway>yes</oneway>
            </gpxtpx:Extensions>
          </gpxtpx:TrackPointExtension>
        </extensions>
      </trkpt>
      <trkpt lat="44.930507" lon="4.8884">
        <ele>121</ele>
        <extensions>
          <gpxtpx:TrackPointExtension>
            <gpxtpx:Extensions>
              <highway>primary</highway>
              <surface>asphalt</surface>
              <oneway>yes</oneway>
            </gpxtpx:Extensions>
          </gpxtpx:TrackPointExtension>
        </extensions>
      </trkpt>
      <trkpt lat="44.930496" lon="4.888462">
        <ele>121.25</ele>
        <extensions>
          <gpxtpx:TrackPointExtension>
            <gpxtpx:Extensions>
              <highway>primary</highway>
              <surface>asphalt</surface>
              <oneway>yes</oneway>
            </gpxtpx:Extensions>
          </gpxtpx:TrackPointExtension>
        </extensions>
      </trkpt>
      <trkpt lat="44.930481" lon="4.888542">
        <ele>121.75</ele>
        <extensions>
          <gpxtpx:TrackPointExtension>
            <gpxtpx:Extensions>
              <highway>primary</highway>
              <surface>asphalt</surface>
              <oneway>yes</oneway>
            </gpxtpx:Extensions>
          </gpxtpx:TrackPointExtension>
        </extensions>
      </trkpt>
      <trkpt lat="44.930469" lon="4.88886">
        <ele>123.25</ele>
        <extensions>
          <gpxtpx:TrackPointExtension>
            <gpxtpx:Extensions>
              <highway>primary</highway>
              <surface>asphalt</surface>
              <cycleway>no</cycleway>
              <smoothness>good</smoothness>
            </gpxtpx:Extensions>
          </gpxtpx:TrackPointExtension>
        </extensions>
      </trkpt>
      <trkpt lat="44.930447" lon="4.889669">
        <ele>126.25</ele>
        <extensions>
          <gpxtpx:TrackPointExtension>
            <gpxtpx:Extensions>
              <highway>primary</highway>
              <surface>asphalt</surface>
            </gpxtpx:Extensions>
          </gpxtpx:TrackPointExtension>
        </extensions>
      </trkpt>
      <trkpt lat="44.930439" lon="4.889904">
        <ele>127</ele>
        <extensions>
          <gpxtpx:TrackPointExtension>
            <gpxtpx:Extensions>
              <highway>primary</highway>
              <surface>asphalt</surface>
            </gpxtpx:Extensions>
          </gpxtpx:TrackPointExtension>
        </extensions>
      </trkpt>
      <trkpt lat="44.930435" lon="4.890007">
        <ele>127.5</ele>
        <extensions>
          <gpxtpx:TrackPointExtension>
            <gpxtpx:Extensions>
              <reversedirection>yes</reversedirection>
              <highway>primary</highway>
              <surface>asphalt</surface>
            </gpxtpx:Extensions>
          </gpxtpx:TrackPointExtension>
        </extensions>
      </trkpt>
      <trkpt lat="44.930432" lon="4.890103">
        <ele>127.75</ele>
        <extensions>
          <gpxtpx:TrackPointExtension>
            <gpxtpx:Extensions>
              <highway>primary</highway>
              <surface>asphalt</surface>
              <cycleway>no</cycleway>
            </gpxtpx:Extensions>
          </gpxtpx:TrackPointExtension>
        </extensions>
      </trkpt>
      <trkpt lat="44.930429" lon="4.890192">
        <ele>128</ele>
        <extensions>
          <gpxtpx:TrackPointExtension>
            <gpxtpx:Extensions>
              <highway>primary</highway>
              <surface>asphalt</surface>
              <cycleway>no</cycleway>
            </gpxtpx:Extensions>
          </gpxtpx:TrackPointExtension>
        </extensions>
      </trkpt>
      <trkpt lat="44.930427" lon="4.890241">
        <ele>128.25</ele>
        <extensions>
          <gpxtpx:TrackPointExtension>
            <gpxtpx:Extensions>
              <highway>primary</highway>
              <surface>asphalt</surface>
              <cycleway>no</cycleway>
            </gpxtpx:Extensions>
          </gpxtpx:TrackPointExtension>
        </extensions>
      </trkpt>
      <trkpt lat="44.930401" lon="4.891207">
        <ele>129.75</ele>
        <extensions>
          <gpxtpx:TrackPointExtension>
            <gpxtpx:Extensions>
              <highway>primary</highway>
              <surface>asphalt</surface>
              <cycleway>no</cycleway>
            </gpxtpx:Extensions>
          </gpxtpx:TrackPointExtension>
        </extensions>
      </trkpt>
      <trkpt lat="44.930398" lon="4.891325">
        <ele>129.5</ele>
        <extensions>
          <gpxtpx:TrackPointExtension>
            <gpxtpx:Extensions>
              <highway>primary</highway>
              <surface>asphalt</surface>
              <cycleway>no</cycleway>
            </gpxtpx:Extensions>
          </gpxtpx:TrackPointExtension>
        </extensions>
      </trkpt>
      <trkpt lat="44.930393" lon="4.891514">
        <ele>129</ele>
        <extensions>
          <gpxtpx:TrackPointExtension>
            <gpxtpx:Extensions>
              <highway>primary</highway>
              <surface>asphalt</surface>
              <cycleway>no</cycleway>
            </gpxtpx:Extensions>
          </gpxtpx:TrackPointExtension>
        </extensions>
      </trkpt>
      <trkpt lat="44.930374" lon="4.892199">
        <ele>128.25</ele>
        <extensions>
          <gpxtpx:TrackPointExtension>
            <gpxtpx:Extensions>
              <highway>primary</highway>
              <surface>asphalt</surface>
              <cycleway>no</cycleway>
            </gpxtpx:Extensions>
          </gpxtpx:TrackPointExtension>
        </extensions>
      </trkpt>
      <trkpt lat="44.930357" lon="4.892798">
        <ele>128</ele>
        <extensions>
          <gpxtpx:TrackPointExtension>
            <gpxtpx:Extensions>
              <highway>primary</highway>
              <surface>asphalt</surface>
              <cycleway>no</cycleway>
            </gpxtpx:Extensions>
          </gpxtpx:TrackPointExtension>
        </extensions>
      </trkpt>
      <trkpt lat="44.930353" lon="4.892944">
        <ele>127.75</ele>
        <extensions>
          <gpxtpx:TrackPointExtension>
            <gpxtpx:Extensions>
              <highway>primary</highway>
              <surface>asphalt</surface>
              <cycleway>no</cycleway>
            </gpxtpx:Extensions>
          </gpxtpx:TrackPointExtension>
        </extensions>
      </trkpt>
      <trkpt lat="44.930314" lon="4.894334">
        <ele>130.75</ele>
        <extensions>
          <gpxtpx:TrackPointExtension>
            <gpxtpx:Extensions>
              <highway>primary</highway>
              <surface>asphalt</surface>
              <cycleway>no</cycleway>
            </gpxtpx:Extensions>
          </gpxtpx:TrackPointExtension>
        </extensions>
      </trkpt>
      <trkpt lat="44.930311" lon="4.89438">
        <ele>130.75</ele>
        <extensions>
          <gpxtpx:TrackPointExtension>
            <gpxtpx:Extensions>
              <highway>primary</highway>
              <surface>asphalt</surface>
              <cycleway>no</cycleway>
            </gpxtpx:Extensions>
          </gpxtpx:TrackPointExtension>
        </extensions>
      </trkpt>
      <trkpt lat="44.930299" lon="4.894526">
        <ele>130.5</ele>
        <extensions>
          <gpxtpx:TrackPointExtension>
            <gpxtpx:Extensions>
              <highway>primary</highway>
              <surface>asphalt</surface>
              <cycleway>no</cycleway>
              <route_bicycle_lcn>yes</route_bicycle_lcn>
            </gpxtpx:Extensions>
          </gpxtpx:TrackPointExtension>
        </extensions>
      </trkpt>
      <trkpt lat="44.930278" lon="4.89466">
        <ele>130.25</ele>
        <extensions>
          <gpxtpx:TrackPointExtension>
            <gpxtpx:Extensions>
              <highway>primary</highway>
              <surface>asphalt</surface>
            </gpxtpx:Extensions>
          </gpxtpx:TrackPointExtension>
        </extensions>
      </trkpt>
      <trkpt lat="44.930395" lon="4.894712">
        <ele>130.5</ele>
        <extensions>
          <gpxtpx:TrackPointExtension>
            <gpxtpx:Extensions>
              <highway>primary</highway>
              <surface>asphalt</surface>
            </gpxtpx:Extensions>
          </gpxtpx:TrackPointExtension>
        </extensions>
      </trkpt>
      <trkpt lat="44.930417" lon="4.894721">
        <ele>130.5</ele>
        <extensions>
          <gpxtpx:TrackPointExtension>
            <gpxtpx:Extensions>
              <highway>primary</highway>
              <surface>asphalt</surface>
            </gpxtpx:Extensions>
          </gpxtpx:TrackPointExtension>
        </extensions>
      </trkpt>
      <trkpt lat="44.931299" lon="4.895106">
        <ele>131.75</ele>
        <extensions>
          <gpxtpx:TrackPointExtension>
            <gpxtpx:Extensions>
              <highway>primary</highway>
              <surface>asphalt</surface>
            </gpxtpx:Extensions>
          </gpxtpx:TrackPointExtension>
        </extensions>
      </trkpt>
      <trkpt lat="44.931855" lon="4.89535">
        <ele>131.75</ele>
        <extensions>
          <gpxtpx:TrackPointExtension>
            <gpxtpx:Extensions>
              <highway>primary</highway>
              <surface>asphalt</surface>
            </gpxtpx:Extensions>
          </gpxtpx:TrackPointExtension>
        </extensions>
      </trkpt>
      <trkpt lat="44.931879" lon="4.895359">
        <ele>131.75</ele>
        <extensions>
          <gpxtpx:TrackPointExtension>
            <gpxtpx:Extensions>
              <highway>primary</highway>
              <surface>asphalt</surface>
            </gpxtpx:Extensions>
          </gpxtpx:TrackPointExtension>
        </extensions>
      </trkpt>
      <trkpt lat="44.932025" lon="4.895432">
        <ele>132</ele>
        <extensions>
          <gpxtpx:TrackPointExtension>
            <gpxtpx:Extensions>
              <reversedirection>yes</reversedirection>
              <highway>living_street</highway>
              <surface>asphalt</surface>
              <oneway>yes</oneway>
              <oneway_bicycle>no</oneway_bicycle>
              <route_bicycle_lcn>yes</route_bicycle_lcn>
            </gpxtpx:Extensions>
          </gpxtpx:TrackPointExtension>
        </extensions>
      </trkpt>
      <trkpt lat="44.931973" lon="4.895521">
        <ele>131.75</ele>
        <extensions>
          <gpxtpx:TrackPointExtension>
            <gpxtpx:Extensions>
              <reversedirection>yes</reversedirection>
              <highway>living_street</highway>
              <surface>asphalt</surface>
              <oneway>yes</oneway>
              <oneway_bicycle>no</oneway_bicycle>
              <route_bicycle_lcn>yes</route_bicycle_lcn>
            </gpxtpx:Extensions>
          </gpxtpx:TrackPointExtension>
        </extensions>
      </trkpt>
      <trkpt lat="44.931947" lon="4.895556">
        <ele>131.75</ele>
        <extensions>
          <gpxtpx:TrackPointExtension>
            <gpxtpx:Extensions>
              <reversedirection>yes</reversedirection>
              <highway>living_street</highway>
              <surface>asphalt</surface>
              <oneway>yes</oneway>
              <oneway_bicycle>no</oneway_bicycle>
              <route_bicycle_lcn>yes</route_bicycle_lcn>
            </gpxtpx:Extensions>
          </gpxtpx:TrackPointExtension>
        </extensions>
      </trkpt>
      <trkpt lat="44.931934" lon="4.89557">
        <ele>131.5</ele>
        <extensions>
          <gpxtpx:TrackPointExtension>
            <gpxtpx:Extensions>
              <reversedirection>yes</reversedirection>
              <highway>living_street</highway>
              <surface>asphalt</surface>
              <oneway>yes</oneway>
              <oneway_bicycle>no</oneway_bicycle>
              <route_bicycle_lcn>yes</route_bicycle_lcn>
            </gpxtpx:Extensions>
          </gpxtpx:TrackPointExtension>
        </extensions>
      </trkpt>
      <trkpt lat="44.931603" lon="4.895921">
        <ele>130.75</ele>
        <extensions>
          <gpxtpx:TrackPointExtension>
            <gpxtpx:Extensions>
              <reversedirection>yes</reversedirection>
              <highway>living_street</highway>
              <surface>asphalt</surface>
              <oneway>yes</oneway>
              <oneway_bicycle>no</oneway_bicycle>
              <route_bicycle_lcn>yes</route_bicycle_lcn>
            </gpxtpx:Extensions>
          </gpxtpx:TrackPointExtension>
        </extensions>
      </trkpt>
      <trkpt lat="44.931541" lon="4.895987">
        <ele>130.5</ele>
      </trkpt>
    </trkseg>
  </trk>
</gpx>
