<?xml version="1.0" encoding="UTF-8"?>
<gpx creator="Loopi" version="1.1" schemaLocation="http://www.topografix.com/GPX/1/1 http://www.topografix.com/GPX/1/1/gpx.xsd http://www.garmin.com/xmlschemas/GpxExtensions/v3 http://www.garmin.com/xmlschemas/GpxExtensionsv3.xsd http://www.garmin.com/xmlschemas/TrackPointExtension/v1 http://www.garmin.com/xmlschemas/TrackPointExtensionv1.xsd http://www.garmin.com/xmlschemas/PowerExtension/v1 http://www.garmin.com/xmlschemas/PowerExtensionv1.xsd http://www.topografix.com/GPX/gpx_style/0/2 http://www.topografix.com/GPX/gpx_style/0/2/gpx_style.xsd" xmlns="http://www.topografix.com/GPX/1/1" xmlns:xsi="http://www.w3.org/2001/XMLSchema-instance" xsi:schemaLocation="http://www.topografix.com/GPX/1/1 http://www.topografix.com/GPX/1/1/gpx.xsd http://www.garmin.com/xmlschemas/GpxExtensions/v3 http://www.garmin.com/xmlschemas/GpxExtensionsv3.xsd http://www.garmin.com/xmlschemas/TrackPointExtension/v1 http://www.garmin.com/xmlschemas/TrackPointExtensionv1.xsd http://www.garmin.com/xmlschemas/PowerExtension/v1 http://www.garmin.com/xmlschemas/PowerExtensionv1.xsd http://www.topografix.com/GPX/gpx_style/0/2 http://www.topografix.com/GPX/gpx_style/0/2/gpx_style.xsd" xmlns:gpxtpx="http://www.garmin.com/xmlschemas/TrackPointExtension/v1" xmlns:gpxx="http://www.garmin.com/xmlschemas/GpxExtensions/v3" xmlns:gpxpx="http://www.garmin.com/xmlschemas/PowerExtension/v1" xmlns:gpx_style="http://www.topografix.com/GPX/gpx_style/0/2">
  <metadata>
    <name>Step24</name>
    <author>
      <name>gpx.studio</name>
      <link href="https://gpx.studio"/>
    </author>
  </metadata>
  <trk>
    <name>Step24</name>
    <trkseg>
      <trkpt lat="50.067447801" lon="1.386896219">
        <ele>18.38</ele>
      </trkpt>
      <trkpt lat="50.069634471" lon="1.386771381">
        <ele>16.51</ele>
      </trkpt>
      <trkpt lat="50.069779553" lon="1.386488068">
        <ele>15.96</ele>
      </trkpt>
      <trkpt lat="50.067240457" lon="1.383765914">
        <ele>14.38</ele>
      </trkpt>
      <trkpt lat="50.065721815" lon="1.381622345">
        <ele>9.95</ele>
      </trkpt>
      <trkpt lat="50.064396562" lon="1.379430305">
        <ele>8.55</ele>
      </trkpt>
      <trkpt lat="50.064302676" lon="1.379379871">
        <ele>7.37</ele>
      </trkpt>
      <trkpt lat="50.064140597" lon="1.378859988">
        <ele>6.06</ele>
      </trkpt>
      <trkpt lat="50.063856037" lon="1.377947776">
        <ele>5.96</ele>
      </trkpt>
      <trkpt lat="50.063590889" lon="1.377107721">
        <ele>6.38</ele>
      </trkpt>
      <trkpt lat="50.063346962" lon="1.376349407">
        <ele>6.69</ele>
      </trkpt>
      <trkpt lat="50.063138048" lon="1.375689728">
        <ele>6.95</ele>
      </trkpt>
      <trkpt lat="50.063002089" lon="1.375410621">
        <ele>7.33</ele>
      </trkpt>
      <trkpt lat="50.062807042" lon="1.375152161">
        <ele>7.48</ele>
      </trkpt>
      <trkpt lat="50.062668274" lon="1.37508647">
        <ele>7.39</ele>
      </trkpt>
      <trkpt lat="50.062540794" lon="1.375086105">
        <ele>5.98</ele>
      </trkpt>
      <trkpt lat="50.062384364" lon="1.375171355">
        <ele>5.15</ele>
      </trkpt>
      <trkpt lat="50.062221808" lon="1.375390592">
        <ele>4.66</ele>
      </trkpt>
      <trkpt lat="50.062117751" lon="1.375742585">
        <ele>3.89</ele>
      </trkpt>
      <trkpt lat="50.062127314" lon="1.376045007">
        <ele>2.88</ele>
      </trkpt>
      <trkpt lat="50.062228503" lon="1.376547306">
        <ele>3.45</ele>
      </trkpt>
      <trkpt lat="50.062307498" lon="1.376939441">
        <ele>3.63</ele>
      </trkpt>
      <trkpt lat="50.062378617" lon="1.377292486">
        <ele>3.82</ele>
      </trkpt>
      <trkpt lat="50.062054908" lon="1.377428135">
        <ele>4.49</ele>
      </trkpt>
      <trkpt lat="50.06173426" lon="1.377444793">
        <ele>5.18</ele>
      </trkpt>
      <trkpt lat="50.061638517" lon="1.377499278">
        <ele>5.94</ele>
      </trkpt>
      <trkpt lat="50.061617286" lon="1.377346377">
        <ele>6.72</ele>
      </trkpt>
      <trkpt lat="50.061599417" lon="1.377073727">
        <ele>7.04</ele>
      </trkpt>
      <trkpt lat="50.061518861" lon="1.376374787">
        <ele>5.9</ele>
      </trkpt>
      <trkpt lat="50.0614786" lon="1.376206233">
        <ele>5.2</ele>
      </trkpt>
      <trkpt lat="50.06048279" lon="1.375315023">
        <ele>4.04</ele>
      </trkpt>
      <trkpt lat="50.060427095" lon="1.375563007">
        <ele>2.79</ele>
      </trkpt>
      <trkpt lat="50.060483649" lon="1.37609772">
        <ele>1.56</ele>
      </trkpt>
      <trkpt lat="50.060560695" lon="1.376626577">
        <ele>1.73</ele>
      </trkpt>
      <trkpt lat="50.060369117" lon="1.376710513">
        <ele>1.45</ele>
      </trkpt>
      <trkpt lat="50.060219541" lon="1.376730298">
        <ele>2.22</ele>
      </trkpt>
      <trkpt lat="50.060211273" lon="1.377166644">
        <ele>4.73</ele>
      </trkpt>
      <trkpt lat="50.059928601" lon="1.377198204">
        <ele>5</ele>
      </trkpt>
      <trkpt lat="50.060125112" lon="1.375153237">
        <ele>6.25</ele>
      </trkpt>
      <trkpt lat="50.060171946" lon="1.37466262">
        <ele>7.28</ele>
      </trkpt>
      <trkpt lat="50.060267138" lon="1.374323126">
        <ele>9.86</ele>
      </trkpt>
      <trkpt lat="50.060278472" lon="1.374282702">
        <ele>8.59</ele>
      </trkpt>
      <trkpt lat="50.060283783" lon="1.374045547">
        <ele>12.09</ele>
      </trkpt>
      <trkpt lat="50.060293527" lon="1.373801336">
        <ele>15.2</ele>
      </trkpt>
      <trkpt lat="50.060326145" lon="1.373498122">
        <ele>16.55</ele>
      </trkpt>
      <trkpt lat="50.060397717" lon="1.373125838">
        <ele>23.2</ele>
      </trkpt>
      <trkpt lat="50.06049184" lon="1.372707519">
        <ele>12.88</ele>
      </trkpt>
      <trkpt lat="50.06049184" lon="1.372707519">
        <ele>12.88</ele>
      </trkpt>
      <trkpt lat="50.060136644" lon="1.372469865">
        <ele>27.32</ele>
      </trkpt>
      <trkpt lat="50.059969345" lon="1.372339312">
        <ele>24.18</ele>
      </trkpt>
      <trkpt lat="50.059745533" lon="1.372196005">
        <ele>27.19</ele>
      </trkpt>
      <trkpt lat="50.059571015" lon="1.372116694">
        <ele>27.3</ele>
      </trkpt>
      <trkpt lat="50.059456476" lon="1.372163501">
        <ele>27.77</ele>
      </trkpt>
      <trkpt lat="50.059293355" lon="1.372197289">
        <ele>27.97</ele>
      </trkpt>
      <trkpt lat="50.059185766" lon="1.372214679">
        <ele>28.87</ele>
      </trkpt>
      <trkpt lat="50.059034892" lon="1.372207796">
        <ele>29.53</ele>
      </trkpt>
      <trkpt lat="50.058890105" lon="1.372175697">
        <ele>30.25</ele>
      </trkpt>
      <trkpt lat="50.05872825" lon="1.372142529">
        <ele>31.91</ele>
      </trkpt>
      <trkpt lat="50.058590544" lon="1.372097747">
        <ele>33.22</ele>
      </trkpt>
      <trkpt lat="50.058452028" lon="1.372064135">
        <ele>33.91</ele>
      </trkpt>
      <trkpt lat="50.058314486" lon="1.372040265">
        <ele>35.2</ele>
      </trkpt>
      <trkpt lat="50.058202044" lon="1.372011733">
        <ele>36.29</ele>
      </trkpt>
      <trkpt lat="50.058079773" lon="1.371988967">
        <ele>37.06</ele>
      </trkpt>
      <trkpt lat="50.057933156" lon="1.371952722">
        <ele>38.83</ele>
      </trkpt>
      <trkpt lat="50.057470954" lon="1.371855567">
        <ele>41.73</ele>
      </trkpt>
      <trkpt lat="50.056914395" lon="1.37176209">
        <ele>44.98</ele>
      </trkpt>
      <trkpt lat="50.056450671" lon="1.371684008">
        <ele>48.54</ele>
      </trkpt>
      <trkpt lat="50.056213154" lon="1.371618825">
        <ele>50.68</ele>
      </trkpt>
      <trkpt lat="50.056232789" lon="1.371037017">
        <ele>52.43</ele>
      </trkpt>
      <trkpt lat="50.056391058" lon="1.370841585">
        <ele>53.88</ele>
      </trkpt>
      <trkpt lat="50.056672017" lon="1.370491482">
        <ele>56.53</ele>
      </trkpt>
      <trkpt lat="50.05697361" lon="1.370154196">
        <ele>60.63</ele>
      </trkpt>
      <trkpt lat="50.057302826" lon="1.369782583">
        <ele>63.4</ele>
      </trkpt>
      <trkpt lat="50.057505732" lon="1.369558396">
        <ele>66.8</ele>
      </trkpt>
      <trkpt lat="50.057760988" lon="1.369256514">
        <ele>71.18</ele>
      </trkpt>
      <trkpt lat="50.057966108" lon="1.369085266">
        <ele>71.74</ele>
      </trkpt>
      <trkpt lat="50.058137793" lon="1.368999712">
        <ele>71.4</ele>
      </trkpt>
      <trkpt lat="50.058505964" lon="1.368899243">
        <ele>74.1</ele>
      </trkpt>
      <trkpt lat="50.058936988" lon="1.368800359">
        <ele>76.11</ele>
      </trkpt>
      <trkpt lat="50.059342846" lon="1.368697772">
        <ele>76.4</ele>
      </trkpt>
      <trkpt lat="50.059414633" lon="1.368580661">
        <ele>78.02</ele>
      </trkpt>
      <trkpt lat="50.05940045" lon="1.368490296">
        <ele>79.44</ele>
      </trkpt>
      <trkpt lat="50.059331735" lon="1.368428863">
        <ele>79.88</ele>
      </trkpt>
      <trkpt lat="50.059144793" lon="1.368401765">
        <ele>81.1</ele>
      </trkpt>
      <trkpt lat="50.058629807" lon="1.368327962">
        <ele>83.03</ele>
      </trkpt>
      <trkpt lat="50.057953144" lon="1.368243313">
        <ele>85.06</ele>
      </trkpt>
      <trkpt lat="50.057514541" lon="1.368179205">
        <ele>86.97</ele>
      </trkpt>
      <trkpt lat="50.05742691" lon="1.368109771">
        <ele>88.88</ele>
      </trkpt>
      <trkpt lat="50.057759843" lon="1.367867747">
        <ele>90.16</ele>
      </trkpt>
      <trkpt lat="50.058115857" lon="1.367593207">
        <ele>91.04</ele>
      </trkpt>
      <trkpt lat="50.058666692" lon="1.367185612">
        <ele>92.23</ele>
      </trkpt>
      <trkpt lat="50.05883163" lon="1.367063564">
        <ele>93.02</ele>
      </trkpt>
      <trkpt lat="50.058958091" lon="1.366935643">
        <ele>93.71</ele>
      </trkpt>
      <trkpt lat="50.059010328" lon="1.366844006">
        <ele>93.98</ele>
      </trkpt>
      <trkpt lat="50.059077104" lon="1.366661452">
        <ele>94.04</ele>
      </trkpt>
      <trkpt lat="50.059111656" lon="1.366490672">
        <ele>94.18</ele>
      </trkpt>
      <trkpt lat="50.059121839" lon="1.366303627">
        <ele>94.28</ele>
      </trkpt>
      <trkpt lat="50.05910864" lon="1.366111453">
        <ele>94.74</ele>
      </trkpt>
      <trkpt lat="50.059088903" lon="1.366000279">
        <ele>95.79</ele>
      </trkpt>
      <trkpt lat="50.058974375" lon="1.365629509">
        <ele>97.14</ele>
      </trkpt>
      <trkpt lat="50.058353472" lon="1.36350847">
        <ele>98.36</ele>
      </trkpt>
      <trkpt lat="50.057635515" lon="1.361053084">
        <ele>99.46</ele>
      </trkpt>
      <trkpt lat="50.057294528" lon="1.35986518">
        <ele>99.8</ele>
      </trkpt>
      <trkpt lat="50.056877424" lon="1.358424032">
        <ele>99.34</ele>
      </trkpt>
      <trkpt lat="50.05616282" lon="1.356005467">
        <ele>98.72</ele>
      </trkpt>
      <trkpt lat="50.056082979" lon="1.355746963">
        <ele>98.16</ele>
      </trkpt>
      <trkpt lat="50.056036889" lon="1.35559727">
        <ele>97.45</ele>
      </trkpt>
      <trkpt lat="50.055991034" lon="1.355476853">
        <ele>97.21</ele>
      </trkpt>
      <trkpt lat="50.055927956" lon="1.355335857">
        <ele>96.72</ele>
      </trkpt>
      <trkpt lat="50.055867627" lon="1.355201778">
        <ele>95.36</ele>
      </trkpt>
      <trkpt lat="50.054928119" lon="1.352862969">
        <ele>93.69</ele>
      </trkpt>
      <trkpt lat="50.05355412" lon="1.349457956">
        <ele>91.77</ele>
      </trkpt>
      <trkpt lat="50.053167782" lon="1.348498622">
        <ele>88.73</ele>
      </trkpt>
      <trkpt lat="50.052532036" lon="1.34691788">
        <ele>85.97</ele>
      </trkpt>
      <trkpt lat="50.051128723" lon="1.343445975">
        <ele>83.92</ele>
      </trkpt>
      <trkpt lat="50.050915477" lon="1.342916855">
        <ele>81.64</ele>
      </trkpt>
      <trkpt lat="50.050868197" lon="1.342799542">
        <ele>79</ele>
      </trkpt>
      <trkpt lat="50.050267905" lon="1.341310119">
        <ele>77.48</ele>
      </trkpt>
      <trkpt lat="50.049408866" lon="1.339175299">
        <ele>75.97</ele>
      </trkpt>
      <trkpt lat="50.049345976" lon="1.339019014">
        <ele>73.15</ele>
      </trkpt>
      <trkpt lat="50.049045676" lon="1.338272775">
        <ele>70.44</ele>
      </trkpt>
      <trkpt lat="50.048742361" lon="1.337520359">
        <ele>68.86</ele>
      </trkpt>
      <trkpt lat="50.048592345" lon="1.337180368">
        <ele>65.9</ele>
      </trkpt>
      <trkpt lat="50.048530516" lon="1.337060392">
        <ele>63.27</ele>
      </trkpt>
      <trkpt lat="50.048424674" lon="1.336876975">
        <ele>62.21</ele>
      </trkpt>
      <trkpt lat="50.04834835" lon="1.336765561">
        <ele>60.18</ele>
      </trkpt>
      <trkpt lat="50.048273038" lon="1.336668068">
        <ele>58.26</ele>
      </trkpt>
      <trkpt lat="50.048162502" lon="1.336544783">
        <ele>56.43</ele>
      </trkpt>
      <trkpt lat="50.047931816" lon="1.336333223">
        <ele>53.78</ele>
      </trkpt>
      <trkpt lat="50.047570492" lon="1.336026637">
        <ele>50.75</ele>
      </trkpt>
      <trkpt lat="50.046817253" lon="1.335398966">
        <ele>49.14</ele>
      </trkpt>
      <trkpt lat="50.046621953" lon="1.335229967">
        <ele>47.2</ele>
      </trkpt>
      <trkpt lat="50.046499769" lon="1.335109709">
        <ele>46.51</ele>
      </trkpt>
      <trkpt lat="50.046412855" lon="1.335020816">
        <ele>46.53</ele>
      </trkpt>
      <trkpt lat="50.046339279" lon="1.334916325">
        <ele>46.82</ele>
      </trkpt>
      <trkpt lat="50.0462801" lon="1.33481573">
        <ele>46.83</ele>
      </trkpt>
      <trkpt lat="50.046238986" lon="1.334728719">
        <ele>46.69</ele>
      </trkpt>
      <trkpt lat="50.046191086" lon="1.334580503">
        <ele>46.23</ele>
      </trkpt>
      <trkpt lat="50.046112666" lon="1.334296366">
        <ele>45.03</ele>
      </trkpt>
      <trkpt lat="50.045989131" lon="1.333820565">
        <ele>43.63</ele>
      </trkpt>
      <trkpt lat="50.045807681" lon="1.332934762">
        <ele>41.88</ele>
      </trkpt>
      <trkpt lat="50.045690746" lon="1.332315343">
        <ele>40.01</ele>
      </trkpt>
      <trkpt lat="50.045608679" lon="1.331880635">
        <ele>38.24</ele>
      </trkpt>
      <trkpt lat="50.045581278" lon="1.331694065">
        <ele>36.95</ele>
      </trkpt>
      <trkpt lat="50.045527835" lon="1.331330201">
        <ele>35.65</ele>
      </trkpt>
      <trkpt lat="50.045497549" lon="1.331141214">
        <ele>34.85</ele>
      </trkpt>
      <trkpt lat="50.045465399" lon="1.3309439">
        <ele>34.33</ele>
      </trkpt>
      <trkpt lat="50.045445652" lon="1.330835558">
        <ele>33.19</ele>
      </trkpt>
      <trkpt lat="50.045421706" lon="1.330762151">
        <ele>32.23</ele>
      </trkpt>
      <trkpt lat="50.04537529" lon="1.330685704">
        <ele>31.45</ele>
      </trkpt>
      <trkpt lat="50.045310301" lon="1.330643084">
        <ele>29.93</ele>
      </trkpt>
      <trkpt lat="50.045249977" lon="1.33062198">
        <ele>29.16</ele>
      </trkpt>
      <trkpt lat="50.045125234" lon="1.330627249">
        <ele>28.26</ele>
      </trkpt>
      <trkpt lat="50.044881361" lon="1.330665555">
        <ele>27.53</ele>
      </trkpt>
      <trkpt lat="50.044755732" lon="1.330672235">
        <ele>26.93</ele>
      </trkpt>
      <trkpt lat="50.044382351" lon="1.330682448">
        <ele>28.76</ele>
      </trkpt>
      <trkpt lat="50.04398348" lon="1.330758686">
        <ele>29.55</ele>
      </trkpt>
      <trkpt lat="50.043731688" lon="1.330925396">
        <ele>31.08</ele>
      </trkpt>
      <trkpt lat="50.043466859" lon="1.33114394">
        <ele>32.62</ele>
      </trkpt>
      <trkpt lat="50.043250014" lon="1.331411711">
        <ele>34.09</ele>
      </trkpt>
      <trkpt lat="50.043009817" lon="1.33178728">
        <ele>33.76</ele>
      </trkpt>
      <trkpt lat="50.042747949" lon="1.332256671">
        <ele>34.56</ele>
      </trkpt>
      <trkpt lat="50.042449779" lon="1.332896839">
        <ele>35.06</ele>
      </trkpt>
      <trkpt lat="50.042357343" lon="1.333118917">
        <ele>35.36</ele>
      </trkpt>
      <trkpt lat="50.042059752" lon="1.333830155">
        <ele>35.7</ele>
      </trkpt>
      <trkpt lat="50.041843019" lon="1.334330693">
        <ele>36.34</ele>
      </trkpt>
      <trkpt lat="50.041762077" lon="1.334531629">
        <ele>36.1</ele>
      </trkpt>
      <trkpt lat="50.041642223" lon="1.334804426">
        <ele>36.62</ele>
      </trkpt>
      <trkpt lat="50.041276021" lon="1.335360881">
        <ele>36.91</ele>
      </trkpt>
      <trkpt lat="50.041106491" lon="1.335050606">
        <ele>39.55</ele>
      </trkpt>
      <trkpt lat="50.041012698" lon="1.334889376">
        <ele>41.3</ele>
      </trkpt>
      <trkpt lat="50.040632455" lon="1.334392312">
        <ele>44.3</ele>
      </trkpt>
      <trkpt lat="50.040459202" lon="1.334175509">
        <ele>47.29</ele>
      </trkpt>
      <trkpt lat="50.040235652" lon="1.333846798">
        <ele>51.52</ele>
      </trkpt>
      <trkpt lat="50.039940416" lon="1.333207282">
        <ele>53.27</ele>
      </trkpt>
      <trkpt lat="50.039736534" lon="1.33275971">
        <ele>56.37</ele>
      </trkpt>
      <trkpt lat="50.039556492" lon="1.332372998">
        <ele>58.47</ele>
      </trkpt>
      <trkpt lat="50.039259464" lon="1.331734929">
        <ele>60.57</ele>
      </trkpt>
      <trkpt lat="50.038965368" lon="1.33112608">
        <ele>61.66</ele>
      </trkpt>
      <trkpt lat="50.038237715" lon="1.329654712">
        <ele>62.57</ele>
      </trkpt>
      <trkpt lat="50.037783567" lon="1.328690861">
        <ele>62.69</ele>
      </trkpt>
      <trkpt lat="50.036570681" lon="1.325977617">
        <ele>61.83</ele>
      </trkpt>
      <trkpt lat="50.035960474" lon="1.324603001">
        <ele>61.16</ele>
      </trkpt>
      <trkpt lat="50.035654302" lon="1.323949872">
        <ele>60.33</ele>
      </trkpt>
      <trkpt lat="50.035560639" lon="1.323698082">
        <ele>57.83</ele>
      </trkpt>
      <trkpt lat="50.03543798" lon="1.323306103">
        <ele>54.66</ele>
      </trkpt>
      <trkpt lat="50.035336689" lon="1.322676759">
        <ele>50.92</ele>
      </trkpt>
      <trkpt lat="50.035333839" lon="1.321794567">
        <ele>45.88</ele>
      </trkpt>
      <trkpt lat="50.03529974" lon="1.320933909">
        <ele>40.54</ele>
      </trkpt>
      <trkpt lat="50.035248871" lon="1.320108431">
        <ele>36.78</ele>
      </trkpt>
      <trkpt lat="50.0351942" lon="1.319150627">
        <ele>32.11</ele>
      </trkpt>
      <trkpt lat="50.035163947" lon="1.318645302">
        <ele>28.92</ele>
      </trkpt>
      <trkpt lat="50.035120148" lon="1.318023174">
        <ele>25.66</ele>
      </trkpt>
      <trkpt lat="50.035074315" lon="1.317802491">
        <ele>22.96</ele>
      </trkpt>
      <trkpt lat="50.034931866" lon="1.317300822">
        <ele>19.72</ele>
      </trkpt>
      <trkpt lat="50.034898539" lon="1.317180238">
        <ele>17.17</ele>
      </trkpt>
      <trkpt lat="50.034762977" lon="1.316750907">
        <ele>13.98</ele>
      </trkpt>
      <trkpt lat="50.034536068" lon="1.316241192">
        <ele>11.86</ele>
      </trkpt>
      <trkpt lat="50.034223894" lon="1.315812157">
        <ele>10.5</ele>
      </trkpt>
      <trkpt lat="50.034201612" lon="1.315883049">
        <ele>9.98</ele>
      </trkpt>
      <trkpt lat="50.03386738" lon="1.316044226">
        <ele>10.17</ele>
      </trkpt>
      <trkpt lat="50.033780731" lon="1.316096148">
        <ele>10.74</ele>
      </trkpt>
      <trkpt lat="50.033511095" lon="1.316194204">
        <ele>10.89</ele>
      </trkpt>
      <trkpt lat="50.033205793" lon="1.316266626">
        <ele>10.44</ele>
      </trkpt>
      <trkpt lat="50.032716731" lon="1.316398878">
        <ele>9.89</ele>
      </trkpt>
      <trkpt lat="50.032309157" lon="1.316509089">
        <ele>9.87</ele>
      </trkpt>
      <trkpt lat="50.031397798" lon="1.316708638">
        <ele>10.22</ele>
      </trkpt>
      <trkpt lat="50.030822565" lon="1.316844267">
        <ele>10.9</ele>
      </trkpt>
      <trkpt lat="50.030264306" lon="1.316969794">
        <ele>11.52</ele>
      </trkpt>
      <trkpt lat="50.029896784" lon="1.317037126">
        <ele>12.48</ele>
      </trkpt>
      <trkpt lat="50.029625003" lon="1.317066293">
        <ele>12.41</ele>
      </trkpt>
      <trkpt lat="50.029338477" lon="1.317049769">
        <ele>13.11</ele>
      </trkpt>
      <trkpt lat="50.028742145" lon="1.316984834">
        <ele>13.34</ele>
      </trkpt>
      <trkpt lat="50.0279647" lon="1.316919976">
        <ele>13.62</ele>
      </trkpt>
      <trkpt lat="50.027623815" lon="1.31695193">
        <ele>13.43</ele>
      </trkpt>
      <trkpt lat="50.027430139" lon="1.316984038">
        <ele>14.2</ele>
      </trkpt>
      <trkpt lat="50.027126241" lon="1.31703442">
        <ele>14.35</ele>
      </trkpt>
      <trkpt lat="50.026258707" lon="1.31721494">
        <ele>15.24</ele>
      </trkpt>
      <trkpt lat="50.025566896" lon="1.317366832">
        <ele>14.37</ele>
      </trkpt>
      <trkpt lat="50.024726518" lon="1.317537204">
        <ele>13.36</ele>
      </trkpt>
      <trkpt lat="50.022676658" lon="1.317975439">
        <ele>12.39</ele>
      </trkpt>
      <trkpt lat="50.022518081" lon="1.31801486">
        <ele>10.81</ele>
      </trkpt>
      <trkpt lat="50.021986709" lon="1.318135633">
        <ele>8.95</ele>
      </trkpt>
      <trkpt lat="50.021730681" lon="1.318190453">
        <ele>8.94</ele>
      </trkpt>
      <trkpt lat="50.021413054" lon="1.318246107">
        <ele>9.57</ele>
      </trkpt>
      <trkpt lat="50.021108653" lon="1.318239692">
        <ele>10.34</ele>
      </trkpt>
      <trkpt lat="50.020809639" lon="1.318233169">
        <ele>10.23</ele>
      </trkpt>
      <trkpt lat="50.02053423" lon="1.318258217">
        <ele>10.1</ele>
      </trkpt>
      <trkpt lat="50.020290633" lon="1.31833">
        <ele>9.88</ele>
      </trkpt>
      <trkpt lat="50.019961377" lon="1.318464811">
        <ele>9.32</ele>
      </trkpt>
      <trkpt lat="50.019668266" lon="1.31857769">
        <ele>8.51</ele>
      </trkpt>
      <trkpt lat="50.019311223" lon="1.318715187">
        <ele>8.8</ele>
      </trkpt>
      <trkpt lat="50.018934995" lon="1.318839965">
        <ele>9.19</ele>
      </trkpt>
      <trkpt lat="50.018694698" lon="1.318905497">
        <ele>9.53</ele>
      </trkpt>
      <trkpt lat="50.018390448" lon="1.318917187">
        <ele>9.82</ele>
      </trkpt>
      <trkpt lat="50.018023202" lon="1.318880565">
        <ele>10.21</ele>
      </trkpt>
      <trkpt lat="50.017809099" lon="1.318859213">
        <ele>10.5</ele>
      </trkpt>
      <trkpt lat="50.017583308" lon="1.318836217">
        <ele>10.82</ele>
      </trkpt>
      <trkpt lat="50.017409246" lon="1.318818488">
        <ele>11.02</ele>
      </trkpt>
      <trkpt lat="50.017222888" lon="1.318864034">
        <ele>11.35</ele>
      </trkpt>
      <trkpt lat="50.017047743" lon="1.318962298">
        <ele>11.48</ele>
      </trkpt>
      <trkpt lat="50.016761943" lon="1.319140807">
        <ele>11.65</ele>
      </trkpt>
      <trkpt lat="50.016676083" lon="1.318642357">
        <ele>11.26</ele>
      </trkpt>
      <trkpt lat="50.016560402" lon="1.318013544">
        <ele>10.79</ele>
      </trkpt>
      <trkpt lat="50.016478442" lon="1.317659918">
        <ele>10.17</ele>
      </trkpt>
      <trkpt lat="50.016352882" lon="1.317245867">
        <ele>9.61</ele>
      </trkpt>
      <trkpt lat="50.016249935" lon="1.316959541">
        <ele>9.04</ele>
      </trkpt>
      <trkpt lat="50.016059964" lon="1.316573264">
        <ele>8.95</ele>
      </trkpt>
      <trkpt lat="50.015840067" lon="1.316151369">
        <ele>9.21</ele>
      </trkpt>
      <trkpt lat="50.015702217" lon="1.315762952">
        <ele>9.52</ele>
      </trkpt>
      <trkpt lat="50.015674641" lon="1.31568525">
        <ele>9.84</ele>
      </trkpt>
      <trkpt lat="50.015665631" lon="1.315659866">
        <ele>10.17</ele>
      </trkpt>
      <trkpt lat="50.015665447" lon="1.315659347">
        <ele>10.53</ele>
      </trkpt>
      <trkpt lat="50.015665264" lon="1.315658826">
        <ele>10.56</ele>
      </trkpt>
      <trkpt lat="50.015656318" lon="1.315633389">
        <ele>10.6</ele>
      </trkpt>
      <trkpt lat="50.015628931" lon="1.315555525">
        <ele>10.37</ele>
      </trkpt>
      <trkpt lat="50.015476484" lon="1.315122083">
        <ele>10.15</ele>
      </trkpt>
      <trkpt lat="50.015380429" lon="1.314802171">
        <ele>9.94</ele>
      </trkpt>
      <trkpt lat="50.015309325" lon="1.314566746">
        <ele>9.87</ele>
      </trkpt>
      <trkpt lat="50.015235269" lon="1.314300731">
        <ele>9.81</ele>
      </trkpt>
      <trkpt lat="50.01505814" lon="1.313462117">
        <ele>10.08</ele>
      </trkpt>
      <trkpt lat="50.014934708" lon="1.312828531">
        <ele>10.63</ele>
      </trkpt>
      <trkpt lat="50.01488705" lon="1.312499289">
        <ele>11.14</ele>
      </trkpt>
      <trkpt lat="50.014831378" lon="1.312071287">
        <ele>11.42</ele>
      </trkpt>
      <trkpt lat="50.014747742" lon="1.311734414">
        <ele>11.82</ele>
      </trkpt>
      <trkpt lat="50.014642167" lon="1.311457898">
        <ele>12.06</ele>
      </trkpt>
      <trkpt lat="50.014389099" lon="1.310937759">
        <ele>11.92</ele>
      </trkpt>
      <trkpt lat="50.014144721" lon="1.310386071">
        <ele>11.99</ele>
      </trkpt>
      <trkpt lat="50.014045065" lon="1.310064191">
        <ele>12.3</ele>
      </trkpt>
      <trkpt lat="50.013948182" lon="1.309754066">
        <ele>12.65</ele>
      </trkpt>
      <trkpt lat="50.013778374" lon="1.309228337">
        <ele>13.06</ele>
      </trkpt>
      <trkpt lat="50.013623258" lon="1.308698348">
        <ele>13.93</ele>
      </trkpt>
      <trkpt lat="50.013443883" lon="1.308135975">
        <ele>14.71</ele>
      </trkpt>
      <trkpt lat="50.013154945" lon="1.307234038">
        <ele>15.77</ele>
      </trkpt>
      <trkpt lat="50.012905395" lon="1.306512282">
        <ele>16.95</ele>
      </trkpt>
      <trkpt lat="50.012703355" lon="1.305765447">
        <ele>18.44</ele>
      </trkpt>
      <trkpt lat="50.012689779" lon="1.30522237">
        <ele>20.9</ele>
      </trkpt>
      <trkpt lat="50.012734428" lon="1.30477006">
        <ele>23</ele>
      </trkpt>
      <trkpt lat="50.012881825" lon="1.30390628">
        <ele>24.43</ele>
      </trkpt>
      <trkpt lat="50.012951822" lon="1.303514516">
        <ele>25.86</ele>
      </trkpt>
      <trkpt lat="50.012984607" lon="1.303251922">
        <ele>26.88</ele>
      </trkpt>
      <trkpt lat="50.012963617" lon="1.303000176">
        <ele>26.94</ele>
      </trkpt>
      <trkpt lat="50.012939086" lon="1.302814776">
        <ele>27.11</ele>
      </trkpt>
      <trkpt lat="50.012991014" lon="1.302525921">
        <ele>27.75</ele>
      </trkpt>
      <trkpt lat="50.013077683" lon="1.302041842">
        <ele>28.18</ele>
      </trkpt>
      <trkpt lat="50.013180599" lon="1.301486881">
        <ele>28.85</ele>
      </trkpt>
      <trkpt lat="50.013259404" lon="1.30104083">
        <ele>29.29</ele>
      </trkpt>
      <trkpt lat="50.013288404" lon="1.300756018">
        <ele>30.19</ele>
      </trkpt>
      <trkpt lat="50.013328168" lon="1.300259212">
        <ele>31.63</ele>
      </trkpt>
      <trkpt lat="50.013347242" lon="1.299863144">
        <ele>33.01</ele>
      </trkpt>
      <trkpt lat="50.013353341" lon="1.299314085">
        <ele>34.35</ele>
      </trkpt>
      <trkpt lat="50.013315537" lon="1.298775679">
        <ele>35.59</ele>
      </trkpt>
      <trkpt lat="50.01326666" lon="1.298413046">
        <ele>37.03</ele>
      </trkpt>
      <trkpt lat="50.013218359" lon="1.298012786">
        <ele>37.75</ele>
      </trkpt>
      <trkpt lat="50.013180383" lon="1.29745488">
        <ele>38.58</ele>
      </trkpt>
      <trkpt lat="50.013143956" lon="1.296960767">
        <ele>39.21</ele>
      </trkpt>
      <trkpt lat="50.013119464" lon="1.296628551">
        <ele>40.63</ele>
      </trkpt>
      <trkpt lat="50.013106104" lon="1.296010233">
        <ele>41.5</ele>
      </trkpt>
      <trkpt lat="50.013140919" lon="1.295543193">
        <ele>42.53</ele>
      </trkpt>
      <trkpt lat="50.013176676" lon="1.294813392">
        <ele>43.62</ele>
      </trkpt>
      <trkpt lat="50.013123269" lon="1.293922824">
        <ele>45.08</ele>
      </trkpt>
      <trkpt lat="50.01308565" lon="1.293618482">
        <ele>46.12</ele>
      </trkpt>
      <trkpt lat="50.013015763" lon="1.293320377">
        <ele>48.01</ele>
      </trkpt>
      <trkpt lat="50.012832768" lon="1.292709735">
        <ele>50.39</ele>
      </trkpt>
      <trkpt lat="50.012623979" lon="1.292023004">
        <ele>52.53</ele>
      </trkpt>
      <trkpt lat="50.012355978" lon="1.291341679">
        <ele>53.95</ele>
      </trkpt>
      <trkpt lat="50.012216274" lon="1.290964215">
        <ele>55.1</ele>
      </trkpt>
      <trkpt lat="50.012109816" lon="1.290590248">
        <ele>56.12</ele>
      </trkpt>
      <trkpt lat="50.011800311" lon="1.289363663">
        <ele>57.05</ele>
      </trkpt>
      <trkpt lat="50.01145302" lon="1.288025027">
        <ele>58.81</ele>
      </trkpt>
      <trkpt lat="50.011284713" lon="1.287375208">
        <ele>60.97</ele>
      </trkpt>
      <trkpt lat="50.011198729" lon="1.287062033">
        <ele>63.3</ele>
      </trkpt>
      <trkpt lat="50.011140138" lon="1.286826407">
        <ele>64.86</ele>
      </trkpt>
      <trkpt lat="50.011031446" lon="1.286611325">
        <ele>65.7</ele>
      </trkpt>
      <trkpt lat="50.010745556" lon="1.286253634">
        <ele>66.05</ele>
      </trkpt>
      <trkpt lat="50.010705627" lon="1.286204309">
        <ele>66.93</ele>
      </trkpt>
      <trkpt lat="50.010186389" lon="1.285648064">
        <ele>67.85</ele>
      </trkpt>
      <trkpt lat="50.009748615" lon="1.28527264">
        <ele>68.57</ele>
      </trkpt>
      <trkpt lat="50.009540137" lon="1.28504292">
        <ele>69.57</ele>
      </trkpt>
      <trkpt lat="50.009381499" lon="1.2848665">
        <ele>70.03</ele>
      </trkpt>
      <trkpt lat="50.009250287" lon="1.284851115">
        <ele>70.32</ele>
      </trkpt>
      <trkpt lat="50.009129726" lon="1.284821575">
        <ele>70.76</ele>
      </trkpt>
      <trkpt lat="50.008822481" lon="1.284587725">
        <ele>71.49</ele>
      </trkpt>
      <trkpt lat="50.008293007" lon="1.284097819">
        <ele>72.45</ele>
      </trkpt>
      <trkpt lat="50.008103944" lon="1.283933182">
        <ele>73.52</ele>
      </trkpt>
      <trkpt lat="50.007610474" lon="1.28360966">
        <ele>74.29</ele>
      </trkpt>
      <trkpt lat="50.006700559" lon="1.283088899">
        <ele>74.51</ele>
      </trkpt>
      <trkpt lat="50.00666876" lon="1.283074438">
        <ele>74.92</ele>
      </trkpt>
      <trkpt lat="50.006617627" lon="1.283051185">
        <ele>75.29</ele>
      </trkpt>
      <trkpt lat="50.006548232" lon="1.283019627">
        <ele>75.95</ele>
      </trkpt>
      <trkpt lat="50.006440393" lon="1.283007941">
        <ele>76.49</ele>
      </trkpt>
      <trkpt lat="50.006189714" lon="1.283007225">
        <ele>76.97</ele>
      </trkpt>
      <trkpt lat="50.005851419" lon="1.283006259">
        <ele>77.9</ele>
      </trkpt>
      <trkpt lat="50.005502692" lon="1.283066447">
        <ele>78.99</ele>
      </trkpt>
      <trkpt lat="50.004865821" lon="1.283340181">
        <ele>79.71</ele>
      </trkpt>
      <trkpt lat="50.004621909" lon="1.283468742">
        <ele>80.82</ele>
      </trkpt>
      <trkpt lat="50.004492305" lon="1.2835545">
        <ele>82.05</ele>
      </trkpt>
      <trkpt lat="50.004216547" lon="1.28404878">
        <ele>82.54</ele>
      </trkpt>
      <trkpt lat="50.004057099" lon="1.283779068">
        <ele>82.67</ele>
      </trkpt>
      <trkpt lat="50.003887295" lon="1.283661408">
        <ele>82.88</ele>
      </trkpt>
      <trkpt lat="50.003752704" lon="1.283566698">
        <ele>82.96</ele>
      </trkpt>
      <trkpt lat="50.00359573" lon="1.283479416">
        <ele>83.15</ele>
      </trkpt>
      <trkpt lat="50.003451552" lon="1.283418337">
        <ele>83.54</ele>
      </trkpt>
      <trkpt lat="50.002849268" lon="1.283227488">
        <ele>83.81</ele>
      </trkpt>
      <trkpt lat="50.002137302" lon="1.28301942">
        <ele>84.23</ele>
      </trkpt>
      <trkpt lat="50.001713533" lon="1.282915408">
        <ele>84.55</ele>
      </trkpt>
      <trkpt lat="50.001651173" lon="1.282867952">
        <ele>84.65</ele>
      </trkpt>
      <trkpt lat="50.001566897" lon="1.282777772">
        <ele>84.57</ele>
      </trkpt>
      <trkpt lat="50.001470831" lon="1.282673908">
        <ele>84.69</ele>
      </trkpt>
      <trkpt lat="50.001368131" lon="1.28252979">
        <ele>84.71</ele>
      </trkpt>
      <trkpt lat="50.001110101" lon="1.282177183">
        <ele>84.8</ele>
      </trkpt>
      <trkpt lat="50.001002629" lon="1.282104202">
        <ele>85.04</ele>
      </trkpt>
      <trkpt lat="50.000938766" lon="1.281779595">
        <ele>85.35</ele>
      </trkpt>
      <trkpt lat="50.00086954" lon="1.281250343">
        <ele>85.56</ele>
      </trkpt>
      <trkpt lat="50.000786346" lon="1.280456734">
        <ele>86.19</ele>
      </trkpt>
      <trkpt lat="50.000726324" lon="1.279850685">
        <ele>86.34</ele>
      </trkpt>
      <trkpt lat="50.000702702" lon="1.2796116">
        <ele>86.83</ele>
      </trkpt>
      <trkpt lat="50.000711325" lon="1.279260412">
        <ele>87.69</ele>
      </trkpt>
      <trkpt lat="50.000731055" lon="1.279051067">
        <ele>88.4</ele>
      </trkpt>
      <trkpt lat="50.000747986" lon="1.278770279">
        <ele>88.5</ele>
      </trkpt>
      <trkpt lat="50.000649705" lon="1.278557191">
        <ele>88.63</ele>
      </trkpt>
      <trkpt lat="50.000470934" lon="1.278263271">
        <ele>87.88</ele>
      </trkpt>
      <trkpt lat="50.00010575" lon="1.277803664">
        <ele>87.37</ele>
      </trkpt>
      <trkpt lat="49.999788413" lon="1.277404876">
        <ele>87.5</ele>
      </trkpt>
      <trkpt lat="49.997868802" lon="1.27502292">
        <ele>87.97</ele>
      </trkpt>
      <trkpt lat="49.995827336" lon="1.272469607">
        <ele>88.85</ele>
      </trkpt>
      <trkpt lat="49.994924518" lon="1.271345642">
        <ele>90.29</ele>
      </trkpt>
      <trkpt lat="49.994597003" lon="1.270925291">
        <ele>91.2</ele>
      </trkpt>
      <trkpt lat="49.994331806" lon="1.270578512">
        <ele>91.51</ele>
      </trkpt>
      <trkpt lat="49.994197461" lon="1.270308368">
        <ele>91.65</ele>
      </trkpt>
      <trkpt lat="49.994061131" lon="1.270017282">
        <ele>91.8</ele>
      </trkpt>
      <trkpt lat="49.99361691" lon="1.269066938">
        <ele>91.87</ele>
      </trkpt>
      <trkpt lat="49.993172662" lon="1.268112785">
        <ele>91.88</ele>
      </trkpt>
      <trkpt lat="49.993020792" lon="1.267790102">
        <ele>91.99</ele>
      </trkpt>
      <trkpt lat="49.992863426" lon="1.267455002">
        <ele>92.17</ele>
      </trkpt>
      <trkpt lat="49.992558471" lon="1.266803549">
        <ele>92.5</ele>
      </trkpt>
      <trkpt lat="49.992210124" lon="1.26605942">
        <ele>92.99</ele>
      </trkpt>
      <trkpt lat="49.99178204" lon="1.265135785">
        <ele>93.56</ele>
      </trkpt>
      <trkpt lat="49.991322591" lon="1.264162935">
        <ele>94.12</ele>
      </trkpt>
      <trkpt lat="49.990847547" lon="1.263155788">
        <ele>94.85</ele>
      </trkpt>
      <trkpt lat="49.9903873" lon="1.262195106">
        <ele>95.41</ele>
      </trkpt>
      <trkpt lat="49.990129947" lon="1.261594289">
        <ele>95.94</ele>
      </trkpt>
      <trkpt lat="49.98980461" lon="1.261038429">
        <ele>96.62</ele>
      </trkpt>
      <trkpt lat="49.989459267" lon="1.26051417">
        <ele>97.4</ele>
      </trkpt>
      <trkpt lat="49.988939396" lon="1.259681431">
        <ele>98.34</ele>
      </trkpt>
      <trkpt lat="49.988656137" lon="1.259189631">
        <ele>99.19</ele>
      </trkpt>
      <trkpt lat="49.988454032" lon="1.258822879">
        <ele>100.42</ele>
      </trkpt>
      <trkpt lat="49.988269109" lon="1.258373656">
        <ele>101.6</ele>
      </trkpt>
      <trkpt lat="49.98782567" lon="1.257572636">
        <ele>102.72</ele>
      </trkpt>
      <trkpt lat="49.987467264" lon="1.256945274">
        <ele>103.71</ele>
      </trkpt>
      <trkpt lat="49.987094221" lon="1.2562876">
        <ele>105.17</ele>
      </trkpt>
      <trkpt lat="49.986823185" lon="1.255895121">
        <ele>106.82</ele>
      </trkpt>
      <trkpt lat="49.986302965" lon="1.255144522">
        <ele>108.22</ele>
      </trkpt>
      <trkpt lat="49.986023129" lon="1.254671478">
        <ele>109.35</ele>
      </trkpt>
      <trkpt lat="49.985672805" lon="1.254218404">
        <ele>110.45</ele>
      </trkpt>
      <trkpt lat="49.985246336" lon="1.253677529">
        <ele>111.28</ele>
      </trkpt>
      <trkpt lat="49.984952183" lon="1.253175173">
        <ele>111.43</ele>
      </trkpt>
      <trkpt lat="49.984679602" lon="1.252704549">
        <ele>111.71</ele>
      </trkpt>
      <trkpt lat="49.984435168" lon="1.252282529">
        <ele>111.94</ele>
      </trkpt>
      <trkpt lat="49.984108525" lon="1.251652944">
        <ele>111.87</ele>
      </trkpt>
      <trkpt lat="49.983847629" lon="1.251072512">
        <ele>111.78</ele>
      </trkpt>
      <trkpt lat="49.983622391" lon="1.250645156">
        <ele>111.61</ele>
      </trkpt>
      <trkpt lat="49.983432589" lon="1.250401939">
        <ele>111.16</ele>
      </trkpt>
      <trkpt lat="49.983300751" lon="1.250295048">
        <ele>111.2</ele>
      </trkpt>
      <trkpt lat="49.983246408" lon="1.250160468">
        <ele>111.35</ele>
      </trkpt>
      <trkpt lat="49.983131081" lon="1.249924751">
        <ele>111.6</ele>
      </trkpt>
      <trkpt lat="49.982932304" lon="1.249677261">
        <ele>112.02</ele>
      </trkpt>
      <trkpt lat="49.982570433" lon="1.249268909">
        <ele>112.59</ele>
      </trkpt>
      <trkpt lat="49.982375798" lon="1.249043949">
        <ele>113.24</ele>
      </trkpt>
      <trkpt lat="49.981904549" lon="1.24849929">
        <ele>113.93</ele>
      </trkpt>
      <trkpt lat="49.981509558" lon="1.248028054">
        <ele>114.53</ele>
      </trkpt>
      <trkpt lat="49.981119117" lon="1.24756226">
        <ele>114.94</ele>
      </trkpt>
      <trkpt lat="49.980747117" lon="1.247118472">
        <ele>115.4</ele>
      </trkpt>
      <trkpt lat="49.980589559" lon="1.246930511">
        <ele>115.63</ele>
      </trkpt>
      <trkpt lat="49.980369121" lon="1.24667767">
        <ele>115.72</ele>
      </trkpt>
      <trkpt lat="49.980312757" lon="1.246499271">
        <ele>115.64</ele>
      </trkpt>
      <trkpt lat="49.980335323" lon="1.246312211">
        <ele>115.71</ele>
      </trkpt>
      <trkpt lat="49.980495916" lon="1.246060228">
        <ele>115.73</ele>
      </trkpt>
      <trkpt lat="49.980780675" lon="1.245613414">
        <ele>115.68</ele>
      </trkpt>
      <trkpt lat="49.980860741" lon="1.245430684">
        <ele>115.78</ele>
      </trkpt>
      <trkpt lat="49.980964903" lon="1.245031618">
        <ele>115.95</ele>
      </trkpt>
      <trkpt lat="49.980999432" lon="1.244476716">
        <ele>116</ele>
      </trkpt>
      <trkpt lat="49.980929302" lon="1.243665094">
        <ele>116.09</ele>
      </trkpt>
      <trkpt lat="49.980831009" lon="1.242559005">
        <ele>116.4</ele>
      </trkpt>
      <trkpt lat="49.980757756" lon="1.241744722">
        <ele>116.63</ele>
      </trkpt>
      <trkpt lat="49.98069845" lon="1.241085534">
        <ele>116.89</ele>
      </trkpt>
      <trkpt lat="49.980658846" lon="1.240645355">
        <ele>117.73</ele>
      </trkpt>
      <trkpt lat="49.980587799" lon="1.239795512">
        <ele>118.27</ele>
      </trkpt>
      <trkpt lat="49.980543518" lon="1.23910513">
        <ele>118.49</ele>
      </trkpt>
      <trkpt lat="49.980530327" lon="1.238459124">
        <ele>118.84</ele>
      </trkpt>
      <trkpt lat="49.98051798" lon="1.237854539">
        <ele>119.13</ele>
      </trkpt>
      <trkpt lat="49.98050492" lon="1.237215161">
        <ele>118.93</ele>
      </trkpt>
      <trkpt lat="49.980494303" lon="1.236636175">
        <ele>118.83</ele>
      </trkpt>
      <trkpt lat="49.980472384" lon="1.236296919">
        <ele>118.82</ele>
      </trkpt>
      <trkpt lat="49.980420421" lon="1.235713262">
        <ele>118.72</ele>
      </trkpt>
      <trkpt lat="49.980347128" lon="1.235054887">
        <ele>118.42</ele>
      </trkpt>
      <trkpt lat="49.980257836" lon="1.234513815">
        <ele>117.73</ele>
      </trkpt>
      <trkpt lat="49.980214148" lon="1.23424854">
        <ele>117.2</ele>
      </trkpt>
      <trkpt lat="49.980109238" lon="1.233757916">
        <ele>116.51</ele>
      </trkpt>
      <trkpt lat="49.979964176" lon="1.233128537">
        <ele>115.73</ele>
      </trkpt>
      <trkpt lat="49.979744159" lon="1.232252529">
        <ele>115.23</ele>
      </trkpt>
      <trkpt lat="49.979641454" lon="1.231861886">
        <ele>115.11</ele>
      </trkpt>
      <trkpt lat="49.979501886" lon="1.231446272">
        <ele>114.96</ele>
      </trkpt>
      <trkpt lat="49.979455752" lon="1.23130944">
        <ele>114.98</ele>
      </trkpt>
      <trkpt lat="49.979406963" lon="1.231176842">
        <ele>115.06</ele>
      </trkpt>
      <trkpt lat="49.979307677" lon="1.231020283">
        <ele>114.92</ele>
      </trkpt>
      <trkpt lat="49.979193548" lon="1.230909997">
        <ele>114.56</ele>
      </trkpt>
      <trkpt lat="49.979004217" lon="1.230823629">
        <ele>114.56</ele>
      </trkpt>
      <trkpt lat="49.978724262" lon="1.230743416">
        <ele>114.26</ele>
      </trkpt>
      <trkpt lat="49.978534311" lon="1.230786547">
        <ele>113.9</ele>
      </trkpt>
      <trkpt lat="49.97839951" lon="1.230772782">
        <ele>113.52</ele>
      </trkpt>
      <trkpt lat="49.978193148" lon="1.230590719">
        <ele>113.33</ele>
      </trkpt>
      <trkpt lat="49.977915316" lon="1.23044781">
        <ele>112.54</ele>
      </trkpt>
      <trkpt lat="49.977733495" lon="1.230397482">
        <ele>111.96</ele>
      </trkpt>
      <trkpt lat="49.977404053" lon="1.230404674">
        <ele>111.35</ele>
      </trkpt>
      <trkpt lat="49.977167627" lon="1.230471095">
        <ele>111.03</ele>
      </trkpt>
      <trkpt lat="49.976986805" lon="1.230530733">
        <ele>110.9</ele>
      </trkpt>
      <trkpt lat="49.976803201" lon="1.230580684">
        <ele>110.98</ele>
      </trkpt>
      <trkpt lat="49.976681549" lon="1.230630676">
        <ele>111.67</ele>
      </trkpt>
      <trkpt lat="49.976492888" lon="1.230716935">
        <ele>112.51</ele>
      </trkpt>
      <trkpt lat="49.975972483" lon="1.230952442">
        <ele>113.2</ele>
      </trkpt>
      <trkpt lat="49.975506755" lon="1.231156946">
        <ele>113.56</ele>
      </trkpt>
      <trkpt lat="49.975202487" lon="1.231288058">
        <ele>114.05</ele>
      </trkpt>
      <trkpt lat="49.975010981" lon="1.23135767">
        <ele>114.11</ele>
      </trkpt>
      <trkpt lat="49.974766311" lon="1.231406163">
        <ele>114.28</ele>
      </trkpt>
      <trkpt lat="49.974367481" lon="1.231484471">
        <ele>114.75</ele>
      </trkpt>
      <trkpt lat="49.974011664" lon="1.231553487">
        <ele>115.48</ele>
      </trkpt>
      <trkpt lat="49.973625983" lon="1.231596703">
        <ele>116.1</ele>
      </trkpt>
      <trkpt lat="49.973323203" lon="1.231672912">
        <ele>116.63</ele>
      </trkpt>
      <trkpt lat="49.972955867" lon="1.231755648">
        <ele>116.96</ele>
      </trkpt>
      <trkpt lat="49.97253577" lon="1.231868275">
        <ele>116.92</ele>
      </trkpt>
      <trkpt lat="49.971984967" lon="1.232019495">
        <ele>116.98</ele>
      </trkpt>
      <trkpt lat="49.971497633" lon="1.232140093">
        <ele>117.16</ele>
      </trkpt>
      <trkpt lat="49.971234325" lon="1.232212654">
        <ele>117.15</ele>
      </trkpt>
      <trkpt lat="49.971036609" lon="1.232290742">
        <ele>116.83</ele>
      </trkpt>
      <trkpt lat="49.970408589" lon="1.232639917">
        <ele>116.24</ele>
      </trkpt>
      <trkpt lat="49.969667205" lon="1.233161381">
        <ele>115.03</ele>
      </trkpt>
      <trkpt lat="49.969472915" lon="1.233221293">
        <ele>114.45</ele>
      </trkpt>
      <trkpt lat="49.969301472" lon="1.233226419">
        <ele>113.83</ele>
      </trkpt>
      <trkpt lat="49.96906607" lon="1.233109045">
        <ele>113.62</ele>
      </trkpt>
      <trkpt lat="49.968776574" lon="1.232742232">
        <ele>113.66</ele>
      </trkpt>
      <trkpt lat="49.968606321" lon="1.232509352">
        <ele>114.22</ele>
      </trkpt>
      <trkpt lat="49.96842246" lon="1.232261779">
        <ele>113.49</ele>
      </trkpt>
      <trkpt lat="49.967940106" lon="1.231617674">
        <ele>112.93</ele>
      </trkpt>
      <trkpt lat="49.967578372" lon="1.231134187">
        <ele>112.28</ele>
      </trkpt>
      <trkpt lat="49.967239078" lon="1.230650219">
        <ele>111.92</ele>
      </trkpt>
      <trkpt lat="49.967054423" lon="1.230386989">
        <ele>111.97</ele>
      </trkpt>
      <trkpt lat="49.966900971" lon="1.230198245">
        <ele>112.14</ele>
      </trkpt>
      <trkpt lat="49.966742925" lon="1.230134694">
        <ele>112.6</ele>
      </trkpt>
      <trkpt lat="49.966554751" lon="1.23017168">
        <ele>113.1</ele>
      </trkpt>
      <trkpt lat="49.966260671" lon="1.230313025">
        <ele>113.65</ele>
      </trkpt>
      <trkpt lat="49.966121623" lon="1.230344504">
        <ele>113.85</ele>
      </trkpt>
      <trkpt lat="49.965984915" lon="1.230297939">
        <ele>114.42</ele>
      </trkpt>
      <trkpt lat="49.965839128" lon="1.230161603">
        <ele>114.8</ele>
      </trkpt>
      <trkpt lat="49.965754643" lon="1.230016826">
        <ele>115.34</ele>
      </trkpt>
      <trkpt lat="49.965695747" lon="1.229771536">
        <ele>115.57</ele>
      </trkpt>
      <trkpt lat="49.965674989" lon="1.229392597">
        <ele>115.79</ele>
      </trkpt>
      <trkpt lat="49.965674916" lon="1.228854189">
        <ele>115.97</ele>
      </trkpt>
      <trkpt lat="49.96565001" lon="1.228599888">
        <ele>116.19</ele>
      </trkpt>
      <trkpt lat="49.965567677" lon="1.228423403">
        <ele>116.18</ele>
      </trkpt>
      <trkpt lat="49.965180174" lon="1.227872321">
        <ele>116.23</ele>
      </trkpt>
      <trkpt lat="49.96493008" lon="1.227522854">
        <ele>116.18</ele>
      </trkpt>
      <trkpt lat="49.964671349" lon="1.227182004">
        <ele>116.24</ele>
      </trkpt>
      <trkpt lat="49.964365737" lon="1.226779398">
        <ele>116.1</ele>
      </trkpt>
      <trkpt lat="49.964251992" lon="1.226616443">
        <ele>115.89</ele>
      </trkpt>
      <trkpt lat="49.964020229" lon="1.22630537">
        <ele>115.74</ele>
      </trkpt>
      <trkpt lat="49.963713438" lon="1.225941849">
        <ele>115.51</ele>
      </trkpt>
      <trkpt lat="49.9635783" lon="1.225793095">
        <ele>115.14</ele>
      </trkpt>
      <trkpt lat="49.963318191" lon="1.22552738">
        <ele>114.85</ele>
      </trkpt>
      <trkpt lat="49.962974343" lon="1.225235666">
        <ele>114.68</ele>
      </trkpt>
      <trkpt lat="49.962830722" lon="1.225141385">
        <ele>114.5</ele>
      </trkpt>
      <trkpt lat="49.962417375" lon="1.224908268">
        <ele>114.56</ele>
      </trkpt>
      <trkpt lat="49.962018747" lon="1.224713802">
        <ele>114.61</ele>
      </trkpt>
      <trkpt lat="49.961675332" lon="1.224568235">
        <ele>115.23</ele>
      </trkpt>
      <trkpt lat="49.961609891" lon="1.224522976">
        <ele>115.24</ele>
      </trkpt>
      <trkpt lat="49.961558952" lon="1.224458436">
        <ele>115.31</ele>
      </trkpt>
      <trkpt lat="49.961513104" lon="1.22441584">
        <ele>115.5</ele>
      </trkpt>
      <trkpt lat="49.961438497" lon="1.224359534">
        <ele>115.6</ele>
      </trkpt>
      <trkpt lat="49.961291785" lon="1.224353958">
        <ele>115.4</ele>
      </trkpt>
      <trkpt lat="49.960977554" lon="1.224257859">
        <ele>115.83</ele>
      </trkpt>
      <trkpt lat="49.960602467" lon="1.224085156">
        <ele>116.01</ele>
      </trkpt>
      <trkpt lat="49.960298742" lon="1.223959604">
        <ele>116.09</ele>
      </trkpt>
      <trkpt lat="49.960078237" lon="1.223901813">
        <ele>116.49</ele>
      </trkpt>
      <trkpt lat="49.959702231" lon="1.223825169">
        <ele>116.5</ele>
      </trkpt>
      <trkpt lat="49.959318171" lon="1.223751486">
        <ele>116.52</ele>
      </trkpt>
      <trkpt lat="49.958840416" lon="1.223544863">
        <ele>116.41</ele>
      </trkpt>
      <trkpt lat="49.958507581" lon="1.223378203">
        <ele>116.17</ele>
      </trkpt>
      <trkpt lat="49.958098258" lon="1.223094929">
        <ele>115.57</ele>
      </trkpt>
      <trkpt lat="49.957761361" lon="1.22287687">
        <ele>115.1</ele>
      </trkpt>
      <trkpt lat="49.957396456" lon="1.222639946">
        <ele>114.59</ele>
      </trkpt>
      <trkpt lat="49.957058945" lon="1.222391618">
        <ele>114.72</ele>
      </trkpt>
      <trkpt lat="49.95710828" lon="1.222153616">
        <ele>114.76</ele>
      </trkpt>
      <trkpt lat="49.957268361" lon="1.221495992">
        <ele>115</ele>
      </trkpt>
      <trkpt lat="49.957358107" lon="1.221197583">
        <ele>115.29</ele>
      </trkpt>
      <trkpt lat="49.95739333" lon="1.221024235">
        <ele>115.59</ele>
      </trkpt>
      <trkpt lat="49.95754348" lon="1.220463825">
        <ele>115.61</ele>
      </trkpt>
      <trkpt lat="49.957648241" lon="1.22003607">
        <ele>115.52</ele>
      </trkpt>
      <trkpt lat="49.957493401" lon="1.219795929">
        <ele>115.74</ele>
      </trkpt>
      <trkpt lat="49.957371597" lon="1.219535579">
        <ele>115.8</ele>
      </trkpt>
      <trkpt lat="49.957339194" lon="1.21942913">
        <ele>115.6</ele>
      </trkpt>
      <trkpt lat="49.957284114" lon="1.2191019">
        <ele>115.48</ele>
      </trkpt>
      <trkpt lat="49.957326035" lon="1.2187781">
        <ele>115.72</ele>
      </trkpt>
      <trkpt lat="49.957379462" lon="1.21824111">
        <ele>115.85</ele>
      </trkpt>
      <trkpt lat="49.957383728" lon="1.217923706">
        <ele>116.34</ele>
      </trkpt>
      <trkpt lat="49.957389366" lon="1.217560343">
        <ele>116.07</ele>
      </trkpt>
      <trkpt lat="49.957399124" lon="1.217004262">
        <ele>115.37</ele>
      </trkpt>
      <trkpt lat="49.957408212" lon="1.216399421">
        <ele>114.29</ele>
      </trkpt>
      <trkpt lat="49.957415632" lon="1.215731047">
        <ele>112.85</ele>
      </trkpt>
      <trkpt lat="49.95744745" lon="1.215091546">
        <ele>111.25</ele>
      </trkpt>
      <trkpt lat="49.957528871" lon="1.214475996">
        <ele>110.47</ele>
      </trkpt>
      <trkpt lat="49.957597847" lon="1.213938012">
        <ele>109.83</ele>
      </trkpt>
      <trkpt lat="49.957661681" lon="1.213397254">
        <ele>109.32</ele>
      </trkpt>
      <trkpt lat="49.957670985" lon="1.212946129">
        <ele>109.03</ele>
      </trkpt>
      <trkpt lat="49.957636015" lon="1.212270526">
        <ele>108.66</ele>
      </trkpt>
      <trkpt lat="49.957622579" lon="1.211885317">
        <ele>108.4</ele>
      </trkpt>
      <trkpt lat="49.957647537" lon="1.211476987">
        <ele>108.33</ele>
      </trkpt>
      <trkpt lat="49.957738555" lon="1.210833382">
        <ele>108.48</ele>
      </trkpt>
      <trkpt lat="49.957820777" lon="1.210306874">
        <ele>108.52</ele>
      </trkpt>
      <trkpt lat="49.957903134" lon="1.209655784">
        <ele>108.59</ele>
      </trkpt>
      <trkpt lat="49.957968871" lon="1.209137312">
        <ele>108.79</ele>
      </trkpt>
      <trkpt lat="49.958022326" lon="1.208704684">
        <ele>108.9</ele>
      </trkpt>
      <trkpt lat="49.958046179" lon="1.208468949">
        <ele>108.77</ele>
      </trkpt>
      <trkpt lat="49.958058971" lon="1.208105423">
        <ele>108.72</ele>
      </trkpt>
      <trkpt lat="49.958036487" lon="1.207810875">
        <ele>108.64</ele>
      </trkpt>
      <trkpt lat="49.957942556" lon="1.207460857">
        <ele>108.45</ele>
      </trkpt>
      <trkpt lat="49.957697952" lon="1.206928948">
        <ele>108.24</ele>
      </trkpt>
      <trkpt lat="49.957384007" lon="1.206291731">
        <ele>108.25</ele>
      </trkpt>
      <trkpt lat="49.957103226" lon="1.205691957">
        <ele>108.3</ele>
      </trkpt>
      <trkpt lat="49.956870106" lon="1.205194002">
        <ele>108.36</ele>
      </trkpt>
      <trkpt lat="49.956769918" lon="1.20494434">
        <ele>108.41</ele>
      </trkpt>
      <trkpt lat="49.956713258" lon="1.204741026">
        <ele>108.44</ele>
      </trkpt>
      <trkpt lat="49.956643926" lon="1.204237388">
        <ele>108.35</ele>
      </trkpt>
      <trkpt lat="49.956618602" lon="1.203831578">
        <ele>108.28</ele>
      </trkpt>
      <trkpt lat="49.956555634" lon="1.202711518">
        <ele>108.29</ele>
      </trkpt>
      <trkpt lat="49.956512152" lon="1.202138873">
        <ele>108.35</ele>
      </trkpt>
      <trkpt lat="49.956468584" lon="1.201606828">
        <ele>108.38</ele>
      </trkpt>
      <trkpt lat="49.956421999" lon="1.201156237">
        <ele>108.37</ele>
      </trkpt>
      <trkpt lat="49.95633575" lon="1.200457483">
        <ele>108.18</ele>
      </trkpt>
      <trkpt lat="49.956225686" lon="1.19953587">
        <ele>108.12</ele>
      </trkpt>
      <trkpt lat="49.956001065" lon="1.197790174">
        <ele>108.27</ele>
      </trkpt>
      <trkpt lat="49.955930418" lon="1.19724483">
        <ele>108.19</ele>
      </trkpt>
      <trkpt lat="49.955888355" lon="1.196868384">
        <ele>107.85</ele>
      </trkpt>
      <trkpt lat="49.955826368" lon="1.196292939">
        <ele>107.47</ele>
      </trkpt>
      <trkpt lat="49.955783296" lon="1.195820279">
        <ele>106.6</ele>
      </trkpt>
      <trkpt lat="49.955760826" lon="1.195242035">
        <ele>105.42</ele>
      </trkpt>
      <trkpt lat="49.955751303" lon="1.194706267">
        <ele>104.62</ele>
      </trkpt>
      <trkpt lat="49.955744917" lon="1.194312567">
        <ele>104.07</ele>
      </trkpt>
      <trkpt lat="49.955737053" lon="1.193761641">
        <ele>103.61</ele>
      </trkpt>
      <trkpt lat="49.9557279" lon="1.19327143">
        <ele>103.3</ele>
      </trkpt>
      <trkpt lat="49.955710566" lon="1.192853475">
        <ele>102.97</ele>
      </trkpt>
      <trkpt lat="49.955685715" lon="1.192501943">
        <ele>102.49</ele>
      </trkpt>
      <trkpt lat="49.95565216" lon="1.192179831">
        <ele>102.03</ele>
      </trkpt>
      <trkpt lat="49.955617358" lon="1.1919162">
        <ele>101.69</ele>
      </trkpt>
      <trkpt lat="49.955557176" lon="1.191370245">
        <ele>101.62</ele>
      </trkpt>
      <trkpt lat="49.955501229" lon="1.190879912">
        <ele>101.83</ele>
      </trkpt>
      <trkpt lat="49.955455759" lon="1.190486431">
        <ele>102.1</ele>
      </trkpt>
      <trkpt lat="49.955413331" lon="1.190092542">
        <ele>102.41</ele>
      </trkpt>
      <trkpt lat="49.955369176" lon="1.189682614">
        <ele>102.77</ele>
      </trkpt>
      <trkpt lat="49.955325057" lon="1.18928838">
        <ele>102.95</ele>
      </trkpt>
      <trkpt lat="49.955288145" lon="1.188896766">
        <ele>103.05</ele>
      </trkpt>
      <trkpt lat="49.955259704" lon="1.188546711">
        <ele>103.18</ele>
      </trkpt>
      <trkpt lat="49.955238163" lon="1.188261909">
        <ele>103.2</ele>
      </trkpt>
      <trkpt lat="49.955225978" lon="1.188017253">
        <ele>103.04</ele>
      </trkpt>
      <trkpt lat="49.955216893" lon="1.187815668">
        <ele>102.94</ele>
      </trkpt>
      <trkpt lat="49.955232391" lon="1.187555074">
        <ele>102.87</ele>
      </trkpt>
      <trkpt lat="49.955264287" lon="1.187367559">
        <ele>102.79</ele>
      </trkpt>
      <trkpt lat="49.955252959" lon="1.187249968">
        <ele>102.93</ele>
      </trkpt>
      <trkpt lat="49.95522144" lon="1.187155916">
        <ele>103.14</ele>
      </trkpt>
      <trkpt lat="49.955085554" lon="1.187028182">
        <ele>103.26</ele>
      </trkpt>
      <trkpt lat="49.954974227" lon="1.186744025">
        <ele>103.28</ele>
      </trkpt>
      <trkpt lat="49.954920867" lon="1.186132908">
        <ele>103.18</ele>
      </trkpt>
      <trkpt lat="49.9548073" lon="1.185145022">
        <ele>102.46</ele>
      </trkpt>
      <trkpt lat="49.954725727" lon="1.184486841">
        <ele>101.8</ele>
      </trkpt>
      <trkpt lat="49.954595748" lon="1.18332856">
        <ele>101.14</ele>
      </trkpt>
      <trkpt lat="49.95450155" lon="1.182621567">
        <ele>99.94</ele>
      </trkpt>
      <trkpt lat="49.954369478" lon="1.181949627">
        <ele>98.74</ele>
      </trkpt>
      <trkpt lat="49.95421088" lon="1.181132175">
        <ele>98.01</ele>
      </trkpt>
      <trkpt lat="49.954087867" lon="1.180469777">
        <ele>97.13</ele>
      </trkpt>
      <trkpt lat="49.954021842" lon="1.180134298">
        <ele>96.32</ele>
      </trkpt>
      <trkpt lat="49.953954021" lon="1.179821674">
        <ele>95.89</ele>
      </trkpt>
      <trkpt lat="49.953884967" lon="1.179526707">
        <ele>95.79</ele>
      </trkpt>
      <trkpt lat="49.953803402" lon="1.179069333">
        <ele>95.55</ele>
      </trkpt>
      <trkpt lat="49.953747651" lon="1.178871604">
        <ele>95.44</ele>
      </trkpt>
      <trkpt lat="49.953640989" lon="1.17851361">
        <ele>95.27</ele>
      </trkpt>
      <trkpt lat="49.953580062" lon="1.178338265">
        <ele>95.15</ele>
      </trkpt>
      <trkpt lat="49.953407419" lon="1.177934468">
        <ele>94.71</ele>
      </trkpt>
      <trkpt lat="49.953238525" lon="1.177547285">
        <ele>94.43</ele>
      </trkpt>
      <trkpt lat="49.953087603" lon="1.177195067">
        <ele>93.9</ele>
      </trkpt>
      <trkpt lat="49.95290868" lon="1.176758831">
        <ele>93.16</ele>
      </trkpt>
      <trkpt lat="49.952777599" lon="1.176288687">
        <ele>92.32</ele>
      </trkpt>
      <trkpt lat="49.952657536" lon="1.175750104">
        <ele>91.36</ele>
      </trkpt>
      <trkpt lat="49.952585943" lon="1.175398279">
        <ele>90.15</ele>
      </trkpt>
      <trkpt lat="49.952487014" lon="1.174910706">
        <ele>89.29</ele>
      </trkpt>
      <trkpt lat="49.952365495" lon="1.174408344">
        <ele>88.68</ele>
      </trkpt>
      <trkpt lat="49.952235004" lon="1.174000818">
        <ele>88.28</ele>
      </trkpt>
      <trkpt lat="49.952098321" lon="1.173603178">
        <ele>88.03</ele>
      </trkpt>
      <trkpt lat="49.951948662" lon="1.173257326">
        <ele>87.98</ele>
      </trkpt>
      <trkpt lat="49.951670696" lon="1.172638891">
        <ele>88.67</ele>
      </trkpt>
      <trkpt lat="49.951283811" lon="1.171804488">
        <ele>89.79</ele>
      </trkpt>
      <trkpt lat="49.951010274" lon="1.171163551">
        <ele>91.36</ele>
      </trkpt>
      <trkpt lat="49.950712623" lon="1.170426583">
        <ele>93.15</ele>
      </trkpt>
      <trkpt lat="49.950358932" lon="1.169573186">
        <ele>95.07</ele>
      </trkpt>
      <trkpt lat="49.950114616" lon="1.168970002">
        <ele>96.43</ele>
      </trkpt>
      <trkpt lat="49.949920465" lon="1.168486421">
        <ele>97.49</ele>
      </trkpt>
      <trkpt lat="49.949772401" lon="1.168121081">
        <ele>98.12</ele>
      </trkpt>
      <trkpt lat="49.949698035" lon="1.167857015">
        <ele>98.71</ele>
      </trkpt>
      <trkpt lat="49.949563372" lon="1.16729795">
        <ele>99.3</ele>
      </trkpt>
      <trkpt lat="49.949484547" lon="1.166850308">
        <ele>99.78</ele>
      </trkpt>
      <trkpt lat="49.949450011" lon="1.166620115">
        <ele>100.45</ele>
      </trkpt>
      <trkpt lat="49.949364393" lon="1.166119756">
        <ele>100.98</ele>
      </trkpt>
      <trkpt lat="49.949315107" lon="1.16566309">
        <ele>101.25</ele>
      </trkpt>
      <trkpt lat="49.949300117" lon="1.165318342">
        <ele>101.39</ele>
      </trkpt>
      <trkpt lat="49.949277786" lon="1.164957067">
        <ele>101.39</ele>
      </trkpt>
      <trkpt lat="49.949231162" lon="1.164590787">
        <ele>101.05</ele>
      </trkpt>
      <trkpt lat="49.949195603" lon="1.164254867">
        <ele>100.82</ele>
      </trkpt>
      <trkpt lat="49.949068413" lon="1.163727645">
        <ele>100.87</ele>
      </trkpt>
      <trkpt lat="49.948960165" lon="1.16320973">
        <ele>100.84</ele>
      </trkpt>
      <trkpt lat="49.94891197" lon="1.162960376">
        <ele>100.77</ele>
      </trkpt>
      <trkpt lat="49.948809933" lon="1.162248903">
        <ele>100.74</ele>
      </trkpt>
      <trkpt lat="49.948676285" lon="1.161518683">
        <ele>100.7</ele>
      </trkpt>
      <trkpt lat="49.948586372" lon="1.161040704">
        <ele>100.07</ele>
      </trkpt>
      <trkpt lat="49.948484464" lon="1.16052961">
        <ele>99.47</ele>
      </trkpt>
      <trkpt lat="49.948348586" lon="1.159941381">
        <ele>98.71</ele>
      </trkpt>
      <trkpt lat="49.948233573" lon="1.159468167">
        <ele>97.95</ele>
      </trkpt>
      <trkpt lat="49.948048408" lon="1.158797602">
        <ele>97.15</ele>
      </trkpt>
      <trkpt lat="49.947950598" lon="1.158432525">
        <ele>96.84</ele>
      </trkpt>
      <trkpt lat="49.947870178" lon="1.158101834">
        <ele>96.61</ele>
      </trkpt>
      <trkpt lat="49.9478144" lon="1.157812314">
        <ele>96.24</ele>
      </trkpt>
      <trkpt lat="49.94773405" lon="1.157303515">
        <ele>95.93</ele>
      </trkpt>
      <trkpt lat="49.94761489" lon="1.15668152">
        <ele>95.55</ele>
      </trkpt>
      <trkpt lat="49.947544988" lon="1.156417379">
        <ele>95.1</ele>
      </trkpt>
      <trkpt lat="49.947450618" lon="1.15613015">
        <ele>94.58</ele>
      </trkpt>
      <trkpt lat="49.947311668" lon="1.155782741">
        <ele>94.24</ele>
      </trkpt>
      <trkpt lat="49.947116509" lon="1.15537959">
        <ele>93.76</ele>
      </trkpt>
      <trkpt lat="49.946941257" lon="1.154992679">
        <ele>93.38</ele>
      </trkpt>
      <trkpt lat="49.946757177" lon="1.15462128">
        <ele>93.06</ele>
      </trkpt>
      <trkpt lat="49.946689553" lon="1.154473714">
        <ele>92.57</ele>
      </trkpt>
      <trkpt lat="49.946607654" lon="1.154294996">
        <ele>92.06</ele>
      </trkpt>
      <trkpt lat="49.946521568" lon="1.154121683">
        <ele>91.51</ele>
      </trkpt>
      <trkpt lat="49.946249916" lon="1.153609017">
        <ele>90.85</ele>
      </trkpt>
      <trkpt lat="49.945811875" lon="1.152883181">
        <ele>90.12</ele>
      </trkpt>
      <trkpt lat="49.9454809" lon="1.152354361">
        <ele>89.59</ele>
      </trkpt>
      <trkpt lat="49.945145841" lon="1.151819618">
        <ele>89.14</ele>
      </trkpt>
      <trkpt lat="49.944946291" lon="1.151496693">
        <ele>89.02</ele>
      </trkpt>
      <trkpt lat="49.944799546" lon="1.151180107">
        <ele>88.75</ele>
      </trkpt>
      <trkpt lat="49.944552389" lon="1.150694727">
        <ele>88.59</ele>
      </trkpt>
      <trkpt lat="49.94299546" lon="1.148393695">
        <ele>88.48</ele>
      </trkpt>
      <trkpt lat="49.942917717" lon="1.148248036">
        <ele>88.2</ele>
      </trkpt>
      <trkpt lat="49.942734866" lon="1.14782101">
        <ele>87.67</ele>
      </trkpt>
      <trkpt lat="49.942577803" lon="1.147460164">
        <ele>87.44</ele>
      </trkpt>
      <trkpt lat="49.942416862" lon="1.146978368">
        <ele>87.11</ele>
      </trkpt>
      <trkpt lat="49.942340914" lon="1.146740843">
        <ele>86.57</ele>
      </trkpt>
      <trkpt lat="49.942226841" lon="1.146461082">
        <ele>86.05</ele>
      </trkpt>
      <trkpt lat="49.942034749" lon="1.146191502">
        <ele>85.76</ele>
      </trkpt>
      <trkpt lat="49.941761403" lon="1.145784702">
        <ele>85.38</ele>
      </trkpt>
      <trkpt lat="49.941548337" lon="1.14548223">
        <ele>85.05</ele>
      </trkpt>
      <trkpt lat="49.941429516" lon="1.145359804">
        <ele>84.92</ele>
      </trkpt>
      <trkpt lat="49.941278228" lon="1.145222839">
        <ele>84.89</ele>
      </trkpt>
      <trkpt lat="49.940991822" lon="1.144949919">
        <ele>84.51</ele>
      </trkpt>
      <trkpt lat="49.940817695" lon="1.144681322">
        <ele>84.09</ele>
      </trkpt>
      <trkpt lat="49.940695632" lon="1.1444115">
        <ele>83.54</ele>
      </trkpt>
      <trkpt lat="49.940616225" lon="1.144187982">
        <ele>83.03</ele>
      </trkpt>
      <trkpt lat="49.940526693" lon="1.143847835">
        <ele>82.63</ele>
      </trkpt>
      <trkpt lat="49.940497052" lon="1.143663492">
        <ele>82.44</ele>
      </trkpt>
      <trkpt lat="49.940456607" lon="1.143292976">
        <ele>82.34</ele>
      </trkpt>
      <trkpt lat="49.940425926" lon="1.142911099">
        <ele>82.2</ele>
      </trkpt>
      <trkpt lat="49.940391131" lon="1.142384627">
        <ele>81.71</ele>
      </trkpt>
      <trkpt lat="49.940385878" lon="1.142060973">
        <ele>81.26</ele>
      </trkpt>
      <trkpt lat="49.940399657" lon="1.141606665">
        <ele>80.64</ele>
      </trkpt>
      <trkpt lat="49.940401313" lon="1.141230872">
        <ele>79.89</ele>
      </trkpt>
      <trkpt lat="49.940339165" lon="1.140761328">
        <ele>79.2</ele>
      </trkpt>
      <trkpt lat="49.940258856" lon="1.140196619">
        <ele>79.03</ele>
      </trkpt>
      <trkpt lat="49.940227349" lon="1.140009793">
        <ele>78.88</ele>
      </trkpt>
      <trkpt lat="49.940168472" lon="1.13989774">
        <ele>78.03</ele>
      </trkpt>
      <trkpt lat="49.93989528" lon="1.139624238">
        <ele>76.99</ele>
      </trkpt>
      <trkpt lat="49.939744584" lon="1.139423507">
        <ele>75.62</ele>
      </trkpt>
      <trkpt lat="49.939606815" lon="1.13913749">
        <ele>73.54</ele>
      </trkpt>
      <trkpt lat="49.939511089" lon="1.138801953">
        <ele>70.12</ele>
      </trkpt>
      <trkpt lat="49.9394584" lon="1.138479528">
        <ele>70.32</ele>
      </trkpt>
      <trkpt lat="49.939471546" lon="1.138257829">
        <ele>68.64</ele>
      </trkpt>
      <trkpt lat="49.939612532" lon="1.137544627">
        <ele>68.8</ele>
      </trkpt>
      <trkpt lat="49.939688348" lon="1.137073535">
        <ele>69.66</ele>
      </trkpt>
      <trkpt lat="49.939718704" lon="1.13673689">
        <ele>71.25</ele>
      </trkpt>
      <trkpt lat="49.93972655" lon="1.136331056">
        <ele>69.95</ele>
      </trkpt>
      <trkpt lat="49.939710557" lon="1.135922442">
        <ele>69.76</ele>
      </trkpt>
      <trkpt lat="49.939702818" lon="1.135032738">
        <ele>67.99</ele>
      </trkpt>
      <trkpt lat="49.939677102" lon="1.134262861">
        <ele>65.98</ele>
      </trkpt>
      <trkpt lat="49.939661803" lon="1.133898461">
        <ele>62.51</ele>
      </trkpt>
      <trkpt lat="49.939650208" lon="1.13357263">
        <ele>59.99</ele>
      </trkpt>
      <trkpt lat="49.939562224" lon="1.133126207">
        <ele>58.33</ele>
      </trkpt>
      <trkpt lat="49.939440098" lon="1.132627629">
        <ele>57.23</ele>
      </trkpt>
      <trkpt lat="49.93929202" lon="1.132142948">
        <ele>53.99</ele>
      </trkpt>
      <trkpt lat="49.939187444" lon="1.13170085">
        <ele>50.62</ele>
      </trkpt>
      <trkpt lat="49.939072827" lon="1.131225957">
        <ele>48.12</ele>
      </trkpt>
      <trkpt lat="49.938999976" lon="1.13078666">
        <ele>45.66</ele>
      </trkpt>
      <trkpt lat="49.938987498" lon="1.130433583">
        <ele>41.97</ele>
      </trkpt>
      <trkpt lat="49.938976443" lon="1.13004291">
        <ele>40.96</ele>
      </trkpt>
      <trkpt lat="49.938969022" lon="1.129294604">
        <ele>42.27</ele>
      </trkpt>
      <trkpt lat="49.938959027" lon="1.12883017">
        <ele>40.98</ele>
      </trkpt>
      <trkpt lat="49.938955106" lon="1.128435155">
        <ele>41</ele>
      </trkpt>
      <trkpt lat="49.938932459" lon="1.127786143">
        <ele>41.04</ele>
      </trkpt>
      <trkpt lat="49.938883759" lon="1.127566807">
        <ele>40.14</ele>
      </trkpt>
      <trkpt lat="49.938797481" lon="1.127378398">
        <ele>38.42</ele>
      </trkpt>
      <trkpt lat="49.938654241" lon="1.127243784">
        <ele>37.34</ele>
      </trkpt>
      <trkpt lat="49.93842837" lon="1.127104954">
        <ele>35.38</ele>
      </trkpt>
      <trkpt lat="49.938198213" lon="1.126995782">
        <ele>34.03</ele>
      </trkpt>
      <trkpt lat="49.93806966" lon="1.126842175">
        <ele>33.44</ele>
      </trkpt>
      <trkpt lat="49.937957165" lon="1.126651088">
        <ele>33.31</ele>
      </trkpt>
      <trkpt lat="49.937877668" lon="1.126440306">
        <ele>33.32</ele>
      </trkpt>
      <trkpt lat="49.937813582" lon="1.12615152">
        <ele>33.62</ele>
      </trkpt>
      <trkpt lat="49.937740132" lon="1.125723002">
        <ele>33.54</ele>
      </trkpt>
      <trkpt lat="49.93763644" lon="1.125188733">
        <ele>33.21</ele>
      </trkpt>
      <trkpt lat="49.937534625" lon="1.124623059">
        <ele>32.68</ele>
      </trkpt>
      <trkpt lat="49.937428316" lon="1.124074148">
        <ele>32.23</ele>
      </trkpt>
      <trkpt lat="49.937426439" lon="1.123838124">
        <ele>31.2</ele>
      </trkpt>
      <trkpt lat="49.937420694" lon="1.123149119">
        <ele>30.63</ele>
      </trkpt>
      <trkpt lat="49.937429106" lon="1.122632681">
        <ele>30</ele>
      </trkpt>
      <trkpt lat="49.937452528" lon="1.122170247">
        <ele>29.09</ele>
      </trkpt>
      <trkpt lat="49.937495354" lon="1.12141727">
        <ele>28.19</ele>
      </trkpt>
      <trkpt lat="49.937555834" lon="1.120742971">
        <ele>27.35</ele>
      </trkpt>
      <trkpt lat="49.93755757" lon="1.12071839">
        <ele>26.58</ele>
      </trkpt>
      <trkpt lat="49.937558513" lon="1.120705046">
        <ele>25.93</ele>
      </trkpt>
      <trkpt lat="49.937575342" lon="1.120466759">
        <ele>25.92</ele>
      </trkpt>
      <trkpt lat="49.937581968" lon="1.120285864">
        <ele>25.7</ele>
      </trkpt>
      <trkpt lat="49.937578728" lon="1.120083228">
        <ele>25.19</ele>
      </trkpt>
      <trkpt lat="49.93756421" lon="1.119770428">
        <ele>24.68</ele>
      </trkpt>
      <trkpt lat="49.937346042" lon="1.118477454">
        <ele>24.02</ele>
      </trkpt>
      <trkpt lat="49.937312182" lon="1.118294429">
        <ele>23.44</ele>
      </trkpt>
      <trkpt lat="49.937272544" lon="1.118196415">
        <ele>23.29</ele>
      </trkpt>
      <trkpt lat="49.937185224" lon="1.118137098">
        <ele>24.24</ele>
      </trkpt>
      <trkpt lat="49.937051294" lon="1.118094318">
        <ele>25.64</ele>
      </trkpt>
      <trkpt lat="49.936350184" lon="1.117995911">
        <ele>27.16</ele>
      </trkpt>
      <trkpt lat="49.936174845" lon="1.117982372">
        <ele>29.89</ele>
      </trkpt>
      <trkpt lat="49.936069332" lon="1.11793113">
        <ele>32.07</ele>
      </trkpt>
      <trkpt lat="49.93596549" lon="1.117835585">
        <ele>33.17</ele>
      </trkpt>
      <trkpt lat="49.935885073" lon="1.117717022">
        <ele>34.54</ele>
      </trkpt>
      <trkpt lat="49.935820122" lon="1.117524138">
        <ele>35.63</ele>
      </trkpt>
      <trkpt lat="49.935793512" lon="1.117348213">
        <ele>35.44</ele>
      </trkpt>
      <trkpt lat="49.93577247" lon="1.117132796">
        <ele>35.33</ele>
      </trkpt>
      <trkpt lat="49.935781597" lon="1.116742702">
        <ele>36.04</ele>
      </trkpt>
      <trkpt lat="49.935784327" lon="1.116626026">
        <ele>35.51</ele>
      </trkpt>
      <trkpt lat="49.935775655" lon="1.116509467">
        <ele>35.26</ele>
      </trkpt>
      <trkpt lat="49.935808345" lon="1.116269693">
        <ele>35.47</ele>
      </trkpt>
      <trkpt lat="49.935869479" lon="1.115850947">
        <ele>35.38</ele>
      </trkpt>
      <trkpt lat="49.935953561" lon="1.115398975">
        <ele>34.3</ele>
      </trkpt>
      <trkpt lat="49.935994007" lon="1.115154858">
        <ele>34.77</ele>
      </trkpt>
      <trkpt lat="49.936006415" lon="1.114952246">
        <ele>34.94</ele>
      </trkpt>
      <trkpt lat="49.936001088" lon="1.114782658">
        <ele>35.24</ele>
      </trkpt>
      <trkpt lat="49.935972938" lon="1.114654375">
        <ele>36.2</ele>
      </trkpt>
      <trkpt lat="49.935942439" lon="1.114542354">
        <ele>37.64</ele>
      </trkpt>
      <trkpt lat="49.935899161" lon="1.114446995">
        <ele>38.74</ele>
      </trkpt>
      <trkpt lat="49.935821076" lon="1.114296379">
        <ele>39.35</ele>
      </trkpt>
      <trkpt lat="49.935654733" lon="1.11401171">
        <ele>40.81</ele>
      </trkpt>
      <trkpt lat="49.935490609" lon="1.113702703">
        <ele>41.51</ele>
      </trkpt>
      <trkpt lat="49.935377326" lon="1.113472591">
        <ele>42</ele>
      </trkpt>
      <trkpt lat="49.935333335" lon="1.113299703">
        <ele>44.17</ele>
      </trkpt>
      <trkpt lat="49.935307415" lon="1.11284074">
        <ele>47.04</ele>
      </trkpt>
      <trkpt lat="49.935285861" lon="1.111883317">
        <ele>48.51</ele>
      </trkpt>
      <trkpt lat="49.935287458" lon="1.111212477">
        <ele>50.76</ele>
      </trkpt>
      <trkpt lat="49.935257733" lon="1.109747496">
        <ele>53.67</ele>
      </trkpt>
      <trkpt lat="49.935241532" lon="1.107826822">
        <ele>53.9</ele>
      </trkpt>
      <trkpt lat="49.935221164" lon="1.107137667">
        <ele>54.24</ele>
      </trkpt>
      <trkpt lat="49.935215624" lon="1.106505434">
        <ele>54.97</ele>
      </trkpt>
      <trkpt lat="49.935215526" lon="1.105923298">
        <ele>55.45</ele>
      </trkpt>
      <trkpt lat="49.935223309" lon="1.105254614">
        <ele>55.2</ele>
      </trkpt>
      <trkpt lat="49.935217869" lon="1.10491704">
        <ele>55.58</ele>
      </trkpt>
      <trkpt lat="49.935195042" lon="1.104652008">
        <ele>55.73</ele>
      </trkpt>
      <trkpt lat="49.93516839" lon="1.104437431">
        <ele>55.36</ele>
      </trkpt>
      <trkpt lat="49.935141852" lon="1.104230039">
        <ele>55.06</ele>
      </trkpt>
      <trkpt lat="49.935120067" lon="1.104029648">
        <ele>54.95</ele>
      </trkpt>
      <trkpt lat="49.935113114" lon="1.10388618">
        <ele>54.54</ele>
      </trkpt>
      <trkpt lat="49.935132703" lon="1.103662627">
        <ele>54.31</ele>
      </trkpt>
      <trkpt lat="49.935170256" lon="1.103402446">
        <ele>54.2</ele>
      </trkpt>
      <trkpt lat="49.935207114" lon="1.103099168">
        <ele>54.06</ele>
      </trkpt>
      <trkpt lat="49.935213026" lon="1.102890519">
        <ele>54.04</ele>
      </trkpt>
      <trkpt lat="49.935210244" lon="1.10271814">
        <ele>53.93</ele>
      </trkpt>
      <trkpt lat="49.935175244" lon="1.102561384">
        <ele>53.55</ele>
      </trkpt>
      <trkpt lat="49.935130971" lon="1.102404987">
        <ele>53.27</ele>
      </trkpt>
      <trkpt lat="49.935045322" lon="1.102271754">
        <ele>53.21</ele>
      </trkpt>
      <trkpt lat="49.934950518" lon="1.102146062">
        <ele>53.53</ele>
      </trkpt>
      <trkpt lat="49.934646632" lon="1.101712251">
        <ele>54.09</ele>
      </trkpt>
      <trkpt lat="49.934453605" lon="1.101644269">
        <ele>54.92</ele>
      </trkpt>
      <trkpt lat="49.93442996" lon="1.101472702">
        <ele>55.67</ele>
      </trkpt>
      <trkpt lat="49.934275494" lon="1.101171454">
        <ele>55.75</ele>
      </trkpt>
      <trkpt lat="49.934188597" lon="1.100925081">
        <ele>55.47</ele>
      </trkpt>
      <trkpt lat="49.933675029" lon="1.099572331">
        <ele>54.94</ele>
      </trkpt>
      <trkpt lat="49.933273995" lon="1.098581758">
        <ele>54.23</ele>
      </trkpt>
      <trkpt lat="49.932839571" lon="1.097535006">
        <ele>53.47</ele>
      </trkpt>
      <trkpt lat="49.932573439" lon="1.096855432">
        <ele>53.03</ele>
      </trkpt>
      <trkpt lat="49.932325033" lon="1.096124872">
        <ele>52.24</ele>
      </trkpt>
      <trkpt lat="49.932079281" lon="1.095272046">
        <ele>51.02</ele>
      </trkpt>
      <trkpt lat="49.931865822" lon="1.094456299">
        <ele>49.77</ele>
      </trkpt>
      <trkpt lat="49.931675547" lon="1.093783386">
        <ele>48.87</ele>
      </trkpt>
      <trkpt lat="49.931501121" lon="1.09327536">
        <ele>49.04</ele>
      </trkpt>
      <trkpt lat="49.931132815" lon="1.093497886">
        <ele>48.91</ele>
      </trkpt>
      <trkpt lat="49.930465585" lon="1.093926279">
        <ele>49.57</ele>
      </trkpt>
      <trkpt lat="49.929627143" lon="1.094476297">
        <ele>50.67</ele>
      </trkpt>
      <trkpt lat="49.928507614" lon="1.095161782">
        <ele>51.05</ele>
      </trkpt>
      <trkpt lat="49.928219889" lon="1.095345428">
        <ele>50.57</ele>
      </trkpt>
      <trkpt lat="49.927995062" lon="1.095593697">
        <ele>50.88</ele>
      </trkpt>
      <trkpt lat="49.927777192" lon="1.0958896">
        <ele>51.92</ele>
      </trkpt>
      <trkpt lat="49.927494117" lon="1.096360491">
        <ele>51.79</ele>
      </trkpt>
      <trkpt lat="49.926898452" lon="1.097389632">
        <ele>52.12</ele>
      </trkpt>
      <trkpt lat="49.92605554" lon="1.098811575">
        <ele>52.62</ele>
      </trkpt>
      <trkpt lat="49.925844306" lon="1.099135934">
        <ele>51.4</ele>
      </trkpt>
      <trkpt lat="49.925769358" lon="1.099090939">
        <ele>48.17</ele>
      </trkpt>
      <trkpt lat="49.926252506" lon="1.097223099">
        <ele>45.38</ele>
      </trkpt>
      <trkpt lat="49.926526592" lon="1.096196882">
        <ele>41.25</ele>
      </trkpt>
      <trkpt lat="49.926864941" lon="1.094938213">
        <ele>35.51</ele>
      </trkpt>
      <trkpt lat="49.927154291" lon="1.093710176">
        <ele>31.85</ele>
      </trkpt>
      <trkpt lat="49.927550108" lon="1.092221205">
        <ele>27.99</ele>
      </trkpt>
      <trkpt lat="49.927675217" lon="1.091545657">
        <ele>24.31</ele>
      </trkpt>
      <trkpt lat="49.927757365" lon="1.090890941">
        <ele>21.87</ele>
      </trkpt>
      <trkpt lat="49.9278287" lon="1.090332454">
        <ele>20.8</ele>
      </trkpt>
      <trkpt lat="49.927816765" lon="1.089978417">
        <ele>18.66</ele>
      </trkpt>
      <trkpt lat="49.927767741" lon="1.089625827">
        <ele>16.9</ele>
      </trkpt>
      <trkpt lat="49.927654929" lon="1.088773673">
        <ele>15.47</ele>
      </trkpt>
      <trkpt lat="49.927557807" lon="1.088125946">
        <ele>13.93</ele>
      </trkpt>
      <trkpt lat="49.927516091" lon="1.087829556">
        <ele>11.92</ele>
      </trkpt>
      <trkpt lat="49.927459902" lon="1.087430348">
        <ele>10.35</ele>
      </trkpt>
      <trkpt lat="49.927295662" lon="1.086459492">
        <ele>9.57</ele>
      </trkpt>
      <trkpt lat="49.927257431" lon="1.086010676">
        <ele>8.65</ele>
      </trkpt>
      <trkpt lat="49.927255178" lon="1.085917647">
        <ele>8.56</ele>
      </trkpt>
      <trkpt lat="49.927350091" lon="1.085874441">
        <ele>9</ele>
      </trkpt>
      <trkpt lat="49.927425251" lon="1.085792509">
        <ele>8.41</ele>
      </trkpt>
      <trkpt lat="49.927484406" lon="1.085706264">
        <ele>7.77</ele>
      </trkpt>
      <trkpt lat="49.927555898" lon="1.085594853">
        <ele>8.03</ele>
      </trkpt>
      <trkpt lat="49.927619201" lon="1.085567693">
        <ele>6.64</ele>
      </trkpt>
      <trkpt lat="49.927701383" lon="1.085584231">
        <ele>5.89</ele>
      </trkpt>
      <trkpt lat="49.927915435" lon="1.085615366">
        <ele>7.12</ele>
      </trkpt>
      <trkpt lat="49.928059333" lon="1.085644305">
        <ele>8.25</ele>
      </trkpt>
      <trkpt lat="49.92811731" lon="1.085681538">
        <ele>9.39</ele>
      </trkpt>
      <trkpt lat="49.928163028" lon="1.085748873">
        <ele>11.08</ele>
      </trkpt>
      <trkpt lat="49.928261477" lon="1.08592277">
        <ele>11.79</ele>
      </trkpt>
      <trkpt lat="49.928326226" lon="1.085984425">
        <ele>12.87</ele>
      </trkpt>
      <trkpt lat="49.928400129" lon="1.086021037">
        <ele>13.94</ele>
      </trkpt>
      <trkpt lat="49.928621034" lon="1.086081531">
        <ele>13.76</ele>
      </trkpt>
      <trkpt lat="49.928704572" lon="1.086122704">
        <ele>14.05</ele>
      </trkpt>
      <trkpt lat="49.928811532" lon="1.086232085">
        <ele>16.23</ele>
      </trkpt>
      <trkpt lat="49.928946924" lon="1.086365043">
        <ele>15.22</ele>
      </trkpt>
      <trkpt lat="49.929092346" lon="1.086487736">
        <ele>15.55</ele>
      </trkpt>
      <trkpt lat="49.929249225" lon="1.086530983">
        <ele>17.71</ele>
      </trkpt>
      <trkpt lat="49.929424654" lon="1.086538945">
        <ele>15.25</ele>
      </trkpt>
      <trkpt lat="49.929615527" lon="1.086516678">
        <ele>12.05</ele>
      </trkpt>
      <trkpt lat="49.92978338" lon="1.086450873">
        <ele>9.76</ele>
      </trkpt>
      <trkpt lat="49.92992353" lon="1.086445399">
        <ele>6.27</ele>
      </trkpt>
      <trkpt lat="49.930394225" lon="1.086422078">
        <ele>1.45</ele>
      </trkpt>
      <trkpt lat="49.931109068" lon="1.086379344">
        <ele>1.15</ele>
      </trkpt>
      <trkpt lat="49.93157395" lon="1.086351311">
        <ele>0.49</ele>
      </trkpt>
      <trkpt lat="49.931891915" lon="1.086343829">
        <ele>4.16</ele>
      </trkpt>
      <trkpt lat="49.932019659" lon="1.086751136">
        <ele>8.88</ele>
      </trkpt>
      <trkpt lat="49.932381217" lon="1.087620869">
        <ele>13.89</ele>
      </trkpt>
      <trkpt lat="49.932484213" lon="1.08787855">
        <ele>18.77</ele>
      </trkpt>
      <trkpt lat="49.932670183" lon="1.088142867">
        <ele>24.32</ele>
      </trkpt>
      <trkpt lat="49.932904654" lon="1.088449736">
        <ele>26.08</ele>
      </trkpt>
      <trkpt lat="49.933145574" lon="1.088761291">
        <ele>25.66</ele>
      </trkpt>
      <trkpt lat="49.933292358" lon="1.088967891">
        <ele>23.99</ele>
      </trkpt>
      <trkpt lat="49.933397814" lon="1.089181042">
        <ele>21.67</ele>
      </trkpt>
      <trkpt lat="49.933483424" lon="1.089389042">
        <ele>19.12</ele>
      </trkpt>
      <trkpt lat="49.933534651" lon="1.089599372">
        <ele>16.37</ele>
      </trkpt>
      <trkpt lat="49.933556969" lon="1.089796015">
        <ele>14.53</ele>
      </trkpt>
      <trkpt lat="49.933561137" lon="1.09005262">
        <ele>13.91</ele>
      </trkpt>
      <trkpt lat="49.933547796" lon="1.090408665">
        <ele>13.75</ele>
      </trkpt>
      <trkpt lat="49.933545051" lon="1.090828487">
        <ele>15.35</ele>
      </trkpt>
      <trkpt lat="49.933557304" lon="1.091138879">
        <ele>18.31</ele>
      </trkpt>
      <trkpt lat="49.933603484" lon="1.091482943">
        <ele>21.25</ele>
      </trkpt>
      <trkpt lat="49.93366806" lon="1.091875241">
        <ele>21.28</ele>
      </trkpt>
      <trkpt lat="49.933746365" lon="1.092183275">
        <ele>23.28</ele>
      </trkpt>
      <trkpt lat="49.933788831" lon="1.092443328">
        <ele>21.04</ele>
      </trkpt>
      <trkpt lat="49.933821741" lon="1.092703754">
        <ele>18.68</ele>
      </trkpt>
      <trkpt lat="49.933855913" lon="1.092845621">
        <ele>17.36</ele>
      </trkpt>
      <trkpt lat="49.933882676" lon="1.092923585">
        <ele>16.79</ele>
      </trkpt>
      <trkpt lat="49.933918907" lon="1.093018425">
        <ele>20.36</ele>
      </trkpt>
      <trkpt lat="49.933918907" lon="1.093018425">
        <ele>20.36</ele>
      </trkpt>
      <trkpt lat="49.933882676" lon="1.092923585">
        <ele>16.79</ele>
      </trkpt>
      <trkpt lat="49.933855913" lon="1.092845621">
        <ele>17.36</ele>
      </trkpt>
      <trkpt lat="49.933821741" lon="1.092703754">
        <ele>18.68</ele>
      </trkpt>
      <trkpt lat="49.933788831" lon="1.092443328">
        <ele>21.04</ele>
      </trkpt>
      <trkpt lat="49.933746365" lon="1.092183275">
        <ele>23.28</ele>
      </trkpt>
      <trkpt lat="49.93366806" lon="1.091875241">
        <ele>21.28</ele>
      </trkpt>
      <trkpt lat="49.933603484" lon="1.091482943">
        <ele>21.25</ele>
      </trkpt>
      <trkpt lat="49.933557304" lon="1.091138879">
        <ele>18.31</ele>
      </trkpt>
      <trkpt lat="49.933545051" lon="1.090828487">
        <ele>15.35</ele>
      </trkpt>
      <trkpt lat="49.933547796" lon="1.090408665">
        <ele>13.75</ele>
      </trkpt>
      <trkpt lat="49.933561137" lon="1.09005262">
        <ele>13.91</ele>
      </trkpt>
      <trkpt lat="49.933556969" lon="1.089796015">
        <ele>14.53</ele>
      </trkpt>
      <trkpt lat="49.933534651" lon="1.089599372">
        <ele>16.37</ele>
      </trkpt>
      <trkpt lat="49.933483424" lon="1.089389042">
        <ele>19.12</ele>
      </trkpt>
      <trkpt lat="49.933397814" lon="1.089181042">
        <ele>21.67</ele>
      </trkpt>
      <trkpt lat="49.933292358" lon="1.088967891">
        <ele>23.99</ele>
      </trkpt>
      <trkpt lat="49.933145574" lon="1.088761291">
        <ele>25.66</ele>
      </trkpt>
      <trkpt lat="49.932904654" lon="1.088449736">
        <ele>26.08</ele>
      </trkpt>
      <trkpt lat="49.932670183" lon="1.088142867">
        <ele>24.32</ele>
      </trkpt>
      <trkpt lat="49.932484213" lon="1.08787855">
        <ele>18.77</ele>
      </trkpt>
      <trkpt lat="49.932381217" lon="1.087620869">
        <ele>13.89</ele>
      </trkpt>
      <trkpt lat="49.932019659" lon="1.086751136">
        <ele>8.88</ele>
      </trkpt>
      <trkpt lat="49.931891915" lon="1.086343829">
        <ele>4.16</ele>
      </trkpt>
      <trkpt lat="49.93157395" lon="1.086351311">
        <ele>0.49</ele>
      </trkpt>
      <trkpt lat="49.931109068" lon="1.086379344">
        <ele>1.15</ele>
      </trkpt>
      <trkpt lat="49.930394225" lon="1.086422078">
        <ele>1.45</ele>
      </trkpt>
      <trkpt lat="49.92992353" lon="1.086445399">
        <ele>6.27</ele>
      </trkpt>
      <trkpt lat="49.92978338" lon="1.086450873">
        <ele>9.76</ele>
      </trkpt>
      <trkpt lat="49.929615527" lon="1.086516678">
        <ele>12.05</ele>
      </trkpt>
      <trkpt lat="49.929424654" lon="1.086538945">
        <ele>15.25</ele>
      </trkpt>
      <trkpt lat="49.929249225" lon="1.086530983">
        <ele>17.71</ele>
      </trkpt>
      <trkpt lat="49.929092346" lon="1.086487736">
        <ele>15.55</ele>
      </trkpt>
      <trkpt lat="49.928946924" lon="1.086365043">
        <ele>15.22</ele>
      </trkpt>
      <trkpt lat="49.928811532" lon="1.086232085">
        <ele>16.23</ele>
      </trkpt>
      <trkpt lat="49.928704572" lon="1.086122704">
        <ele>14.05</ele>
      </trkpt>
      <trkpt lat="49.928621034" lon="1.086081531">
        <ele>13.76</ele>
      </trkpt>
      <trkpt lat="49.928400129" lon="1.086021037">
        <ele>13.94</ele>
      </trkpt>
      <trkpt lat="49.928326226" lon="1.085984425">
        <ele>12.87</ele>
      </trkpt>
      <trkpt lat="49.928261477" lon="1.08592277">
        <ele>11.79</ele>
      </trkpt>
      <trkpt lat="49.928163028" lon="1.085748873">
        <ele>11.08</ele>
      </trkpt>
      <trkpt lat="49.92811731" lon="1.085681538">
        <ele>9.39</ele>
      </trkpt>
      <trkpt lat="49.928059333" lon="1.085644305">
        <ele>8.25</ele>
      </trkpt>
      <trkpt lat="49.927915435" lon="1.085615366">
        <ele>7.12</ele>
      </trkpt>
      <trkpt lat="49.927701383" lon="1.085584231">
        <ele>5.89</ele>
      </trkpt>
      <trkpt lat="49.927619201" lon="1.085567693">
        <ele>6.64</ele>
      </trkpt>
      <trkpt lat="49.927555898" lon="1.085594853">
        <ele>8.03</ele>
      </trkpt>
      <trkpt lat="49.927484406" lon="1.085706264">
        <ele>7.77</ele>
      </trkpt>
      <trkpt lat="49.927425251" lon="1.085792509">
        <ele>8.41</ele>
      </trkpt>
      <trkpt lat="49.927350091" lon="1.085874441">
        <ele>8.92</ele>
      </trkpt>
      <trkpt lat="49.927255178" lon="1.085917647">
        <ele>8.31</ele>
      </trkpt>
      <trkpt lat="49.927250064" lon="1.085799353">
        <ele>7.23</ele>
      </trkpt>
      <trkpt lat="49.927251605" lon="1.085773372">
        <ele>5.98</ele>
      </trkpt>
      <trkpt lat="49.927275459" lon="1.085370949">
        <ele>4.56</ele>
      </trkpt>
      <trkpt lat="49.927302571" lon="1.08491354">
        <ele>3</ele>
      </trkpt>
      <trkpt lat="49.927310364" lon="1.084853221">
        <ele>1.46</ele>
      </trkpt>
      <trkpt lat="49.927324259" lon="1.084745678">
        <ele>0.38</ele>
      </trkpt>
      <trkpt lat="49.927338326" lon="1.084579183">
        <ele>0.18</ele>
      </trkpt>
      <trkpt lat="49.927338752" lon="1.084574128">
        <ele>2.09</ele>
      </trkpt>
      <trkpt lat="49.92734957" lon="1.084453575">
        <ele>3.6</ele>
      </trkpt>
      <trkpt lat="49.927357579" lon="1.084022415">
        <ele>5.15</ele>
      </trkpt>
      <trkpt lat="49.927344371" lon="1.083788586">
        <ele>7.03</ele>
      </trkpt>
      <trkpt lat="49.92731124" lon="1.083600658">
        <ele>9.44</ele>
      </trkpt>
      <trkpt lat="49.927248104" lon="1.083416815">
        <ele>9.33</ele>
      </trkpt>
      <trkpt lat="49.926939803" lon="1.082788432">
        <ele>9.68</ele>
      </trkpt>
      <trkpt lat="49.926776444" lon="1.082451315">
        <ele>10.12</ele>
      </trkpt>
      <trkpt lat="49.926588099" lon="1.082080244">
        <ele>9.73</ele>
      </trkpt>
      <trkpt lat="49.926479216" lon="1.081904041">
        <ele>8.29</ele>
      </trkpt>
      <trkpt lat="49.926420617" lon="1.081724298">
        <ele>7.75</ele>
      </trkpt>
      <trkpt lat="49.926435428" lon="1.080736885">
        <ele>6.92</ele>
      </trkpt>
      <trkpt lat="49.926439349" lon="1.080219362">
        <ele>6.02</ele>
      </trkpt>
      <trkpt lat="49.926399917" lon="1.080077194">
        <ele>5.99</ele>
      </trkpt>
      <trkpt lat="49.926317685" lon="1.079965445">
        <ele>6.29</ele>
      </trkpt>
      <trkpt lat="49.92636432" lon="1.079791162">
        <ele>6.45</ele>
      </trkpt>
      <trkpt lat="49.926548348" lon="1.079697723">
        <ele>7.22</ele>
      </trkpt>
      <trkpt lat="49.927115852" lon="1.079361735">
        <ele>8.15</ele>
      </trkpt>
      <trkpt lat="49.927168553" lon="1.07929572">
        <ele>9.01</ele>
      </trkpt>
      <trkpt lat="49.927239041" lon="1.079235645">
        <ele>8.99</ele>
      </trkpt>
      <trkpt lat="49.927304167" lon="1.079229051">
        <ele>8.99</ele>
      </trkpt>
      <trkpt lat="49.927379988" lon="1.079238204">
        <ele>10.26</ele>
      </trkpt>
      <trkpt lat="49.927461991" lon="1.079211603">
        <ele>10.89</ele>
      </trkpt>
      <trkpt lat="49.927779815" lon="1.078978775">
        <ele>10.78</ele>
      </trkpt>
      <trkpt lat="49.928010005" lon="1.078682314">
        <ele>11.84</ele>
      </trkpt>
      <trkpt lat="49.928322059" lon="1.078362585">
        <ele>13.32</ele>
      </trkpt>
      <trkpt lat="49.928338466" lon="1.078238152">
        <ele>12.71</ele>
      </trkpt>
      <trkpt lat="49.927957282" lon="1.077481812">
        <ele>12</ele>
      </trkpt>
      <trkpt lat="49.927388602" lon="1.076161521">
        <ele>12.46</ele>
      </trkpt>
      <trkpt lat="49.926814388" lon="1.074879564">
        <ele>12.57</ele>
      </trkpt>
      <trkpt lat="49.926660255" lon="1.074476179">
        <ele>12.71</ele>
      </trkpt>
      <trkpt lat="49.926291507" lon="1.073429941">
        <ele>13.17</ele>
      </trkpt>
      <trkpt lat="49.926138318" lon="1.073086405">
        <ele>13.62</ele>
      </trkpt>
      <trkpt lat="49.925407643" lon="1.073642669">
        <ele>13.55</ele>
      </trkpt>
      <trkpt lat="49.925145077" lon="1.072403089">
        <ele>14.31</ele>
      </trkpt>
      <trkpt lat="49.924078051" lon="1.073293528">
        <ele>13.86</ele>
      </trkpt>
      <trkpt lat="49.923594125" lon="1.072396763">
        <ele>13.66</ele>
      </trkpt>
      <trkpt lat="49.923409788" lon="1.072564233">
        <ele>14.16</ele>
      </trkpt>
      <trkpt lat="49.923416586" lon="1.073132997">
        <ele>14.98</ele>
      </trkpt>
      <trkpt lat="49.923330083" lon="1.073229089">
        <ele>14.7</ele>
      </trkpt>
      <trkpt lat="49.92314936" lon="1.073169205">
        <ele>15.16</ele>
      </trkpt>
      <trkpt lat="49.922893327" lon="1.073071294">
        <ele>18.24</ele>
      </trkpt>
      <trkpt lat="49.922089253" lon="1.073293799">
        <ele>21.63</ele>
      </trkpt>
      <trkpt lat="49.920968312" lon="1.073517717">
        <ele>29.64</ele>
      </trkpt>
      <trkpt lat="49.920011281" lon="1.073707764">
        <ele>38.74</ele>
      </trkpt>
      <trkpt lat="49.915457495" lon="1.074699132">
        <ele>47.42</ele>
      </trkpt>
      <trkpt lat="49.915000353" lon="1.074753939">
        <ele>53.79</ele>
      </trkpt>
      <trkpt lat="49.914854694" lon="1.074395777">
        <ele>59.85</ele>
      </trkpt>
      <trkpt lat="49.91472281" lon="1.074152229">
        <ele>61.26</ele>
      </trkpt>
      <trkpt lat="49.914399214" lon="1.073644457">
        <ele>62.46</ele>
      </trkpt>
      <trkpt lat="49.913935959" lon="1.072854612">
        <ele>64.11</ele>
      </trkpt>
      <trkpt lat="49.913397508" lon="1.072086471">
        <ele>65.93</ele>
      </trkpt>
      <trkpt lat="49.91313401" lon="1.071645575">
        <ele>67.64</ele>
      </trkpt>
      <trkpt lat="49.912680134" lon="1.07096413">
        <ele>69.02</ele>
      </trkpt>
      <trkpt lat="49.912268361" lon="1.070340118">
        <ele>70.9</ele>
      </trkpt>
      <trkpt lat="49.911860106" lon="1.069705968">
        <ele>72.18</ele>
      </trkpt>
      <trkpt lat="49.911448945" lon="1.06901827">
        <ele>72.98</ele>
      </trkpt>
      <trkpt lat="49.911188726" lon="1.068596622">
        <ele>74.04</ele>
      </trkpt>
      <trkpt lat="49.911267632" lon="1.068402833">
        <ele>75.61</ele>
      </trkpt>
      <trkpt lat="49.911743534" lon="1.067542468">
        <ele>76.42</ele>
      </trkpt>
      <trkpt lat="49.912070803" lon="1.066889931">
        <ele>77.86</ele>
      </trkpt>
      <trkpt lat="49.912197058" lon="1.066602181">
        <ele>79.06</ele>
      </trkpt>
      <trkpt lat="49.912323481" lon="1.066331894">
        <ele>80.58</ele>
      </trkpt>
      <trkpt lat="49.91243862" lon="1.066098898">
        <ele>81.78</ele>
      </trkpt>
      <trkpt lat="49.912752938" lon="1.065390078">
        <ele>82.99</ele>
      </trkpt>
      <trkpt lat="49.912892473" lon="1.064991406">
        <ele>84.23</ele>
      </trkpt>
      <trkpt lat="49.913018529" lon="1.06461958">
        <ele>85.87</ele>
      </trkpt>
      <trkpt lat="49.913276803" lon="1.063982997">
        <ele>87.02</ele>
      </trkpt>
      <trkpt lat="49.913491708" lon="1.063588309">
        <ele>87.82</ele>
      </trkpt>
      <trkpt lat="49.913744129" lon="1.063102287">
        <ele>88.67</ele>
      </trkpt>
      <trkpt lat="49.914066133" lon="1.06263703">
        <ele>88.61</ele>
      </trkpt>
      <trkpt lat="49.914252479" lon="1.062393833">
        <ele>88.46</ele>
      </trkpt>
      <trkpt lat="49.914700253" lon="1.062817428">
        <ele>88.2</ele>
      </trkpt>
      <trkpt lat="49.915670855" lon="1.061758294">
        <ele>88.08</ele>
      </trkpt>
      <trkpt lat="49.916469015" lon="1.060905732">
        <ele>87.83</ele>
      </trkpt>
      <trkpt lat="49.917064348" lon="1.060213333">
        <ele>87.57</ele>
      </trkpt>
      <trkpt lat="49.917682719" lon="1.059619505">
        <ele>86.58</ele>
      </trkpt>
      <trkpt lat="49.918334898" lon="1.05891005">
        <ele>86.09</ele>
      </trkpt>
      <trkpt lat="49.919424493" lon="1.057968732">
        <ele>85.21</ele>
      </trkpt>
      <trkpt lat="49.919610428" lon="1.05780215">
        <ele>85.17</ele>
      </trkpt>
      <trkpt lat="49.920373023" lon="1.056895706">
        <ele>85.47</ele>
      </trkpt>
      <trkpt lat="49.921345818" lon="1.055786041">
        <ele>86.43</ele>
      </trkpt>
      <trkpt lat="49.92122961" lon="1.055521617">
        <ele>86.78</ele>
      </trkpt>
      <trkpt lat="49.921169801" lon="1.055358148">
        <ele>87.49</ele>
      </trkpt>
      <trkpt lat="49.921104746" lon="1.055165404">
        <ele>87.28</ele>
      </trkpt>
      <trkpt lat="49.921061032" lon="1.054968127">
        <ele>87.3</ele>
      </trkpt>
      <trkpt lat="49.921028231" lon="1.054711452">
        <ele>87.01</ele>
      </trkpt>
      <trkpt lat="49.920987445" lon="1.0544035">
        <ele>86.85</ele>
      </trkpt>
      <trkpt lat="49.920934583" lon="1.05394124">
        <ele>86.57</ele>
      </trkpt>
      <trkpt lat="49.920888" lon="1.053570865">
        <ele>86.48</ele>
      </trkpt>
      <trkpt lat="49.920851477" lon="1.053233262">
        <ele>86.13</ele>
      </trkpt>
      <trkpt lat="49.92079333" lon="1.052947776">
        <ele>87.01</ele>
      </trkpt>
      <trkpt lat="49.920717053" lon="1.052652291">
        <ele>87.41</ele>
      </trkpt>
      <trkpt lat="49.920610364" lon="1.052244693">
        <ele>88.15</ele>
      </trkpt>
      <trkpt lat="49.920547575" lon="1.052009483">
        <ele>88.18</ele>
      </trkpt>
      <trkpt lat="49.920507057" lon="1.051825905">
        <ele>88.48</ele>
      </trkpt>
      <trkpt lat="49.920463656" lon="1.051576104">
        <ele>88.15</ele>
      </trkpt>
      <trkpt lat="49.920430731" lon="1.051301566">
        <ele>88.69</ele>
      </trkpt>
      <trkpt lat="49.920400405" lon="1.050979383">
        <ele>88.75</ele>
      </trkpt>
      <trkpt lat="49.920360196" lon="1.050491753">
        <ele>89.48</ele>
      </trkpt>
      <trkpt lat="49.920326433" lon="1.049962407">
        <ele>90.79</ele>
      </trkpt>
      <trkpt lat="49.920294523" lon="1.04943741">
        <ele>91.64</ele>
      </trkpt>
      <trkpt lat="49.920252474" lon="1.048839296">
        <ele>91.47</ele>
      </trkpt>
      <trkpt lat="49.920222366" lon="1.048423131">
        <ele>91.26</ele>
      </trkpt>
      <trkpt lat="49.920189975" lon="1.048084448">
        <ele>90.63</ele>
      </trkpt>
      <trkpt lat="49.92015363" lon="1.047722707">
        <ele>89.28</ele>
      </trkpt>
      <trkpt lat="49.920135692" lon="1.047502303">
        <ele>87.71</ele>
      </trkpt>
      <trkpt lat="49.920112537" lon="1.047182602">
        <ele>86.34</ele>
      </trkpt>
      <trkpt lat="49.92011524" lon="1.046883429">
        <ele>85.62</ele>
      </trkpt>
      <trkpt lat="49.920128163" lon="1.046587166">
        <ele>85.05</ele>
      </trkpt>
      <trkpt lat="49.920154488" lon="1.046345649">
        <ele>84.78</ele>
      </trkpt>
      <trkpt lat="49.920163437" lon="1.046132464">
        <ele>82.72</ele>
      </trkpt>
      <trkpt lat="49.920153777" lon="1.045980828">
        <ele>81.29</ele>
      </trkpt>
      <trkpt lat="49.920132002" lon="1.045851789">
        <ele>79.7</ele>
      </trkpt>
      <trkpt lat="49.920101356" lon="1.045725867">
        <ele>77.76</ele>
      </trkpt>
      <trkpt lat="49.92004199" lon="1.045590036">
        <ele>74.39</ele>
      </trkpt>
      <trkpt lat="49.919625383" lon="1.044683485">
        <ele>72.48</ele>
      </trkpt>
      <trkpt lat="49.919333426" lon="1.044018518">
        <ele>70.71</ele>
      </trkpt>
      <trkpt lat="49.919161134" lon="1.043638442">
        <ele>67.75</ele>
      </trkpt>
      <trkpt lat="49.91907213" lon="1.043437463">
        <ele>65.83</ele>
      </trkpt>
      <trkpt lat="49.918981248" lon="1.043231034">
        <ele>64.39</ele>
      </trkpt>
      <trkpt lat="49.918930046" lon="1.043061297">
        <ele>64.39</ele>
      </trkpt>
      <trkpt lat="49.918903807" lon="1.042974316">
        <ele>63.54</ele>
      </trkpt>
      <trkpt lat="49.918865967" lon="1.042738129">
        <ele>63.98</ele>
      </trkpt>
      <trkpt lat="49.918837642" lon="1.042537493">
        <ele>63.45</ele>
      </trkpt>
      <trkpt lat="49.918834881" lon="1.042403732">
        <ele>63.7</ele>
      </trkpt>
      <trkpt lat="49.918828958" lon="1.042116802">
        <ele>63.47</ele>
      </trkpt>
      <trkpt lat="49.918828406" lon="1.042090106">
        <ele>63.95</ele>
      </trkpt>
      <trkpt lat="49.918832646" lon="1.042006418">
        <ele>63.13</ele>
      </trkpt>
      <trkpt lat="49.918837807" lon="1.041904547">
        <ele>62.85</ele>
      </trkpt>
      <trkpt lat="49.91888297" lon="1.041723088">
        <ele>62.71</ele>
      </trkpt>
      <trkpt lat="49.918902219" lon="1.041687606">
        <ele>62.41</ele>
      </trkpt>
      <trkpt lat="49.918958026" lon="1.04158474">
        <ele>61.43</ele>
      </trkpt>
      <trkpt lat="49.918976466" lon="1.041550751">
        <ele>62.75</ele>
      </trkpt>
      <trkpt lat="49.91929919" lon="1.041205336">
        <ele>63.89</ele>
      </trkpt>
      <trkpt lat="49.919370512" lon="1.041072788">
        <ele>63.78</ele>
      </trkpt>
      <trkpt lat="49.919397802" lon="1.040937192">
        <ele>63.7</ele>
      </trkpt>
      <trkpt lat="49.919383724" lon="1.040795698">
        <ele>63.55</ele>
      </trkpt>
      <trkpt lat="49.9193529" lon="1.040683838">
        <ele>62.18</ele>
      </trkpt>
      <trkpt lat="49.919286437" lon="1.04059792">
        <ele>61.03</ele>
      </trkpt>
      <trkpt lat="49.919194398" lon="1.04055577">
        <ele>60.22</ele>
      </trkpt>
      <trkpt lat="49.919062764" lon="1.040589727">
        <ele>59.22</ele>
      </trkpt>
      <trkpt lat="49.918976503" lon="1.04066842">
        <ele>58.3</ele>
      </trkpt>
      <trkpt lat="49.918725848" lon="1.040993293">
        <ele>56.92</ele>
      </trkpt>
      <trkpt lat="49.918460169" lon="1.041340798">
        <ele>55.05</ele>
      </trkpt>
      <trkpt lat="49.91830266" lon="1.041558985">
        <ele>53.6</ele>
      </trkpt>
      <trkpt lat="49.918162487" lon="1.041803151">
        <ele>51.93</ele>
      </trkpt>
      <trkpt lat="49.918105794" lon="1.041960355">
        <ele>50.71</ele>
      </trkpt>
      <trkpt lat="49.918061008" lon="1.042139505">
        <ele>49.48</ele>
      </trkpt>
      <trkpt lat="49.918046299" lon="1.042276166">
        <ele>48.63</ele>
      </trkpt>
      <trkpt lat="49.91804213" lon="1.04247514">
        <ele>47.77</ele>
      </trkpt>
      <trkpt lat="49.918059214" lon="1.042658535">
        <ele>47.19</ele>
      </trkpt>
      <trkpt lat="49.918088314" lon="1.042849446">
        <ele>46.26</ele>
      </trkpt>
      <trkpt lat="49.918145694" lon="1.043178963">
        <ele>46.34</ele>
      </trkpt>
      <trkpt lat="49.918151264" lon="1.043365173">
        <ele>46.44</ele>
      </trkpt>
      <trkpt lat="49.9181215" lon="1.043521688">
        <ele>47.03</ele>
      </trkpt>
      <trkpt lat="49.918063332" lon="1.04362469">
        <ele>47.03</ele>
      </trkpt>
      <trkpt lat="49.917977671" lon="1.043675547">
        <ele>47.49</ele>
      </trkpt>
      <trkpt lat="49.917838969" lon="1.043635971">
        <ele>46.6</ele>
      </trkpt>
      <trkpt lat="49.917797173" lon="1.043589754">
        <ele>45.88</ele>
      </trkpt>
      <trkpt lat="49.917724083" lon="1.043387189">
        <ele>44.58</ele>
      </trkpt>
      <trkpt lat="49.917676125" lon="1.043099152">
        <ele>43.41</ele>
      </trkpt>
      <trkpt lat="49.917650967" lon="1.042928741">
        <ele>41.52</ele>
      </trkpt>
      <trkpt lat="49.917605378" lon="1.042694882">
        <ele>40.77</ele>
      </trkpt>
      <trkpt lat="49.917528356" lon="1.042460433">
        <ele>38.73</ele>
      </trkpt>
      <trkpt lat="49.917433015" lon="1.042276516">
        <ele>37.38</ele>
      </trkpt>
      <trkpt lat="49.917347256" lon="1.042149373">
        <ele>35.57</ele>
      </trkpt>
      <trkpt lat="49.917259733" lon="1.042025057">
        <ele>34.46</ele>
      </trkpt>
      <trkpt lat="49.916757795" lon="1.041350887">
        <ele>32.78</ele>
      </trkpt>
      <trkpt lat="49.916650195" lon="1.041196492">
        <ele>31.74</ele>
      </trkpt>
      <trkpt lat="49.916565639" lon="1.041013696">
        <ele>31.81</ele>
      </trkpt>
      <trkpt lat="49.916522814" lon="1.040786725">
        <ele>32.59</ele>
      </trkpt>
      <trkpt lat="49.916532998" lon="1.040562572">
        <ele>32.08</ele>
      </trkpt>
      <trkpt lat="49.916567404" lon="1.040336411">
        <ele>30.58</ele>
      </trkpt>
      <trkpt lat="49.916640777" lon="1.039890921">
        <ele>29.71</ele>
      </trkpt>
      <trkpt lat="49.916741235" lon="1.039375205">
        <ele>27.57</ele>
      </trkpt>
      <trkpt lat="49.916771467" lon="1.039263181">
        <ele>25.66</ele>
      </trkpt>
      <trkpt lat="49.916821948" lon="1.039113091">
        <ele>21.91</ele>
      </trkpt>
      <trkpt lat="49.916967219" lon="1.038842371">
        <ele>22.59</ele>
      </trkpt>
      <trkpt lat="49.917065996" lon="1.038674357">
        <ele>20.15</ele>
      </trkpt>
      <trkpt lat="49.9171997" lon="1.038413664">
        <ele>18.06</ele>
      </trkpt>
      <trkpt lat="49.917267895" lon="1.038240867">
        <ele>16.91</ele>
      </trkpt>
      <trkpt lat="49.917333266" lon="1.038033367">
        <ele>17.61</ele>
      </trkpt>
      <trkpt lat="49.917398861" lon="1.037807801">
        <ele>15.62</ele>
      </trkpt>
      <trkpt lat="49.917574871" lon="1.037220606">
        <ele>14.9</ele>
      </trkpt>
      <trkpt lat="49.917686579" lon="1.036863237">
        <ele>13.91</ele>
      </trkpt>
      <trkpt lat="49.917761636" lon="1.03663174">
        <ele>12.24</ele>
      </trkpt>
      <trkpt lat="49.917816676" lon="1.03648848">
        <ele>11.88</ele>
      </trkpt>
      <trkpt lat="49.917892049" lon="1.036315495">
        <ele>9.54</ele>
      </trkpt>
      <trkpt lat="49.918042929" lon="1.035982037">
        <ele>9.1</ele>
      </trkpt>
      <trkpt lat="49.918173073" lon="1.035640765">
        <ele>8.81</ele>
      </trkpt>
      <trkpt lat="49.918227545" lon="1.035444671">
        <ele>8.01</ele>
      </trkpt>
      <trkpt lat="49.918254338" lon="1.035263195">
        <ele>6.96</ele>
      </trkpt>
      <trkpt lat="49.918250282" lon="1.034800199">
        <ele>7.28</ele>
      </trkpt>
      <trkpt lat="49.917989823" lon="1.033955789">
        <ele>6.82</ele>
      </trkpt>
      <trkpt lat="49.917778312" lon="1.033406341">
        <ele>6.2</ele>
      </trkpt>
      <trkpt lat="49.917573277" lon="1.03287481">
        <ele>5.91</ele>
      </trkpt>
      <trkpt lat="49.917245808" lon="1.031979296">
        <ele>5.77</ele>
      </trkpt>
      <trkpt lat="49.917094022" lon="1.031641099">
        <ele>5.7</ele>
      </trkpt>
      <trkpt lat="49.916895812" lon="1.03113644">
        <ele>6.11</ele>
      </trkpt>
      <trkpt lat="49.916851233" lon="1.031022942">
        <ele>6.37</ele>
      </trkpt>
      <trkpt lat="49.916759795" lon="1.030786105">
        <ele>6.76</ele>
      </trkpt>
      <trkpt lat="49.916591789" lon="1.03035933">
        <ele>7.46</ele>
      </trkpt>
      <trkpt lat="49.916431083" lon="1.029943495">
        <ele>7.84</ele>
      </trkpt>
      <trkpt lat="49.916123803" lon="1.029174047">
        <ele>8.89</ele>
      </trkpt>
      <trkpt lat="49.91597684" lon="1.029034601">
        <ele>9.71</ele>
      </trkpt>
      <trkpt lat="49.91581759" lon="1.02900533">
        <ele>12.86</ele>
      </trkpt>
      <trkpt lat="49.91576321" lon="1.029024727">
        <ele>13.05</ele>
      </trkpt>
      <trkpt lat="49.915676341" lon="1.029094551">
        <ele>16.93</ele>
      </trkpt>
      <trkpt lat="49.915487623" lon="1.029334296">
        <ele>19.9</ele>
      </trkpt>
      <trkpt lat="49.91505216" lon="1.030014363">
        <ele>22.75</ele>
      </trkpt>
      <trkpt lat="49.914836202" lon="1.03033258">
        <ele>22.53</ele>
      </trkpt>
      <trkpt lat="49.91452652" lon="1.030595601">
        <ele>25.28</ele>
      </trkpt>
      <trkpt lat="49.914305839" lon="1.030773975">
        <ele>25.47</ele>
      </trkpt>
      <trkpt lat="49.914169246" lon="1.031000557">
        <ele>25.48</ele>
      </trkpt>
      <trkpt lat="49.913996766" lon="1.031357551">
        <ele>25.96</ele>
      </trkpt>
      <trkpt lat="49.913618627" lon="1.032164985">
        <ele>28.7</ele>
      </trkpt>
      <trkpt lat="49.913531104" lon="1.032338002">
        <ele>30.55</ele>
      </trkpt>
      <trkpt lat="49.913435399" lon="1.032448705">
        <ele>29.41</ele>
      </trkpt>
      <trkpt lat="49.913324872" lon="1.032526838">
        <ele>29.82</ele>
      </trkpt>
      <trkpt lat="49.913213606" lon="1.032560784">
        <ele>30.54</ele>
      </trkpt>
      <trkpt lat="49.913113489" lon="1.032550063">
        <ele>31.11</ele>
      </trkpt>
      <trkpt lat="49.912936787" lon="1.032512939">
        <ele>31.54</ele>
      </trkpt>
      <trkpt lat="49.912307515" lon="1.032390809">
        <ele>34.17</ele>
      </trkpt>
      <trkpt lat="49.911849115" lon="1.03229867">
        <ele>36.11</ele>
      </trkpt>
      <trkpt lat="49.911652896" lon="1.032232853">
        <ele>37.49</ele>
      </trkpt>
      <trkpt lat="49.91152295" lon="1.032145953">
        <ele>38.71</ele>
      </trkpt>
      <trkpt lat="49.911260406" lon="1.031813819">
        <ele>40.14</ele>
      </trkpt>
      <trkpt lat="49.91072796" lon="1.031018253">
        <ele>42.25</ele>
      </trkpt>
      <trkpt lat="49.910485433" lon="1.030567417">
        <ele>45.3</ele>
      </trkpt>
      <trkpt lat="49.909974899" lon="1.029565458">
        <ele>50.97</ele>
      </trkpt>
      <trkpt lat="49.909465513" lon="1.028206993">
        <ele>56.11</ele>
      </trkpt>
      <trkpt lat="49.909054045" lon="1.026906329">
        <ele>61.72</ele>
      </trkpt>
      <trkpt lat="49.908905459" lon="1.026382662">
        <ele>65.88</ele>
      </trkpt>
      <trkpt lat="49.90886218" lon="1.026108066">
        <ele>68.75</ele>
      </trkpt>
      <trkpt lat="49.90884268" lon="1.025832513">
        <ele>68.64</ele>
      </trkpt>
      <trkpt lat="49.908833863" lon="1.025484683">
        <ele>67.39</ele>
      </trkpt>
      <trkpt lat="49.908833775" lon="1.025125447">
        <ele>66.53</ele>
      </trkpt>
      <trkpt lat="49.908817941" lon="1.024891197">
        <ele>66.23</ele>
      </trkpt>
      <trkpt lat="49.908754086" lon="1.02463125">
        <ele>65.85</ele>
      </trkpt>
      <trkpt lat="49.908677224" lon="1.024482362">
        <ele>65.81</ele>
      </trkpt>
      <trkpt lat="49.908570562" lon="1.02433007">
        <ele>67.54</ele>
      </trkpt>
      <trkpt lat="49.908392564" lon="1.024180654">
        <ele>70.11</ele>
      </trkpt>
      <trkpt lat="49.907944864" lon="1.023876312">
        <ele>73.68</ele>
      </trkpt>
      <trkpt lat="49.90672277" lon="1.023013703">
        <ele>77.78</ele>
      </trkpt>
      <trkpt lat="49.905863702" lon="1.022408205">
        <ele>82.03</ele>
      </trkpt>
      <trkpt lat="49.905168496" lon="1.021925064">
        <ele>86.07</ele>
      </trkpt>
      <trkpt lat="49.904926293" lon="1.021672337">
        <ele>87.71</ele>
      </trkpt>
      <trkpt lat="49.904764105" lon="1.021340455">
        <ele>88.35</ele>
      </trkpt>
      <trkpt lat="49.905371889" lon="1.021285929">
        <ele>88.13</ele>
      </trkpt>
      <trkpt lat="49.905839842" lon="1.021185257">
        <ele>87.65</ele>
      </trkpt>
      <trkpt lat="49.906266538" lon="1.021051257">
        <ele>86.69</ele>
      </trkpt>
      <trkpt lat="49.906873907" lon="1.020784101">
        <ele>86.01</ele>
      </trkpt>
      <trkpt lat="49.907186547" lon="1.021091216">
        <ele>85.34</ele>
      </trkpt>
      <trkpt lat="49.906873907" lon="1.020784101">
        <ele>85.06</ele>
      </trkpt>
      <trkpt lat="49.906758791" lon="1.020633314">
        <ele>85.09</ele>
      </trkpt>
      <trkpt lat="49.906723159" lon="1.020588789">
        <ele>84.33</ele>
      </trkpt>
      <trkpt lat="49.906427021" lon="1.020273905">
        <ele>84.66</ele>
      </trkpt>
      <trkpt lat="49.906269741" lon="1.020050121">
        <ele>84.95</ele>
      </trkpt>
      <trkpt lat="49.906133358" lon="1.019856074">
        <ele>85.13</ele>
      </trkpt>
      <trkpt lat="49.906054638" lon="1.019717691">
        <ele>85.55</ele>
      </trkpt>
      <trkpt lat="49.906014923" lon="1.019615835">
        <ele>85.98</ele>
      </trkpt>
      <trkpt lat="49.906001462" lon="1.019569559">
        <ele>85.46</ele>
      </trkpt>
      <trkpt lat="49.905983211" lon="1.019506819">
        <ele>85.19</ele>
      </trkpt>
      <trkpt lat="49.905951232" lon="1.019344531">
        <ele>85.13</ele>
      </trkpt>
      <trkpt lat="49.905933798" lon="1.019256061">
        <ele>84.46</ele>
      </trkpt>
      <trkpt lat="49.905916701" lon="1.0191693">
        <ele>83.69</ele>
      </trkpt>
      <trkpt lat="49.905911594" lon="1.019127072">
        <ele>83.62</ele>
      </trkpt>
      <trkpt lat="49.905865412" lon="1.018745183">
        <ele>83.22</ele>
      </trkpt>
      <trkpt lat="49.905844007" lon="1.018592801">
        <ele>83.26</ele>
      </trkpt>
      <trkpt lat="49.90581717" lon="1.01843639">
        <ele>83.21</ele>
      </trkpt>
      <trkpt lat="49.905791455" lon="1.018300804">
        <ele>84.26</ele>
      </trkpt>
      <trkpt lat="49.905761999" lon="1.01815141">
        <ele>84.93</ele>
      </trkpt>
      <trkpt lat="49.905662242" lon="1.017613263">
        <ele>87.04</ele>
      </trkpt>
      <trkpt lat="49.905642487" lon="1.017506698">
        <ele>87.95</ele>
      </trkpt>
      <trkpt lat="49.905615785" lon="1.017359421">
        <ele>89.64</ele>
      </trkpt>
      <trkpt lat="49.905579748" lon="1.017160658">
        <ele>90.15</ele>
      </trkpt>
      <trkpt lat="49.905487106" lon="1.016815483">
        <ele>90.78</ele>
      </trkpt>
      <trkpt lat="49.905466385" lon="1.016756885">
        <ele>91.1</ele>
      </trkpt>
      <trkpt lat="49.905447734" lon="1.016704139">
        <ele>92.41</ele>
      </trkpt>
      <trkpt lat="49.905391923" lon="1.016546311">
        <ele>93.04</ele>
      </trkpt>
      <trkpt lat="49.905316287" lon="1.01629994">
        <ele>93.86</ele>
      </trkpt>
      <trkpt lat="49.905259906" lon="1.016069221">
        <ele>95.47</ele>
      </trkpt>
      <trkpt lat="49.905245733" lon="1.01595227">
        <ele>96.07</ele>
      </trkpt>
      <trkpt lat="49.905228444" lon="1.015809595">
        <ele>95.82</ele>
      </trkpt>
      <trkpt lat="49.905223639" lon="1.015769945">
        <ele>96.91</ele>
      </trkpt>
      <trkpt lat="49.90519696" lon="1.015564777">
        <ele>98.22</ele>
      </trkpt>
      <trkpt lat="49.905141376" lon="1.01539035">
        <ele>98.64</ele>
      </trkpt>
      <trkpt lat="49.905089699" lon="1.015289284">
        <ele>99.34</ele>
      </trkpt>
      <trkpt lat="49.904910892" lon="1.014987049">
        <ele>100.63</ele>
      </trkpt>
      <trkpt lat="49.904814797" lon="1.014791992">
        <ele>100.68</ele>
      </trkpt>
      <trkpt lat="49.904729533" lon="1.014533867">
        <ele>100.49</ele>
      </trkpt>
      <trkpt lat="49.904755075" lon="1.01431665">
        <ele>100.27</ele>
      </trkpt>
      <trkpt lat="49.904810092" lon="1.013925925">
        <ele>99.81</ele>
      </trkpt>
      <trkpt lat="49.904858766" lon="1.013695253">
        <ele>98.86</ele>
      </trkpt>
      <trkpt lat="49.905323644" lon="1.011856226">
        <ele>97.82</ele>
      </trkpt>
      <trkpt lat="49.90556864" lon="1.010936373">
        <ele>96.54</ele>
      </trkpt>
      <trkpt lat="49.905101123" lon="1.010635763">
        <ele>94.95</ele>
      </trkpt>
      <trkpt lat="49.904651832" lon="1.010359706">
        <ele>93.95</ele>
      </trkpt>
      <trkpt lat="49.904445031" lon="1.010252496">
        <ele>93.11</ele>
      </trkpt>
      <trkpt lat="49.90430628" lon="1.010168533">
        <ele>93.13</ele>
      </trkpt>
      <trkpt lat="49.904063399" lon="1.009439213">
        <ele>93.64</ele>
      </trkpt>
      <trkpt lat="49.903881786" lon="1.008832429">
        <ele>94.27</ele>
      </trkpt>
      <trkpt lat="49.903906074" lon="1.008671909">
        <ele>93.81</ele>
      </trkpt>
      <trkpt lat="49.904042133" lon="1.007974587">
        <ele>93.62</ele>
      </trkpt>
      <trkpt lat="49.904119631" lon="1.007588832">
        <ele>93.32</ele>
      </trkpt>
      <trkpt lat="49.904178276" lon="1.007285599">
        <ele>91.86</ele>
      </trkpt>
      <trkpt lat="49.904270046" lon="1.006891127">
        <ele>92.54</ele>
      </trkpt>
      <trkpt lat="49.904318067" lon="1.006684102">
        <ele>93.79</ele>
      </trkpt>
      <trkpt lat="49.90439168" lon="1.006518115">
        <ele>93.53</ele>
      </trkpt>
      <trkpt lat="49.90452363" lon="1.006185151">
        <ele>93.66</ele>
      </trkpt>
      <trkpt lat="49.904650806" lon="1.005854224">
        <ele>95.42</ele>
      </trkpt>
      <trkpt lat="49.904874572" lon="1.005268066">
        <ele>95.33</ele>
      </trkpt>
      <trkpt lat="49.905019938" lon="1.004848543">
        <ele>94.66</ele>
      </trkpt>
      <trkpt lat="49.905131577" lon="1.004509596">
        <ele>95.86</ele>
      </trkpt>
      <trkpt lat="49.905376994" lon="1.00378883">
        <ele>95.71</ele>
      </trkpt>
      <trkpt lat="49.905603317" lon="1.003182887">
        <ele>94.75</ele>
      </trkpt>
      <trkpt lat="49.905771771" lon="1.002740499">
        <ele>94.45</ele>
      </trkpt>
      <trkpt lat="49.905929179" lon="1.002355403">
        <ele>95.01</ele>
      </trkpt>
      <trkpt lat="49.906096323" lon="1.001957535">
        <ele>95.32</ele>
      </trkpt>
      <trkpt lat="49.906134133" lon="1.001864625">
        <ele>95.75</ele>
      </trkpt>
      <trkpt lat="49.906378696" lon="1.001259094">
        <ele>96.27</ele>
      </trkpt>
      <trkpt lat="49.906581794" lon="1.000722216">
        <ele>96.08</ele>
      </trkpt>
      <trkpt lat="49.906739124" lon="1.000309711">
        <ele>95.62</ele>
      </trkpt>
      <trkpt lat="49.906841069" lon="1.000026168">
        <ele>94.35</ele>
      </trkpt>
      <trkpt lat="49.906949736" lon="0.999700736">
        <ele>93.7</ele>
      </trkpt>
      <trkpt lat="49.907012793" lon="0.999473832">
        <ele>93.26</ele>
      </trkpt>
      <trkpt lat="49.90706875" lon="0.999091393">
        <ele>92.22</ele>
      </trkpt>
      <trkpt lat="49.907148342" lon="0.998816778">
        <ele>91.23</ele>
      </trkpt>
      <trkpt lat="49.907229319" lon="0.99858662">
        <ele>90.89</ele>
      </trkpt>
      <trkpt lat="49.907343979" lon="0.99829379">
        <ele>90.29</ele>
      </trkpt>
      <trkpt lat="49.907456923" lon="0.998053659">
        <ele>89.45</ele>
      </trkpt>
      <trkpt lat="49.907526827" lon="0.997878015">
        <ele>89.4</ele>
      </trkpt>
      <trkpt lat="49.907559531" lon="0.997749236">
        <ele>89.39</ele>
      </trkpt>
      <trkpt lat="49.907579346" lon="0.997591598">
        <ele>89.27</ele>
      </trkpt>
      <trkpt lat="49.907591608" lon="0.997318756">
        <ele>89.4</ele>
      </trkpt>
      <trkpt lat="49.907604634" lon="0.997115414">
        <ele>88.57</ele>
      </trkpt>
      <trkpt lat="49.907623275" lon="0.99693278">
        <ele>88.48</ele>
      </trkpt>
      <trkpt lat="49.907679108" lon="0.996621246">
        <ele>88.64</ele>
      </trkpt>
      <trkpt lat="49.907721849" lon="0.99642546">
        <ele>88.88</ele>
      </trkpt>
      <trkpt lat="49.90759707" lon="0.996428756">
        <ele>89.14</ele>
      </trkpt>
      <trkpt lat="49.907468783" lon="0.9963808">
        <ele>90.29</ele>
      </trkpt>
      <trkpt lat="49.90734061" lon="0.996297882">
        <ele>91.22</ele>
      </trkpt>
      <trkpt lat="49.907256343" lon="0.996229198">
        <ele>91.92</ele>
      </trkpt>
      <trkpt lat="49.907133957" lon="0.996093533">
        <ele>92.64</ele>
      </trkpt>
      <trkpt lat="49.906927956" lon="0.995845786">
        <ele>93.03</ele>
      </trkpt>
      <trkpt lat="49.906860786" lon="0.995764186">
        <ele>93.63</ele>
      </trkpt>
      <trkpt lat="49.906664255" lon="0.995546871">
        <ele>94.02</ele>
      </trkpt>
      <trkpt lat="49.906520719" lon="0.995434197">
        <ele>94.14</ele>
      </trkpt>
      <trkpt lat="49.90627562" lon="0.995237358">
        <ele>94.25</ele>
      </trkpt>
      <trkpt lat="49.906072743" lon="0.99508005">
        <ele>94.87</ele>
      </trkpt>
      <trkpt lat="49.905927188" lon="0.994990743">
        <ele>95.18</ele>
      </trkpt>
      <trkpt lat="49.90572398" lon="0.994884889">
        <ele>95.17</ele>
      </trkpt>
      <trkpt lat="49.905004977" lon="0.994582735">
        <ele>95.33</ele>
      </trkpt>
      <trkpt lat="49.904629651" lon="0.994421653">
        <ele>95.49</ele>
      </trkpt>
      <trkpt lat="49.904444143" lon="0.994336">
        <ele>95.13</ele>
      </trkpt>
      <trkpt lat="49.904257108" lon="0.99426884">
        <ele>95.07</ele>
      </trkpt>
      <trkpt lat="49.904276347" lon="0.994174762">
        <ele>95.19</ele>
      </trkpt>
      <trkpt lat="49.904156701" lon="0.994156544">
        <ele>95.25</ele>
      </trkpt>
      <trkpt lat="49.904050895" lon="0.994149607">
        <ele>95.54</ele>
      </trkpt>
      <trkpt lat="49.90393876" lon="0.994171086">
        <ele>95.63</ele>
      </trkpt>
      <trkpt lat="49.903803034" lon="0.994165589">
        <ele>95.66</ele>
      </trkpt>
      <trkpt lat="49.903712488" lon="0.99415824">
        <ele>95.35</ele>
      </trkpt>
      <trkpt lat="49.903670393" lon="0.994074426">
        <ele>95.63</ele>
      </trkpt>
      <trkpt lat="49.903662423" lon="0.993921705">
        <ele>95.12</ele>
      </trkpt>
      <trkpt lat="49.903696257" lon="0.993245127">
        <ele>94.99</ele>
      </trkpt>
      <trkpt lat="49.903700437" lon="0.993054546">
        <ele>93.95</ele>
      </trkpt>
      <trkpt lat="49.9036965" lon="0.992942037">
        <ele>93.33</ele>
      </trkpt>
      <trkpt lat="49.903660745" lon="0.992794223">
        <ele>92.66</ele>
      </trkpt>
      <trkpt lat="49.903625918" lon="0.992709697">
        <ele>91.36</ele>
      </trkpt>
      <trkpt lat="49.903520977" lon="0.992451327">
        <ele>90.81</ele>
      </trkpt>
      <trkpt lat="49.903389706" lon="0.992153899">
        <ele>91.33</ele>
      </trkpt>
      <trkpt lat="49.903105241" lon="0.991686978">
        <ele>91.17</ele>
      </trkpt>
      <trkpt lat="49.902958832" lon="0.991406109">
        <ele>89.88</ele>
      </trkpt>
      <trkpt lat="49.902698901" lon="0.990946108">
        <ele>89.35</ele>
      </trkpt>
      <trkpt lat="49.902390512" lon="0.990458271">
        <ele>87.41</ele>
      </trkpt>
      <trkpt lat="49.902197207" lon="0.990067255">
        <ele>85.02</ele>
      </trkpt>
      <trkpt lat="49.901957744" lon="0.989666778">
        <ele>83.2</ele>
      </trkpt>
      <trkpt lat="49.901837559" lon="0.989436407">
        <ele>79.98</ele>
      </trkpt>
      <trkpt lat="49.901638315" lon="0.98902299">
        <ele>78.19</ele>
      </trkpt>
      <trkpt lat="49.901480244" lon="0.988632606">
        <ele>76.37</ele>
      </trkpt>
      <trkpt lat="49.901383988" lon="0.9883738">
        <ele>74.74</ele>
      </trkpt>
      <trkpt lat="49.901214617" lon="0.987943012">
        <ele>72.31</ele>
      </trkpt>
      <trkpt lat="49.901051463" lon="0.98753877">
        <ele>71.89</ele>
      </trkpt>
      <trkpt lat="49.900912753" lon="0.987176829">
        <ele>70.4</ele>
      </trkpt>
      <trkpt lat="49.900861298" lon="0.986990518">
        <ele>69.42</ele>
      </trkpt>
      <trkpt lat="49.900802259" lon="0.986768265">
        <ele>68.19</ele>
      </trkpt>
      <trkpt lat="49.900592331" lon="0.986543074">
        <ele>67.66</ele>
      </trkpt>
      <trkpt lat="49.900405789" lon="0.986321432">
        <ele>66.99</ele>
      </trkpt>
      <trkpt lat="49.900263526" lon="0.986125029">
        <ele>66.06</ele>
      </trkpt>
      <trkpt lat="49.900058751" lon="0.985878853">
        <ele>64.91</ele>
      </trkpt>
      <trkpt lat="49.89984198" lon="0.985603806">
        <ele>63.92</ele>
      </trkpt>
      <trkpt lat="49.899518758" lon="0.9852037">
        <ele>62.71</ele>
      </trkpt>
      <trkpt lat="49.899091033" lon="0.98469239">
        <ele>61.57</ele>
      </trkpt>
      <trkpt lat="49.898860608" lon="0.984401036">
        <ele>60.69</ele>
      </trkpt>
      <trkpt lat="49.898727102" lon="0.984265578">
        <ele>59.98</ele>
      </trkpt>
      <trkpt lat="49.898345106" lon="0.983910152">
        <ele>59.22</ele>
      </trkpt>
      <trkpt lat="49.898082424" lon="0.983705855">
        <ele>58.66</ele>
      </trkpt>
      <trkpt lat="49.897852801" lon="0.983567405">
        <ele>58.1</ele>
      </trkpt>
      <trkpt lat="49.897663232" lon="0.983477931">
        <ele>57.57</ele>
      </trkpt>
      <trkpt lat="49.897407157" lon="0.983383283">
        <ele>56.73</ele>
      </trkpt>
      <trkpt lat="49.897110917" lon="0.983310557">
        <ele>55.71</ele>
      </trkpt>
      <trkpt lat="49.896766846" lon="0.983255167">
        <ele>54.6</ele>
      </trkpt>
      <trkpt lat="49.896437124" lon="0.98317664">
        <ele>53.68</ele>
      </trkpt>
      <trkpt lat="49.896144006" lon="0.983081873">
        <ele>52.86</ele>
      </trkpt>
      <trkpt lat="49.895975976" lon="0.982996695">
        <ele>52.01</ele>
      </trkpt>
      <trkpt lat="49.895744417" lon="0.982814675">
        <ele>51.65</ele>
      </trkpt>
      <trkpt lat="49.895608983" lon="0.982687639">
        <ele>50.85</ele>
      </trkpt>
      <trkpt lat="49.895497895" lon="0.982592754">
        <ele>49.25</ele>
      </trkpt>
      <trkpt lat="49.895384619" lon="0.982509009">
        <ele>47.5</ele>
      </trkpt>
      <trkpt lat="49.895135175" lon="0.982394034">
        <ele>45.69</ele>
      </trkpt>
      <trkpt lat="49.894962579" lon="0.982320098">
        <ele>43.69</ele>
      </trkpt>
      <trkpt lat="49.894789523" lon="0.982260917">
        <ele>41.92</ele>
      </trkpt>
      <trkpt lat="49.894638896" lon="0.98221923">
        <ele>40.87</ele>
      </trkpt>
      <trkpt lat="49.894502916" lon="0.982199044">
        <ele>39.42</ele>
      </trkpt>
      <trkpt lat="49.894384024" lon="0.982203937">
        <ele>38.47</ele>
      </trkpt>
      <trkpt lat="49.893939139" lon="0.982347481">
        <ele>37.65</ele>
      </trkpt>
      <trkpt lat="49.893576385" lon="0.982465546">
        <ele>37.43</ele>
      </trkpt>
      <trkpt lat="49.893377353" lon="0.982536701">
        <ele>37.44</ele>
      </trkpt>
      <trkpt lat="49.892970942" lon="0.982681992">
        <ele>37.88</ele>
      </trkpt>
      <trkpt lat="49.892727225" lon="0.982762003">
        <ele>38.32</ele>
      </trkpt>
      <trkpt lat="49.892561533" lon="0.98281302">
        <ele>38.7</ele>
      </trkpt>
      <trkpt lat="49.892494255" lon="0.982830523">
        <ele>39.18</ele>
      </trkpt>
      <trkpt lat="49.892368166" lon="0.982832026">
        <ele>39.65</ele>
      </trkpt>
      <trkpt lat="49.892117039" lon="0.982757641">
        <ele>40.12</ele>
      </trkpt>
      <trkpt lat="49.891997018" lon="0.982662621">
        <ele>41.05</ele>
      </trkpt>
      <trkpt lat="49.891904754" lon="0.982589577">
        <ele>42.21</ele>
      </trkpt>
      <trkpt lat="49.891687355" lon="0.98230386">
        <ele>43.03</ele>
      </trkpt>
      <trkpt lat="49.891519406" lon="0.982043067">
        <ele>44.05</ele>
      </trkpt>
      <trkpt lat="49.891519377" lon="0.982043022">
        <ele>45.13</ele>
      </trkpt>
      <trkpt lat="49.891382385" lon="0.981830304">
        <ele>45.7</ele>
      </trkpt>
      <trkpt lat="49.891362197" lon="0.981798956">
        <ele>46.78</ele>
      </trkpt>
      <trkpt lat="49.891349981" lon="0.981779988">
        <ele>47.89</ele>
      </trkpt>
      <trkpt lat="49.891155294" lon="0.981497707">
        <ele>49.15</ele>
      </trkpt>
      <trkpt lat="49.890885588" lon="0.981106658">
        <ele>50.62</ele>
      </trkpt>
      <trkpt lat="49.889751751" lon="0.979308092">
        <ele>52.04</ele>
      </trkpt>
      <trkpt lat="49.889561945" lon="0.978925505">
        <ele>52.73</ele>
      </trkpt>
      <trkpt lat="49.889452254" lon="0.978635376">
        <ele>53.54</ele>
      </trkpt>
      <trkpt lat="49.88940761" lon="0.978351121">
        <ele>53.73</ele>
      </trkpt>
      <trkpt lat="49.889316842" lon="0.977300003">
        <ele>53.69</ele>
      </trkpt>
      <trkpt lat="49.889097151" lon="0.97455469">
        <ele>53.73</ele>
      </trkpt>
      <trkpt lat="49.888904216" lon="0.972544065">
        <ele>53.97</ele>
      </trkpt>
      <trkpt lat="49.888862901" lon="0.971529244">
        <ele>54</ele>
      </trkpt>
      <trkpt lat="49.888801813" lon="0.970766024">
        <ele>54</ele>
      </trkpt>
      <trkpt lat="49.888738809" lon="0.970033857">
        <ele>53.97</ele>
      </trkpt>
      <trkpt lat="49.888705822" lon="0.969651515">
        <ele>53.91</ele>
      </trkpt>
      <trkpt lat="49.888608485" lon="0.968985222">
        <ele>53.73</ele>
      </trkpt>
      <trkpt lat="49.888557708" lon="0.968754155">
        <ele>54.05</ele>
      </trkpt>
      <trkpt lat="49.888430555" lon="0.968175548">
        <ele>53.58</ele>
      </trkpt>
      <trkpt lat="49.888290171" lon="0.967510801">
        <ele>53.02</ele>
      </trkpt>
      <trkpt lat="49.887927469" lon="0.965844406">
        <ele>53.14</ele>
      </trkpt>
      <trkpt lat="49.887716202" lon="0.964867478">
        <ele>52</ele>
      </trkpt>
      <trkpt lat="49.887562587" lon="0.963827845">
        <ele>50.13</ele>
      </trkpt>
      <trkpt lat="49.887280693" lon="0.962085647">
        <ele>49.14</ele>
      </trkpt>
      <trkpt lat="49.887107531" lon="0.96118393">
        <ele>48.41</ele>
      </trkpt>
      <trkpt lat="49.887037542" lon="0.960753811">
        <ele>47.22</ele>
      </trkpt>
      <trkpt lat="49.887008776" lon="0.960275095">
        <ele>46.8</ele>
      </trkpt>
      <trkpt lat="49.886987015" lon="0.960018563">
        <ele>46.31</ele>
      </trkpt>
      <trkpt lat="49.886965194" lon="0.959628985">
        <ele>45.89</ele>
      </trkpt>
      <trkpt lat="49.886928483" lon="0.958973597">
        <ele>45.21</ele>
      </trkpt>
      <trkpt lat="49.886894859" lon="0.958700712">
        <ele>44.08</ele>
      </trkpt>
      <trkpt lat="49.886825297" lon="0.958355445">
        <ele>43.06</ele>
      </trkpt>
      <trkpt lat="49.886743997" lon="0.957908429">
        <ele>42.34</ele>
      </trkpt>
      <trkpt lat="49.886840254" lon="0.957606998">
        <ele>41.18</ele>
      </trkpt>
      <trkpt lat="49.887040794" lon="0.957417231">
        <ele>40.47</ele>
      </trkpt>
      <trkpt lat="49.887281811" lon="0.957189162">
        <ele>39.47</ele>
      </trkpt>
      <trkpt lat="49.887527557" lon="0.956925357">
        <ele>38.77</ele>
      </trkpt>
      <trkpt lat="49.8876112" lon="0.956778536">
        <ele>37.69</ele>
      </trkpt>
      <trkpt lat="49.887635781" lon="0.956570778">
        <ele>36.24</ele>
      </trkpt>
      <trkpt lat="49.887560116" lon="0.956233709">
        <ele>34.63</ele>
      </trkpt>
      <trkpt lat="49.887305689" lon="0.955971207">
        <ele>33.66</ele>
      </trkpt>
      <trkpt lat="49.887038922" lon="0.955808525">
        <ele>32.74</ele>
      </trkpt>
      <trkpt lat="49.88674215" lon="0.955710408">
        <ele>30.39</ele>
      </trkpt>
      <trkpt lat="49.886272116" lon="0.95563793">
        <ele>29.45</ele>
      </trkpt>
      <trkpt lat="49.885952204" lon="0.95557761">
        <ele>28.93</ele>
      </trkpt>
      <trkpt lat="49.885768664" lon="0.955559482">
        <ele>26.26</ele>
      </trkpt>
      <trkpt lat="49.885538216" lon="0.955635381">
        <ele>23.42</ele>
      </trkpt>
      <trkpt lat="49.884771704" lon="0.955891986">
        <ele>21.92</ele>
      </trkpt>
      <trkpt lat="49.884212081" lon="0.956058939">
        <ele>20.01</ele>
      </trkpt>
      <trkpt lat="49.883949102" lon="0.95612514">
        <ele>16.02</ele>
      </trkpt>
      <trkpt lat="49.883805983" lon="0.956105326">
        <ele>13.93</ele>
      </trkpt>
      <trkpt lat="49.883647797" lon="0.955934318">
        <ele>11.7</ele>
      </trkpt>
      <trkpt lat="49.883320668" lon="0.955199704">
        <ele>10.24</ele>
      </trkpt>
      <trkpt lat="49.882936722" lon="0.954365194">
        <ele>9.4</ele>
      </trkpt>
      <trkpt lat="49.882687675" lon="0.953802088">
        <ele>10.45</ele>
      </trkpt>
      <trkpt lat="49.882387" lon="0.953116544">
        <ele>11.49</ele>
      </trkpt>
      <trkpt lat="49.882143203" lon="0.952569344">
        <ele>11.97</ele>
      </trkpt>
      <trkpt lat="49.881961806" lon="0.952102895">
        <ele>12.98</ele>
      </trkpt>
      <trkpt lat="49.881868839" lon="0.951824711">
        <ele>11.19</ele>
      </trkpt>
      <trkpt lat="49.881815513" lon="0.951557953">
        <ele>8.91</ele>
      </trkpt>
      <trkpt lat="49.881779939" lon="0.951351858">
        <ele>7.02</ele>
      </trkpt>
      <trkpt lat="49.881777865" lon="0.951169861">
        <ele>5.81</ele>
      </trkpt>
      <trkpt lat="49.881818401" lon="0.950782883">
        <ele>4.11</ele>
      </trkpt>
      <trkpt lat="49.881772262" lon="0.950593318">
        <ele>4.36</ele>
      </trkpt>
      <trkpt lat="49.882056326" lon="0.95038958">
        <ele>5.16</ele>
      </trkpt>
      <trkpt lat="49.882326013" lon="0.950100099">
        <ele>6.2</ele>
      </trkpt>
      <trkpt lat="49.882522436" lon="0.949843193">
        <ele>7.02</ele>
      </trkpt>
      <trkpt lat="49.882596481" lon="0.949553516">
        <ele>7.78</ele>
      </trkpt>
      <trkpt lat="49.882693911" lon="0.949000728">
        <ele>8.51</ele>
      </trkpt>
      <trkpt lat="49.882751686" lon="0.948766305">
        <ele>9.53</ele>
      </trkpt>
      <trkpt lat="49.882837371" lon="0.948561589">
        <ele>10.59</ele>
      </trkpt>
      <trkpt lat="49.883020331" lon="0.948384257">
        <ele>13.64</ele>
      </trkpt>
      <trkpt lat="49.883142286" lon="0.948290587">
        <ele>15.72</ele>
      </trkpt>
      <trkpt lat="49.883461944" lon="0.948052533">
        <ele>18.03</ele>
      </trkpt>
      <trkpt lat="49.883610919" lon="0.947887246">
        <ele>19.51</ele>
      </trkpt>
      <trkpt lat="49.883778276" lon="0.947601934">
        <ele>20.78</ele>
      </trkpt>
      <trkpt lat="49.883957709" lon="0.947273207">
        <ele>21.06</ele>
      </trkpt>
      <trkpt lat="49.884087791" lon="0.947026436">
        <ele>22.55</ele>
      </trkpt>
      <trkpt lat="49.884238646" lon="0.946790212">
        <ele>23.93</ele>
      </trkpt>
      <trkpt lat="49.884386801" lon="0.946474845">
        <ele>25.9</ele>
      </trkpt>
      <trkpt lat="49.884426474" lon="0.946332">
        <ele>28.26</ele>
      </trkpt>
      <trkpt lat="49.884565252" lon="0.945825098">
        <ele>29.62</ele>
      </trkpt>
      <trkpt lat="49.884582766" lon="0.945393784">
        <ele>30.74</ele>
      </trkpt>
      <trkpt lat="49.884620625" lon="0.944935506">
        <ele>32.52</ele>
      </trkpt>
      <trkpt lat="49.884654904" lon="0.94432167">
        <ele>33.94</ele>
      </trkpt>
      <trkpt lat="49.884692946" lon="0.943723017">
        <ele>34.76</ele>
      </trkpt>
      <trkpt lat="49.884719934" lon="0.943413743">
        <ele>35.68</ele>
      </trkpt>
      <trkpt lat="49.884759472" lon="0.943102737">
        <ele>36.69</ele>
      </trkpt>
      <trkpt lat="49.884879087" lon="0.942726986">
        <ele>36.89</ele>
      </trkpt>
      <trkpt lat="49.885032994" lon="0.942287751">
        <ele>36.84</ele>
      </trkpt>
      <trkpt lat="49.885281555" lon="0.941645782">
        <ele>36.94</ele>
      </trkpt>
      <trkpt lat="49.885422886" lon="0.941284716">
        <ele>36.97</ele>
      </trkpt>
      <trkpt lat="49.885498184" lon="0.940960209">
        <ele>36.69</ele>
      </trkpt>
      <trkpt lat="49.88549355" lon="0.940712951">
        <ele>36.56</ele>
      </trkpt>
      <trkpt lat="49.885438519" lon="0.94037813">
        <ele>36.21</ele>
      </trkpt>
      <trkpt lat="49.885378438" lon="0.940072636">
        <ele>36.01</ele>
      </trkpt>
      <trkpt lat="49.885459362" lon="0.939690991">
        <ele>36.73</ele>
      </trkpt>
      <trkpt lat="49.88564256" lon="0.939368232">
        <ele>37.82</ele>
      </trkpt>
      <trkpt lat="49.885945543" lon="0.939005625">
        <ele>38.75</ele>
      </trkpt>
      <trkpt lat="49.886318955" lon="0.938588491">
        <ele>39.92</ele>
      </trkpt>
      <trkpt lat="49.886607927" lon="0.938241195">
        <ele>41.03</ele>
      </trkpt>
      <trkpt lat="49.886715239" lon="0.938118829">
        <ele>41.65</ele>
      </trkpt>
      <trkpt lat="49.886950425" lon="0.937825352">
        <ele>41.81</ele>
      </trkpt>
      <trkpt lat="49.887239201" lon="0.937467005">
        <ele>41.4</ele>
      </trkpt>
      <trkpt lat="49.887467833" lon="0.937206943">
        <ele>40.87</ele>
      </trkpt>
      <trkpt lat="49.887795313" lon="0.936827477">
        <ele>40.56</ele>
      </trkpt>
      <trkpt lat="49.888205971" lon="0.936461728">
        <ele>40.09</ele>
      </trkpt>
      <trkpt lat="49.888431153" lon="0.936209503">
        <ele>39.56</ele>
      </trkpt>
      <trkpt lat="49.88853045" lon="0.935942682">
        <ele>39.6</ele>
      </trkpt>
      <trkpt lat="49.888687375" lon="0.935611725">
        <ele>40.09</ele>
      </trkpt>
      <trkpt lat="49.888961883" lon="0.935276127">
        <ele>40.04</ele>
      </trkpt>
      <trkpt lat="49.889163255" lon="0.935065694">
        <ele>39.61</ele>
      </trkpt>
      <trkpt lat="49.889299989" lon="0.934857361">
        <ele>39.34</ele>
      </trkpt>
      <trkpt lat="49.889542941" lon="0.934346901">
        <ele>38.96</ele>
      </trkpt>
      <trkpt lat="49.889776183" lon="0.933937376">
        <ele>38.37</ele>
      </trkpt>
      <trkpt lat="49.890067629" lon="0.933435891">
        <ele>38</ele>
      </trkpt>
      <trkpt lat="49.890221266" lon="0.933144801">
        <ele>37.96</ele>
      </trkpt>
      <trkpt lat="49.89034532" lon="0.932909762">
        <ele>37.8</ele>
      </trkpt>
      <trkpt lat="49.890505875" lon="0.932582852">
        <ele>37.66</ele>
      </trkpt>
      <trkpt lat="49.890636984" lon="0.932272045">
        <ele>37.7</ele>
      </trkpt>
      <trkpt lat="49.890741593" lon="0.931999496">
        <ele>37.47</ele>
      </trkpt>
      <trkpt lat="49.890862231" lon="0.931637548">
        <ele>37.14</ele>
      </trkpt>
      <trkpt lat="49.890975475" lon="0.931179893">
        <ele>36.95</ele>
      </trkpt>
      <trkpt lat="49.891082564" lon="0.930733528">
        <ele>36.84</ele>
      </trkpt>
      <trkpt lat="49.891158568" lon="0.930317211">
        <ele>36.5</ele>
      </trkpt>
      <trkpt lat="49.891190443" lon="0.930045284">
        <ele>36.12</ele>
      </trkpt>
      <trkpt lat="49.891227525" lon="0.929680084">
        <ele>35.88</ele>
      </trkpt>
      <trkpt lat="49.891267776" lon="0.929200818">
        <ele>35.63</ele>
      </trkpt>
      <trkpt lat="49.891276827" lon="0.929066202">
        <ele>35.27</ele>
      </trkpt>
      <trkpt lat="49.891273402" lon="0.929002635">
        <ele>34.69</ele>
      </trkpt>
      <trkpt lat="49.89130991" lon="0.928574161">
        <ele>34.19</ele>
      </trkpt>
      <trkpt lat="49.891361459" lon="0.928140448">
        <ele>33.78</ele>
      </trkpt>
      <trkpt lat="49.891418591" lon="0.927801097">
        <ele>33.39</ele>
      </trkpt>
      <trkpt lat="49.891472887" lon="0.927527154">
        <ele>33.22</ele>
      </trkpt>
      <trkpt lat="49.891518774" lon="0.927379932">
        <ele>33.45</ele>
      </trkpt>
      <trkpt lat="49.89162161" lon="0.927110198">
        <ele>33.85</ele>
      </trkpt>
      <trkpt lat="49.891716241" lon="0.926907412">
        <ele>34.27</ele>
      </trkpt>
      <trkpt lat="49.891815264" lon="0.926696163">
        <ele>34.74</ele>
      </trkpt>
      <trkpt lat="49.891972729" lon="0.926413789">
        <ele>35.25</ele>
      </trkpt>
      <trkpt lat="49.892119742" lon="0.926159503">
        <ele>35.89</ele>
      </trkpt>
      <trkpt lat="49.89237429" lon="0.925731256">
        <ele>36.28</ele>
      </trkpt>
      <trkpt lat="49.892525792" lon="0.925476844">
        <ele>36.52</ele>
      </trkpt>
      <trkpt lat="49.892639127" lon="0.92526102">
        <ele>36.77</ele>
      </trkpt>
      <trkpt lat="49.892708942" lon="0.925086715">
        <ele>36.86</ele>
      </trkpt>
      <trkpt lat="49.892817691" lon="0.924862677">
        <ele>36.75</ele>
      </trkpt>
      <trkpt lat="49.892856011" lon="0.92476014">
        <ele>36.76</ele>
      </trkpt>
      <trkpt lat="49.892928599" lon="0.924592707">
        <ele>36.77</ele>
      </trkpt>
      <trkpt lat="49.893008805" lon="0.924462594">
        <ele>36.72</ele>
      </trkpt>
      <trkpt lat="49.893118118" lon="0.924287188">
        <ele>36.71</ele>
      </trkpt>
      <trkpt lat="49.893221039" lon="0.924180071">
        <ele>36.71</ele>
      </trkpt>
      <trkpt lat="49.893373569" lon="0.924014582">
        <ele>36.93</ele>
      </trkpt>
      <trkpt lat="49.893546552" lon="0.92383184">
        <ele>37.12</ele>
      </trkpt>
      <trkpt lat="49.893688294" lon="0.923665259">
        <ele>37.44</ele>
      </trkpt>
      <trkpt lat="49.893790221" lon="0.923549827">
        <ele>37.93</ele>
      </trkpt>
      <trkpt lat="49.893885282" lon="0.923384545">
        <ele>38.64</ele>
      </trkpt>
      <trkpt lat="49.894087996" lon="0.922978563">
        <ele>39.4</ele>
      </trkpt>
      <trkpt lat="49.89442438" lon="0.922175467">
        <ele>40.46</ele>
      </trkpt>
      <trkpt lat="49.894645191" lon="0.921627184">
        <ele>41.54</ele>
      </trkpt>
      <trkpt lat="49.894856329" lon="0.921061562">
        <ele>42.61</ele>
      </trkpt>
      <trkpt lat="49.895261461" lon="0.92002947">
        <ele>43.35</ele>
      </trkpt>
      <trkpt lat="49.895440155" lon="0.919585221">
        <ele>43.78</ele>
      </trkpt>
      <trkpt lat="49.895513671" lon="0.919402449">
        <ele>43.71</ele>
      </trkpt>
      <trkpt lat="49.895594993" lon="0.919137449">
        <ele>43.39</ele>
      </trkpt>
      <trkpt lat="49.895802797" lon="0.918784118">
        <ele>42.98</ele>
      </trkpt>
      <trkpt lat="49.89586979" lon="0.918676598">
        <ele>42.57</ele>
      </trkpt>
      <trkpt lat="49.896000492" lon="0.918488062">
        <ele>42.26</ele>
      </trkpt>
      <trkpt lat="49.896107476" lon="0.91834467">
        <ele>41.95</ele>
      </trkpt>
      <trkpt lat="49.896228417" lon="0.918166136">
        <ele>41.93</ele>
      </trkpt>
      <trkpt lat="49.896466276" lon="0.917695186">
        <ele>41.89</ele>
      </trkpt>
      <trkpt lat="49.89656289" lon="0.917586834">
        <ele>41.68</ele>
      </trkpt>
      <trkpt lat="49.8967207" lon="0.917412827">
        <ele>41.77</ele>
      </trkpt>
      <trkpt lat="49.896882089" lon="0.917160868">
        <ele>43.17</ele>
      </trkpt>
      <trkpt lat="49.896870923" lon="0.916973513">
        <ele>44.17</ele>
      </trkpt>
      <trkpt lat="49.896764758" lon="0.916664678">
        <ele>45.23</ele>
      </trkpt>
      <trkpt lat="49.896426338" lon="0.916227394">
        <ele>46.13</ele>
      </trkpt>
      <trkpt lat="49.895468571" lon="0.915121074">
        <ele>46.57</ele>
      </trkpt>
      <trkpt lat="49.894969626" lon="0.914270503">
        <ele>45.97</ele>
      </trkpt>
      <trkpt lat="49.894536756" lon="0.91347853">
        <ele>45.52</ele>
      </trkpt>
      <trkpt lat="49.894316326" lon="0.91291131">
        <ele>44.93</ele>
      </trkpt>
      <trkpt lat="49.894210315" lon="0.912301898">
        <ele>44.62</ele>
      </trkpt>
      <trkpt lat="49.894179169" lon="0.911620538">
        <ele>44.29</ele>
      </trkpt>
      <trkpt lat="49.894220181" lon="0.910715093">
        <ele>43.8</ele>
      </trkpt>
      <trkpt lat="49.894245053" lon="0.909972899">
        <ele>43.32</ele>
      </trkpt>
      <trkpt lat="49.89427641" lon="0.909077371">
        <ele>42.75</ele>
      </trkpt>
      <trkpt lat="49.894252528" lon="0.908253586">
        <ele>42.4</ele>
      </trkpt>
      <trkpt lat="49.894223616" lon="0.907549409">
        <ele>42.18</ele>
      </trkpt>
      <trkpt lat="49.89421891" lon="0.907434812">
        <ele>42.09</ele>
      </trkpt>
      <trkpt lat="49.894216578" lon="0.907403134">
        <ele>42.02</ele>
      </trkpt>
      <trkpt lat="49.894197407" lon="0.907142762">
        <ele>41.98</ele>
      </trkpt>
      <trkpt lat="49.89407725" lon="0.906088316">
        <ele>41.86</ele>
      </trkpt>
      <trkpt lat="49.893715731" lon="0.903069595">
        <ele>41.81</ele>
      </trkpt>
      <trkpt lat="49.893545279" lon="0.901637105">
        <ele>41.87</ele>
      </trkpt>
      <trkpt lat="49.893436703" lon="0.90073109">
        <ele>41.88</ele>
      </trkpt>
      <trkpt lat="49.893335488" lon="0.899916612">
        <ele>41.98</ele>
      </trkpt>
      <trkpt lat="49.893256901" lon="0.899269688">
        <ele>42.07</ele>
      </trkpt>
      <trkpt lat="49.8931407" lon="0.898558622">
        <ele>42.07</ele>
      </trkpt>
      <trkpt lat="49.892962168" lon="0.897735104">
        <ele>41.91</ele>
      </trkpt>
      <trkpt lat="49.892925493" lon="0.897594904">
        <ele>41.65</ele>
      </trkpt>
      <trkpt lat="49.89265556" lon="0.896563034">
        <ele>41.09</ele>
      </trkpt>
      <trkpt lat="49.892378436" lon="0.895533192">
        <ele>40.54</ele>
      </trkpt>
      <trkpt lat="49.892063851" lon="0.894221618">
        <ele>39.54</ele>
      </trkpt>
      <trkpt lat="49.891915812" lon="0.89332854">
        <ele>38.38</ele>
      </trkpt>
      <trkpt lat="49.891754613" lon="0.892347519">
        <ele>37.24</ele>
      </trkpt>
      <trkpt lat="49.89156025" lon="0.891160745">
        <ele>35.85</ele>
      </trkpt>
      <trkpt lat="49.891505486" lon="0.890784226">
        <ele>34.55</ele>
      </trkpt>
      <trkpt lat="49.891415181" lon="0.890364242">
        <ele>33.51</ele>
      </trkpt>
      <trkpt lat="49.891339795" lon="0.890066154">
        <ele>32.18</ele>
      </trkpt>
      <trkpt lat="49.891289171" lon="0.889886898">
        <ele>30.79</ele>
      </trkpt>
      <trkpt lat="49.89122425" lon="0.889713611">
        <ele>28.05</ele>
      </trkpt>
      <trkpt lat="49.891050439" lon="0.889294621">
        <ele>25.16</ele>
      </trkpt>
      <trkpt lat="49.890684363" lon="0.888492097">
        <ele>20.15</ele>
      </trkpt>
      <trkpt lat="49.890450797" lon="0.887945165">
        <ele>17.43</ele>
      </trkpt>
      <trkpt lat="49.88800817" lon="0.885616127">
        <ele>17</ele>
      </trkpt>
      <trkpt lat="49.886842331" lon="0.884436261">
        <ele>19.83</ele>
      </trkpt>
      <trkpt lat="49.886785513" lon="0.884188266">
        <ele>19.71</ele>
      </trkpt>
      <trkpt lat="49.886740619" lon="0.883610736">
        <ele>21.85</ele>
      </trkpt>
      <trkpt lat="49.887599631" lon="0.880772053">
        <ele>21.3</ele>
      </trkpt>
      <trkpt lat="49.887815191" lon="0.879371908">
        <ele>19.89</ele>
      </trkpt>
      <trkpt lat="49.888003393" lon="0.878101606">
        <ele>17.48</ele>
      </trkpt>
      <trkpt lat="49.889035264" lon="0.875479031">
        <ele>17.67</ele>
      </trkpt>
      <trkpt lat="49.889054221" lon="0.875283653">
        <ele>18.72</ele>
      </trkpt>
      <trkpt lat="49.889027879" lon="0.875078867">
        <ele>20.76</ele>
      </trkpt>
      <trkpt lat="49.888994293" lon="0.8749742">
        <ele>21.75</ele>
      </trkpt>
      <trkpt lat="49.88891912" lon="0.87469699">
        <ele>21.98</ele>
      </trkpt>
      <trkpt lat="49.888856681" lon="0.874433313">
        <ele>23.1</ele>
      </trkpt>
      <trkpt lat="49.888834872" lon="0.87426342">
        <ele>22.94</ele>
      </trkpt>
      <trkpt lat="49.888803174" lon="0.874016487">
        <ele>23.21</ele>
      </trkpt>
      <trkpt lat="49.888780616" lon="0.873783629">
        <ele>23.16</ele>
      </trkpt>
      <trkpt lat="49.888773458" lon="0.873636503">
        <ele>23.97</ele>
      </trkpt>
      <trkpt lat="49.888755381" lon="0.873552241">
        <ele>24.16</ele>
      </trkpt>
      <trkpt lat="49.888722474" lon="0.873429485">
        <ele>25.05</ele>
      </trkpt>
      <trkpt lat="49.888660372" lon="0.873268654">
        <ele>25.99</ele>
      </trkpt>
      <trkpt lat="49.888532249" lon="0.872994366">
        <ele>26.91</ele>
      </trkpt>
      <trkpt lat="49.888404988" lon="0.872717274">
        <ele>27.64</ele>
      </trkpt>
      <trkpt lat="49.888340193" lon="0.872556523">
        <ele>28.58</ele>
      </trkpt>
      <trkpt lat="49.888147556" lon="0.872145107">
        <ele>29.52</ele>
      </trkpt>
      <trkpt lat="49.887961151" lon="0.871729347">
        <ele>29.92</ele>
      </trkpt>
      <trkpt lat="49.887863393" lon="0.87144168">
        <ele>30.35</ele>
      </trkpt>
      <trkpt lat="49.887805862" lon="0.871287673">
        <ele>30.53</ele>
      </trkpt>
      <trkpt lat="49.88775562" lon="0.87106813">
        <ele>30.44</ele>
      </trkpt>
      <trkpt lat="49.887683744" lon="0.870767208">
        <ele>30.32</ele>
      </trkpt>
      <trkpt lat="49.887612028" lon="0.870405127">
        <ele>30.49</ele>
      </trkpt>
      <trkpt lat="49.887283043" lon="0.868518829">
        <ele>30.97</ele>
      </trkpt>
      <trkpt lat="49.886953132" lon="0.866632581">
        <ele>31.41</ele>
      </trkpt>
      <trkpt lat="49.886624088" lon="0.864746333">
        <ele>32.13</ele>
      </trkpt>
      <trkpt lat="49.886294696" lon="0.862833708">
        <ele>32.79</ele>
      </trkpt>
      <trkpt lat="49.886270625" lon="0.862625928">
        <ele>33.21</ele>
      </trkpt>
      <trkpt lat="49.886242284" lon="0.862304165">
        <ele>33.44</ele>
      </trkpt>
      <trkpt lat="49.886198056" lon="0.861802035">
        <ele>33.66</ele>
      </trkpt>
      <trkpt lat="49.886163959" lon="0.861383715">
        <ele>33.86</ele>
      </trkpt>
      <trkpt lat="49.886103003" lon="0.861022735">
        <ele>33.92</ele>
      </trkpt>
      <trkpt lat="49.886029142" lon="0.860634335">
        <ele>33.89</ele>
      </trkpt>
      <trkpt lat="49.885830826" lon="0.859758938">
        <ele>33.87</ele>
      </trkpt>
      <trkpt lat="49.885705511" lon="0.859201087">
        <ele>33.78</ele>
      </trkpt>
      <trkpt lat="49.885602989" lon="0.858671761">
        <ele>33.64</ele>
      </trkpt>
      <trkpt lat="49.885520052" lon="0.858205153">
        <ele>33.56</ele>
      </trkpt>
      <trkpt lat="49.885429476" lon="0.857695589">
        <ele>33.33</ele>
      </trkpt>
      <trkpt lat="49.885361879" lon="0.857306905">
        <ele>33.04</ele>
      </trkpt>
      <trkpt lat="49.885300089" lon="0.856951628">
        <ele>32.74</ele>
      </trkpt>
      <trkpt lat="49.885234818" lon="0.856606073">
        <ele>32.42</ele>
      </trkpt>
      <trkpt lat="49.885151119" lon="0.85622214">
        <ele>31.98</ele>
      </trkpt>
      <trkpt lat="49.885019993" lon="0.855778442">
        <ele>31.68</ele>
      </trkpt>
      <trkpt lat="49.884912256" lon="0.855485552">
        <ele>31.38</ele>
      </trkpt>
      <trkpt lat="49.884788191" lon="0.855179243">
        <ele>31.17</ele>
      </trkpt>
      <trkpt lat="49.884671967" lon="0.854926909">
        <ele>30.89</ele>
      </trkpt>
      <trkpt lat="49.884425068" lon="0.854489377">
        <ele>30.37</ele>
      </trkpt>
      <trkpt lat="49.884164348" lon="0.854023068">
        <ele>29.52</ele>
      </trkpt>
      <trkpt lat="49.883941363" lon="0.8536321">
        <ele>27.64</ele>
      </trkpt>
      <trkpt lat="49.883821833" lon="0.853403496">
        <ele>25.74</ele>
      </trkpt>
      <trkpt lat="49.883691212" lon="0.853114366">
        <ele>23.91</ele>
      </trkpt>
      <trkpt lat="49.883533112" lon="0.852765281">
        <ele>22.53</ele>
      </trkpt>
      <trkpt lat="49.88349473" lon="0.852636256">
        <ele>21.76</ele>
      </trkpt>
      <trkpt lat="49.883469649" lon="0.852558524">
        <ele>22.1</ele>
      </trkpt>
      <trkpt lat="49.883415455" lon="0.852272589">
        <ele>22.45</ele>
      </trkpt>
      <trkpt lat="49.883376488" lon="0.852023724">
        <ele>23.58</ele>
      </trkpt>
      <trkpt lat="49.883364393" lon="0.851905041">
        <ele>25.37</ele>
      </trkpt>
      <trkpt lat="49.88336549" lon="0.851772719">
        <ele>27.65</ele>
      </trkpt>
      <trkpt lat="49.8833492" lon="0.851247858">
        <ele>30.07</ele>
      </trkpt>
      <trkpt lat="49.883361448" lon="0.850780531">
        <ele>32.61</ele>
      </trkpt>
      <trkpt lat="49.883372292" lon="0.85041887">
        <ele>34.43</ele>
      </trkpt>
      <trkpt lat="49.883381485" lon="0.85002652">
        <ele>35.51</ele>
      </trkpt>
      <trkpt lat="49.883384549" lon="0.849961172">
        <ele>36.6</ele>
      </trkpt>
      <trkpt lat="49.883394672" lon="0.849871251">
        <ele>37.59</ele>
      </trkpt>
      <trkpt lat="49.883410636" lon="0.849740191">
        <ele>37.88</ele>
      </trkpt>
      <trkpt lat="49.883421345" lon="0.849583562">
        <ele>38.26</ele>
      </trkpt>
      <trkpt lat="49.883439306" lon="0.84936345">
        <ele>37.99</ele>
      </trkpt>
      <trkpt lat="49.88347102" lon="0.84916656">
        <ele>37.29</ele>
      </trkpt>
      <trkpt lat="49.883496554" lon="0.84897819">
        <ele>36.3</ele>
      </trkpt>
      <trkpt lat="49.883493816" lon="0.848754515">
        <ele>36.29</ele>
      </trkpt>
      <trkpt lat="49.883479939" lon="0.848647909">
        <ele>36.08</ele>
      </trkpt>
      <trkpt lat="49.883397201" lon="0.848276991">
        <ele>37.87</ele>
      </trkpt>
      <trkpt lat="49.883243859" lon="0.847922414">
        <ele>38.27</ele>
      </trkpt>
      <trkpt lat="49.883115559" lon="0.847638493">
        <ele>40.04</ele>
      </trkpt>
      <trkpt lat="49.882979667" lon="0.847321443">
        <ele>41.14</ele>
      </trkpt>
      <trkpt lat="49.882872841" lon="0.847031335">
        <ele>42.29</ele>
      </trkpt>
      <trkpt lat="49.882806411" lon="0.846740043">
        <ele>42.04</ele>
      </trkpt>
      <trkpt lat="49.882743916" lon="0.846330506">
        <ele>42.89</ele>
      </trkpt>
      <trkpt lat="49.88269524" lon="0.845876093">
        <ele>42.6</ele>
      </trkpt>
      <trkpt lat="49.882667481" lon="0.845443301">
        <ele>42.44</ele>
      </trkpt>
      <trkpt lat="49.882630293" lon="0.844900994">
        <ele>42.25</ele>
      </trkpt>
      <trkpt lat="49.882601867" lon="0.844414021">
        <ele>41.81</ele>
      </trkpt>
      <trkpt lat="49.882581633" lon="0.844075954">
        <ele>41.16</ele>
      </trkpt>
      <trkpt lat="49.882565023" lon="0.843607652">
        <ele>40.09</ele>
      </trkpt>
      <trkpt lat="49.882555422" lon="0.843264663">
        <ele>38.54</ele>
      </trkpt>
      <trkpt lat="49.882556279" lon="0.842676766">
        <ele>36.69</ele>
      </trkpt>
      <trkpt lat="49.882575568" lon="0.841981316">
        <ele>35.05</ele>
      </trkpt>
      <trkpt lat="49.882597187" lon="0.84125661">
        <ele>33.95</ele>
      </trkpt>
      <trkpt lat="49.882607628" lon="0.840718465">
        <ele>33.59</ele>
      </trkpt>
      <trkpt lat="49.882608797" lon="0.840156963">
        <ele>34.05</ele>
      </trkpt>
      <trkpt lat="49.882581838" lon="0.839644934">
        <ele>35.01</ele>
      </trkpt>
      <trkpt lat="49.882546448" lon="0.839177628">
        <ele>36.23</ele>
      </trkpt>
      <trkpt lat="49.882477376" lon="0.838527866">
        <ele>37.46</ele>
      </trkpt>
      <trkpt lat="49.88242786" lon="0.838132007">
        <ele>38.46</ele>
      </trkpt>
      <trkpt lat="49.882332926" lon="0.83737307">
        <ele>39.42</ele>
      </trkpt>
      <trkpt lat="49.882267474" lon="0.836871911">
        <ele>40.55</ele>
      </trkpt>
      <trkpt lat="49.882163375" lon="0.836077266">
        <ele>41.71</ele>
      </trkpt>
      <trkpt lat="49.882097662" lon="0.835555273">
        <ele>42.53</ele>
      </trkpt>
      <trkpt lat="49.882039294" lon="0.835119226">
        <ele>43.23</ele>
      </trkpt>
      <trkpt lat="49.881961606" lon="0.834428039">
        <ele>43.73</ele>
      </trkpt>
      <trkpt lat="49.881940097" lon="0.834140997">
        <ele>43.78</ele>
      </trkpt>
      <trkpt lat="49.88194283" lon="0.833780969">
        <ele>43.35</ele>
      </trkpt>
      <trkpt lat="49.88195277" lon="0.833568045">
        <ele>43.14</ele>
      </trkpt>
      <trkpt lat="49.881992796" lon="0.833101291">
        <ele>43.08</ele>
      </trkpt>
      <trkpt lat="49.88198477" lon="0.832742973">
        <ele>43.19</ele>
      </trkpt>
      <trkpt lat="49.881960465" lon="0.832375408">
        <ele>43.49</ele>
      </trkpt>
      <trkpt lat="49.881922179" lon="0.831966567">
        <ele>44.02</ele>
      </trkpt>
      <trkpt lat="49.881887736" lon="0.831650725">
        <ele>45.74</ele>
      </trkpt>
      <trkpt lat="49.881805684" lon="0.83126125">
        <ele>47.21</ele>
      </trkpt>
      <trkpt lat="49.881691835" lon="0.830769877">
        <ele>48.36</ele>
      </trkpt>
      <trkpt lat="49.881627141" lon="0.830549437">
        <ele>48.86</ele>
      </trkpt>
      <trkpt lat="49.881564969" lon="0.830242759">
        <ele>49.13</ele>
      </trkpt>
      <trkpt lat="49.881559333" lon="0.83000528">
        <ele>47.99</ele>
      </trkpt>
      <trkpt lat="49.881573011" lon="0.829804752">
        <ele>46.78</ele>
      </trkpt>
      <trkpt lat="49.881579524" lon="0.829605825">
        <ele>45.9</ele>
      </trkpt>
      <trkpt lat="49.881574007" lon="0.829378072">
        <ele>45.75</ele>
      </trkpt>
      <trkpt lat="49.881553518" lon="0.829246653">
        <ele>45.84</ele>
      </trkpt>
      <trkpt lat="49.881508622" lon="0.829029798">
        <ele>45.94</ele>
      </trkpt>
      <trkpt lat="49.881433895" lon="0.828797153">
        <ele>46.23</ele>
      </trkpt>
      <trkpt lat="49.881320844" lon="0.828515614">
        <ele>46.4</ele>
      </trkpt>
      <trkpt lat="49.881209846" lon="0.828254863">
        <ele>46.94</ele>
      </trkpt>
      <trkpt lat="49.881131234" lon="0.828070976">
        <ele>47.95</ele>
      </trkpt>
      <trkpt lat="49.880907768" lon="0.827575927">
        <ele>48.38</ele>
      </trkpt>
      <trkpt lat="49.880788965" lon="0.827292457">
        <ele>48.82</ele>
      </trkpt>
      <trkpt lat="49.880561026" lon="0.826771863">
        <ele>49.27</ele>
      </trkpt>
      <trkpt lat="49.880537255" lon="0.826665563">
        <ele>49.37</ele>
      </trkpt>
      <trkpt lat="49.880496687" lon="0.826436077">
        <ele>49.07</ele>
      </trkpt>
      <trkpt lat="49.880474642" lon="0.8262519">
        <ele>49.03</ele>
      </trkpt>
      <trkpt lat="49.880462714" lon="0.82608688">
        <ele>48.85</ele>
      </trkpt>
      <trkpt lat="49.880412407" lon="0.825652007">
        <ele>48.31</ele>
      </trkpt>
      <trkpt lat="49.880364758" lon="0.825358808">
        <ele>47.76</ele>
      </trkpt>
      <trkpt lat="49.880297172" lon="0.82512318">
        <ele>47.62</ele>
      </trkpt>
      <trkpt lat="49.880139674" lon="0.824662318">
        <ele>47.53</ele>
      </trkpt>
      <trkpt lat="49.8799665" lon="0.824168575">
        <ele>47.46</ele>
      </trkpt>
      <trkpt lat="49.879791373" lon="0.823662385">
        <ele>47.57</ele>
      </trkpt>
      <trkpt lat="49.879598428" lon="0.823167849">
        <ele>47.48</ele>
      </trkpt>
      <trkpt lat="49.879380863" lon="0.822643476">
        <ele>46.77</ele>
      </trkpt>
      <trkpt lat="49.879311494" lon="0.822481563">
        <ele>46.26</ele>
      </trkpt>
      <trkpt lat="49.879142958" lon="0.822072466">
        <ele>45.9</ele>
      </trkpt>
      <trkpt lat="49.878866291" lon="0.821417849">
        <ele>45.74</ele>
      </trkpt>
      <trkpt lat="49.878610149" lon="0.82082516">
        <ele>45.79</ele>
      </trkpt>
      <trkpt lat="49.878376342" lon="0.820223473">
        <ele>46.15</ele>
      </trkpt>
      <trkpt lat="49.878150056" lon="0.819577097">
        <ele>46.72</ele>
      </trkpt>
      <trkpt lat="49.877871307" lon="0.818684937">
        <ele>47.46</ele>
      </trkpt>
      <trkpt lat="49.877602912" lon="0.817615995">
        <ele>48.2</ele>
      </trkpt>
      <trkpt lat="49.877473731" lon="0.816908367">
        <ele>49.01</ele>
      </trkpt>
      <trkpt lat="49.87740128" lon="0.816500595">
        <ele>49.99</ele>
      </trkpt>
      <trkpt lat="49.877328108" lon="0.81596361">
        <ele>50.68</ele>
      </trkpt>
      <trkpt lat="49.877265592" lon="0.81548884">
        <ele>51.32</ele>
      </trkpt>
      <trkpt lat="49.877183704" lon="0.814829831">
        <ele>51.8</ele>
      </trkpt>
      <trkpt lat="49.8771076" lon="0.814202613">
        <ele>52.49</ele>
      </trkpt>
      <trkpt lat="49.877087888" lon="0.814025168">
        <ele>52.74</ele>
      </trkpt>
      <trkpt lat="49.877004714" lon="0.813230184">
        <ele>53.39</ele>
      </trkpt>
      <trkpt lat="49.876951756" lon="0.81265925">
        <ele>53.88</ele>
      </trkpt>
      <trkpt lat="49.876907825" lon="0.812092214">
        <ele>54.48</ele>
      </trkpt>
      <trkpt lat="49.87687633" lon="0.811585948">
        <ele>54.85</ele>
      </trkpt>
      <trkpt lat="49.87685806" lon="0.811132091">
        <ele>55.19</ele>
      </trkpt>
      <trkpt lat="49.87683205" lon="0.810490869">
        <ele>55.13</ele>
      </trkpt>
      <trkpt lat="49.87682413" lon="0.809860219">
        <ele>54.95</ele>
      </trkpt>
      <trkpt lat="49.876812797" lon="0.809089461">
        <ele>54.68</ele>
      </trkpt>
      <trkpt lat="49.876807509" lon="0.808537801">
        <ele>54.07</ele>
      </trkpt>
      <trkpt lat="49.87680135" lon="0.807976581">
        <ele>53.43</ele>
      </trkpt>
      <trkpt lat="49.876794436" lon="0.80735563">
        <ele>52.64</ele>
      </trkpt>
      <trkpt lat="49.876773814" lon="0.806858767">
        <ele>51.81</ele>
      </trkpt>
      <trkpt lat="49.876719533" lon="0.806185051">
        <ele>50.96</ele>
      </trkpt>
      <trkpt lat="49.876681822" lon="0.805829055">
        <ele>50.21</ele>
      </trkpt>
      <trkpt lat="49.876611344" lon="0.80536705">
        <ele>49.43</ele>
      </trkpt>
      <trkpt lat="49.876491011" lon="0.804725899">
        <ele>49.23</ele>
      </trkpt>
      <trkpt lat="49.876294043" lon="0.803704925">
        <ele>49.22</ele>
      </trkpt>
      <trkpt lat="49.876196292" lon="0.803217346">
        <ele>49.31</ele>
      </trkpt>
      <trkpt lat="49.876163316" lon="0.803034061">
        <ele>49.49</ele>
      </trkpt>
      <trkpt lat="49.876154765" lon="0.802986537">
        <ele>50.18</ele>
      </trkpt>
      <trkpt lat="49.876152261" lon="0.802974601">
        <ele>50.61</ele>
      </trkpt>
      <trkpt lat="49.876090745" lon="0.80268137">
        <ele>50.93</ele>
      </trkpt>
      <trkpt lat="49.875975076" lon="0.802126246">
        <ele>50.68</ele>
      </trkpt>
      <trkpt lat="49.875920012" lon="0.80189029">
        <ele>51.09</ele>
      </trkpt>
      <trkpt lat="49.875861899" lon="0.801697504">
        <ele>50.32</ele>
      </trkpt>
      <trkpt lat="49.875756355" lon="0.801375529">
        <ele>49.13</ele>
      </trkpt>
      <trkpt lat="49.875706054" lon="0.801232534">
        <ele>48.05</ele>
      </trkpt>
      <trkpt lat="49.87561075" lon="0.801010303">
        <ele>47.46</ele>
      </trkpt>
      <trkpt lat="49.875535472" lon="0.80088057">
        <ele>46.08</ele>
      </trkpt>
      <trkpt lat="49.875433054" lon="0.800734983">
        <ele>45.84</ele>
      </trkpt>
      <trkpt lat="49.875299444" lon="0.800608404">
        <ele>44.82</ele>
      </trkpt>
      <trkpt lat="49.875142775" lon="0.800504759">
        <ele>43.89</ele>
      </trkpt>
      <trkpt lat="49.874956077" lon="0.800440931">
        <ele>41.93</ele>
      </trkpt>
      <trkpt lat="49.874712452" lon="0.800420512">
        <ele>42.5</ele>
      </trkpt>
      <trkpt lat="49.87451959" lon="0.800437465">
        <ele>41.98</ele>
      </trkpt>
      <trkpt lat="49.874326059" lon="0.800472501">
        <ele>40.94</ele>
      </trkpt>
      <trkpt lat="49.874090088" lon="0.800560236">
        <ele>37.58</ele>
      </trkpt>
      <trkpt lat="49.873926073" lon="0.800656908">
        <ele>39.1</ele>
      </trkpt>
      <trkpt lat="49.873724193" lon="0.800813087">
        <ele>35.8</ele>
      </trkpt>
      <trkpt lat="49.873567163" lon="0.800965129">
        <ele>33.75</ele>
      </trkpt>
      <trkpt lat="49.87342087" lon="0.801114066">
        <ele>33.89</ele>
      </trkpt>
      <trkpt lat="49.873227088" lon="0.801271386">
        <ele>35.34</ele>
      </trkpt>
      <trkpt lat="49.873130962" lon="0.801339599">
        <ele>34</ele>
      </trkpt>
      <trkpt lat="49.872832801" lon="0.801480622">
        <ele>33.56</ele>
      </trkpt>
      <trkpt lat="49.87208368" lon="0.801582122">
        <ele>31.66</ele>
      </trkpt>
      <trkpt lat="49.871884239" lon="0.801616984">
        <ele>28.15</ele>
      </trkpt>
      <trkpt lat="49.871704069" lon="0.801648212">
        <ele>26.55</ele>
      </trkpt>
      <trkpt lat="49.871492106" lon="0.801699017">
        <ele>23.7</ele>
      </trkpt>
      <trkpt lat="49.871156662" lon="0.801874506">
        <ele>22.43</ele>
      </trkpt>
      <trkpt lat="49.870981307" lon="0.801997911">
        <ele>21.49</ele>
      </trkpt>
      <trkpt lat="49.870806991" lon="0.802132402">
        <ele>21.46</ele>
      </trkpt>
      <trkpt lat="49.870672282" lon="0.802203166">
        <ele>20.41</ele>
      </trkpt>
      <trkpt lat="49.870646347" lon="0.801998311">
        <ele>19.61</ele>
      </trkpt>
      <trkpt lat="49.870612664" lon="0.80182009">
        <ele>18.71</ele>
      </trkpt>
      <trkpt lat="49.870595523" lon="0.801742799">
        <ele>18.44</ele>
      </trkpt>
      <trkpt lat="49.870542727" lon="0.801544314">
        <ele>18.45</ele>
      </trkpt>
      <trkpt lat="49.870499941" lon="0.801427506">
        <ele>18.81</ele>
      </trkpt>
      <trkpt lat="49.870414947" lon="0.801310583">
        <ele>18.92</ele>
      </trkpt>
      <trkpt lat="49.870339231" lon="0.80114614">
        <ele>20.43</ele>
      </trkpt>
      <trkpt lat="49.870187459" lon="0.800932588">
        <ele>22.53</ele>
      </trkpt>
      <trkpt lat="49.870070096" lon="0.800741617">
        <ele>24.26</ele>
      </trkpt>
      <trkpt lat="49.869815164" lon="0.800395025">
        <ele>25.7</ele>
      </trkpt>
      <trkpt lat="49.869128942" lon="0.799467687">
        <ele>27.47</ele>
      </trkpt>
      <trkpt lat="49.868856783" lon="0.799090638">
        <ele>27.95</ele>
      </trkpt>
      <trkpt lat="49.868643063" lon="0.798841016">
        <ele>26.92</ele>
      </trkpt>
      <trkpt lat="49.868556354" lon="0.798880805">
        <ele>26.58</ele>
      </trkpt>
      <trkpt lat="49.868466879" lon="0.798868252">
        <ele>26.03</ele>
      </trkpt>
      <trkpt lat="49.86837439" lon="0.798807474">
        <ele>25.71</ele>
      </trkpt>
      <trkpt lat="49.868062631" lon="0.7985835">
        <ele>25.74</ele>
      </trkpt>
      <trkpt lat="49.867606801" lon="0.798258302">
        <ele>27.14</ele>
      </trkpt>
      <trkpt lat="49.867290447" lon="0.79802614">
        <ele>28.06</ele>
      </trkpt>
      <trkpt lat="49.866957" lon="0.797791717">
        <ele>29.58</ele>
      </trkpt>
      <trkpt lat="49.866840917" lon="0.797702149">
        <ele>31.08</ele>
      </trkpt>
      <trkpt lat="49.866655007" lon="0.797559125">
        <ele>32.4</ele>
      </trkpt>
      <trkpt lat="49.866514157" lon="0.797428627">
        <ele>33.41</ele>
      </trkpt>
      <trkpt lat="49.866408776" lon="0.79733318">
        <ele>34.81</ele>
      </trkpt>
      <trkpt lat="49.866314924" lon="0.797226266">
        <ele>35.67</ele>
      </trkpt>
      <trkpt lat="49.866199069" lon="0.797083901">
        <ele>36</ele>
      </trkpt>
      <trkpt lat="49.866102875" lon="0.79693399">
        <ele>36.96</ele>
      </trkpt>
      <trkpt lat="49.866009339" lon="0.796781221">
        <ele>37.71</ele>
      </trkpt>
      <trkpt lat="49.865958805" lon="0.79668219">
        <ele>37.69</ele>
      </trkpt>
      <trkpt lat="49.865912705" lon="0.796596594">
        <ele>38.2</ele>
      </trkpt>
      <trkpt lat="49.865812075" lon="0.796380132">
        <ele>39.31</ele>
      </trkpt>
      <trkpt lat="49.865647002" lon="0.795897488">
        <ele>39.27</ele>
      </trkpt>
      <trkpt lat="49.865509122" lon="0.795434861">
        <ele>39.58</ele>
      </trkpt>
      <trkpt lat="49.865436795" lon="0.795290485">
        <ele>40.32</ele>
      </trkpt>
      <trkpt lat="49.865357424" lon="0.795169593">
        <ele>40.73</ele>
      </trkpt>
      <trkpt lat="49.865283604" lon="0.795143006">
        <ele>40.62</ele>
      </trkpt>
      <trkpt lat="49.865224109" lon="0.795125362">
        <ele>40.93</ele>
      </trkpt>
      <trkpt lat="49.865102868" lon="0.795124876">
        <ele>41.22</ele>
      </trkpt>
      <trkpt lat="49.865025807" lon="0.795138329">
        <ele>41.66</ele>
      </trkpt>
      <trkpt lat="49.864889851" lon="0.795181357">
        <ele>42.65</ele>
      </trkpt>
      <trkpt lat="49.864641555" lon="0.795279936">
        <ele>43.69</ele>
      </trkpt>
      <trkpt lat="49.864142902" lon="0.795481889">
        <ele>44.96</ele>
      </trkpt>
      <trkpt lat="49.863925678" lon="0.795560725">
        <ele>45.74</ele>
      </trkpt>
      <trkpt lat="49.863811195" lon="0.795597542">
        <ele>46.59</ele>
      </trkpt>
      <trkpt lat="49.863667899" lon="0.795628288">
        <ele>46.85</ele>
      </trkpt>
      <trkpt lat="49.863578781" lon="0.795633715">
        <ele>47.34</ele>
      </trkpt>
      <trkpt lat="49.863578444" lon="0.795633736">
        <ele>47.01</ele>
      </trkpt>
      <trkpt lat="49.863531502" lon="0.795636595">
        <ele>47.4</ele>
      </trkpt>
      <trkpt lat="49.863459633" lon="0.79563461">
        <ele>47.78</ele>
      </trkpt>
      <trkpt lat="49.863289723" lon="0.795620316">
        <ele>48.12</ele>
      </trkpt>
      <trkpt lat="49.862782417" lon="0.795556526">
        <ele>48.53</ele>
      </trkpt>
      <trkpt lat="49.862360358" lon="0.795487372">
        <ele>49.83</ele>
      </trkpt>
      <trkpt lat="49.861842157" lon="0.79541419">
        <ele>50.9</ele>
      </trkpt>
      <trkpt lat="49.861276218" lon="0.795329957">
        <ele>51.85</ele>
      </trkpt>
      <trkpt lat="49.860962217" lon="0.795283921">
        <ele>52.94</ele>
      </trkpt>
      <trkpt lat="49.86064825" lon="0.795240662">
        <ele>53.93</ele>
      </trkpt>
      <trkpt lat="49.860356692" lon="0.795193945">
        <ele>54.49</ele>
      </trkpt>
      <trkpt lat="49.860199928" lon="0.79515425">
        <ele>54.95</ele>
      </trkpt>
      <trkpt lat="49.860058478" lon="0.795118259">
        <ele>55.45</ele>
      </trkpt>
      <trkpt lat="49.859894357" lon="0.795064896">
        <ele>55.97</ele>
      </trkpt>
      <trkpt lat="49.859719481" lon="0.79501325">
        <ele>56.44</ele>
      </trkpt>
      <trkpt lat="49.859421161" lon="0.794929234">
        <ele>56.96</ele>
      </trkpt>
      <trkpt lat="49.859160757" lon="0.794860738">
        <ele>57.47</ele>
      </trkpt>
      <trkpt lat="49.858842882" lon="0.794792597">
        <ele>57.76</ele>
      </trkpt>
      <trkpt lat="49.858563694" lon="0.794730229">
        <ele>58.06</ele>
      </trkpt>
      <trkpt lat="49.858413373" lon="0.794702843">
        <ele>58.4</ele>
      </trkpt>
      <trkpt lat="49.858105849" lon="0.794671897">
        <ele>58.81</ele>
      </trkpt>
      <trkpt lat="49.857932452" lon="0.79466605">
        <ele>60.28</ele>
      </trkpt>
      <trkpt lat="49.85768235" lon="0.7946457">
        <ele>61.76</ele>
      </trkpt>
      <trkpt lat="49.857416113" lon="0.794598383">
        <ele>62.9</ele>
      </trkpt>
      <trkpt lat="49.857161679" lon="0.794525021">
        <ele>63.81</ele>
      </trkpt>
      <trkpt lat="49.856892978" lon="0.794419797">
        <ele>65.22</ele>
      </trkpt>
      <trkpt lat="49.856622696" lon="0.794280765">
        <ele>65.95</ele>
      </trkpt>
      <trkpt lat="49.856249756" lon="0.794049004">
        <ele>66.36</ele>
      </trkpt>
      <trkpt lat="49.856014291" lon="0.793893639">
        <ele>66.51</ele>
      </trkpt>
      <trkpt lat="49.855883787" lon="0.793800368">
        <ele>66.89</ele>
      </trkpt>
      <trkpt lat="49.855677031" lon="0.793713584">
        <ele>66.69</ele>
      </trkpt>
      <trkpt lat="49.855425336" lon="0.793623998">
        <ele>66.07</ele>
      </trkpt>
      <trkpt lat="49.855307332" lon="0.793595636">
        <ele>65.76</ele>
      </trkpt>
      <trkpt lat="49.855212738" lon="0.793572117">
        <ele>65.9</ele>
      </trkpt>
      <trkpt lat="49.855111068" lon="0.79355715">
        <ele>65.96</ele>
      </trkpt>
      <trkpt lat="49.85500051" lon="0.793549397">
        <ele>65.74</ele>
      </trkpt>
      <trkpt lat="49.854877594" lon="0.793558689">
        <ele>65.75</ele>
      </trkpt>
      <trkpt lat="49.854379264" lon="0.793636336">
        <ele>65.82</ele>
      </trkpt>
      <trkpt lat="49.854374291" lon="0.793315625">
        <ele>65.92</ele>
      </trkpt>
      <trkpt lat="49.854364237" lon="0.79316036">
        <ele>66.66</ele>
      </trkpt>
      <trkpt lat="49.854328852" lon="0.792990587">
        <ele>67.57</ele>
      </trkpt>
      <trkpt lat="49.854208514" lon="0.79270811">
        <ele>68.16</ele>
      </trkpt>
      <trkpt lat="49.854154365" lon="0.792545852">
        <ele>68.47</ele>
      </trkpt>
      <trkpt lat="49.854109334" lon="0.792394431">
        <ele>68.72</ele>
      </trkpt>
      <trkpt lat="49.854071955" lon="0.792138602">
        <ele>67.36</ele>
      </trkpt>
      <trkpt lat="49.854059502" lon="0.791936186">
        <ele>65.85</ele>
      </trkpt>
      <trkpt lat="49.85401801" lon="0.791427684">
        <ele>64.34</ele>
      </trkpt>
      <trkpt lat="49.853980863" lon="0.790907937">
        <ele>62.93</ele>
      </trkpt>
      <trkpt lat="49.853980344" lon="0.790725995">
        <ele>61.71</ele>
      </trkpt>
      <trkpt lat="49.854003935" lon="0.790462753">
        <ele>61.31</ele>
      </trkpt>
      <trkpt lat="49.854025317" lon="0.790378763">
        <ele>61.2</ele>
      </trkpt>
      <trkpt lat="49.854097002" lon="0.790225179">
        <ele>61.06</ele>
      </trkpt>
      <trkpt lat="49.854175395" lon="0.790104725">
        <ele>61.2</ele>
      </trkpt>
      <trkpt lat="49.854269558" lon="0.789953233">
        <ele>61.09</ele>
      </trkpt>
      <trkpt lat="49.854323748" lon="0.789836295">
        <ele>60.92</ele>
      </trkpt>
      <trkpt lat="49.854376864" lon="0.789705499">
        <ele>60.68</ele>
      </trkpt>
      <trkpt lat="49.854412746" lon="0.789561337">
        <ele>60.44</ele>
      </trkpt>
      <trkpt lat="49.854432663" lon="0.789432941">
        <ele>60.14</ele>
      </trkpt>
      <trkpt lat="49.854430926" lon="0.78922603">
        <ele>59.78</ele>
      </trkpt>
      <trkpt lat="49.854415639" lon="0.789083428">
        <ele>59.53</ele>
      </trkpt>
      <trkpt lat="49.854396777" lon="0.788942323">
        <ele>59.86</ele>
      </trkpt>
      <trkpt lat="49.854385943" lon="0.788796807">
        <ele>59.97</ele>
      </trkpt>
      <trkpt lat="49.854214468" lon="0.788096415">
        <ele>59.98</ele>
      </trkpt>
      <trkpt lat="49.854075937" lon="0.787585318">
        <ele>59.98</ele>
      </trkpt>
      <trkpt lat="49.853974275" lon="0.787218943">
        <ele>60.06</ele>
      </trkpt>
      <trkpt lat="49.853867041" lon="0.786768011">
        <ele>59.57</ele>
      </trkpt>
      <trkpt lat="49.853806393" lon="0.786449003">
        <ele>58.92</ele>
      </trkpt>
      <trkpt lat="49.853758624" lon="0.786083766">
        <ele>58.15</ele>
      </trkpt>
      <trkpt lat="49.853742682" lon="0.785749503">
        <ele>57.27</ele>
      </trkpt>
      <trkpt lat="49.853740593" lon="0.785234248">
        <ele>56.23</ele>
      </trkpt>
      <trkpt lat="49.853738014" lon="0.784610666">
        <ele>54.77</ele>
      </trkpt>
      <trkpt lat="49.853728976" lon="0.784184521">
        <ele>53.31</ele>
      </trkpt>
      <trkpt lat="49.853694677" lon="0.783749423">
        <ele>52.1</ele>
      </trkpt>
      <trkpt lat="49.853660161" lon="0.783437954">
        <ele>50.9</ele>
      </trkpt>
      <trkpt lat="49.853640683" lon="0.783335204">
        <ele>49.8</ele>
      </trkpt>
      <trkpt lat="49.853579267" lon="0.783011228">
        <ele>49.11</ele>
      </trkpt>
      <trkpt lat="49.853534544" lon="0.782744521">
        <ele>48.83</ele>
      </trkpt>
      <trkpt lat="49.853528067" lon="0.782589151">
        <ele>48.53</ele>
      </trkpt>
      <trkpt lat="49.853533541" lon="0.782423872">
        <ele>48.46</ele>
      </trkpt>
      <trkpt lat="49.853537784" lon="0.782295776">
        <ele>48.45</ele>
      </trkpt>
      <trkpt lat="49.853460813" lon="0.7821759">
        <ele>48.7</ele>
      </trkpt>
      <trkpt lat="49.853479365" lon="0.782045584">
        <ele>49.78</ele>
      </trkpt>
      <trkpt lat="49.853573054" lon="0.781543251">
        <ele>51.39</ele>
      </trkpt>
      <trkpt lat="49.853842026" lon="0.780036281">
        <ele>53</ele>
      </trkpt>
      <trkpt lat="49.854043716" lon="0.778956393">
        <ele>54.63</ele>
      </trkpt>
      <trkpt lat="49.854045184" lon="0.778949543">
        <ele>56.62</ele>
      </trkpt>
      <trkpt lat="49.854051457" lon="0.778920285">
        <ele>57.75</ele>
      </trkpt>
      <trkpt lat="49.854151331" lon="0.778454437">
        <ele>58.33</ele>
      </trkpt>
      <trkpt lat="49.854247801" lon="0.778063942">
        <ele>59.27</ele>
      </trkpt>
      <trkpt lat="49.854413448" lon="0.777465746">
        <ele>60.47</ele>
      </trkpt>
      <trkpt lat="49.854655475" lon="0.776591562">
        <ele>60.91</ele>
      </trkpt>
      <trkpt lat="49.854784823" lon="0.776104207">
        <ele>61.48</ele>
      </trkpt>
      <trkpt lat="49.854858943" lon="0.775792174">
        <ele>62.28</ele>
      </trkpt>
      <trkpt lat="49.854914463" lon="0.775500161">
        <ele>62.93</ele>
      </trkpt>
      <trkpt lat="49.854935684" lon="0.775264761">
        <ele>63.64</ele>
      </trkpt>
      <trkpt lat="49.854958979" lon="0.774911228">
        <ele>65.49</ele>
      </trkpt>
      <trkpt lat="49.854985505" lon="0.774040877">
        <ele>67.2</ele>
      </trkpt>
      <trkpt lat="49.855053" lon="0.771586415">
        <ele>68.71</ele>
      </trkpt>
      <trkpt lat="49.855053267" lon="0.771576706">
        <ele>71.13</ele>
      </trkpt>
      <trkpt lat="49.855068686" lon="0.771015767">
        <ele>73.22</ele>
      </trkpt>
      <trkpt lat="49.85519452" lon="0.766640563">
        <ele>74.38</ele>
      </trkpt>
      <trkpt lat="49.85522612" lon="0.765403337">
        <ele>75.5</ele>
      </trkpt>
      <trkpt lat="49.855247825" lon="0.765137357">
        <ele>76.62</ele>
      </trkpt>
      <trkpt lat="49.855168088" lon="0.764874516">
        <ele>76.73</ele>
      </trkpt>
      <trkpt lat="49.855076827" lon="0.764623145">
        <ele>76.82</ele>
      </trkpt>
      <trkpt lat="49.85498989" lon="0.764359141">
        <ele>76.89</ele>
      </trkpt>
      <trkpt lat="49.854914515" lon="0.764086445">
        <ele>76.87</ele>
      </trkpt>
      <trkpt lat="49.854839551" lon="0.763706782">
        <ele>76.84</ele>
      </trkpt>
      <trkpt lat="49.854791878" lon="0.763423505">
        <ele>76.69</ele>
      </trkpt>
      <trkpt lat="49.854746719" lon="0.763195713">
        <ele>76.62</ele>
      </trkpt>
      <trkpt lat="49.854697502" lon="0.763001385">
        <ele>76.51</ele>
      </trkpt>
      <trkpt lat="49.854637567" lon="0.762811556">
        <ele>76.54</ele>
      </trkpt>
      <trkpt lat="49.854505881" lon="0.762421153">
        <ele>76.4</ele>
      </trkpt>
      <trkpt lat="49.854350457" lon="0.761931478">
        <ele>76.27</ele>
      </trkpt>
      <trkpt lat="49.854171006" lon="0.761389769">
        <ele>76.16</ele>
      </trkpt>
      <trkpt lat="49.854044449" lon="0.760979768">
        <ele>76.02</ele>
      </trkpt>
      <trkpt lat="49.853938359" lon="0.760555244">
        <ele>75.86</ele>
      </trkpt>
      <trkpt lat="49.853857676" lon="0.760220217">
        <ele>75.74</ele>
      </trkpt>
      <trkpt lat="49.85384198" lon="0.760117919">
        <ele>75.82</ele>
      </trkpt>
      <trkpt lat="49.853874702" lon="0.759940498">
        <ele>75.78</ele>
      </trkpt>
      <trkpt lat="49.853934479" lon="0.75977196">
        <ele>75.77</ele>
      </trkpt>
      <trkpt lat="49.854054107" lon="0.759440439">
        <ele>75.9</ele>
      </trkpt>
      <trkpt lat="49.854080888" lon="0.759289593">
        <ele>76.1</ele>
      </trkpt>
      <trkpt lat="49.854143314" lon="0.758979292">
        <ele>75.72</ele>
      </trkpt>
      <trkpt lat="49.854200519" lon="0.758751103">
        <ele>75.42</ele>
      </trkpt>
      <trkpt lat="49.854253705" lon="0.758559156">
        <ele>74.69</ele>
      </trkpt>
      <trkpt lat="49.854252276" lon="0.758380015">
        <ele>73.93</ele>
      </trkpt>
      <trkpt lat="49.854224398" lon="0.758169752">
        <ele>72.91</ele>
      </trkpt>
      <trkpt lat="49.854176102" lon="0.757908726">
        <ele>72.68</ele>
      </trkpt>
      <trkpt lat="49.8541001" lon="0.757588839">
        <ele>72.05</ele>
      </trkpt>
      <trkpt lat="49.854010702" lon="0.757274921">
        <ele>71.26</ele>
      </trkpt>
      <trkpt lat="49.853829399" lon="0.756730512">
        <ele>70.6</ele>
      </trkpt>
      <trkpt lat="49.853739801" lon="0.756401325">
        <ele>70.57</ele>
      </trkpt>
      <trkpt lat="49.853648597" lon="0.756431944">
        <ele>69.75</ele>
      </trkpt>
      <trkpt lat="49.853492307" lon="0.756429861">
        <ele>69.41</ele>
      </trkpt>
      <trkpt lat="49.853359413" lon="0.756431218">
        <ele>69.75</ele>
      </trkpt>
      <trkpt lat="49.853346779" lon="0.756288545">
        <ele>69.56</ele>
      </trkpt>
      <trkpt lat="49.853333809" lon="0.756188941">
        <ele>69.07</ele>
      </trkpt>
      <trkpt lat="49.853292624" lon="0.755991597">
        <ele>69</ele>
      </trkpt>
      <trkpt lat="49.853240251" lon="0.755762653">
        <ele>69.35</ele>
      </trkpt>
      <trkpt lat="49.853195819" lon="0.755591801">
        <ele>69.61</ele>
      </trkpt>
      <trkpt lat="49.853145372" lon="0.75544197">
        <ele>69.94</ele>
      </trkpt>
      <trkpt lat="49.853055343" lon="0.755148919">
        <ele>70.72</ele>
      </trkpt>
      <trkpt lat="49.852957861" lon="0.754835264">
        <ele>71.65</ele>
      </trkpt>
      <trkpt lat="49.852773613" lon="0.754410419">
        <ele>71.87</ele>
      </trkpt>
      <trkpt lat="49.85262526" lon="0.754052516">
        <ele>71.89</ele>
      </trkpt>
      <trkpt lat="49.852527311" lon="0.753772218">
        <ele>72.09</ele>
      </trkpt>
      <trkpt lat="49.852411889" lon="0.753460519">
        <ele>71.83</ele>
      </trkpt>
      <trkpt lat="49.852351939" lon="0.75327071">
        <ele>71.41</ele>
      </trkpt>
      <trkpt lat="49.852262738" lon="0.753041533">
        <ele>71.19</ele>
      </trkpt>
      <trkpt lat="49.852198243" lon="0.752847698">
        <ele>71.29</ele>
      </trkpt>
      <trkpt lat="49.852123396" lon="0.752548627">
        <ele>71.59</ele>
      </trkpt>
      <trkpt lat="49.852041033" lon="0.75215534">
        <ele>71.84</ele>
      </trkpt>
      <trkpt lat="49.851970502" lon="0.751774188">
        <ele>72.08</ele>
      </trkpt>
      <trkpt lat="49.851909425" lon="0.751498302">
        <ele>72.22</ele>
      </trkpt>
      <trkpt lat="49.851803002" lon="0.750982153">
        <ele>72.25</ele>
      </trkpt>
      <trkpt lat="49.851720299" lon="0.750631941">
        <ele>72.12</ele>
      </trkpt>
      <trkpt lat="49.851558433" lon="0.749859182">
        <ele>71.95</ele>
      </trkpt>
      <trkpt lat="49.85140661" lon="0.749168063">
        <ele>71.66</ele>
      </trkpt>
      <trkpt lat="49.85130532" lon="0.748701766">
        <ele>71.36</ele>
      </trkpt>
      <trkpt lat="49.851233381" lon="0.748351224">
        <ele>71.1</ele>
      </trkpt>
      <trkpt lat="49.851163484" lon="0.748088121">
        <ele>70.65</ele>
      </trkpt>
      <trkpt lat="49.851065167" lon="0.747849521">
        <ele>70.24</ele>
      </trkpt>
      <trkpt lat="49.850909206" lon="0.74752939">
        <ele>69.91</ele>
      </trkpt>
      <trkpt lat="49.850733695" lon="0.74722515">
        <ele>69.59</ele>
      </trkpt>
      <trkpt lat="49.850632514" lon="0.747042199">
        <ele>69.01</ele>
      </trkpt>
      <trkpt lat="49.85045033" lon="0.74674342">
        <ele>68.45</ele>
      </trkpt>
      <trkpt lat="49.850217928" lon="0.746312105">
        <ele>67.61</ele>
      </trkpt>
      <trkpt lat="49.85002754" lon="0.74596945">
        <ele>66.77</ele>
      </trkpt>
      <trkpt lat="49.849823851" lon="0.745639714">
        <ele>65.7</ele>
      </trkpt>
      <trkpt lat="49.849580043" lon="0.745264015">
        <ele>64.45</ele>
      </trkpt>
      <trkpt lat="49.849315611" lon="0.7448223">
        <ele>63.33</ele>
      </trkpt>
      <trkpt lat="49.849082154" lon="0.74441434">
        <ele>62.26</ele>
      </trkpt>
      <trkpt lat="49.848903232" lon="0.744056061">
        <ele>61.27</ele>
      </trkpt>
      <trkpt lat="49.848747497" lon="0.743754003">
        <ele>60.95</ele>
      </trkpt>
      <trkpt lat="49.848570714" lon="0.743422052">
        <ele>61.12</ele>
      </trkpt>
      <trkpt lat="49.848391018" lon="0.743073527">
        <ele>61.71</ele>
      </trkpt>
      <trkpt lat="49.8482124" lon="0.742738859">
        <ele>62.53</ele>
      </trkpt>
      <trkpt lat="49.848153348" lon="0.742632502">
        <ele>63.29</ele>
      </trkpt>
      <trkpt lat="49.84811766" lon="0.742568225">
        <ele>63.45</ele>
      </trkpt>
      <trkpt lat="49.848112467" lon="0.742561026">
        <ele>63.97</ele>
      </trkpt>
      <trkpt lat="49.847965817" lon="0.742357718">
        <ele>64.57</ele>
      </trkpt>
      <trkpt lat="49.847738134" lon="0.742048206">
        <ele>65.49</ele>
      </trkpt>
      <trkpt lat="49.847476743" lon="0.741702259">
        <ele>66.26</ele>
      </trkpt>
      <trkpt lat="49.847342138" lon="0.741505103">
        <ele>67.14</ele>
      </trkpt>
      <trkpt lat="49.847490808" lon="0.741200444">
        <ele>67.31</ele>
      </trkpt>
      <trkpt lat="49.847550943" lon="0.741061058">
        <ele>66.92</ele>
      </trkpt>
      <trkpt lat="49.847628504" lon="0.74088085">
        <ele>66.18</ele>
      </trkpt>
      <trkpt lat="49.84776576" lon="0.740530168">
        <ele>65.56</ele>
      </trkpt>
      <trkpt lat="49.847921155" lon="0.740188338">
        <ele>65.04</ele>
      </trkpt>
      <trkpt lat="49.848044467" lon="0.739867803">
        <ele>64.78</ele>
      </trkpt>
      <trkpt lat="49.848152773" lon="0.739567182">
        <ele>64.89</ele>
      </trkpt>
      <trkpt lat="49.848273942" lon="0.739220321">
        <ele>64.74</ele>
      </trkpt>
      <trkpt lat="49.84837466" lon="0.738957435">
        <ele>64.64</ele>
      </trkpt>
      <trkpt lat="49.848488532" lon="0.738670524">
        <ele>64.47</ele>
      </trkpt>
      <trkpt lat="49.848606014" lon="0.738384885">
        <ele>64.28</ele>
      </trkpt>
      <trkpt lat="49.848764093" lon="0.738045192">
        <ele>63.67</ele>
      </trkpt>
      <trkpt lat="49.848850866" lon="0.737814684">
        <ele>63.44</ele>
      </trkpt>
      <trkpt lat="49.848952531" lon="0.737623983">
        <ele>62.98</ele>
      </trkpt>
      <trkpt lat="49.849080449" lon="0.737449123">
        <ele>62.46</ele>
      </trkpt>
      <trkpt lat="49.849292533" lon="0.737186888">
        <ele>61.23</ele>
      </trkpt>
      <trkpt lat="49.849524146" lon="0.73690737">
        <ele>59.77</ele>
      </trkpt>
      <trkpt lat="49.849780546" lon="0.736600678">
        <ele>58.2</ele>
      </trkpt>
      <trkpt lat="49.849986546" lon="0.736353907">
        <ele>56.74</ele>
      </trkpt>
      <trkpt lat="49.850058712" lon="0.736241908">
        <ele>55.34</ele>
      </trkpt>
      <trkpt lat="49.850119134" lon="0.736124725">
        <ele>54.55</ele>
      </trkpt>
      <trkpt lat="49.850156107" lon="0.735999945">
        <ele>54.08</ele>
      </trkpt>
      <trkpt lat="49.850186413" lon="0.735816891">
        <ele>53.4</ele>
      </trkpt>
      <trkpt lat="49.850193338" lon="0.735690432">
        <ele>52.55</ele>
      </trkpt>
      <trkpt lat="49.850190997" lon="0.735512723">
        <ele>51.84</ele>
      </trkpt>
      <trkpt lat="49.850181088" lon="0.735238029">
        <ele>51.07</ele>
      </trkpt>
      <trkpt lat="49.850157548" lon="0.735019323">
        <ele>50.48</ele>
      </trkpt>
      <trkpt lat="49.850145697" lon="0.734869694">
        <ele>49.99</ele>
      </trkpt>
      <trkpt lat="49.850157514" lon="0.734744318">
        <ele>49.56</ele>
      </trkpt>
      <trkpt lat="49.850192543" lon="0.734608488">
        <ele>48.98</ele>
      </trkpt>
      <trkpt lat="49.850297035" lon="0.734491558">
        <ele>48.07</ele>
      </trkpt>
      <trkpt lat="49.850389726" lon="0.734442542">
        <ele>47.11</ele>
      </trkpt>
      <trkpt lat="49.850490561" lon="0.734461584">
        <ele>46.52</ele>
      </trkpt>
      <trkpt lat="49.850576153" lon="0.734550554">
        <ele>46.27</ele>
      </trkpt>
      <trkpt lat="49.850650661" lon="0.734684319">
        <ele>45.98</ele>
      </trkpt>
      <trkpt lat="49.850735684" lon="0.734866366">
        <ele>46.58</ele>
      </trkpt>
      <trkpt lat="49.850811364" lon="0.735020929">
        <ele>47.09</ele>
      </trkpt>
      <trkpt lat="49.850903036" lon="0.735298604">
        <ele>47.25</ele>
      </trkpt>
      <trkpt lat="49.85102107" lon="0.73558609">
        <ele>47.5</ele>
      </trkpt>
      <trkpt lat="49.851110342" lon="0.735790037">
        <ele>47.5</ele>
      </trkpt>
      <trkpt lat="49.851235503" lon="0.735993705">
        <ele>46.75</ele>
      </trkpt>
      <trkpt lat="49.851303562" lon="0.736047119">
        <ele>45.96</ele>
      </trkpt>
      <trkpt lat="49.851383291" lon="0.736100165">
        <ele>45.36</ele>
      </trkpt>
      <trkpt lat="49.851433587" lon="0.736117487">
        <ele>43.44</ele>
      </trkpt>
      <trkpt lat="49.851460877" lon="0.736126887">
        <ele>41.87</ele>
      </trkpt>
      <trkpt lat="49.851597892" lon="0.736104944">
        <ele>40.31</ele>
      </trkpt>
      <trkpt lat="49.851729106" lon="0.736036486">
        <ele>38.77</ele>
      </trkpt>
      <trkpt lat="49.851794529" lon="0.73595803">
        <ele>37.21</ele>
      </trkpt>
      <trkpt lat="49.851798855" lon="0.735949596">
        <ele>36.35</ele>
      </trkpt>
      <trkpt lat="49.851834526" lon="0.735880041">
        <ele>35.86</ele>
      </trkpt>
      <trkpt lat="49.851944047" lon="0.735582464">
        <ele>35.07</ele>
      </trkpt>
      <trkpt lat="49.852006687" lon="0.735361033">
        <ele>34.5</ele>
      </trkpt>
      <trkpt lat="49.852048643" lon="0.735205534">
        <ele>36.17</ele>
      </trkpt>
      <trkpt lat="49.852066882" lon="0.735142065">
        <ele>39.15</ele>
      </trkpt>
      <trkpt lat="49.852105826" lon="0.735006538">
        <ele>41.87</ele>
      </trkpt>
      <trkpt lat="49.852153662" lon="0.73487407">
        <ele>43.08</ele>
      </trkpt>
      <trkpt lat="49.852155562" lon="0.734868808">
        <ele>45.25</ele>
      </trkpt>
      <trkpt lat="49.852173399" lon="0.734770283">
        <ele>43.04</ele>
      </trkpt>
      <trkpt lat="49.852214996" lon="0.734540525">
        <ele>40.5</ele>
      </trkpt>
      <trkpt lat="49.852297658" lon="0.734203174">
        <ele>36.49</ele>
      </trkpt>
      <trkpt lat="49.852413369" lon="0.733716157">
        <ele>34.24</ele>
      </trkpt>
      <trkpt lat="49.852474857" lon="0.733477108">
        <ele>32.3</ele>
      </trkpt>
      <trkpt lat="49.852599591" lon="0.732992173">
        <ele>31.66</ele>
      </trkpt>
      <trkpt lat="49.85264409" lon="0.732825478">
        <ele>29.66</ele>
      </trkpt>
      <trkpt lat="49.852746844" lon="0.732445817">
        <ele>28.74</ele>
      </trkpt>
      <trkpt lat="49.852792164" lon="0.732137418">
        <ele>28.08</ele>
      </trkpt>
      <trkpt lat="49.852837078" lon="0.731662352">
        <ele>26.31</ele>
      </trkpt>
      <trkpt lat="49.852845549" lon="0.731148158">
        <ele>25.42</ele>
      </trkpt>
      <trkpt lat="49.85284552" lon="0.730685965">
        <ele>25.04</ele>
      </trkpt>
      <trkpt lat="49.852845519" lon="0.730670344">
        <ele>24.42</ele>
      </trkpt>
      <trkpt lat="49.852865891" lon="0.730236524">
        <ele>23.96</ele>
      </trkpt>
      <trkpt lat="49.852869528" lon="0.730193915">
        <ele>23.89</ele>
      </trkpt>
      <trkpt lat="49.852905492" lon="0.729772547">
        <ele>22.91</ele>
      </trkpt>
      <trkpt lat="49.852959928" lon="0.729474966">
        <ele>22.14</ele>
      </trkpt>
      <trkpt lat="49.853035878" lon="0.729142247">
        <ele>22.52</ele>
      </trkpt>
      <trkpt lat="49.853136674" lon="0.728783207">
        <ele>23.27</ele>
      </trkpt>
      <trkpt lat="49.853272263" lon="0.728374713">
        <ele>22.95</ele>
      </trkpt>
      <trkpt lat="49.853339837" lon="0.728187835">
        <ele>23.36</ele>
      </trkpt>
      <trkpt lat="49.853429064" lon="0.727940543">
        <ele>23.68</ele>
      </trkpt>
      <trkpt lat="49.853576341" lon="0.727601124">
        <ele>23.19</ele>
      </trkpt>
      <trkpt lat="49.853771169" lon="0.727122686">
        <ele>22.39</ele>
      </trkpt>
      <trkpt lat="49.853874948" lon="0.726907191">
        <ele>21.79</ele>
      </trkpt>
      <trkpt lat="49.854039492" lon="0.726565516">
        <ele>21.26</ele>
      </trkpt>
      <trkpt lat="49.854206533" lon="0.726226852">
        <ele>20.97</ele>
      </trkpt>
      <trkpt lat="49.854262403" lon="0.726105623">
        <ele>21.17</ele>
      </trkpt>
      <trkpt lat="49.854370185" lon="0.725903573">
        <ele>21.01</ele>
      </trkpt>
      <trkpt lat="49.854479916" lon="0.725780635">
        <ele>20.44</ele>
      </trkpt>
      <trkpt lat="49.854748067" lon="0.725481818">
        <ele>20.72</ele>
      </trkpt>
      <trkpt lat="49.855070313" lon="0.725131276">
        <ele>20.14</ele>
      </trkpt>
      <trkpt lat="49.855787639" lon="0.724369524">
        <ele>20.16</ele>
      </trkpt>
      <trkpt lat="49.855929352" lon="0.72422056">
        <ele>19.31</ele>
      </trkpt>
      <trkpt lat="49.85623029" lon="0.723888737">
        <ele>20.43</ele>
      </trkpt>
      <trkpt lat="49.856540111" lon="0.723549681">
        <ele>21</ele>
      </trkpt>
      <trkpt lat="49.856766471" lon="0.723282729">
        <ele>21.55</ele>
      </trkpt>
      <trkpt lat="49.856993248" lon="0.722979643">
        <ele>22.85</ele>
      </trkpt>
      <trkpt lat="49.857171807" lon="0.722697536">
        <ele>25.82</ele>
      </trkpt>
      <trkpt lat="49.85729072" lon="0.722454827">
        <ele>26.91</ele>
      </trkpt>
      <trkpt lat="49.857445569" lon="0.722145687">
        <ele>27.8</ele>
      </trkpt>
      <trkpt lat="49.857622956" lon="0.721708028">
        <ele>29.54</ele>
      </trkpt>
      <trkpt lat="49.857723444" lon="0.721363107">
        <ele>29.04</ele>
      </trkpt>
      <trkpt lat="49.857874721" lon="0.721258278">
        <ele>28.02</ele>
      </trkpt>
      <trkpt lat="49.858355807" lon="0.720899854">
        <ele>27.35</ele>
      </trkpt>
      <trkpt lat="49.858567916" lon="0.720709737">
        <ele>26.16</ele>
      </trkpt>
      <trkpt lat="49.858803338" lon="0.720449416">
        <ele>24.7</ele>
      </trkpt>
      <trkpt lat="49.858983676" lon="0.720233914">
        <ele>23.62</ele>
      </trkpt>
      <trkpt lat="49.859180238" lon="0.719955381">
        <ele>22.24</ele>
      </trkpt>
      <trkpt lat="49.85936996" lon="0.719635384">
        <ele>20.88</ele>
      </trkpt>
      <trkpt lat="49.859517149" lon="0.719358419">
        <ele>20.49</ele>
      </trkpt>
      <trkpt lat="49.859609918" lon="0.719179962">
        <ele>19.14</ele>
      </trkpt>
      <trkpt lat="49.859771959" lon="0.718868255">
        <ele>18.5</ele>
      </trkpt>
      <trkpt lat="49.859925188" lon="0.718573033">
        <ele>17.53</ele>
      </trkpt>
      <trkpt lat="49.86006968" lon="0.718296146">
        <ele>16.67</ele>
      </trkpt>
      <trkpt lat="49.860298166" lon="0.717852655">
        <ele>15.17</ele>
      </trkpt>
      <trkpt lat="49.86051936" lon="0.717437897">
        <ele>14.28</ele>
      </trkpt>
      <trkpt lat="49.860752772" lon="0.716990741">
        <ele>12.83</ele>
      </trkpt>
      <trkpt lat="49.861034678" lon="0.716445508">
        <ele>11.66</ele>
      </trkpt>
      <trkpt lat="49.861328853" lon="0.71587765">
        <ele>10.33</ele>
      </trkpt>
      <trkpt lat="49.861617223" lon="0.715346092">
        <ele>8.97</ele>
      </trkpt>
      <trkpt lat="49.861756109" lon="0.715120769">
        <ele>8.08</ele>
      </trkpt>
      <trkpt lat="49.861865984" lon="0.714942214">
        <ele>7.4</ele>
      </trkpt>
      <trkpt lat="49.86209406" lon="0.714536215">
        <ele>7.01</ele>
      </trkpt>
      <trkpt lat="49.86212975" lon="0.714472851">
        <ele>6.96</ele>
      </trkpt>
      <trkpt lat="49.862289866" lon="0.714202094">
        <ele>7.56</ele>
      </trkpt>
      <trkpt lat="49.862494611" lon="0.713864907">
        <ele>8.66</ele>
      </trkpt>
      <trkpt lat="49.862580265" lon="0.713688511">
        <ele>9.89</ele>
      </trkpt>
      <trkpt lat="49.862623746" lon="0.713514852">
        <ele>12.12</ele>
      </trkpt>
      <trkpt lat="49.862623746" lon="0.713514852">
        <ele>12.12</ele>
      </trkpt>
      <trkpt lat="49.862623746" lon="0.713514852">
        <ele>12.12</ele>
      </trkpt>
      <trkpt lat="49.862499328" lon="0.713478541">
        <ele>7.92</ele>
      </trkpt>
      <trkpt lat="49.862393947" lon="0.713455514">
        <ele>8.97</ele>
      </trkpt>
      <trkpt lat="49.86226197" lon="0.713458344">
        <ele>8.41</ele>
      </trkpt>
      <trkpt lat="49.862203788" lon="0.713472706">
        <ele>8.41</ele>
      </trkpt>
      <trkpt lat="49.862081165" lon="0.713512407">
        <ele>8.13</ele>
      </trkpt>
      <trkpt lat="49.861949867" lon="0.713557232">
        <ele>7.84</ele>
      </trkpt>
      <trkpt lat="49.86172645" lon="0.713639393">
        <ele>7.43</ele>
      </trkpt>
      <trkpt lat="49.861554069" lon="0.713710197">
        <ele>7.01</ele>
      </trkpt>
      <trkpt lat="49.86139422" lon="0.713777821">
        <ele>6.95</ele>
      </trkpt>
      <trkpt lat="49.861134404" lon="0.713891706">
        <ele>7.1</ele>
      </trkpt>
      <trkpt lat="49.860995256" lon="0.713962836">
        <ele>7.54</ele>
      </trkpt>
      <trkpt lat="49.860816251" lon="0.714075527">
        <ele>7.89</ele>
      </trkpt>
      <trkpt lat="49.860575787" lon="0.7142263">
        <ele>8.02</ele>
      </trkpt>
      <trkpt lat="49.860334296" lon="0.714367379">
        <ele>8.04</ele>
      </trkpt>
      <trkpt lat="49.860156322" lon="0.714288322">
        <ele>8.06</ele>
      </trkpt>
      <trkpt lat="49.860062878" lon="0.714217682">
        <ele>7.88</ele>
      </trkpt>
      <trkpt lat="49.859849964" lon="0.714010548">
        <ele>7.58</ele>
      </trkpt>
      <trkpt lat="49.859699509" lon="0.71384032">
        <ele>7.25</ele>
      </trkpt>
      <trkpt lat="49.859541353" lon="0.713631439">
        <ele>7.32</ele>
      </trkpt>
      <trkpt lat="49.859314932" lon="0.713287215">
        <ele>7.34</ele>
      </trkpt>
      <trkpt lat="49.859077087" lon="0.712894736">
        <ele>7.4</ele>
      </trkpt>
      <trkpt lat="49.859005674" lon="0.712725458">
        <ele>7.68</ele>
      </trkpt>
      <trkpt lat="49.858884278" lon="0.712429767">
        <ele>8.2</ele>
      </trkpt>
      <trkpt lat="49.858801435" lon="0.712227028">
        <ele>8.31</ele>
      </trkpt>
      <trkpt lat="49.858746801" lon="0.71210375">
        <ele>8.3</ele>
      </trkpt>
      <trkpt lat="49.858681617" lon="0.711997483">
        <ele>8.29</ele>
      </trkpt>
      <trkpt lat="49.85861387" lon="0.711901019">
        <ele>8.72</ele>
      </trkpt>
      <trkpt lat="49.858527475" lon="0.711820435">
        <ele>9.07</ele>
      </trkpt>
      <trkpt lat="49.858263019" lon="0.711587184">
        <ele>9.77</ele>
      </trkpt>
      <trkpt lat="49.858088545" lon="0.711434406">
        <ele>10.21</ele>
      </trkpt>
      <trkpt lat="49.857594409" lon="0.71101681">
        <ele>10.75</ele>
      </trkpt>
      <trkpt lat="49.857486675" lon="0.710952194">
        <ele>10.8</ele>
      </trkpt>
      <trkpt lat="49.857355167" lon="0.710923064">
        <ele>10.57</ele>
      </trkpt>
      <trkpt lat="49.857271831" lon="0.710936844">
        <ele>9.83</ele>
      </trkpt>
      <trkpt lat="49.857078582" lon="0.71099165">
        <ele>10.66</ele>
      </trkpt>
      <trkpt lat="49.856765655" lon="0.711096126">
        <ele>11.39</ele>
      </trkpt>
      <trkpt lat="49.856553871" lon="0.71117514">
        <ele>13.49</ele>
      </trkpt>
      <trkpt lat="49.856359216" lon="0.711259159">
        <ele>14.96</ele>
      </trkpt>
      <trkpt lat="49.856026027" lon="0.711460129">
        <ele>15.81</ele>
      </trkpt>
      <trkpt lat="49.855758071" lon="0.711636783">
        <ele>15.75</ele>
      </trkpt>
      <trkpt lat="49.855571118" lon="0.711759447">
        <ele>16.59</ele>
      </trkpt>
      <trkpt lat="49.855376568" lon="0.71191847">
        <ele>15.04</ele>
      </trkpt>
      <trkpt lat="49.855179962" lon="0.71205811">
        <ele>14.66</ele>
      </trkpt>
      <trkpt lat="49.855047228" lon="0.712138755">
        <ele>16.33</ele>
      </trkpt>
      <trkpt lat="49.854930207" lon="0.712185559">
        <ele>17.93</ele>
      </trkpt>
      <trkpt lat="49.854643727" lon="0.712253063">
        <ele>18.61</ele>
      </trkpt>
      <trkpt lat="49.854341355" lon="0.712273847">
        <ele>20.98</ele>
      </trkpt>
      <trkpt lat="49.85358544" lon="0.71236053">
        <ele>21.58</ele>
      </trkpt>
      <trkpt lat="49.853221387" lon="0.712402732">
        <ele>20.65</ele>
      </trkpt>
      <trkpt lat="49.853016938" lon="0.712425939">
        <ele>19.8</ele>
      </trkpt>
      <trkpt lat="49.852814412" lon="0.712458807">
        <ele>19.02</ele>
      </trkpt>
      <trkpt lat="49.852676614" lon="0.712496549">
        <ele>17.7</ele>
      </trkpt>
      <trkpt lat="49.852579248" lon="0.712535777">
        <ele>17.97</ele>
      </trkpt>
      <trkpt lat="49.852387397" lon="0.712628029">
        <ele>18.91</ele>
      </trkpt>
      <trkpt lat="49.852297417" lon="0.7126823">
        <ele>18.85</ele>
      </trkpt>
      <trkpt lat="49.852129016" lon="0.712782135">
        <ele>18.8</ele>
      </trkpt>
      <trkpt lat="49.851982011" lon="0.712870174">
        <ele>18.88</ele>
      </trkpt>
      <trkpt lat="49.851212066" lon="0.713318421">
        <ele>18.54</ele>
      </trkpt>
      <trkpt lat="49.850896251" lon="0.713475744">
        <ele>18.09</ele>
      </trkpt>
      <trkpt lat="49.850648742" lon="0.713569769">
        <ele>18.09</ele>
      </trkpt>
      <trkpt lat="49.850478681" lon="0.713612705">
        <ele>18.2</ele>
      </trkpt>
      <trkpt lat="49.850311091" lon="0.713638895">
        <ele>18.12</ele>
      </trkpt>
      <trkpt lat="49.849981186" lon="0.713682771">
        <ele>18.48</ele>
      </trkpt>
      <trkpt lat="49.849721901" lon="0.713702168">
        <ele>18.98</ele>
      </trkpt>
      <trkpt lat="49.849494563" lon="0.713692766">
        <ele>19.94</ele>
      </trkpt>
      <trkpt lat="49.849306389" lon="0.713657111">
        <ele>20.53</ele>
      </trkpt>
      <trkpt lat="49.849059364" lon="0.713585837">
        <ele>21.35</ele>
      </trkpt>
      <trkpt lat="49.848830032" lon="0.713494555">
        <ele>21.83</ele>
      </trkpt>
      <trkpt lat="49.848513817" lon="0.713353272">
        <ele>22.53</ele>
      </trkpt>
      <trkpt lat="49.848138603" lon="0.713165266">
        <ele>23.63</ele>
      </trkpt>
      <trkpt lat="49.847866504" lon="0.7130323">
        <ele>24.29</ele>
      </trkpt>
      <trkpt lat="49.847699354" lon="0.712957089">
        <ele>25.88</ele>
      </trkpt>
      <trkpt lat="49.847563772" lon="0.712891981">
        <ele>27.39</ele>
      </trkpt>
      <trkpt lat="49.847381491" lon="0.712826975">
        <ele>28.72</ele>
      </trkpt>
      <trkpt lat="49.847180656" lon="0.712784787">
        <ele>28.08</ele>
      </trkpt>
      <trkpt lat="49.846891691" lon="0.71280097">
        <ele>29.36</ele>
      </trkpt>
      <trkpt lat="49.846747515" lon="0.712831966">
        <ele>27.79</ele>
      </trkpt>
      <trkpt lat="49.84653047" lon="0.712920847">
        <ele>26.63</ele>
      </trkpt>
      <trkpt lat="49.846501272" lon="0.712939014">
        <ele>25.27</ele>
      </trkpt>
      <trkpt lat="49.846372822" lon="0.713018937">
        <ele>25.22</ele>
      </trkpt>
      <trkpt lat="49.846189238" lon="0.7131369">
        <ele>23.95</ele>
      </trkpt>
      <trkpt lat="49.846165748" lon="0.713151994">
        <ele>24.4</ele>
      </trkpt>
      <trkpt lat="49.846162387" lon="0.713154154">
        <ele>24.28</ele>
      </trkpt>
      <trkpt lat="49.846143091" lon="0.713166552">
        <ele>24.11</ele>
      </trkpt>
      <trkpt lat="49.845965971" lon="0.713286094">
        <ele>24.27</ele>
      </trkpt>
      <trkpt lat="49.845903437" lon="0.713329695">
        <ele>25.31</ele>
      </trkpt>
      <trkpt lat="49.845694586" lon="0.713475313">
        <ele>25.53</ele>
      </trkpt>
      <trkpt lat="49.845526424" lon="0.71359318">
        <ele>26.09</ele>
      </trkpt>
      <trkpt lat="49.845282005" lon="0.713750674">
        <ele>26.33</ele>
      </trkpt>
      <trkpt lat="49.845091013" lon="0.713873741">
        <ele>26.52</ele>
      </trkpt>
      <trkpt lat="49.844855665" lon="0.714035952">
        <ele>25.84</ele>
      </trkpt>
      <trkpt lat="49.844712811" lon="0.714134413">
        <ele>25.68</ele>
      </trkpt>
      <trkpt lat="49.84469752" lon="0.714146613">
        <ele>25.54</ele>
      </trkpt>
      <trkpt lat="49.844508411" lon="0.714297486">
        <ele>26.46</ele>
      </trkpt>
      <trkpt lat="49.844489771" lon="0.714312357">
        <ele>26.19</ele>
      </trkpt>
      <trkpt lat="49.844468121" lon="0.714333882">
        <ele>27.3</ele>
      </trkpt>
      <trkpt lat="49.844276169" lon="0.714524716">
        <ele>27.13</ele>
      </trkpt>
      <trkpt lat="49.844050742" lon="0.714793003">
        <ele>26.99</ele>
      </trkpt>
      <trkpt lat="49.843992487" lon="0.714873633">
        <ele>25.99</ele>
      </trkpt>
      <trkpt lat="49.843975224" lon="0.714897527">
        <ele>26.24</ele>
      </trkpt>
      <trkpt lat="49.843869977" lon="0.715043194">
        <ele>25.34</ele>
      </trkpt>
      <trkpt lat="49.843672858" lon="0.715346679">
        <ele>27.95</ele>
      </trkpt>
      <trkpt lat="49.843458286" lon="0.715688215">
        <ele>28.64</ele>
      </trkpt>
      <trkpt lat="49.843205686" lon="0.716074013">
        <ele>30.5</ele>
      </trkpt>
      <trkpt lat="49.843075438" lon="0.71627398">
        <ele>30.57</ele>
      </trkpt>
      <trkpt lat="49.842964569" lon="0.716445552">
        <ele>31.29</ele>
      </trkpt>
      <trkpt lat="49.842788288" lon="0.71669559">
        <ele>29.35</ele>
      </trkpt>
      <trkpt lat="49.842652376" lon="0.716874903">
        <ele>29.1</ele>
      </trkpt>
      <trkpt lat="49.842515287" lon="0.717033422">
        <ele>28.38</ele>
      </trkpt>
      <trkpt lat="49.84234491" lon="0.717187447">
        <ele>28.91</ele>
      </trkpt>
      <trkpt lat="49.842157745" lon="0.717294789">
        <ele>28.54</ele>
      </trkpt>
      <trkpt lat="49.842079117" lon="0.717325069">
        <ele>28.86</ele>
      </trkpt>
      <trkpt lat="49.841997796" lon="0.717355435">
        <ele>29.35</ele>
      </trkpt>
      <trkpt lat="49.841830112" lon="0.717374668">
        <ele>29.29</ele>
      </trkpt>
      <trkpt lat="49.841641354" lon="0.717362631">
        <ele>29.43</ele>
      </trkpt>
      <trkpt lat="49.841433957" lon="0.717299809">
        <ele>29.6</ele>
      </trkpt>
      <trkpt lat="49.84109755" lon="0.717125838">
        <ele>29.99</ele>
      </trkpt>
      <trkpt lat="49.840771378" lon="0.716911272">
        <ele>30.75</ele>
      </trkpt>
      <trkpt lat="49.840438737" lon="0.716683029">
        <ele>32.08</ele>
      </trkpt>
      <trkpt lat="49.840093398" lon="0.716445474">
        <ele>34.49</ele>
      </trkpt>
      <trkpt lat="49.83946873" lon="0.71600437">
        <ele>37.36</ele>
      </trkpt>
      <trkpt lat="49.838570287" lon="0.715372054">
        <ele>40.16</ele>
      </trkpt>
      <trkpt lat="49.837703741" lon="0.714774844">
        <ele>43.06</ele>
      </trkpt>
      <trkpt lat="49.836912201" lon="0.714212752">
        <ele>45.51</ele>
      </trkpt>
      <trkpt lat="49.836140612" lon="0.713665312">
        <ele>47.38</ele>
      </trkpt>
      <trkpt lat="49.835425309" lon="0.713163301">
        <ele>48.8</ele>
      </trkpt>
      <trkpt lat="49.834917712" lon="0.712814343">
        <ele>50.71</ele>
      </trkpt>
      <trkpt lat="49.834523201" lon="0.712543806">
        <ele>52.51</ele>
      </trkpt>
      <trkpt lat="49.833905783" lon="0.712159386">
        <ele>53.88</ele>
      </trkpt>
      <trkpt lat="49.833588181" lon="0.711982096">
        <ele>55.1</ele>
      </trkpt>
      <trkpt lat="49.833418899" lon="0.711903702">
        <ele>55.93</ele>
      </trkpt>
      <trkpt lat="49.833308071" lon="0.711854985">
        <ele>56.34</ele>
      </trkpt>
      <trkpt lat="49.833058595" lon="0.711735224">
        <ele>56.73</ele>
      </trkpt>
      <trkpt lat="49.832788917" lon="0.711649434">
        <ele>57.69</ele>
      </trkpt>
      <trkpt lat="49.83251739" lon="0.711576067">
        <ele>58.3</ele>
      </trkpt>
      <trkpt lat="49.832156329" lon="0.711490557">
        <ele>59.61</ele>
      </trkpt>
      <trkpt lat="49.831657382" lon="0.711385726">
        <ele>61.3</ele>
      </trkpt>
      <trkpt lat="49.831100832" lon="0.711271628">
        <ele>62.5</ele>
      </trkpt>
      <trkpt lat="49.830447217" lon="0.711152311">
        <ele>63.87</ele>
      </trkpt>
      <trkpt lat="49.830123787" lon="0.711076577">
        <ele>65.06</ele>
      </trkpt>
      <trkpt lat="49.829694167" lon="0.710984805">
        <ele>66.08</ele>
      </trkpt>
      <trkpt lat="49.829456614" lon="0.710924159">
        <ele>66.56</ele>
      </trkpt>
      <trkpt lat="49.829045887" lon="0.710794518">
        <ele>67.47</ele>
      </trkpt>
      <trkpt lat="49.82884374" lon="0.710721851">
        <ele>67.99</ele>
      </trkpt>
      <trkpt lat="49.828588164" lon="0.710616184">
        <ele>69.22</ele>
      </trkpt>
      <trkpt lat="49.827940921" lon="0.710302312">
        <ele>69.75</ele>
      </trkpt>
      <trkpt lat="49.82684426" lon="0.709759883">
        <ele>70.16</ele>
      </trkpt>
      <trkpt lat="49.826862541" lon="0.709649622">
        <ele>70.3</ele>
      </trkpt>
      <trkpt lat="49.826880844" lon="0.709474111">
        <ele>70.18</ele>
      </trkpt>
      <trkpt lat="49.826898399" lon="0.709309729">
        <ele>69.45</ele>
      </trkpt>
      <trkpt lat="49.826909255" lon="0.709181659">
        <ele>69.25</ele>
      </trkpt>
      <trkpt lat="49.826910758" lon="0.70909276">
        <ele>69.19</ele>
      </trkpt>
      <trkpt lat="49.826905702" lon="0.708916609">
        <ele>69.96</ele>
      </trkpt>
      <trkpt lat="49.826894078" lon="0.708786482">
        <ele>70.79</ele>
      </trkpt>
      <trkpt lat="49.82680005" lon="0.708326475">
        <ele>71.8</ele>
      </trkpt>
      <trkpt lat="49.826578366" lon="0.707788862">
        <ele>72.89</ele>
      </trkpt>
      <trkpt lat="49.826419011" lon="0.707353272">
        <ele>74.05</ele>
      </trkpt>
      <trkpt lat="49.826252574" lon="0.706941332">
        <ele>74.47</ele>
      </trkpt>
      <trkpt lat="49.825946173" lon="0.706314421">
        <ele>75.14</ele>
      </trkpt>
      <trkpt lat="49.825711915" lon="0.705905659">
        <ele>75.36</ele>
      </trkpt>
      <trkpt lat="49.825371478" lon="0.705466887">
        <ele>76.96</ele>
      </trkpt>
      <trkpt lat="49.824933535" lon="0.705055994">
        <ele>77.37</ele>
      </trkpt>
      <trkpt lat="49.824273649" lon="0.704480612">
        <ele>77.21</ele>
      </trkpt>
      <trkpt lat="49.823837527" lon="0.704162919">
        <ele>77.86</ele>
      </trkpt>
      <trkpt lat="49.82374414" lon="0.704015731">
        <ele>78.44</ele>
      </trkpt>
      <trkpt lat="49.823843358" lon="0.703882852">
        <ele>77.23</ele>
      </trkpt>
      <trkpt lat="49.824110875" lon="0.703849616">
        <ele>77.43</ele>
      </trkpt>
      <trkpt lat="49.824552946" lon="0.703828941">
        <ele>78.04</ele>
      </trkpt>
      <trkpt lat="49.824979189" lon="0.703684651">
        <ele>77.8</ele>
      </trkpt>
      <trkpt lat="49.82536727" lon="0.703645773">
        <ele>77.89</ele>
      </trkpt>
      <trkpt lat="49.825781332" lon="0.703564228">
        <ele>78.15</ele>
      </trkpt>
      <trkpt lat="49.826354525" lon="0.703392331">
        <ele>78.06</ele>
      </trkpt>
      <trkpt lat="49.826837249" lon="0.703218473">
        <ele>78.03</ele>
      </trkpt>
      <trkpt lat="49.826920552" lon="0.703189462">
        <ele>77.84</ele>
      </trkpt>
      <trkpt lat="49.827068767" lon="0.703137451">
        <ele>77.74</ele>
      </trkpt>
      <trkpt lat="49.827239465" lon="0.703075042">
        <ele>77.73</ele>
      </trkpt>
      <trkpt lat="49.827374403" lon="0.703024891">
        <ele>77.67</ele>
      </trkpt>
      <trkpt lat="49.827513213" lon="0.702995438">
        <ele>77.58</ele>
      </trkpt>
      <trkpt lat="49.827590378" lon="0.702990182">
        <ele>77.44</ele>
      </trkpt>
      <trkpt lat="49.827684712" lon="0.702992702">
        <ele>77.25</ele>
      </trkpt>
      <trkpt lat="49.827778336" lon="0.703009127">
        <ele>77.01</ele>
      </trkpt>
      <trkpt lat="49.827881909" lon="0.703030787">
        <ele>76.83</ele>
      </trkpt>
      <trkpt lat="49.827960495" lon="0.703064358">
        <ele>76.74</ele>
      </trkpt>
      <trkpt lat="49.828071586" lon="0.703110766">
        <ele>76.7</ele>
      </trkpt>
      <trkpt lat="49.828054908" lon="0.702872509">
        <ele>76</ele>
      </trkpt>
      <trkpt lat="49.82802153" lon="0.702594529">
        <ele>75.08</ele>
      </trkpt>
      <trkpt lat="49.827846007" lon="0.701098009">
        <ele>74.07</ele>
      </trkpt>
      <trkpt lat="49.827829923" lon="0.700837523">
        <ele>72.27</ele>
      </trkpt>
      <trkpt lat="49.827840659" lon="0.700634482">
        <ele>70.94</ele>
      </trkpt>
      <trkpt lat="49.827878624" lon="0.700452778">
        <ele>70.01</ele>
      </trkpt>
      <trkpt lat="49.827935666" lon="0.700287119">
        <ele>68.63</ele>
      </trkpt>
      <trkpt lat="49.828019096" lon="0.700146988">
        <ele>67.66</ele>
      </trkpt>
      <trkpt lat="49.828112047" lon="0.700046811">
        <ele>67.34</ele>
      </trkpt>
      <trkpt lat="49.828196413" lon="0.699976065">
        <ele>66.36</ele>
      </trkpt>
      <trkpt lat="49.828290036" lon="0.699925846">
        <ele>65.81</ele>
      </trkpt>
      <trkpt lat="49.828406345" lon="0.699892946">
        <ele>65.9</ele>
      </trkpt>
      <trkpt lat="49.828546837" lon="0.6998551">
        <ele>65.74</ele>
      </trkpt>
      <trkpt lat="49.828860156" lon="0.699779754">
        <ele>65.03</ele>
      </trkpt>
      <trkpt lat="49.829050864" lon="0.699736125">
        <ele>63.44</ele>
      </trkpt>
      <trkpt lat="49.829336166" lon="0.699647797">
        <ele>62.72</ele>
      </trkpt>
      <trkpt lat="49.82955934" lon="0.699547586">
        <ele>60.53</ele>
      </trkpt>
      <trkpt lat="49.829929829" lon="0.699316285">
        <ele>58.96</ele>
      </trkpt>
      <trkpt lat="49.830057023" lon="0.699224719">
        <ele>57.85</ele>
      </trkpt>
      <trkpt lat="49.830172265" lon="0.699112711">
        <ele>57.06</ele>
      </trkpt>
      <trkpt lat="49.830259716" lon="0.699004373">
        <ele>55.57</ele>
      </trkpt>
      <trkpt lat="49.830365886" lon="0.698819072">
        <ele>55.65</ele>
      </trkpt>
      <trkpt lat="49.830456646" lon="0.698623159">
        <ele>55.01</ele>
      </trkpt>
      <trkpt lat="49.830511393" lon="0.698497023">
        <ele>53.89</ele>
      </trkpt>
      <trkpt lat="49.830523022" lon="0.69847023">
        <ele>53.71</ele>
      </trkpt>
      <trkpt lat="49.830567265" lon="0.698368294">
        <ele>53.21</ele>
      </trkpt>
      <trkpt lat="49.830684056" lon="0.698104897">
        <ele>53.57</ele>
      </trkpt>
      <trkpt lat="49.830823437" lon="0.697785234">
        <ele>56.31</ele>
      </trkpt>
      <trkpt lat="49.831072518" lon="0.69720934">
        <ele>60.24</ele>
      </trkpt>
      <trkpt lat="49.831882189" lon="0.695383803">
        <ele>64.18</ele>
      </trkpt>
      <trkpt lat="49.832207538" lon="0.69467074">
        <ele>68.53</ele>
      </trkpt>
      <trkpt lat="49.832440058" lon="0.694199483">
        <ele>72.17</ele>
      </trkpt>
      <trkpt lat="49.832880692" lon="0.693378542">
        <ele>73.62</ele>
      </trkpt>
      <trkpt lat="49.83347642" lon="0.692272095">
        <ele>76.13</ele>
      </trkpt>
      <trkpt lat="49.833628189" lon="0.692006147">
        <ele>78.43</ele>
      </trkpt>
      <trkpt lat="49.834273696" lon="0.690995251">
        <ele>79.9</ele>
      </trkpt>
      <trkpt lat="49.834402729" lon="0.690802233">
        <ele>81.31</ele>
      </trkpt>
      <trkpt lat="49.834692874" lon="0.690381836">
        <ele>82.46</ele>
      </trkpt>
      <trkpt lat="49.834739605" lon="0.690317838">
        <ele>81.56</ele>
      </trkpt>
      <trkpt lat="49.834957799" lon="0.690049725">
        <ele>80.67</ele>
      </trkpt>
      <trkpt lat="49.835102971" lon="0.68989367">
        <ele>80.4</ele>
      </trkpt>
      <trkpt lat="49.83552935" lon="0.68934804">
        <ele>80.74</ele>
      </trkpt>
      <trkpt lat="49.836478598" lon="0.688021733">
        <ele>80.83</ele>
      </trkpt>
      <trkpt lat="49.836770244" lon="0.68758947">
        <ele>81.34</ele>
      </trkpt>
      <trkpt lat="49.836930517" lon="0.687346561">
        <ele>81.85</ele>
      </trkpt>
      <trkpt lat="49.837163748" lon="0.687004602">
        <ele>82.07</ele>
      </trkpt>
      <trkpt lat="49.837257031" lon="0.686882792">
        <ele>82.29</ele>
      </trkpt>
      <trkpt lat="49.837349417" lon="0.686788896">
        <ele>82.74</ele>
      </trkpt>
      <trkpt lat="49.837409091" lon="0.686752242">
        <ele>82.34</ele>
      </trkpt>
      <trkpt lat="49.837478101" lon="0.686741671">
        <ele>82</ele>
      </trkpt>
      <trkpt lat="49.837485664" lon="0.68663728">
        <ele>81.88</ele>
      </trkpt>
      <trkpt lat="49.837480131" lon="0.686494435">
        <ele>80.4</ele>
      </trkpt>
      <trkpt lat="49.837457284" lon="0.686399364">
        <ele>79.17</ele>
      </trkpt>
      <trkpt lat="49.8373948" lon="0.68622921">
        <ele>79.08</ele>
      </trkpt>
      <trkpt lat="49.837293761" lon="0.685997822">
        <ele>78.73</ele>
      </trkpt>
      <trkpt lat="49.837198876" lon="0.685756512">
        <ele>78.49</ele>
      </trkpt>
      <trkpt lat="49.837110046" lon="0.685498347">
        <ele>79.05</ele>
      </trkpt>
      <trkpt lat="49.837057341" lon="0.685320933">
        <ele>79.12</ele>
      </trkpt>
      <trkpt lat="49.837003461" lon="0.685136488">
        <ele>78.97</ele>
      </trkpt>
      <trkpt lat="49.836818839" lon="0.684540114">
        <ele>78.86</ele>
      </trkpt>
      <trkpt lat="49.836586879" lon="0.683812966">
        <ele>78.5</ele>
      </trkpt>
      <trkpt lat="49.836530249" lon="0.68367734">
        <ele>77.95</ele>
      </trkpt>
      <trkpt lat="49.836458358" lon="0.683542211">
        <ele>77.78</ele>
      </trkpt>
      <trkpt lat="49.836272668" lon="0.683294148">
        <ele>77.4</ele>
      </trkpt>
      <trkpt lat="49.836297841" lon="0.683164192">
        <ele>77.24</ele>
      </trkpt>
      <trkpt lat="49.83638436" lon="0.682922544">
        <ele>77.06</ele>
      </trkpt>
      <trkpt lat="49.836533207" lon="0.682641374">
        <ele>77.18</ele>
      </trkpt>
      <trkpt lat="49.836685369" lon="0.682405916">
        <ele>77.65</ele>
      </trkpt>
      <trkpt lat="49.836755483" lon="0.682278663">
        <ele>78.04</ele>
      </trkpt>
      <trkpt lat="49.836822894" lon="0.682084843">
        <ele>78.53</ele>
      </trkpt>
      <trkpt lat="49.836870712" lon="0.681878187">
        <ele>77.88</ele>
      </trkpt>
      <trkpt lat="49.836967926" lon="0.681458037">
        <ele>77.24</ele>
      </trkpt>
      <trkpt lat="49.837067976" lon="0.680825749">
        <ele>75.81</ele>
      </trkpt>
      <trkpt lat="49.837115875" lon="0.680386784">
        <ele>74.2</ele>
      </trkpt>
      <trkpt lat="49.837187942" lon="0.679876214">
        <ele>72.52</ele>
      </trkpt>
      <trkpt lat="49.837238605" lon="0.679512249">
        <ele>71.56</ele>
      </trkpt>
      <trkpt lat="49.837272223" lon="0.679273594">
        <ele>70.68</ele>
      </trkpt>
      <trkpt lat="49.837325728" lon="0.679048286">
        <ele>69.85</ele>
      </trkpt>
      <trkpt lat="49.837414713" lon="0.678844546">
        <ele>69.48</ele>
      </trkpt>
      <trkpt lat="49.837571605" lon="0.67853212">
        <ele>69.09</ele>
      </trkpt>
      <trkpt lat="49.837608698" lon="0.678461397">
        <ele>69.04</ele>
      </trkpt>
      <trkpt lat="49.83765235" lon="0.678369713">
        <ele>68.65</ele>
      </trkpt>
      <trkpt lat="49.837667871" lon="0.67825673">
        <ele>68.69</ele>
      </trkpt>
      <trkpt lat="49.837721077" lon="0.678141128">
        <ele>68.44</ele>
      </trkpt>
      <trkpt lat="49.837826962" lon="0.677855858">
        <ele>68.26</ele>
      </trkpt>
      <trkpt lat="49.837925298" lon="0.677566562">
        <ele>68.37</ele>
      </trkpt>
      <trkpt lat="49.838010541" lon="0.677306844">
        <ele>68.55</ele>
      </trkpt>
      <trkpt lat="49.838105956" lon="0.676994068">
        <ele>68.35</ele>
      </trkpt>
      <trkpt lat="49.838189306" lon="0.676587258">
        <ele>68.62</ele>
      </trkpt>
      <trkpt lat="49.838221584" lon="0.676386242">
        <ele>68.68</ele>
      </trkpt>
      <trkpt lat="49.838246224" lon="0.67615215">
        <ele>68.8</ele>
      </trkpt>
      <trkpt lat="49.838300843" lon="0.675549093">
        <ele>68.92</ele>
      </trkpt>
      <trkpt lat="49.838352608" lon="0.675000285">
        <ele>69.34</ele>
      </trkpt>
      <trkpt lat="49.838419207" lon="0.674446262">
        <ele>69.61</ele>
      </trkpt>
      <trkpt lat="49.838433158" lon="0.674336403">
        <ele>70.02</ele>
      </trkpt>
      <trkpt lat="49.838479359" lon="0.673972589">
        <ele>70.29</ele>
      </trkpt>
      <trkpt lat="49.838525406" lon="0.673609983">
        <ele>70.53</ele>
      </trkpt>
      <trkpt lat="49.838587801" lon="0.673133094">
        <ele>71.06</ele>
      </trkpt>
      <trkpt lat="49.838613637" lon="0.672935626">
        <ele>71.53</ele>
      </trkpt>
      <trkpt lat="49.838711832" lon="0.672179338">
        <ele>72.03</ele>
      </trkpt>
      <trkpt lat="49.838785398" lon="0.671695319">
        <ele>72.38</ele>
      </trkpt>
      <trkpt lat="49.838862395" lon="0.67120589">
        <ele>72.71</ele>
      </trkpt>
      <trkpt lat="49.838962032" lon="0.670593311">
        <ele>72.74</ele>
      </trkpt>
      <trkpt lat="49.838966668" lon="0.670564812">
        <ele>72.72</ele>
      </trkpt>
      <trkpt lat="49.839015302" lon="0.670273902">
        <ele>72.32</ele>
      </trkpt>
      <trkpt lat="49.83906843" lon="0.669956938">
        <ele>71.81</ele>
      </trkpt>
      <trkpt lat="49.839147102" lon="0.669407232">
        <ele>71.06</ele>
      </trkpt>
      <trkpt lat="49.83918793" lon="0.668979577">
        <ele>70.27</ele>
      </trkpt>
      <trkpt lat="49.839203609" lon="0.668629701">
        <ele>69.69</ele>
      </trkpt>
      <trkpt lat="49.839214914" lon="0.668129468">
        <ele>69.46</ele>
      </trkpt>
      <trkpt lat="49.839226891" lon="0.667617914">
        <ele>69.55</ele>
      </trkpt>
      <trkpt lat="49.83924863" lon="0.667160977">
        <ele>69.91</ele>
      </trkpt>
      <trkpt lat="49.839276748" lon="0.666781507">
        <ele>70.55</ele>
      </trkpt>
      <trkpt lat="49.839323144" lon="0.666401974">
        <ele>71.17</ele>
      </trkpt>
      <trkpt lat="49.839380435" lon="0.665989582">
        <ele>71.87</ele>
      </trkpt>
      <trkpt lat="49.839441663" lon="0.665651848">
        <ele>72.46</ele>
      </trkpt>
      <trkpt lat="49.839513305" lon="0.66521105">
        <ele>73.09</ele>
      </trkpt>
      <trkpt lat="49.839582033" lon="0.664883923">
        <ele>73.59</ele>
      </trkpt>
      <trkpt lat="49.839655784" lon="0.664482698">
        <ele>74.33</ele>
      </trkpt>
      <trkpt lat="49.839695701" lon="0.66427055">
        <ele>74.76</ele>
      </trkpt>
      <trkpt lat="49.839741421" lon="0.664035831">
        <ele>75.12</ele>
      </trkpt>
      <trkpt lat="49.83961162" lon="0.663804062">
        <ele>75.82</ele>
      </trkpt>
      <trkpt lat="49.839199961" lon="0.66306903">
        <ele>76.36</ele>
      </trkpt>
      <trkpt lat="49.838698986" lon="0.66225481">
        <ele>76.73</ele>
      </trkpt>
      <trkpt lat="49.838624654" lon="0.662107481">
        <ele>77.13</ele>
      </trkpt>
      <trkpt lat="49.838513047" lon="0.661880975">
        <ele>77.64</ele>
      </trkpt>
      <trkpt lat="49.838379308" lon="0.661618726">
        <ele>77.72</ele>
      </trkpt>
      <trkpt lat="49.838242458" lon="0.661319829">
        <ele>77.9</ele>
      </trkpt>
      <trkpt lat="49.838166733" lon="0.661102656">
        <ele>78.03</ele>
      </trkpt>
      <trkpt lat="49.83804835" lon="0.660655694">
        <ele>78.19</ele>
      </trkpt>
      <trkpt lat="49.837997824" lon="0.660389483">
        <ele>78.32</ele>
      </trkpt>
      <trkpt lat="49.837959176" lon="0.660158034">
        <ele>78.5</ele>
      </trkpt>
      <trkpt lat="49.83788765" lon="0.659793475">
        <ele>78.67</ele>
      </trkpt>
      <trkpt lat="49.837821024" lon="0.659436042">
        <ele>78.8</ele>
      </trkpt>
      <trkpt lat="49.837741482" lon="0.659027711">
        <ele>79.05</ele>
      </trkpt>
      <trkpt lat="49.837656451" lon="0.658582848">
        <ele>79.31</ele>
      </trkpt>
      <trkpt lat="49.837564386" lon="0.658143471">
        <ele>79.57</ele>
      </trkpt>
      <trkpt lat="49.837477487" lon="0.657724456">
        <ele>79.93</ele>
      </trkpt>
      <trkpt lat="49.837408771" lon="0.657381849">
        <ele>80.22</ele>
      </trkpt>
      <trkpt lat="49.837347993" lon="0.657079338">
        <ele>80.42</ele>
      </trkpt>
      <trkpt lat="49.837290108" lon="0.656802447">
        <ele>80.51</ele>
      </trkpt>
      <trkpt lat="49.837189423" lon="0.656527601">
        <ele>80.61</ele>
      </trkpt>
      <trkpt lat="49.837084423" lon="0.656275041">
        <ele>80.6</ele>
      </trkpt>
      <trkpt lat="49.836904498" lon="0.655905367">
        <ele>80.67</ele>
      </trkpt>
      <trkpt lat="49.836701013" lon="0.65548825">
        <ele>80.72</ele>
      </trkpt>
      <trkpt lat="49.836541574" lon="0.655131586">
        <ele>80.87</ele>
      </trkpt>
      <trkpt lat="49.836315293" lon="0.654645653">
        <ele>80.94</ele>
      </trkpt>
      <trkpt lat="49.836118938" lon="0.654228206">
        <ele>81.08</ele>
      </trkpt>
      <trkpt lat="49.836073132" lon="0.654130182">
        <ele>81.18</ele>
      </trkpt>
      <trkpt lat="49.83605318" lon="0.654087486">
        <ele>81.29</ele>
      </trkpt>
      <trkpt lat="49.836026383" lon="0.654030142">
        <ele>81.43</ele>
      </trkpt>
      <trkpt lat="49.836004569" lon="0.653983462">
        <ele>81.55</ele>
      </trkpt>
      <trkpt lat="49.835875388" lon="0.653664365">
        <ele>81.47</ele>
      </trkpt>
      <trkpt lat="49.83576222" lon="0.653360692">
        <ele>81.39</ele>
      </trkpt>
      <trkpt lat="49.835608975" lon="0.652838166">
        <ele>81.31</ele>
      </trkpt>
      <trkpt lat="49.835601645" lon="0.652809815">
        <ele>81.04</ele>
      </trkpt>
      <trkpt lat="49.835477421" lon="0.652329326">
        <ele>80.86</ele>
      </trkpt>
      <trkpt lat="49.835367484" lon="0.651830491">
        <ele>80.68</ele>
      </trkpt>
      <trkpt lat="49.835225555" lon="0.651160252">
        <ele>80.45</ele>
      </trkpt>
      <trkpt lat="49.835084578" lon="0.650537804">
        <ele>80.16</ele>
      </trkpt>
      <trkpt lat="49.835034325" lon="0.650286325">
        <ele>80</ele>
      </trkpt>
      <trkpt lat="49.834941074" lon="0.649908123">
        <ele>79.71</ele>
      </trkpt>
      <trkpt lat="49.834879901" lon="0.649672325">
        <ele>79.37</ele>
      </trkpt>
      <trkpt lat="49.834853389" lon="0.64957013">
        <ele>79.06</ele>
      </trkpt>
      <trkpt lat="49.834702248" lon="0.649070337">
        <ele>78.73</ele>
      </trkpt>
      <trkpt lat="49.83458222" lon="0.648679883">
        <ele>78.43</ele>
      </trkpt>
      <trkpt lat="49.834550719" lon="0.648577407">
        <ele>78.21</ele>
      </trkpt>
      <trkpt lat="49.834507247" lon="0.648435993">
        <ele>78.08</ele>
      </trkpt>
      <trkpt lat="49.834496034" lon="0.648399516">
        <ele>77.98</ele>
      </trkpt>
      <trkpt lat="49.834395916" lon="0.648095414">
        <ele>77.8</ele>
      </trkpt>
      <trkpt lat="49.834374393" lon="0.648030039">
        <ele>77.57</ele>
      </trkpt>
      <trkpt lat="49.834067393" lon="0.647080741">
        <ele>77.27</ele>
      </trkpt>
      <trkpt lat="49.833850699" lon="0.646362606">
        <ele>76.98</ele>
      </trkpt>
      <trkpt lat="49.833757751" lon="0.645964538">
        <ele>76.74</ele>
      </trkpt>
      <trkpt lat="49.833610828" lon="0.645165796">
        <ele>76.68</ele>
      </trkpt>
      <trkpt lat="49.833421874" lon="0.644170392">
        <ele>76.74</ele>
      </trkpt>
      <trkpt lat="49.833285852" lon="0.643441046">
        <ele>76.9</ele>
      </trkpt>
      <trkpt lat="49.833165791" lon="0.642795564">
        <ele>77.03</ele>
      </trkpt>
      <trkpt lat="49.833054114" lon="0.64221223">
        <ele>77.13</ele>
      </trkpt>
      <trkpt lat="49.832878713" lon="0.641241214">
        <ele>77.21</ele>
      </trkpt>
      <trkpt lat="49.832785077" lon="0.640726929">
        <ele>77.02</ele>
      </trkpt>
      <trkpt lat="49.832678662" lon="0.640169107">
        <ele>76.71</ele>
      </trkpt>
      <trkpt lat="49.832576262" lon="0.6395743">
        <ele>76.56</ele>
      </trkpt>
      <trkpt lat="49.832501788" lon="0.639155765">
        <ele>76.65</ele>
      </trkpt>
      <trkpt lat="49.832448677" lon="0.63883389">
        <ele>76.93</ele>
      </trkpt>
      <trkpt lat="49.832423169" lon="0.638546736">
        <ele>78.44</ele>
      </trkpt>
      <trkpt lat="49.832444128" lon="0.638340533">
        <ele>79.5</ele>
      </trkpt>
      <trkpt lat="49.832482839" lon="0.638125158">
        <ele>81.9</ele>
      </trkpt>
      <trkpt lat="49.832505144" lon="0.637896708">
        <ele>84.14</ele>
      </trkpt>
      <trkpt lat="49.832556064" lon="0.637575095">
        <ele>85.81</ele>
      </trkpt>
      <trkpt lat="49.832581896" lon="0.637343701">
        <ele>86.06</ele>
      </trkpt>
      <trkpt lat="49.832612762" lon="0.63718416">
        <ele>86.97</ele>
      </trkpt>
      <trkpt lat="49.832620054" lon="0.63701189">
        <ele>86.01</ele>
      </trkpt>
      <trkpt lat="49.832610376" lon="0.636887574">
        <ele>84.5</ele>
      </trkpt>
      <trkpt lat="49.832604392" lon="0.636768627">
        <ele>84.19</ele>
      </trkpt>
      <trkpt lat="49.832552999" lon="0.636621365">
        <ele>83.99</ele>
      </trkpt>
      <trkpt lat="49.832480829" lon="0.63651115">
        <ele>84.82</ele>
      </trkpt>
      <trkpt lat="49.832367366" lon="0.636409103">
        <ele>86.09</ele>
      </trkpt>
      <trkpt lat="49.832275611" lon="0.636343614">
        <ele>88.39</ele>
      </trkpt>
      <trkpt lat="49.83217761" lon="0.636322579">
        <ele>89.75</ele>
      </trkpt>
      <trkpt lat="49.832051968" lon="0.636347025">
        <ele>90.82</ele>
      </trkpt>
      <trkpt lat="49.831888654" lon="0.63639168">
        <ele>90.95</ele>
      </trkpt>
      <trkpt lat="49.831746221" lon="0.636409577">
        <ele>91.3</ele>
      </trkpt>
      <trkpt lat="49.831643479" lon="0.636301631">
        <ele>90.51</ele>
      </trkpt>
      <trkpt lat="49.831566943" lon="0.636152811">
        <ele>90.38</ele>
      </trkpt>
      <trkpt lat="49.831559898" lon="0.635981234">
        <ele>88.4</ele>
      </trkpt>
      <trkpt lat="49.831592559" lon="0.635732876">
        <ele>88.28</ele>
      </trkpt>
      <trkpt lat="49.831728723" lon="0.635102426">
        <ele>86.17</ele>
      </trkpt>
      <trkpt lat="49.831855091" lon="0.634520137">
        <ele>85.02</ele>
      </trkpt>
      <trkpt lat="49.831955733" lon="0.634174224">
        <ele>83.46</ele>
      </trkpt>
      <trkpt lat="49.832103672" lon="0.633852372">
        <ele>82.83</ele>
      </trkpt>
      <trkpt lat="49.832280125" lon="0.633619262">
        <ele>78.53</ele>
      </trkpt>
      <trkpt lat="49.832539342" lon="0.633310066">
        <ele>75.4</ele>
      </trkpt>
      <trkpt lat="49.832754879" lon="0.63305843">
        <ele>70.68</ele>
      </trkpt>
      <trkpt lat="49.832881323" lon="0.632924779">
        <ele>65.07</ele>
      </trkpt>
      <trkpt lat="49.833022248" lon="0.63272665">
        <ele>61.09</ele>
      </trkpt>
      <trkpt lat="49.833151775" lon="0.632479158">
        <ele>59.28</ele>
      </trkpt>
      <trkpt lat="49.833295078" lon="0.63220327">
        <ele>58.27</ele>
      </trkpt>
      <trkpt lat="49.833392343" lon="0.631957054">
        <ele>55.72</ele>
      </trkpt>
      <trkpt lat="49.833509102" lon="0.631699081">
        <ele>54.33</ele>
      </trkpt>
      <trkpt lat="49.833594557" lon="0.631489759">
        <ele>52.06</ele>
      </trkpt>
      <trkpt lat="49.833655497" lon="0.631274409">
        <ele>51.86</ele>
      </trkpt>
      <trkpt lat="49.833717714" lon="0.630980245">
        <ele>49.92</ele>
      </trkpt>
      <trkpt lat="49.833760501" lon="0.630700882">
        <ele>49.25</ele>
      </trkpt>
      <trkpt lat="49.833821934" lon="0.630367931">
        <ele>48.36</ele>
      </trkpt>
      <trkpt lat="49.833885045" lon="0.63011809">
        <ele>48.32</ele>
      </trkpt>
      <trkpt lat="49.833968269" lon="0.629887241">
        <ele>45.86</ele>
      </trkpt>
      <trkpt lat="49.834063295" lon="0.629707954">
        <ele>42.79</ele>
      </trkpt>
      <trkpt lat="49.834141385" lon="0.629547188">
        <ele>43.59</ele>
      </trkpt>
      <trkpt lat="49.834245702" lon="0.629409691">
        <ele>44.15</ele>
      </trkpt>
      <trkpt lat="49.834365549" lon="0.62921625">
        <ele>42.26</ele>
      </trkpt>
      <trkpt lat="49.834480492" lon="0.629015686">
        <ele>40.1</ele>
      </trkpt>
      <trkpt lat="49.834703586" lon="0.628572939">
        <ele>40.61</ele>
      </trkpt>
      <trkpt lat="49.834921208" lon="0.628153997">
        <ele>38.58</ele>
      </trkpt>
      <trkpt lat="49.835081397" lon="0.627837177">
        <ele>36.2</ele>
      </trkpt>
      <trkpt lat="49.8351872" lon="0.627655447">
        <ele>35.91</ele>
      </trkpt>
      <trkpt lat="49.835310016" lon="0.627491291">
        <ele>35.57</ele>
      </trkpt>
      <trkpt lat="49.835453486" lon="0.627289339">
        <ele>36.77</ele>
      </trkpt>
      <trkpt lat="49.835598191" lon="0.627113085">
        <ele>37.23</ele>
      </trkpt>
      <trkpt lat="49.835804073" lon="0.626937552">
        <ele>36.26</ele>
      </trkpt>
      <trkpt lat="49.836003119" lon="0.626777065">
        <ele>37.7</ele>
      </trkpt>
      <trkpt lat="49.836172297" lon="0.626669536">
        <ele>37.89</ele>
      </trkpt>
      <trkpt lat="49.836295188" lon="0.626626798">
        <ele>37.33</ele>
      </trkpt>
      <trkpt lat="49.83642811" lon="0.626609331">
        <ele>36.72</ele>
      </trkpt>
      <trkpt lat="49.836557095" lon="0.626632533">
        <ele>37.17</ele>
      </trkpt>
      <trkpt lat="49.836677163" lon="0.6266856">
        <ele>36.38</ele>
      </trkpt>
      <trkpt lat="49.836766249" lon="0.626736488">
        <ele>36.56</ele>
      </trkpt>
      <trkpt lat="49.836835645" lon="0.62675521">
        <ele>35.04</ele>
      </trkpt>
      <trkpt lat="49.836902218" lon="0.626751992">
        <ele>33.94</ele>
      </trkpt>
      <trkpt lat="49.836963143" lon="0.62670489">
        <ele>33.18</ele>
      </trkpt>
      <trkpt lat="49.837021022" lon="0.626624817">
        <ele>31.09</ele>
      </trkpt>
      <trkpt lat="49.837061587" lon="0.626512466">
        <ele>29.34</ele>
      </trkpt>
      <trkpt lat="49.837073919" lon="0.626416199">
        <ele>28.09</ele>
      </trkpt>
      <trkpt lat="49.837054375" lon="0.626273636">
        <ele>27.44</ele>
      </trkpt>
      <trkpt lat="49.836992571" lon="0.626147836">
        <ele>27.19</ele>
      </trkpt>
      <trkpt lat="49.836891596" lon="0.626097526">
        <ele>26.63</ele>
      </trkpt>
      <trkpt lat="49.836763728" lon="0.626129466">
        <ele>25.17</ele>
      </trkpt>
      <trkpt lat="49.83651386" lon="0.62624826">
        <ele>24.9</ele>
      </trkpt>
      <trkpt lat="49.836118144" lon="0.626451379">
        <ele>21.3</ele>
      </trkpt>
      <trkpt lat="49.835916705" lon="0.626552371">
        <ele>20.65</ele>
      </trkpt>
      <trkpt lat="49.835410357" lon="0.626816026">
        <ele>19.26</ele>
      </trkpt>
      <trkpt lat="49.835040571" lon="0.627006841">
        <ele>18.71</ele>
      </trkpt>
      <trkpt lat="49.834698942" lon="0.627177897">
        <ele>16.4</ele>
      </trkpt>
      <trkpt lat="49.834179872" lon="0.627412717">
        <ele>16.16</ele>
      </trkpt>
      <trkpt lat="49.833751835" lon="0.627665209">
        <ele>13.42</ele>
      </trkpt>
      <trkpt lat="49.833583843" lon="0.627713802">
        <ele>12.64</ele>
      </trkpt>
      <trkpt lat="49.833217028" lon="0.628051636">
        <ele>11.23</ele>
      </trkpt>
      <trkpt lat="49.832922013" lon="0.628327126">
        <ele>10.5</ele>
      </trkpt>
      <trkpt lat="49.832655426" lon="0.628560766">
        <ele>10.45</ele>
      </trkpt>
      <trkpt lat="49.832393222" lon="0.628775795">
        <ele>9.28</ele>
      </trkpt>
      <trkpt lat="49.832245056" lon="0.628677163">
        <ele>7.58</ele>
      </trkpt>
      <trkpt lat="49.83202038" lon="0.628538926">
        <ele>6.42</ele>
      </trkpt>
      <trkpt lat="49.831872436" lon="0.628428658">
        <ele>5.35</ele>
      </trkpt>
      <trkpt lat="49.831550456" lon="0.628140965">
        <ele>5.17</ele>
      </trkpt>
      <trkpt lat="49.831400307" lon="0.628001616">
        <ele>5.31</ele>
      </trkpt>
      <trkpt lat="49.831041099" lon="0.627617399">
        <ele>5.34</ele>
      </trkpt>
      <trkpt lat="49.830953795" lon="0.627419261">
        <ele>5.57</ele>
      </trkpt>
      <trkpt lat="49.830559354" lon="0.626391229">
        <ele>5.56</ele>
      </trkpt>
      <trkpt lat="49.830533939" lon="0.62619378">
        <ele>5.14</ele>
      </trkpt>
      <trkpt lat="49.830566108" lon="0.626019303">
        <ele>5.15</ele>
      </trkpt>
      <trkpt lat="49.830616702" lon="0.625814501">
        <ele>5.31</ele>
      </trkpt>
      <trkpt lat="49.830644338" lon="0.62565128">
        <ele>5.47</ele>
      </trkpt>
      <trkpt lat="49.830630884" lon="0.625456932">
        <ele>5.59</ele>
      </trkpt>
      <trkpt lat="49.830566342" lon="0.625207662">
        <ele>5.71</ele>
      </trkpt>
      <trkpt lat="49.830529331" lon="0.624907759">
        <ele>5.67</ele>
      </trkpt>
      <trkpt lat="49.830540766" lon="0.624649662">
        <ele>6.01</ele>
      </trkpt>
      <trkpt lat="49.830593661" lon="0.62444107">
        <ele>5.94</ele>
      </trkpt>
      <trkpt lat="49.830679613" lon="0.624102102">
        <ele>6.07</ele>
      </trkpt>
      <trkpt lat="49.830772991" lon="0.623659757">
        <ele>6.36</ele>
      </trkpt>
      <trkpt lat="49.830839074" lon="0.6233269">
        <ele>7.4</ele>
      </trkpt>
      <trkpt lat="49.830901174" lon="0.622985405">
        <ele>7.95</ele>
      </trkpt>
      <trkpt lat="49.830935411" lon="0.622678373">
        <ele>9.61</ele>
      </trkpt>
      <trkpt lat="49.830956865" lon="0.622327808">
        <ele>10.88</ele>
      </trkpt>
      <trkpt lat="49.831033743" lon="0.621893615">
        <ele>13.49</ele>
      </trkpt>
      <trkpt lat="49.831142525" lon="0.621507175">
        <ele>14.64</ele>
      </trkpt>
      <trkpt lat="49.831241475" lon="0.621222758">
        <ele>17.13</ele>
      </trkpt>
      <trkpt lat="49.831378838" lon="0.620954875">
        <ele>19.22</ele>
      </trkpt>
      <trkpt lat="49.831647954" lon="0.62051798">
        <ele>22.56</ele>
      </trkpt>
      <trkpt lat="49.831909016" lon="0.620130036">
        <ele>24.71</ele>
      </trkpt>
      <trkpt lat="49.832243998" lon="0.619631805">
        <ele>28.28</ele>
      </trkpt>
      <trkpt lat="49.832489383" lon="0.619292444">
        <ele>30.38</ele>
      </trkpt>
      <trkpt lat="49.832769904" lon="0.618854976">
        <ele>32.18</ele>
      </trkpt>
      <trkpt lat="49.832871683" lon="0.618710223">
        <ele>32.35</ele>
      </trkpt>
      <trkpt lat="49.832915952" lon="0.618546184">
        <ele>32.6</ele>
      </trkpt>
      <trkpt lat="49.832919727" lon="0.618380429">
        <ele>32.19</ele>
      </trkpt>
      <trkpt lat="49.832907381" lon="0.618241211">
        <ele>31.93</ele>
      </trkpt>
      <trkpt lat="49.832827195" lon="0.618042736">
        <ele>32.03</ele>
      </trkpt>
      <trkpt lat="49.83272531" lon="0.617830597">
        <ele>32.99</ele>
      </trkpt>
      <trkpt lat="49.832591175" lon="0.617553797">
        <ele>33.3</ele>
      </trkpt>
      <trkpt lat="49.83245964" lon="0.617287909">
        <ele>34.16</ele>
      </trkpt>
      <trkpt lat="49.832375028" lon="0.617141501">
        <ele>34.93</ele>
      </trkpt>
      <trkpt lat="49.832303285" lon="0.617085614">
        <ele>35.74</ele>
      </trkpt>
      <trkpt lat="49.832132469" lon="0.616998406">
        <ele>36.76</ele>
      </trkpt>
      <trkpt lat="49.83194246" lon="0.617040744">
        <ele>37.55</ele>
      </trkpt>
      <trkpt lat="49.831769131" lon="0.617177933">
        <ele>38.2</ele>
      </trkpt>
      <trkpt lat="49.83153823" lon="0.617409897">
        <ele>38.97</ele>
      </trkpt>
      <trkpt lat="49.831340316" lon="0.617625541">
        <ele>39.77</ele>
      </trkpt>
      <trkpt lat="49.831081181" lon="0.617873589">
        <ele>39.82</ele>
      </trkpt>
      <trkpt lat="49.830946778" lon="0.617935301">
        <ele>41.6</ele>
      </trkpt>
      <trkpt lat="49.830762969" lon="0.617906933">
        <ele>42.54</ele>
      </trkpt>
      <trkpt lat="49.830572045" lon="0.617616267">
        <ele>44.12</ele>
      </trkpt>
      <trkpt lat="49.830494052" lon="0.617499502">
        <ele>45.18</ele>
      </trkpt>
      <trkpt lat="49.83031262" lon="0.617342081">
        <ele>46.25</ele>
      </trkpt>
      <trkpt lat="49.830301326" lon="0.617340453">
        <ele>45.86</ele>
      </trkpt>
      <trkpt lat="49.83025537" lon="0.61733383">
        <ele>46.23</ele>
      </trkpt>
      <trkpt lat="49.830217143" lon="0.61732832">
        <ele>45.35</ele>
      </trkpt>
      <trkpt lat="49.830077389" lon="0.617360858">
        <ele>45.75</ele>
      </trkpt>
      <trkpt lat="49.829902791" lon="0.617435556">
        <ele>45.56</ele>
      </trkpt>
      <trkpt lat="49.829746915" lon="0.61749463">
        <ele>46.94</ele>
      </trkpt>
      <trkpt lat="49.829589176" lon="0.617466249">
        <ele>47.89</ele>
      </trkpt>
      <trkpt lat="49.829331712" lon="0.617233379">
        <ele>50.07</ele>
      </trkpt>
      <trkpt lat="49.829086361" lon="0.616968167">
        <ele>50.4</ele>
      </trkpt>
      <trkpt lat="49.82895218" lon="0.616815822">
        <ele>52.52</ele>
      </trkpt>
      <trkpt lat="49.828815505" lon="0.61655016">
        <ele>53.47</ele>
      </trkpt>
      <trkpt lat="49.828786951" lon="0.616316088">
        <ele>54.61</ele>
      </trkpt>
      <trkpt lat="49.828818282" lon="0.61610118">
        <ele>55.37</ele>
      </trkpt>
      <trkpt lat="49.828900814" lon="0.61594633">
        <ele>57.38</ele>
      </trkpt>
      <trkpt lat="49.829061654" lon="0.615780317">
        <ele>59.42</ele>
      </trkpt>
      <trkpt lat="49.829306061" lon="0.615557267">
        <ele>60.94</ele>
      </trkpt>
      <trkpt lat="49.829793508" lon="0.615114169">
        <ele>62.62</ele>
      </trkpt>
      <trkpt lat="49.83007604" lon="0.61484658">
        <ele>64.19</ele>
      </trkpt>
      <trkpt lat="49.830225365" lon="0.614699516">
        <ele>65.68</ele>
      </trkpt>
      <trkpt lat="49.830333749" lon="0.614528686">
        <ele>66.18</ele>
      </trkpt>
      <trkpt lat="49.830391977" lon="0.614349255">
        <ele>67.47</ele>
      </trkpt>
      <trkpt lat="49.830409042" lon="0.614135032">
        <ele>68.33</ele>
      </trkpt>
      <trkpt lat="49.830387988" lon="0.613918983">
        <ele>69.27</ele>
      </trkpt>
      <trkpt lat="49.830307929" lon="0.613610144">
        <ele>70.39</ele>
      </trkpt>
      <trkpt lat="49.830173243" lon="0.613189906">
        <ele>71.83</ele>
      </trkpt>
      <trkpt lat="49.829929631" lon="0.612527729">
        <ele>72.78</ele>
      </trkpt>
      <trkpt lat="49.829793762" lon="0.612166421">
        <ele>74.22</ele>
      </trkpt>
      <trkpt lat="49.829693121" lon="0.611899059">
        <ele>75.65</ele>
      </trkpt>
      <trkpt lat="49.829596714" lon="0.611605738">
        <ele>76.52</ele>
      </trkpt>
      <trkpt lat="49.829504161" lon="0.611268082">
        <ele>77.17</ele>
      </trkpt>
      <trkpt lat="49.82940105" lon="0.610879433">
        <ele>78.41</ele>
      </trkpt>
      <trkpt lat="49.829316949" lon="0.610430994">
        <ele>79.22</ele>
      </trkpt>
      <trkpt lat="49.829126465" lon="0.609608788">
        <ele>79.85</ele>
      </trkpt>
      <trkpt lat="49.82900661" lon="0.60909955">
        <ele>80.33</ele>
      </trkpt>
      <trkpt lat="49.8289347" lon="0.608724107">
        <ele>80.76</ele>
      </trkpt>
      <trkpt lat="49.828858033" lon="0.608348894">
        <ele>80.66</ele>
      </trkpt>
      <trkpt lat="49.828843398" lon="0.608097958">
        <ele>80.96</ele>
      </trkpt>
      <trkpt lat="49.828781743" lon="0.607758807">
        <ele>81.35</ele>
      </trkpt>
      <trkpt lat="49.828712378" lon="0.60750833">
        <ele>80.12</ele>
      </trkpt>
      <trkpt lat="49.828565087" lon="0.606937895">
        <ele>79.26</ele>
      </trkpt>
      <trkpt lat="49.828447449" lon="0.606421203">
        <ele>78.43</ele>
      </trkpt>
      <trkpt lat="49.828348956" lon="0.605793208">
        <ele>77.08</ele>
      </trkpt>
      <trkpt lat="49.828250634" lon="0.605290294">
        <ele>75.63</ele>
      </trkpt>
      <trkpt lat="49.828194102" lon="0.604969297">
        <ele>75.64</ele>
      </trkpt>
      <trkpt lat="49.828128466" lon="0.604598707">
        <ele>75.29</ele>
      </trkpt>
      <trkpt lat="49.828073658" lon="0.604362245">
        <ele>74.89</ele>
      </trkpt>
      <trkpt lat="49.828024806" lon="0.604184357">
        <ele>74.72</ele>
      </trkpt>
      <trkpt lat="49.827943419" lon="0.604043734">
        <ele>73.56</ele>
      </trkpt>
      <trkpt lat="49.827816198" lon="0.603939778">
        <ele>72.45</ele>
      </trkpt>
      <trkpt lat="49.827545056" lon="0.603757432">
        <ele>70.79</ele>
      </trkpt>
      <trkpt lat="49.827184508" lon="0.603540651">
        <ele>69.17</ele>
      </trkpt>
      <trkpt lat="49.82687369" lon="0.603347166">
        <ele>67.57</ele>
      </trkpt>
      <trkpt lat="49.826550264" lon="0.603151337">
        <ele>66.83</ele>
      </trkpt>
      <trkpt lat="49.826290308" lon="0.602997773">
        <ele>66.38</ele>
      </trkpt>
      <trkpt lat="49.826093033" lon="0.602830962">
        <ele>66.09</ele>
      </trkpt>
      <trkpt lat="49.826015146" lon="0.60272626">
        <ele>65.89</ele>
      </trkpt>
      <trkpt lat="49.825928175" lon="0.602546563">
        <ele>65.99</ele>
      </trkpt>
      <trkpt lat="49.825873739" lon="0.602328489">
        <ele>66.35</ele>
      </trkpt>
      <trkpt lat="49.825849385" lon="0.602068478">
        <ele>64.58</ele>
      </trkpt>
      <trkpt lat="49.825885522" lon="0.601857016">
        <ele>64.55</ele>
      </trkpt>
      <trkpt lat="49.826062329" lon="0.601413535">
        <ele>63.75</ele>
      </trkpt>
      <trkpt lat="49.826224099" lon="0.601177541">
        <ele>61.46</ele>
      </trkpt>
      <trkpt lat="49.826463578" lon="0.600900957">
        <ele>61.38</ele>
      </trkpt>
      <trkpt lat="49.826741773" lon="0.60065559">
        <ele>62.78</ele>
      </trkpt>
      <trkpt lat="49.826995242" lon="0.600481327">
        <ele>63.52</ele>
      </trkpt>
      <trkpt lat="49.827331175" lon="0.600266243">
        <ele>63.66</ele>
      </trkpt>
      <trkpt lat="49.827550877" lon="0.60012821">
        <ele>65.25</ele>
      </trkpt>
      <trkpt lat="49.827703314" lon="0.600017745">
        <ele>64.47</ele>
      </trkpt>
      <trkpt lat="49.827861981" lon="0.599862828">
        <ele>63.49</ele>
      </trkpt>
      <trkpt lat="49.827992267" lon="0.599716655">
        <ele>60.55</ele>
      </trkpt>
      <trkpt lat="49.828080057" lon="0.599587274">
        <ele>57.83</ele>
      </trkpt>
      <trkpt lat="49.828157857" lon="0.599318579">
        <ele>54.85</ele>
      </trkpt>
      <trkpt lat="49.828175917" lon="0.599038088">
        <ele>50.55</ele>
      </trkpt>
      <trkpt lat="49.82817397" lon="0.599024647">
        <ele>47.03</ele>
      </trkpt>
      <trkpt lat="49.828143719" lon="0.598815784">
        <ele>44.29</ele>
      </trkpt>
      <trkpt lat="49.828117713" lon="0.598636239">
        <ele>42.5</ele>
      </trkpt>
      <trkpt lat="49.82800903" lon="0.59839224">
        <ele>40.71</ele>
      </trkpt>
      <trkpt lat="49.827919682" lon="0.598263307">
        <ele>40.37</ele>
      </trkpt>
      <trkpt lat="49.82777745" lon="0.598174611">
        <ele>40.05</ele>
      </trkpt>
      <trkpt lat="49.827564417" lon="0.598115132">
        <ele>40.54</ele>
      </trkpt>
      <trkpt lat="49.827319001" lon="0.598101385">
        <ele>42.07</ele>
      </trkpt>
      <trkpt lat="49.826943917" lon="0.598082978">
        <ele>42.94</ele>
      </trkpt>
      <trkpt lat="49.826721238" lon="0.597961481">
        <ele>44.51</ele>
      </trkpt>
      <trkpt lat="49.826568125" lon="0.597810697">
        <ele>45.74</ele>
      </trkpt>
      <trkpt lat="49.826484202" lon="0.597663967">
        <ele>47.29</ele>
      </trkpt>
      <trkpt lat="49.826406132" lon="0.597454411">
        <ele>49.12</ele>
      </trkpt>
      <trkpt lat="49.826348675" lon="0.597089331">
        <ele>53.94</ele>
      </trkpt>
      <trkpt lat="49.826302429" lon="0.596690591">
        <ele>57.66</ele>
      </trkpt>
      <trkpt lat="49.826267874" lon="0.596397971">
        <ele>61.92</ele>
      </trkpt>
      <trkpt lat="49.826254792" lon="0.596107977">
        <ele>65.75</ele>
      </trkpt>
      <trkpt lat="49.826253188" lon="0.595681302">
        <ele>69.2</ele>
      </trkpt>
      <trkpt lat="49.82626871" lon="0.595393585">
        <ele>70.67</ele>
      </trkpt>
      <trkpt lat="49.826340757" lon="0.594995677">
        <ele>71.24</ele>
      </trkpt>
      <trkpt lat="49.82647282" lon="0.594588204">
        <ele>71.05</ele>
      </trkpt>
      <trkpt lat="49.826624053" lon="0.594187147">
        <ele>70.65</ele>
      </trkpt>
      <trkpt lat="49.826754489" lon="0.593816539">
        <ele>69.77</ele>
      </trkpt>
      <trkpt lat="49.826936477" lon="0.593406613">
        <ele>68.72</ele>
      </trkpt>
      <trkpt lat="49.827071967" lon="0.593050467">
        <ele>69.15</ele>
      </trkpt>
      <trkpt lat="49.827228779" lon="0.592689598">
        <ele>70.07</ele>
      </trkpt>
      <trkpt lat="49.827370833" lon="0.592421422">
        <ele>71.14</ele>
      </trkpt>
      <trkpt lat="49.827509186" lon="0.592204933">
        <ele>71.74</ele>
      </trkpt>
      <trkpt lat="49.827674184" lon="0.591895161">
        <ele>72.36</ele>
      </trkpt>
      <trkpt lat="49.827756651" lon="0.591680676">
        <ele>73.06</ele>
      </trkpt>
      <trkpt lat="49.827824696" lon="0.591401409">
        <ele>74.15</ele>
      </trkpt>
      <trkpt lat="49.827905723" lon="0.591058962">
        <ele>75.26</ele>
      </trkpt>
      <trkpt lat="49.827956897" lon="0.590769485">
        <ele>76.44</ele>
      </trkpt>
      <trkpt lat="49.828011465" lon="0.590181838">
        <ele>77.87</ele>
      </trkpt>
      <trkpt lat="49.828067429" lon="0.589546292">
        <ele>78.48</ele>
      </trkpt>
      <trkpt lat="49.82812068" lon="0.589126473">
        <ele>78.75</ele>
      </trkpt>
      <trkpt lat="49.828179885" lon="0.588648965">
        <ele>80.1</ele>
      </trkpt>
      <trkpt lat="49.828246819" lon="0.587968728">
        <ele>81.02</ele>
      </trkpt>
      <trkpt lat="49.828352875" lon="0.58707318">
        <ele>82.1</ele>
      </trkpt>
      <trkpt lat="49.828360378" lon="0.586859424">
        <ele>82.53</ele>
      </trkpt>
      <trkpt lat="49.828338821" lon="0.586621344">
        <ele>82.37</ele>
      </trkpt>
      <trkpt lat="49.82857776" lon="0.586551468">
        <ele>80.97</ele>
      </trkpt>
      <trkpt lat="49.828750414" lon="0.586498829">
        <ele>80.27</ele>
      </trkpt>
      <trkpt lat="49.828853816" lon="0.58643488">
        <ele>79.39</ele>
      </trkpt>
      <trkpt lat="49.828932913" lon="0.586346372">
        <ele>80.14</ele>
      </trkpt>
      <trkpt lat="49.828975365" lon="0.586211837">
        <ele>81.01</ele>
      </trkpt>
      <trkpt lat="49.82896966" lon="0.586050235">
        <ele>82.27</ele>
      </trkpt>
      <trkpt lat="49.828959708" lon="0.585451026">
        <ele>80.74</ele>
      </trkpt>
      <trkpt lat="49.828955947" lon="0.584921415">
        <ele>79.11</ele>
      </trkpt>
      <trkpt lat="49.828940737" lon="0.584067134">
        <ele>76.91</ele>
      </trkpt>
      <trkpt lat="49.828939182" lon="0.583298271">
        <ele>76.1</ele>
      </trkpt>
      <trkpt lat="49.828936879" lon="0.582724441">
        <ele>75.37</ele>
      </trkpt>
      <trkpt lat="49.828976688" lon="0.582115423">
        <ele>77.17</ele>
      </trkpt>
      <trkpt lat="49.829047326" lon="0.581501206">
        <ele>78.75</ele>
      </trkpt>
      <trkpt lat="49.829147594" lon="0.580708191">
        <ele>80.48</ele>
      </trkpt>
      <trkpt lat="49.829286447" lon="0.579593922">
        <ele>81.14</ele>
      </trkpt>
      <trkpt lat="49.829353454" lon="0.579035062">
        <ele>81.23</ele>
      </trkpt>
      <trkpt lat="49.829403336" lon="0.578569026">
        <ele>81.35</ele>
      </trkpt>
      <trkpt lat="49.82945458" lon="0.578169148">
        <ele>81.39</ele>
      </trkpt>
      <trkpt lat="49.829491802" lon="0.577781733">
        <ele>81.47</ele>
      </trkpt>
      <trkpt lat="49.829511909" lon="0.577372352">
        <ele>81.67</ele>
      </trkpt>
      <trkpt lat="49.829529536" lon="0.577073468">
        <ele>81.9</ele>
      </trkpt>
      <trkpt lat="49.829547842" lon="0.576461819">
        <ele>82.14</ele>
      </trkpt>
      <trkpt lat="49.829570397" lon="0.576055994">
        <ele>82.33</ele>
      </trkpt>
      <trkpt lat="49.829577842" lon="0.575494918">
        <ele>82.5</ele>
      </trkpt>
      <trkpt lat="49.829568856" lon="0.575175272">
        <ele>82.53</ele>
      </trkpt>
      <trkpt lat="49.829561161" lon="0.574918109">
        <ele>82.66</ele>
      </trkpt>
      <trkpt lat="49.829535379" lon="0.574591934">
        <ele>82.83</ele>
      </trkpt>
      <trkpt lat="49.829486015" lon="0.574046174">
        <ele>82.94</ele>
      </trkpt>
      <trkpt lat="49.829424274" lon="0.573477479">
        <ele>83.07</ele>
      </trkpt>
      <trkpt lat="49.82936026" lon="0.57291405">
        <ele>83.02</ele>
      </trkpt>
      <trkpt lat="49.829309119" lon="0.572397815">
        <ele>82.84</ele>
      </trkpt>
      <trkpt lat="49.829275969" lon="0.572060969">
        <ele>82.48</ele>
      </trkpt>
      <trkpt lat="49.829236427" lon="0.571415391">
        <ele>82.13</ele>
      </trkpt>
      <trkpt lat="49.829214482" lon="0.5708153">
        <ele>81.79</ele>
      </trkpt>
      <trkpt lat="49.829180798" lon="0.570469519">
        <ele>81.68</ele>
      </trkpt>
      <trkpt lat="49.829170831" lon="0.5703672">
        <ele>81.65</ele>
      </trkpt>
      <trkpt lat="49.829157055" lon="0.570225796">
        <ele>81.8</ele>
      </trkpt>
      <trkpt lat="49.829046135" lon="0.569351965">
        <ele>82.05</ele>
      </trkpt>
      <trkpt lat="49.828901973" lon="0.568229604">
        <ele>82.32</ele>
      </trkpt>
      <trkpt lat="49.828811582" lon="0.567428348">
        <ele>82.54</ele>
      </trkpt>
      <trkpt lat="49.828731687" lon="0.566674403">
        <ele>82.69</ele>
      </trkpt>
      <trkpt lat="49.828677855" lon="0.56637391">
        <ele>82.97</ele>
      </trkpt>
      <trkpt lat="49.82860596" lon="0.566005882">
        <ele>83.26</ele>
      </trkpt>
      <trkpt lat="49.828414338" lon="0.565029378">
        <ele>83.63</ele>
      </trkpt>
      <trkpt lat="49.828245759" lon="0.564223185">
        <ele>84.06</ele>
      </trkpt>
      <trkpt lat="49.828158295" lon="0.56379339">
        <ele>84.51</ele>
      </trkpt>
      <trkpt lat="49.82802353" lon="0.563148878">
        <ele>84.68</ele>
      </trkpt>
      <trkpt lat="49.827944264" lon="0.562770189">
        <ele>84.83</ele>
      </trkpt>
      <trkpt lat="49.827876492" lon="0.562486583">
        <ele>84.84</ele>
      </trkpt>
      <trkpt lat="49.8277808" lon="0.5622338">
        <ele>85.04</ele>
      </trkpt>
      <trkpt lat="49.827465924" lon="0.561763684">
        <ele>85.32</ele>
      </trkpt>
      <trkpt lat="49.827032459" lon="0.561193215">
        <ele>85.64</ele>
      </trkpt>
      <trkpt lat="49.826675947" lon="0.560732722">
        <ele>85.98</ele>
      </trkpt>
      <trkpt lat="49.826317541" lon="0.560288419">
        <ele>86.32</ele>
      </trkpt>
      <trkpt lat="49.825994415" lon="0.559914372">
        <ele>86.44</ele>
      </trkpt>
      <trkpt lat="49.825731412" lon="0.55961592">
        <ele>86.5</ele>
      </trkpt>
      <trkpt lat="49.825335412" lon="0.559157791">
        <ele>86.52</ele>
      </trkpt>
      <trkpt lat="49.825132866" lon="0.558962313">
        <ele>86.58</ele>
      </trkpt>
      <trkpt lat="49.825015533" lon="0.558813635">
        <ele>86.67</ele>
      </trkpt>
      <trkpt lat="49.8248482" lon="0.558549719">
        <ele>86.76</ele>
      </trkpt>
      <trkpt lat="49.824723408" lon="0.558328571">
        <ele>86.9</ele>
      </trkpt>
      <trkpt lat="49.82461965" lon="0.55814611">
        <ele>87.2</ele>
      </trkpt>
      <trkpt lat="49.824476322" lon="0.557892041">
        <ele>87.29</ele>
      </trkpt>
      <trkpt lat="49.824346749" lon="0.557677303">
        <ele>87.38</ele>
      </trkpt>
      <trkpt lat="49.824242296" lon="0.557597662">
        <ele>87.34</ele>
      </trkpt>
      <trkpt lat="49.824041181" lon="0.557453836">
        <ele>87.3</ele>
      </trkpt>
      <trkpt lat="49.823933117" lon="0.557304701">
        <ele>87.35</ele>
      </trkpt>
      <trkpt lat="49.823821383" lon="0.557082174">
        <ele>87.39</ele>
      </trkpt>
      <trkpt lat="49.823601828" lon="0.556596465">
        <ele>87.45</ele>
      </trkpt>
      <trkpt lat="49.823392392" lon="0.556139686">
        <ele>87.92</ele>
      </trkpt>
      <trkpt lat="49.823333188" lon="0.556039628">
        <ele>88.31</ele>
      </trkpt>
      <trkpt lat="49.822950124" lon="0.556444961">
        <ele>88.34</ele>
      </trkpt>
      <trkpt lat="49.822733759" lon="0.55668381">
        <ele>88.48</ele>
      </trkpt>
      <trkpt lat="49.822551986" lon="0.556869433">
        <ele>88.56</ele>
      </trkpt>
      <trkpt lat="49.822453846" lon="0.55696754">
        <ele>88.26</ele>
      </trkpt>
      <trkpt lat="49.822378809" lon="0.556896445">
        <ele>88.02</ele>
      </trkpt>
      <trkpt lat="49.82203844" lon="0.556894987">
        <ele>87.9</ele>
      </trkpt>
      <trkpt lat="49.821668597" lon="0.556883961">
        <ele>87.83</ele>
      </trkpt>
      <trkpt lat="49.821364043" lon="0.55688808">
        <ele>87.82</ele>
      </trkpt>
      <trkpt lat="49.820997368" lon="0.556880574">
        <ele>87.99</ele>
      </trkpt>
      <trkpt lat="49.820666049" lon="0.556856596">
        <ele>88.11</ele>
      </trkpt>
      <trkpt lat="49.820332353" lon="0.556832738">
        <ele>88.3</ele>
      </trkpt>
      <trkpt lat="49.820118569" lon="0.556795554">
        <ele>88.65</ele>
      </trkpt>
      <trkpt lat="49.819774291" lon="0.556720723">
        <ele>89.03</ele>
      </trkpt>
      <trkpt lat="49.819475415" lon="0.55665467">
        <ele>89.4</ele>
      </trkpt>
      <trkpt lat="49.819214733" lon="0.556594072">
        <ele>89.79</ele>
      </trkpt>
      <trkpt lat="49.819022676" lon="0.556537417">
        <ele>90.19</ele>
      </trkpt>
      <trkpt lat="49.818841295" lon="0.556513338">
        <ele>90.44</ele>
      </trkpt>
      <trkpt lat="49.818683842" lon="0.556495424">
        <ele>90.66</ele>
      </trkpt>
      <trkpt lat="49.818584216" lon="0.556511417">
        <ele>90.73</ele>
      </trkpt>
      <trkpt lat="49.818369314" lon="0.556592001">
        <ele>90.87</ele>
      </trkpt>
      <trkpt lat="49.818051562" lon="0.556762303">
        <ele>90.89</ele>
      </trkpt>
      <trkpt lat="49.817766611" lon="0.556942008">
        <ele>90.98</ele>
      </trkpt>
      <trkpt lat="49.817580046" lon="0.557041707">
        <ele>90.91</ele>
      </trkpt>
      <trkpt lat="49.817394712" lon="0.557140748">
        <ele>90.84</ele>
      </trkpt>
      <trkpt lat="49.817117683" lon="0.557323731">
        <ele>90.68</ele>
      </trkpt>
      <trkpt lat="49.816882072" lon="0.557438443">
        <ele>90.52</ele>
      </trkpt>
      <trkpt lat="49.816575135" lon="0.557556702">
        <ele>90.32</ele>
      </trkpt>
      <trkpt lat="49.816369618" lon="0.557628402">
        <ele>90.21</ele>
      </trkpt>
      <trkpt lat="49.816291595" lon="0.557655621">
        <ele>90.12</ele>
      </trkpt>
      <trkpt lat="49.81626773" lon="0.557663947">
        <ele>90.03</ele>
      </trkpt>
      <trkpt lat="49.816197421" lon="0.557677419">
        <ele>89.87</ele>
      </trkpt>
      <trkpt lat="49.815852885" lon="0.557743433">
        <ele>89.72</ele>
      </trkpt>
      <trkpt lat="49.815322694" lon="0.557769802">
        <ele>89.54</ele>
      </trkpt>
      <trkpt lat="49.814977077" lon="0.55779067">
        <ele>89.46</ele>
      </trkpt>
      <trkpt lat="49.814584248" lon="0.557784459">
        <ele>89.41</ele>
      </trkpt>
      <trkpt lat="49.814191265" lon="0.5577709">
        <ele>89.49</ele>
      </trkpt>
      <trkpt lat="49.813905808" lon="0.557777739">
        <ele>89.52</ele>
      </trkpt>
      <trkpt lat="49.813611968" lon="0.557759253">
        <ele>89.51</ele>
      </trkpt>
      <trkpt lat="49.813120741" lon="0.557713801">
        <ele>89.22</ele>
      </trkpt>
      <trkpt lat="49.812752381" lon="0.55762546">
        <ele>88.94</ele>
      </trkpt>
      <trkpt lat="49.812272526" lon="0.557506384">
        <ele>88.58</ele>
      </trkpt>
      <trkpt lat="49.812026002" lon="0.557396776">
        <ele>88.17</ele>
      </trkpt>
      <trkpt lat="49.81173541" lon="0.557271469">
        <ele>87.8</ele>
      </trkpt>
      <trkpt lat="49.811419449" lon="0.557166482">
        <ele>87.61</ele>
      </trkpt>
      <trkpt lat="49.811314717" lon="0.557115858">
        <ele>87.35</ele>
      </trkpt>
      <trkpt lat="49.811209646" lon="0.557099017">
        <ele>87</ele>
      </trkpt>
      <trkpt lat="49.811062391" lon="0.557113699">
        <ele>86.62</ele>
      </trkpt>
      <trkpt lat="49.81078023" lon="0.557164512">
        <ele>86.27</ele>
      </trkpt>
      <trkpt lat="49.810551138" lon="0.557249464">
        <ele>85.74</ele>
      </trkpt>
      <trkpt lat="49.810390001" lon="0.557283224">
        <ele>85.24</ele>
      </trkpt>
      <trkpt lat="49.810162675" lon="0.557338664">
        <ele>85.04</ele>
      </trkpt>
      <trkpt lat="49.809968636" lon="0.557392447">
        <ele>84.88</ele>
      </trkpt>
      <trkpt lat="49.809817085" lon="0.557429408">
        <ele>84.61</ele>
      </trkpt>
      <trkpt lat="49.809736096" lon="0.55742608">
        <ele>84.78</ele>
      </trkpt>
      <trkpt lat="49.809615229" lon="0.55733647">
        <ele>85.13</ele>
      </trkpt>
      <trkpt lat="49.809526456" lon="0.557142289">
        <ele>85.23</ele>
      </trkpt>
      <trkpt lat="49.809398857" lon="0.556615367">
        <ele>85.53</ele>
      </trkpt>
      <trkpt lat="49.809285136" lon="0.556183378">
        <ele>86.39</ele>
      </trkpt>
      <trkpt lat="49.809101011" lon="0.555571012">
        <ele>86.94</ele>
      </trkpt>
      <trkpt lat="49.808963967" lon="0.555276263">
        <ele>87.36</ele>
      </trkpt>
      <trkpt lat="49.808838346" lon="0.555072889">
        <ele>87.8</ele>
      </trkpt>
      <trkpt lat="49.80890162" lon="0.555025606">
        <ele>88.22</ele>
      </trkpt>
      <trkpt lat="49.809029093" lon="0.554747112">
        <ele>88.25</ele>
      </trkpt>
      <trkpt lat="49.8091117" lon="0.55448556">
        <ele>88.49</ele>
      </trkpt>
      <trkpt lat="49.809269237" lon="0.554077701">
        <ele>88.57</ele>
      </trkpt>
      <trkpt lat="49.809301208" lon="0.553986253">
        <ele>88.94</ele>
      </trkpt>
      <trkpt lat="49.809359806" lon="0.55382887">
        <ele>89.1</ele>
      </trkpt>
      <trkpt lat="49.809428296" lon="0.553689383">
        <ele>89.02</ele>
      </trkpt>
      <trkpt lat="49.809480679" lon="0.553576443">
        <ele>88.93</ele>
      </trkpt>
      <trkpt lat="49.809669274" lon="0.553375807">
        <ele>88.99</ele>
      </trkpt>
      <trkpt lat="49.809888471" lon="0.553158932">
        <ele>88.72</ele>
      </trkpt>
      <trkpt lat="49.809992854" lon="0.553028686">
        <ele>88.9</ele>
      </trkpt>
      <trkpt lat="49.809971687" lon="0.552926765">
        <ele>89.09</ele>
      </trkpt>
      <trkpt lat="49.809948833" lon="0.552744015">
        <ele>89.11</ele>
      </trkpt>
      <trkpt lat="49.809921838" lon="0.552590896">
        <ele>89.16</ele>
      </trkpt>
      <trkpt lat="49.809843993" lon="0.552396176">
        <ele>89.28</ele>
      </trkpt>
      <trkpt lat="49.809753264" lon="0.552154288">
        <ele>88.92</ele>
      </trkpt>
      <trkpt lat="49.809619631" lon="0.551795383">
        <ele>88.69</ele>
      </trkpt>
      <trkpt lat="49.809545696" lon="0.551560015">
        <ele>88.56</ele>
      </trkpt>
      <trkpt lat="49.809411786" lon="0.551187887">
        <ele>88.31</ele>
      </trkpt>
      <trkpt lat="49.809291602" lon="0.550789332">
        <ele>87.65</ele>
      </trkpt>
      <trkpt lat="49.809186677" lon="0.550323817">
        <ele>86.99</ele>
      </trkpt>
      <trkpt lat="49.809027753" lon="0.549552073">
        <ele>85.72</ele>
      </trkpt>
      <trkpt lat="49.808883567" lon="0.548916409">
        <ele>84.41</ele>
      </trkpt>
      <trkpt lat="49.808723562" lon="0.548207248">
        <ele>83.04</ele>
      </trkpt>
      <trkpt lat="49.808658592" lon="0.547945699">
        <ele>82</ele>
      </trkpt>
      <trkpt lat="49.808640409" lon="0.547759046">
        <ele>81.26</ele>
      </trkpt>
      <trkpt lat="49.80865321" lon="0.547574523">
        <ele>80.96</ele>
      </trkpt>
      <trkpt lat="49.808692779" lon="0.547418085">
        <ele>80.54</ele>
      </trkpt>
      <trkpt lat="49.808741549" lon="0.547246477">
        <ele>80.06</ele>
      </trkpt>
      <trkpt lat="49.808820004" lon="0.54712855">
        <ele>79.25</ele>
      </trkpt>
      <trkpt lat="49.808945009" lon="0.546960489">
        <ele>78.12</ele>
      </trkpt>
      <trkpt lat="49.809139767" lon="0.546599908">
        <ele>76.78</ele>
      </trkpt>
      <trkpt lat="49.809287312" lon="0.546257864">
        <ele>76.63</ele>
      </trkpt>
      <trkpt lat="49.80945315" lon="0.545811928">
        <ele>76.92</ele>
      </trkpt>
      <trkpt lat="49.809682668" lon="0.54529293">
        <ele>77.15</ele>
      </trkpt>
      <trkpt lat="49.809857733" lon="0.544787681">
        <ele>76.89</ele>
      </trkpt>
      <trkpt lat="49.810058178" lon="0.544244383">
        <ele>76.56</ele>
      </trkpt>
      <trkpt lat="49.810141068" lon="0.543997505">
        <ele>75.61</ele>
      </trkpt>
      <trkpt lat="49.810224777" lon="0.543607884">
        <ele>72.98</ele>
      </trkpt>
      <trkpt lat="49.81027752" lon="0.543285279">
        <ele>68.44</ele>
      </trkpt>
      <trkpt lat="49.810350795" lon="0.542693164">
        <ele>64.41</ele>
      </trkpt>
      <trkpt lat="49.810426435" lon="0.541986917">
        <ele>59.49</ele>
      </trkpt>
      <trkpt lat="49.810455086" lon="0.541714319">
        <ele>52.46</ele>
      </trkpt>
      <trkpt lat="49.810489931" lon="0.541382784">
        <ele>47.3</ele>
      </trkpt>
      <trkpt lat="49.810527066" lon="0.541053403">
        <ele>44.04</ele>
      </trkpt>
      <trkpt lat="49.810554148" lon="0.540813185">
        <ele>41.07</ele>
      </trkpt>
      <trkpt lat="49.810585343" lon="0.540598308">
        <ele>39.05</ele>
      </trkpt>
      <trkpt lat="49.810627037" lon="0.540316706">
        <ele>38.77</ele>
      </trkpt>
      <trkpt lat="49.8106425" lon="0.540032738">
        <ele>37.55</ele>
      </trkpt>
      <trkpt lat="49.810645922" lon="0.539742018">
        <ele>36.42</ele>
      </trkpt>
      <trkpt lat="49.810648803" lon="0.539425581">
        <ele>35.09</ele>
      </trkpt>
      <trkpt lat="49.810652487" lon="0.539034076">
        <ele>34.16</ele>
      </trkpt>
      <trkpt lat="49.810658404" lon="0.538954685">
        <ele>33.14</ele>
      </trkpt>
      <trkpt lat="49.810660384" lon="0.538928126">
        <ele>32.55</ele>
      </trkpt>
      <trkpt lat="49.810667344" lon="0.538834727">
        <ele>32.54</ele>
      </trkpt>
      <trkpt lat="49.810667794" lon="0.538735934">
        <ele>33.02</ele>
      </trkpt>
      <trkpt lat="49.810668616" lon="0.538555149">
        <ele>33.62</ele>
      </trkpt>
      <trkpt lat="49.810692121" lon="0.538200898">
        <ele>34.71</ele>
      </trkpt>
      <trkpt lat="49.810715553" lon="0.538037657">
        <ele>34.89</ele>
      </trkpt>
      <trkpt lat="49.810735724" lon="0.537897129">
        <ele>34.97</ele>
      </trkpt>
      <trkpt lat="49.810779911" lon="0.537632254">
        <ele>34.18</ele>
      </trkpt>
      <trkpt lat="49.810786459" lon="0.537593003">
        <ele>34.28</ele>
      </trkpt>
      <trkpt lat="49.810920301" lon="0.537053003">
        <ele>33.09</ele>
      </trkpt>
      <trkpt lat="49.811014277" lon="0.536654758">
        <ele>32.91</ele>
      </trkpt>
      <trkpt lat="49.811105961" lon="0.536320579">
        <ele>32.49</ele>
      </trkpt>
      <trkpt lat="49.811123961" lon="0.536246112">
        <ele>32.43</ele>
      </trkpt>
      <trkpt lat="49.811207829" lon="0.535929449">
        <ele>32.89</ele>
      </trkpt>
      <trkpt lat="49.81122699" lon="0.535867543">
        <ele>32.78</ele>
      </trkpt>
      <trkpt lat="49.811262574" lon="0.535785357">
        <ele>32.57</ele>
      </trkpt>
      <trkpt lat="49.811314461" lon="0.535309777">
        <ele>33.18</ele>
      </trkpt>
      <trkpt lat="49.811275925" lon="0.535061615">
        <ele>34.07</ele>
      </trkpt>
      <trkpt lat="49.811206926" lon="0.534723034">
        <ele>33.16</ele>
      </trkpt>
      <trkpt lat="49.811120899" lon="0.534366922">
        <ele>34.03</ele>
      </trkpt>
      <trkpt lat="49.811063418" lon="0.534123391">
        <ele>37.22</ele>
      </trkpt>
      <trkpt lat="49.8109938" lon="0.533755422">
        <ele>40.99</ele>
      </trkpt>
      <trkpt lat="49.810961602" lon="0.53335615">
        <ele>45.3</ele>
      </trkpt>
      <trkpt lat="49.810934563" lon="0.533089026">
        <ele>53.68</ele>
      </trkpt>
      <trkpt lat="49.810556663" lon="0.532550179">
        <ele>63.44</ele>
      </trkpt>
      <trkpt lat="49.809902166" lon="0.531661558">
        <ele>72.26</ele>
      </trkpt>
      <trkpt lat="49.80940905" lon="0.530987858">
        <ele>80.08</ele>
      </trkpt>
      <trkpt lat="49.809011042" lon="0.530444112">
        <ele>87.18</ele>
      </trkpt>
      <trkpt lat="49.808867029" lon="0.530242436">
        <ele>91.27</ele>
      </trkpt>
      <trkpt lat="49.808685251" lon="0.529984515">
        <ele>94.36</ele>
      </trkpt>
      <trkpt lat="49.808444821" lon="0.529695027">
        <ele>95.63</ele>
      </trkpt>
      <trkpt lat="49.808190137" lon="0.529318548">
        <ele>96.25</ele>
      </trkpt>
      <trkpt lat="49.808148085" lon="0.529209748">
        <ele>98.2</ele>
      </trkpt>
      <trkpt lat="49.808147433" lon="0.529107287">
        <ele>99.94</ele>
      </trkpt>
      <trkpt lat="49.808057868" lon="0.529027631">
        <ele>101.03</ele>
      </trkpt>
      <trkpt lat="49.807895785" lon="0.528951027">
        <ele>102.88</ele>
      </trkpt>
      <trkpt lat="49.807804935" lon="0.528962459">
        <ele>105.41</ele>
      </trkpt>
      <trkpt lat="49.807724715" lon="0.529049023">
        <ele>106.77</ele>
      </trkpt>
      <trkpt lat="49.80759058" lon="0.529284212">
        <ele>107.22</ele>
      </trkpt>
      <trkpt lat="49.807340751" lon="0.529679082">
        <ele>107.6</ele>
      </trkpt>
      <trkpt lat="49.807068557" lon="0.529974129">
        <ele>107.5</ele>
      </trkpt>
      <trkpt lat="49.806714293" lon="0.53033028">
        <ele>106.55</ele>
      </trkpt>
      <trkpt lat="49.806372053" lon="0.530726274">
        <ele>105.11</ele>
      </trkpt>
      <trkpt lat="49.806065801" lon="0.531102067">
        <ele>103.91</ele>
      </trkpt>
      <trkpt lat="49.805887528" lon="0.531339032">
        <ele>102.67</ele>
      </trkpt>
      <trkpt lat="49.805750502" lon="0.531500375">
        <ele>101.71</ele>
      </trkpt>
      <trkpt lat="49.80561193" lon="0.531588243">
        <ele>101.13</ele>
      </trkpt>
      <trkpt lat="49.805523729" lon="0.531581642">
        <ele>100.98</ele>
      </trkpt>
      <trkpt lat="49.805451244" lon="0.531530125">
        <ele>100.86</ele>
      </trkpt>
      <trkpt lat="49.805292932" lon="0.531324789">
        <ele>99.12</ele>
      </trkpt>
      <trkpt lat="49.805207672" lon="0.531118726">
        <ele>97.15</ele>
      </trkpt>
      <trkpt lat="49.805134857" lon="0.530938514">
        <ele>95.81</ele>
      </trkpt>
      <trkpt lat="49.805074528" lon="0.530673095">
        <ele>93.85</ele>
      </trkpt>
      <trkpt lat="49.805008745" lon="0.530374852">
        <ele>92.12</ele>
      </trkpt>
      <trkpt lat="49.804974644" lon="0.530111794">
        <ele>91.37</ele>
      </trkpt>
      <trkpt lat="49.804910838" lon="0.53013339">
        <ele>90.43</ele>
      </trkpt>
      <trkpt lat="49.804841272" lon="0.529247777">
        <ele>89.12</ele>
      </trkpt>
      <trkpt lat="49.80454349" lon="0.528968274">
        <ele>88.25</ele>
      </trkpt>
      <trkpt lat="49.804484308" lon="0.528729715">
        <ele>87.36</ele>
      </trkpt>
      <trkpt lat="49.804292789" lon="0.528665504">
        <ele>87.16</ele>
      </trkpt>
      <trkpt lat="49.804018566" lon="0.528878202">
        <ele>87.2</ele>
      </trkpt>
      <trkpt lat="49.80322303" lon="0.529179089">
        <ele>87.31</ele>
      </trkpt>
      <trkpt lat="49.803123989" lon="0.52932033">
        <ele>87.38</ele>
      </trkpt>
      <trkpt lat="49.802817082" lon="0.528925819">
        <ele>87.38</ele>
      </trkpt>
      <trkpt lat="49.802685583" lon="0.528806225">
        <ele>87.31</ele>
      </trkpt>
      <trkpt lat="49.802174927" lon="0.529043935">
        <ele>87.72</ele>
      </trkpt>
      <trkpt lat="49.80183481" lon="0.528761839">
        <ele>88.3</ele>
      </trkpt>
      <trkpt lat="49.801563495" lon="0.528516156">
        <ele>89.05</ele>
      </trkpt>
      <trkpt lat="49.80116" lon="0.52820024">
        <ele>89.6</ele>
      </trkpt>
      <trkpt lat="49.800752306" lon="0.527903907">
        <ele>90.16</ele>
      </trkpt>
      <trkpt lat="49.800486283" lon="0.527712163">
        <ele>90.28</ele>
      </trkpt>
      <trkpt lat="49.80018876" lon="0.52751599">
        <ele>90.35</ele>
      </trkpt>
      <trkpt lat="49.799981417" lon="0.527440344">
        <ele>89.97</ele>
      </trkpt>
      <trkpt lat="49.799767803" lon="0.527355496">
        <ele>91.22</ele>
      </trkpt>
      <trkpt lat="49.79961709" lon="0.527318958">
        <ele>92.65</ele>
      </trkpt>
      <trkpt lat="49.799490694" lon="0.527306934">
        <ele>94.96</ele>
      </trkpt>
      <trkpt lat="49.799250236" lon="0.526972339">
        <ele>94.47</ele>
      </trkpt>
      <trkpt lat="49.799031338" lon="0.526722814">
        <ele>91.46</ele>
      </trkpt>
      <trkpt lat="49.79880666" lon="0.526384325">
        <ele>87.39</ele>
      </trkpt>
      <trkpt lat="49.798587302" lon="0.526015839">
        <ele>82.87</ele>
      </trkpt>
      <trkpt lat="49.798451881" lon="0.525688976">
        <ele>77.62</ele>
      </trkpt>
      <trkpt lat="49.798299617" lon="0.525409846">
        <ele>75.03</ele>
      </trkpt>
      <trkpt lat="49.798048988" lon="0.525121884">
        <ele>76.45</ele>
      </trkpt>
      <trkpt lat="49.797725296" lon="0.524789072">
        <ele>77.4</ele>
      </trkpt>
      <trkpt lat="49.797336414" lon="0.524378475">
        <ele>78.9</ele>
      </trkpt>
      <trkpt lat="49.797122318" lon="0.524130047">
        <ele>80.42</ele>
      </trkpt>
      <trkpt lat="49.796891913" lon="0.523928557">
        <ele>82.01</ele>
      </trkpt>
      <trkpt lat="49.796695414" lon="0.523821784">
        <ele>82.66</ele>
      </trkpt>
      <trkpt lat="49.796474339" lon="0.523753354">
        <ele>83.65</ele>
      </trkpt>
      <trkpt lat="49.796177193" lon="0.523656796">
        <ele>84.48</ele>
      </trkpt>
      <trkpt lat="49.795760526" lon="0.523517753">
        <ele>85.43</ele>
      </trkpt>
      <trkpt lat="49.795556281" lon="0.523444761">
        <ele>86.54</ele>
      </trkpt>
      <trkpt lat="49.795241333" lon="0.523285331">
        <ele>87.53</ele>
      </trkpt>
      <trkpt lat="49.79494382" lon="0.523029845">
        <ele>88.38</ele>
      </trkpt>
      <trkpt lat="49.794687796" lon="0.522698067">
        <ele>89.17</ele>
      </trkpt>
      <trkpt lat="49.794481659" lon="0.522319656">
        <ele>89.77</ele>
      </trkpt>
      <trkpt lat="49.794237449" lon="0.521744631">
        <ele>90.22</ele>
      </trkpt>
      <trkpt lat="49.794094884" lon="0.521418169">
        <ele>90.54</ele>
      </trkpt>
      <trkpt lat="49.793952863" lon="0.521066865">
        <ele>90.75</ele>
      </trkpt>
      <trkpt lat="49.793816381" lon="0.520690467">
        <ele>91.27</ele>
      </trkpt>
      <trkpt lat="49.7936874" lon="0.520415718">
        <ele>91.46</ele>
      </trkpt>
      <trkpt lat="49.793590325" lon="0.520212722">
        <ele>91.99</ele>
      </trkpt>
      <trkpt lat="49.793492482" lon="0.520156557">
        <ele>92.15</ele>
      </trkpt>
      <trkpt lat="49.793362043" lon="0.520139852">
        <ele>92.35</ele>
      </trkpt>
      <trkpt lat="49.793252537" lon="0.520195013">
        <ele>92.32</ele>
      </trkpt>
      <trkpt lat="49.793023741" lon="0.520391308">
        <ele>92.54</ele>
      </trkpt>
      <trkpt lat="49.792799926" lon="0.520612168">
        <ele>92.54</ele>
      </trkpt>
      <trkpt lat="49.792560857" lon="0.520786917">
        <ele>92.63</ele>
      </trkpt>
      <trkpt lat="49.792336261" lon="0.520886488">
        <ele>92.9</ele>
      </trkpt>
      <trkpt lat="49.792153558" lon="0.520958023">
        <ele>93.06</ele>
      </trkpt>
      <trkpt lat="49.79158486" lon="0.521245909">
        <ele>93.53</ele>
      </trkpt>
      <trkpt lat="49.790984379" lon="0.521499546">
        <ele>93.81</ele>
      </trkpt>
      <trkpt lat="49.79068714" lon="0.521624832">
        <ele>94.5</ele>
      </trkpt>
      <trkpt lat="49.790269804" lon="0.521827863">
        <ele>94.89</ele>
      </trkpt>
      <trkpt lat="49.78975361" lon="0.522066206">
        <ele>95.12</ele>
      </trkpt>
      <trkpt lat="49.789566168" lon="0.522150103">
        <ele>95.09</ele>
      </trkpt>
      <trkpt lat="49.789135644" lon="0.522337248">
        <ele>95.04</ele>
      </trkpt>
      <trkpt lat="49.788766225" lon="0.522510279">
        <ele>95.05</ele>
      </trkpt>
      <trkpt lat="49.788371426" lon="0.5226901">
        <ele>95.02</ele>
      </trkpt>
      <trkpt lat="49.788115722" lon="0.522838093">
        <ele>95.08</ele>
      </trkpt>
      <trkpt lat="49.788030088" lon="0.522671468">
        <ele>95.17</ele>
      </trkpt>
      <trkpt lat="49.787837809" lon="0.52227311">
        <ele>95.22</ele>
      </trkpt>
      <trkpt lat="49.787684196" lon="0.521930705">
        <ele>95.09</ele>
      </trkpt>
      <trkpt lat="49.787614376" lon="0.521752258">
        <ele>95.06</ele>
      </trkpt>
      <trkpt lat="49.787561245" lon="0.521603296">
        <ele>95.21</ele>
      </trkpt>
      <trkpt lat="49.787547751" lon="0.521471637">
        <ele>95.52</ele>
      </trkpt>
      <trkpt lat="49.787610422" lon="0.521143137">
        <ele>95.8</ele>
      </trkpt>
      <trkpt lat="49.78774282" lon="0.520651206">
        <ele>95.63</ele>
      </trkpt>
      <trkpt lat="49.787917562" lon="0.520017625">
        <ele>95.4</ele>
      </trkpt>
      <trkpt lat="49.788157899" lon="0.519227982">
        <ele>94.65</ele>
      </trkpt>
      <trkpt lat="49.788312189" lon="0.518674276">
        <ele>93.16</ele>
      </trkpt>
      <trkpt lat="49.788489599" lon="0.51805764">
        <ele>91.53</ele>
      </trkpt>
      <trkpt lat="49.788708517" lon="0.517437247">
        <ele>90.28</ele>
      </trkpt>
      <trkpt lat="49.788803356" lon="0.517195338">
        <ele>89.12</ele>
      </trkpt>
      <trkpt lat="49.788913974" lon="0.516919144">
        <ele>88.36</ele>
      </trkpt>
      <trkpt lat="49.788923729" lon="0.516894788">
        <ele>88.16</ele>
      </trkpt>
      <trkpt lat="49.788999036" lon="0.516742095">
        <ele>87.99</ele>
      </trkpt>
      <trkpt lat="49.789083525" lon="0.516517249">
        <ele>87.66</ele>
      </trkpt>
      <trkpt lat="49.789142316" lon="0.516343332">
        <ele>88.23</ele>
      </trkpt>
      <trkpt lat="49.789150546" lon="0.516186043">
        <ele>89.32</ele>
      </trkpt>
      <trkpt lat="49.789169692" lon="0.515950426">
        <ele>90.43</ele>
      </trkpt>
      <trkpt lat="49.789123189" lon="0.51560923">
        <ele>91.76</ele>
      </trkpt>
      <trkpt lat="49.789061145" lon="0.515124345">
        <ele>93.05</ele>
      </trkpt>
      <trkpt lat="49.7890055" lon="0.514688766">
        <ele>93.42</ele>
      </trkpt>
      <trkpt lat="49.788928251" lon="0.514160537">
        <ele>93.31</ele>
      </trkpt>
      <trkpt lat="49.788840651" lon="0.513783928">
        <ele>92.83</ele>
      </trkpt>
      <trkpt lat="49.788775673" lon="0.513497713">
        <ele>92.54</ele>
      </trkpt>
      <trkpt lat="49.7887204" lon="0.513164134">
        <ele>92.23</ele>
      </trkpt>
      <trkpt lat="49.78867925" lon="0.512823224">
        <ele>91.85</ele>
      </trkpt>
      <trkpt lat="49.788649056" lon="0.512493893">
        <ele>91.4</ele>
      </trkpt>
      <trkpt lat="49.788628859" lon="0.512130968">
        <ele>91.51</ele>
      </trkpt>
      <trkpt lat="49.788586005" lon="0.51162582">
        <ele>91.1</ele>
      </trkpt>
      <trkpt lat="49.788552913" lon="0.511412437">
        <ele>91.37</ele>
      </trkpt>
      <trkpt lat="49.78851076" lon="0.511108526">
        <ele>92.35</ele>
      </trkpt>
      <trkpt lat="49.788474373" lon="0.51079881">
        <ele>93.26</ele>
      </trkpt>
      <trkpt lat="49.788451774" lon="0.510491154">
        <ele>93.53</ele>
      </trkpt>
      <trkpt lat="49.788423619" lon="0.510090036">
        <ele>94.23</ele>
      </trkpt>
      <trkpt lat="49.788405905" lon="0.509844442">
        <ele>94.75</ele>
      </trkpt>
      <trkpt lat="49.788384036" lon="0.509655307">
        <ele>94.23</ele>
      </trkpt>
      <trkpt lat="49.788344539" lon="0.509392623">
        <ele>93.87</ele>
      </trkpt>
      <trkpt lat="49.788292293" lon="0.509034083">
        <ele>94.12</ele>
      </trkpt>
      <trkpt lat="49.788229692" lon="0.508608244">
        <ele>93.76</ele>
      </trkpt>
      <trkpt lat="49.788200806" lon="0.50842498">
        <ele>93.61</ele>
      </trkpt>
      <trkpt lat="49.788040228" lon="0.507505069">
        <ele>93.57</ele>
      </trkpt>
      <trkpt lat="49.787923126" lon="0.506783125">
        <ele>93.31</ele>
      </trkpt>
      <trkpt lat="49.787828036" lon="0.506173111">
        <ele>92.78</ele>
      </trkpt>
      <trkpt lat="49.787660991" lon="0.50511789">
        <ele>92.85</ele>
      </trkpt>
      <trkpt lat="49.787530326" lon="0.504178834">
        <ele>92.72</ele>
      </trkpt>
      <trkpt lat="49.787412522" lon="0.503257326">
        <ele>93.09</ele>
      </trkpt>
      <trkpt lat="49.787292458" lon="0.502397695">
        <ele>93.84</ele>
      </trkpt>
      <trkpt lat="49.787162513" lon="0.501577171">
        <ele>94.8</ele>
      </trkpt>
      <trkpt lat="49.787082381" lon="0.501167683">
        <ele>95.66</ele>
      </trkpt>
      <trkpt lat="49.78696555" lon="0.500627721">
        <ele>96.38</ele>
      </trkpt>
      <trkpt lat="49.78684658" lon="0.500071327">
        <ele>96.96</ele>
      </trkpt>
      <trkpt lat="49.786771969" lon="0.499669832">
        <ele>97.31</ele>
      </trkpt>
      <trkpt lat="49.786753505" lon="0.499390101">
        <ele>97.55</ele>
      </trkpt>
      <trkpt lat="49.786737697" lon="0.498900144">
        <ele>97.72</ele>
      </trkpt>
      <trkpt lat="49.786723296" lon="0.498225393">
        <ele>97.74</ele>
      </trkpt>
      <trkpt lat="49.786711226" lon="0.49774352">
        <ele>97.68</ele>
      </trkpt>
      <trkpt lat="49.786708521" lon="0.497616832">
        <ele>97.83</ele>
      </trkpt>
      <trkpt lat="49.786700956" lon="0.497429736">
        <ele>98.24</ele>
      </trkpt>
      <trkpt lat="49.786647126" lon="0.497082329">
        <ele>98.59</ele>
      </trkpt>
      <trkpt lat="49.786602682" lon="0.496756501">
        <ele>98.78</ele>
      </trkpt>
      <trkpt lat="49.786584353" lon="0.496316302">
        <ele>99.3</ele>
      </trkpt>
      <trkpt lat="49.78655481" lon="0.495518257">
        <ele>99.4</ele>
      </trkpt>
      <trkpt lat="49.786536664" lon="0.494752715">
        <ele>99.28</ele>
      </trkpt>
      <trkpt lat="49.786506385" lon="0.494004336">
        <ele>99.34</ele>
      </trkpt>
      <trkpt lat="49.786498831" lon="0.493734529">
        <ele>99.54</ele>
      </trkpt>
      <trkpt lat="49.786484498" lon="0.49348161">
        <ele>99.53</ele>
      </trkpt>
      <trkpt lat="49.786430934" lon="0.493230692">
        <ele>99.73</ele>
      </trkpt>
      <trkpt lat="49.786350388" lon="0.492970121">
        <ele>99.83</ele>
      </trkpt>
      <trkpt lat="49.786232396" lon="0.492711465">
        <ele>99.89</ele>
      </trkpt>
      <trkpt lat="49.785998413" lon="0.492287791">
        <ele>99.96</ele>
      </trkpt>
      <trkpt lat="49.785853151" lon="0.492030773">
        <ele>99.97</ele>
      </trkpt>
      <trkpt lat="49.785849988" lon="0.492025177">
        <ele>99.96</ele>
      </trkpt>
      <trkpt lat="49.785573722" lon="0.491570545">
        <ele>99.9</ele>
      </trkpt>
      <trkpt lat="49.785512322" lon="0.491469504">
        <ele>99.65</ele>
      </trkpt>
      <trkpt lat="49.785480903" lon="0.491407792">
        <ele>99.47</ele>
      </trkpt>
      <trkpt lat="49.785404244" lon="0.491257217">
        <ele>99.34</ele>
      </trkpt>
      <trkpt lat="49.785342878" lon="0.491165773">
        <ele>99.25</ele>
      </trkpt>
      <trkpt lat="49.785332683" lon="0.49115058">
        <ele>98.8</ele>
      </trkpt>
      <trkpt lat="49.78528439" lon="0.491078617">
        <ele>98.32</ele>
      </trkpt>
      <trkpt lat="49.785101156" lon="0.490791767">
        <ele>97.62</ele>
      </trkpt>
      <trkpt lat="49.784922126" lon="0.490583214">
        <ele>96.94</ele>
      </trkpt>
      <trkpt lat="49.784719497" lon="0.490324386">
        <ele>95.98</ele>
      </trkpt>
      <trkpt lat="49.784700058" lon="0.490299557">
        <ele>95.39</ele>
      </trkpt>
      <trkpt lat="49.784679337" lon="0.490165524">
        <ele>95</ele>
      </trkpt>
      <trkpt lat="49.784704152" lon="0.490116605">
        <ele>94.74</ele>
      </trkpt>
      <trkpt lat="49.784728518" lon="0.49006857">
        <ele>94.35</ele>
      </trkpt>
      <trkpt lat="49.784776964" lon="0.489973064">
        <ele>94.43</ele>
      </trkpt>
      <trkpt lat="49.784925935" lon="0.489844146">
        <ele>94.52</ele>
      </trkpt>
      <trkpt lat="49.785030858" lon="0.48974229">
        <ele>94.23</ele>
      </trkpt>
      <trkpt lat="49.785045565" lon="0.489728296">
        <ele>93.97</ele>
      </trkpt>
      <trkpt lat="49.785183933" lon="0.489596621">
        <ele>93.9</ele>
      </trkpt>
      <trkpt lat="49.785212931" lon="0.489558711">
        <ele>93.68</ele>
      </trkpt>
      <trkpt lat="49.785341949" lon="0.489390042">
        <ele>93.62</ele>
      </trkpt>
      <trkpt lat="49.785588782" lon="0.489079671">
        <ele>94.17</ele>
      </trkpt>
      <trkpt lat="49.785753989" lon="0.488875478">
        <ele>94.57</ele>
      </trkpt>
      <trkpt lat="49.78587568" lon="0.488723137">
        <ele>95.22</ele>
      </trkpt>
      <trkpt lat="49.786038363" lon="0.48854278">
        <ele>95.6</ele>
      </trkpt>
      <trkpt lat="49.786171461" lon="0.488422938">
        <ele>95.37</ele>
      </trkpt>
      <trkpt lat="49.786360792" lon="0.488261622">
        <ele>95.44</ele>
      </trkpt>
      <trkpt lat="49.786559275" lon="0.488110863">
        <ele>95.34</ele>
      </trkpt>
      <trkpt lat="49.786751813" lon="0.487965923">
        <ele>94.99</ele>
      </trkpt>
      <trkpt lat="49.786860537" lon="0.487874894">
        <ele>94.95</ele>
      </trkpt>
      <trkpt lat="49.786916003" lon="0.487797616">
        <ele>95.63</ele>
      </trkpt>
      <trkpt lat="49.786958456" lon="0.487696189">
        <ele>96.02</ele>
      </trkpt>
      <trkpt lat="49.78699732" lon="0.487510579">
        <ele>97.21</ele>
      </trkpt>
      <trkpt lat="49.787024256" lon="0.487018435">
        <ele>98.45</ele>
      </trkpt>
      <trkpt lat="49.787107512" lon="0.485823104">
        <ele>99.75</ele>
      </trkpt>
      <trkpt lat="49.787151526" lon="0.48521208">
        <ele>100.83</ele>
      </trkpt>
      <trkpt lat="49.787172019" lon="0.484836062">
        <ele>101.72</ele>
      </trkpt>
      <trkpt lat="49.78716005" lon="0.484527878">
        <ele>102.15</ele>
      </trkpt>
      <trkpt lat="49.787140909" lon="0.484051876">
        <ele>102.19</ele>
      </trkpt>
      <trkpt lat="49.787110078" lon="0.483364173">
        <ele>102.02</ele>
      </trkpt>
      <trkpt lat="49.78704044" lon="0.482033298">
        <ele>101.86</ele>
      </trkpt>
      <trkpt lat="49.7865666" lon="0.481815638">
        <ele>101.68</ele>
      </trkpt>
      <trkpt lat="49.786170334" lon="0.481628937">
        <ele>101.6</ele>
      </trkpt>
      <trkpt lat="49.785838999" lon="0.481459293">
        <ele>101.82</ele>
      </trkpt>
      <trkpt lat="49.785584392" lon="0.481314597">
        <ele>102.13</ele>
      </trkpt>
      <trkpt lat="49.785320489" lon="0.481149432">
        <ele>102.49</ele>
      </trkpt>
      <trkpt lat="49.785086296" lon="0.480988734">
        <ele>102.89</ele>
      </trkpt>
      <trkpt lat="49.78489551" lon="0.480847262">
        <ele>103.47</ele>
      </trkpt>
      <trkpt lat="49.784604258" lon="0.480597092">
        <ele>103.96</ele>
      </trkpt>
      <trkpt lat="49.784151379" lon="0.480209642">
        <ele>104.56</ele>
      </trkpt>
      <trkpt lat="49.784086402" lon="0.480154053">
        <ele>104.99</ele>
      </trkpt>
      <trkpt lat="49.783937098" lon="0.480023556">
        <ele>105.49</ele>
      </trkpt>
      <trkpt lat="49.78378612" lon="0.47987943">
        <ele>105.79</ele>
      </trkpt>
      <trkpt lat="49.783720156" lon="0.479816461">
        <ele>106.19</ele>
      </trkpt>
      <trkpt lat="49.783369518" lon="0.479442238">
        <ele>106.57</ele>
      </trkpt>
      <trkpt lat="49.782921364" lon="0.478917604">
        <ele>107.01</ele>
      </trkpt>
      <trkpt lat="49.782499044" lon="0.478437811">
        <ele>107.31</ele>
      </trkpt>
      <trkpt lat="49.782325316" lon="0.478237473">
        <ele>107.06</ele>
      </trkpt>
      <trkpt lat="49.78211389" lon="0.477980252">
        <ele>106.61</ele>
      </trkpt>
      <trkpt lat="49.781794533" lon="0.477581817">
        <ele>105.87</ele>
      </trkpt>
      <trkpt lat="49.781403374" lon="0.477094695">
        <ele>105.19</ele>
      </trkpt>
      <trkpt lat="49.781106465" lon="0.47676259">
        <ele>104.45</ele>
      </trkpt>
      <trkpt lat="49.781001567" lon="0.476616352">
        <ele>103.56</ele>
      </trkpt>
      <trkpt lat="49.780850187" lon="0.47646699">
        <ele>103.14</ele>
      </trkpt>
      <trkpt lat="49.780630829" lon="0.476214554">
        <ele>102.33</ele>
      </trkpt>
      <trkpt lat="49.780450199" lon="0.4760051">
        <ele>101.47</ele>
      </trkpt>
      <trkpt lat="49.780394396" lon="0.47581775">
        <ele>100.53</ele>
      </trkpt>
      <trkpt lat="49.780378831" lon="0.475675198">
        <ele>100.18</ele>
      </trkpt>
      <trkpt lat="49.780394411" lon="0.475486939">
        <ele>99.13</ele>
      </trkpt>
      <trkpt lat="49.780512779" lon="0.474766856">
        <ele>98.7</ele>
      </trkpt>
      <trkpt lat="49.780519024" lon="0.474642482">
        <ele>98.37</ele>
      </trkpt>
      <trkpt lat="49.780492996" lon="0.474511495">
        <ele>97.91</ele>
      </trkpt>
      <trkpt lat="49.780427285" lon="0.474364659">
        <ele>97.46</ele>
      </trkpt>
      <trkpt lat="49.780161754" lon="0.474094188">
        <ele>97.45</ele>
      </trkpt>
      <trkpt lat="49.779968341" lon="0.473914336">
        <ele>97.27</ele>
      </trkpt>
      <trkpt lat="49.779600259" lon="0.473483914">
        <ele>96.95</ele>
      </trkpt>
      <trkpt lat="49.779503504" lon="0.473136029">
        <ele>96.89</ele>
      </trkpt>
      <trkpt lat="49.779443358" lon="0.472913073">
        <ele>96.96</ele>
      </trkpt>
      <trkpt lat="49.779343153" lon="0.472653583">
        <ele>97.09</ele>
      </trkpt>
      <trkpt lat="49.779235754" lon="0.472391707">
        <ele>97.63</ele>
      </trkpt>
      <trkpt lat="49.779379656" lon="0.472111393">
        <ele>98.33</ele>
      </trkpt>
      <trkpt lat="49.779514642" lon="0.471831535">
        <ele>99.14</ele>
      </trkpt>
      <trkpt lat="49.779613785" lon="0.471627951">
        <ele>100.31</ele>
      </trkpt>
      <trkpt lat="49.779695393" lon="0.471439051">
        <ele>101.33</ele>
      </trkpt>
      <trkpt lat="49.779796558" lon="0.471163687">
        <ele>102.02</ele>
      </trkpt>
      <trkpt lat="49.779934276" lon="0.470693469">
        <ele>103.24</ele>
      </trkpt>
      <trkpt lat="49.780048871" lon="0.470599356">
        <ele>103.76</ele>
      </trkpt>
      <trkpt lat="49.780133747" lon="0.470451635">
        <ele>104.05</ele>
      </trkpt>
      <trkpt lat="49.780272195" lon="0.470249698">
        <ele>104.24</ele>
      </trkpt>
      <trkpt lat="49.780409296" lon="0.469985343">
        <ele>103.78</ele>
      </trkpt>
      <trkpt lat="49.780556604" lon="0.469697671">
        <ele>103.22</ele>
      </trkpt>
      <trkpt lat="49.78101228" lon="0.468865547">
        <ele>103</ele>
      </trkpt>
      <trkpt lat="49.781129328" lon="0.468664704">
        <ele>103.04</ele>
      </trkpt>
      <trkpt lat="49.781267615" lon="0.468455415">
        <ele>103.49</ele>
      </trkpt>
      <trkpt lat="49.781475355" lon="0.468210932">
        <ele>104.87</ele>
      </trkpt>
      <trkpt lat="49.782262918" lon="0.467427839">
        <ele>105.68</ele>
      </trkpt>
      <trkpt lat="49.782636395" lon="0.467032064">
        <ele>106.77</ele>
      </trkpt>
      <trkpt lat="49.782646834" lon="0.467021001">
        <ele>107.37</ele>
      </trkpt>
      <trkpt lat="49.782671278" lon="0.466995096">
        <ele>107.65</ele>
      </trkpt>
      <trkpt lat="49.783170054" lon="0.466395945">
        <ele>107.7</ele>
      </trkpt>
      <trkpt lat="49.78334728" lon="0.466171398">
        <ele>107.77</ele>
      </trkpt>
      <trkpt lat="49.783569642" lon="0.465887914">
        <ele>107.69</ele>
      </trkpt>
      <trkpt lat="49.783727341" lon="0.465695984">
        <ele>107.68</ele>
      </trkpt>
      <trkpt lat="49.783827587" lon="0.465598914">
        <ele>107.64</ele>
      </trkpt>
      <trkpt lat="49.783913093" lon="0.46548055">
        <ele>107.36</ele>
      </trkpt>
      <trkpt lat="49.783982352" lon="0.465381402">
        <ele>106.99</ele>
      </trkpt>
      <trkpt lat="49.784042608" lon="0.465240079">
        <ele>107.05</ele>
      </trkpt>
      <trkpt lat="49.784103701" lon="0.465093564">
        <ele>106.67</ele>
      </trkpt>
      <trkpt lat="49.784207576" lon="0.464614005">
        <ele>105.5</ele>
      </trkpt>
      <trkpt lat="49.784406038" lon="0.463556108">
        <ele>104.41</ele>
      </trkpt>
      <trkpt lat="49.784608713" lon="0.462363442">
        <ele>103.7</ele>
      </trkpt>
      <trkpt lat="49.784623678" lon="0.462175192">
        <ele>102.96</ele>
      </trkpt>
      <trkpt lat="49.784662895" lon="0.462007748">
        <ele>102.62</ele>
      </trkpt>
      <trkpt lat="49.784730945" lon="0.461677067">
        <ele>103.24</ele>
      </trkpt>
      <trkpt lat="49.784906959" lon="0.460682798">
        <ele>104</ele>
      </trkpt>
      <trkpt lat="49.784967801" lon="0.46041498">
        <ele>104.6</ele>
      </trkpt>
      <trkpt lat="49.785007959" lon="0.460181313">
        <ele>104.98</ele>
      </trkpt>
      <trkpt lat="49.785026571" lon="0.460051689">
        <ele>105.69</ele>
      </trkpt>
      <trkpt lat="49.785164445" lon="0.459823999">
        <ele>106.56</ele>
      </trkpt>
      <trkpt lat="49.785331315" lon="0.459506582">
        <ele>107.33</ele>
      </trkpt>
      <trkpt lat="49.785461815" lon="0.459268242">
        <ele>107.86</ele>
      </trkpt>
      <trkpt lat="49.785663868" lon="0.458926947">
        <ele>108.29</ele>
      </trkpt>
      <trkpt lat="49.786005392" lon="0.458365954">
        <ele>108.23</ele>
      </trkpt>
      <trkpt lat="49.7861664" lon="0.458107648">
        <ele>107.75</ele>
      </trkpt>
      <trkpt lat="49.786348246" lon="0.457822529">
        <ele>107.75</ele>
      </trkpt>
      <trkpt lat="49.786598634" lon="0.457460339">
        <ele>107.53</ele>
      </trkpt>
      <trkpt lat="49.786755749" lon="0.457132381">
        <ele>107.18</ele>
      </trkpt>
      <trkpt lat="49.786926741" lon="0.456895607">
        <ele>107.24</ele>
      </trkpt>
      <trkpt lat="49.786980534" lon="0.456742101">
        <ele>107.36</ele>
      </trkpt>
      <trkpt lat="49.786993431" lon="0.456568651">
        <ele>107.09</ele>
      </trkpt>
      <trkpt lat="49.7869912" lon="0.456465833">
        <ele>107.1</ele>
      </trkpt>
      <trkpt lat="49.787032002" lon="0.456371815">
        <ele>107.07</ele>
      </trkpt>
      <trkpt lat="49.787075341" lon="0.45628502">
        <ele>106.53</ele>
      </trkpt>
      <trkpt lat="49.787198943" lon="0.456058047">
        <ele>106.19</ele>
      </trkpt>
      <trkpt lat="49.78734054" lon="0.455892638">
        <ele>105.55</ele>
      </trkpt>
      <trkpt lat="49.787539232" lon="0.455758829">
        <ele>104.72</ele>
      </trkpt>
      <trkpt lat="49.78775938" lon="0.455703313">
        <ele>104.12</ele>
      </trkpt>
      <trkpt lat="49.787954093" lon="0.455682202">
        <ele>103.56</ele>
      </trkpt>
      <trkpt lat="49.788088182" lon="0.455675259">
        <ele>102.79</ele>
      </trkpt>
      <trkpt lat="49.788241057" lon="0.455700427">
        <ele>102.18</ele>
      </trkpt>
      <trkpt lat="49.788489907" lon="0.455761067">
        <ele>101.65</ele>
      </trkpt>
      <trkpt lat="49.788631293" lon="0.455805214">
        <ele>101.26</ele>
      </trkpt>
      <trkpt lat="49.788735422" lon="0.455777764">
        <ele>100.96</ele>
      </trkpt>
      <trkpt lat="49.788820294" lon="0.455740281">
        <ele>100.67</ele>
      </trkpt>
      <trkpt lat="49.78879349" lon="0.455601968">
        <ele>100.68</ele>
      </trkpt>
      <trkpt lat="49.788654678" lon="0.455237849">
        <ele>100.87</ele>
      </trkpt>
      <trkpt lat="49.788551063" lon="0.45496014">
        <ele>100.92</ele>
      </trkpt>
      <trkpt lat="49.788457914" lon="0.454726006">
        <ele>101.04</ele>
      </trkpt>
      <trkpt lat="49.788367541" lon="0.454510109">
        <ele>101.16</ele>
      </trkpt>
      <trkpt lat="49.788295963" lon="0.454392499">
        <ele>101.31</ele>
      </trkpt>
      <trkpt lat="49.788222372" lon="0.454264002">
        <ele>101.26</ele>
      </trkpt>
      <trkpt lat="49.788094624" lon="0.454077278">
        <ele>101.37</ele>
      </trkpt>
      <trkpt lat="49.787935729" lon="0.453851476">
        <ele>101.52</ele>
      </trkpt>
      <trkpt lat="49.787804906" lon="0.453698168">
        <ele>101.71</ele>
      </trkpt>
      <trkpt lat="49.787638951" lon="0.4535961">
        <ele>101.74</ele>
      </trkpt>
      <trkpt lat="49.787454524" lon="0.453461424">
        <ele>102.11</ele>
      </trkpt>
      <trkpt lat="49.787388879" lon="0.453398651">
        <ele>102.21</ele>
      </trkpt>
      <trkpt lat="49.787295989" lon="0.453326003">
        <ele>102.12</ele>
      </trkpt>
      <trkpt lat="49.787192146" lon="0.453147575">
        <ele>102.43</ele>
      </trkpt>
      <trkpt lat="49.78710875" lon="0.452968087">
        <ele>102.66</ele>
      </trkpt>
      <trkpt lat="49.787048738" lon="0.452835179">
        <ele>102.83</ele>
      </trkpt>
      <trkpt lat="49.786987689" lon="0.452654534">
        <ele>103.09</ele>
      </trkpt>
      <trkpt lat="49.786934633" lon="0.452403628">
        <ele>103.51</ele>
      </trkpt>
      <trkpt lat="49.78687864" lon="0.452127141">
        <ele>103.72</ele>
      </trkpt>
      <trkpt lat="49.78681012" lon="0.451821893">
        <ele>103.87</ele>
      </trkpt>
    </trkseg>
  </trk>
</gpx>
