<?xml version="1.0" encoding="UTF-8"?>
<gpx creator="Loopi" version="1.1" schemaLocation="http://www.topografix.com/GPX/1/1 http://www.topografix.com/GPX/1/1/gpx.xsd http://www.garmin.com/xmlschemas/GpxExtensions/v3 http://www.garmin.com/xmlschemas/GpxExtensionsv3.xsd http://www.garmin.com/xmlschemas/TrackPointExtension/v1 http://www.garmin.com/xmlschemas/TrackPointExtensionv1.xsd http://www.garmin.com/xmlschemas/PowerExtension/v1 http://www.garmin.com/xmlschemas/PowerExtensionv1.xsd http://www.topografix.com/GPX/gpx_style/0/2 http://www.topografix.com/GPX/gpx_style/0/2/gpx_style.xsd" xmlns="http://www.topografix.com/GPX/1/1" xmlns:xsi="http://www.w3.org/2001/XMLSchema-instance" xsi:schemaLocation="http://www.topografix.com/GPX/1/1 http://www.topografix.com/GPX/1/1/gpx.xsd http://www.garmin.com/xmlschemas/GpxExtensions/v3 http://www.garmin.com/xmlschemas/GpxExtensionsv3.xsd http://www.garmin.com/xmlschemas/TrackPointExtension/v1 http://www.garmin.com/xmlschemas/TrackPointExtensionv1.xsd http://www.garmin.com/xmlschemas/PowerExtension/v1 http://www.garmin.com/xmlschemas/PowerExtensionv1.xsd http://www.topografix.com/GPX/gpx_style/0/2 http://www.topografix.com/GPX/gpx_style/0/2/gpx_style.xsd" xmlns:gpxtpx="http://www.garmin.com/xmlschemas/TrackPointExtension/v1" xmlns:gpxx="http://www.garmin.com/xmlschemas/GpxExtensions/v3" xmlns:gpxpx="http://www.garmin.com/xmlschemas/PowerExtension/v1" xmlns:gpx_style="http://www.topografix.com/GPX/gpx_style/0/2">
  <metadata>
    <name>Step27</name>
    <author>
      <name>gpx.studio</name>
      <link href="https://gpx.studio"/>
    </author>
  </metadata>
  <trk>
    <name>Step27</name>
    <trkseg>
      <trkpt lat="48.842191" lon="-0.887712">
        <ele>157.25</ele>
      </trkpt>
      <trkpt lat="48.84222" lon="-0.887693">
        <ele>156</ele>
        <extensions>
          <gpxtpx:TrackPointExtension>
            <gpxtpx:Extensions>
              <highway>service</highway>
              <surface>asphalt</surface>
            </gpxtpx:Extensions>
          </gpxtpx:TrackPointExtension>
        </extensions>
      </trkpt>
      <trkpt lat="48.842529" lon="-0.887554">
        <ele>154.25</ele>
        <extensions>
          <gpxtpx:TrackPointExtension>
            <gpxtpx:Extensions>
              <highway>service</highway>
              <surface>asphalt</surface>
            </gpxtpx:Extensions>
          </gpxtpx:TrackPointExtension>
        </extensions>
      </trkpt>
      <trkpt lat="48.84263" lon="-0.887567">
        <ele>153.25</ele>
        <extensions>
          <gpxtpx:TrackPointExtension>
            <gpxtpx:Extensions>
              <highway>service</highway>
              <surface>asphalt</surface>
            </gpxtpx:Extensions>
          </gpxtpx:TrackPointExtension>
        </extensions>
      </trkpt>
      <trkpt lat="48.842848" lon="-0.887468">
        <ele>151.75</ele>
        <extensions>
          <gpxtpx:TrackPointExtension>
            <gpxtpx:Extensions>
              <highway>service</highway>
              <surface>asphalt</surface>
            </gpxtpx:Extensions>
          </gpxtpx:TrackPointExtension>
        </extensions>
      </trkpt>
      <trkpt lat="48.842901" lon="-0.887444">
        <ele>151.25</ele>
        <extensions>
          <gpxtpx:TrackPointExtension>
            <gpxtpx:Extensions>
              <highway>service</highway>
              <surface>asphalt</surface>
            </gpxtpx:Extensions>
          </gpxtpx:TrackPointExtension>
        </extensions>
      </trkpt>
      <trkpt lat="48.84275" lon="-0.886732">
        <ele>156.5</ele>
        <extensions>
          <gpxtpx:TrackPointExtension>
            <gpxtpx:Extensions>
              <reversedirection>yes</reversedirection>
              <highway>residential</highway>
              <cycleway>shared_lane</cycleway>
            </gpxtpx:Extensions>
          </gpxtpx:TrackPointExtension>
        </extensions>
      </trkpt>
      <trkpt lat="48.842735" lon="-0.886661">
        <ele>157</ele>
        <extensions>
          <gpxtpx:TrackPointExtension>
            <gpxtpx:Extensions>
              <reversedirection>yes</reversedirection>
              <highway>residential</highway>
              <cycleway>shared_lane</cycleway>
            </gpxtpx:Extensions>
          </gpxtpx:TrackPointExtension>
        </extensions>
      </trkpt>
      <trkpt lat="48.842597" lon="-0.886749">
        <ele>157.75</ele>
        <extensions>
          <gpxtpx:TrackPointExtension>
            <gpxtpx:Extensions>
              <reversedirection>yes</reversedirection>
              <highway>tertiary</highway>
              <surface>asphalt</surface>
            </gpxtpx:Extensions>
          </gpxtpx:TrackPointExtension>
        </extensions>
      </trkpt>
      <trkpt lat="48.842267" lon="-0.886953">
        <ele>160.25</ele>
        <extensions>
          <gpxtpx:TrackPointExtension>
            <gpxtpx:Extensions>
              <reversedirection>yes</reversedirection>
              <highway>tertiary</highway>
              <surface>asphalt</surface>
            </gpxtpx:Extensions>
          </gpxtpx:TrackPointExtension>
        </extensions>
      </trkpt>
      <trkpt lat="48.842019" lon="-0.887107">
        <ele>162</ele>
        <extensions>
          <gpxtpx:TrackPointExtension>
            <gpxtpx:Extensions>
              <reversedirection>yes</reversedirection>
              <highway>tertiary</highway>
              <surface>asphalt</surface>
            </gpxtpx:Extensions>
          </gpxtpx:TrackPointExtension>
        </extensions>
      </trkpt>
      <trkpt lat="48.841714" lon="-0.887298">
        <ele>163.25</ele>
        <extensions>
          <gpxtpx:TrackPointExtension>
            <gpxtpx:Extensions>
              <reversedirection>yes</reversedirection>
              <highway>tertiary</highway>
              <surface>asphalt</surface>
            </gpxtpx:Extensions>
          </gpxtpx:TrackPointExtension>
        </extensions>
      </trkpt>
      <trkpt lat="48.8415" lon="-0.887428">
        <ele>164.5</ele>
        <extensions>
          <gpxtpx:TrackPointExtension>
            <gpxtpx:Extensions>
              <reversedirection>yes</reversedirection>
              <highway>tertiary</highway>
              <surface>asphalt</surface>
            </gpxtpx:Extensions>
          </gpxtpx:TrackPointExtension>
        </extensions>
      </trkpt>
      <trkpt lat="48.841415" lon="-0.887479">
        <ele>165</ele>
        <extensions>
          <gpxtpx:TrackPointExtension>
            <gpxtpx:Extensions>
              <reversedirection>yes</reversedirection>
              <highway>tertiary</highway>
              <surface>asphalt</surface>
            </gpxtpx:Extensions>
          </gpxtpx:TrackPointExtension>
        </extensions>
      </trkpt>
      <trkpt lat="48.841306" lon="-0.887546">
        <ele>166</ele>
        <extensions>
          <gpxtpx:TrackPointExtension>
            <gpxtpx:Extensions>
              <reversedirection>yes</reversedirection>
              <highway>tertiary</highway>
              <surface>asphalt</surface>
            </gpxtpx:Extensions>
          </gpxtpx:TrackPointExtension>
        </extensions>
      </trkpt>
      <trkpt lat="48.841086" lon="-0.887679">
        <ele>167.75</ele>
        <extensions>
          <gpxtpx:TrackPointExtension>
            <gpxtpx:Extensions>
              <reversedirection>yes</reversedirection>
              <highway>tertiary</highway>
              <surface>asphalt</surface>
            </gpxtpx:Extensions>
          </gpxtpx:TrackPointExtension>
        </extensions>
      </trkpt>
      <trkpt lat="48.840582" lon="-0.88801">
        <ele>171.25</ele>
        <extensions>
          <gpxtpx:TrackPointExtension>
            <gpxtpx:Extensions>
              <reversedirection>yes</reversedirection>
              <highway>tertiary</highway>
              <surface>asphalt</surface>
            </gpxtpx:Extensions>
          </gpxtpx:TrackPointExtension>
        </extensions>
      </trkpt>
      <trkpt lat="48.840079" lon="-0.888341">
        <ele>173.25</ele>
        <extensions>
          <gpxtpx:TrackPointExtension>
            <gpxtpx:Extensions>
              <reversedirection>yes</reversedirection>
              <highway>tertiary</highway>
              <surface>asphalt</surface>
            </gpxtpx:Extensions>
          </gpxtpx:TrackPointExtension>
        </extensions>
      </trkpt>
      <trkpt lat="48.839602" lon="-0.888634">
        <ele>175</ele>
        <extensions>
          <gpxtpx:TrackPointExtension>
            <gpxtpx:Extensions>
              <reversedirection>yes</reversedirection>
              <highway>tertiary</highway>
              <surface>asphalt</surface>
            </gpxtpx:Extensions>
          </gpxtpx:TrackPointExtension>
        </extensions>
      </trkpt>
      <trkpt lat="48.839494" lon="-0.888696">
        <ele>175.5</ele>
        <extensions>
          <gpxtpx:TrackPointExtension>
            <gpxtpx:Extensions>
              <reversedirection>yes</reversedirection>
              <highway>tertiary</highway>
              <surface>asphalt</surface>
            </gpxtpx:Extensions>
          </gpxtpx:TrackPointExtension>
        </extensions>
      </trkpt>
      <trkpt lat="48.839414" lon="-0.888745">
        <ele>175.75</ele>
        <extensions>
          <gpxtpx:TrackPointExtension>
            <gpxtpx:Extensions>
              <reversedirection>yes</reversedirection>
              <highway>tertiary</highway>
              <surface>asphalt</surface>
            </gpxtpx:Extensions>
          </gpxtpx:TrackPointExtension>
        </extensions>
      </trkpt>
      <trkpt lat="48.838974" lon="-0.889014">
        <ele>177</ele>
        <extensions>
          <gpxtpx:TrackPointExtension>
            <gpxtpx:Extensions>
              <reversedirection>yes</reversedirection>
              <highway>tertiary</highway>
              <surface>asphalt</surface>
            </gpxtpx:Extensions>
          </gpxtpx:TrackPointExtension>
        </extensions>
      </trkpt>
      <trkpt lat="48.838727" lon="-0.889172">
        <ele>177.5</ele>
        <extensions>
          <gpxtpx:TrackPointExtension>
            <gpxtpx:Extensions>
              <reversedirection>yes</reversedirection>
              <highway>tertiary</highway>
              <surface>asphalt</surface>
            </gpxtpx:Extensions>
          </gpxtpx:TrackPointExtension>
        </extensions>
      </trkpt>
      <trkpt lat="48.838637" lon="-0.88923">
        <ele>178</ele>
        <extensions>
          <gpxtpx:TrackPointExtension>
            <gpxtpx:Extensions>
              <reversedirection>yes</reversedirection>
              <highway>tertiary</highway>
              <surface>asphalt</surface>
            </gpxtpx:Extensions>
          </gpxtpx:TrackPointExtension>
        </extensions>
      </trkpt>
      <trkpt lat="48.838618" lon="-0.889182">
        <ele>178</ele>
        <extensions>
          <gpxtpx:TrackPointExtension>
            <gpxtpx:Extensions>
              <highway>primary</highway>
              <surface>asphalt</surface>
              <junction>roundabout</junction>
              <cycleway_right>no</cycleway_right>
            </gpxtpx:Extensions>
          </gpxtpx:TrackPointExtension>
        </extensions>
      </trkpt>
      <trkpt lat="48.838591" lon="-0.889142">
        <ele>178</ele>
        <extensions>
          <gpxtpx:TrackPointExtension>
            <gpxtpx:Extensions>
              <highway>primary</highway>
              <surface>asphalt</surface>
              <junction>roundabout</junction>
              <cycleway_right>no</cycleway_right>
            </gpxtpx:Extensions>
          </gpxtpx:TrackPointExtension>
        </extensions>
      </trkpt>
      <trkpt lat="48.838559" lon="-0.889114">
        <ele>178.25</ele>
        <extensions>
          <gpxtpx:TrackPointExtension>
            <gpxtpx:Extensions>
              <highway>primary</highway>
              <surface>asphalt</surface>
              <junction>roundabout</junction>
              <cycleway_right>no</cycleway_right>
            </gpxtpx:Extensions>
          </gpxtpx:TrackPointExtension>
        </extensions>
      </trkpt>
      <trkpt lat="48.838513" lon="-0.889097">
        <ele>178.5</ele>
        <extensions>
          <gpxtpx:TrackPointExtension>
            <gpxtpx:Extensions>
              <highway>primary</highway>
              <surface>asphalt</surface>
              <junction>roundabout</junction>
              <cycleway_right>no</cycleway_right>
            </gpxtpx:Extensions>
          </gpxtpx:TrackPointExtension>
        </extensions>
      </trkpt>
      <trkpt lat="48.838466" lon="-0.889102">
        <ele>178.5</ele>
        <extensions>
          <gpxtpx:TrackPointExtension>
            <gpxtpx:Extensions>
              <highway>primary</highway>
              <surface>asphalt</surface>
              <junction>roundabout</junction>
              <cycleway_right>no</cycleway_right>
            </gpxtpx:Extensions>
          </gpxtpx:TrackPointExtension>
        </extensions>
      </trkpt>
      <trkpt lat="48.838425" lon="-0.889127">
        <ele>178.75</ele>
        <extensions>
          <gpxtpx:TrackPointExtension>
            <gpxtpx:Extensions>
              <highway>primary</highway>
              <surface>asphalt</surface>
              <junction>roundabout</junction>
              <cycleway_right>no</cycleway_right>
            </gpxtpx:Extensions>
          </gpxtpx:TrackPointExtension>
        </extensions>
      </trkpt>
      <trkpt lat="48.838391" lon="-0.889169">
        <ele>178.75</ele>
        <extensions>
          <gpxtpx:TrackPointExtension>
            <gpxtpx:Extensions>
              <highway>primary</highway>
              <surface>asphalt</surface>
              <junction>roundabout</junction>
              <cycleway_right>no</cycleway_right>
            </gpxtpx:Extensions>
          </gpxtpx:TrackPointExtension>
        </extensions>
      </trkpt>
      <trkpt lat="48.838366" lon="-0.889225">
        <ele>178.75</ele>
        <extensions>
          <gpxtpx:TrackPointExtension>
            <gpxtpx:Extensions>
              <highway>primary</highway>
              <surface>asphalt</surface>
              <junction>roundabout</junction>
              <cycleway_right>no</cycleway_right>
            </gpxtpx:Extensions>
          </gpxtpx:TrackPointExtension>
        </extensions>
      </trkpt>
      <trkpt lat="48.838352" lon="-0.889289">
        <ele>179</ele>
        <extensions>
          <gpxtpx:TrackPointExtension>
            <gpxtpx:Extensions>
              <highway>primary</highway>
              <surface>asphalt</surface>
              <junction>roundabout</junction>
              <cycleway_right>no</cycleway_right>
            </gpxtpx:Extensions>
          </gpxtpx:TrackPointExtension>
        </extensions>
      </trkpt>
      <trkpt lat="48.838306" lon="-0.889274">
        <ele>178.75</ele>
        <extensions>
          <gpxtpx:TrackPointExtension>
            <gpxtpx:Extensions>
              <reversedirection>yes</reversedirection>
              <highway>primary</highway>
              <surface>asphalt</surface>
            </gpxtpx:Extensions>
          </gpxtpx:TrackPointExtension>
        </extensions>
      </trkpt>
      <trkpt lat="48.838016" lon="-0.889184">
        <ele>177</ele>
        <extensions>
          <gpxtpx:TrackPointExtension>
            <gpxtpx:Extensions>
              <reversedirection>yes</reversedirection>
              <highway>primary</highway>
              <surface>asphalt</surface>
            </gpxtpx:Extensions>
          </gpxtpx:TrackPointExtension>
        </extensions>
      </trkpt>
      <trkpt lat="48.837975" lon="-0.889172">
        <ele>176.75</ele>
        <extensions>
          <gpxtpx:TrackPointExtension>
            <gpxtpx:Extensions>
              <reversedirection>yes</reversedirection>
              <highway>primary</highway>
              <surface>asphalt</surface>
            </gpxtpx:Extensions>
          </gpxtpx:TrackPointExtension>
        </extensions>
      </trkpt>
      <trkpt lat="48.837901" lon="-0.889148">
        <ele>176.25</ele>
        <extensions>
          <gpxtpx:TrackPointExtension>
            <gpxtpx:Extensions>
              <reversedirection>yes</reversedirection>
              <highway>primary</highway>
              <surface>asphalt</surface>
            </gpxtpx:Extensions>
          </gpxtpx:TrackPointExtension>
        </extensions>
      </trkpt>
      <trkpt lat="48.837864" lon="-0.889137">
        <ele>176</ele>
        <extensions>
          <gpxtpx:TrackPointExtension>
            <gpxtpx:Extensions>
              <reversedirection>yes</reversedirection>
              <highway>primary</highway>
              <surface>asphalt</surface>
            </gpxtpx:Extensions>
          </gpxtpx:TrackPointExtension>
        </extensions>
      </trkpt>
      <trkpt lat="48.837568" lon="-0.889045">
        <ele>174.5</ele>
        <extensions>
          <gpxtpx:TrackPointExtension>
            <gpxtpx:Extensions>
              <reversedirection>yes</reversedirection>
              <highway>primary</highway>
              <surface>asphalt</surface>
            </gpxtpx:Extensions>
          </gpxtpx:TrackPointExtension>
        </extensions>
      </trkpt>
      <trkpt lat="48.83738" lon="-0.888983">
        <ele>172.75</ele>
        <extensions>
          <gpxtpx:TrackPointExtension>
            <gpxtpx:Extensions>
              <reversedirection>yes</reversedirection>
              <highway>primary</highway>
              <surface>asphalt</surface>
            </gpxtpx:Extensions>
          </gpxtpx:TrackPointExtension>
        </extensions>
      </trkpt>
      <trkpt lat="48.837261" lon="-0.888937">
        <ele>171.5</ele>
        <extensions>
          <gpxtpx:TrackPointExtension>
            <gpxtpx:Extensions>
              <reversedirection>yes</reversedirection>
              <highway>primary</highway>
              <surface>asphalt</surface>
            </gpxtpx:Extensions>
          </gpxtpx:TrackPointExtension>
        </extensions>
      </trkpt>
      <trkpt lat="48.836853" lon="-0.888676">
        <ele>167.5</ele>
        <extensions>
          <gpxtpx:TrackPointExtension>
            <gpxtpx:Extensions>
              <reversedirection>yes</reversedirection>
              <highway>primary</highway>
              <surface>asphalt</surface>
            </gpxtpx:Extensions>
          </gpxtpx:TrackPointExtension>
        </extensions>
      </trkpt>
      <trkpt lat="48.836794" lon="-0.888632">
        <ele>167</ele>
        <extensions>
          <gpxtpx:TrackPointExtension>
            <gpxtpx:Extensions>
              <reversedirection>yes</reversedirection>
              <highway>primary</highway>
              <surface>asphalt</surface>
            </gpxtpx:Extensions>
          </gpxtpx:TrackPointExtension>
        </extensions>
      </trkpt>
      <trkpt lat="48.836439" lon="-0.888321">
        <ele>164.75</ele>
        <extensions>
          <gpxtpx:TrackPointExtension>
            <gpxtpx:Extensions>
              <reversedirection>yes</reversedirection>
              <highway>primary</highway>
              <surface>asphalt</surface>
            </gpxtpx:Extensions>
          </gpxtpx:TrackPointExtension>
        </extensions>
      </trkpt>
      <trkpt lat="48.836353" lon="-0.888243">
        <ele>164.25</ele>
        <extensions>
          <gpxtpx:TrackPointExtension>
            <gpxtpx:Extensions>
              <reversedirection>yes</reversedirection>
              <highway>primary</highway>
              <surface>asphalt</surface>
            </gpxtpx:Extensions>
          </gpxtpx:TrackPointExtension>
        </extensions>
      </trkpt>
      <trkpt lat="48.836178" lon="-0.888085">
        <ele>163.25</ele>
        <extensions>
          <gpxtpx:TrackPointExtension>
            <gpxtpx:Extensions>
              <reversedirection>yes</reversedirection>
              <highway>primary</highway>
              <surface>asphalt</surface>
            </gpxtpx:Extensions>
          </gpxtpx:TrackPointExtension>
        </extensions>
      </trkpt>
      <trkpt lat="48.836136" lon="-0.888047">
        <ele>163</ele>
        <extensions>
          <gpxtpx:TrackPointExtension>
            <gpxtpx:Extensions>
              <reversedirection>yes</reversedirection>
              <highway>primary</highway>
              <surface>asphalt</surface>
            </gpxtpx:Extensions>
          </gpxtpx:TrackPointExtension>
        </extensions>
      </trkpt>
      <trkpt lat="48.836051" lon="-0.887972">
        <ele>162.5</ele>
        <extensions>
          <gpxtpx:TrackPointExtension>
            <gpxtpx:Extensions>
              <reversedirection>yes</reversedirection>
              <highway>primary</highway>
              <surface>asphalt</surface>
            </gpxtpx:Extensions>
          </gpxtpx:TrackPointExtension>
        </extensions>
      </trkpt>
      <trkpt lat="48.835688" lon="-0.887632">
        <ele>161.75</ele>
        <extensions>
          <gpxtpx:TrackPointExtension>
            <gpxtpx:Extensions>
              <reversedirection>yes</reversedirection>
              <highway>primary</highway>
              <surface>asphalt</surface>
            </gpxtpx:Extensions>
          </gpxtpx:TrackPointExtension>
        </extensions>
      </trkpt>
      <trkpt lat="48.835455" lon="-0.8874">
        <ele>163.25</ele>
        <extensions>
          <gpxtpx:TrackPointExtension>
            <gpxtpx:Extensions>
              <reversedirection>yes</reversedirection>
              <highway>primary</highway>
              <surface>asphalt</surface>
            </gpxtpx:Extensions>
          </gpxtpx:TrackPointExtension>
        </extensions>
      </trkpt>
      <trkpt lat="48.835276" lon="-0.887218">
        <ele>164.25</ele>
        <extensions>
          <gpxtpx:TrackPointExtension>
            <gpxtpx:Extensions>
              <reversedirection>yes</reversedirection>
              <highway>primary</highway>
              <surface>asphalt</surface>
            </gpxtpx:Extensions>
          </gpxtpx:TrackPointExtension>
        </extensions>
      </trkpt>
      <trkpt lat="48.835177" lon="-0.887117">
        <ele>165</ele>
        <extensions>
          <gpxtpx:TrackPointExtension>
            <gpxtpx:Extensions>
              <reversedirection>yes</reversedirection>
              <highway>primary</highway>
              <surface>asphalt</surface>
            </gpxtpx:Extensions>
          </gpxtpx:TrackPointExtension>
        </extensions>
      </trkpt>
      <trkpt lat="48.835129" lon="-0.887069">
        <ele>165.25</ele>
        <extensions>
          <gpxtpx:TrackPointExtension>
            <gpxtpx:Extensions>
              <reversedirection>yes</reversedirection>
              <highway>primary</highway>
              <surface>asphalt</surface>
            </gpxtpx:Extensions>
          </gpxtpx:TrackPointExtension>
        </extensions>
      </trkpt>
      <trkpt lat="48.835021" lon="-0.886948">
        <ele>165.75</ele>
        <extensions>
          <gpxtpx:TrackPointExtension>
            <gpxtpx:Extensions>
              <reversedirection>yes</reversedirection>
              <highway>primary</highway>
              <surface>asphalt</surface>
            </gpxtpx:Extensions>
          </gpxtpx:TrackPointExtension>
        </extensions>
      </trkpt>
      <trkpt lat="48.83497" lon="-0.886903">
        <ele>166.25</ele>
        <extensions>
          <gpxtpx:TrackPointExtension>
            <gpxtpx:Extensions>
              <reversedirection>yes</reversedirection>
              <highway>primary</highway>
              <surface>asphalt</surface>
            </gpxtpx:Extensions>
          </gpxtpx:TrackPointExtension>
        </extensions>
      </trkpt>
      <trkpt lat="48.83493" lon="-0.886878">
        <ele>166.75</ele>
        <extensions>
          <gpxtpx:TrackPointExtension>
            <gpxtpx:Extensions>
              <reversedirection>yes</reversedirection>
              <highway>primary</highway>
              <surface>asphalt</surface>
            </gpxtpx:Extensions>
          </gpxtpx:TrackPointExtension>
        </extensions>
      </trkpt>
      <trkpt lat="48.83482" lon="-0.886823">
        <ele>168.25</ele>
        <extensions>
          <gpxtpx:TrackPointExtension>
            <gpxtpx:Extensions>
              <reversedirection>yes</reversedirection>
              <highway>primary</highway>
              <surface>asphalt</surface>
            </gpxtpx:Extensions>
          </gpxtpx:TrackPointExtension>
        </extensions>
      </trkpt>
      <trkpt lat="48.834187" lon="-0.886513">
        <ele>174.25</ele>
        <extensions>
          <gpxtpx:TrackPointExtension>
            <gpxtpx:Extensions>
              <reversedirection>yes</reversedirection>
              <highway>primary</highway>
              <surface>asphalt</surface>
            </gpxtpx:Extensions>
          </gpxtpx:TrackPointExtension>
        </extensions>
      </trkpt>
      <trkpt lat="48.834043" lon="-0.886447">
        <ele>175</ele>
        <extensions>
          <gpxtpx:TrackPointExtension>
            <gpxtpx:Extensions>
              <reversedirection>yes</reversedirection>
              <highway>primary</highway>
              <surface>asphalt</surface>
            </gpxtpx:Extensions>
          </gpxtpx:TrackPointExtension>
        </extensions>
      </trkpt>
      <trkpt lat="48.833902" lon="-0.886381">
        <ele>175.75</ele>
        <extensions>
          <gpxtpx:TrackPointExtension>
            <gpxtpx:Extensions>
              <reversedirection>yes</reversedirection>
              <highway>primary</highway>
              <surface>asphalt</surface>
            </gpxtpx:Extensions>
          </gpxtpx:TrackPointExtension>
        </extensions>
      </trkpt>
      <trkpt lat="48.833618" lon="-0.886252">
        <ele>176.75</ele>
        <extensions>
          <gpxtpx:TrackPointExtension>
            <gpxtpx:Extensions>
              <reversedirection>yes</reversedirection>
              <highway>primary</highway>
              <surface>asphalt</surface>
            </gpxtpx:Extensions>
          </gpxtpx:TrackPointExtension>
        </extensions>
      </trkpt>
      <trkpt lat="48.833204" lon="-0.886043">
        <ele>177.75</ele>
        <extensions>
          <gpxtpx:TrackPointExtension>
            <gpxtpx:Extensions>
              <reversedirection>yes</reversedirection>
              <highway>primary</highway>
              <surface>asphalt</surface>
            </gpxtpx:Extensions>
          </gpxtpx:TrackPointExtension>
        </extensions>
      </trkpt>
      <trkpt lat="48.832928" lon="-0.885904">
        <ele>178.25</ele>
        <extensions>
          <gpxtpx:TrackPointExtension>
            <gpxtpx:Extensions>
              <reversedirection>yes</reversedirection>
              <highway>primary</highway>
              <surface>asphalt</surface>
            </gpxtpx:Extensions>
          </gpxtpx:TrackPointExtension>
        </extensions>
      </trkpt>
      <trkpt lat="48.832653" lon="-0.885765">
        <ele>179.5</ele>
        <extensions>
          <gpxtpx:TrackPointExtension>
            <gpxtpx:Extensions>
              <reversedirection>yes</reversedirection>
              <highway>primary</highway>
              <surface>asphalt</surface>
            </gpxtpx:Extensions>
          </gpxtpx:TrackPointExtension>
        </extensions>
      </trkpt>
      <trkpt lat="48.831979" lon="-0.885437">
        <ele>184.75</ele>
        <extensions>
          <gpxtpx:TrackPointExtension>
            <gpxtpx:Extensions>
              <reversedirection>yes</reversedirection>
              <highway>primary</highway>
              <surface>asphalt</surface>
            </gpxtpx:Extensions>
          </gpxtpx:TrackPointExtension>
        </extensions>
      </trkpt>
      <trkpt lat="48.83179" lon="-0.88538">
        <ele>186</ele>
        <extensions>
          <gpxtpx:TrackPointExtension>
            <gpxtpx:Extensions>
              <reversedirection>yes</reversedirection>
              <highway>primary</highway>
              <surface>asphalt</surface>
            </gpxtpx:Extensions>
          </gpxtpx:TrackPointExtension>
        </extensions>
      </trkpt>
      <trkpt lat="48.831647" lon="-0.885348">
        <ele>187</ele>
        <extensions>
          <gpxtpx:TrackPointExtension>
            <gpxtpx:Extensions>
              <reversedirection>yes</reversedirection>
              <highway>primary</highway>
              <surface>asphalt</surface>
            </gpxtpx:Extensions>
          </gpxtpx:TrackPointExtension>
        </extensions>
      </trkpt>
      <trkpt lat="48.831429" lon="-0.885345">
        <ele>188</ele>
        <extensions>
          <gpxtpx:TrackPointExtension>
            <gpxtpx:Extensions>
              <reversedirection>yes</reversedirection>
              <highway>primary</highway>
              <surface>asphalt</surface>
            </gpxtpx:Extensions>
          </gpxtpx:TrackPointExtension>
        </extensions>
      </trkpt>
      <trkpt lat="48.83062" lon="-0.885495">
        <ele>192.25</ele>
        <extensions>
          <gpxtpx:TrackPointExtension>
            <gpxtpx:Extensions>
              <reversedirection>yes</reversedirection>
              <highway>primary</highway>
            </gpxtpx:Extensions>
          </gpxtpx:TrackPointExtension>
        </extensions>
      </trkpt>
      <trkpt lat="48.830489" lon="-0.885539">
        <ele>193</ele>
        <extensions>
          <gpxtpx:TrackPointExtension>
            <gpxtpx:Extensions>
              <reversedirection>yes</reversedirection>
              <highway>primary</highway>
            </gpxtpx:Extensions>
          </gpxtpx:TrackPointExtension>
        </extensions>
      </trkpt>
      <trkpt lat="48.830373" lon="-0.885589">
        <ele>193.75</ele>
        <extensions>
          <gpxtpx:TrackPointExtension>
            <gpxtpx:Extensions>
              <reversedirection>yes</reversedirection>
              <highway>primary</highway>
            </gpxtpx:Extensions>
          </gpxtpx:TrackPointExtension>
        </extensions>
      </trkpt>
      <trkpt lat="48.830175" lon="-0.885718">
        <ele>195</ele>
        <extensions>
          <gpxtpx:TrackPointExtension>
            <gpxtpx:Extensions>
              <reversedirection>yes</reversedirection>
              <highway>primary</highway>
            </gpxtpx:Extensions>
          </gpxtpx:TrackPointExtension>
        </extensions>
      </trkpt>
      <trkpt lat="48.83003" lon="-0.88584">
        <ele>196</ele>
        <extensions>
          <gpxtpx:TrackPointExtension>
            <gpxtpx:Extensions>
              <reversedirection>yes</reversedirection>
              <highway>primary</highway>
            </gpxtpx:Extensions>
          </gpxtpx:TrackPointExtension>
        </extensions>
      </trkpt>
      <trkpt lat="48.829882" lon="-0.885999">
        <ele>197.25</ele>
        <extensions>
          <gpxtpx:TrackPointExtension>
            <gpxtpx:Extensions>
              <reversedirection>yes</reversedirection>
              <highway>primary</highway>
            </gpxtpx:Extensions>
          </gpxtpx:TrackPointExtension>
        </extensions>
      </trkpt>
      <trkpt lat="48.829516" lon="-0.886439">
        <ele>200</ele>
        <extensions>
          <gpxtpx:TrackPointExtension>
            <gpxtpx:Extensions>
              <reversedirection>yes</reversedirection>
              <highway>primary</highway>
            </gpxtpx:Extensions>
          </gpxtpx:TrackPointExtension>
        </extensions>
      </trkpt>
      <trkpt lat="48.829213" lon="-0.886836">
        <ele>200.5</ele>
        <extensions>
          <gpxtpx:TrackPointExtension>
            <gpxtpx:Extensions>
              <reversedirection>yes</reversedirection>
              <highway>primary</highway>
            </gpxtpx:Extensions>
          </gpxtpx:TrackPointExtension>
        </extensions>
      </trkpt>
      <trkpt lat="48.82908" lon="-0.886997">
        <ele>200.5</ele>
        <extensions>
          <gpxtpx:TrackPointExtension>
            <gpxtpx:Extensions>
              <reversedirection>yes</reversedirection>
              <highway>primary</highway>
            </gpxtpx:Extensions>
          </gpxtpx:TrackPointExtension>
        </extensions>
      </trkpt>
      <trkpt lat="48.828724" lon="-0.887423">
        <ele>200.75</ele>
        <extensions>
          <gpxtpx:TrackPointExtension>
            <gpxtpx:Extensions>
              <reversedirection>yes</reversedirection>
              <highway>primary</highway>
            </gpxtpx:Extensions>
          </gpxtpx:TrackPointExtension>
        </extensions>
      </trkpt>
      <trkpt lat="48.828405" lon="-0.887667">
        <ele>199.75</ele>
        <extensions>
          <gpxtpx:TrackPointExtension>
            <gpxtpx:Extensions>
              <highway>primary</highway>
              <oneway>yes</oneway>
            </gpxtpx:Extensions>
          </gpxtpx:TrackPointExtension>
        </extensions>
      </trkpt>
      <trkpt lat="48.828298" lon="-0.887755">
        <ele>199.5</ele>
        <extensions>
          <gpxtpx:TrackPointExtension>
            <gpxtpx:Extensions>
              <highway>primary</highway>
              <oneway>yes</oneway>
            </gpxtpx:Extensions>
          </gpxtpx:TrackPointExtension>
        </extensions>
      </trkpt>
      <trkpt lat="48.828198" lon="-0.887823">
        <ele>199.5</ele>
        <extensions>
          <gpxtpx:TrackPointExtension>
            <gpxtpx:Extensions>
              <highway>primary</highway>
              <oneway>yes</oneway>
            </gpxtpx:Extensions>
          </gpxtpx:TrackPointExtension>
        </extensions>
      </trkpt>
      <trkpt lat="48.827691" lon="-0.888178">
        <ele>199.75</ele>
        <extensions>
          <gpxtpx:TrackPointExtension>
            <gpxtpx:Extensions>
              <highway>primary</highway>
              <oneway>yes</oneway>
            </gpxtpx:Extensions>
          </gpxtpx:TrackPointExtension>
        </extensions>
      </trkpt>
      <trkpt lat="48.827511" lon="-0.888287">
        <ele>199.75</ele>
        <extensions>
          <gpxtpx:TrackPointExtension>
            <gpxtpx:Extensions>
              <highway>primary</highway>
              <oneway>yes</oneway>
            </gpxtpx:Extensions>
          </gpxtpx:TrackPointExtension>
        </extensions>
      </trkpt>
      <trkpt lat="48.827366" lon="-0.888368">
        <ele>200</ele>
        <extensions>
          <gpxtpx:TrackPointExtension>
            <gpxtpx:Extensions>
              <highway>primary</highway>
              <oneway>yes</oneway>
            </gpxtpx:Extensions>
          </gpxtpx:TrackPointExtension>
        </extensions>
      </trkpt>
      <trkpt lat="48.827093" lon="-0.888494">
        <ele>200.5</ele>
        <extensions>
          <gpxtpx:TrackPointExtension>
            <gpxtpx:Extensions>
              <highway>primary</highway>
              <oneway>yes</oneway>
            </gpxtpx:Extensions>
          </gpxtpx:TrackPointExtension>
        </extensions>
      </trkpt>
      <trkpt lat="48.826808" lon="-0.888598">
        <ele>201</ele>
        <extensions>
          <gpxtpx:TrackPointExtension>
            <gpxtpx:Extensions>
              <highway>primary</highway>
              <oneway>yes</oneway>
            </gpxtpx:Extensions>
          </gpxtpx:TrackPointExtension>
        </extensions>
      </trkpt>
      <trkpt lat="48.826705" lon="-0.88862">
        <ele>201.25</ele>
        <extensions>
          <gpxtpx:TrackPointExtension>
            <gpxtpx:Extensions>
              <highway>primary</highway>
              <oneway>yes</oneway>
            </gpxtpx:Extensions>
          </gpxtpx:TrackPointExtension>
        </extensions>
      </trkpt>
      <trkpt lat="48.826513" lon="-0.888642">
        <ele>201.75</ele>
        <extensions>
          <gpxtpx:TrackPointExtension>
            <gpxtpx:Extensions>
              <highway>primary</highway>
              <oneway>yes</oneway>
            </gpxtpx:Extensions>
          </gpxtpx:TrackPointExtension>
        </extensions>
      </trkpt>
      <trkpt lat="48.82587" lon="-0.88863">
        <ele>204</ele>
        <extensions>
          <gpxtpx:TrackPointExtension>
            <gpxtpx:Extensions>
              <highway>primary</highway>
              <oneway>yes</oneway>
            </gpxtpx:Extensions>
          </gpxtpx:TrackPointExtension>
        </extensions>
      </trkpt>
      <trkpt lat="48.825354" lon="-0.888655">
        <ele>206</ele>
        <extensions>
          <gpxtpx:TrackPointExtension>
            <gpxtpx:Extensions>
              <highway>primary</highway>
              <oneway>yes</oneway>
            </gpxtpx:Extensions>
          </gpxtpx:TrackPointExtension>
        </extensions>
      </trkpt>
      <trkpt lat="48.824162" lon="-0.888617">
        <ele>211.5</ele>
        <extensions>
          <gpxtpx:TrackPointExtension>
            <gpxtpx:Extensions>
              <reversedirection>yes</reversedirection>
              <highway>primary</highway>
            </gpxtpx:Extensions>
          </gpxtpx:TrackPointExtension>
        </extensions>
      </trkpt>
      <trkpt lat="48.824076" lon="-0.888615">
        <ele>211.75</ele>
        <extensions>
          <gpxtpx:TrackPointExtension>
            <gpxtpx:Extensions>
              <reversedirection>yes</reversedirection>
              <highway>primary</highway>
            </gpxtpx:Extensions>
          </gpxtpx:TrackPointExtension>
        </extensions>
      </trkpt>
      <trkpt lat="48.824042" lon="-0.888613">
        <ele>212</ele>
        <extensions>
          <gpxtpx:TrackPointExtension>
            <gpxtpx:Extensions>
              <reversedirection>yes</reversedirection>
              <highway>primary</highway>
            </gpxtpx:Extensions>
          </gpxtpx:TrackPointExtension>
        </extensions>
      </trkpt>
      <trkpt lat="48.823585" lon="-0.888596">
        <ele>213.25</ele>
        <extensions>
          <gpxtpx:TrackPointExtension>
            <gpxtpx:Extensions>
              <reversedirection>yes</reversedirection>
              <highway>primary</highway>
            </gpxtpx:Extensions>
          </gpxtpx:TrackPointExtension>
        </extensions>
      </trkpt>
      <trkpt lat="48.823489" lon="-0.888592">
        <ele>213.5</ele>
        <extensions>
          <gpxtpx:TrackPointExtension>
            <gpxtpx:Extensions>
              <reversedirection>yes</reversedirection>
              <highway>primary</highway>
            </gpxtpx:Extensions>
          </gpxtpx:TrackPointExtension>
        </extensions>
      </trkpt>
      <trkpt lat="48.822863" lon="-0.888558">
        <ele>214</ele>
        <extensions>
          <gpxtpx:TrackPointExtension>
            <gpxtpx:Extensions>
              <reversedirection>yes</reversedirection>
              <highway>primary</highway>
            </gpxtpx:Extensions>
          </gpxtpx:TrackPointExtension>
        </extensions>
      </trkpt>
      <trkpt lat="48.822747" lon="-0.888554">
        <ele>214</ele>
        <extensions>
          <gpxtpx:TrackPointExtension>
            <gpxtpx:Extensions>
              <reversedirection>yes</reversedirection>
              <highway>primary</highway>
            </gpxtpx:Extensions>
          </gpxtpx:TrackPointExtension>
        </extensions>
      </trkpt>
      <trkpt lat="48.822694" lon="-0.888549">
        <ele>214</ele>
        <extensions>
          <gpxtpx:TrackPointExtension>
            <gpxtpx:Extensions>
              <reversedirection>yes</reversedirection>
              <highway>primary</highway>
            </gpxtpx:Extensions>
          </gpxtpx:TrackPointExtension>
        </extensions>
      </trkpt>
      <trkpt lat="48.822073" lon="-0.888533">
        <ele>212.75</ele>
        <extensions>
          <gpxtpx:TrackPointExtension>
            <gpxtpx:Extensions>
              <reversedirection>yes</reversedirection>
              <highway>primary</highway>
            </gpxtpx:Extensions>
          </gpxtpx:TrackPointExtension>
        </extensions>
      </trkpt>
      <trkpt lat="48.821387" lon="-0.888546">
        <ele>210.5</ele>
        <extensions>
          <gpxtpx:TrackPointExtension>
            <gpxtpx:Extensions>
              <reversedirection>yes</reversedirection>
              <highway>primary</highway>
            </gpxtpx:Extensions>
          </gpxtpx:TrackPointExtension>
        </extensions>
      </trkpt>
      <trkpt lat="48.819285" lon="-0.888598">
        <ele>203</ele>
        <extensions>
          <gpxtpx:TrackPointExtension>
            <gpxtpx:Extensions>
              <reversedirection>yes</reversedirection>
              <highway>primary</highway>
            </gpxtpx:Extensions>
          </gpxtpx:TrackPointExtension>
        </extensions>
      </trkpt>
      <trkpt lat="48.818463" lon="-0.888619">
        <ele>201.75</ele>
        <extensions>
          <gpxtpx:TrackPointExtension>
            <gpxtpx:Extensions>
              <reversedirection>yes</reversedirection>
              <highway>primary</highway>
            </gpxtpx:Extensions>
          </gpxtpx:TrackPointExtension>
        </extensions>
      </trkpt>
      <trkpt lat="48.816921" lon="-0.888658">
        <ele>199</ele>
        <extensions>
          <gpxtpx:TrackPointExtension>
            <gpxtpx:Extensions>
              <reversedirection>yes</reversedirection>
              <highway>primary</highway>
            </gpxtpx:Extensions>
          </gpxtpx:TrackPointExtension>
        </extensions>
      </trkpt>
      <trkpt lat="48.816661" lon="-0.888664">
        <ele>198.75</ele>
        <extensions>
          <gpxtpx:TrackPointExtension>
            <gpxtpx:Extensions>
              <reversedirection>yes</reversedirection>
              <highway>primary</highway>
            </gpxtpx:Extensions>
          </gpxtpx:TrackPointExtension>
        </extensions>
      </trkpt>
      <trkpt lat="48.815568" lon="-0.888699">
        <ele>198</ele>
        <extensions>
          <gpxtpx:TrackPointExtension>
            <gpxtpx:Extensions>
              <reversedirection>yes</reversedirection>
              <highway>primary</highway>
            </gpxtpx:Extensions>
          </gpxtpx:TrackPointExtension>
        </extensions>
      </trkpt>
      <trkpt lat="48.815497" lon="-0.888701">
        <ele>198</ele>
        <extensions>
          <gpxtpx:TrackPointExtension>
            <gpxtpx:Extensions>
              <reversedirection>yes</reversedirection>
              <highway>primary</highway>
            </gpxtpx:Extensions>
          </gpxtpx:TrackPointExtension>
        </extensions>
      </trkpt>
      <trkpt lat="48.81549" lon="-0.888635">
        <ele>198.25</ele>
        <extensions>
          <gpxtpx:TrackPointExtension>
            <gpxtpx:Extensions>
              <reversedirection>yes</reversedirection>
              <highway>tertiary</highway>
            </gpxtpx:Extensions>
          </gpxtpx:TrackPointExtension>
        </extensions>
      </trkpt>
      <trkpt lat="48.815417" lon="-0.888528">
        <ele>198.75</ele>
        <extensions>
          <gpxtpx:TrackPointExtension>
            <gpxtpx:Extensions>
              <reversedirection>yes</reversedirection>
              <highway>tertiary</highway>
            </gpxtpx:Extensions>
          </gpxtpx:TrackPointExtension>
        </extensions>
      </trkpt>
      <trkpt lat="48.814506" lon="-0.887994">
        <ele>199</ele>
        <extensions>
          <gpxtpx:TrackPointExtension>
            <gpxtpx:Extensions>
              <reversedirection>yes</reversedirection>
              <highway>tertiary</highway>
            </gpxtpx:Extensions>
          </gpxtpx:TrackPointExtension>
        </extensions>
      </trkpt>
      <trkpt lat="48.814329" lon="-0.887817">
        <ele>199.25</ele>
        <extensions>
          <gpxtpx:TrackPointExtension>
            <gpxtpx:Extensions>
              <reversedirection>yes</reversedirection>
              <highway>tertiary</highway>
            </gpxtpx:Extensions>
          </gpxtpx:TrackPointExtension>
        </extensions>
      </trkpt>
      <trkpt lat="48.813423" lon="-0.886723">
        <ele>206</ele>
        <extensions>
          <gpxtpx:TrackPointExtension>
            <gpxtpx:Extensions>
              <reversedirection>yes</reversedirection>
              <highway>tertiary</highway>
            </gpxtpx:Extensions>
          </gpxtpx:TrackPointExtension>
        </extensions>
      </trkpt>
      <trkpt lat="48.813149" lon="-0.886427">
        <ele>209.25</ele>
        <extensions>
          <gpxtpx:TrackPointExtension>
            <gpxtpx:Extensions>
              <reversedirection>yes</reversedirection>
              <highway>tertiary</highway>
            </gpxtpx:Extensions>
          </gpxtpx:TrackPointExtension>
        </extensions>
      </trkpt>
      <trkpt lat="48.812781" lon="-0.886105">
        <ele>213</ele>
        <extensions>
          <gpxtpx:TrackPointExtension>
            <gpxtpx:Extensions>
              <reversedirection>yes</reversedirection>
              <highway>tertiary</highway>
            </gpxtpx:Extensions>
          </gpxtpx:TrackPointExtension>
        </extensions>
      </trkpt>
      <trkpt lat="48.812483" lon="-0.885906">
        <ele>216</ele>
        <extensions>
          <gpxtpx:TrackPointExtension>
            <gpxtpx:Extensions>
              <reversedirection>yes</reversedirection>
              <highway>tertiary</highway>
            </gpxtpx:Extensions>
          </gpxtpx:TrackPointExtension>
        </extensions>
      </trkpt>
      <trkpt lat="48.812173" lon="-0.885739">
        <ele>219.25</ele>
        <extensions>
          <gpxtpx:TrackPointExtension>
            <gpxtpx:Extensions>
              <reversedirection>yes</reversedirection>
              <highway>tertiary</highway>
            </gpxtpx:Extensions>
          </gpxtpx:TrackPointExtension>
        </extensions>
      </trkpt>
      <trkpt lat="48.811776" lon="-0.885578">
        <ele>223.75</ele>
        <extensions>
          <gpxtpx:TrackPointExtension>
            <gpxtpx:Extensions>
              <reversedirection>yes</reversedirection>
              <highway>tertiary</highway>
            </gpxtpx:Extensions>
          </gpxtpx:TrackPointExtension>
        </extensions>
      </trkpt>
      <trkpt lat="48.811197" lon="-0.885405">
        <ele>227</ele>
        <extensions>
          <gpxtpx:TrackPointExtension>
            <gpxtpx:Extensions>
              <reversedirection>yes</reversedirection>
              <highway>tertiary</highway>
            </gpxtpx:Extensions>
          </gpxtpx:TrackPointExtension>
        </extensions>
      </trkpt>
      <trkpt lat="48.810966" lon="-0.885291">
        <ele>228</ele>
        <extensions>
          <gpxtpx:TrackPointExtension>
            <gpxtpx:Extensions>
              <reversedirection>yes</reversedirection>
              <highway>tertiary</highway>
            </gpxtpx:Extensions>
          </gpxtpx:TrackPointExtension>
        </extensions>
      </trkpt>
      <trkpt lat="48.810785" lon="-0.885147">
        <ele>228.5</ele>
        <extensions>
          <gpxtpx:TrackPointExtension>
            <gpxtpx:Extensions>
              <reversedirection>yes</reversedirection>
              <highway>tertiary</highway>
            </gpxtpx:Extensions>
          </gpxtpx:TrackPointExtension>
        </extensions>
      </trkpt>
      <trkpt lat="48.809499" lon="-0.883983">
        <ele>229.75</ele>
        <extensions>
          <gpxtpx:TrackPointExtension>
            <gpxtpx:Extensions>
              <reversedirection>yes</reversedirection>
              <highway>tertiary</highway>
            </gpxtpx:Extensions>
          </gpxtpx:TrackPointExtension>
        </extensions>
      </trkpt>
      <trkpt lat="48.809295" lon="-0.88386">
        <ele>229.75</ele>
        <extensions>
          <gpxtpx:TrackPointExtension>
            <gpxtpx:Extensions>
              <reversedirection>yes</reversedirection>
              <highway>tertiary</highway>
            </gpxtpx:Extensions>
          </gpxtpx:TrackPointExtension>
        </extensions>
      </trkpt>
      <trkpt lat="48.808573" lon="-0.883554">
        <ele>228.75</ele>
        <extensions>
          <gpxtpx:TrackPointExtension>
            <gpxtpx:Extensions>
              <reversedirection>yes</reversedirection>
              <highway>tertiary</highway>
            </gpxtpx:Extensions>
          </gpxtpx:TrackPointExtension>
        </extensions>
      </trkpt>
      <trkpt lat="48.808226" lon="-0.883392">
        <ele>228.75</ele>
        <extensions>
          <gpxtpx:TrackPointExtension>
            <gpxtpx:Extensions>
              <reversedirection>yes</reversedirection>
              <highway>tertiary</highway>
            </gpxtpx:Extensions>
          </gpxtpx:TrackPointExtension>
        </extensions>
      </trkpt>
      <trkpt lat="48.807831" lon="-0.883196">
        <ele>229.25</ele>
        <extensions>
          <gpxtpx:TrackPointExtension>
            <gpxtpx:Extensions>
              <reversedirection>yes</reversedirection>
              <highway>tertiary</highway>
            </gpxtpx:Extensions>
          </gpxtpx:TrackPointExtension>
        </extensions>
      </trkpt>
      <trkpt lat="48.807663" lon="-0.883157">
        <ele>229.5</ele>
        <extensions>
          <gpxtpx:TrackPointExtension>
            <gpxtpx:Extensions>
              <reversedirection>yes</reversedirection>
              <highway>tertiary</highway>
            </gpxtpx:Extensions>
          </gpxtpx:TrackPointExtension>
        </extensions>
      </trkpt>
      <trkpt lat="48.807325" lon="-0.8832">
        <ele>229.5</ele>
        <extensions>
          <gpxtpx:TrackPointExtension>
            <gpxtpx:Extensions>
              <reversedirection>yes</reversedirection>
              <highway>tertiary</highway>
            </gpxtpx:Extensions>
          </gpxtpx:TrackPointExtension>
        </extensions>
      </trkpt>
      <trkpt lat="48.807136" lon="-0.883211">
        <ele>229</ele>
        <extensions>
          <gpxtpx:TrackPointExtension>
            <gpxtpx:Extensions>
              <reversedirection>yes</reversedirection>
              <highway>tertiary</highway>
            </gpxtpx:Extensions>
          </gpxtpx:TrackPointExtension>
        </extensions>
      </trkpt>
      <trkpt lat="48.806933" lon="-0.883151">
        <ele>228.75</ele>
        <extensions>
          <gpxtpx:TrackPointExtension>
            <gpxtpx:Extensions>
              <reversedirection>yes</reversedirection>
              <highway>tertiary</highway>
            </gpxtpx:Extensions>
          </gpxtpx:TrackPointExtension>
        </extensions>
      </trkpt>
      <trkpt lat="48.806727" lon="-0.882994">
        <ele>228.75</ele>
        <extensions>
          <gpxtpx:TrackPointExtension>
            <gpxtpx:Extensions>
              <reversedirection>yes</reversedirection>
              <highway>tertiary</highway>
            </gpxtpx:Extensions>
          </gpxtpx:TrackPointExtension>
        </extensions>
      </trkpt>
      <trkpt lat="48.80649" lon="-0.882767">
        <ele>229.25</ele>
        <extensions>
          <gpxtpx:TrackPointExtension>
            <gpxtpx:Extensions>
              <reversedirection>yes</reversedirection>
              <highway>tertiary</highway>
            </gpxtpx:Extensions>
          </gpxtpx:TrackPointExtension>
        </extensions>
      </trkpt>
      <trkpt lat="48.806188" lon="-0.882423">
        <ele>230.5</ele>
        <extensions>
          <gpxtpx:TrackPointExtension>
            <gpxtpx:Extensions>
              <reversedirection>yes</reversedirection>
              <highway>tertiary</highway>
            </gpxtpx:Extensions>
          </gpxtpx:TrackPointExtension>
        </extensions>
      </trkpt>
      <trkpt lat="48.805941" lon="-0.882025">
        <ele>231.75</ele>
        <extensions>
          <gpxtpx:TrackPointExtension>
            <gpxtpx:Extensions>
              <reversedirection>yes</reversedirection>
              <highway>tertiary</highway>
            </gpxtpx:Extensions>
          </gpxtpx:TrackPointExtension>
        </extensions>
      </trkpt>
      <trkpt lat="48.805575" lon="-0.8814">
        <ele>233</ele>
        <extensions>
          <gpxtpx:TrackPointExtension>
            <gpxtpx:Extensions>
              <reversedirection>yes</reversedirection>
              <highway>tertiary</highway>
            </gpxtpx:Extensions>
          </gpxtpx:TrackPointExtension>
        </extensions>
      </trkpt>
      <trkpt lat="48.805407" lon="-0.881206">
        <ele>233.25</ele>
        <extensions>
          <gpxtpx:TrackPointExtension>
            <gpxtpx:Extensions>
              <reversedirection>yes</reversedirection>
              <highway>tertiary</highway>
            </gpxtpx:Extensions>
          </gpxtpx:TrackPointExtension>
        </extensions>
      </trkpt>
      <trkpt lat="48.80521" lon="-0.881049">
        <ele>233.5</ele>
        <extensions>
          <gpxtpx:TrackPointExtension>
            <gpxtpx:Extensions>
              <reversedirection>yes</reversedirection>
              <highway>tertiary</highway>
            </gpxtpx:Extensions>
          </gpxtpx:TrackPointExtension>
        </extensions>
      </trkpt>
      <trkpt lat="48.80482" lon="-0.880778">
        <ele>232.5</ele>
        <extensions>
          <gpxtpx:TrackPointExtension>
            <gpxtpx:Extensions>
              <reversedirection>yes</reversedirection>
              <highway>tertiary</highway>
            </gpxtpx:Extensions>
          </gpxtpx:TrackPointExtension>
        </extensions>
      </trkpt>
      <trkpt lat="48.804498" lon="-0.880402">
        <ele>230</ele>
        <extensions>
          <gpxtpx:TrackPointExtension>
            <gpxtpx:Extensions>
              <reversedirection>yes</reversedirection>
              <highway>tertiary</highway>
            </gpxtpx:Extensions>
          </gpxtpx:TrackPointExtension>
        </extensions>
      </trkpt>
      <trkpt lat="48.804179" lon="-0.880252">
        <ele>228</ele>
        <extensions>
          <gpxtpx:TrackPointExtension>
            <gpxtpx:Extensions>
              <reversedirection>yes</reversedirection>
              <highway>tertiary</highway>
            </gpxtpx:Extensions>
          </gpxtpx:TrackPointExtension>
        </extensions>
      </trkpt>
      <trkpt lat="48.803711" lon="-0.880089">
        <ele>228.25</ele>
        <extensions>
          <gpxtpx:TrackPointExtension>
            <gpxtpx:Extensions>
              <reversedirection>yes</reversedirection>
              <highway>tertiary</highway>
            </gpxtpx:Extensions>
          </gpxtpx:TrackPointExtension>
        </extensions>
      </trkpt>
      <trkpt lat="48.803214" lon="-0.879985">
        <ele>229.25</ele>
        <extensions>
          <gpxtpx:TrackPointExtension>
            <gpxtpx:Extensions>
              <reversedirection>yes</reversedirection>
              <highway>tertiary</highway>
            </gpxtpx:Extensions>
          </gpxtpx:TrackPointExtension>
        </extensions>
      </trkpt>
      <trkpt lat="48.802881" lon="-0.879827">
        <ele>231</ele>
        <extensions>
          <gpxtpx:TrackPointExtension>
            <gpxtpx:Extensions>
              <reversedirection>yes</reversedirection>
              <highway>tertiary</highway>
            </gpxtpx:Extensions>
          </gpxtpx:TrackPointExtension>
        </extensions>
      </trkpt>
      <trkpt lat="48.802485" lon="-0.8795">
        <ele>234.5</ele>
        <extensions>
          <gpxtpx:TrackPointExtension>
            <gpxtpx:Extensions>
              <reversedirection>yes</reversedirection>
              <highway>tertiary</highway>
            </gpxtpx:Extensions>
          </gpxtpx:TrackPointExtension>
        </extensions>
      </trkpt>
      <trkpt lat="48.802169" lon="-0.879271">
        <ele>238.75</ele>
        <extensions>
          <gpxtpx:TrackPointExtension>
            <gpxtpx:Extensions>
              <reversedirection>yes</reversedirection>
              <highway>tertiary</highway>
            </gpxtpx:Extensions>
          </gpxtpx:TrackPointExtension>
        </extensions>
      </trkpt>
      <trkpt lat="48.801701" lon="-0.878961">
        <ele>244.5</ele>
        <extensions>
          <gpxtpx:TrackPointExtension>
            <gpxtpx:Extensions>
              <reversedirection>yes</reversedirection>
              <highway>tertiary</highway>
            </gpxtpx:Extensions>
          </gpxtpx:TrackPointExtension>
        </extensions>
      </trkpt>
      <trkpt lat="48.801194" lon="-0.878502">
        <ele>246.5</ele>
        <extensions>
          <gpxtpx:TrackPointExtension>
            <gpxtpx:Extensions>
              <reversedirection>yes</reversedirection>
              <highway>tertiary</highway>
            </gpxtpx:Extensions>
          </gpxtpx:TrackPointExtension>
        </extensions>
      </trkpt>
      <trkpt lat="48.800292" lon="-0.877708">
        <ele>245.5</ele>
        <extensions>
          <gpxtpx:TrackPointExtension>
            <gpxtpx:Extensions>
              <reversedirection>yes</reversedirection>
              <highway>tertiary</highway>
            </gpxtpx:Extensions>
          </gpxtpx:TrackPointExtension>
        </extensions>
      </trkpt>
      <trkpt lat="48.799335" lon="-0.877298">
        <ele>242.25</ele>
        <extensions>
          <gpxtpx:TrackPointExtension>
            <gpxtpx:Extensions>
              <reversedirection>yes</reversedirection>
              <highway>tertiary</highway>
            </gpxtpx:Extensions>
          </gpxtpx:TrackPointExtension>
        </extensions>
      </trkpt>
      <trkpt lat="48.79903" lon="-0.877143">
        <ele>241.75</ele>
        <extensions>
          <gpxtpx:TrackPointExtension>
            <gpxtpx:Extensions>
              <reversedirection>yes</reversedirection>
              <highway>tertiary</highway>
            </gpxtpx:Extensions>
          </gpxtpx:TrackPointExtension>
        </extensions>
      </trkpt>
      <trkpt lat="48.79871" lon="-0.876951">
        <ele>241.25</ele>
        <extensions>
          <gpxtpx:TrackPointExtension>
            <gpxtpx:Extensions>
              <reversedirection>yes</reversedirection>
              <highway>tertiary</highway>
            </gpxtpx:Extensions>
          </gpxtpx:TrackPointExtension>
        </extensions>
      </trkpt>
      <trkpt lat="48.798131" lon="-0.876819">
        <ele>240.25</ele>
        <extensions>
          <gpxtpx:TrackPointExtension>
            <gpxtpx:Extensions>
              <reversedirection>yes</reversedirection>
              <highway>tertiary</highway>
            </gpxtpx:Extensions>
          </gpxtpx:TrackPointExtension>
        </extensions>
      </trkpt>
      <trkpt lat="48.797877" lon="-0.876784">
        <ele>240</ele>
        <extensions>
          <gpxtpx:TrackPointExtension>
            <gpxtpx:Extensions>
              <reversedirection>yes</reversedirection>
              <highway>tertiary</highway>
            </gpxtpx:Extensions>
          </gpxtpx:TrackPointExtension>
        </extensions>
      </trkpt>
      <trkpt lat="48.797446" lon="-0.876768">
        <ele>239.75</ele>
        <extensions>
          <gpxtpx:TrackPointExtension>
            <gpxtpx:Extensions>
              <reversedirection>yes</reversedirection>
              <highway>tertiary</highway>
            </gpxtpx:Extensions>
          </gpxtpx:TrackPointExtension>
        </extensions>
      </trkpt>
      <trkpt lat="48.796945" lon="-0.876721">
        <ele>239.75</ele>
        <extensions>
          <gpxtpx:TrackPointExtension>
            <gpxtpx:Extensions>
              <reversedirection>yes</reversedirection>
              <highway>tertiary</highway>
            </gpxtpx:Extensions>
          </gpxtpx:TrackPointExtension>
        </extensions>
      </trkpt>
      <trkpt lat="48.795723" lon="-0.876436">
        <ele>240</ele>
        <extensions>
          <gpxtpx:TrackPointExtension>
            <gpxtpx:Extensions>
              <reversedirection>yes</reversedirection>
              <highway>tertiary</highway>
            </gpxtpx:Extensions>
          </gpxtpx:TrackPointExtension>
        </extensions>
      </trkpt>
      <trkpt lat="48.795458" lon="-0.876337">
        <ele>238.5</ele>
        <extensions>
          <gpxtpx:TrackPointExtension>
            <gpxtpx:Extensions>
              <reversedirection>yes</reversedirection>
              <highway>tertiary</highway>
            </gpxtpx:Extensions>
          </gpxtpx:TrackPointExtension>
        </extensions>
      </trkpt>
      <trkpt lat="48.79525" lon="-0.876193">
        <ele>237.5</ele>
        <extensions>
          <gpxtpx:TrackPointExtension>
            <gpxtpx:Extensions>
              <reversedirection>yes</reversedirection>
              <highway>tertiary</highway>
            </gpxtpx:Extensions>
          </gpxtpx:TrackPointExtension>
        </extensions>
      </trkpt>
      <trkpt lat="48.794966" lon="-0.875901">
        <ele>236.5</ele>
        <extensions>
          <gpxtpx:TrackPointExtension>
            <gpxtpx:Extensions>
              <reversedirection>yes</reversedirection>
              <highway>tertiary</highway>
            </gpxtpx:Extensions>
          </gpxtpx:TrackPointExtension>
        </extensions>
      </trkpt>
      <trkpt lat="48.794833" lon="-0.875752">
        <ele>236</ele>
        <extensions>
          <gpxtpx:TrackPointExtension>
            <gpxtpx:Extensions>
              <reversedirection>yes</reversedirection>
              <highway>tertiary</highway>
            </gpxtpx:Extensions>
          </gpxtpx:TrackPointExtension>
        </extensions>
      </trkpt>
      <trkpt lat="48.794658" lon="-0.875587">
        <ele>235.25</ele>
        <extensions>
          <gpxtpx:TrackPointExtension>
            <gpxtpx:Extensions>
              <reversedirection>yes</reversedirection>
              <highway>tertiary</highway>
            </gpxtpx:Extensions>
          </gpxtpx:TrackPointExtension>
        </extensions>
      </trkpt>
      <trkpt lat="48.794415" lon="-0.875415">
        <ele>234.25</ele>
        <extensions>
          <gpxtpx:TrackPointExtension>
            <gpxtpx:Extensions>
              <reversedirection>yes</reversedirection>
              <highway>tertiary</highway>
            </gpxtpx:Extensions>
          </gpxtpx:TrackPointExtension>
        </extensions>
      </trkpt>
      <trkpt lat="48.793911" lon="-0.875141">
        <ele>233.25</ele>
        <extensions>
          <gpxtpx:TrackPointExtension>
            <gpxtpx:Extensions>
              <reversedirection>yes</reversedirection>
              <highway>tertiary</highway>
            </gpxtpx:Extensions>
          </gpxtpx:TrackPointExtension>
        </extensions>
      </trkpt>
      <trkpt lat="48.793742" lon="-0.875155">
        <ele>232.75</ele>
        <extensions>
          <gpxtpx:TrackPointExtension>
            <gpxtpx:Extensions>
              <reversedirection>yes</reversedirection>
              <highway>tertiary</highway>
            </gpxtpx:Extensions>
          </gpxtpx:TrackPointExtension>
        </extensions>
      </trkpt>
      <trkpt lat="48.791696" lon="-0.876124">
        <ele>232.5</ele>
        <extensions>
          <gpxtpx:TrackPointExtension>
            <gpxtpx:Extensions>
              <reversedirection>yes</reversedirection>
              <highway>tertiary</highway>
            </gpxtpx:Extensions>
          </gpxtpx:TrackPointExtension>
        </extensions>
      </trkpt>
      <trkpt lat="48.791547" lon="-0.87617">
        <ele>232.5</ele>
        <extensions>
          <gpxtpx:TrackPointExtension>
            <gpxtpx:Extensions>
              <reversedirection>yes</reversedirection>
              <highway>tertiary</highway>
            </gpxtpx:Extensions>
          </gpxtpx:TrackPointExtension>
        </extensions>
      </trkpt>
      <trkpt lat="48.791126" lon="-0.876201">
        <ele>232.75</ele>
        <extensions>
          <gpxtpx:TrackPointExtension>
            <gpxtpx:Extensions>
              <reversedirection>yes</reversedirection>
              <highway>tertiary</highway>
            </gpxtpx:Extensions>
          </gpxtpx:TrackPointExtension>
        </extensions>
      </trkpt>
      <trkpt lat="48.790374" lon="-0.876172">
        <ele>232.5</ele>
        <extensions>
          <gpxtpx:TrackPointExtension>
            <gpxtpx:Extensions>
              <reversedirection>yes</reversedirection>
              <highway>tertiary</highway>
            </gpxtpx:Extensions>
          </gpxtpx:TrackPointExtension>
        </extensions>
      </trkpt>
      <trkpt lat="48.789763" lon="-0.876172">
        <ele>232.25</ele>
        <extensions>
          <gpxtpx:TrackPointExtension>
            <gpxtpx:Extensions>
              <reversedirection>yes</reversedirection>
              <highway>tertiary</highway>
            </gpxtpx:Extensions>
          </gpxtpx:TrackPointExtension>
        </extensions>
      </trkpt>
      <trkpt lat="48.789203" lon="-0.876231">
        <ele>232.5</ele>
        <extensions>
          <gpxtpx:TrackPointExtension>
            <gpxtpx:Extensions>
              <reversedirection>yes</reversedirection>
              <highway>tertiary</highway>
            </gpxtpx:Extensions>
          </gpxtpx:TrackPointExtension>
        </extensions>
      </trkpt>
      <trkpt lat="48.787634" lon="-0.876582">
        <ele>231</ele>
        <extensions>
          <gpxtpx:TrackPointExtension>
            <gpxtpx:Extensions>
              <reversedirection>yes</reversedirection>
              <highway>tertiary</highway>
            </gpxtpx:Extensions>
          </gpxtpx:TrackPointExtension>
        </extensions>
      </trkpt>
      <trkpt lat="48.787513" lon="-0.876634">
        <ele>231</ele>
        <extensions>
          <gpxtpx:TrackPointExtension>
            <gpxtpx:Extensions>
              <reversedirection>yes</reversedirection>
              <highway>tertiary</highway>
            </gpxtpx:Extensions>
          </gpxtpx:TrackPointExtension>
        </extensions>
      </trkpt>
      <trkpt lat="48.787373" lon="-0.876712">
        <ele>230.75</ele>
        <extensions>
          <gpxtpx:TrackPointExtension>
            <gpxtpx:Extensions>
              <reversedirection>yes</reversedirection>
              <highway>tertiary</highway>
            </gpxtpx:Extensions>
          </gpxtpx:TrackPointExtension>
        </extensions>
      </trkpt>
      <trkpt lat="48.787216" lon="-0.876835">
        <ele>231</ele>
        <extensions>
          <gpxtpx:TrackPointExtension>
            <gpxtpx:Extensions>
              <reversedirection>yes</reversedirection>
              <highway>tertiary</highway>
            </gpxtpx:Extensions>
          </gpxtpx:TrackPointExtension>
        </extensions>
      </trkpt>
      <trkpt lat="48.786848" lon="-0.877253">
        <ele>233</ele>
        <extensions>
          <gpxtpx:TrackPointExtension>
            <gpxtpx:Extensions>
              <reversedirection>yes</reversedirection>
              <highway>tertiary</highway>
            </gpxtpx:Extensions>
          </gpxtpx:TrackPointExtension>
        </extensions>
      </trkpt>
      <trkpt lat="48.786647" lon="-0.877424">
        <ele>234.5</ele>
        <extensions>
          <gpxtpx:TrackPointExtension>
            <gpxtpx:Extensions>
              <reversedirection>yes</reversedirection>
              <highway>tertiary</highway>
            </gpxtpx:Extensions>
          </gpxtpx:TrackPointExtension>
        </extensions>
      </trkpt>
      <trkpt lat="48.786114" lon="-0.877769">
        <ele>235.5</ele>
        <extensions>
          <gpxtpx:TrackPointExtension>
            <gpxtpx:Extensions>
              <reversedirection>yes</reversedirection>
              <highway>tertiary</highway>
            </gpxtpx:Extensions>
          </gpxtpx:TrackPointExtension>
        </extensions>
      </trkpt>
      <trkpt lat="48.785882" lon="-0.877557">
        <ele>234.25</ele>
        <extensions>
          <gpxtpx:TrackPointExtension>
            <gpxtpx:Extensions>
              <highway>tertiary</highway>
            </gpxtpx:Extensions>
          </gpxtpx:TrackPointExtension>
        </extensions>
      </trkpt>
      <trkpt lat="48.785729" lon="-0.877445">
        <ele>234</ele>
        <extensions>
          <gpxtpx:TrackPointExtension>
            <gpxtpx:Extensions>
              <highway>tertiary</highway>
            </gpxtpx:Extensions>
          </gpxtpx:TrackPointExtension>
        </extensions>
      </trkpt>
      <trkpt lat="48.785376" lon="-0.877258">
        <ele>234.25</ele>
        <extensions>
          <gpxtpx:TrackPointExtension>
            <gpxtpx:Extensions>
              <highway>tertiary</highway>
            </gpxtpx:Extensions>
          </gpxtpx:TrackPointExtension>
        </extensions>
      </trkpt>
      <trkpt lat="48.784761" lon="-0.876968">
        <ele>235.75</ele>
        <extensions>
          <gpxtpx:TrackPointExtension>
            <gpxtpx:Extensions>
              <highway>tertiary</highway>
            </gpxtpx:Extensions>
          </gpxtpx:TrackPointExtension>
        </extensions>
      </trkpt>
      <trkpt lat="48.784511" lon="-0.87687">
        <ele>237</ele>
        <extensions>
          <gpxtpx:TrackPointExtension>
            <gpxtpx:Extensions>
              <highway>tertiary</highway>
            </gpxtpx:Extensions>
          </gpxtpx:TrackPointExtension>
        </extensions>
      </trkpt>
      <trkpt lat="48.784366" lon="-0.876851">
        <ele>237.75</ele>
        <extensions>
          <gpxtpx:TrackPointExtension>
            <gpxtpx:Extensions>
              <highway>tertiary</highway>
            </gpxtpx:Extensions>
          </gpxtpx:TrackPointExtension>
        </extensions>
      </trkpt>
      <trkpt lat="48.78422" lon="-0.876866">
        <ele>238.75</ele>
        <extensions>
          <gpxtpx:TrackPointExtension>
            <gpxtpx:Extensions>
              <reversedirection>yes</reversedirection>
              <highway>tertiary</highway>
            </gpxtpx:Extensions>
          </gpxtpx:TrackPointExtension>
        </extensions>
      </trkpt>
      <trkpt lat="48.783801" lon="-0.876815">
        <ele>239.5</ele>
        <extensions>
          <gpxtpx:TrackPointExtension>
            <gpxtpx:Extensions>
              <reversedirection>yes</reversedirection>
              <highway>tertiary</highway>
            </gpxtpx:Extensions>
          </gpxtpx:TrackPointExtension>
        </extensions>
      </trkpt>
      <trkpt lat="48.783454" lon="-0.876814">
        <ele>240</ele>
        <extensions>
          <gpxtpx:TrackPointExtension>
            <gpxtpx:Extensions>
              <reversedirection>yes</reversedirection>
              <highway>tertiary</highway>
            </gpxtpx:Extensions>
          </gpxtpx:TrackPointExtension>
        </extensions>
      </trkpt>
      <trkpt lat="48.783181" lon="-0.876894">
        <ele>240</ele>
        <extensions>
          <gpxtpx:TrackPointExtension>
            <gpxtpx:Extensions>
              <reversedirection>yes</reversedirection>
              <highway>tertiary</highway>
            </gpxtpx:Extensions>
          </gpxtpx:TrackPointExtension>
        </extensions>
      </trkpt>
      <trkpt lat="48.782724" lon="-0.877134">
        <ele>240</ele>
        <extensions>
          <gpxtpx:TrackPointExtension>
            <gpxtpx:Extensions>
              <reversedirection>yes</reversedirection>
              <highway>tertiary</highway>
            </gpxtpx:Extensions>
          </gpxtpx:TrackPointExtension>
        </extensions>
      </trkpt>
      <trkpt lat="48.782485" lon="-0.877337">
        <ele>240.5</ele>
        <extensions>
          <gpxtpx:TrackPointExtension>
            <gpxtpx:Extensions>
              <reversedirection>yes</reversedirection>
              <highway>tertiary</highway>
            </gpxtpx:Extensions>
          </gpxtpx:TrackPointExtension>
        </extensions>
      </trkpt>
      <trkpt lat="48.782357" lon="-0.877477">
        <ele>240.5</ele>
        <extensions>
          <gpxtpx:TrackPointExtension>
            <gpxtpx:Extensions>
              <reversedirection>yes</reversedirection>
              <highway>tertiary</highway>
            </gpxtpx:Extensions>
          </gpxtpx:TrackPointExtension>
        </extensions>
      </trkpt>
      <trkpt lat="48.782234" lon="-0.877578">
        <ele>240.25</ele>
        <extensions>
          <gpxtpx:TrackPointExtension>
            <gpxtpx:Extensions>
              <reversedirection>yes</reversedirection>
              <highway>tertiary</highway>
            </gpxtpx:Extensions>
          </gpxtpx:TrackPointExtension>
        </extensions>
      </trkpt>
      <trkpt lat="48.781085" lon="-0.878133">
        <ele>243.5</ele>
        <extensions>
          <gpxtpx:TrackPointExtension>
            <gpxtpx:Extensions>
              <reversedirection>yes</reversedirection>
              <highway>tertiary</highway>
            </gpxtpx:Extensions>
          </gpxtpx:TrackPointExtension>
        </extensions>
      </trkpt>
      <trkpt lat="48.780851" lon="-0.878256">
        <ele>245.25</ele>
        <extensions>
          <gpxtpx:TrackPointExtension>
            <gpxtpx:Extensions>
              <reversedirection>yes</reversedirection>
              <highway>tertiary</highway>
            </gpxtpx:Extensions>
          </gpxtpx:TrackPointExtension>
        </extensions>
      </trkpt>
      <trkpt lat="48.780706" lon="-0.878309">
        <ele>246.25</ele>
        <extensions>
          <gpxtpx:TrackPointExtension>
            <gpxtpx:Extensions>
              <reversedirection>yes</reversedirection>
              <highway>tertiary</highway>
            </gpxtpx:Extensions>
          </gpxtpx:TrackPointExtension>
        </extensions>
      </trkpt>
      <trkpt lat="48.780553" lon="-0.878315">
        <ele>246.75</ele>
        <extensions>
          <gpxtpx:TrackPointExtension>
            <gpxtpx:Extensions>
              <reversedirection>yes</reversedirection>
              <highway>tertiary</highway>
            </gpxtpx:Extensions>
          </gpxtpx:TrackPointExtension>
        </extensions>
      </trkpt>
      <trkpt lat="48.780324" lon="-0.87831">
        <ele>247.5</ele>
        <extensions>
          <gpxtpx:TrackPointExtension>
            <gpxtpx:Extensions>
              <reversedirection>yes</reversedirection>
              <highway>tertiary</highway>
            </gpxtpx:Extensions>
          </gpxtpx:TrackPointExtension>
        </extensions>
      </trkpt>
      <trkpt lat="48.780085" lon="-0.878286">
        <ele>248.25</ele>
        <extensions>
          <gpxtpx:TrackPointExtension>
            <gpxtpx:Extensions>
              <reversedirection>yes</reversedirection>
              <highway>tertiary</highway>
            </gpxtpx:Extensions>
          </gpxtpx:TrackPointExtension>
        </extensions>
      </trkpt>
      <trkpt lat="48.779573" lon="-0.878211">
        <ele>248</ele>
        <extensions>
          <gpxtpx:TrackPointExtension>
            <gpxtpx:Extensions>
              <reversedirection>yes</reversedirection>
              <highway>tertiary</highway>
            </gpxtpx:Extensions>
          </gpxtpx:TrackPointExtension>
        </extensions>
      </trkpt>
      <trkpt lat="48.779314" lon="-0.878208">
        <ele>248</ele>
        <extensions>
          <gpxtpx:TrackPointExtension>
            <gpxtpx:Extensions>
              <reversedirection>yes</reversedirection>
              <highway>tertiary</highway>
            </gpxtpx:Extensions>
          </gpxtpx:TrackPointExtension>
        </extensions>
      </trkpt>
      <trkpt lat="48.779114" lon="-0.878179">
        <ele>248.25</ele>
        <extensions>
          <gpxtpx:TrackPointExtension>
            <gpxtpx:Extensions>
              <reversedirection>yes</reversedirection>
              <highway>tertiary</highway>
            </gpxtpx:Extensions>
          </gpxtpx:TrackPointExtension>
        </extensions>
      </trkpt>
      <trkpt lat="48.77879" lon="-0.878074">
        <ele>250.5</ele>
        <extensions>
          <gpxtpx:TrackPointExtension>
            <gpxtpx:Extensions>
              <reversedirection>yes</reversedirection>
              <highway>tertiary</highway>
            </gpxtpx:Extensions>
          </gpxtpx:TrackPointExtension>
        </extensions>
      </trkpt>
      <trkpt lat="48.77794" lon="-0.877619">
        <ele>253.25</ele>
        <extensions>
          <gpxtpx:TrackPointExtension>
            <gpxtpx:Extensions>
              <reversedirection>yes</reversedirection>
              <highway>tertiary</highway>
            </gpxtpx:Extensions>
          </gpxtpx:TrackPointExtension>
        </extensions>
      </trkpt>
      <trkpt lat="48.777629" lon="-0.877471">
        <ele>254.5</ele>
        <extensions>
          <gpxtpx:TrackPointExtension>
            <gpxtpx:Extensions>
              <reversedirection>yes</reversedirection>
              <highway>tertiary</highway>
            </gpxtpx:Extensions>
          </gpxtpx:TrackPointExtension>
        </extensions>
      </trkpt>
      <trkpt lat="48.777359" lon="-0.877316">
        <ele>254.5</ele>
        <extensions>
          <gpxtpx:TrackPointExtension>
            <gpxtpx:Extensions>
              <reversedirection>yes</reversedirection>
              <highway>tertiary</highway>
            </gpxtpx:Extensions>
          </gpxtpx:TrackPointExtension>
        </extensions>
      </trkpt>
      <trkpt lat="48.777109" lon="-0.877259">
        <ele>254.75</ele>
        <extensions>
          <gpxtpx:TrackPointExtension>
            <gpxtpx:Extensions>
              <reversedirection>yes</reversedirection>
              <highway>tertiary</highway>
            </gpxtpx:Extensions>
          </gpxtpx:TrackPointExtension>
        </extensions>
      </trkpt>
      <trkpt lat="48.776919" lon="-0.877253">
        <ele>255.25</ele>
        <extensions>
          <gpxtpx:TrackPointExtension>
            <gpxtpx:Extensions>
              <reversedirection>yes</reversedirection>
              <highway>tertiary</highway>
            </gpxtpx:Extensions>
          </gpxtpx:TrackPointExtension>
        </extensions>
      </trkpt>
      <trkpt lat="48.776711" lon="-0.877268">
        <ele>256</ele>
        <extensions>
          <gpxtpx:TrackPointExtension>
            <gpxtpx:Extensions>
              <reversedirection>yes</reversedirection>
              <highway>tertiary</highway>
            </gpxtpx:Extensions>
          </gpxtpx:TrackPointExtension>
        </extensions>
      </trkpt>
      <trkpt lat="48.776177" lon="-0.87739">
        <ele>256.75</ele>
        <extensions>
          <gpxtpx:TrackPointExtension>
            <gpxtpx:Extensions>
              <reversedirection>yes</reversedirection>
              <highway>tertiary</highway>
            </gpxtpx:Extensions>
          </gpxtpx:TrackPointExtension>
        </extensions>
      </trkpt>
      <trkpt lat="48.775637" lon="-0.877531">
        <ele>255.25</ele>
        <extensions>
          <gpxtpx:TrackPointExtension>
            <gpxtpx:Extensions>
              <reversedirection>yes</reversedirection>
              <highway>tertiary</highway>
            </gpxtpx:Extensions>
          </gpxtpx:TrackPointExtension>
        </extensions>
      </trkpt>
      <trkpt lat="48.775416" lon="-0.877612">
        <ele>253.5</ele>
        <extensions>
          <gpxtpx:TrackPointExtension>
            <gpxtpx:Extensions>
              <reversedirection>yes</reversedirection>
              <highway>tertiary</highway>
            </gpxtpx:Extensions>
          </gpxtpx:TrackPointExtension>
        </extensions>
      </trkpt>
      <trkpt lat="48.775028" lon="-0.877807">
        <ele>250.5</ele>
        <extensions>
          <gpxtpx:TrackPointExtension>
            <gpxtpx:Extensions>
              <reversedirection>yes</reversedirection>
              <highway>tertiary</highway>
            </gpxtpx:Extensions>
          </gpxtpx:TrackPointExtension>
        </extensions>
      </trkpt>
      <trkpt lat="48.774886" lon="-0.877859">
        <ele>250.25</ele>
        <extensions>
          <gpxtpx:TrackPointExtension>
            <gpxtpx:Extensions>
              <reversedirection>yes</reversedirection>
              <highway>tertiary</highway>
            </gpxtpx:Extensions>
          </gpxtpx:TrackPointExtension>
        </extensions>
      </trkpt>
      <trkpt lat="48.77473" lon="-0.877875">
        <ele>250</ele>
        <extensions>
          <gpxtpx:TrackPointExtension>
            <gpxtpx:Extensions>
              <reversedirection>yes</reversedirection>
              <highway>tertiary</highway>
            </gpxtpx:Extensions>
          </gpxtpx:TrackPointExtension>
        </extensions>
      </trkpt>
      <trkpt lat="48.774586" lon="-0.877871">
        <ele>249.75</ele>
        <extensions>
          <gpxtpx:TrackPointExtension>
            <gpxtpx:Extensions>
              <reversedirection>yes</reversedirection>
              <highway>tertiary</highway>
            </gpxtpx:Extensions>
          </gpxtpx:TrackPointExtension>
        </extensions>
      </trkpt>
      <trkpt lat="48.774383" lon="-0.877816">
        <ele>249</ele>
        <extensions>
          <gpxtpx:TrackPointExtension>
            <gpxtpx:Extensions>
              <reversedirection>yes</reversedirection>
              <highway>tertiary</highway>
            </gpxtpx:Extensions>
          </gpxtpx:TrackPointExtension>
        </extensions>
      </trkpt>
      <trkpt lat="48.774196" lon="-0.877757">
        <ele>248.25</ele>
        <extensions>
          <gpxtpx:TrackPointExtension>
            <gpxtpx:Extensions>
              <reversedirection>yes</reversedirection>
              <highway>tertiary</highway>
            </gpxtpx:Extensions>
          </gpxtpx:TrackPointExtension>
        </extensions>
      </trkpt>
      <trkpt lat="48.773963" lon="-0.877622">
        <ele>248</ele>
        <extensions>
          <gpxtpx:TrackPointExtension>
            <gpxtpx:Extensions>
              <reversedirection>yes</reversedirection>
              <highway>tertiary</highway>
            </gpxtpx:Extensions>
          </gpxtpx:TrackPointExtension>
        </extensions>
      </trkpt>
      <trkpt lat="48.773765" lon="-0.877432">
        <ele>248</ele>
        <extensions>
          <gpxtpx:TrackPointExtension>
            <gpxtpx:Extensions>
              <reversedirection>yes</reversedirection>
              <highway>tertiary</highway>
            </gpxtpx:Extensions>
          </gpxtpx:TrackPointExtension>
        </extensions>
      </trkpt>
      <trkpt lat="48.773499" lon="-0.877098">
        <ele>247.75</ele>
        <extensions>
          <gpxtpx:TrackPointExtension>
            <gpxtpx:Extensions>
              <reversedirection>yes</reversedirection>
              <highway>tertiary</highway>
            </gpxtpx:Extensions>
          </gpxtpx:TrackPointExtension>
        </extensions>
      </trkpt>
      <trkpt lat="48.773128" lon="-0.876713">
        <ele>249</ele>
        <extensions>
          <gpxtpx:TrackPointExtension>
            <gpxtpx:Extensions>
              <reversedirection>yes</reversedirection>
              <highway>tertiary</highway>
            </gpxtpx:Extensions>
          </gpxtpx:TrackPointExtension>
        </extensions>
      </trkpt>
      <trkpt lat="48.772899" lon="-0.876399">
        <ele>250</ele>
        <extensions>
          <gpxtpx:TrackPointExtension>
            <gpxtpx:Extensions>
              <reversedirection>yes</reversedirection>
              <highway>tertiary</highway>
            </gpxtpx:Extensions>
          </gpxtpx:TrackPointExtension>
        </extensions>
      </trkpt>
      <trkpt lat="48.772751" lon="-0.87607">
        <ele>251</ele>
        <extensions>
          <gpxtpx:TrackPointExtension>
            <gpxtpx:Extensions>
              <reversedirection>yes</reversedirection>
              <highway>tertiary</highway>
            </gpxtpx:Extensions>
          </gpxtpx:TrackPointExtension>
        </extensions>
      </trkpt>
      <trkpt lat="48.772582" lon="-0.875587">
        <ele>251.5</ele>
        <extensions>
          <gpxtpx:TrackPointExtension>
            <gpxtpx:Extensions>
              <reversedirection>yes</reversedirection>
              <highway>tertiary</highway>
            </gpxtpx:Extensions>
          </gpxtpx:TrackPointExtension>
        </extensions>
      </trkpt>
      <trkpt lat="48.77248" lon="-0.875263">
        <ele>252</ele>
        <extensions>
          <gpxtpx:TrackPointExtension>
            <gpxtpx:Extensions>
              <reversedirection>yes</reversedirection>
              <highway>tertiary</highway>
            </gpxtpx:Extensions>
          </gpxtpx:TrackPointExtension>
        </extensions>
      </trkpt>
      <trkpt lat="48.77235" lon="-0.875046">
        <ele>252</ele>
        <extensions>
          <gpxtpx:TrackPointExtension>
            <gpxtpx:Extensions>
              <reversedirection>yes</reversedirection>
              <highway>tertiary</highway>
            </gpxtpx:Extensions>
          </gpxtpx:TrackPointExtension>
        </extensions>
      </trkpt>
      <trkpt lat="48.772216" lon="-0.874875">
        <ele>252.25</ele>
        <extensions>
          <gpxtpx:TrackPointExtension>
            <gpxtpx:Extensions>
              <reversedirection>yes</reversedirection>
              <highway>tertiary</highway>
            </gpxtpx:Extensions>
          </gpxtpx:TrackPointExtension>
        </extensions>
      </trkpt>
      <trkpt lat="48.77195" lon="-0.874611">
        <ele>252.75</ele>
        <extensions>
          <gpxtpx:TrackPointExtension>
            <gpxtpx:Extensions>
              <reversedirection>yes</reversedirection>
              <highway>tertiary</highway>
            </gpxtpx:Extensions>
          </gpxtpx:TrackPointExtension>
        </extensions>
      </trkpt>
      <trkpt lat="48.771751" lon="-0.874434">
        <ele>253.25</ele>
        <extensions>
          <gpxtpx:TrackPointExtension>
            <gpxtpx:Extensions>
              <reversedirection>yes</reversedirection>
              <highway>tertiary</highway>
            </gpxtpx:Extensions>
          </gpxtpx:TrackPointExtension>
        </extensions>
      </trkpt>
      <trkpt lat="48.77145" lon="-0.874142">
        <ele>254.25</ele>
        <extensions>
          <gpxtpx:TrackPointExtension>
            <gpxtpx:Extensions>
              <reversedirection>yes</reversedirection>
              <highway>tertiary</highway>
            </gpxtpx:Extensions>
          </gpxtpx:TrackPointExtension>
        </extensions>
      </trkpt>
      <trkpt lat="48.770675" lon="-0.872864">
        <ele>259.75</ele>
        <extensions>
          <gpxtpx:TrackPointExtension>
            <gpxtpx:Extensions>
              <reversedirection>yes</reversedirection>
              <highway>tertiary</highway>
            </gpxtpx:Extensions>
          </gpxtpx:TrackPointExtension>
        </extensions>
      </trkpt>
      <trkpt lat="48.770569" lon="-0.872642">
        <ele>260.5</ele>
        <extensions>
          <gpxtpx:TrackPointExtension>
            <gpxtpx:Extensions>
              <reversedirection>yes</reversedirection>
              <highway>tertiary</highway>
            </gpxtpx:Extensions>
          </gpxtpx:TrackPointExtension>
        </extensions>
      </trkpt>
      <trkpt lat="48.77047" lon="-0.872331">
        <ele>261.5</ele>
        <extensions>
          <gpxtpx:TrackPointExtension>
            <gpxtpx:Extensions>
              <reversedirection>yes</reversedirection>
              <highway>tertiary</highway>
            </gpxtpx:Extensions>
          </gpxtpx:TrackPointExtension>
        </extensions>
      </trkpt>
      <trkpt lat="48.770359" lon="-0.871933">
        <ele>262.5</ele>
        <extensions>
          <gpxtpx:TrackPointExtension>
            <gpxtpx:Extensions>
              <reversedirection>yes</reversedirection>
              <highway>tertiary</highway>
            </gpxtpx:Extensions>
          </gpxtpx:TrackPointExtension>
        </extensions>
      </trkpt>
      <trkpt lat="48.770215" lon="-0.87164">
        <ele>263.25</ele>
        <extensions>
          <gpxtpx:TrackPointExtension>
            <gpxtpx:Extensions>
              <reversedirection>yes</reversedirection>
              <highway>tertiary</highway>
            </gpxtpx:Extensions>
          </gpxtpx:TrackPointExtension>
        </extensions>
      </trkpt>
      <trkpt lat="48.770021" lon="-0.871367">
        <ele>264.25</ele>
        <extensions>
          <gpxtpx:TrackPointExtension>
            <gpxtpx:Extensions>
              <reversedirection>yes</reversedirection>
              <highway>tertiary</highway>
            </gpxtpx:Extensions>
          </gpxtpx:TrackPointExtension>
        </extensions>
      </trkpt>
      <trkpt lat="48.769906" lon="-0.871242">
        <ele>265.25</ele>
        <extensions>
          <gpxtpx:TrackPointExtension>
            <gpxtpx:Extensions>
              <reversedirection>yes</reversedirection>
              <highway>tertiary</highway>
            </gpxtpx:Extensions>
          </gpxtpx:TrackPointExtension>
        </extensions>
      </trkpt>
      <trkpt lat="48.769769" lon="-0.871124">
        <ele>266</ele>
        <extensions>
          <gpxtpx:TrackPointExtension>
            <gpxtpx:Extensions>
              <reversedirection>yes</reversedirection>
              <highway>tertiary</highway>
            </gpxtpx:Extensions>
          </gpxtpx:TrackPointExtension>
        </extensions>
      </trkpt>
      <trkpt lat="48.769567" lon="-0.871006">
        <ele>267</ele>
        <extensions>
          <gpxtpx:TrackPointExtension>
            <gpxtpx:Extensions>
              <reversedirection>yes</reversedirection>
              <highway>tertiary</highway>
            </gpxtpx:Extensions>
          </gpxtpx:TrackPointExtension>
        </extensions>
      </trkpt>
      <trkpt lat="48.768102" lon="-0.870265">
        <ele>276.75</ele>
        <extensions>
          <gpxtpx:TrackPointExtension>
            <gpxtpx:Extensions>
              <reversedirection>yes</reversedirection>
              <highway>tertiary</highway>
            </gpxtpx:Extensions>
          </gpxtpx:TrackPointExtension>
        </extensions>
      </trkpt>
      <trkpt lat="48.767931" lon="-0.870145">
        <ele>278.25</ele>
        <extensions>
          <gpxtpx:TrackPointExtension>
            <gpxtpx:Extensions>
              <reversedirection>yes</reversedirection>
              <highway>tertiary</highway>
            </gpxtpx:Extensions>
          </gpxtpx:TrackPointExtension>
        </extensions>
      </trkpt>
      <trkpt lat="48.767288" lon="-0.869727">
        <ele>283.75</ele>
        <extensions>
          <gpxtpx:TrackPointExtension>
            <gpxtpx:Extensions>
              <reversedirection>yes</reversedirection>
              <highway>tertiary</highway>
            </gpxtpx:Extensions>
          </gpxtpx:TrackPointExtension>
        </extensions>
      </trkpt>
      <trkpt lat="48.767051" lon="-0.869626">
        <ele>285.25</ele>
        <extensions>
          <gpxtpx:TrackPointExtension>
            <gpxtpx:Extensions>
              <reversedirection>yes</reversedirection>
              <highway>tertiary</highway>
            </gpxtpx:Extensions>
          </gpxtpx:TrackPointExtension>
        </extensions>
      </trkpt>
      <trkpt lat="48.766778" lon="-0.869534">
        <ele>286.75</ele>
        <extensions>
          <gpxtpx:TrackPointExtension>
            <gpxtpx:Extensions>
              <reversedirection>yes</reversedirection>
              <highway>tertiary</highway>
            </gpxtpx:Extensions>
          </gpxtpx:TrackPointExtension>
        </extensions>
      </trkpt>
      <trkpt lat="48.766484" lon="-0.869491">
        <ele>288.75</ele>
        <extensions>
          <gpxtpx:TrackPointExtension>
            <gpxtpx:Extensions>
              <reversedirection>yes</reversedirection>
              <highway>tertiary</highway>
            </gpxtpx:Extensions>
          </gpxtpx:TrackPointExtension>
        </extensions>
      </trkpt>
      <trkpt lat="48.764815" lon="-0.869578">
        <ele>298.75</ele>
        <extensions>
          <gpxtpx:TrackPointExtension>
            <gpxtpx:Extensions>
              <reversedirection>yes</reversedirection>
              <highway>tertiary</highway>
            </gpxtpx:Extensions>
          </gpxtpx:TrackPointExtension>
        </extensions>
      </trkpt>
      <trkpt lat="48.764613" lon="-0.869575">
        <ele>298.75</ele>
        <extensions>
          <gpxtpx:TrackPointExtension>
            <gpxtpx:Extensions>
              <reversedirection>yes</reversedirection>
              <highway>tertiary</highway>
            </gpxtpx:Extensions>
          </gpxtpx:TrackPointExtension>
        </extensions>
      </trkpt>
      <trkpt lat="48.764433" lon="-0.869553">
        <ele>298.5</ele>
        <extensions>
          <gpxtpx:TrackPointExtension>
            <gpxtpx:Extensions>
              <reversedirection>yes</reversedirection>
              <highway>tertiary</highway>
            </gpxtpx:Extensions>
          </gpxtpx:TrackPointExtension>
        </extensions>
      </trkpt>
      <trkpt lat="48.764045" lon="-0.869438">
        <ele>297.75</ele>
        <extensions>
          <gpxtpx:TrackPointExtension>
            <gpxtpx:Extensions>
              <reversedirection>yes</reversedirection>
              <highway>tertiary</highway>
            </gpxtpx:Extensions>
          </gpxtpx:TrackPointExtension>
        </extensions>
      </trkpt>
      <trkpt lat="48.763585" lon="-0.869273">
        <ele>296.5</ele>
        <extensions>
          <gpxtpx:TrackPointExtension>
            <gpxtpx:Extensions>
              <reversedirection>yes</reversedirection>
              <highway>tertiary</highway>
            </gpxtpx:Extensions>
          </gpxtpx:TrackPointExtension>
        </extensions>
      </trkpt>
      <trkpt lat="48.763111" lon="-0.869079">
        <ele>296.25</ele>
        <extensions>
          <gpxtpx:TrackPointExtension>
            <gpxtpx:Extensions>
              <reversedirection>yes</reversedirection>
              <highway>tertiary</highway>
            </gpxtpx:Extensions>
          </gpxtpx:TrackPointExtension>
        </extensions>
      </trkpt>
      <trkpt lat="48.762951" lon="-0.869055">
        <ele>296.5</ele>
        <extensions>
          <gpxtpx:TrackPointExtension>
            <gpxtpx:Extensions>
              <reversedirection>yes</reversedirection>
              <highway>tertiary</highway>
            </gpxtpx:Extensions>
          </gpxtpx:TrackPointExtension>
        </extensions>
      </trkpt>
      <trkpt lat="48.762809" lon="-0.869077">
        <ele>296.5</ele>
        <extensions>
          <gpxtpx:TrackPointExtension>
            <gpxtpx:Extensions>
              <reversedirection>yes</reversedirection>
              <highway>tertiary</highway>
            </gpxtpx:Extensions>
          </gpxtpx:TrackPointExtension>
        </extensions>
      </trkpt>
      <trkpt lat="48.762686" lon="-0.869144">
        <ele>296.75</ele>
        <extensions>
          <gpxtpx:TrackPointExtension>
            <gpxtpx:Extensions>
              <reversedirection>yes</reversedirection>
              <highway>tertiary</highway>
            </gpxtpx:Extensions>
          </gpxtpx:TrackPointExtension>
        </extensions>
      </trkpt>
      <trkpt lat="48.762225" lon="-0.869503">
        <ele>296.5</ele>
        <extensions>
          <gpxtpx:TrackPointExtension>
            <gpxtpx:Extensions>
              <reversedirection>yes</reversedirection>
              <highway>tertiary</highway>
            </gpxtpx:Extensions>
          </gpxtpx:TrackPointExtension>
        </extensions>
      </trkpt>
      <trkpt lat="48.761989" lon="-0.869643">
        <ele>297.25</ele>
        <extensions>
          <gpxtpx:TrackPointExtension>
            <gpxtpx:Extensions>
              <reversedirection>yes</reversedirection>
              <highway>tertiary</highway>
            </gpxtpx:Extensions>
          </gpxtpx:TrackPointExtension>
        </extensions>
      </trkpt>
      <trkpt lat="48.761469" lon="-0.86988">
        <ele>298</ele>
        <extensions>
          <gpxtpx:TrackPointExtension>
            <gpxtpx:Extensions>
              <reversedirection>yes</reversedirection>
              <highway>tertiary</highway>
            </gpxtpx:Extensions>
          </gpxtpx:TrackPointExtension>
        </extensions>
      </trkpt>
      <trkpt lat="48.761306" lon="-0.869999">
        <ele>298</ele>
        <extensions>
          <gpxtpx:TrackPointExtension>
            <gpxtpx:Extensions>
              <reversedirection>yes</reversedirection>
              <highway>tertiary</highway>
            </gpxtpx:Extensions>
          </gpxtpx:TrackPointExtension>
        </extensions>
      </trkpt>
      <trkpt lat="48.760566" lon="-0.870786">
        <ele>298.75</ele>
        <extensions>
          <gpxtpx:TrackPointExtension>
            <gpxtpx:Extensions>
              <reversedirection>yes</reversedirection>
              <highway>tertiary</highway>
            </gpxtpx:Extensions>
          </gpxtpx:TrackPointExtension>
        </extensions>
      </trkpt>
      <trkpt lat="48.760485" lon="-0.870854">
        <ele>298.75</ele>
        <extensions>
          <gpxtpx:TrackPointExtension>
            <gpxtpx:Extensions>
              <reversedirection>yes</reversedirection>
              <highway>tertiary</highway>
            </gpxtpx:Extensions>
          </gpxtpx:TrackPointExtension>
        </extensions>
      </trkpt>
      <trkpt lat="48.760356" lon="-0.870928">
        <ele>298.75</ele>
        <extensions>
          <gpxtpx:TrackPointExtension>
            <gpxtpx:Extensions>
              <reversedirection>yes</reversedirection>
              <highway>tertiary</highway>
            </gpxtpx:Extensions>
          </gpxtpx:TrackPointExtension>
        </extensions>
      </trkpt>
      <trkpt lat="48.760186" lon="-0.870984">
        <ele>298.5</ele>
        <extensions>
          <gpxtpx:TrackPointExtension>
            <gpxtpx:Extensions>
              <reversedirection>yes</reversedirection>
              <highway>tertiary</highway>
            </gpxtpx:Extensions>
          </gpxtpx:TrackPointExtension>
        </extensions>
      </trkpt>
      <trkpt lat="48.759748" lon="-0.871052">
        <ele>298.75</ele>
        <extensions>
          <gpxtpx:TrackPointExtension>
            <gpxtpx:Extensions>
              <reversedirection>yes</reversedirection>
              <highway>tertiary</highway>
            </gpxtpx:Extensions>
          </gpxtpx:TrackPointExtension>
        </extensions>
      </trkpt>
      <trkpt lat="48.759134" lon="-0.8712">
        <ele>300</ele>
        <extensions>
          <gpxtpx:TrackPointExtension>
            <gpxtpx:Extensions>
              <reversedirection>yes</reversedirection>
              <highway>tertiary</highway>
            </gpxtpx:Extensions>
          </gpxtpx:TrackPointExtension>
        </extensions>
      </trkpt>
      <trkpt lat="48.758773" lon="-0.871299">
        <ele>301.5</ele>
        <extensions>
          <gpxtpx:TrackPointExtension>
            <gpxtpx:Extensions>
              <reversedirection>yes</reversedirection>
              <highway>tertiary</highway>
            </gpxtpx:Extensions>
          </gpxtpx:TrackPointExtension>
        </extensions>
      </trkpt>
      <trkpt lat="48.758515" lon="-0.871411">
        <ele>302.5</ele>
        <extensions>
          <gpxtpx:TrackPointExtension>
            <gpxtpx:Extensions>
              <reversedirection>yes</reversedirection>
              <highway>tertiary</highway>
            </gpxtpx:Extensions>
          </gpxtpx:TrackPointExtension>
        </extensions>
      </trkpt>
      <trkpt lat="48.758176" lon="-0.871592">
        <ele>303.75</ele>
        <extensions>
          <gpxtpx:TrackPointExtension>
            <gpxtpx:Extensions>
              <reversedirection>yes</reversedirection>
              <highway>tertiary</highway>
            </gpxtpx:Extensions>
          </gpxtpx:TrackPointExtension>
        </extensions>
      </trkpt>
      <trkpt lat="48.757974" lon="-0.871682">
        <ele>303.75</ele>
        <extensions>
          <gpxtpx:TrackPointExtension>
            <gpxtpx:Extensions>
              <reversedirection>yes</reversedirection>
              <highway>tertiary</highway>
            </gpxtpx:Extensions>
          </gpxtpx:TrackPointExtension>
        </extensions>
      </trkpt>
      <trkpt lat="48.757449" lon="-0.87187">
        <ele>303.75</ele>
        <extensions>
          <gpxtpx:TrackPointExtension>
            <gpxtpx:Extensions>
              <reversedirection>yes</reversedirection>
              <highway>tertiary</highway>
            </gpxtpx:Extensions>
          </gpxtpx:TrackPointExtension>
        </extensions>
      </trkpt>
      <trkpt lat="48.75703" lon="-0.872087">
        <ele>302.5</ele>
        <extensions>
          <gpxtpx:TrackPointExtension>
            <gpxtpx:Extensions>
              <reversedirection>yes</reversedirection>
              <highway>tertiary</highway>
            </gpxtpx:Extensions>
          </gpxtpx:TrackPointExtension>
        </extensions>
      </trkpt>
      <trkpt lat="48.756866" lon="-0.87215">
        <ele>302</ele>
        <extensions>
          <gpxtpx:TrackPointExtension>
            <gpxtpx:Extensions>
              <reversedirection>yes</reversedirection>
              <highway>tertiary</highway>
            </gpxtpx:Extensions>
          </gpxtpx:TrackPointExtension>
        </extensions>
      </trkpt>
      <trkpt lat="48.75676" lon="-0.872146">
        <ele>301.75</ele>
        <extensions>
          <gpxtpx:TrackPointExtension>
            <gpxtpx:Extensions>
              <reversedirection>yes</reversedirection>
              <highway>tertiary</highway>
            </gpxtpx:Extensions>
          </gpxtpx:TrackPointExtension>
        </extensions>
      </trkpt>
      <trkpt lat="48.756668" lon="-0.872103">
        <ele>301.5</ele>
        <extensions>
          <gpxtpx:TrackPointExtension>
            <gpxtpx:Extensions>
              <reversedirection>yes</reversedirection>
              <highway>tertiary</highway>
            </gpxtpx:Extensions>
          </gpxtpx:TrackPointExtension>
        </extensions>
      </trkpt>
      <trkpt lat="48.756496" lon="-0.871952">
        <ele>301.75</ele>
        <extensions>
          <gpxtpx:TrackPointExtension>
            <gpxtpx:Extensions>
              <reversedirection>yes</reversedirection>
              <highway>tertiary</highway>
            </gpxtpx:Extensions>
          </gpxtpx:TrackPointExtension>
        </extensions>
      </trkpt>
      <trkpt lat="48.756385" lon="-0.871879">
        <ele>301.75</ele>
        <extensions>
          <gpxtpx:TrackPointExtension>
            <gpxtpx:Extensions>
              <reversedirection>yes</reversedirection>
              <highway>tertiary</highway>
            </gpxtpx:Extensions>
          </gpxtpx:TrackPointExtension>
        </extensions>
      </trkpt>
      <trkpt lat="48.755891" lon="-0.871701">
        <ele>302.75</ele>
        <extensions>
          <gpxtpx:TrackPointExtension>
            <gpxtpx:Extensions>
              <reversedirection>yes</reversedirection>
              <highway>tertiary</highway>
            </gpxtpx:Extensions>
          </gpxtpx:TrackPointExtension>
        </extensions>
      </trkpt>
      <trkpt lat="48.755802" lon="-0.871637">
        <ele>302.75</ele>
        <extensions>
          <gpxtpx:TrackPointExtension>
            <gpxtpx:Extensions>
              <reversedirection>yes</reversedirection>
              <highway>tertiary</highway>
            </gpxtpx:Extensions>
          </gpxtpx:TrackPointExtension>
        </extensions>
      </trkpt>
      <trkpt lat="48.755746" lon="-0.871571">
        <ele>302.75</ele>
        <extensions>
          <gpxtpx:TrackPointExtension>
            <gpxtpx:Extensions>
              <reversedirection>yes</reversedirection>
              <highway>tertiary</highway>
            </gpxtpx:Extensions>
          </gpxtpx:TrackPointExtension>
        </extensions>
      </trkpt>
      <trkpt lat="48.755664" lon="-0.871499">
        <ele>302.5</ele>
        <extensions>
          <gpxtpx:TrackPointExtension>
            <gpxtpx:Extensions>
              <highway>tertiary</highway>
            </gpxtpx:Extensions>
          </gpxtpx:TrackPointExtension>
        </extensions>
      </trkpt>
      <trkpt lat="48.75535" lon="-0.871049">
        <ele>302.25</ele>
        <extensions>
          <gpxtpx:TrackPointExtension>
            <gpxtpx:Extensions>
              <highway>tertiary</highway>
            </gpxtpx:Extensions>
          </gpxtpx:TrackPointExtension>
        </extensions>
      </trkpt>
      <trkpt lat="48.755151" lon="-0.870767">
        <ele>303</ele>
        <extensions>
          <gpxtpx:TrackPointExtension>
            <gpxtpx:Extensions>
              <highway>tertiary</highway>
            </gpxtpx:Extensions>
          </gpxtpx:TrackPointExtension>
        </extensions>
      </trkpt>
      <trkpt lat="48.754972" lon="-0.870547">
        <ele>304</ele>
        <extensions>
          <gpxtpx:TrackPointExtension>
            <gpxtpx:Extensions>
              <highway>tertiary</highway>
            </gpxtpx:Extensions>
          </gpxtpx:TrackPointExtension>
        </extensions>
      </trkpt>
      <trkpt lat="48.754735" lon="-0.87029">
        <ele>303.75</ele>
        <extensions>
          <gpxtpx:TrackPointExtension>
            <gpxtpx:Extensions>
              <highway>tertiary</highway>
            </gpxtpx:Extensions>
          </gpxtpx:TrackPointExtension>
        </extensions>
      </trkpt>
      <trkpt lat="48.754223" lon="-0.869854">
        <ele>302.75</ele>
        <extensions>
          <gpxtpx:TrackPointExtension>
            <gpxtpx:Extensions>
              <highway>tertiary</highway>
            </gpxtpx:Extensions>
          </gpxtpx:TrackPointExtension>
        </extensions>
      </trkpt>
      <trkpt lat="48.753993" lon="-0.869595">
        <ele>303</ele>
        <extensions>
          <gpxtpx:TrackPointExtension>
            <gpxtpx:Extensions>
              <highway>tertiary</highway>
            </gpxtpx:Extensions>
          </gpxtpx:TrackPointExtension>
        </extensions>
      </trkpt>
      <trkpt lat="48.753354" lon="-0.868749">
        <ele>306.25</ele>
        <extensions>
          <gpxtpx:TrackPointExtension>
            <gpxtpx:Extensions>
              <highway>tertiary</highway>
            </gpxtpx:Extensions>
          </gpxtpx:TrackPointExtension>
        </extensions>
      </trkpt>
      <trkpt lat="48.753102" lon="-0.868417">
        <ele>307.25</ele>
        <extensions>
          <gpxtpx:TrackPointExtension>
            <gpxtpx:Extensions>
              <highway>tertiary</highway>
            </gpxtpx:Extensions>
          </gpxtpx:TrackPointExtension>
        </extensions>
      </trkpt>
      <trkpt lat="48.751627" lon="-0.86631">
        <ele>313.75</ele>
        <extensions>
          <gpxtpx:TrackPointExtension>
            <gpxtpx:Extensions>
              <highway>tertiary</highway>
            </gpxtpx:Extensions>
          </gpxtpx:TrackPointExtension>
        </extensions>
      </trkpt>
      <trkpt lat="48.751258" lon="-0.865715">
        <ele>313.75</ele>
        <extensions>
          <gpxtpx:TrackPointExtension>
            <gpxtpx:Extensions>
              <highway>tertiary</highway>
            </gpxtpx:Extensions>
          </gpxtpx:TrackPointExtension>
        </extensions>
      </trkpt>
      <trkpt lat="48.751042" lon="-0.86528">
        <ele>312.75</ele>
        <extensions>
          <gpxtpx:TrackPointExtension>
            <gpxtpx:Extensions>
              <highway>tertiary</highway>
            </gpxtpx:Extensions>
          </gpxtpx:TrackPointExtension>
        </extensions>
      </trkpt>
      <trkpt lat="48.750996" lon="-0.865212">
        <ele>312.5</ele>
        <extensions>
          <gpxtpx:TrackPointExtension>
            <gpxtpx:Extensions>
              <highway>tertiary</highway>
            </gpxtpx:Extensions>
          </gpxtpx:TrackPointExtension>
        </extensions>
      </trkpt>
      <trkpt lat="48.75095" lon="-0.865192">
        <ele>312.5</ele>
        <extensions>
          <gpxtpx:TrackPointExtension>
            <gpxtpx:Extensions>
              <highway>tertiary</highway>
            </gpxtpx:Extensions>
          </gpxtpx:TrackPointExtension>
        </extensions>
      </trkpt>
      <trkpt lat="48.750911" lon="-0.865187">
        <ele>312.5</ele>
        <extensions>
          <gpxtpx:TrackPointExtension>
            <gpxtpx:Extensions>
              <highway>tertiary</highway>
            </gpxtpx:Extensions>
          </gpxtpx:TrackPointExtension>
        </extensions>
      </trkpt>
      <trkpt lat="48.750775" lon="-0.864611">
        <ele>311.75</ele>
        <extensions>
          <gpxtpx:TrackPointExtension>
            <gpxtpx:Extensions>
              <highway>secondary</highway>
            </gpxtpx:Extensions>
          </gpxtpx:TrackPointExtension>
        </extensions>
      </trkpt>
      <trkpt lat="48.750728" lon="-0.864515">
        <ele>311.75</ele>
        <extensions>
          <gpxtpx:TrackPointExtension>
            <gpxtpx:Extensions>
              <highway>secondary</highway>
            </gpxtpx:Extensions>
          </gpxtpx:TrackPointExtension>
        </extensions>
      </trkpt>
      <trkpt lat="48.750677" lon="-0.864465">
        <ele>311.5</ele>
        <extensions>
          <gpxtpx:TrackPointExtension>
            <gpxtpx:Extensions>
              <highway>secondary</highway>
            </gpxtpx:Extensions>
          </gpxtpx:TrackPointExtension>
        </extensions>
      </trkpt>
      <trkpt lat="48.750636" lon="-0.86442">
        <ele>311.5</ele>
        <extensions>
          <gpxtpx:TrackPointExtension>
            <gpxtpx:Extensions>
              <highway>secondary</highway>
            </gpxtpx:Extensions>
          </gpxtpx:TrackPointExtension>
        </extensions>
      </trkpt>
      <trkpt lat="48.750018" lon="-0.865783">
        <ele>309</ele>
        <extensions>
          <gpxtpx:TrackPointExtension>
            <gpxtpx:Extensions>
              <reversedirection>yes</reversedirection>
              <highway>secondary</highway>
            </gpxtpx:Extensions>
          </gpxtpx:TrackPointExtension>
        </extensions>
      </trkpt>
      <trkpt lat="48.749729" lon="-0.866428">
        <ele>309.25</ele>
        <extensions>
          <gpxtpx:TrackPointExtension>
            <gpxtpx:Extensions>
              <reversedirection>yes</reversedirection>
              <highway>secondary</highway>
            </gpxtpx:Extensions>
          </gpxtpx:TrackPointExtension>
        </extensions>
      </trkpt>
      <trkpt lat="48.748097" lon="-0.869985">
        <ele>309.5</ele>
        <extensions>
          <gpxtpx:TrackPointExtension>
            <gpxtpx:Extensions>
              <reversedirection>yes</reversedirection>
              <highway>secondary</highway>
            </gpxtpx:Extensions>
          </gpxtpx:TrackPointExtension>
        </extensions>
      </trkpt>
      <trkpt lat="48.747945" lon="-0.870299">
        <ele>310</ele>
        <extensions>
          <gpxtpx:TrackPointExtension>
            <gpxtpx:Extensions>
              <reversedirection>yes</reversedirection>
              <highway>secondary</highway>
            </gpxtpx:Extensions>
          </gpxtpx:TrackPointExtension>
        </extensions>
      </trkpt>
      <trkpt lat="48.747754" lon="-0.870618">
        <ele>310.25</ele>
        <extensions>
          <gpxtpx:TrackPointExtension>
            <gpxtpx:Extensions>
              <reversedirection>yes</reversedirection>
              <highway>secondary</highway>
            </gpxtpx:Extensions>
          </gpxtpx:TrackPointExtension>
        </extensions>
      </trkpt>
      <trkpt lat="48.747455" lon="-0.870971">
        <ele>309.5</ele>
        <extensions>
          <gpxtpx:TrackPointExtension>
            <gpxtpx:Extensions>
              <reversedirection>yes</reversedirection>
              <highway>secondary</highway>
            </gpxtpx:Extensions>
          </gpxtpx:TrackPointExtension>
        </extensions>
      </trkpt>
      <trkpt lat="48.744636" lon="-0.873816">
        <ele>304.5</ele>
        <extensions>
          <gpxtpx:TrackPointExtension>
            <gpxtpx:Extensions>
              <reversedirection>yes</reversedirection>
              <highway>secondary</highway>
            </gpxtpx:Extensions>
          </gpxtpx:TrackPointExtension>
        </extensions>
      </trkpt>
      <trkpt lat="48.744543" lon="-0.87391">
        <ele>304.25</ele>
        <extensions>
          <gpxtpx:TrackPointExtension>
            <gpxtpx:Extensions>
              <reversedirection>yes</reversedirection>
              <highway>secondary</highway>
            </gpxtpx:Extensions>
          </gpxtpx:TrackPointExtension>
        </extensions>
      </trkpt>
      <trkpt lat="48.742401" lon="-0.87607">
        <ele>312</ele>
        <extensions>
          <gpxtpx:TrackPointExtension>
            <gpxtpx:Extensions>
              <reversedirection>yes</reversedirection>
              <highway>secondary</highway>
            </gpxtpx:Extensions>
          </gpxtpx:TrackPointExtension>
        </extensions>
      </trkpt>
      <trkpt lat="48.741983" lon="-0.876485">
        <ele>312.75</ele>
        <extensions>
          <gpxtpx:TrackPointExtension>
            <gpxtpx:Extensions>
              <reversedirection>yes</reversedirection>
              <highway>secondary</highway>
            </gpxtpx:Extensions>
          </gpxtpx:TrackPointExtension>
        </extensions>
      </trkpt>
      <trkpt lat="48.741842" lon="-0.876591">
        <ele>313</ele>
        <extensions>
          <gpxtpx:TrackPointExtension>
            <gpxtpx:Extensions>
              <reversedirection>yes</reversedirection>
              <highway>secondary</highway>
            </gpxtpx:Extensions>
          </gpxtpx:TrackPointExtension>
        </extensions>
      </trkpt>
      <trkpt lat="48.741684" lon="-0.876686">
        <ele>313.25</ele>
        <extensions>
          <gpxtpx:TrackPointExtension>
            <gpxtpx:Extensions>
              <reversedirection>yes</reversedirection>
              <highway>secondary</highway>
            </gpxtpx:Extensions>
          </gpxtpx:TrackPointExtension>
        </extensions>
      </trkpt>
      <trkpt lat="48.741536" lon="-0.876736">
        <ele>313.25</ele>
        <extensions>
          <gpxtpx:TrackPointExtension>
            <gpxtpx:Extensions>
              <reversedirection>yes</reversedirection>
              <highway>secondary</highway>
            </gpxtpx:Extensions>
          </gpxtpx:TrackPointExtension>
        </extensions>
      </trkpt>
      <trkpt lat="48.741329" lon="-0.876775">
        <ele>313.5</ele>
        <extensions>
          <gpxtpx:TrackPointExtension>
            <gpxtpx:Extensions>
              <reversedirection>yes</reversedirection>
              <highway>secondary</highway>
            </gpxtpx:Extensions>
          </gpxtpx:TrackPointExtension>
        </extensions>
      </trkpt>
      <trkpt lat="48.740787" lon="-0.876777">
        <ele>312.5</ele>
        <extensions>
          <gpxtpx:TrackPointExtension>
            <gpxtpx:Extensions>
              <reversedirection>yes</reversedirection>
              <highway>secondary</highway>
            </gpxtpx:Extensions>
          </gpxtpx:TrackPointExtension>
        </extensions>
      </trkpt>
      <trkpt lat="48.7406" lon="-0.876816">
        <ele>311.75</ele>
        <extensions>
          <gpxtpx:TrackPointExtension>
            <gpxtpx:Extensions>
              <reversedirection>yes</reversedirection>
              <highway>secondary</highway>
            </gpxtpx:Extensions>
          </gpxtpx:TrackPointExtension>
        </extensions>
      </trkpt>
      <trkpt lat="48.740376" lon="-0.876902">
        <ele>310.75</ele>
        <extensions>
          <gpxtpx:TrackPointExtension>
            <gpxtpx:Extensions>
              <reversedirection>yes</reversedirection>
              <highway>secondary</highway>
            </gpxtpx:Extensions>
          </gpxtpx:TrackPointExtension>
        </extensions>
      </trkpt>
      <trkpt lat="48.740164" lon="-0.877028">
        <ele>310.5</ele>
        <extensions>
          <gpxtpx:TrackPointExtension>
            <gpxtpx:Extensions>
              <reversedirection>yes</reversedirection>
              <highway>secondary</highway>
            </gpxtpx:Extensions>
          </gpxtpx:TrackPointExtension>
        </extensions>
      </trkpt>
      <trkpt lat="48.739966" lon="-0.877195">
        <ele>310.75</ele>
        <extensions>
          <gpxtpx:TrackPointExtension>
            <gpxtpx:Extensions>
              <reversedirection>yes</reversedirection>
              <highway>secondary</highway>
            </gpxtpx:Extensions>
          </gpxtpx:TrackPointExtension>
        </extensions>
      </trkpt>
      <trkpt lat="48.739776" lon="-0.877421">
        <ele>312</ele>
        <extensions>
          <gpxtpx:TrackPointExtension>
            <gpxtpx:Extensions>
              <reversedirection>yes</reversedirection>
              <highway>secondary</highway>
            </gpxtpx:Extensions>
          </gpxtpx:TrackPointExtension>
        </extensions>
      </trkpt>
      <trkpt lat="48.739604" lon="-0.877679">
        <ele>313.25</ele>
        <extensions>
          <gpxtpx:TrackPointExtension>
            <gpxtpx:Extensions>
              <reversedirection>yes</reversedirection>
              <highway>secondary</highway>
            </gpxtpx:Extensions>
          </gpxtpx:TrackPointExtension>
        </extensions>
      </trkpt>
      <trkpt lat="48.738275" lon="-0.880113">
        <ele>316.75</ele>
        <extensions>
          <gpxtpx:TrackPointExtension>
            <gpxtpx:Extensions>
              <reversedirection>yes</reversedirection>
              <highway>secondary</highway>
            </gpxtpx:Extensions>
          </gpxtpx:TrackPointExtension>
        </extensions>
      </trkpt>
      <trkpt lat="48.737649" lon="-0.881248">
        <ele>317</ele>
        <extensions>
          <gpxtpx:TrackPointExtension>
            <gpxtpx:Extensions>
              <reversedirection>yes</reversedirection>
              <highway>secondary</highway>
            </gpxtpx:Extensions>
          </gpxtpx:TrackPointExtension>
        </extensions>
      </trkpt>
      <trkpt lat="48.737065" lon="-0.882307">
        <ele>316.5</ele>
        <extensions>
          <gpxtpx:TrackPointExtension>
            <gpxtpx:Extensions>
              <reversedirection>yes</reversedirection>
              <highway>secondary</highway>
            </gpxtpx:Extensions>
          </gpxtpx:TrackPointExtension>
        </extensions>
      </trkpt>
      <trkpt lat="48.736758" lon="-0.882944">
        <ele>316.25</ele>
        <extensions>
          <gpxtpx:TrackPointExtension>
            <gpxtpx:Extensions>
              <reversedirection>yes</reversedirection>
              <highway>secondary</highway>
            </gpxtpx:Extensions>
          </gpxtpx:TrackPointExtension>
        </extensions>
      </trkpt>
      <trkpt lat="48.736549" lon="-0.883419">
        <ele>315.75</ele>
        <extensions>
          <gpxtpx:TrackPointExtension>
            <gpxtpx:Extensions>
              <reversedirection>yes</reversedirection>
              <highway>secondary</highway>
            </gpxtpx:Extensions>
          </gpxtpx:TrackPointExtension>
        </extensions>
      </trkpt>
      <trkpt lat="48.736319" lon="-0.884047">
        <ele>314.75</ele>
        <extensions>
          <gpxtpx:TrackPointExtension>
            <gpxtpx:Extensions>
              <reversedirection>yes</reversedirection>
              <highway>secondary</highway>
            </gpxtpx:Extensions>
          </gpxtpx:TrackPointExtension>
        </extensions>
      </trkpt>
      <trkpt lat="48.736197" lon="-0.884473">
        <ele>315.25</ele>
        <extensions>
          <gpxtpx:TrackPointExtension>
            <gpxtpx:Extensions>
              <reversedirection>yes</reversedirection>
              <highway>secondary</highway>
            </gpxtpx:Extensions>
          </gpxtpx:TrackPointExtension>
        </extensions>
      </trkpt>
      <trkpt lat="48.735332" lon="-0.8882">
        <ele>314</ele>
        <extensions>
          <gpxtpx:TrackPointExtension>
            <gpxtpx:Extensions>
              <reversedirection>yes</reversedirection>
              <highway>secondary</highway>
            </gpxtpx:Extensions>
          </gpxtpx:TrackPointExtension>
        </extensions>
      </trkpt>
      <trkpt lat="48.735239" lon="-0.888666">
        <ele>313.5</ele>
        <extensions>
          <gpxtpx:TrackPointExtension>
            <gpxtpx:Extensions>
              <reversedirection>yes</reversedirection>
              <highway>secondary</highway>
            </gpxtpx:Extensions>
          </gpxtpx:TrackPointExtension>
        </extensions>
      </trkpt>
      <trkpt lat="48.735201" lon="-0.889008">
        <ele>313.5</ele>
        <extensions>
          <gpxtpx:TrackPointExtension>
            <gpxtpx:Extensions>
              <reversedirection>yes</reversedirection>
              <highway>secondary</highway>
            </gpxtpx:Extensions>
          </gpxtpx:TrackPointExtension>
        </extensions>
      </trkpt>
      <trkpt lat="48.735184" lon="-0.889403">
        <ele>313.75</ele>
        <extensions>
          <gpxtpx:TrackPointExtension>
            <gpxtpx:Extensions>
              <reversedirection>yes</reversedirection>
              <highway>secondary</highway>
            </gpxtpx:Extensions>
          </gpxtpx:TrackPointExtension>
        </extensions>
      </trkpt>
      <trkpt lat="48.735189" lon="-0.889816">
        <ele>314.5</ele>
        <extensions>
          <gpxtpx:TrackPointExtension>
            <gpxtpx:Extensions>
              <reversedirection>yes</reversedirection>
              <highway>secondary</highway>
            </gpxtpx:Extensions>
          </gpxtpx:TrackPointExtension>
        </extensions>
      </trkpt>
      <trkpt lat="48.735221" lon="-0.890172">
        <ele>314.5</ele>
        <extensions>
          <gpxtpx:TrackPointExtension>
            <gpxtpx:Extensions>
              <reversedirection>yes</reversedirection>
              <highway>secondary</highway>
            </gpxtpx:Extensions>
          </gpxtpx:TrackPointExtension>
        </extensions>
      </trkpt>
      <trkpt lat="48.735293" lon="-0.890579">
        <ele>313.5</ele>
        <extensions>
          <gpxtpx:TrackPointExtension>
            <gpxtpx:Extensions>
              <reversedirection>yes</reversedirection>
              <highway>secondary</highway>
            </gpxtpx:Extensions>
          </gpxtpx:TrackPointExtension>
        </extensions>
      </trkpt>
      <trkpt lat="48.735391" lon="-0.890974">
        <ele>312.75</ele>
        <extensions>
          <gpxtpx:TrackPointExtension>
            <gpxtpx:Extensions>
              <reversedirection>yes</reversedirection>
              <highway>secondary</highway>
            </gpxtpx:Extensions>
          </gpxtpx:TrackPointExtension>
        </extensions>
      </trkpt>
      <trkpt lat="48.735508" lon="-0.891313">
        <ele>311.75</ele>
        <extensions>
          <gpxtpx:TrackPointExtension>
            <gpxtpx:Extensions>
              <reversedirection>yes</reversedirection>
              <highway>secondary</highway>
            </gpxtpx:Extensions>
          </gpxtpx:TrackPointExtension>
        </extensions>
      </trkpt>
      <trkpt lat="48.735838" lon="-0.892088">
        <ele>310.5</ele>
        <extensions>
          <gpxtpx:TrackPointExtension>
            <gpxtpx:Extensions>
              <reversedirection>yes</reversedirection>
              <highway>secondary</highway>
            </gpxtpx:Extensions>
          </gpxtpx:TrackPointExtension>
        </extensions>
      </trkpt>
      <trkpt lat="48.735932" lon="-0.892345">
        <ele>309.75</ele>
        <extensions>
          <gpxtpx:TrackPointExtension>
            <gpxtpx:Extensions>
              <reversedirection>yes</reversedirection>
              <highway>secondary</highway>
            </gpxtpx:Extensions>
          </gpxtpx:TrackPointExtension>
        </extensions>
      </trkpt>
      <trkpt lat="48.736" lon="-0.892611">
        <ele>309.5</ele>
        <extensions>
          <gpxtpx:TrackPointExtension>
            <gpxtpx:Extensions>
              <reversedirection>yes</reversedirection>
              <highway>secondary</highway>
            </gpxtpx:Extensions>
          </gpxtpx:TrackPointExtension>
        </extensions>
      </trkpt>
      <trkpt lat="48.736052" lon="-0.892899">
        <ele>309.5</ele>
        <extensions>
          <gpxtpx:TrackPointExtension>
            <gpxtpx:Extensions>
              <reversedirection>yes</reversedirection>
              <highway>secondary</highway>
            </gpxtpx:Extensions>
          </gpxtpx:TrackPointExtension>
        </extensions>
      </trkpt>
      <trkpt lat="48.736072" lon="-0.893178">
        <ele>309</ele>
        <extensions>
          <gpxtpx:TrackPointExtension>
            <gpxtpx:Extensions>
              <reversedirection>yes</reversedirection>
              <highway>secondary</highway>
            </gpxtpx:Extensions>
          </gpxtpx:TrackPointExtension>
        </extensions>
      </trkpt>
      <trkpt lat="48.73607" lon="-0.893494">
        <ele>309.25</ele>
        <extensions>
          <gpxtpx:TrackPointExtension>
            <gpxtpx:Extensions>
              <reversedirection>yes</reversedirection>
              <highway>secondary</highway>
            </gpxtpx:Extensions>
          </gpxtpx:TrackPointExtension>
        </extensions>
      </trkpt>
      <trkpt lat="48.736038" lon="-0.893754">
        <ele>309.75</ele>
        <extensions>
          <gpxtpx:TrackPointExtension>
            <gpxtpx:Extensions>
              <reversedirection>yes</reversedirection>
              <highway>secondary</highway>
            </gpxtpx:Extensions>
          </gpxtpx:TrackPointExtension>
        </extensions>
      </trkpt>
      <trkpt lat="48.735956" lon="-0.894113">
        <ele>310.5</ele>
        <extensions>
          <gpxtpx:TrackPointExtension>
            <gpxtpx:Extensions>
              <reversedirection>yes</reversedirection>
              <highway>secondary</highway>
            </gpxtpx:Extensions>
          </gpxtpx:TrackPointExtension>
        </extensions>
      </trkpt>
      <trkpt lat="48.73588" lon="-0.894338">
        <ele>311</ele>
        <extensions>
          <gpxtpx:TrackPointExtension>
            <gpxtpx:Extensions>
              <reversedirection>yes</reversedirection>
              <highway>secondary</highway>
            </gpxtpx:Extensions>
          </gpxtpx:TrackPointExtension>
        </extensions>
      </trkpt>
      <trkpt lat="48.735804" lon="-0.894521">
        <ele>311</ele>
        <extensions>
          <gpxtpx:TrackPointExtension>
            <gpxtpx:Extensions>
              <reversedirection>yes</reversedirection>
              <highway>secondary</highway>
            </gpxtpx:Extensions>
          </gpxtpx:TrackPointExtension>
        </extensions>
      </trkpt>
      <trkpt lat="48.735665" lon="-0.894803">
        <ele>310.5</ele>
        <extensions>
          <gpxtpx:TrackPointExtension>
            <gpxtpx:Extensions>
              <reversedirection>yes</reversedirection>
              <highway>secondary</highway>
            </gpxtpx:Extensions>
          </gpxtpx:TrackPointExtension>
        </extensions>
      </trkpt>
      <trkpt lat="48.734983" lon="-0.895914">
        <ele>308.75</ele>
        <extensions>
          <gpxtpx:TrackPointExtension>
            <gpxtpx:Extensions>
              <reversedirection>yes</reversedirection>
              <highway>secondary</highway>
            </gpxtpx:Extensions>
          </gpxtpx:TrackPointExtension>
        </extensions>
      </trkpt>
      <trkpt lat="48.734277" lon="-0.897055">
        <ele>307</ele>
        <extensions>
          <gpxtpx:TrackPointExtension>
            <gpxtpx:Extensions>
              <reversedirection>yes</reversedirection>
              <highway>secondary</highway>
            </gpxtpx:Extensions>
          </gpxtpx:TrackPointExtension>
        </extensions>
      </trkpt>
      <trkpt lat="48.733305" lon="-0.898603">
        <ele>304.75</ele>
        <extensions>
          <gpxtpx:TrackPointExtension>
            <gpxtpx:Extensions>
              <reversedirection>yes</reversedirection>
              <highway>secondary</highway>
            </gpxtpx:Extensions>
          </gpxtpx:TrackPointExtension>
        </extensions>
      </trkpt>
      <trkpt lat="48.732956" lon="-0.899166">
        <ele>301</ele>
        <extensions>
          <gpxtpx:TrackPointExtension>
            <gpxtpx:Extensions>
              <reversedirection>yes</reversedirection>
              <highway>secondary</highway>
            </gpxtpx:Extensions>
          </gpxtpx:TrackPointExtension>
        </extensions>
      </trkpt>
      <trkpt lat="48.732764" lon="-0.899551">
        <ele>298.25</ele>
        <extensions>
          <gpxtpx:TrackPointExtension>
            <gpxtpx:Extensions>
              <reversedirection>yes</reversedirection>
              <highway>secondary</highway>
            </gpxtpx:Extensions>
          </gpxtpx:TrackPointExtension>
        </extensions>
      </trkpt>
      <trkpt lat="48.732625" lon="-0.899917">
        <ele>296.5</ele>
        <extensions>
          <gpxtpx:TrackPointExtension>
            <gpxtpx:Extensions>
              <reversedirection>yes</reversedirection>
              <highway>secondary</highway>
            </gpxtpx:Extensions>
          </gpxtpx:TrackPointExtension>
        </extensions>
      </trkpt>
      <trkpt lat="48.732518" lon="-0.900304">
        <ele>295</ele>
        <extensions>
          <gpxtpx:TrackPointExtension>
            <gpxtpx:Extensions>
              <reversedirection>yes</reversedirection>
              <highway>secondary</highway>
            </gpxtpx:Extensions>
          </gpxtpx:TrackPointExtension>
        </extensions>
      </trkpt>
      <trkpt lat="48.732444" lon="-0.900663">
        <ele>294.5</ele>
        <extensions>
          <gpxtpx:TrackPointExtension>
            <gpxtpx:Extensions>
              <reversedirection>yes</reversedirection>
              <highway>secondary</highway>
            </gpxtpx:Extensions>
          </gpxtpx:TrackPointExtension>
        </extensions>
      </trkpt>
      <trkpt lat="48.732401" lon="-0.901009">
        <ele>293.75</ele>
        <extensions>
          <gpxtpx:TrackPointExtension>
            <gpxtpx:Extensions>
              <reversedirection>yes</reversedirection>
              <highway>secondary</highway>
            </gpxtpx:Extensions>
          </gpxtpx:TrackPointExtension>
        </extensions>
      </trkpt>
      <trkpt lat="48.732368" lon="-0.901366">
        <ele>292.75</ele>
        <extensions>
          <gpxtpx:TrackPointExtension>
            <gpxtpx:Extensions>
              <reversedirection>yes</reversedirection>
              <highway>secondary</highway>
            </gpxtpx:Extensions>
          </gpxtpx:TrackPointExtension>
        </extensions>
      </trkpt>
      <trkpt lat="48.732285" lon="-0.903861">
        <ele>287.25</ele>
        <extensions>
          <gpxtpx:TrackPointExtension>
            <gpxtpx:Extensions>
              <reversedirection>yes</reversedirection>
              <highway>secondary</highway>
            </gpxtpx:Extensions>
          </gpxtpx:TrackPointExtension>
        </extensions>
      </trkpt>
      <trkpt lat="48.732238" lon="-0.905317">
        <ele>282.25</ele>
        <extensions>
          <gpxtpx:TrackPointExtension>
            <gpxtpx:Extensions>
              <reversedirection>yes</reversedirection>
              <highway>secondary</highway>
            </gpxtpx:Extensions>
          </gpxtpx:TrackPointExtension>
        </extensions>
      </trkpt>
      <trkpt lat="48.732197" lon="-0.906524">
        <ele>276.5</ele>
        <extensions>
          <gpxtpx:TrackPointExtension>
            <gpxtpx:Extensions>
              <reversedirection>yes</reversedirection>
              <highway>secondary</highway>
            </gpxtpx:Extensions>
          </gpxtpx:TrackPointExtension>
        </extensions>
      </trkpt>
      <trkpt lat="48.732174" lon="-0.906873">
        <ele>275.5</ele>
        <extensions>
          <gpxtpx:TrackPointExtension>
            <gpxtpx:Extensions>
              <reversedirection>yes</reversedirection>
              <highway>secondary</highway>
            </gpxtpx:Extensions>
          </gpxtpx:TrackPointExtension>
        </extensions>
      </trkpt>
      <trkpt lat="48.73213" lon="-0.90715">
        <ele>274.5</ele>
        <extensions>
          <gpxtpx:TrackPointExtension>
            <gpxtpx:Extensions>
              <reversedirection>yes</reversedirection>
              <highway>secondary</highway>
            </gpxtpx:Extensions>
          </gpxtpx:TrackPointExtension>
        </extensions>
      </trkpt>
      <trkpt lat="48.73206" lon="-0.907436">
        <ele>273</ele>
        <extensions>
          <gpxtpx:TrackPointExtension>
            <gpxtpx:Extensions>
              <reversedirection>yes</reversedirection>
              <highway>secondary</highway>
            </gpxtpx:Extensions>
          </gpxtpx:TrackPointExtension>
        </extensions>
      </trkpt>
      <trkpt lat="48.73194" lon="-0.907781">
        <ele>272</ele>
        <extensions>
          <gpxtpx:TrackPointExtension>
            <gpxtpx:Extensions>
              <reversedirection>yes</reversedirection>
              <highway>secondary</highway>
            </gpxtpx:Extensions>
          </gpxtpx:TrackPointExtension>
        </extensions>
      </trkpt>
      <trkpt lat="48.731829" lon="-0.908008">
        <ele>271.25</ele>
        <extensions>
          <gpxtpx:TrackPointExtension>
            <gpxtpx:Extensions>
              <reversedirection>yes</reversedirection>
              <highway>secondary</highway>
            </gpxtpx:Extensions>
          </gpxtpx:TrackPointExtension>
        </extensions>
      </trkpt>
      <trkpt lat="48.731684" lon="-0.908259">
        <ele>270.75</ele>
        <extensions>
          <gpxtpx:TrackPointExtension>
            <gpxtpx:Extensions>
              <reversedirection>yes</reversedirection>
              <highway>secondary</highway>
            </gpxtpx:Extensions>
          </gpxtpx:TrackPointExtension>
        </extensions>
      </trkpt>
      <trkpt lat="48.731523" lon="-0.908481">
        <ele>269.5</ele>
        <extensions>
          <gpxtpx:TrackPointExtension>
            <gpxtpx:Extensions>
              <reversedirection>yes</reversedirection>
              <highway>secondary</highway>
            </gpxtpx:Extensions>
          </gpxtpx:TrackPointExtension>
        </extensions>
      </trkpt>
      <trkpt lat="48.731329" lon="-0.908685">
        <ele>268.25</ele>
        <extensions>
          <gpxtpx:TrackPointExtension>
            <gpxtpx:Extensions>
              <reversedirection>yes</reversedirection>
              <highway>secondary</highway>
            </gpxtpx:Extensions>
          </gpxtpx:TrackPointExtension>
        </extensions>
      </trkpt>
      <trkpt lat="48.730938" lon="-0.909097">
        <ele>266.5</ele>
        <extensions>
          <gpxtpx:TrackPointExtension>
            <gpxtpx:Extensions>
              <reversedirection>yes</reversedirection>
              <highway>secondary</highway>
            </gpxtpx:Extensions>
          </gpxtpx:TrackPointExtension>
        </extensions>
      </trkpt>
      <trkpt lat="48.730102" lon="-0.909976">
        <ele>259.5</ele>
        <extensions>
          <gpxtpx:TrackPointExtension>
            <gpxtpx:Extensions>
              <reversedirection>yes</reversedirection>
              <highway>secondary</highway>
            </gpxtpx:Extensions>
          </gpxtpx:TrackPointExtension>
        </extensions>
      </trkpt>
      <trkpt lat="48.728336" lon="-0.911851">
        <ele>249</ele>
        <extensions>
          <gpxtpx:TrackPointExtension>
            <gpxtpx:Extensions>
              <reversedirection>yes</reversedirection>
              <highway>secondary</highway>
            </gpxtpx:Extensions>
          </gpxtpx:TrackPointExtension>
        </extensions>
      </trkpt>
      <trkpt lat="48.727403" lon="-0.912809">
        <ele>245.75</ele>
        <extensions>
          <gpxtpx:TrackPointExtension>
            <gpxtpx:Extensions>
              <reversedirection>yes</reversedirection>
              <highway>secondary</highway>
            </gpxtpx:Extensions>
          </gpxtpx:TrackPointExtension>
        </extensions>
      </trkpt>
      <trkpt lat="48.726656" lon="-0.913618">
        <ele>243.25</ele>
        <extensions>
          <gpxtpx:TrackPointExtension>
            <gpxtpx:Extensions>
              <reversedirection>yes</reversedirection>
              <highway>secondary</highway>
            </gpxtpx:Extensions>
          </gpxtpx:TrackPointExtension>
        </extensions>
      </trkpt>
      <trkpt lat="48.726497" lon="-0.913775">
        <ele>242.5</ele>
        <extensions>
          <gpxtpx:TrackPointExtension>
            <gpxtpx:Extensions>
              <reversedirection>yes</reversedirection>
              <highway>secondary</highway>
            </gpxtpx:Extensions>
          </gpxtpx:TrackPointExtension>
        </extensions>
      </trkpt>
      <trkpt lat="48.725658" lon="-0.914671">
        <ele>237</ele>
        <extensions>
          <gpxtpx:TrackPointExtension>
            <gpxtpx:Extensions>
              <reversedirection>yes</reversedirection>
              <highway>secondary</highway>
            </gpxtpx:Extensions>
          </gpxtpx:TrackPointExtension>
        </extensions>
      </trkpt>
      <trkpt lat="48.725267" lon="-0.915091">
        <ele>233.75</ele>
        <extensions>
          <gpxtpx:TrackPointExtension>
            <gpxtpx:Extensions>
              <reversedirection>yes</reversedirection>
              <highway>secondary</highway>
            </gpxtpx:Extensions>
          </gpxtpx:TrackPointExtension>
        </extensions>
      </trkpt>
      <trkpt lat="48.725123" lon="-0.915291">
        <ele>232.5</ele>
        <extensions>
          <gpxtpx:TrackPointExtension>
            <gpxtpx:Extensions>
              <reversedirection>yes</reversedirection>
              <highway>secondary</highway>
            </gpxtpx:Extensions>
          </gpxtpx:TrackPointExtension>
        </extensions>
      </trkpt>
      <trkpt lat="48.725019" lon="-0.915485">
        <ele>232</ele>
        <extensions>
          <gpxtpx:TrackPointExtension>
            <gpxtpx:Extensions>
              <reversedirection>yes</reversedirection>
              <highway>secondary</highway>
            </gpxtpx:Extensions>
          </gpxtpx:TrackPointExtension>
        </extensions>
      </trkpt>
      <trkpt lat="48.724932" lon="-0.915685">
        <ele>231.5</ele>
        <extensions>
          <gpxtpx:TrackPointExtension>
            <gpxtpx:Extensions>
              <reversedirection>yes</reversedirection>
              <highway>secondary</highway>
            </gpxtpx:Extensions>
          </gpxtpx:TrackPointExtension>
        </extensions>
      </trkpt>
      <trkpt lat="48.724864" lon="-0.915939">
        <ele>231</ele>
        <extensions>
          <gpxtpx:TrackPointExtension>
            <gpxtpx:Extensions>
              <reversedirection>yes</reversedirection>
              <highway>secondary</highway>
            </gpxtpx:Extensions>
          </gpxtpx:TrackPointExtension>
        </extensions>
      </trkpt>
      <trkpt lat="48.724818" lon="-0.916227">
        <ele>231</ele>
        <extensions>
          <gpxtpx:TrackPointExtension>
            <gpxtpx:Extensions>
              <reversedirection>yes</reversedirection>
              <highway>secondary</highway>
            </gpxtpx:Extensions>
          </gpxtpx:TrackPointExtension>
        </extensions>
      </trkpt>
      <trkpt lat="48.724804" lon="-0.916516">
        <ele>231</ele>
        <extensions>
          <gpxtpx:TrackPointExtension>
            <gpxtpx:Extensions>
              <reversedirection>yes</reversedirection>
              <highway>secondary</highway>
            </gpxtpx:Extensions>
          </gpxtpx:TrackPointExtension>
        </extensions>
      </trkpt>
      <trkpt lat="48.724797" lon="-0.916875">
        <ele>230.75</ele>
        <extensions>
          <gpxtpx:TrackPointExtension>
            <gpxtpx:Extensions>
              <reversedirection>yes</reversedirection>
              <highway>secondary</highway>
            </gpxtpx:Extensions>
          </gpxtpx:TrackPointExtension>
        </extensions>
      </trkpt>
      <trkpt lat="48.724795" lon="-0.916936">
        <ele>230.75</ele>
        <extensions>
          <gpxtpx:TrackPointExtension>
            <gpxtpx:Extensions>
              <reversedirection>yes</reversedirection>
              <highway>secondary</highway>
            </gpxtpx:Extensions>
          </gpxtpx:TrackPointExtension>
        </extensions>
      </trkpt>
      <trkpt lat="48.724791" lon="-0.917403">
        <ele>230.25</ele>
        <extensions>
          <gpxtpx:TrackPointExtension>
            <gpxtpx:Extensions>
              <reversedirection>yes</reversedirection>
              <highway>secondary</highway>
            </gpxtpx:Extensions>
          </gpxtpx:TrackPointExtension>
        </extensions>
      </trkpt>
      <trkpt lat="48.724796" lon="-0.917518">
        <ele>230</ele>
        <extensions>
          <gpxtpx:TrackPointExtension>
            <gpxtpx:Extensions>
              <reversedirection>yes</reversedirection>
              <highway>secondary</highway>
            </gpxtpx:Extensions>
          </gpxtpx:TrackPointExtension>
        </extensions>
      </trkpt>
      <trkpt lat="48.724811" lon="-0.917871">
        <ele>229</ele>
        <extensions>
          <gpxtpx:TrackPointExtension>
            <gpxtpx:Extensions>
              <reversedirection>yes</reversedirection>
              <highway>secondary</highway>
            </gpxtpx:Extensions>
          </gpxtpx:TrackPointExtension>
        </extensions>
      </trkpt>
      <trkpt lat="48.724805" lon="-0.918665">
        <ele>226.5</ele>
        <extensions>
          <gpxtpx:TrackPointExtension>
            <gpxtpx:Extensions>
              <reversedirection>yes</reversedirection>
              <highway>secondary</highway>
            </gpxtpx:Extensions>
          </gpxtpx:TrackPointExtension>
        </extensions>
      </trkpt>
      <trkpt lat="48.724804" lon="-0.9188">
        <ele>226.25</ele>
        <extensions>
          <gpxtpx:TrackPointExtension>
            <gpxtpx:Extensions>
              <reversedirection>yes</reversedirection>
              <highway>secondary</highway>
            </gpxtpx:Extensions>
          </gpxtpx:TrackPointExtension>
        </extensions>
      </trkpt>
      <trkpt lat="48.724801" lon="-0.919431">
        <ele>224.25</ele>
        <extensions>
          <gpxtpx:TrackPointExtension>
            <gpxtpx:Extensions>
              <reversedirection>yes</reversedirection>
              <highway>secondary</highway>
            </gpxtpx:Extensions>
          </gpxtpx:TrackPointExtension>
        </extensions>
      </trkpt>
      <trkpt lat="48.724799" lon="-0.919531">
        <ele>223.75</ele>
        <extensions>
          <gpxtpx:TrackPointExtension>
            <gpxtpx:Extensions>
              <reversedirection>yes</reversedirection>
              <highway>secondary</highway>
            </gpxtpx:Extensions>
          </gpxtpx:TrackPointExtension>
        </extensions>
      </trkpt>
      <trkpt lat="48.724777" lon="-0.919535">
        <ele>223.75</ele>
        <extensions>
          <gpxtpx:TrackPointExtension>
            <gpxtpx:Extensions>
              <highway>primary</highway>
              <junction>roundabout</junction>
            </gpxtpx:Extensions>
          </gpxtpx:TrackPointExtension>
        </extensions>
      </trkpt>
      <trkpt lat="48.724741" lon="-0.919573">
        <ele>223.5</ele>
        <extensions>
          <gpxtpx:TrackPointExtension>
            <gpxtpx:Extensions>
              <highway>primary</highway>
              <junction>roundabout</junction>
            </gpxtpx:Extensions>
          </gpxtpx:TrackPointExtension>
        </extensions>
      </trkpt>
      <trkpt lat="48.724731" lon="-0.919603">
        <ele>223.25</ele>
        <extensions>
          <gpxtpx:TrackPointExtension>
            <gpxtpx:Extensions>
              <highway>primary</highway>
              <junction>roundabout</junction>
            </gpxtpx:Extensions>
          </gpxtpx:TrackPointExtension>
        </extensions>
      </trkpt>
      <trkpt lat="48.724728" lon="-0.919636">
        <ele>223.25</ele>
        <extensions>
          <gpxtpx:TrackPointExtension>
            <gpxtpx:Extensions>
              <highway>primary</highway>
              <junction>roundabout</junction>
            </gpxtpx:Extensions>
          </gpxtpx:TrackPointExtension>
        </extensions>
      </trkpt>
      <trkpt lat="48.724628" lon="-0.919636">
        <ele>223</ele>
        <extensions>
          <gpxtpx:TrackPointExtension>
            <gpxtpx:Extensions>
              <reversedirection>yes</reversedirection>
              <highway>primary</highway>
              <surface>asphalt</surface>
            </gpxtpx:Extensions>
          </gpxtpx:TrackPointExtension>
        </extensions>
      </trkpt>
      <trkpt lat="48.723889" lon="-0.91963">
        <ele>221.5</ele>
        <extensions>
          <gpxtpx:TrackPointExtension>
            <gpxtpx:Extensions>
              <reversedirection>yes</reversedirection>
              <highway>primary</highway>
              <surface>asphalt</surface>
            </gpxtpx:Extensions>
          </gpxtpx:TrackPointExtension>
        </extensions>
      </trkpt>
      <trkpt lat="48.723405" lon="-0.919619">
        <ele>220</ele>
        <extensions>
          <gpxtpx:TrackPointExtension>
            <gpxtpx:Extensions>
              <reversedirection>yes</reversedirection>
              <highway>primary</highway>
            </gpxtpx:Extensions>
          </gpxtpx:TrackPointExtension>
        </extensions>
      </trkpt>
      <trkpt lat="48.722915" lon="-0.91965">
        <ele>218.5</ele>
        <extensions>
          <gpxtpx:TrackPointExtension>
            <gpxtpx:Extensions>
              <reversedirection>yes</reversedirection>
              <highway>primary</highway>
            </gpxtpx:Extensions>
          </gpxtpx:TrackPointExtension>
        </extensions>
      </trkpt>
      <trkpt lat="48.722803" lon="-0.919662">
        <ele>218.25</ele>
        <extensions>
          <gpxtpx:TrackPointExtension>
            <gpxtpx:Extensions>
              <reversedirection>yes</reversedirection>
              <highway>primary</highway>
            </gpxtpx:Extensions>
          </gpxtpx:TrackPointExtension>
        </extensions>
      </trkpt>
      <trkpt lat="48.72263" lon="-0.919723">
        <ele>217.75</ele>
        <extensions>
          <gpxtpx:TrackPointExtension>
            <gpxtpx:Extensions>
              <reversedirection>yes</reversedirection>
              <highway>primary</highway>
            </gpxtpx:Extensions>
          </gpxtpx:TrackPointExtension>
        </extensions>
      </trkpt>
      <trkpt lat="48.722489" lon="-0.919792">
        <ele>217.5</ele>
        <extensions>
          <gpxtpx:TrackPointExtension>
            <gpxtpx:Extensions>
              <reversedirection>yes</reversedirection>
              <highway>primary</highway>
            </gpxtpx:Extensions>
          </gpxtpx:TrackPointExtension>
        </extensions>
      </trkpt>
      <trkpt lat="48.722419" lon="-0.919843">
        <ele>217</ele>
        <extensions>
          <gpxtpx:TrackPointExtension>
            <gpxtpx:Extensions>
              <reversedirection>yes</reversedirection>
              <highway>primary</highway>
            </gpxtpx:Extensions>
          </gpxtpx:TrackPointExtension>
        </extensions>
      </trkpt>
      <trkpt lat="48.721991" lon="-0.920254">
        <ele>213.25</ele>
        <extensions>
          <gpxtpx:TrackPointExtension>
            <gpxtpx:Extensions>
              <reversedirection>yes</reversedirection>
              <highway>primary</highway>
            </gpxtpx:Extensions>
          </gpxtpx:TrackPointExtension>
        </extensions>
      </trkpt>
      <trkpt lat="48.721922" lon="-0.920322">
        <ele>212.75</ele>
        <extensions>
          <gpxtpx:TrackPointExtension>
            <gpxtpx:Extensions>
              <reversedirection>yes</reversedirection>
              <highway>primary</highway>
            </gpxtpx:Extensions>
          </gpxtpx:TrackPointExtension>
        </extensions>
      </trkpt>
      <trkpt lat="48.720749" lon="-0.921475">
        <ele>204.5</ele>
        <extensions>
          <gpxtpx:TrackPointExtension>
            <gpxtpx:Extensions>
              <reversedirection>yes</reversedirection>
              <highway>primary</highway>
            </gpxtpx:Extensions>
          </gpxtpx:TrackPointExtension>
        </extensions>
      </trkpt>
      <trkpt lat="48.72014" lon="-0.92209">
        <ele>201</ele>
        <extensions>
          <gpxtpx:TrackPointExtension>
            <gpxtpx:Extensions>
              <reversedirection>yes</reversedirection>
              <highway>primary</highway>
            </gpxtpx:Extensions>
          </gpxtpx:TrackPointExtension>
        </extensions>
      </trkpt>
      <trkpt lat="48.719373" lon="-0.922868">
        <ele>195.75</ele>
        <extensions>
          <gpxtpx:TrackPointExtension>
            <gpxtpx:Extensions>
              <reversedirection>yes</reversedirection>
              <highway>primary</highway>
            </gpxtpx:Extensions>
          </gpxtpx:TrackPointExtension>
        </extensions>
      </trkpt>
      <trkpt lat="48.71923" lon="-0.923027">
        <ele>195.25</ele>
        <extensions>
          <gpxtpx:TrackPointExtension>
            <gpxtpx:Extensions>
              <reversedirection>yes</reversedirection>
              <highway>primary</highway>
            </gpxtpx:Extensions>
          </gpxtpx:TrackPointExtension>
        </extensions>
      </trkpt>
      <trkpt lat="48.718956" lon="-0.923299">
        <ele>194.5</ele>
        <extensions>
          <gpxtpx:TrackPointExtension>
            <gpxtpx:Extensions>
              <reversedirection>yes</reversedirection>
              <highway>primary</highway>
            </gpxtpx:Extensions>
          </gpxtpx:TrackPointExtension>
        </extensions>
      </trkpt>
      <trkpt lat="48.718453" lon="-0.923776">
        <ele>192.5</ele>
        <extensions>
          <gpxtpx:TrackPointExtension>
            <gpxtpx:Extensions>
              <reversedirection>yes</reversedirection>
              <highway>primary</highway>
            </gpxtpx:Extensions>
          </gpxtpx:TrackPointExtension>
        </extensions>
      </trkpt>
      <trkpt lat="48.718196" lon="-0.923933">
        <ele>191.75</ele>
        <extensions>
          <gpxtpx:TrackPointExtension>
            <gpxtpx:Extensions>
              <reversedirection>yes</reversedirection>
              <highway>primary</highway>
            </gpxtpx:Extensions>
          </gpxtpx:TrackPointExtension>
        </extensions>
      </trkpt>
      <trkpt lat="48.717952" lon="-0.924023">
        <ele>191.25</ele>
        <extensions>
          <gpxtpx:TrackPointExtension>
            <gpxtpx:Extensions>
              <reversedirection>yes</reversedirection>
              <highway>primary</highway>
            </gpxtpx:Extensions>
          </gpxtpx:TrackPointExtension>
        </extensions>
      </trkpt>
      <trkpt lat="48.717511" lon="-0.924098">
        <ele>189.75</ele>
        <extensions>
          <gpxtpx:TrackPointExtension>
            <gpxtpx:Extensions>
              <reversedirection>yes</reversedirection>
              <highway>primary</highway>
            </gpxtpx:Extensions>
          </gpxtpx:TrackPointExtension>
        </extensions>
      </trkpt>
      <trkpt lat="48.716466" lon="-0.924327">
        <ele>184</ele>
        <extensions>
          <gpxtpx:TrackPointExtension>
            <gpxtpx:Extensions>
              <reversedirection>yes</reversedirection>
              <highway>primary</highway>
            </gpxtpx:Extensions>
          </gpxtpx:TrackPointExtension>
        </extensions>
      </trkpt>
      <trkpt lat="48.715159" lon="-0.924615">
        <ele>180.5</ele>
        <extensions>
          <gpxtpx:TrackPointExtension>
            <gpxtpx:Extensions>
              <reversedirection>yes</reversedirection>
              <highway>primary</highway>
            </gpxtpx:Extensions>
          </gpxtpx:TrackPointExtension>
        </extensions>
      </trkpt>
      <trkpt lat="48.714048" lon="-0.924855">
        <ele>174.5</ele>
        <extensions>
          <gpxtpx:TrackPointExtension>
            <gpxtpx:Extensions>
              <reversedirection>yes</reversedirection>
              <highway>primary</highway>
            </gpxtpx:Extensions>
          </gpxtpx:TrackPointExtension>
        </extensions>
      </trkpt>
      <trkpt lat="48.712999" lon="-0.925088">
        <ele>167.75</ele>
        <extensions>
          <gpxtpx:TrackPointExtension>
            <gpxtpx:Extensions>
              <reversedirection>yes</reversedirection>
              <highway>primary</highway>
            </gpxtpx:Extensions>
          </gpxtpx:TrackPointExtension>
        </extensions>
      </trkpt>
      <trkpt lat="48.712407" lon="-0.925219">
        <ele>166.25</ele>
        <extensions>
          <gpxtpx:TrackPointExtension>
            <gpxtpx:Extensions>
              <reversedirection>yes</reversedirection>
              <highway>primary</highway>
            </gpxtpx:Extensions>
          </gpxtpx:TrackPointExtension>
        </extensions>
      </trkpt>
      <trkpt lat="48.712293" lon="-0.925241">
        <ele>166.5</ele>
        <extensions>
          <gpxtpx:TrackPointExtension>
            <gpxtpx:Extensions>
              <reversedirection>yes</reversedirection>
              <highway>primary</highway>
            </gpxtpx:Extensions>
          </gpxtpx:TrackPointExtension>
        </extensions>
      </trkpt>
      <trkpt lat="48.710413" lon="-0.925616">
        <ele>171.75</ele>
        <extensions>
          <gpxtpx:TrackPointExtension>
            <gpxtpx:Extensions>
              <reversedirection>yes</reversedirection>
              <highway>primary</highway>
            </gpxtpx:Extensions>
          </gpxtpx:TrackPointExtension>
        </extensions>
      </trkpt>
      <trkpt lat="48.708203" lon="-0.926142">
        <ele>185</ele>
        <extensions>
          <gpxtpx:TrackPointExtension>
            <gpxtpx:Extensions>
              <reversedirection>yes</reversedirection>
              <highway>primary</highway>
            </gpxtpx:Extensions>
          </gpxtpx:TrackPointExtension>
        </extensions>
      </trkpt>
      <trkpt lat="48.703894" lon="-0.927043">
        <ele>193.75</ele>
        <extensions>
          <gpxtpx:TrackPointExtension>
            <gpxtpx:Extensions>
              <reversedirection>yes</reversedirection>
              <highway>primary</highway>
            </gpxtpx:Extensions>
          </gpxtpx:TrackPointExtension>
        </extensions>
      </trkpt>
      <trkpt lat="48.703119" lon="-0.927219">
        <ele>194.5</ele>
        <extensions>
          <gpxtpx:TrackPointExtension>
            <gpxtpx:Extensions>
              <reversedirection>yes</reversedirection>
              <highway>primary</highway>
            </gpxtpx:Extensions>
          </gpxtpx:TrackPointExtension>
        </extensions>
      </trkpt>
      <trkpt lat="48.702424" lon="-0.927368">
        <ele>195.5</ele>
        <extensions>
          <gpxtpx:TrackPointExtension>
            <gpxtpx:Extensions>
              <reversedirection>yes</reversedirection>
              <highway>primary</highway>
            </gpxtpx:Extensions>
          </gpxtpx:TrackPointExtension>
        </extensions>
      </trkpt>
      <trkpt lat="48.702137" lon="-0.927499">
        <ele>196.5</ele>
        <extensions>
          <gpxtpx:TrackPointExtension>
            <gpxtpx:Extensions>
              <reversedirection>yes</reversedirection>
              <highway>primary</highway>
            </gpxtpx:Extensions>
          </gpxtpx:TrackPointExtension>
        </extensions>
      </trkpt>
      <trkpt lat="48.701919" lon="-0.927646">
        <ele>197.5</ele>
        <extensions>
          <gpxtpx:TrackPointExtension>
            <gpxtpx:Extensions>
              <reversedirection>yes</reversedirection>
              <highway>primary</highway>
            </gpxtpx:Extensions>
          </gpxtpx:TrackPointExtension>
        </extensions>
      </trkpt>
      <trkpt lat="48.701708" lon="-0.927836">
        <ele>198.5</ele>
        <extensions>
          <gpxtpx:TrackPointExtension>
            <gpxtpx:Extensions>
              <reversedirection>yes</reversedirection>
              <highway>primary</highway>
            </gpxtpx:Extensions>
          </gpxtpx:TrackPointExtension>
        </extensions>
      </trkpt>
      <trkpt lat="48.701499" lon="-0.928064">
        <ele>201</ele>
        <extensions>
          <gpxtpx:TrackPointExtension>
            <gpxtpx:Extensions>
              <reversedirection>yes</reversedirection>
              <highway>primary</highway>
            </gpxtpx:Extensions>
          </gpxtpx:TrackPointExtension>
        </extensions>
      </trkpt>
      <trkpt lat="48.701256" lon="-0.928416">
        <ele>204.25</ele>
        <extensions>
          <gpxtpx:TrackPointExtension>
            <gpxtpx:Extensions>
              <reversedirection>yes</reversedirection>
              <highway>primary</highway>
            </gpxtpx:Extensions>
          </gpxtpx:TrackPointExtension>
        </extensions>
      </trkpt>
      <trkpt lat="48.701046" lon="-0.928819">
        <ele>206.25</ele>
        <extensions>
          <gpxtpx:TrackPointExtension>
            <gpxtpx:Extensions>
              <reversedirection>yes</reversedirection>
              <highway>primary</highway>
            </gpxtpx:Extensions>
          </gpxtpx:TrackPointExtension>
        </extensions>
      </trkpt>
      <trkpt lat="48.700906" lon="-0.929223">
        <ele>207</ele>
        <extensions>
          <gpxtpx:TrackPointExtension>
            <gpxtpx:Extensions>
              <reversedirection>yes</reversedirection>
              <highway>primary</highway>
            </gpxtpx:Extensions>
          </gpxtpx:TrackPointExtension>
        </extensions>
      </trkpt>
      <trkpt lat="48.700793" lon="-0.929697">
        <ele>208.75</ele>
        <extensions>
          <gpxtpx:TrackPointExtension>
            <gpxtpx:Extensions>
              <reversedirection>yes</reversedirection>
              <highway>primary</highway>
            </gpxtpx:Extensions>
          </gpxtpx:TrackPointExtension>
        </extensions>
      </trkpt>
      <trkpt lat="48.700659" lon="-0.930805">
        <ele>213.75</ele>
        <extensions>
          <gpxtpx:TrackPointExtension>
            <gpxtpx:Extensions>
              <reversedirection>yes</reversedirection>
              <highway>primary</highway>
            </gpxtpx:Extensions>
          </gpxtpx:TrackPointExtension>
        </extensions>
      </trkpt>
      <trkpt lat="48.700612" lon="-0.931666">
        <ele>219.5</ele>
        <extensions>
          <gpxtpx:TrackPointExtension>
            <gpxtpx:Extensions>
              <reversedirection>yes</reversedirection>
              <highway>primary</highway>
            </gpxtpx:Extensions>
          </gpxtpx:TrackPointExtension>
        </extensions>
      </trkpt>
      <trkpt lat="48.700614" lon="-0.932285">
        <ele>224.5</ele>
        <extensions>
          <gpxtpx:TrackPointExtension>
            <gpxtpx:Extensions>
              <reversedirection>yes</reversedirection>
              <highway>primary</highway>
            </gpxtpx:Extensions>
          </gpxtpx:TrackPointExtension>
        </extensions>
      </trkpt>
      <trkpt lat="48.700703" lon="-0.933558">
        <ele>228.5</ele>
        <extensions>
          <gpxtpx:TrackPointExtension>
            <gpxtpx:Extensions>
              <reversedirection>yes</reversedirection>
              <highway>primary</highway>
            </gpxtpx:Extensions>
          </gpxtpx:TrackPointExtension>
        </extensions>
      </trkpt>
      <trkpt lat="48.700791" lon="-0.9352">
        <ele>236.5</ele>
        <extensions>
          <gpxtpx:TrackPointExtension>
            <gpxtpx:Extensions>
              <reversedirection>yes</reversedirection>
              <highway>primary</highway>
            </gpxtpx:Extensions>
          </gpxtpx:TrackPointExtension>
        </extensions>
      </trkpt>
      <trkpt lat="48.700859" lon="-0.935839">
        <ele>241</ele>
        <extensions>
          <gpxtpx:TrackPointExtension>
            <gpxtpx:Extensions>
              <reversedirection>yes</reversedirection>
              <highway>primary</highway>
            </gpxtpx:Extensions>
          </gpxtpx:TrackPointExtension>
        </extensions>
      </trkpt>
      <trkpt lat="48.701074" lon="-0.936996">
        <ele>241.75</ele>
        <extensions>
          <gpxtpx:TrackPointExtension>
            <gpxtpx:Extensions>
              <reversedirection>yes</reversedirection>
              <highway>primary</highway>
            </gpxtpx:Extensions>
          </gpxtpx:TrackPointExtension>
        </extensions>
      </trkpt>
      <trkpt lat="48.701103" lon="-0.937281">
        <ele>241.5</ele>
        <extensions>
          <gpxtpx:TrackPointExtension>
            <gpxtpx:Extensions>
              <reversedirection>yes</reversedirection>
              <highway>primary</highway>
            </gpxtpx:Extensions>
          </gpxtpx:TrackPointExtension>
        </extensions>
      </trkpt>
      <trkpt lat="48.701122" lon="-0.937566">
        <ele>241.25</ele>
        <extensions>
          <gpxtpx:TrackPointExtension>
            <gpxtpx:Extensions>
              <reversedirection>yes</reversedirection>
              <highway>primary</highway>
            </gpxtpx:Extensions>
          </gpxtpx:TrackPointExtension>
        </extensions>
      </trkpt>
      <trkpt lat="48.70112" lon="-0.937926">
        <ele>240.25</ele>
        <extensions>
          <gpxtpx:TrackPointExtension>
            <gpxtpx:Extensions>
              <reversedirection>yes</reversedirection>
              <highway>primary</highway>
            </gpxtpx:Extensions>
          </gpxtpx:TrackPointExtension>
        </extensions>
      </trkpt>
      <trkpt lat="48.701063" lon="-0.939453">
        <ele>240.5</ele>
        <extensions>
          <gpxtpx:TrackPointExtension>
            <gpxtpx:Extensions>
              <reversedirection>yes</reversedirection>
              <highway>primary</highway>
            </gpxtpx:Extensions>
          </gpxtpx:TrackPointExtension>
        </extensions>
      </trkpt>
      <trkpt lat="48.701072" lon="-0.939654">
        <ele>242.25</ele>
        <extensions>
          <gpxtpx:TrackPointExtension>
            <gpxtpx:Extensions>
              <reversedirection>yes</reversedirection>
              <highway>primary</highway>
            </gpxtpx:Extensions>
          </gpxtpx:TrackPointExtension>
        </extensions>
      </trkpt>
      <trkpt lat="48.701093" lon="-0.939847">
        <ele>243.5</ele>
        <extensions>
          <gpxtpx:TrackPointExtension>
            <gpxtpx:Extensions>
              <reversedirection>yes</reversedirection>
              <highway>primary</highway>
            </gpxtpx:Extensions>
          </gpxtpx:TrackPointExtension>
        </extensions>
      </trkpt>
      <trkpt lat="48.70116" lon="-0.940194">
        <ele>244</ele>
        <extensions>
          <gpxtpx:TrackPointExtension>
            <gpxtpx:Extensions>
              <reversedirection>yes</reversedirection>
              <highway>primary</highway>
            </gpxtpx:Extensions>
          </gpxtpx:TrackPointExtension>
        </extensions>
      </trkpt>
      <trkpt lat="48.701188" lon="-0.940387">
        <ele>244</ele>
        <extensions>
          <gpxtpx:TrackPointExtension>
            <gpxtpx:Extensions>
              <reversedirection>yes</reversedirection>
              <highway>primary</highway>
            </gpxtpx:Extensions>
          </gpxtpx:TrackPointExtension>
        </extensions>
      </trkpt>
      <trkpt lat="48.701191" lon="-0.940595">
        <ele>244.5</ele>
        <extensions>
          <gpxtpx:TrackPointExtension>
            <gpxtpx:Extensions>
              <reversedirection>yes</reversedirection>
              <highway>primary</highway>
            </gpxtpx:Extensions>
          </gpxtpx:TrackPointExtension>
        </extensions>
      </trkpt>
      <trkpt lat="48.701158" lon="-0.940773">
        <ele>245.75</ele>
        <extensions>
          <gpxtpx:TrackPointExtension>
            <gpxtpx:Extensions>
              <reversedirection>yes</reversedirection>
              <highway>primary</highway>
            </gpxtpx:Extensions>
          </gpxtpx:TrackPointExtension>
        </extensions>
      </trkpt>
      <trkpt lat="48.701126" lon="-0.940896">
        <ele>246.75</ele>
        <extensions>
          <gpxtpx:TrackPointExtension>
            <gpxtpx:Extensions>
              <reversedirection>yes</reversedirection>
              <highway>primary</highway>
            </gpxtpx:Extensions>
          </gpxtpx:TrackPointExtension>
        </extensions>
      </trkpt>
      <trkpt lat="48.701004" lon="-0.941078">
        <ele>249.5</ele>
        <extensions>
          <gpxtpx:TrackPointExtension>
            <gpxtpx:Extensions>
              <reversedirection>yes</reversedirection>
              <highway>primary</highway>
            </gpxtpx:Extensions>
          </gpxtpx:TrackPointExtension>
        </extensions>
      </trkpt>
      <trkpt lat="48.700862" lon="-0.941185">
        <ele>252.25</ele>
        <extensions>
          <gpxtpx:TrackPointExtension>
            <gpxtpx:Extensions>
              <reversedirection>yes</reversedirection>
              <highway>primary</highway>
            </gpxtpx:Extensions>
          </gpxtpx:TrackPointExtension>
        </extensions>
      </trkpt>
      <trkpt lat="48.700797" lon="-0.94119">
        <ele>253.25</ele>
        <extensions>
          <gpxtpx:TrackPointExtension>
            <gpxtpx:Extensions>
              <reversedirection>yes</reversedirection>
              <highway>primary</highway>
            </gpxtpx:Extensions>
          </gpxtpx:TrackPointExtension>
        </extensions>
      </trkpt>
      <trkpt lat="48.700588" lon="-0.941146">
        <ele>256</ele>
        <extensions>
          <gpxtpx:TrackPointExtension>
            <gpxtpx:Extensions>
              <reversedirection>yes</reversedirection>
              <highway>primary</highway>
            </gpxtpx:Extensions>
          </gpxtpx:TrackPointExtension>
        </extensions>
      </trkpt>
      <trkpt lat="48.700475" lon="-0.941067">
        <ele>257.25</ele>
        <extensions>
          <gpxtpx:TrackPointExtension>
            <gpxtpx:Extensions>
              <reversedirection>yes</reversedirection>
              <highway>primary</highway>
            </gpxtpx:Extensions>
          </gpxtpx:TrackPointExtension>
        </extensions>
      </trkpt>
      <trkpt lat="48.700383" lon="-0.940948">
        <ele>257.75</ele>
        <extensions>
          <gpxtpx:TrackPointExtension>
            <gpxtpx:Extensions>
              <reversedirection>yes</reversedirection>
              <highway>primary</highway>
            </gpxtpx:Extensions>
          </gpxtpx:TrackPointExtension>
        </extensions>
      </trkpt>
      <trkpt lat="48.700313" lon="-0.940804">
        <ele>258</ele>
        <extensions>
          <gpxtpx:TrackPointExtension>
            <gpxtpx:Extensions>
              <reversedirection>yes</reversedirection>
              <highway>primary</highway>
            </gpxtpx:Extensions>
          </gpxtpx:TrackPointExtension>
        </extensions>
      </trkpt>
      <trkpt lat="48.700228" lon="-0.940451">
        <ele>258.25</ele>
        <extensions>
          <gpxtpx:TrackPointExtension>
            <gpxtpx:Extensions>
              <reversedirection>yes</reversedirection>
              <highway>primary</highway>
            </gpxtpx:Extensions>
          </gpxtpx:TrackPointExtension>
        </extensions>
      </trkpt>
      <trkpt lat="48.700107" lon="-0.939868">
        <ele>257.5</ele>
        <extensions>
          <gpxtpx:TrackPointExtension>
            <gpxtpx:Extensions>
              <reversedirection>yes</reversedirection>
              <highway>primary</highway>
            </gpxtpx:Extensions>
          </gpxtpx:TrackPointExtension>
        </extensions>
      </trkpt>
      <trkpt lat="48.700019" lon="-0.939511">
        <ele>257.5</ele>
        <extensions>
          <gpxtpx:TrackPointExtension>
            <gpxtpx:Extensions>
              <reversedirection>yes</reversedirection>
              <highway>primary</highway>
            </gpxtpx:Extensions>
          </gpxtpx:TrackPointExtension>
        </extensions>
      </trkpt>
      <trkpt lat="48.699894" lon="-0.939161">
        <ele>257</ele>
        <extensions>
          <gpxtpx:TrackPointExtension>
            <gpxtpx:Extensions>
              <reversedirection>yes</reversedirection>
              <highway>primary</highway>
            </gpxtpx:Extensions>
          </gpxtpx:TrackPointExtension>
        </extensions>
      </trkpt>
      <trkpt lat="48.699766" lon="-0.938861">
        <ele>258.75</ele>
        <extensions>
          <gpxtpx:TrackPointExtension>
            <gpxtpx:Extensions>
              <reversedirection>yes</reversedirection>
              <highway>primary</highway>
            </gpxtpx:Extensions>
          </gpxtpx:TrackPointExtension>
        </extensions>
      </trkpt>
      <trkpt lat="48.699653" lon="-0.938599">
        <ele>260</ele>
        <extensions>
          <gpxtpx:TrackPointExtension>
            <gpxtpx:Extensions>
              <reversedirection>yes</reversedirection>
              <highway>primary</highway>
            </gpxtpx:Extensions>
          </gpxtpx:TrackPointExtension>
        </extensions>
      </trkpt>
      <trkpt lat="48.699419" lon="-0.938195">
        <ele>261</ele>
        <extensions>
          <gpxtpx:TrackPointExtension>
            <gpxtpx:Extensions>
              <reversedirection>yes</reversedirection>
              <highway>primary</highway>
            </gpxtpx:Extensions>
          </gpxtpx:TrackPointExtension>
        </extensions>
      </trkpt>
      <trkpt lat="48.699173" lon="-0.937841">
        <ele>261.75</ele>
        <extensions>
          <gpxtpx:TrackPointExtension>
            <gpxtpx:Extensions>
              <reversedirection>yes</reversedirection>
              <highway>primary</highway>
            </gpxtpx:Extensions>
          </gpxtpx:TrackPointExtension>
        </extensions>
      </trkpt>
      <trkpt lat="48.698912" lon="-0.937558">
        <ele>261</ele>
        <extensions>
          <gpxtpx:TrackPointExtension>
            <gpxtpx:Extensions>
              <reversedirection>yes</reversedirection>
              <highway>primary</highway>
            </gpxtpx:Extensions>
          </gpxtpx:TrackPointExtension>
        </extensions>
      </trkpt>
      <trkpt lat="48.698657" lon="-0.937308">
        <ele>260.25</ele>
        <extensions>
          <gpxtpx:TrackPointExtension>
            <gpxtpx:Extensions>
              <reversedirection>yes</reversedirection>
              <highway>primary</highway>
            </gpxtpx:Extensions>
          </gpxtpx:TrackPointExtension>
        </extensions>
      </trkpt>
      <trkpt lat="48.698106" lon="-0.93689">
        <ele>260</ele>
        <extensions>
          <gpxtpx:TrackPointExtension>
            <gpxtpx:Extensions>
              <reversedirection>yes</reversedirection>
              <highway>primary</highway>
            </gpxtpx:Extensions>
          </gpxtpx:TrackPointExtension>
        </extensions>
      </trkpt>
      <trkpt lat="48.697669" lon="-0.936498">
        <ele>261.5</ele>
        <extensions>
          <gpxtpx:TrackPointExtension>
            <gpxtpx:Extensions>
              <reversedirection>yes</reversedirection>
              <highway>primary</highway>
            </gpxtpx:Extensions>
          </gpxtpx:TrackPointExtension>
        </extensions>
      </trkpt>
      <trkpt lat="48.697304" lon="-0.936132">
        <ele>263.5</ele>
        <extensions>
          <gpxtpx:TrackPointExtension>
            <gpxtpx:Extensions>
              <reversedirection>yes</reversedirection>
              <highway>primary</highway>
            </gpxtpx:Extensions>
          </gpxtpx:TrackPointExtension>
        </extensions>
      </trkpt>
      <trkpt lat="48.697019" lon="-0.935784">
        <ele>264.75</ele>
        <extensions>
          <gpxtpx:TrackPointExtension>
            <gpxtpx:Extensions>
              <reversedirection>yes</reversedirection>
              <highway>primary</highway>
            </gpxtpx:Extensions>
          </gpxtpx:TrackPointExtension>
        </extensions>
      </trkpt>
      <trkpt lat="48.696777" lon="-0.935453">
        <ele>265</ele>
        <extensions>
          <gpxtpx:TrackPointExtension>
            <gpxtpx:Extensions>
              <reversedirection>yes</reversedirection>
              <highway>primary</highway>
            </gpxtpx:Extensions>
          </gpxtpx:TrackPointExtension>
        </extensions>
      </trkpt>
      <trkpt lat="48.696454" lon="-0.934945">
        <ele>266</ele>
        <extensions>
          <gpxtpx:TrackPointExtension>
            <gpxtpx:Extensions>
              <reversedirection>yes</reversedirection>
              <highway>primary</highway>
            </gpxtpx:Extensions>
          </gpxtpx:TrackPointExtension>
        </extensions>
      </trkpt>
      <trkpt lat="48.69621" lon="-0.934411">
        <ele>267.25</ele>
        <extensions>
          <gpxtpx:TrackPointExtension>
            <gpxtpx:Extensions>
              <reversedirection>yes</reversedirection>
              <highway>primary</highway>
            </gpxtpx:Extensions>
          </gpxtpx:TrackPointExtension>
        </extensions>
      </trkpt>
      <trkpt lat="48.696012" lon="-0.933918">
        <ele>268</ele>
        <extensions>
          <gpxtpx:TrackPointExtension>
            <gpxtpx:Extensions>
              <reversedirection>yes</reversedirection>
              <highway>primary</highway>
            </gpxtpx:Extensions>
          </gpxtpx:TrackPointExtension>
        </extensions>
      </trkpt>
      <trkpt lat="48.695864" lon="-0.933427">
        <ele>269.5</ele>
        <extensions>
          <gpxtpx:TrackPointExtension>
            <gpxtpx:Extensions>
              <reversedirection>yes</reversedirection>
              <highway>primary</highway>
            </gpxtpx:Extensions>
          </gpxtpx:TrackPointExtension>
        </extensions>
      </trkpt>
      <trkpt lat="48.695649" lon="-0.932386">
        <ele>272.5</ele>
        <extensions>
          <gpxtpx:TrackPointExtension>
            <gpxtpx:Extensions>
              <reversedirection>yes</reversedirection>
              <highway>primary</highway>
            </gpxtpx:Extensions>
          </gpxtpx:TrackPointExtension>
        </extensions>
      </trkpt>
      <trkpt lat="48.695557" lon="-0.932132">
        <ele>272.75</ele>
        <extensions>
          <gpxtpx:TrackPointExtension>
            <gpxtpx:Extensions>
              <reversedirection>yes</reversedirection>
              <highway>primary</highway>
            </gpxtpx:Extensions>
          </gpxtpx:TrackPointExtension>
        </extensions>
      </trkpt>
      <trkpt lat="48.695467" lon="-0.931959">
        <ele>272.75</ele>
        <extensions>
          <gpxtpx:TrackPointExtension>
            <gpxtpx:Extensions>
              <reversedirection>yes</reversedirection>
              <highway>primary</highway>
            </gpxtpx:Extensions>
          </gpxtpx:TrackPointExtension>
        </extensions>
      </trkpt>
      <trkpt lat="48.695392" lon="-0.931851">
        <ele>272.75</ele>
        <extensions>
          <gpxtpx:TrackPointExtension>
            <gpxtpx:Extensions>
              <reversedirection>yes</reversedirection>
              <highway>primary</highway>
            </gpxtpx:Extensions>
          </gpxtpx:TrackPointExtension>
        </extensions>
      </trkpt>
      <trkpt lat="48.695215" lon="-0.931696">
        <ele>272.75</ele>
        <extensions>
          <gpxtpx:TrackPointExtension>
            <gpxtpx:Extensions>
              <reversedirection>yes</reversedirection>
              <highway>primary</highway>
            </gpxtpx:Extensions>
          </gpxtpx:TrackPointExtension>
        </extensions>
      </trkpt>
      <trkpt lat="48.694953" lon="-0.931535">
        <ele>272.75</ele>
        <extensions>
          <gpxtpx:TrackPointExtension>
            <gpxtpx:Extensions>
              <reversedirection>yes</reversedirection>
              <highway>primary</highway>
            </gpxtpx:Extensions>
          </gpxtpx:TrackPointExtension>
        </extensions>
      </trkpt>
      <trkpt lat="48.694252" lon="-0.931217">
        <ele>274.75</ele>
        <extensions>
          <gpxtpx:TrackPointExtension>
            <gpxtpx:Extensions>
              <reversedirection>yes</reversedirection>
              <highway>primary</highway>
            </gpxtpx:Extensions>
          </gpxtpx:TrackPointExtension>
        </extensions>
      </trkpt>
      <trkpt lat="48.690372" lon="-0.929504">
        <ele>290.5</ele>
        <extensions>
          <gpxtpx:TrackPointExtension>
            <gpxtpx:Extensions>
              <reversedirection>yes</reversedirection>
              <highway>primary</highway>
            </gpxtpx:Extensions>
          </gpxtpx:TrackPointExtension>
        </extensions>
      </trkpt>
      <trkpt lat="48.689608" lon="-0.929166">
        <ele>293</ele>
        <extensions>
          <gpxtpx:TrackPointExtension>
            <gpxtpx:Extensions>
              <reversedirection>yes</reversedirection>
              <highway>primary</highway>
            </gpxtpx:Extensions>
          </gpxtpx:TrackPointExtension>
        </extensions>
      </trkpt>
      <trkpt lat="48.689177" lon="-0.929095">
        <ele>293.25</ele>
        <extensions>
          <gpxtpx:TrackPointExtension>
            <gpxtpx:Extensions>
              <reversedirection>yes</reversedirection>
              <highway>primary</highway>
            </gpxtpx:Extensions>
          </gpxtpx:TrackPointExtension>
        </extensions>
      </trkpt>
      <trkpt lat="48.688824" lon="-0.929061">
        <ele>294</ele>
        <extensions>
          <gpxtpx:TrackPointExtension>
            <gpxtpx:Extensions>
              <reversedirection>yes</reversedirection>
              <highway>primary</highway>
            </gpxtpx:Extensions>
          </gpxtpx:TrackPointExtension>
        </extensions>
      </trkpt>
      <trkpt lat="48.688515" lon="-0.929081">
        <ele>294.75</ele>
        <extensions>
          <gpxtpx:TrackPointExtension>
            <gpxtpx:Extensions>
              <reversedirection>yes</reversedirection>
              <highway>primary</highway>
            </gpxtpx:Extensions>
          </gpxtpx:TrackPointExtension>
        </extensions>
      </trkpt>
      <trkpt lat="48.688196" lon="-0.929141">
        <ele>294.25</ele>
        <extensions>
          <gpxtpx:TrackPointExtension>
            <gpxtpx:Extensions>
              <reversedirection>yes</reversedirection>
              <highway>primary</highway>
            </gpxtpx:Extensions>
          </gpxtpx:TrackPointExtension>
        </extensions>
      </trkpt>
      <trkpt lat="48.68769" lon="-0.929374">
        <ele>292.25</ele>
        <extensions>
          <gpxtpx:TrackPointExtension>
            <gpxtpx:Extensions>
              <reversedirection>yes</reversedirection>
              <highway>primary</highway>
            </gpxtpx:Extensions>
          </gpxtpx:TrackPointExtension>
        </extensions>
      </trkpt>
      <trkpt lat="48.686741" lon="-0.929872">
        <ele>289</ele>
        <extensions>
          <gpxtpx:TrackPointExtension>
            <gpxtpx:Extensions>
              <reversedirection>yes</reversedirection>
              <highway>primary</highway>
            </gpxtpx:Extensions>
          </gpxtpx:TrackPointExtension>
        </extensions>
      </trkpt>
      <trkpt lat="48.68668" lon="-0.929904">
        <ele>288.75</ele>
        <extensions>
          <gpxtpx:TrackPointExtension>
            <gpxtpx:Extensions>
              <reversedirection>yes</reversedirection>
              <highway>primary</highway>
            </gpxtpx:Extensions>
          </gpxtpx:TrackPointExtension>
        </extensions>
      </trkpt>
      <trkpt lat="48.684337" lon="-0.931102">
        <ele>277</ele>
        <extensions>
          <gpxtpx:TrackPointExtension>
            <gpxtpx:Extensions>
              <reversedirection>yes</reversedirection>
              <highway>primary</highway>
            </gpxtpx:Extensions>
          </gpxtpx:TrackPointExtension>
        </extensions>
      </trkpt>
      <trkpt lat="48.684101" lon="-0.931222">
        <ele>276.5</ele>
        <extensions>
          <gpxtpx:TrackPointExtension>
            <gpxtpx:Extensions>
              <reversedirection>yes</reversedirection>
              <highway>primary</highway>
            </gpxtpx:Extensions>
          </gpxtpx:TrackPointExtension>
        </extensions>
      </trkpt>
      <trkpt lat="48.68348" lon="-0.931596">
        <ele>276</ele>
        <extensions>
          <gpxtpx:TrackPointExtension>
            <gpxtpx:Extensions>
              <reversedirection>yes</reversedirection>
              <highway>primary</highway>
            </gpxtpx:Extensions>
          </gpxtpx:TrackPointExtension>
        </extensions>
      </trkpt>
      <trkpt lat="48.683258" lon="-0.931754">
        <ele>275.5</ele>
        <extensions>
          <gpxtpx:TrackPointExtension>
            <gpxtpx:Extensions>
              <reversedirection>yes</reversedirection>
              <highway>primary</highway>
            </gpxtpx:Extensions>
          </gpxtpx:TrackPointExtension>
        </extensions>
      </trkpt>
      <trkpt lat="48.683001" lon="-0.931992">
        <ele>275.25</ele>
        <extensions>
          <gpxtpx:TrackPointExtension>
            <gpxtpx:Extensions>
              <reversedirection>yes</reversedirection>
              <highway>primary</highway>
            </gpxtpx:Extensions>
          </gpxtpx:TrackPointExtension>
        </extensions>
      </trkpt>
      <trkpt lat="48.682772" lon="-0.932279">
        <ele>275</ele>
        <extensions>
          <gpxtpx:TrackPointExtension>
            <gpxtpx:Extensions>
              <reversedirection>yes</reversedirection>
              <highway>primary</highway>
            </gpxtpx:Extensions>
          </gpxtpx:TrackPointExtension>
        </extensions>
      </trkpt>
      <trkpt lat="48.682405" lon="-0.932841">
        <ele>274.75</ele>
        <extensions>
          <gpxtpx:TrackPointExtension>
            <gpxtpx:Extensions>
              <reversedirection>yes</reversedirection>
              <highway>primary</highway>
            </gpxtpx:Extensions>
          </gpxtpx:TrackPointExtension>
        </extensions>
      </trkpt>
      <trkpt lat="48.682031" lon="-0.933465">
        <ele>272.75</ele>
        <extensions>
          <gpxtpx:TrackPointExtension>
            <gpxtpx:Extensions>
              <reversedirection>yes</reversedirection>
              <highway>primary</highway>
            </gpxtpx:Extensions>
          </gpxtpx:TrackPointExtension>
        </extensions>
      </trkpt>
      <trkpt lat="48.677992" lon="-0.940074">
        <ele>280</ele>
        <extensions>
          <gpxtpx:TrackPointExtension>
            <gpxtpx:Extensions>
              <reversedirection>yes</reversedirection>
              <highway>primary</highway>
            </gpxtpx:Extensions>
          </gpxtpx:TrackPointExtension>
        </extensions>
      </trkpt>
      <trkpt lat="48.676625" lon="-0.942322">
        <ele>282.25</ele>
        <extensions>
          <gpxtpx:TrackPointExtension>
            <gpxtpx:Extensions>
              <reversedirection>yes</reversedirection>
              <highway>primary</highway>
            </gpxtpx:Extensions>
          </gpxtpx:TrackPointExtension>
        </extensions>
      </trkpt>
      <trkpt lat="48.676151" lon="-0.943097">
        <ele>283.25</ele>
        <extensions>
          <gpxtpx:TrackPointExtension>
            <gpxtpx:Extensions>
              <reversedirection>yes</reversedirection>
              <highway>primary</highway>
            </gpxtpx:Extensions>
          </gpxtpx:TrackPointExtension>
        </extensions>
      </trkpt>
      <trkpt lat="48.67535" lon="-0.944435">
        <ele>284.5</ele>
        <extensions>
          <gpxtpx:TrackPointExtension>
            <gpxtpx:Extensions>
              <reversedirection>yes</reversedirection>
              <highway>primary</highway>
            </gpxtpx:Extensions>
          </gpxtpx:TrackPointExtension>
        </extensions>
      </trkpt>
      <trkpt lat="48.675182" lon="-0.944675">
        <ele>284.25</ele>
        <extensions>
          <gpxtpx:TrackPointExtension>
            <gpxtpx:Extensions>
              <reversedirection>yes</reversedirection>
              <highway>primary</highway>
            </gpxtpx:Extensions>
          </gpxtpx:TrackPointExtension>
        </extensions>
      </trkpt>
      <trkpt lat="48.675042" lon="-0.944878">
        <ele>283.75</ele>
        <extensions>
          <gpxtpx:TrackPointExtension>
            <gpxtpx:Extensions>
              <reversedirection>yes</reversedirection>
              <highway>primary</highway>
            </gpxtpx:Extensions>
          </gpxtpx:TrackPointExtension>
        </extensions>
      </trkpt>
      <trkpt lat="48.674884" lon="-0.94508">
        <ele>283.5</ele>
        <extensions>
          <gpxtpx:TrackPointExtension>
            <gpxtpx:Extensions>
              <reversedirection>yes</reversedirection>
              <highway>primary</highway>
            </gpxtpx:Extensions>
          </gpxtpx:TrackPointExtension>
        </extensions>
      </trkpt>
      <trkpt lat="48.67463" lon="-0.945315">
        <ele>283.25</ele>
        <extensions>
          <gpxtpx:TrackPointExtension>
            <gpxtpx:Extensions>
              <reversedirection>yes</reversedirection>
              <highway>primary</highway>
            </gpxtpx:Extensions>
          </gpxtpx:TrackPointExtension>
        </extensions>
      </trkpt>
      <trkpt lat="48.674376" lon="-0.945483">
        <ele>282.75</ele>
        <extensions>
          <gpxtpx:TrackPointExtension>
            <gpxtpx:Extensions>
              <reversedirection>yes</reversedirection>
              <highway>primary</highway>
            </gpxtpx:Extensions>
          </gpxtpx:TrackPointExtension>
        </extensions>
      </trkpt>
      <trkpt lat="48.674198" lon="-0.945581">
        <ele>282.5</ele>
        <extensions>
          <gpxtpx:TrackPointExtension>
            <gpxtpx:Extensions>
              <reversedirection>yes</reversedirection>
              <highway>primary</highway>
            </gpxtpx:Extensions>
          </gpxtpx:TrackPointExtension>
        </extensions>
      </trkpt>
      <trkpt lat="48.673882" lon="-0.945704">
        <ele>283</ele>
        <extensions>
          <gpxtpx:TrackPointExtension>
            <gpxtpx:Extensions>
              <reversedirection>yes</reversedirection>
              <highway>primary</highway>
            </gpxtpx:Extensions>
          </gpxtpx:TrackPointExtension>
        </extensions>
      </trkpt>
      <trkpt lat="48.673135" lon="-0.945938">
        <ele>283.25</ele>
        <extensions>
          <gpxtpx:TrackPointExtension>
            <gpxtpx:Extensions>
              <reversedirection>yes</reversedirection>
              <highway>primary</highway>
            </gpxtpx:Extensions>
          </gpxtpx:TrackPointExtension>
        </extensions>
      </trkpt>
      <trkpt lat="48.672697" lon="-0.946075">
        <ele>283.5</ele>
        <extensions>
          <gpxtpx:TrackPointExtension>
            <gpxtpx:Extensions>
              <reversedirection>yes</reversedirection>
              <highway>primary</highway>
            </gpxtpx:Extensions>
          </gpxtpx:TrackPointExtension>
        </extensions>
      </trkpt>
      <trkpt lat="48.671592" lon="-0.946399">
        <ele>281</ele>
        <extensions>
          <gpxtpx:TrackPointExtension>
            <gpxtpx:Extensions>
              <reversedirection>yes</reversedirection>
              <highway>primary</highway>
            </gpxtpx:Extensions>
          </gpxtpx:TrackPointExtension>
        </extensions>
      </trkpt>
      <trkpt lat="48.67137" lon="-0.946397">
        <ele>279.75</ele>
        <extensions>
          <gpxtpx:TrackPointExtension>
            <gpxtpx:Extensions>
              <highway>primary</highway>
              <oneway>yes</oneway>
            </gpxtpx:Extensions>
          </gpxtpx:TrackPointExtension>
        </extensions>
      </trkpt>
      <trkpt lat="48.671183" lon="-0.946372">
        <ele>279</ele>
        <extensions>
          <gpxtpx:TrackPointExtension>
            <gpxtpx:Extensions>
              <highway>primary</highway>
              <oneway>yes</oneway>
            </gpxtpx:Extensions>
          </gpxtpx:TrackPointExtension>
        </extensions>
      </trkpt>
      <trkpt lat="48.671012" lon="-0.946316">
        <ele>278.25</ele>
        <extensions>
          <gpxtpx:TrackPointExtension>
            <gpxtpx:Extensions>
              <highway>primary</highway>
              <oneway>yes</oneway>
            </gpxtpx:Extensions>
          </gpxtpx:TrackPointExtension>
        </extensions>
      </trkpt>
      <trkpt lat="48.670809" lon="-0.946233">
        <ele>277.5</ele>
        <extensions>
          <gpxtpx:TrackPointExtension>
            <gpxtpx:Extensions>
              <highway>primary</highway>
              <oneway>yes</oneway>
            </gpxtpx:Extensions>
          </gpxtpx:TrackPointExtension>
        </extensions>
      </trkpt>
      <trkpt lat="48.670727" lon="-0.946171">
        <ele>277.75</ele>
        <extensions>
          <gpxtpx:TrackPointExtension>
            <gpxtpx:Extensions>
              <highway>primary</highway>
              <oneway>yes</oneway>
            </gpxtpx:Extensions>
          </gpxtpx:TrackPointExtension>
        </extensions>
      </trkpt>
      <trkpt lat="48.670701" lon="-0.946091">
        <ele>278</ele>
        <extensions>
          <gpxtpx:TrackPointExtension>
            <gpxtpx:Extensions>
              <highway>primary</highway>
              <junction>roundabout</junction>
            </gpxtpx:Extensions>
          </gpxtpx:TrackPointExtension>
        </extensions>
      </trkpt>
      <trkpt lat="48.670657" lon="-0.946005">
        <ele>278.25</ele>
        <extensions>
          <gpxtpx:TrackPointExtension>
            <gpxtpx:Extensions>
              <highway>primary</highway>
              <junction>roundabout</junction>
            </gpxtpx:Extensions>
          </gpxtpx:TrackPointExtension>
        </extensions>
      </trkpt>
      <trkpt lat="48.6706" lon="-0.945941">
        <ele>278.25</ele>
        <extensions>
          <gpxtpx:TrackPointExtension>
            <gpxtpx:Extensions>
              <highway>primary</highway>
              <junction>roundabout</junction>
            </gpxtpx:Extensions>
          </gpxtpx:TrackPointExtension>
        </extensions>
      </trkpt>
      <trkpt lat="48.670532" lon="-0.945904">
        <ele>278.25</ele>
        <extensions>
          <gpxtpx:TrackPointExtension>
            <gpxtpx:Extensions>
              <highway>primary</highway>
              <junction>roundabout</junction>
            </gpxtpx:Extensions>
          </gpxtpx:TrackPointExtension>
        </extensions>
      </trkpt>
      <trkpt lat="48.670483" lon="-0.945899">
        <ele>278.25</ele>
        <extensions>
          <gpxtpx:TrackPointExtension>
            <gpxtpx:Extensions>
              <highway>primary</highway>
              <junction>roundabout</junction>
            </gpxtpx:Extensions>
          </gpxtpx:TrackPointExtension>
        </extensions>
      </trkpt>
      <trkpt lat="48.670436" lon="-0.945847">
        <ele>278.25</ele>
        <extensions>
          <gpxtpx:TrackPointExtension>
            <gpxtpx:Extensions>
              <highway>tertiary</highway>
              <oneway>yes</oneway>
            </gpxtpx:Extensions>
          </gpxtpx:TrackPointExtension>
        </extensions>
      </trkpt>
      <trkpt lat="48.670406" lon="-0.945795">
        <ele>278.5</ele>
        <extensions>
          <gpxtpx:TrackPointExtension>
            <gpxtpx:Extensions>
              <highway>tertiary</highway>
              <oneway>yes</oneway>
            </gpxtpx:Extensions>
          </gpxtpx:TrackPointExtension>
        </extensions>
      </trkpt>
      <trkpt lat="48.670336" lon="-0.945619">
        <ele>278.75</ele>
        <extensions>
          <gpxtpx:TrackPointExtension>
            <gpxtpx:Extensions>
              <highway>tertiary</highway>
              <oneway>yes</oneway>
            </gpxtpx:Extensions>
          </gpxtpx:TrackPointExtension>
        </extensions>
      </trkpt>
      <trkpt lat="48.670282" lon="-0.945561">
        <ele>278.75</ele>
        <extensions>
          <gpxtpx:TrackPointExtension>
            <gpxtpx:Extensions>
              <highway>tertiary</highway>
              <oneway>yes</oneway>
            </gpxtpx:Extensions>
          </gpxtpx:TrackPointExtension>
        </extensions>
      </trkpt>
      <trkpt lat="48.670231" lon="-0.945528">
        <ele>278.5</ele>
        <extensions>
          <gpxtpx:TrackPointExtension>
            <gpxtpx:Extensions>
              <highway>tertiary</highway>
              <oneway>yes</oneway>
            </gpxtpx:Extensions>
          </gpxtpx:TrackPointExtension>
        </extensions>
      </trkpt>
      <trkpt lat="48.670131" lon="-0.945507">
        <ele>278.5</ele>
        <extensions>
          <gpxtpx:TrackPointExtension>
            <gpxtpx:Extensions>
              <highway>tertiary</highway>
              <oneway>yes</oneway>
            </gpxtpx:Extensions>
          </gpxtpx:TrackPointExtension>
        </extensions>
      </trkpt>
      <trkpt lat="48.669388" lon="-0.94558">
        <ele>277.75</ele>
        <extensions>
          <gpxtpx:TrackPointExtension>
            <gpxtpx:Extensions>
              <reversedirection>yes</reversedirection>
              <highway>tertiary</highway>
            </gpxtpx:Extensions>
          </gpxtpx:TrackPointExtension>
        </extensions>
      </trkpt>
      <trkpt lat="48.669259" lon="-0.945567">
        <ele>277.75</ele>
        <extensions>
          <gpxtpx:TrackPointExtension>
            <gpxtpx:Extensions>
              <reversedirection>yes</reversedirection>
              <highway>tertiary</highway>
            </gpxtpx:Extensions>
          </gpxtpx:TrackPointExtension>
        </extensions>
      </trkpt>
      <trkpt lat="48.66913" lon="-0.945527">
        <ele>277.5</ele>
        <extensions>
          <gpxtpx:TrackPointExtension>
            <gpxtpx:Extensions>
              <reversedirection>yes</reversedirection>
              <highway>tertiary</highway>
            </gpxtpx:Extensions>
          </gpxtpx:TrackPointExtension>
        </extensions>
      </trkpt>
      <trkpt lat="48.668988" lon="-0.945448">
        <ele>277.25</ele>
        <extensions>
          <gpxtpx:TrackPointExtension>
            <gpxtpx:Extensions>
              <reversedirection>yes</reversedirection>
              <highway>tertiary</highway>
            </gpxtpx:Extensions>
          </gpxtpx:TrackPointExtension>
        </extensions>
      </trkpt>
      <trkpt lat="48.66869" lon="-0.945121">
        <ele>276.5</ele>
        <extensions>
          <gpxtpx:TrackPointExtension>
            <gpxtpx:Extensions>
              <reversedirection>yes</reversedirection>
              <highway>tertiary</highway>
            </gpxtpx:Extensions>
          </gpxtpx:TrackPointExtension>
        </extensions>
      </trkpt>
      <trkpt lat="48.668168" lon="-0.944591">
        <ele>274.5</ele>
        <extensions>
          <gpxtpx:TrackPointExtension>
            <gpxtpx:Extensions>
              <reversedirection>yes</reversedirection>
              <highway>tertiary</highway>
            </gpxtpx:Extensions>
          </gpxtpx:TrackPointExtension>
        </extensions>
      </trkpt>
      <trkpt lat="48.666989" lon="-0.943395">
        <ele>264.75</ele>
        <extensions>
          <gpxtpx:TrackPointExtension>
            <gpxtpx:Extensions>
              <reversedirection>yes</reversedirection>
              <highway>tertiary</highway>
            </gpxtpx:Extensions>
          </gpxtpx:TrackPointExtension>
        </extensions>
      </trkpt>
      <trkpt lat="48.665833" lon="-0.94226">
        <ele>250.25</ele>
        <extensions>
          <gpxtpx:TrackPointExtension>
            <gpxtpx:Extensions>
              <reversedirection>yes</reversedirection>
              <highway>tertiary</highway>
            </gpxtpx:Extensions>
          </gpxtpx:TrackPointExtension>
        </extensions>
      </trkpt>
      <trkpt lat="48.665548" lon="-0.941972">
        <ele>246.25</ele>
        <extensions>
          <gpxtpx:TrackPointExtension>
            <gpxtpx:Extensions>
              <reversedirection>yes</reversedirection>
              <highway>tertiary</highway>
            </gpxtpx:Extensions>
          </gpxtpx:TrackPointExtension>
        </extensions>
      </trkpt>
      <trkpt lat="48.665333" lon="-0.941755">
        <ele>243.5</ele>
        <extensions>
          <gpxtpx:TrackPointExtension>
            <gpxtpx:Extensions>
              <reversedirection>yes</reversedirection>
              <highway>tertiary</highway>
            </gpxtpx:Extensions>
          </gpxtpx:TrackPointExtension>
        </extensions>
      </trkpt>
      <trkpt lat="48.665122" lon="-0.941594">
        <ele>241.25</ele>
        <extensions>
          <gpxtpx:TrackPointExtension>
            <gpxtpx:Extensions>
              <reversedirection>yes</reversedirection>
              <highway>tertiary</highway>
            </gpxtpx:Extensions>
          </gpxtpx:TrackPointExtension>
        </extensions>
      </trkpt>
      <trkpt lat="48.664913" lon="-0.941485">
        <ele>239.25</ele>
        <extensions>
          <gpxtpx:TrackPointExtension>
            <gpxtpx:Extensions>
              <reversedirection>yes</reversedirection>
              <highway>tertiary</highway>
            </gpxtpx:Extensions>
          </gpxtpx:TrackPointExtension>
        </extensions>
      </trkpt>
      <trkpt lat="48.664578" lon="-0.941312">
        <ele>236</ele>
        <extensions>
          <gpxtpx:TrackPointExtension>
            <gpxtpx:Extensions>
              <reversedirection>yes</reversedirection>
              <highway>tertiary</highway>
            </gpxtpx:Extensions>
          </gpxtpx:TrackPointExtension>
        </extensions>
      </trkpt>
      <trkpt lat="48.664296" lon="-0.941167">
        <ele>233.5</ele>
        <extensions>
          <gpxtpx:TrackPointExtension>
            <gpxtpx:Extensions>
              <reversedirection>yes</reversedirection>
              <highway>tertiary</highway>
            </gpxtpx:Extensions>
          </gpxtpx:TrackPointExtension>
        </extensions>
      </trkpt>
      <trkpt lat="48.664215" lon="-0.941333">
        <ele>233.5</ele>
        <extensions>
          <gpxtpx:TrackPointExtension>
            <gpxtpx:Extensions>
              <reversedirection>yes</reversedirection>
              <highway>path</highway>
              <surface>paved</surface>
              <foot>designated</foot>
              <bicycle>designated</bicycle>
              <route_bicycle_icn>yes</route_bicycle_icn>
              <route_bicycle_rcn>yes</route_bicycle_rcn>
            </gpxtpx:Extensions>
          </gpxtpx:TrackPointExtension>
        </extensions>
      </trkpt>
      <trkpt lat="48.66415" lon="-0.941593">
        <ele>233.75</ele>
        <extensions>
          <gpxtpx:TrackPointExtension>
            <gpxtpx:Extensions>
              <reversedirection>yes</reversedirection>
              <highway>path</highway>
              <surface>compacted</surface>
              <foot>designated</foot>
              <bicycle>designated</bicycle>
              <route_bicycle_icn>yes</route_bicycle_icn>
              <route_bicycle_rcn>yes</route_bicycle_rcn>
            </gpxtpx:Extensions>
          </gpxtpx:TrackPointExtension>
        </extensions>
      </trkpt>
      <trkpt lat="48.664119" lon="-0.942218">
        <ele>234.5</ele>
        <extensions>
          <gpxtpx:TrackPointExtension>
            <gpxtpx:Extensions>
              <reversedirection>yes</reversedirection>
              <highway>path</highway>
              <surface>compacted</surface>
              <foot>designated</foot>
              <bicycle>designated</bicycle>
              <route_bicycle_icn>yes</route_bicycle_icn>
              <route_bicycle_rcn>yes</route_bicycle_rcn>
            </gpxtpx:Extensions>
          </gpxtpx:TrackPointExtension>
        </extensions>
      </trkpt>
      <trkpt lat="48.663995" lon="-0.94266">
        <ele>235.25</ele>
        <extensions>
          <gpxtpx:TrackPointExtension>
            <gpxtpx:Extensions>
              <reversedirection>yes</reversedirection>
              <highway>path</highway>
              <surface>compacted</surface>
              <foot>designated</foot>
              <bicycle>designated</bicycle>
              <route_bicycle_icn>yes</route_bicycle_icn>
              <route_bicycle_rcn>yes</route_bicycle_rcn>
            </gpxtpx:Extensions>
          </gpxtpx:TrackPointExtension>
        </extensions>
      </trkpt>
      <trkpt lat="48.663759" lon="-0.943345">
        <ele>238</ele>
        <extensions>
          <gpxtpx:TrackPointExtension>
            <gpxtpx:Extensions>
              <highway>path</highway>
              <surface>compacted</surface>
              <foot>designated</foot>
              <bicycle>designated</bicycle>
              <segregated>no</segregated>
              <route_bicycle_icn>yes</route_bicycle_icn>
              <route_bicycle_rcn>yes</route_bicycle_rcn>
            </gpxtpx:Extensions>
          </gpxtpx:TrackPointExtension>
        </extensions>
      </trkpt>
      <trkpt lat="48.663433" lon="-0.943884">
        <ele>239.25</ele>
        <extensions>
          <gpxtpx:TrackPointExtension>
            <gpxtpx:Extensions>
              <highway>path</highway>
              <surface>compacted</surface>
              <foot>designated</foot>
              <bicycle>designated</bicycle>
              <segregated>no</segregated>
              <route_bicycle_icn>yes</route_bicycle_icn>
              <route_bicycle_rcn>yes</route_bicycle_rcn>
            </gpxtpx:Extensions>
          </gpxtpx:TrackPointExtension>
        </extensions>
      </trkpt>
      <trkpt lat="48.663051" lon="-0.944451">
        <ele>239</ele>
        <extensions>
          <gpxtpx:TrackPointExtension>
            <gpxtpx:Extensions>
              <highway>path</highway>
              <foot>designated</foot>
              <bicycle>designated</bicycle>
              <segregated>no</segregated>
              <route_bicycle_icn>yes</route_bicycle_icn>
              <route_bicycle_rcn>yes</route_bicycle_rcn>
            </gpxtpx:Extensions>
          </gpxtpx:TrackPointExtension>
        </extensions>
      </trkpt>
      <trkpt lat="48.662526" lon="-0.945159">
        <ele>237</ele>
        <extensions>
          <gpxtpx:TrackPointExtension>
            <gpxtpx:Extensions>
              <highway>path</highway>
              <foot>designated</foot>
              <bicycle>designated</bicycle>
              <segregated>no</segregated>
              <route_bicycle_icn>yes</route_bicycle_icn>
              <route_bicycle_rcn>yes</route_bicycle_rcn>
            </gpxtpx:Extensions>
          </gpxtpx:TrackPointExtension>
        </extensions>
      </trkpt>
      <trkpt lat="48.662027" lon="-0.945698">
        <ele>239.25</ele>
        <extensions>
          <gpxtpx:TrackPointExtension>
            <gpxtpx:Extensions>
              <highway>path</highway>
              <foot>designated</foot>
              <bicycle>designated</bicycle>
              <segregated>no</segregated>
              <route_bicycle_icn>yes</route_bicycle_icn>
              <route_bicycle_rcn>yes</route_bicycle_rcn>
            </gpxtpx:Extensions>
          </gpxtpx:TrackPointExtension>
        </extensions>
      </trkpt>
      <trkpt lat="48.6619" lon="-0.945799">
        <ele>239.25</ele>
        <extensions>
          <gpxtpx:TrackPointExtension>
            <gpxtpx:Extensions>
              <highway>path</highway>
              <foot>designated</foot>
              <bicycle>designated</bicycle>
              <segregated>no</segregated>
              <route_bicycle_icn>yes</route_bicycle_icn>
              <route_bicycle_rcn>yes</route_bicycle_rcn>
            </gpxtpx:Extensions>
          </gpxtpx:TrackPointExtension>
        </extensions>
      </trkpt>
      <trkpt lat="48.661822" lon="-0.945838">
        <ele>239</ele>
        <extensions>
          <gpxtpx:TrackPointExtension>
            <gpxtpx:Extensions>
              <highway>path</highway>
              <foot>designated</foot>
              <bicycle>designated</bicycle>
              <segregated>no</segregated>
              <route_bicycle_icn>yes</route_bicycle_icn>
              <route_bicycle_rcn>yes</route_bicycle_rcn>
            </gpxtpx:Extensions>
          </gpxtpx:TrackPointExtension>
        </extensions>
      </trkpt>
      <trkpt lat="48.661745" lon="-0.945844">
        <ele>238.5</ele>
        <extensions>
          <gpxtpx:TrackPointExtension>
            <gpxtpx:Extensions>
              <highway>path</highway>
              <foot>designated</foot>
              <bicycle>designated</bicycle>
              <segregated>no</segregated>
              <route_bicycle_icn>yes</route_bicycle_icn>
              <route_bicycle_rcn>yes</route_bicycle_rcn>
            </gpxtpx:Extensions>
          </gpxtpx:TrackPointExtension>
        </extensions>
      </trkpt>
      <trkpt lat="48.661625" lon="-0.945807">
        <ele>237.75</ele>
        <extensions>
          <gpxtpx:TrackPointExtension>
            <gpxtpx:Extensions>
              <highway>path</highway>
              <surface>compacted</surface>
              <foot>designated</foot>
              <bicycle>designated</bicycle>
              <segregated>no</segregated>
              <route_bicycle_icn>yes</route_bicycle_icn>
              <route_bicycle_rcn>yes</route_bicycle_rcn>
            </gpxtpx:Extensions>
          </gpxtpx:TrackPointExtension>
        </extensions>
      </trkpt>
      <trkpt lat="48.659853" lon="-0.948785">
        <ele>235.5</ele>
        <extensions>
          <gpxtpx:TrackPointExtension>
            <gpxtpx:Extensions>
              <highway>path</highway>
              <surface>compacted</surface>
              <foot>designated</foot>
              <bicycle>designated</bicycle>
              <segregated>no</segregated>
              <route_bicycle_icn>yes</route_bicycle_icn>
              <route_bicycle_rcn>yes</route_bicycle_rcn>
            </gpxtpx:Extensions>
          </gpxtpx:TrackPointExtension>
        </extensions>
      </trkpt>
      <trkpt lat="48.659505" lon="-0.949383">
        <ele>232</ele>
        <extensions>
          <gpxtpx:TrackPointExtension>
            <gpxtpx:Extensions>
              <highway>path</highway>
              <surface>compacted</surface>
              <foot>designated</foot>
              <bicycle>designated</bicycle>
              <segregated>no</segregated>
              <route_bicycle_icn>yes</route_bicycle_icn>
              <route_bicycle_rcn>yes</route_bicycle_rcn>
            </gpxtpx:Extensions>
          </gpxtpx:TrackPointExtension>
        </extensions>
      </trkpt>
      <trkpt lat="48.65916" lon="-0.949912">
        <ele>227.25</ele>
        <extensions>
          <gpxtpx:TrackPointExtension>
            <gpxtpx:Extensions>
              <highway>path</highway>
              <surface>compacted</surface>
              <foot>designated</foot>
              <bicycle>designated</bicycle>
              <segregated>no</segregated>
              <route_bicycle_icn>yes</route_bicycle_icn>
              <route_bicycle_rcn>yes</route_bicycle_rcn>
            </gpxtpx:Extensions>
          </gpxtpx:TrackPointExtension>
        </extensions>
      </trkpt>
      <trkpt lat="48.658889" lon="-0.95024">
        <ele>225.5</ele>
        <extensions>
          <gpxtpx:TrackPointExtension>
            <gpxtpx:Extensions>
              <highway>path</highway>
              <surface>compacted</surface>
              <foot>designated</foot>
              <bicycle>designated</bicycle>
              <segregated>no</segregated>
              <route_bicycle_icn>yes</route_bicycle_icn>
              <route_bicycle_rcn>yes</route_bicycle_rcn>
            </gpxtpx:Extensions>
          </gpxtpx:TrackPointExtension>
        </extensions>
      </trkpt>
      <trkpt lat="48.65876" lon="-0.95039">
        <ele>224.75</ele>
        <extensions>
          <gpxtpx:TrackPointExtension>
            <gpxtpx:Extensions>
              <highway>path</highway>
              <surface>compacted</surface>
              <foot>designated</foot>
              <bicycle>designated</bicycle>
              <segregated>no</segregated>
              <route_bicycle_icn>yes</route_bicycle_icn>
              <route_bicycle_rcn>yes</route_bicycle_rcn>
            </gpxtpx:Extensions>
          </gpxtpx:TrackPointExtension>
        </extensions>
      </trkpt>
      <trkpt lat="48.658273" lon="-0.950813">
        <ele>221.75</ele>
        <extensions>
          <gpxtpx:TrackPointExtension>
            <gpxtpx:Extensions>
              <highway>path</highway>
              <surface>compacted</surface>
              <foot>designated</foot>
              <bicycle>designated</bicycle>
              <segregated>no</segregated>
              <route_bicycle_icn>yes</route_bicycle_icn>
              <route_bicycle_rcn>yes</route_bicycle_rcn>
            </gpxtpx:Extensions>
          </gpxtpx:TrackPointExtension>
        </extensions>
      </trkpt>
      <trkpt lat="48.657997" lon="-0.951051">
        <ele>221.25</ele>
        <extensions>
          <gpxtpx:TrackPointExtension>
            <gpxtpx:Extensions>
              <highway>path</highway>
              <surface>compacted</surface>
              <foot>designated</foot>
              <bicycle>designated</bicycle>
              <segregated>no</segregated>
              <route_bicycle_icn>yes</route_bicycle_icn>
              <route_bicycle_rcn>yes</route_bicycle_rcn>
            </gpxtpx:Extensions>
          </gpxtpx:TrackPointExtension>
        </extensions>
      </trkpt>
      <trkpt lat="48.657347" lon="-0.951404">
        <ele>218.75</ele>
        <extensions>
          <gpxtpx:TrackPointExtension>
            <gpxtpx:Extensions>
              <highway>path</highway>
              <surface>compacted</surface>
              <foot>designated</foot>
              <bicycle>designated</bicycle>
              <segregated>no</segregated>
              <route_bicycle_icn>yes</route_bicycle_icn>
              <route_bicycle_rcn>yes</route_bicycle_rcn>
            </gpxtpx:Extensions>
          </gpxtpx:TrackPointExtension>
        </extensions>
      </trkpt>
      <trkpt lat="48.656852" lon="-0.951612">
        <ele>216</ele>
        <extensions>
          <gpxtpx:TrackPointExtension>
            <gpxtpx:Extensions>
              <highway>path</highway>
              <surface>compacted</surface>
              <foot>designated</foot>
              <bicycle>designated</bicycle>
              <segregated>no</segregated>
              <route_bicycle_icn>yes</route_bicycle_icn>
              <route_bicycle_rcn>yes</route_bicycle_rcn>
            </gpxtpx:Extensions>
          </gpxtpx:TrackPointExtension>
        </extensions>
      </trkpt>
      <trkpt lat="48.656576" lon="-0.951668">
        <ele>214.75</ele>
        <extensions>
          <gpxtpx:TrackPointExtension>
            <gpxtpx:Extensions>
              <highway>path</highway>
              <surface>compacted</surface>
              <foot>designated</foot>
              <bicycle>designated</bicycle>
              <segregated>no</segregated>
              <route_bicycle_icn>yes</route_bicycle_icn>
              <route_bicycle_rcn>yes</route_bicycle_rcn>
            </gpxtpx:Extensions>
          </gpxtpx:TrackPointExtension>
        </extensions>
      </trkpt>
      <trkpt lat="48.656362" lon="-0.951695">
        <ele>214</ele>
        <extensions>
          <gpxtpx:TrackPointExtension>
            <gpxtpx:Extensions>
              <highway>path</highway>
              <surface>compacted</surface>
              <foot>designated</foot>
              <bicycle>designated</bicycle>
              <segregated>no</segregated>
              <route_bicycle_icn>yes</route_bicycle_icn>
              <route_bicycle_rcn>yes</route_bicycle_rcn>
            </gpxtpx:Extensions>
          </gpxtpx:TrackPointExtension>
        </extensions>
      </trkpt>
      <trkpt lat="48.656031" lon="-0.951624">
        <ele>213.5</ele>
        <extensions>
          <gpxtpx:TrackPointExtension>
            <gpxtpx:Extensions>
              <highway>path</highway>
              <surface>compacted</surface>
              <foot>designated</foot>
              <bicycle>designated</bicycle>
              <segregated>no</segregated>
              <route_bicycle_icn>yes</route_bicycle_icn>
              <route_bicycle_rcn>yes</route_bicycle_rcn>
            </gpxtpx:Extensions>
          </gpxtpx:TrackPointExtension>
        </extensions>
      </trkpt>
      <trkpt lat="48.65571" lon="-0.951506">
        <ele>212.75</ele>
        <extensions>
          <gpxtpx:TrackPointExtension>
            <gpxtpx:Extensions>
              <highway>path</highway>
              <surface>compacted</surface>
              <foot>designated</foot>
              <bicycle>designated</bicycle>
              <segregated>no</segregated>
              <route_bicycle_icn>yes</route_bicycle_icn>
              <route_bicycle_rcn>yes</route_bicycle_rcn>
            </gpxtpx:Extensions>
          </gpxtpx:TrackPointExtension>
        </extensions>
      </trkpt>
      <trkpt lat="48.655623" lon="-0.951503">
        <ele>212.25</ele>
        <extensions>
          <gpxtpx:TrackPointExtension>
            <gpxtpx:Extensions>
              <highway>path</highway>
              <surface>compacted</surface>
              <foot>designated</foot>
              <bicycle>designated</bicycle>
              <segregated>no</segregated>
              <route_bicycle_icn>yes</route_bicycle_icn>
              <route_bicycle_rcn>yes</route_bicycle_rcn>
            </gpxtpx:Extensions>
          </gpxtpx:TrackPointExtension>
        </extensions>
      </trkpt>
      <trkpt lat="48.655359" lon="-0.951463">
        <ele>210.5</ele>
        <extensions>
          <gpxtpx:TrackPointExtension>
            <gpxtpx:Extensions>
              <highway>path</highway>
              <surface>compacted</surface>
              <foot>designated</foot>
              <bicycle>designated</bicycle>
              <segregated>no</segregated>
              <route_bicycle_icn>yes</route_bicycle_icn>
              <route_bicycle_rcn>yes</route_bicycle_rcn>
            </gpxtpx:Extensions>
          </gpxtpx:TrackPointExtension>
        </extensions>
      </trkpt>
      <trkpt lat="48.655105" lon="-0.95138">
        <ele>209.25</ele>
        <extensions>
          <gpxtpx:TrackPointExtension>
            <gpxtpx:Extensions>
              <highway>path</highway>
              <surface>compacted</surface>
              <foot>designated</foot>
              <bicycle>designated</bicycle>
              <segregated>no</segregated>
              <route_bicycle_icn>yes</route_bicycle_icn>
              <route_bicycle_rcn>yes</route_bicycle_rcn>
            </gpxtpx:Extensions>
          </gpxtpx:TrackPointExtension>
        </extensions>
      </trkpt>
      <trkpt lat="48.654658" lon="-0.951169">
        <ele>208</ele>
        <extensions>
          <gpxtpx:TrackPointExtension>
            <gpxtpx:Extensions>
              <highway>path</highway>
              <surface>compacted</surface>
              <foot>designated</foot>
              <bicycle>designated</bicycle>
              <segregated>no</segregated>
              <route_bicycle_icn>yes</route_bicycle_icn>
              <route_bicycle_rcn>yes</route_bicycle_rcn>
            </gpxtpx:Extensions>
          </gpxtpx:TrackPointExtension>
        </extensions>
      </trkpt>
      <trkpt lat="48.654152" lon="-0.950812">
        <ele>206</ele>
        <extensions>
          <gpxtpx:TrackPointExtension>
            <gpxtpx:Extensions>
              <highway>path</highway>
              <surface>compacted</surface>
              <foot>designated</foot>
              <bicycle>designated</bicycle>
              <segregated>no</segregated>
              <route_bicycle_icn>yes</route_bicycle_icn>
              <route_bicycle_rcn>yes</route_bicycle_rcn>
            </gpxtpx:Extensions>
          </gpxtpx:TrackPointExtension>
        </extensions>
      </trkpt>
      <trkpt lat="48.653667" lon="-0.950398">
        <ele>205.75</ele>
        <extensions>
          <gpxtpx:TrackPointExtension>
            <gpxtpx:Extensions>
              <highway>path</highway>
              <surface>paved</surface>
              <foot>designated</foot>
              <bicycle>designated</bicycle>
              <segregated>no</segregated>
              <route_bicycle_icn>yes</route_bicycle_icn>
              <route_bicycle_rcn>yes</route_bicycle_rcn>
            </gpxtpx:Extensions>
          </gpxtpx:TrackPointExtension>
        </extensions>
      </trkpt>
      <trkpt lat="48.653476" lon="-0.95022">
        <ele>206</ele>
        <extensions>
          <gpxtpx:TrackPointExtension>
            <gpxtpx:Extensions>
              <highway>path</highway>
              <surface>compacted</surface>
              <foot>designated</foot>
              <bicycle>designated</bicycle>
              <segregated>no</segregated>
              <route_bicycle_icn>yes</route_bicycle_icn>
              <route_bicycle_rcn>yes</route_bicycle_rcn>
            </gpxtpx:Extensions>
          </gpxtpx:TrackPointExtension>
        </extensions>
      </trkpt>
      <trkpt lat="48.653104" lon="-0.949805">
        <ele>205.75</ele>
        <extensions>
          <gpxtpx:TrackPointExtension>
            <gpxtpx:Extensions>
              <highway>path</highway>
              <surface>compacted</surface>
              <foot>designated</foot>
              <bicycle>designated</bicycle>
              <segregated>no</segregated>
              <route_bicycle_icn>yes</route_bicycle_icn>
              <route_bicycle_rcn>yes</route_bicycle_rcn>
            </gpxtpx:Extensions>
          </gpxtpx:TrackPointExtension>
        </extensions>
      </trkpt>
      <trkpt lat="48.652722" lon="-0.949516">
        <ele>203.5</ele>
        <extensions>
          <gpxtpx:TrackPointExtension>
            <gpxtpx:Extensions>
              <highway>path</highway>
              <surface>compacted</surface>
              <foot>designated</foot>
              <bicycle>designated</bicycle>
              <segregated>no</segregated>
              <route_bicycle_icn>yes</route_bicycle_icn>
              <route_bicycle_rcn>yes</route_bicycle_rcn>
            </gpxtpx:Extensions>
          </gpxtpx:TrackPointExtension>
        </extensions>
      </trkpt>
      <trkpt lat="48.652059" lon="-0.949076">
        <ele>203</ele>
        <extensions>
          <gpxtpx:TrackPointExtension>
            <gpxtpx:Extensions>
              <highway>path</highway>
              <surface>compacted</surface>
              <foot>designated</foot>
              <bicycle>designated</bicycle>
              <segregated>no</segregated>
              <route_bicycle_icn>yes</route_bicycle_icn>
              <route_bicycle_rcn>yes</route_bicycle_rcn>
            </gpxtpx:Extensions>
          </gpxtpx:TrackPointExtension>
        </extensions>
      </trkpt>
      <trkpt lat="48.651824" lon="-0.948972">
        <ele>202.5</ele>
        <extensions>
          <gpxtpx:TrackPointExtension>
            <gpxtpx:Extensions>
              <highway>path</highway>
              <foot>designated</foot>
              <bicycle>designated</bicycle>
              <segregated>no</segregated>
              <route_bicycle_icn>yes</route_bicycle_icn>
              <route_bicycle_rcn>yes</route_bicycle_rcn>
            </gpxtpx:Extensions>
          </gpxtpx:TrackPointExtension>
        </extensions>
      </trkpt>
      <trkpt lat="48.651628" lon="-0.948901">
        <ele>202.25</ele>
        <extensions>
          <gpxtpx:TrackPointExtension>
            <gpxtpx:Extensions>
              <highway>path</highway>
              <surface>compacted</surface>
              <foot>designated</foot>
              <bicycle>designated</bicycle>
              <segregated>no</segregated>
              <route_bicycle_icn>yes</route_bicycle_icn>
              <route_bicycle_rcn>yes</route_bicycle_rcn>
            </gpxtpx:Extensions>
          </gpxtpx:TrackPointExtension>
        </extensions>
      </trkpt>
      <trkpt lat="48.6511" lon="-0.948748">
        <ele>204</ele>
        <extensions>
          <gpxtpx:TrackPointExtension>
            <gpxtpx:Extensions>
              <highway>path</highway>
              <surface>compacted</surface>
              <foot>designated</foot>
              <bicycle>designated</bicycle>
              <segregated>no</segregated>
              <route_bicycle_icn>yes</route_bicycle_icn>
              <route_bicycle_rcn>yes</route_bicycle_rcn>
            </gpxtpx:Extensions>
          </gpxtpx:TrackPointExtension>
        </extensions>
      </trkpt>
      <trkpt lat="48.650754" lon="-0.948736">
        <ele>205</ele>
        <extensions>
          <gpxtpx:TrackPointExtension>
            <gpxtpx:Extensions>
              <highway>path</highway>
              <surface>compacted</surface>
              <foot>designated</foot>
              <bicycle>designated</bicycle>
              <segregated>no</segregated>
              <route_bicycle_icn>yes</route_bicycle_icn>
              <route_bicycle_rcn>yes</route_bicycle_rcn>
            </gpxtpx:Extensions>
          </gpxtpx:TrackPointExtension>
        </extensions>
      </trkpt>
      <trkpt lat="48.650454" lon="-0.94872">
        <ele>204</ele>
        <extensions>
          <gpxtpx:TrackPointExtension>
            <gpxtpx:Extensions>
              <highway>path</highway>
              <surface>compacted</surface>
              <foot>designated</foot>
              <bicycle>designated</bicycle>
              <segregated>no</segregated>
              <route_bicycle_icn>yes</route_bicycle_icn>
              <route_bicycle_rcn>yes</route_bicycle_rcn>
            </gpxtpx:Extensions>
          </gpxtpx:TrackPointExtension>
        </extensions>
      </trkpt>
      <trkpt lat="48.650325" lon="-0.948725">
        <ele>203.75</ele>
        <extensions>
          <gpxtpx:TrackPointExtension>
            <gpxtpx:Extensions>
              <highway>path</highway>
              <surface>compacted</surface>
              <foot>designated</foot>
              <bicycle>designated</bicycle>
              <segregated>no</segregated>
              <route_bicycle_icn>yes</route_bicycle_icn>
              <route_bicycle_rcn>yes</route_bicycle_rcn>
            </gpxtpx:Extensions>
          </gpxtpx:TrackPointExtension>
        </extensions>
      </trkpt>
      <trkpt lat="48.649969" lon="-0.948782">
        <ele>203.5</ele>
        <extensions>
          <gpxtpx:TrackPointExtension>
            <gpxtpx:Extensions>
              <highway>path</highway>
              <surface>compacted</surface>
              <foot>designated</foot>
              <bicycle>designated</bicycle>
              <segregated>no</segregated>
              <route_bicycle_icn>yes</route_bicycle_icn>
              <route_bicycle_rcn>yes</route_bicycle_rcn>
            </gpxtpx:Extensions>
          </gpxtpx:TrackPointExtension>
        </extensions>
      </trkpt>
      <trkpt lat="48.649838" lon="-0.948813">
        <ele>202.5</ele>
        <extensions>
          <gpxtpx:TrackPointExtension>
            <gpxtpx:Extensions>
              <highway>path</highway>
              <surface>compacted</surface>
              <foot>designated</foot>
              <bicycle>designated</bicycle>
              <segregated>no</segregated>
              <route_bicycle_icn>yes</route_bicycle_icn>
              <route_bicycle_rcn>yes</route_bicycle_rcn>
            </gpxtpx:Extensions>
          </gpxtpx:TrackPointExtension>
        </extensions>
      </trkpt>
      <trkpt lat="48.649381" lon="-0.948965">
        <ele>199.75</ele>
        <extensions>
          <gpxtpx:TrackPointExtension>
            <gpxtpx:Extensions>
              <reversedirection>yes</reversedirection>
              <highway>path</highway>
              <foot>designated</foot>
              <bicycle>yes</bicycle>
              <route_bicycle_icn>yes</route_bicycle_icn>
              <route_bicycle_rcn>yes</route_bicycle_rcn>
            </gpxtpx:Extensions>
          </gpxtpx:TrackPointExtension>
        </extensions>
      </trkpt>
      <trkpt lat="48.648565" lon="-0.949402">
        <ele>198.5</ele>
        <extensions>
          <gpxtpx:TrackPointExtension>
            <gpxtpx:Extensions>
              <reversedirection>yes</reversedirection>
              <highway>path</highway>
              <foot>designated</foot>
              <bicycle>yes</bicycle>
              <route_bicycle_icn>yes</route_bicycle_icn>
              <route_bicycle_rcn>yes</route_bicycle_rcn>
            </gpxtpx:Extensions>
          </gpxtpx:TrackPointExtension>
        </extensions>
      </trkpt>
      <trkpt lat="48.647891" lon="-0.949822">
        <ele>202.25</ele>
        <extensions>
          <gpxtpx:TrackPointExtension>
            <gpxtpx:Extensions>
              <reversedirection>yes</reversedirection>
              <highway>path</highway>
              <foot>designated</foot>
              <bicycle>yes</bicycle>
              <route_bicycle_icn>yes</route_bicycle_icn>
              <route_bicycle_rcn>yes</route_bicycle_rcn>
            </gpxtpx:Extensions>
          </gpxtpx:TrackPointExtension>
        </extensions>
      </trkpt>
      <trkpt lat="48.647598" lon="-0.950005">
        <ele>204.5</ele>
        <extensions>
          <gpxtpx:TrackPointExtension>
            <gpxtpx:Extensions>
              <highway>path</highway>
              <surface>compacted</surface>
              <foot>designated</foot>
              <bicycle>designated</bicycle>
              <segregated>no</segregated>
              <route_bicycle_icn>yes</route_bicycle_icn>
              <route_bicycle_rcn>yes</route_bicycle_rcn>
            </gpxtpx:Extensions>
          </gpxtpx:TrackPointExtension>
        </extensions>
      </trkpt>
      <trkpt lat="48.64657" lon="-0.950685">
        <ele>203.5</ele>
        <extensions>
          <gpxtpx:TrackPointExtension>
            <gpxtpx:Extensions>
              <highway>path</highway>
              <surface>compacted</surface>
              <foot>designated</foot>
              <bicycle>designated</bicycle>
              <segregated>no</segregated>
              <route_bicycle_icn>yes</route_bicycle_icn>
              <route_bicycle_rcn>yes</route_bicycle_rcn>
            </gpxtpx:Extensions>
          </gpxtpx:TrackPointExtension>
        </extensions>
      </trkpt>
      <trkpt lat="48.646063" lon="-0.951136">
        <ele>199</ele>
        <extensions>
          <gpxtpx:TrackPointExtension>
            <gpxtpx:Extensions>
              <highway>path</highway>
              <surface>compacted</surface>
              <foot>designated</foot>
              <bicycle>designated</bicycle>
              <segregated>no</segregated>
              <route_bicycle_icn>yes</route_bicycle_icn>
              <route_bicycle_rcn>yes</route_bicycle_rcn>
            </gpxtpx:Extensions>
          </gpxtpx:TrackPointExtension>
        </extensions>
      </trkpt>
      <trkpt lat="48.645602" lon="-0.951659">
        <ele>192.25</ele>
        <extensions>
          <gpxtpx:TrackPointExtension>
            <gpxtpx:Extensions>
              <highway>path</highway>
              <surface>compacted</surface>
              <foot>designated</foot>
              <bicycle>designated</bicycle>
              <segregated>no</segregated>
              <route_bicycle_icn>yes</route_bicycle_icn>
              <route_bicycle_rcn>yes</route_bicycle_rcn>
            </gpxtpx:Extensions>
          </gpxtpx:TrackPointExtension>
        </extensions>
      </trkpt>
      <trkpt lat="48.644836" lon="-0.952487">
        <ele>186.5</ele>
        <extensions>
          <gpxtpx:TrackPointExtension>
            <gpxtpx:Extensions>
              <highway>path</highway>
              <surface>compacted</surface>
              <foot>designated</foot>
              <bicycle>designated</bicycle>
              <segregated>no</segregated>
              <route_bicycle_icn>yes</route_bicycle_icn>
              <route_bicycle_rcn>yes</route_bicycle_rcn>
            </gpxtpx:Extensions>
          </gpxtpx:TrackPointExtension>
        </extensions>
      </trkpt>
      <trkpt lat="48.644745" lon="-0.952607">
        <ele>186.5</ele>
        <extensions>
          <gpxtpx:TrackPointExtension>
            <gpxtpx:Extensions>
              <highway>path</highway>
              <surface>compacted</surface>
              <foot>designated</foot>
              <bicycle>designated</bicycle>
              <segregated>no</segregated>
              <route_bicycle_icn>yes</route_bicycle_icn>
              <route_bicycle_rcn>yes</route_bicycle_rcn>
            </gpxtpx:Extensions>
          </gpxtpx:TrackPointExtension>
        </extensions>
      </trkpt>
      <trkpt lat="48.644677" lon="-0.952794">
        <ele>187.75</ele>
        <extensions>
          <gpxtpx:TrackPointExtension>
            <gpxtpx:Extensions>
              <highway>track</highway>
              <surface>compacted</surface>
              <segregated>no</segregated>
              <route_bicycle_icn>yes</route_bicycle_icn>
              <route_bicycle_rcn>yes</route_bicycle_rcn>
            </gpxtpx:Extensions>
          </gpxtpx:TrackPointExtension>
        </extensions>
      </trkpt>
      <trkpt lat="48.64436" lon="-0.95317">
        <ele>186.5</ele>
        <extensions>
          <gpxtpx:TrackPointExtension>
            <gpxtpx:Extensions>
              <highway>track</highway>
              <surface>compacted</surface>
              <segregated>no</segregated>
              <route_bicycle_icn>yes</route_bicycle_icn>
              <route_bicycle_rcn>yes</route_bicycle_rcn>
            </gpxtpx:Extensions>
          </gpxtpx:TrackPointExtension>
        </extensions>
      </trkpt>
      <trkpt lat="48.643937" lon="-0.953651">
        <ele>185.75</ele>
        <extensions>
          <gpxtpx:TrackPointExtension>
            <gpxtpx:Extensions>
              <highway>track</highway>
              <surface>compacted</surface>
              <segregated>no</segregated>
              <route_bicycle_icn>yes</route_bicycle_icn>
              <route_bicycle_rcn>yes</route_bicycle_rcn>
            </gpxtpx:Extensions>
          </gpxtpx:TrackPointExtension>
        </extensions>
      </trkpt>
      <trkpt lat="48.643844" lon="-0.9538">
        <ele>186.25</ele>
        <extensions>
          <gpxtpx:TrackPointExtension>
            <gpxtpx:Extensions>
              <highway>service</highway>
              <surface>compacted</surface>
              <segregated>no</segregated>
              <route_bicycle_icn>yes</route_bicycle_icn>
              <route_bicycle_rcn>yes</route_bicycle_rcn>
            </gpxtpx:Extensions>
          </gpxtpx:TrackPointExtension>
        </extensions>
      </trkpt>
      <trkpt lat="48.643746" lon="-0.953916">
        <ele>186.25</ele>
        <extensions>
          <gpxtpx:TrackPointExtension>
            <gpxtpx:Extensions>
              <highway>service</highway>
              <surface>compacted</surface>
              <segregated>no</segregated>
              <route_bicycle_icn>yes</route_bicycle_icn>
              <route_bicycle_rcn>yes</route_bicycle_rcn>
            </gpxtpx:Extensions>
          </gpxtpx:TrackPointExtension>
        </extensions>
      </trkpt>
      <trkpt lat="48.643644" lon="-0.954016">
        <ele>185.75</ele>
        <extensions>
          <gpxtpx:TrackPointExtension>
            <gpxtpx:Extensions>
              <highway>path</highway>
              <surface>compacted</surface>
              <foot>designated</foot>
              <bicycle>designated</bicycle>
              <segregated>no</segregated>
              <route_bicycle_icn>yes</route_bicycle_icn>
              <route_bicycle_rcn>yes</route_bicycle_rcn>
            </gpxtpx:Extensions>
          </gpxtpx:TrackPointExtension>
        </extensions>
      </trkpt>
      <trkpt lat="48.643542" lon="-0.954115">
        <ele>185.5</ele>
        <extensions>
          <gpxtpx:TrackPointExtension>
            <gpxtpx:Extensions>
              <highway>path</highway>
              <surface>compacted</surface>
              <foot>designated</foot>
              <bicycle>designated</bicycle>
              <segregated>no</segregated>
              <route_bicycle_icn>yes</route_bicycle_icn>
              <route_bicycle_rcn>yes</route_bicycle_rcn>
            </gpxtpx:Extensions>
          </gpxtpx:TrackPointExtension>
        </extensions>
      </trkpt>
      <trkpt lat="48.643262" lon="-0.954317">
        <ele>183</ele>
        <extensions>
          <gpxtpx:TrackPointExtension>
            <gpxtpx:Extensions>
              <highway>path</highway>
              <surface>compacted</surface>
              <foot>designated</foot>
              <bicycle>designated</bicycle>
              <segregated>no</segregated>
              <route_bicycle_icn>yes</route_bicycle_icn>
              <route_bicycle_rcn>yes</route_bicycle_rcn>
            </gpxtpx:Extensions>
          </gpxtpx:TrackPointExtension>
        </extensions>
      </trkpt>
      <trkpt lat="48.64275" lon="-0.954809">
        <ele>178.75</ele>
        <extensions>
          <gpxtpx:TrackPointExtension>
            <gpxtpx:Extensions>
              <highway>path</highway>
              <surface>compacted</surface>
              <foot>designated</foot>
              <bicycle>designated</bicycle>
              <segregated>no</segregated>
              <route_bicycle_icn>yes</route_bicycle_icn>
              <route_bicycle_rcn>yes</route_bicycle_rcn>
            </gpxtpx:Extensions>
          </gpxtpx:TrackPointExtension>
        </extensions>
      </trkpt>
      <trkpt lat="48.642704" lon="-0.954778">
        <ele>178</ele>
        <extensions>
          <gpxtpx:TrackPointExtension>
            <gpxtpx:Extensions>
              <highway>path</highway>
              <surface>compacted</surface>
              <foot>designated</foot>
              <bicycle>designated</bicycle>
              <segregated>no</segregated>
              <route_bicycle_icn>yes</route_bicycle_icn>
              <route_bicycle_rcn>yes</route_bicycle_rcn>
            </gpxtpx:Extensions>
          </gpxtpx:TrackPointExtension>
        </extensions>
      </trkpt>
      <trkpt lat="48.642661" lon="-0.954743">
        <ele>177.25</ele>
        <extensions>
          <gpxtpx:TrackPointExtension>
            <gpxtpx:Extensions>
              <highway>path</highway>
              <surface>compacted</surface>
              <foot>designated</foot>
              <bicycle>designated</bicycle>
              <segregated>no</segregated>
              <route_bicycle_icn>yes</route_bicycle_icn>
              <route_bicycle_rcn>yes</route_bicycle_rcn>
            </gpxtpx:Extensions>
          </gpxtpx:TrackPointExtension>
        </extensions>
      </trkpt>
      <trkpt lat="48.642623" lon="-0.954775">
        <ele>176.75</ele>
        <extensions>
          <gpxtpx:TrackPointExtension>
            <gpxtpx:Extensions>
              <highway>path</highway>
              <surface>compacted</surface>
              <foot>designated</foot>
              <bicycle>designated</bicycle>
              <segregated>no</segregated>
              <route_bicycle_icn>yes</route_bicycle_icn>
              <route_bicycle_rcn>yes</route_bicycle_rcn>
            </gpxtpx:Extensions>
          </gpxtpx:TrackPointExtension>
        </extensions>
      </trkpt>
      <trkpt lat="48.642581" lon="-0.954994">
        <ele>177</ele>
        <extensions>
          <gpxtpx:TrackPointExtension>
            <gpxtpx:Extensions>
              <highway>path</highway>
              <surface>compacted</surface>
              <foot>designated</foot>
              <bicycle>designated</bicycle>
              <segregated>no</segregated>
              <route_bicycle_icn>yes</route_bicycle_icn>
              <route_bicycle_rcn>yes</route_bicycle_rcn>
            </gpxtpx:Extensions>
          </gpxtpx:TrackPointExtension>
        </extensions>
      </trkpt>
      <trkpt lat="48.642413" lon="-0.955276">
        <ele>177</ele>
        <extensions>
          <gpxtpx:TrackPointExtension>
            <gpxtpx:Extensions>
              <highway>path</highway>
              <surface>compacted</surface>
              <foot>designated</foot>
              <bicycle>designated</bicycle>
              <segregated>no</segregated>
              <route_bicycle_icn>yes</route_bicycle_icn>
              <route_bicycle_rcn>yes</route_bicycle_rcn>
            </gpxtpx:Extensions>
          </gpxtpx:TrackPointExtension>
        </extensions>
      </trkpt>
      <trkpt lat="48.642334" lon="-0.955402">
        <ele>177</ele>
        <extensions>
          <gpxtpx:TrackPointExtension>
            <gpxtpx:Extensions>
              <highway>path</highway>
              <surface>compacted</surface>
              <foot>designated</foot>
              <bicycle>designated</bicycle>
              <segregated>no</segregated>
              <route_bicycle_icn>yes</route_bicycle_icn>
              <route_bicycle_rcn>yes</route_bicycle_rcn>
            </gpxtpx:Extensions>
          </gpxtpx:TrackPointExtension>
        </extensions>
      </trkpt>
      <trkpt lat="48.642148" lon="-0.955656">
        <ele>176.25</ele>
        <extensions>
          <gpxtpx:TrackPointExtension>
            <gpxtpx:Extensions>
              <highway>path</highway>
              <surface>compacted</surface>
              <foot>designated</foot>
              <bicycle>designated</bicycle>
              <segregated>no</segregated>
              <route_bicycle_icn>yes</route_bicycle_icn>
              <route_bicycle_rcn>yes</route_bicycle_rcn>
            </gpxtpx:Extensions>
          </gpxtpx:TrackPointExtension>
        </extensions>
      </trkpt>
      <trkpt lat="48.642089" lon="-0.955705">
        <ele>175.75</ele>
        <extensions>
          <gpxtpx:TrackPointExtension>
            <gpxtpx:Extensions>
              <highway>path</highway>
              <surface>compacted</surface>
              <foot>designated</foot>
              <bicycle>designated</bicycle>
              <segregated>no</segregated>
              <route_bicycle_icn>yes</route_bicycle_icn>
              <route_bicycle_rcn>yes</route_bicycle_rcn>
            </gpxtpx:Extensions>
          </gpxtpx:TrackPointExtension>
        </extensions>
      </trkpt>
      <trkpt lat="48.641951" lon="-0.955793">
        <ele>174.5</ele>
        <extensions>
          <gpxtpx:TrackPointExtension>
            <gpxtpx:Extensions>
              <highway>path</highway>
              <surface>compacted</surface>
              <foot>designated</foot>
              <bicycle>designated</bicycle>
              <segregated>no</segregated>
              <route_bicycle_icn>yes</route_bicycle_icn>
              <route_bicycle_rcn>yes</route_bicycle_rcn>
            </gpxtpx:Extensions>
          </gpxtpx:TrackPointExtension>
        </extensions>
      </trkpt>
      <trkpt lat="48.641867" lon="-0.955893">
        <ele>173.75</ele>
        <extensions>
          <gpxtpx:TrackPointExtension>
            <gpxtpx:Extensions>
              <highway>path</highway>
              <surface>compacted</surface>
              <foot>designated</foot>
              <bicycle>designated</bicycle>
              <segregated>no</segregated>
              <route_bicycle_icn>yes</route_bicycle_icn>
              <route_bicycle_rcn>yes</route_bicycle_rcn>
            </gpxtpx:Extensions>
          </gpxtpx:TrackPointExtension>
        </extensions>
      </trkpt>
      <trkpt lat="48.641686" lon="-0.956185">
        <ele>172.75</ele>
        <extensions>
          <gpxtpx:TrackPointExtension>
            <gpxtpx:Extensions>
              <highway>path</highway>
              <surface>compacted</surface>
              <foot>designated</foot>
              <bicycle>designated</bicycle>
              <segregated>no</segregated>
              <route_bicycle_icn>yes</route_bicycle_icn>
              <route_bicycle_rcn>yes</route_bicycle_rcn>
            </gpxtpx:Extensions>
          </gpxtpx:TrackPointExtension>
        </extensions>
      </trkpt>
      <trkpt lat="48.641403" lon="-0.956697">
        <ele>172.25</ele>
        <extensions>
          <gpxtpx:TrackPointExtension>
            <gpxtpx:Extensions>
              <highway>path</highway>
              <surface>compacted</surface>
              <foot>designated</foot>
              <bicycle>designated</bicycle>
              <segregated>no</segregated>
              <route_bicycle_icn>yes</route_bicycle_icn>
              <route_bicycle_rcn>yes</route_bicycle_rcn>
            </gpxtpx:Extensions>
          </gpxtpx:TrackPointExtension>
        </extensions>
      </trkpt>
      <trkpt lat="48.640206" lon="-0.958914">
        <ele>159.25</ele>
        <extensions>
          <gpxtpx:TrackPointExtension>
            <gpxtpx:Extensions>
              <highway>path</highway>
              <surface>compacted</surface>
              <foot>designated</foot>
              <bicycle>designated</bicycle>
              <segregated>no</segregated>
              <route_bicycle_icn>yes</route_bicycle_icn>
              <route_bicycle_rcn>yes</route_bicycle_rcn>
            </gpxtpx:Extensions>
          </gpxtpx:TrackPointExtension>
        </extensions>
      </trkpt>
      <trkpt lat="48.63998" lon="-0.959279">
        <ele>158.75</ele>
        <extensions>
          <gpxtpx:TrackPointExtension>
            <gpxtpx:Extensions>
              <highway>path</highway>
              <surface>compacted</surface>
              <foot>designated</foot>
              <bicycle>designated</bicycle>
              <segregated>no</segregated>
              <route_bicycle_icn>yes</route_bicycle_icn>
              <route_bicycle_rcn>yes</route_bicycle_rcn>
            </gpxtpx:Extensions>
          </gpxtpx:TrackPointExtension>
        </extensions>
      </trkpt>
      <trkpt lat="48.63979" lon="-0.959557">
        <ele>157.5</ele>
        <extensions>
          <gpxtpx:TrackPointExtension>
            <gpxtpx:Extensions>
              <highway>path</highway>
              <surface>compacted</surface>
              <foot>designated</foot>
              <bicycle>designated</bicycle>
              <segregated>no</segregated>
              <route_bicycle_icn>yes</route_bicycle_icn>
              <route_bicycle_rcn>yes</route_bicycle_rcn>
            </gpxtpx:Extensions>
          </gpxtpx:TrackPointExtension>
        </extensions>
      </trkpt>
      <trkpt lat="48.639578" lon="-0.959838">
        <ele>156.75</ele>
        <extensions>
          <gpxtpx:TrackPointExtension>
            <gpxtpx:Extensions>
              <highway>path</highway>
              <surface>compacted</surface>
              <foot>designated</foot>
              <bicycle>designated</bicycle>
              <segregated>no</segregated>
              <route_bicycle_icn>yes</route_bicycle_icn>
              <route_bicycle_rcn>yes</route_bicycle_rcn>
            </gpxtpx:Extensions>
          </gpxtpx:TrackPointExtension>
        </extensions>
      </trkpt>
      <trkpt lat="48.639356" lon="-0.960116">
        <ele>156.75</ele>
        <extensions>
          <gpxtpx:TrackPointExtension>
            <gpxtpx:Extensions>
              <highway>path</highway>
              <surface>compacted</surface>
              <foot>designated</foot>
              <bicycle>designated</bicycle>
              <segregated>no</segregated>
              <route_bicycle_icn>yes</route_bicycle_icn>
              <route_bicycle_rcn>yes</route_bicycle_rcn>
            </gpxtpx:Extensions>
          </gpxtpx:TrackPointExtension>
        </extensions>
      </trkpt>
      <trkpt lat="48.63913" lon="-0.960378">
        <ele>156.75</ele>
        <extensions>
          <gpxtpx:TrackPointExtension>
            <gpxtpx:Extensions>
              <highway>path</highway>
              <surface>compacted</surface>
              <foot>designated</foot>
              <bicycle>designated</bicycle>
              <segregated>no</segregated>
              <route_bicycle_icn>yes</route_bicycle_icn>
              <route_bicycle_rcn>yes</route_bicycle_rcn>
            </gpxtpx:Extensions>
          </gpxtpx:TrackPointExtension>
        </extensions>
      </trkpt>
      <trkpt lat="48.638679" lon="-0.960788">
        <ele>157</ele>
        <extensions>
          <gpxtpx:TrackPointExtension>
            <gpxtpx:Extensions>
              <highway>path</highway>
              <surface>compacted</surface>
              <foot>designated</foot>
              <bicycle>designated</bicycle>
              <segregated>no</segregated>
              <route_bicycle_icn>yes</route_bicycle_icn>
              <route_bicycle_rcn>yes</route_bicycle_rcn>
            </gpxtpx:Extensions>
          </gpxtpx:TrackPointExtension>
        </extensions>
      </trkpt>
      <trkpt lat="48.638339" lon="-0.961049">
        <ele>157.25</ele>
        <extensions>
          <gpxtpx:TrackPointExtension>
            <gpxtpx:Extensions>
              <highway>path</highway>
              <surface>compacted</surface>
              <foot>designated</foot>
              <bicycle>designated</bicycle>
              <segregated>no</segregated>
              <route_bicycle_icn>yes</route_bicycle_icn>
              <route_bicycle_rcn>yes</route_bicycle_rcn>
            </gpxtpx:Extensions>
          </gpxtpx:TrackPointExtension>
        </extensions>
      </trkpt>
      <trkpt lat="48.638333" lon="-0.961059">
        <ele>157.25</ele>
        <extensions>
          <gpxtpx:TrackPointExtension>
            <gpxtpx:Extensions>
              <highway>path</highway>
              <surface>compacted</surface>
              <foot>designated</foot>
              <bicycle>designated</bicycle>
              <segregated>no</segregated>
              <route_bicycle_icn>yes</route_bicycle_icn>
              <route_bicycle_rcn>yes</route_bicycle_rcn>
            </gpxtpx:Extensions>
          </gpxtpx:TrackPointExtension>
        </extensions>
      </trkpt>
      <trkpt lat="48.638273" lon="-0.961158">
        <ele>157</ele>
        <extensions>
          <gpxtpx:TrackPointExtension>
            <gpxtpx:Extensions>
              <highway>path</highway>
              <surface>compacted</surface>
              <foot>designated</foot>
              <bicycle>designated</bicycle>
              <segregated>no</segregated>
              <route_bicycle_icn>yes</route_bicycle_icn>
              <route_bicycle_rcn>yes</route_bicycle_rcn>
            </gpxtpx:Extensions>
          </gpxtpx:TrackPointExtension>
        </extensions>
      </trkpt>
      <trkpt lat="48.638234" lon="-0.96131">
        <ele>157.25</ele>
        <extensions>
          <gpxtpx:TrackPointExtension>
            <gpxtpx:Extensions>
              <highway>path</highway>
              <surface>compacted</surface>
              <foot>designated</foot>
              <bicycle>designated</bicycle>
              <segregated>no</segregated>
              <route_bicycle_icn>yes</route_bicycle_icn>
              <route_bicycle_rcn>yes</route_bicycle_rcn>
            </gpxtpx:Extensions>
          </gpxtpx:TrackPointExtension>
        </extensions>
      </trkpt>
      <trkpt lat="48.638215" lon="-0.961387">
        <ele>157.25</ele>
        <extensions>
          <gpxtpx:TrackPointExtension>
            <gpxtpx:Extensions>
              <highway>path</highway>
              <surface>compacted</surface>
              <foot>designated</foot>
              <bicycle>designated</bicycle>
              <segregated>no</segregated>
              <route_bicycle_icn>yes</route_bicycle_icn>
              <route_bicycle_rcn>yes</route_bicycle_rcn>
            </gpxtpx:Extensions>
          </gpxtpx:TrackPointExtension>
        </extensions>
      </trkpt>
      <trkpt lat="48.638171" lon="-0.961656">
        <ele>157.5</ele>
        <extensions>
          <gpxtpx:TrackPointExtension>
            <gpxtpx:Extensions>
              <highway>path</highway>
              <surface>compacted</surface>
              <foot>designated</foot>
              <bicycle>designated</bicycle>
              <segregated>no</segregated>
              <route_bicycle_icn>yes</route_bicycle_icn>
              <route_bicycle_rcn>yes</route_bicycle_rcn>
            </gpxtpx:Extensions>
          </gpxtpx:TrackPointExtension>
        </extensions>
      </trkpt>
      <trkpt lat="48.638188" lon="-0.961787">
        <ele>157.75</ele>
        <extensions>
          <gpxtpx:TrackPointExtension>
            <gpxtpx:Extensions>
              <highway>path</highway>
              <surface>compacted</surface>
              <foot>designated</foot>
              <bicycle>designated</bicycle>
              <segregated>no</segregated>
              <route_bicycle_icn>yes</route_bicycle_icn>
              <route_bicycle_rcn>yes</route_bicycle_rcn>
            </gpxtpx:Extensions>
          </gpxtpx:TrackPointExtension>
        </extensions>
      </trkpt>
      <trkpt lat="48.638344" lon="-0.962494">
        <ele>159</ele>
        <extensions>
          <gpxtpx:TrackPointExtension>
            <gpxtpx:Extensions>
              <highway>path</highway>
              <surface>compacted</surface>
              <foot>designated</foot>
              <bicycle>designated</bicycle>
              <segregated>no</segregated>
              <route_bicycle_icn>yes</route_bicycle_icn>
              <route_bicycle_rcn>yes</route_bicycle_rcn>
            </gpxtpx:Extensions>
          </gpxtpx:TrackPointExtension>
        </extensions>
      </trkpt>
      <trkpt lat="48.638336" lon="-0.962577">
        <ele>158.75</ele>
        <extensions>
          <gpxtpx:TrackPointExtension>
            <gpxtpx:Extensions>
              <highway>path</highway>
              <surface>compacted</surface>
              <foot>designated</foot>
              <bicycle>designated</bicycle>
              <segregated>no</segregated>
              <route_bicycle_icn>yes</route_bicycle_icn>
              <route_bicycle_rcn>yes</route_bicycle_rcn>
            </gpxtpx:Extensions>
          </gpxtpx:TrackPointExtension>
        </extensions>
      </trkpt>
      <trkpt lat="48.638292" lon="-0.962607">
        <ele>158.5</ele>
        <extensions>
          <gpxtpx:TrackPointExtension>
            <gpxtpx:Extensions>
              <highway>path</highway>
              <surface>compacted</surface>
              <foot>designated</foot>
              <bicycle>designated</bicycle>
              <segregated>no</segregated>
              <route_bicycle_icn>yes</route_bicycle_icn>
              <route_bicycle_rcn>yes</route_bicycle_rcn>
            </gpxtpx:Extensions>
          </gpxtpx:TrackPointExtension>
        </extensions>
      </trkpt>
      <trkpt lat="48.637885" lon="-0.96274">
        <ele>157</ele>
        <extensions>
          <gpxtpx:TrackPointExtension>
            <gpxtpx:Extensions>
              <highway>path</highway>
              <surface>compacted</surface>
              <foot>designated</foot>
              <bicycle>designated</bicycle>
              <segregated>no</segregated>
              <route_bicycle_icn>yes</route_bicycle_icn>
              <route_bicycle_rcn>yes</route_bicycle_rcn>
            </gpxtpx:Extensions>
          </gpxtpx:TrackPointExtension>
        </extensions>
      </trkpt>
      <trkpt lat="48.637695" lon="-0.962778">
        <ele>156.25</ele>
        <extensions>
          <gpxtpx:TrackPointExtension>
            <gpxtpx:Extensions>
              <highway>path</highway>
              <surface>compacted</surface>
              <foot>designated</foot>
              <bicycle>designated</bicycle>
              <segregated>no</segregated>
              <route_bicycle_icn>yes</route_bicycle_icn>
              <route_bicycle_rcn>yes</route_bicycle_rcn>
            </gpxtpx:Extensions>
          </gpxtpx:TrackPointExtension>
        </extensions>
      </trkpt>
      <trkpt lat="48.636637" lon="-0.962864">
        <ele>154.25</ele>
        <extensions>
          <gpxtpx:TrackPointExtension>
            <gpxtpx:Extensions>
              <highway>path</highway>
              <surface>compacted</surface>
              <foot>designated</foot>
              <bicycle>designated</bicycle>
              <segregated>no</segregated>
              <route_bicycle_icn>yes</route_bicycle_icn>
              <route_bicycle_rcn>yes</route_bicycle_rcn>
            </gpxtpx:Extensions>
          </gpxtpx:TrackPointExtension>
        </extensions>
      </trkpt>
      <trkpt lat="48.635349" lon="-0.962997">
        <ele>152.75</ele>
        <extensions>
          <gpxtpx:TrackPointExtension>
            <gpxtpx:Extensions>
              <highway>path</highway>
              <surface>compacted</surface>
              <foot>designated</foot>
              <bicycle>designated</bicycle>
              <segregated>no</segregated>
              <route_bicycle_icn>yes</route_bicycle_icn>
              <route_bicycle_rcn>yes</route_bicycle_rcn>
            </gpxtpx:Extensions>
          </gpxtpx:TrackPointExtension>
        </extensions>
      </trkpt>
      <trkpt lat="48.635084" lon="-0.963088">
        <ele>152.5</ele>
        <extensions>
          <gpxtpx:TrackPointExtension>
            <gpxtpx:Extensions>
              <highway>path</highway>
              <surface>compacted</surface>
              <foot>designated</foot>
              <bicycle>designated</bicycle>
              <segregated>no</segregated>
              <route_bicycle_icn>yes</route_bicycle_icn>
              <route_bicycle_rcn>yes</route_bicycle_rcn>
            </gpxtpx:Extensions>
          </gpxtpx:TrackPointExtension>
        </extensions>
      </trkpt>
      <trkpt lat="48.634826" lon="-0.963238">
        <ele>152</ele>
        <extensions>
          <gpxtpx:TrackPointExtension>
            <gpxtpx:Extensions>
              <highway>path</highway>
              <surface>compacted</surface>
              <foot>designated</foot>
              <bicycle>designated</bicycle>
              <segregated>no</segregated>
              <route_bicycle_icn>yes</route_bicycle_icn>
              <route_bicycle_rcn>yes</route_bicycle_rcn>
            </gpxtpx:Extensions>
          </gpxtpx:TrackPointExtension>
        </extensions>
      </trkpt>
      <trkpt lat="48.633646" lon="-0.964089">
        <ele>148.75</ele>
        <extensions>
          <gpxtpx:TrackPointExtension>
            <gpxtpx:Extensions>
              <highway>path</highway>
              <surface>compacted</surface>
              <foot>designated</foot>
              <bicycle>designated</bicycle>
              <segregated>no</segregated>
              <route_bicycle_icn>yes</route_bicycle_icn>
              <route_bicycle_rcn>yes</route_bicycle_rcn>
            </gpxtpx:Extensions>
          </gpxtpx:TrackPointExtension>
        </extensions>
      </trkpt>
      <trkpt lat="48.63359" lon="-0.964084">
        <ele>148.75</ele>
        <extensions>
          <gpxtpx:TrackPointExtension>
            <gpxtpx:Extensions>
              <highway>path</highway>
              <surface>compacted</surface>
              <foot>designated</foot>
              <bicycle>designated</bicycle>
              <segregated>no</segregated>
              <route_bicycle_icn>yes</route_bicycle_icn>
              <route_bicycle_rcn>yes</route_bicycle_rcn>
            </gpxtpx:Extensions>
          </gpxtpx:TrackPointExtension>
        </extensions>
      </trkpt>
      <trkpt lat="48.633429" lon="-0.96385">
        <ele>147.75</ele>
        <extensions>
          <gpxtpx:TrackPointExtension>
            <gpxtpx:Extensions>
              <highway>path</highway>
              <surface>compacted</surface>
              <foot>designated</foot>
              <bicycle>designated</bicycle>
              <segregated>no</segregated>
              <route_bicycle_icn>yes</route_bicycle_icn>
              <route_bicycle_rcn>yes</route_bicycle_rcn>
            </gpxtpx:Extensions>
          </gpxtpx:TrackPointExtension>
        </extensions>
      </trkpt>
      <trkpt lat="48.633384" lon="-0.96374">
        <ele>147.5</ele>
        <extensions>
          <gpxtpx:TrackPointExtension>
            <gpxtpx:Extensions>
              <highway>path</highway>
              <surface>compacted</surface>
              <foot>designated</foot>
              <bicycle>designated</bicycle>
              <segregated>no</segregated>
              <route_bicycle_icn>yes</route_bicycle_icn>
              <route_bicycle_rcn>yes</route_bicycle_rcn>
            </gpxtpx:Extensions>
          </gpxtpx:TrackPointExtension>
        </extensions>
      </trkpt>
      <trkpt lat="48.633398" lon="-0.96364">
        <ele>147.5</ele>
        <extensions>
          <gpxtpx:TrackPointExtension>
            <gpxtpx:Extensions>
              <highway>path</highway>
              <surface>compacted</surface>
              <foot>designated</foot>
              <bicycle>designated</bicycle>
              <segregated>no</segregated>
              <route_bicycle_icn>yes</route_bicycle_icn>
              <route_bicycle_rcn>yes</route_bicycle_rcn>
            </gpxtpx:Extensions>
          </gpxtpx:TrackPointExtension>
        </extensions>
      </trkpt>
      <trkpt lat="48.633788" lon="-0.962477">
        <ele>145.25</ele>
        <extensions>
          <gpxtpx:TrackPointExtension>
            <gpxtpx:Extensions>
              <highway>path</highway>
              <surface>compacted</surface>
              <foot>designated</foot>
              <bicycle>designated</bicycle>
              <segregated>no</segregated>
              <route_bicycle_icn>yes</route_bicycle_icn>
              <route_bicycle_rcn>yes</route_bicycle_rcn>
            </gpxtpx:Extensions>
          </gpxtpx:TrackPointExtension>
        </extensions>
      </trkpt>
      <trkpt lat="48.633715" lon="-0.962319">
        <ele>144.75</ele>
        <extensions>
          <gpxtpx:TrackPointExtension>
            <gpxtpx:Extensions>
              <highway>path</highway>
              <surface>compacted</surface>
              <foot>designated</foot>
              <bicycle>designated</bicycle>
              <segregated>no</segregated>
              <route_bicycle_icn>yes</route_bicycle_icn>
              <route_bicycle_rcn>yes</route_bicycle_rcn>
            </gpxtpx:Extensions>
          </gpxtpx:TrackPointExtension>
        </extensions>
      </trkpt>
      <trkpt lat="48.633682" lon="-0.962087">
        <ele>144</ele>
        <extensions>
          <gpxtpx:TrackPointExtension>
            <gpxtpx:Extensions>
              <highway>path</highway>
              <surface>compacted</surface>
              <foot>designated</foot>
              <bicycle>designated</bicycle>
              <segregated>no</segregated>
              <route_bicycle_icn>yes</route_bicycle_icn>
              <route_bicycle_rcn>yes</route_bicycle_rcn>
            </gpxtpx:Extensions>
          </gpxtpx:TrackPointExtension>
        </extensions>
      </trkpt>
      <trkpt lat="48.633631" lon="-0.962007">
        <ele>143.75</ele>
        <extensions>
          <gpxtpx:TrackPointExtension>
            <gpxtpx:Extensions>
              <highway>path</highway>
              <surface>compacted</surface>
              <foot>designated</foot>
              <bicycle>designated</bicycle>
              <segregated>no</segregated>
              <route_bicycle_icn>yes</route_bicycle_icn>
              <route_bicycle_rcn>yes</route_bicycle_rcn>
            </gpxtpx:Extensions>
          </gpxtpx:TrackPointExtension>
        </extensions>
      </trkpt>
      <trkpt lat="48.633442" lon="-0.961875">
        <ele>143.5</ele>
        <extensions>
          <gpxtpx:TrackPointExtension>
            <gpxtpx:Extensions>
              <highway>path</highway>
              <surface>compacted</surface>
              <foot>designated</foot>
              <bicycle>designated</bicycle>
              <segregated>no</segregated>
              <route_bicycle_icn>yes</route_bicycle_icn>
              <route_bicycle_rcn>yes</route_bicycle_rcn>
            </gpxtpx:Extensions>
          </gpxtpx:TrackPointExtension>
        </extensions>
      </trkpt>
      <trkpt lat="48.633337" lon="-0.961875">
        <ele>143.5</ele>
        <extensions>
          <gpxtpx:TrackPointExtension>
            <gpxtpx:Extensions>
              <highway>path</highway>
              <surface>compacted</surface>
              <foot>designated</foot>
              <bicycle>designated</bicycle>
              <segregated>no</segregated>
              <route_bicycle_icn>yes</route_bicycle_icn>
              <route_bicycle_rcn>yes</route_bicycle_rcn>
            </gpxtpx:Extensions>
          </gpxtpx:TrackPointExtension>
        </extensions>
      </trkpt>
      <trkpt lat="48.633325" lon="-0.961826">
        <ele>143.25</ele>
        <extensions>
          <gpxtpx:TrackPointExtension>
            <gpxtpx:Extensions>
              <highway>path</highway>
              <surface>compacted</surface>
              <foot>designated</foot>
              <bicycle>designated</bicycle>
              <segregated>no</segregated>
              <route_bicycle_icn>yes</route_bicycle_icn>
              <route_bicycle_rcn>yes</route_bicycle_rcn>
            </gpxtpx:Extensions>
          </gpxtpx:TrackPointExtension>
        </extensions>
      </trkpt>
      <trkpt lat="48.63328" lon="-0.961591">
        <ele>142.5</ele>
        <extensions>
          <gpxtpx:TrackPointExtension>
            <gpxtpx:Extensions>
              <highway>path</highway>
              <surface>compacted</surface>
              <foot>designated</foot>
              <bicycle>designated</bicycle>
              <segregated>no</segregated>
              <route_bicycle_icn>yes</route_bicycle_icn>
              <route_bicycle_rcn>yes</route_bicycle_rcn>
            </gpxtpx:Extensions>
          </gpxtpx:TrackPointExtension>
        </extensions>
      </trkpt>
      <trkpt lat="48.633241" lon="-0.961466">
        <ele>142</ele>
        <extensions>
          <gpxtpx:TrackPointExtension>
            <gpxtpx:Extensions>
              <highway>path</highway>
              <surface>compacted</surface>
              <foot>designated</foot>
              <bicycle>designated</bicycle>
              <segregated>no</segregated>
              <route_bicycle_icn>yes</route_bicycle_icn>
              <route_bicycle_rcn>yes</route_bicycle_rcn>
            </gpxtpx:Extensions>
          </gpxtpx:TrackPointExtension>
        </extensions>
      </trkpt>
      <trkpt lat="48.633176" lon="-0.9614">
        <ele>141.5</ele>
        <extensions>
          <gpxtpx:TrackPointExtension>
            <gpxtpx:Extensions>
              <highway>path</highway>
              <surface>compacted</surface>
              <foot>designated</foot>
              <bicycle>designated</bicycle>
              <segregated>no</segregated>
              <route_bicycle_icn>yes</route_bicycle_icn>
              <route_bicycle_rcn>yes</route_bicycle_rcn>
            </gpxtpx:Extensions>
          </gpxtpx:TrackPointExtension>
        </extensions>
      </trkpt>
      <trkpt lat="48.63231" lon="-0.960834">
        <ele>138.25</ele>
        <extensions>
          <gpxtpx:TrackPointExtension>
            <gpxtpx:Extensions>
              <highway>path</highway>
              <surface>compacted</surface>
              <foot>designated</foot>
              <bicycle>designated</bicycle>
              <segregated>no</segregated>
              <route_bicycle_icn>yes</route_bicycle_icn>
              <route_bicycle_rcn>yes</route_bicycle_rcn>
            </gpxtpx:Extensions>
          </gpxtpx:TrackPointExtension>
        </extensions>
      </trkpt>
      <trkpt lat="48.631497" lon="-0.960238">
        <ele>134.25</ele>
        <extensions>
          <gpxtpx:TrackPointExtension>
            <gpxtpx:Extensions>
              <highway>path</highway>
              <surface>compacted</surface>
              <foot>designated</foot>
              <bicycle>designated</bicycle>
              <segregated>no</segregated>
              <route_bicycle_icn>yes</route_bicycle_icn>
              <route_bicycle_rcn>yes</route_bicycle_rcn>
            </gpxtpx:Extensions>
          </gpxtpx:TrackPointExtension>
        </extensions>
      </trkpt>
      <trkpt lat="48.630936" lon="-0.959848">
        <ele>132.75</ele>
        <extensions>
          <gpxtpx:TrackPointExtension>
            <gpxtpx:Extensions>
              <highway>path</highway>
              <surface>compacted</surface>
              <foot>designated</foot>
              <bicycle>designated</bicycle>
              <segregated>no</segregated>
              <route_bicycle_icn>yes</route_bicycle_icn>
              <route_bicycle_rcn>yes</route_bicycle_rcn>
            </gpxtpx:Extensions>
          </gpxtpx:TrackPointExtension>
        </extensions>
      </trkpt>
      <trkpt lat="48.63038" lon="-0.959566">
        <ele>132</ele>
        <extensions>
          <gpxtpx:TrackPointExtension>
            <gpxtpx:Extensions>
              <highway>path</highway>
              <surface>compacted</surface>
              <foot>designated</foot>
              <bicycle>designated</bicycle>
              <segregated>no</segregated>
              <route_bicycle_icn>yes</route_bicycle_icn>
              <route_bicycle_rcn>yes</route_bicycle_rcn>
            </gpxtpx:Extensions>
          </gpxtpx:TrackPointExtension>
        </extensions>
      </trkpt>
      <trkpt lat="48.629914" lon="-0.959477">
        <ele>131.5</ele>
        <extensions>
          <gpxtpx:TrackPointExtension>
            <gpxtpx:Extensions>
              <highway>path</highway>
              <surface>compacted</surface>
              <foot>designated</foot>
              <bicycle>designated</bicycle>
              <segregated>no</segregated>
              <route_bicycle_icn>yes</route_bicycle_icn>
              <route_bicycle_rcn>yes</route_bicycle_rcn>
            </gpxtpx:Extensions>
          </gpxtpx:TrackPointExtension>
        </extensions>
      </trkpt>
      <trkpt lat="48.629605" lon="-0.959487">
        <ele>130.75</ele>
        <extensions>
          <gpxtpx:TrackPointExtension>
            <gpxtpx:Extensions>
              <highway>path</highway>
              <surface>compacted</surface>
              <foot>designated</foot>
              <bicycle>designated</bicycle>
              <segregated>no</segregated>
              <route_bicycle_icn>yes</route_bicycle_icn>
              <route_bicycle_rcn>yes</route_bicycle_rcn>
            </gpxtpx:Extensions>
          </gpxtpx:TrackPointExtension>
        </extensions>
      </trkpt>
      <trkpt lat="48.629155" lon="-0.959515">
        <ele>129.25</ele>
        <extensions>
          <gpxtpx:TrackPointExtension>
            <gpxtpx:Extensions>
              <highway>path</highway>
              <surface>compacted</surface>
              <foot>designated</foot>
              <bicycle>designated</bicycle>
              <segregated>no</segregated>
              <route_bicycle_icn>yes</route_bicycle_icn>
              <route_bicycle_rcn>yes</route_bicycle_rcn>
            </gpxtpx:Extensions>
          </gpxtpx:TrackPointExtension>
        </extensions>
      </trkpt>
      <trkpt lat="48.628659" lon="-0.959671">
        <ele>128.75</ele>
        <extensions>
          <gpxtpx:TrackPointExtension>
            <gpxtpx:Extensions>
              <highway>path</highway>
              <surface>compacted</surface>
              <foot>designated</foot>
              <bicycle>designated</bicycle>
              <segregated>no</segregated>
              <route_bicycle_icn>yes</route_bicycle_icn>
              <route_bicycle_rcn>yes</route_bicycle_rcn>
            </gpxtpx:Extensions>
          </gpxtpx:TrackPointExtension>
        </extensions>
      </trkpt>
      <trkpt lat="48.62814" lon="-0.959957">
        <ele>128.25</ele>
        <extensions>
          <gpxtpx:TrackPointExtension>
            <gpxtpx:Extensions>
              <highway>path</highway>
              <surface>compacted</surface>
              <foot>designated</foot>
              <bicycle>designated</bicycle>
              <segregated>no</segregated>
              <route_bicycle_icn>yes</route_bicycle_icn>
              <route_bicycle_rcn>yes</route_bicycle_rcn>
            </gpxtpx:Extensions>
          </gpxtpx:TrackPointExtension>
        </extensions>
      </trkpt>
      <trkpt lat="48.627697" lon="-0.960273">
        <ele>127.25</ele>
        <extensions>
          <gpxtpx:TrackPointExtension>
            <gpxtpx:Extensions>
              <highway>path</highway>
              <surface>compacted</surface>
              <foot>designated</foot>
              <bicycle>designated</bicycle>
              <segregated>no</segregated>
              <route_bicycle_icn>yes</route_bicycle_icn>
              <route_bicycle_rcn>yes</route_bicycle_rcn>
            </gpxtpx:Extensions>
          </gpxtpx:TrackPointExtension>
        </extensions>
      </trkpt>
      <trkpt lat="48.627121" lon="-0.960851">
        <ele>127</ele>
        <extensions>
          <gpxtpx:TrackPointExtension>
            <gpxtpx:Extensions>
              <highway>path</highway>
              <foot>designated</foot>
              <bicycle>designated</bicycle>
              <segregated>no</segregated>
              <route_bicycle_icn>yes</route_bicycle_icn>
              <route_bicycle_rcn>yes</route_bicycle_rcn>
            </gpxtpx:Extensions>
          </gpxtpx:TrackPointExtension>
        </extensions>
      </trkpt>
      <trkpt lat="48.627039" lon="-0.960878">
        <ele>127</ele>
        <extensions>
          <gpxtpx:TrackPointExtension>
            <gpxtpx:Extensions>
              <highway>path</highway>
              <foot>designated</foot>
              <bicycle>designated</bicycle>
              <segregated>no</segregated>
              <route_bicycle_icn>yes</route_bicycle_icn>
              <route_bicycle_rcn>yes</route_bicycle_rcn>
            </gpxtpx:Extensions>
          </gpxtpx:TrackPointExtension>
        </extensions>
      </trkpt>
      <trkpt lat="48.626985" lon="-0.960871">
        <ele>127</ele>
        <extensions>
          <gpxtpx:TrackPointExtension>
            <gpxtpx:Extensions>
              <highway>path</highway>
              <foot>designated</foot>
              <bicycle>designated</bicycle>
              <segregated>no</segregated>
              <route_bicycle_icn>yes</route_bicycle_icn>
              <route_bicycle_rcn>yes</route_bicycle_rcn>
            </gpxtpx:Extensions>
          </gpxtpx:TrackPointExtension>
        </extensions>
      </trkpt>
      <trkpt lat="48.626951" lon="-0.960832">
        <ele>126.75</ele>
        <extensions>
          <gpxtpx:TrackPointExtension>
            <gpxtpx:Extensions>
              <highway>path</highway>
              <foot>designated</foot>
              <bicycle>designated</bicycle>
              <segregated>no</segregated>
              <route_bicycle_icn>yes</route_bicycle_icn>
              <route_bicycle_rcn>yes</route_bicycle_rcn>
            </gpxtpx:Extensions>
          </gpxtpx:TrackPointExtension>
        </extensions>
      </trkpt>
      <trkpt lat="48.626785" lon="-0.960572">
        <ele>126.25</ele>
        <extensions>
          <gpxtpx:TrackPointExtension>
            <gpxtpx:Extensions>
              <highway>path</highway>
              <foot>designated</foot>
              <bicycle>designated</bicycle>
              <segregated>no</segregated>
              <route_bicycle_icn>yes</route_bicycle_icn>
              <route_bicycle_rcn>yes</route_bicycle_rcn>
            </gpxtpx:Extensions>
          </gpxtpx:TrackPointExtension>
        </extensions>
      </trkpt>
      <trkpt lat="48.626614" lon="-0.960335">
        <ele>125.5</ele>
        <extensions>
          <gpxtpx:TrackPointExtension>
            <gpxtpx:Extensions>
              <highway>path</highway>
              <foot>designated</foot>
              <bicycle>designated</bicycle>
              <segregated>no</segregated>
              <route_bicycle_icn>yes</route_bicycle_icn>
              <route_bicycle_rcn>yes</route_bicycle_rcn>
            </gpxtpx:Extensions>
          </gpxtpx:TrackPointExtension>
        </extensions>
      </trkpt>
      <trkpt lat="48.62651" lon="-0.960235">
        <ele>125</ele>
        <extensions>
          <gpxtpx:TrackPointExtension>
            <gpxtpx:Extensions>
              <highway>path</highway>
              <foot>designated</foot>
              <bicycle>designated</bicycle>
              <segregated>no</segregated>
              <route_bicycle_icn>yes</route_bicycle_icn>
              <route_bicycle_rcn>yes</route_bicycle_rcn>
            </gpxtpx:Extensions>
          </gpxtpx:TrackPointExtension>
        </extensions>
      </trkpt>
      <trkpt lat="48.626435" lon="-0.960187">
        <ele>124.5</ele>
      </trkpt>
      <trkpt lat="48.626390603" lon="-0.960178937">
        <ele>124.83</ele>
      </trkpt>
      <trkpt lat="48.626377852" lon="-0.960248684">
        <ele>125.09</ele>
      </trkpt>
      <trkpt lat="48.626297018" lon="-0.960690838">
        <ele>124.93</ele>
      </trkpt>
      <trkpt lat="48.626223245" lon="-0.961148526">
        <ele>125.03</ele>
      </trkpt>
      <trkpt lat="48.626175302" lon="-0.961533457">
        <ele>125.57</ele>
      </trkpt>
      <trkpt lat="48.626080981" lon="-0.962418901">
        <ele>126.41</ele>
      </trkpt>
      <trkpt lat="48.625859534" lon="-0.964687275">
        <ele>127.14</ele>
      </trkpt>
      <trkpt lat="48.625747616" lon="-0.965873054">
        <ele>128.25</ele>
      </trkpt>
      <trkpt lat="48.625586673" lon="-0.967578037">
        <ele>127.72</ele>
      </trkpt>
      <trkpt lat="48.625474775" lon="-0.968789474">
        <ele>126.19</ele>
      </trkpt>
      <trkpt lat="48.625327328" lon="-0.970385563">
        <ele>124.38</ele>
      </trkpt>
      <trkpt lat="48.625251358" lon="-0.971069954">
        <ele>122.85</ele>
      </trkpt>
      <trkpt lat="48.625200511" lon="-0.971530633">
        <ele>120.87</ele>
      </trkpt>
      <trkpt lat="48.625187459" lon="-0.971648884">
        <ele>120.5</ele>
      </trkpt>
      <trkpt lat="48.625162281" lon="-0.971876982">
        <ele>119.37</ele>
      </trkpt>
      <trkpt lat="48.625151863" lon="-0.971956805">
        <ele>119.58</ele>
      </trkpt>
      <trkpt lat="48.625072734" lon="-0.972563054">
        <ele>118.86</ele>
      </trkpt>
      <trkpt lat="48.62494936" lon="-0.973264214">
        <ele>118.1</ele>
      </trkpt>
      <trkpt lat="48.624783863" lon="-0.974066783">
        <ele>117.85</ele>
      </trkpt>
      <trkpt lat="48.624693139" lon="-0.974440074">
        <ele>118.1</ele>
      </trkpt>
      <trkpt lat="48.624641864" lon="-0.974651043">
        <ele>116.75</ele>
      </trkpt>
      <trkpt lat="48.624477727" lon="-0.97519695">
        <ele>116.55</ele>
      </trkpt>
      <trkpt lat="48.624366576" lon="-0.975504499">
        <ele>116.36</ele>
      </trkpt>
      <trkpt lat="48.624284788" lon="-0.975730802">
        <ele>115.35</ele>
      </trkpt>
      <trkpt lat="48.624167115" lon="-0.976056391">
        <ele>115.08</ele>
      </trkpt>
      <trkpt lat="48.623890996" lon="-0.976745926">
        <ele>114.95</ele>
      </trkpt>
      <trkpt lat="48.623886298" lon="-0.976832522">
        <ele>114.39</ele>
      </trkpt>
      <trkpt lat="48.623776754" lon="-0.977118986">
        <ele>113.65</ele>
      </trkpt>
      <trkpt lat="48.623381743" lon="-0.978077969">
        <ele>112.63</ele>
      </trkpt>
      <trkpt lat="48.623161806" lon="-0.978595142">
        <ele>112.01</ele>
      </trkpt>
      <trkpt lat="48.622623062" lon="-0.979946647">
        <ele>111.39</ele>
      </trkpt>
      <trkpt lat="48.622348809" lon="-0.980633559">
        <ele>111.17</ele>
      </trkpt>
      <trkpt lat="48.622214729" lon="-0.981060798">
        <ele>110.94</ele>
      </trkpt>
      <trkpt lat="48.621938795" lon="-0.982066826">
        <ele>111.14</ele>
      </trkpt>
      <trkpt lat="48.621818892" lon="-0.982554912">
        <ele>110.88</ele>
      </trkpt>
      <trkpt lat="48.621710021" lon="-0.983062848">
        <ele>110.13</ele>
      </trkpt>
      <trkpt lat="48.62161533" lon="-0.98363164">
        <ele>108.62</ele>
      </trkpt>
      <trkpt lat="48.621456794" lon="-0.984627568">
        <ele>107.15</ele>
      </trkpt>
      <trkpt lat="48.621336976" lon="-0.985489229">
        <ele>105.65</ele>
      </trkpt>
      <trkpt lat="48.621247995" lon="-0.986129094">
        <ele>103.82</ele>
      </trkpt>
      <trkpt lat="48.621211069" lon="-0.986397975">
        <ele>101.65</ele>
      </trkpt>
      <trkpt lat="48.620952004" lon="-0.988081761">
        <ele>100.21</ele>
      </trkpt>
      <trkpt lat="48.62061773" lon="-0.990449909">
        <ele>99.53</ele>
      </trkpt>
      <trkpt lat="48.620418405" lon="-0.991881478">
        <ele>98.78</ele>
      </trkpt>
      <trkpt lat="48.620346253" lon="-0.992367729">
        <ele>99.08</ele>
      </trkpt>
      <trkpt lat="48.620283816" lon="-0.99248387">
        <ele>99.86</ele>
      </trkpt>
      <trkpt lat="48.620202303" lon="-0.993114777">
        <ele>100.01</ele>
      </trkpt>
      <trkpt lat="48.620039587" lon="-0.994259764">
        <ele>99.75</ele>
      </trkpt>
      <trkpt lat="48.619899067" lon="-0.99525294">
        <ele>100.36</ele>
      </trkpt>
      <trkpt lat="48.619871376" lon="-0.995442147">
        <ele>100.22</ele>
      </trkpt>
      <trkpt lat="48.619792699" lon="-0.995979742">
        <ele>99.99</ele>
      </trkpt>
      <trkpt lat="48.619764991" lon="-0.996202746">
        <ele>99.76</ele>
      </trkpt>
      <trkpt lat="48.619724817" lon="-0.996526091">
        <ele>98.61</ele>
      </trkpt>
      <trkpt lat="48.619661503" lon="-0.99698992">
        <ele>96.97</ele>
      </trkpt>
      <trkpt lat="48.61951876" lon="-0.997780494">
        <ele>94.59</ele>
      </trkpt>
      <trkpt lat="48.619399056" lon="-0.998367711">
        <ele>92.72</ele>
      </trkpt>
      <trkpt lat="48.619257152" lon="-0.999079552">
        <ele>90.98</ele>
      </trkpt>
      <trkpt lat="48.619097847" lon="-0.999906889">
        <ele>89.97</ele>
      </trkpt>
      <trkpt lat="48.618977152" lon="-1.000389419">
        <ele>89.22</ele>
      </trkpt>
      <trkpt lat="48.618971975" lon="-1.000405794">
        <ele>90.38</ele>
      </trkpt>
      <trkpt lat="48.618852182" lon="-1.000784674">
        <ele>91.7</ele>
      </trkpt>
      <trkpt lat="48.618752551" lon="-1.00106912">
        <ele>93.23</ele>
      </trkpt>
      <trkpt lat="48.618635262" lon="-1.001369875">
        <ele>93.92</ele>
      </trkpt>
      <trkpt lat="48.618531421" lon="-1.001618672">
        <ele>93.32</ele>
      </trkpt>
      <trkpt lat="48.618320969" lon="-1.002011453">
        <ele>92.24</ele>
      </trkpt>
      <trkpt lat="48.618158893" lon="-1.002304702">
        <ele>91.18</ele>
      </trkpt>
      <trkpt lat="48.618020076" lon="-1.002522291">
        <ele>89.42</ele>
      </trkpt>
      <trkpt lat="48.617923295" lon="-1.002668388">
        <ele>88.74</ele>
      </trkpt>
      <trkpt lat="48.617740661" lon="-1.002930179">
        <ele>89.21</ele>
      </trkpt>
      <trkpt lat="48.617513526" lon="-1.003256474">
        <ele>88.75</ele>
      </trkpt>
      <trkpt lat="48.617279596" lon="-1.00359719">
        <ele>88.19</ele>
      </trkpt>
      <trkpt lat="48.616934893" lon="-1.004125029">
        <ele>88.15</ele>
      </trkpt>
      <trkpt lat="48.616666983" lon="-1.004529136">
        <ele>88.22</ele>
      </trkpt>
      <trkpt lat="48.616544926" lon="-1.004713242">
        <ele>89.46</ele>
      </trkpt>
      <trkpt lat="48.616287328" lon="-1.005078623">
        <ele>90.48</ele>
      </trkpt>
      <trkpt lat="48.61617511" lon="-1.005237791">
        <ele>91.81</ele>
      </trkpt>
      <trkpt lat="48.61597313" lon="-1.005537282">
        <ele>92.92</ele>
      </trkpt>
      <trkpt lat="48.615756102" lon="-1.005859081">
        <ele>93.41</ele>
      </trkpt>
      <trkpt lat="48.615300851" lon="-1.00654006">
        <ele>92.48</ele>
      </trkpt>
      <trkpt lat="48.615048983" lon="-1.006905186">
        <ele>91.55</ele>
      </trkpt>
      <trkpt lat="48.614857204" lon="-1.007197481">
        <ele>90.13</ele>
      </trkpt>
      <trkpt lat="48.61450679" lon="-1.007707188">
        <ele>89.05</ele>
      </trkpt>
      <trkpt lat="48.614305705" lon="-1.008008269">
        <ele>88.31</ele>
      </trkpt>
      <trkpt lat="48.614208015" lon="-1.008154273">
        <ele>87.4</ele>
      </trkpt>
      <trkpt lat="48.614120582" lon="-1.008310736">
        <ele>87.1</ele>
      </trkpt>
      <trkpt lat="48.613899393" lon="-1.008706555">
        <ele>87.17</ele>
      </trkpt>
      <trkpt lat="48.613889539" lon="-1.008725941">
        <ele>87.49</ele>
      </trkpt>
      <trkpt lat="48.613828569" lon="-1.008845901">
        <ele>87.93</ele>
      </trkpt>
      <trkpt lat="48.613630268" lon="-1.009236052">
        <ele>88.89</ele>
      </trkpt>
      <trkpt lat="48.6134838" lon="-1.009546745">
        <ele>89.75</ele>
      </trkpt>
      <trkpt lat="48.613364063" lon="-1.009839106">
        <ele>91.12</ele>
      </trkpt>
      <trkpt lat="48.613257105" lon="-1.010099848">
        <ele>92.41</ele>
      </trkpt>
      <trkpt lat="48.613181159" lon="-1.010322218">
        <ele>93.88</ele>
      </trkpt>
      <trkpt lat="48.613179456" lon="-1.01032804">
        <ele>95.36</ele>
      </trkpt>
      <trkpt lat="48.613074271" lon="-1.01068757">
        <ele>96.91</ele>
      </trkpt>
      <trkpt lat="48.61289124" lon="-1.011227719">
        <ele>97.96</ele>
      </trkpt>
      <trkpt lat="48.61282397" lon="-1.011433096">
        <ele>99.04</ele>
      </trkpt>
      <trkpt lat="48.612733644" lon="-1.011734499">
        <ele>99.93</ele>
      </trkpt>
      <trkpt lat="48.612627658" lon="-1.012180032">
        <ele>100.52</ele>
      </trkpt>
      <trkpt lat="48.612547287" lon="-1.012586794">
        <ele>101.18</ele>
      </trkpt>
      <trkpt lat="48.612486442" lon="-1.012931721">
        <ele>101.63</ele>
      </trkpt>
      <trkpt lat="48.612470455" lon="-1.013022347">
        <ele>102.05</ele>
      </trkpt>
      <trkpt lat="48.612423674" lon="-1.013367835">
        <ele>102.64</ele>
      </trkpt>
      <trkpt lat="48.612400998" lon="-1.01358613">
        <ele>102.69</ele>
      </trkpt>
      <trkpt lat="48.612371789" lon="-1.01383789">
        <ele>102.99</ele>
      </trkpt>
      <trkpt lat="48.612329708" lon="-1.014284249">
        <ele>103.15</ele>
      </trkpt>
      <trkpt lat="48.612292317" lon="-1.014778516">
        <ele>102.27</ele>
      </trkpt>
      <trkpt lat="48.612263702" lon="-1.015138394">
        <ele>100.72</ele>
      </trkpt>
      <trkpt lat="48.612251633" lon="-1.015290183">
        <ele>100.1</ele>
      </trkpt>
      <trkpt lat="48.612216526" lon="-1.015636561">
        <ele>98.91</ele>
      </trkpt>
      <trkpt lat="48.612210367" lon="-1.01587243">
        <ele>98.1</ele>
      </trkpt>
      <trkpt lat="48.612189765" lon="-1.016132842">
        <ele>98.13</ele>
      </trkpt>
      <trkpt lat="48.612172663" lon="-1.016349017">
        <ele>98.59</ele>
      </trkpt>
      <trkpt lat="48.612165348" lon="-1.016485636">
        <ele>98.75</ele>
      </trkpt>
      <trkpt lat="48.612168051" lon="-1.016618959">
        <ele>99.15</ele>
      </trkpt>
      <trkpt lat="48.612175456" lon="-1.016775451">
        <ele>99.3</ele>
      </trkpt>
      <trkpt lat="48.612177344" lon="-1.016815351">
        <ele>99.38</ele>
      </trkpt>
      <trkpt lat="48.612178565" lon="-1.016841168">
        <ele>99.35</ele>
      </trkpt>
      <trkpt lat="48.612187231" lon="-1.016901395">
        <ele>99.17</ele>
      </trkpt>
      <trkpt lat="48.61218805" lon="-1.016907086">
        <ele>98.97</ele>
      </trkpt>
      <trkpt lat="48.612188309" lon="-1.016910784">
        <ele>98.8</ele>
      </trkpt>
      <trkpt lat="48.612189757" lon="-1.016931353">
        <ele>98.9</ele>
      </trkpt>
      <trkpt lat="48.612200828" lon="-1.01708872">
        <ele>99.01</ele>
      </trkpt>
      <trkpt lat="48.612203825" lon="-1.017186747">
        <ele>99.02</ele>
      </trkpt>
      <trkpt lat="48.612204062" lon="-1.017210125">
        <ele>99.03</ele>
      </trkpt>
      <trkpt lat="48.6122059" lon="-1.017392006">
        <ele>99.1</ele>
      </trkpt>
      <trkpt lat="48.612202041" lon="-1.017532972">
        <ele>99.13</ele>
      </trkpt>
      <trkpt lat="48.612191083" lon="-1.017750812">
        <ele>99.08</ele>
      </trkpt>
      <trkpt lat="48.612190328" lon="-1.017762517">
        <ele>99.57</ele>
      </trkpt>
      <trkpt lat="48.612177841" lon="-1.017956255">
        <ele>100.29</ele>
      </trkpt>
      <trkpt lat="48.612148999" lon="-1.018250149">
        <ele>100.39</ele>
      </trkpt>
      <trkpt lat="48.612099537" lon="-1.018621227">
        <ele>100.65</ele>
      </trkpt>
      <trkpt lat="48.61208286" lon="-1.01873348">
        <ele>101.1</ele>
      </trkpt>
      <trkpt lat="48.612066764" lon="-1.018841817">
        <ele>100.89</ele>
      </trkpt>
      <trkpt lat="48.612055241" lon="-1.018919372">
        <ele>100.67</ele>
      </trkpt>
      <trkpt lat="48.612015098" lon="-1.019121379">
        <ele>101.01</ele>
      </trkpt>
      <trkpt lat="48.611962851" lon="-1.019334694">
        <ele>101.2</ele>
      </trkpt>
      <trkpt lat="48.611897913" lon="-1.019604073">
        <ele>101.33</ele>
      </trkpt>
      <trkpt lat="48.611838834" lon="-1.019868236">
        <ele>101.89</ele>
      </trkpt>
      <trkpt lat="48.611637969" lon="-1.020766339">
        <ele>102</ele>
      </trkpt>
      <trkpt lat="48.61161569" lon="-1.020865951">
        <ele>101.97</ele>
      </trkpt>
      <trkpt lat="48.611485818" lon="-1.02137755">
        <ele>102.17</ele>
      </trkpt>
      <trkpt lat="48.611393213" lon="-1.021692342">
        <ele>102.38</ele>
      </trkpt>
      <trkpt lat="48.611367306" lon="-1.021762119">
        <ele>102.24</ele>
      </trkpt>
      <trkpt lat="48.611202474" lon="-1.022206064">
        <ele>102.64</ele>
      </trkpt>
      <trkpt lat="48.611109818" lon="-1.022455615">
        <ele>103.49</ele>
      </trkpt>
      <trkpt lat="48.610746877" lon="-1.023333669">
        <ele>104.69</ele>
      </trkpt>
      <trkpt lat="48.610424583" lon="-1.024074932">
        <ele>106.41</ele>
      </trkpt>
      <trkpt lat="48.610031676" lon="-1.02501312">
        <ele>108.88</ele>
      </trkpt>
      <trkpt lat="48.609589027" lon="-1.0260901">
        <ele>110.75</ele>
      </trkpt>
      <trkpt lat="48.608873321" lon="-1.027783029">
        <ele>111.98</ele>
      </trkpt>
      <trkpt lat="48.607938086" lon="-1.03002673">
        <ele>112.34</ele>
      </trkpt>
      <trkpt lat="48.607896017" lon="-1.030125351">
        <ele>112.47</ele>
      </trkpt>
      <trkpt lat="48.60759297" lon="-1.030836392">
        <ele>110.99</ele>
      </trkpt>
      <trkpt lat="48.60748408" lon="-1.031091876">
        <ele>109.52</ele>
      </trkpt>
      <trkpt lat="48.606927891" lon="-1.032391123">
        <ele>108.35</ele>
      </trkpt>
      <trkpt lat="48.606760267" lon="-1.032782679">
        <ele>107.57</ele>
      </trkpt>
      <trkpt lat="48.606743525" lon="-1.032824857">
        <ele>106.01</ele>
      </trkpt>
      <trkpt lat="48.606631291" lon="-1.033096681">
        <ele>105.01</ele>
      </trkpt>
      <trkpt lat="48.606032107" lon="-1.034547823">
        <ele>104.28</ele>
      </trkpt>
      <trkpt lat="48.605812363" lon="-1.03511922">
        <ele>103.49</ele>
      </trkpt>
      <trkpt lat="48.605806885" lon="-1.035133464">
        <ele>102.56</ele>
      </trkpt>
      <trkpt lat="48.605702226" lon="-1.035483933">
        <ele>102.01</ele>
      </trkpt>
      <trkpt lat="48.605578111" lon="-1.0359565">
        <ele>101.83</ele>
      </trkpt>
      <trkpt lat="48.605501973" lon="-1.036297113">
        <ele>101.78</ele>
      </trkpt>
      <trkpt lat="48.605487807" lon="-1.036360486">
        <ele>101.41</ele>
      </trkpt>
      <trkpt lat="48.605395466" lon="-1.036773573">
        <ele>100.35</ele>
      </trkpt>
      <trkpt lat="48.605235556" lon="-1.037982193">
        <ele>99.45</ele>
      </trkpt>
      <trkpt lat="48.605040947" lon="-1.039708277">
        <ele>97.16</ele>
      </trkpt>
      <trkpt lat="48.60490706" lon="-1.040971843">
        <ele>94.09</ele>
      </trkpt>
      <trkpt lat="48.604786757" lon="-1.041649763">
        <ele>91.15</ele>
      </trkpt>
      <trkpt lat="48.604637061" lon="-1.042450338">
        <ele>88.19</ele>
      </trkpt>
      <trkpt lat="48.604461854" lon="-1.04312672">
        <ele>86.18</ele>
      </trkpt>
      <trkpt lat="48.604278513" lon="-1.043750856">
        <ele>86</ele>
      </trkpt>
      <trkpt lat="48.604111411" lon="-1.044294765">
        <ele>86.54</ele>
      </trkpt>
      <trkpt lat="48.603966083" lon="-1.044788235">
        <ele>87.05</ele>
      </trkpt>
      <trkpt lat="48.603954598" lon="-1.044827234">
        <ele>88.59</ele>
      </trkpt>
      <trkpt lat="48.603864767" lon="-1.04505693">
        <ele>89.53</ele>
      </trkpt>
      <trkpt lat="48.603829317" lon="-1.045147573">
        <ele>89.28</ele>
      </trkpt>
      <trkpt lat="48.603775338" lon="-1.0452784">
        <ele>88.88</ele>
      </trkpt>
      <trkpt lat="48.603727231" lon="-1.045394995">
        <ele>89.4</ele>
      </trkpt>
      <trkpt lat="48.603604347" lon="-1.045697853">
        <ele>90</ele>
      </trkpt>
      <trkpt lat="48.603307548" lon="-1.046294193">
        <ele>89.74</ele>
      </trkpt>
      <trkpt lat="48.60299391" lon="-1.046935388">
        <ele>90.29</ele>
      </trkpt>
      <trkpt lat="48.602931966" lon="-1.047035163">
        <ele>90.88</ele>
      </trkpt>
      <trkpt lat="48.602928739" lon="-1.047038685">
        <ele>90.87</ele>
      </trkpt>
      <trkpt lat="48.602855261" lon="-1.047118865">
        <ele>90.41</ele>
      </trkpt>
      <trkpt lat="48.602747646" lon="-1.047369931">
        <ele>89.87</ele>
      </trkpt>
      <trkpt lat="48.60267936" lon="-1.04751347">
        <ele>89.24</ele>
      </trkpt>
      <trkpt lat="48.602482808" lon="-1.047926622">
        <ele>88.83</ele>
      </trkpt>
      <trkpt lat="48.602327437" lon="-1.048231024">
        <ele>89.08</ele>
      </trkpt>
      <trkpt lat="48.601798088" lon="-1.049228967">
        <ele>89.89</ele>
      </trkpt>
      <trkpt lat="48.601281188" lon="-1.050204775">
        <ele>91.18</ele>
      </trkpt>
      <trkpt lat="48.600639514" lon="-1.0514588">
        <ele>92.73</ele>
      </trkpt>
      <trkpt lat="48.600556976" lon="-1.051581411">
        <ele>94.22</ele>
      </trkpt>
      <trkpt lat="48.600263399" lon="-1.052108681">
        <ele>94.94</ele>
      </trkpt>
      <trkpt lat="48.599924251" lon="-1.052757337">
        <ele>95.54</ele>
      </trkpt>
      <trkpt lat="48.599896437" lon="-1.052810133">
        <ele>97.39</ele>
      </trkpt>
      <trkpt lat="48.599720098" lon="-1.053144855">
        <ele>99.38</ele>
      </trkpt>
      <trkpt lat="48.598959887" lon="-1.054598747">
        <ele>98.67</ele>
      </trkpt>
      <trkpt lat="48.59823109" lon="-1.055976269">
        <ele>97.73</ele>
      </trkpt>
      <trkpt lat="48.597726967" lon="-1.056918985">
        <ele>96.18</ele>
      </trkpt>
      <trkpt lat="48.597218419" lon="-1.057903474">
        <ele>93.18</ele>
      </trkpt>
      <trkpt lat="48.597114574" lon="-1.058104501">
        <ele>90.13</ele>
      </trkpt>
      <trkpt lat="48.596290711" lon="-1.059679604">
        <ele>90.8</ele>
      </trkpt>
      <trkpt lat="48.59549377" lon="-1.061177993">
        <ele>91.53</ele>
      </trkpt>
      <trkpt lat="48.594906305" lon="-1.062317826">
        <ele>92.74</ele>
      </trkpt>
      <trkpt lat="48.594756628" lon="-1.062599326">
        <ele>94.05</ele>
      </trkpt>
      <trkpt lat="48.594286423" lon="-1.063483631">
        <ele>95.08</ele>
      </trkpt>
      <trkpt lat="48.593421177" lon="-1.065134109">
        <ele>95.13</ele>
      </trkpt>
      <trkpt lat="48.593212922" lon="-1.065534788">
        <ele>94.87</ele>
      </trkpt>
      <trkpt lat="48.592649017" lon="-1.066616611">
        <ele>94.38</ele>
      </trkpt>
      <trkpt lat="48.592155636" lon="-1.067558605">
        <ele>93.87</ele>
      </trkpt>
      <trkpt lat="48.592082542" lon="-1.067694135">
        <ele>93.75</ele>
      </trkpt>
      <trkpt lat="48.592020604" lon="-1.067819667">
        <ele>93.72</ele>
      </trkpt>
      <trkpt lat="48.591944914" lon="-1.067952289">
        <ele>94.88</ele>
      </trkpt>
      <trkpt lat="48.591581421" lon="-1.068598847">
        <ele>95.29</ele>
      </trkpt>
      <trkpt lat="48.591287368" lon="-1.069144189">
        <ele>95.66</ele>
      </trkpt>
      <trkpt lat="48.590991872" lon="-1.069692195">
        <ele>95.29</ele>
      </trkpt>
      <trkpt lat="48.590307464" lon="-1.071056475">
        <ele>93.67</ele>
      </trkpt>
      <trkpt lat="48.589389904" lon="-1.072837058">
        <ele>90.76</ele>
      </trkpt>
      <trkpt lat="48.588702024" lon="-1.074143966">
        <ele>87.63</ele>
      </trkpt>
      <trkpt lat="48.588269285" lon="-1.07494392">
        <ele>84.56</ele>
      </trkpt>
      <trkpt lat="48.587938401" lon="-1.075582394">
        <ele>83.05</ele>
      </trkpt>
      <trkpt lat="48.587766778" lon="-1.075913553">
        <ele>81.9</ele>
      </trkpt>
      <trkpt lat="48.587337821" lon="-1.076732588">
        <ele>79.9</ele>
      </trkpt>
      <trkpt lat="48.587011144" lon="-1.077356316">
        <ele>79.21</ele>
      </trkpt>
      <trkpt lat="48.586414679" lon="-1.078491015">
        <ele>78.77</ele>
      </trkpt>
      <trkpt lat="48.586181548" lon="-1.078933276">
        <ele>77.17</ele>
      </trkpt>
      <trkpt lat="48.586018717" lon="-1.079242175">
        <ele>75.5</ele>
      </trkpt>
      <trkpt lat="48.585994215" lon="-1.079299996">
        <ele>75.32</ele>
      </trkpt>
      <trkpt lat="48.585850264" lon="-1.079636342">
        <ele>74.93</ele>
      </trkpt>
      <trkpt lat="48.585679712" lon="-1.080065638">
        <ele>74.6</ele>
      </trkpt>
      <trkpt lat="48.585525296" lon="-1.08052334">
        <ele>73.86</ele>
      </trkpt>
      <trkpt lat="48.585381824" lon="-1.081108165">
        <ele>74.52</ele>
      </trkpt>
      <trkpt lat="48.585342125" lon="-1.081328007">
        <ele>74.99</ele>
      </trkpt>
      <trkpt lat="48.585300557" lon="-1.08155819">
        <ele>75.62</ele>
      </trkpt>
      <trkpt lat="48.585253931" lon="-1.081816384">
        <ele>75.66</ele>
      </trkpt>
      <trkpt lat="48.585234414" lon="-1.081991352">
        <ele>75.81</ele>
      </trkpt>
      <trkpt lat="48.585171221" lon="-1.082756206">
        <ele>75.02</ele>
      </trkpt>
      <trkpt lat="48.585160328" lon="-1.083204733">
        <ele>74.52</ele>
      </trkpt>
      <trkpt lat="48.585153785" lon="-1.083500189">
        <ele>73.85</ele>
      </trkpt>
      <trkpt lat="48.585157966" lon="-1.083614555">
        <ele>73.56</ele>
      </trkpt>
      <trkpt lat="48.585163769" lon="-1.083765205">
        <ele>73.57</ele>
      </trkpt>
      <trkpt lat="48.585168052" lon="-1.08387636">
        <ele>73.95</ele>
      </trkpt>
      <trkpt lat="48.585170346" lon="-1.08393592">
        <ele>74.29</ele>
      </trkpt>
      <trkpt lat="48.585210686" lon="-1.084203814">
        <ele>74.43</ele>
      </trkpt>
      <trkpt lat="48.585234647" lon="-1.084285111">
        <ele>74.27</ele>
      </trkpt>
      <trkpt lat="48.585263928" lon="-1.08438446">
        <ele>74.05</ele>
      </trkpt>
      <trkpt lat="48.585310045" lon="-1.084667733">
        <ele>73.7</ele>
      </trkpt>
      <trkpt lat="48.585345973" lon="-1.084828018">
        <ele>73.4</ele>
      </trkpt>
      <trkpt lat="48.585378835" lon="-1.084920189">
        <ele>73.2</ele>
      </trkpt>
      <trkpt lat="48.585512333" lon="-1.085229286">
        <ele>73.15</ele>
      </trkpt>
      <trkpt lat="48.585577516" lon="-1.085376934">
        <ele>73.12</ele>
      </trkpt>
      <trkpt lat="48.585601379" lon="-1.085471987">
        <ele>73.09</ele>
      </trkpt>
      <trkpt lat="48.585603085" lon="-1.085478781">
        <ele>72.96</ele>
      </trkpt>
      <trkpt lat="48.585611587" lon="-1.085512647">
        <ele>72.8</ele>
      </trkpt>
      <trkpt lat="48.585640819" lon="-1.085710428">
        <ele>72.79</ele>
      </trkpt>
      <trkpt lat="48.585655687" lon="-1.085828344">
        <ele>72.79</ele>
      </trkpt>
      <trkpt lat="48.585640083" lon="-1.085915374">
        <ele>72.79</ele>
      </trkpt>
      <trkpt lat="48.585602027" lon="-1.086000646">
        <ele>72.78</ele>
      </trkpt>
      <trkpt lat="48.585542005" lon="-1.086043484">
        <ele>72.77</ele>
      </trkpt>
      <trkpt lat="48.58548383" lon="-1.086085102">
        <ele>72.78</ele>
      </trkpt>
      <trkpt lat="48.585450804" lon="-1.086128687">
        <ele>72.79</ele>
      </trkpt>
      <trkpt lat="48.585435003" lon="-1.086195337">
        <ele>72.81</ele>
      </trkpt>
      <trkpt lat="48.585443099" lon="-1.086300501">
        <ele>73.34</ele>
      </trkpt>
      <trkpt lat="48.585482927" lon="-1.086504549">
        <ele>73.55</ele>
      </trkpt>
      <trkpt lat="48.585631963" lon="-1.087226235">
        <ele>73.86</ele>
      </trkpt>
      <trkpt lat="48.585920465" lon="-1.088554841">
        <ele>73.95</ele>
      </trkpt>
      <trkpt lat="48.585950764" lon="-1.088721478">
        <ele>74.29</ele>
      </trkpt>
      <trkpt lat="48.585951497" lon="-1.088857299">
        <ele>73.57</ele>
      </trkpt>
      <trkpt lat="48.585943029" lon="-1.089208279">
        <ele>73.23</ele>
      </trkpt>
      <trkpt lat="48.585940574" lon="-1.089305831">
        <ele>72.81</ele>
      </trkpt>
      <trkpt lat="48.585946841" lon="-1.089429445">
        <ele>72.62</ele>
      </trkpt>
      <trkpt lat="48.585947554" lon="-1.089443501">
        <ele>72.43</ele>
      </trkpt>
      <trkpt lat="48.585965144" lon="-1.089524938">
        <ele>72.75</ele>
      </trkpt>
      <trkpt lat="48.585980963" lon="-1.089598179">
        <ele>72.98</ele>
      </trkpt>
      <trkpt lat="48.586071493" lon="-1.090030194">
        <ele>73.42</ele>
      </trkpt>
      <trkpt lat="48.586121447" lon="-1.090175301">
        <ele>73.32</ele>
      </trkpt>
      <trkpt lat="48.586121447" lon="-1.090175301">
        <ele>73.32</ele>
      </trkpt>
      <trkpt lat="48.586143921" lon="-1.090386135">
        <ele>73.72</ele>
      </trkpt>
      <trkpt lat="48.586158012" lon="-1.090578671">
        <ele>73.16</ele>
      </trkpt>
      <trkpt lat="48.58619914" lon="-1.091215919">
        <ele>73.08</ele>
      </trkpt>
      <trkpt lat="48.586214654" lon="-1.091498171">
        <ele>72.73</ele>
      </trkpt>
      <trkpt lat="48.586221278" lon="-1.091698263">
        <ele>72.25</ele>
      </trkpt>
      <trkpt lat="48.586217622" lon="-1.091856819">
        <ele>71.79</ele>
      </trkpt>
      <trkpt lat="48.586209719" lon="-1.09221734">
        <ele>71.61</ele>
      </trkpt>
      <trkpt lat="48.586201925" lon="-1.09260096">
        <ele>71.96</ele>
      </trkpt>
      <trkpt lat="48.586199457" lon="-1.093065083">
        <ele>72.47</ele>
      </trkpt>
      <trkpt lat="48.586174595" lon="-1.093944278">
        <ele>74.2</ele>
      </trkpt>
      <trkpt lat="48.586149227" lon="-1.094759605">
        <ele>76.64</ele>
      </trkpt>
      <trkpt lat="48.58611129" lon="-1.095808839">
        <ele>78.64</ele>
      </trkpt>
      <trkpt lat="48.58607887" lon="-1.096749888">
        <ele>79.77</ele>
      </trkpt>
      <trkpt lat="48.586051823" lon="-1.097561019">
        <ele>81.47</ele>
      </trkpt>
      <trkpt lat="48.586040698" lon="-1.098040762">
        <ele>82.31</ele>
      </trkpt>
      <trkpt lat="48.586010023" lon="-1.098904553">
        <ele>82.04</ele>
      </trkpt>
      <trkpt lat="48.585975943" lon="-1.100311148">
        <ele>81.84</ele>
      </trkpt>
      <trkpt lat="48.585961494" lon="-1.100468862">
        <ele>82.13</ele>
      </trkpt>
      <trkpt lat="48.585948389" lon="-1.100666065">
        <ele>82.78</ele>
      </trkpt>
      <trkpt lat="48.585913695" lon="-1.101672094">
        <ele>83.28</ele>
      </trkpt>
      <trkpt lat="48.585880508" lon="-1.10259047">
        <ele>84.19</ele>
      </trkpt>
      <trkpt lat="48.585873919" lon="-1.102772763">
        <ele>84.58</ele>
      </trkpt>
      <trkpt lat="48.585873507" lon="-1.102788408">
        <ele>85.66</ele>
      </trkpt>
      <trkpt lat="48.585833043" lon="-1.104322745">
        <ele>85.5</ele>
      </trkpt>
      <trkpt lat="48.585822181" lon="-1.10458528">
        <ele>85.96</ele>
      </trkpt>
      <trkpt lat="48.585815592" lon="-1.104776189">
        <ele>86.42</ele>
      </trkpt>
      <trkpt lat="48.585809907" lon="-1.105227848">
        <ele>88.35</ele>
      </trkpt>
      <trkpt lat="48.585804695" lon="-1.105561428">
        <ele>89.58</ele>
      </trkpt>
      <trkpt lat="48.585816408" lon="-1.105900409">
        <ele>91.63</ele>
      </trkpt>
      <trkpt lat="48.585828523" lon="-1.106175603">
        <ele>93.83</ele>
      </trkpt>
      <trkpt lat="48.585890959" lon="-1.106610891">
        <ele>95.35</ele>
      </trkpt>
      <trkpt lat="48.586021298" lon="-1.107348829">
        <ele>96.7</ele>
      </trkpt>
      <trkpt lat="48.586235298" lon="-1.108168027">
        <ele>97.01</ele>
      </trkpt>
      <trkpt lat="48.586404373" lon="-1.108697219">
        <ele>96.32</ele>
      </trkpt>
      <trkpt lat="48.58660232" lon="-1.109198812">
        <ele>94.87</ele>
      </trkpt>
      <trkpt lat="48.58683545" lon="-1.109683919">
        <ele>94.07</ele>
      </trkpt>
      <trkpt lat="48.58683761" lon="-1.109688415">
        <ele>92.61</ele>
      </trkpt>
      <trkpt lat="48.586844636" lon="-1.109699759">
        <ele>91.6</ele>
      </trkpt>
      <trkpt lat="48.587108054" lon="-1.110125103">
        <ele>91.19</ele>
      </trkpt>
      <trkpt lat="48.58740265" lon="-1.11054062">
        <ele>90.92</ele>
      </trkpt>
      <trkpt lat="48.58756019" lon="-1.110699627">
        <ele>90.85</ele>
      </trkpt>
      <trkpt lat="48.587724077" lon="-1.110909367">
        <ele>91.42</ele>
      </trkpt>
      <trkpt lat="48.588423" lon="-1.11161463">
        <ele>92.58</ele>
      </trkpt>
      <trkpt lat="48.588990726" lon="-1.112206413">
        <ele>93.74</ele>
      </trkpt>
      <trkpt lat="48.589219642" lon="-1.112444296">
        <ele>94.98</ele>
      </trkpt>
      <trkpt lat="48.589349038" lon="-1.112578762">
        <ele>95.85</ele>
      </trkpt>
      <trkpt lat="48.59104447" lon="-1.114340695">
        <ele>96.48</ele>
      </trkpt>
      <trkpt lat="48.591816581" lon="-1.115142773">
        <ele>96.8</ele>
      </trkpt>
      <trkpt lat="48.591941341" lon="-1.115259857">
        <ele>97.46</ele>
      </trkpt>
      <trkpt lat="48.592030772" lon="-1.115356499">
        <ele>97.82</ele>
      </trkpt>
      <trkpt lat="48.592118502" lon="-1.115450301">
        <ele>98.65</ele>
      </trkpt>
      <trkpt lat="48.592192281" lon="-1.11553079">
        <ele>99.08</ele>
      </trkpt>
      <trkpt lat="48.593621322" lon="-1.117001059">
        <ele>99.71</ele>
      </trkpt>
      <trkpt lat="48.59425539" lon="-1.11764843">
        <ele>100.18</ele>
      </trkpt>
      <trkpt lat="48.594459994" lon="-1.117857331">
        <ele>103.1</ele>
      </trkpt>
      <trkpt lat="48.594678395" lon="-1.118083826">
        <ele>105.83</ele>
      </trkpt>
      <trkpt lat="48.595871228" lon="-1.119320905">
        <ele>108.39</ele>
      </trkpt>
      <trkpt lat="48.596843064" lon="-1.120321894">
        <ele>110.31</ele>
      </trkpt>
      <trkpt lat="48.597375835" lon="-1.120870666">
        <ele>112.65</ele>
      </trkpt>
      <trkpt lat="48.598992077" lon="-1.122551546">
        <ele>112.64</ele>
      </trkpt>
      <trkpt lat="48.599722559" lon="-1.123305765">
        <ele>112.68</ele>
      </trkpt>
      <trkpt lat="48.599821958" lon="-1.123400516">
        <ele>113.33</ele>
      </trkpt>
      <trkpt lat="48.599924579" lon="-1.123506387">
        <ele>114.41</ele>
      </trkpt>
      <trkpt lat="48.600985188" lon="-1.124602324">
        <ele>114</ele>
      </trkpt>
      <trkpt lat="48.601434188" lon="-1.125066298">
        <ele>113.18</ele>
      </trkpt>
      <trkpt lat="48.602723084" lon="-1.126418755">
        <ele>111.4</ele>
      </trkpt>
      <trkpt lat="48.60343614" lon="-1.127155422">
        <ele>109.23</ele>
      </trkpt>
      <trkpt lat="48.60380447" lon="-1.127572914">
        <ele>107.03</ele>
      </trkpt>
      <trkpt lat="48.60389716" lon="-1.127679365">
        <ele>105.44</ele>
      </trkpt>
      <trkpt lat="48.604369446" lon="-1.128293849">
        <ele>104.1</ele>
      </trkpt>
      <trkpt lat="48.604689559" lon="-1.128776814">
        <ele>103.56</ele>
      </trkpt>
      <trkpt lat="48.604743719" lon="-1.128859255">
        <ele>103.09</ele>
      </trkpt>
      <trkpt lat="48.60474564" lon="-1.128862179">
        <ele>102.66</ele>
      </trkpt>
      <trkpt lat="48.604746025" lon="-1.128862765">
        <ele>102.29</ele>
      </trkpt>
      <trkpt lat="48.604771705" lon="-1.128901463">
        <ele>102.1</ele>
      </trkpt>
      <trkpt lat="48.604913227" lon="-1.129154924">
        <ele>101.78</ele>
      </trkpt>
      <trkpt lat="48.605165187" lon="-1.129606178">
        <ele>101.59</ele>
      </trkpt>
      <trkpt lat="48.605418482" lon="-1.130070854">
        <ele>101.76</ele>
      </trkpt>
      <trkpt lat="48.605541175" lon="-1.13029594">
        <ele>101.56</ele>
      </trkpt>
      <trkpt lat="48.605592553" lon="-1.130420878">
        <ele>101.32</ele>
      </trkpt>
      <trkpt lat="48.605934881" lon="-1.131253334">
        <ele>101.25</ele>
      </trkpt>
      <trkpt lat="48.605939804" lon="-1.131266467">
        <ele>101.07</ele>
      </trkpt>
      <trkpt lat="48.605952196" lon="-1.131299522">
        <ele>100.9</ele>
      </trkpt>
      <trkpt lat="48.605963134" lon="-1.131323179">
        <ele>101.12</ele>
      </trkpt>
      <trkpt lat="48.605975656" lon="-1.131350265">
        <ele>101.15</ele>
      </trkpt>
      <trkpt lat="48.606006365" lon="-1.131442296">
        <ele>101.18</ele>
      </trkpt>
      <trkpt lat="48.606288931" lon="-1.132289097">
        <ele>101.21</ele>
      </trkpt>
      <trkpt lat="48.606450285" lon="-1.132830191">
        <ele>101.37</ele>
      </trkpt>
      <trkpt lat="48.606455232" lon="-1.132846789">
        <ele>101.58</ele>
      </trkpt>
      <trkpt lat="48.606568871" lon="-1.133228016">
        <ele>102.98</ele>
      </trkpt>
      <trkpt lat="48.606656081" lon="-1.133560061">
        <ele>104.46</ele>
      </trkpt>
      <trkpt lat="48.606907223" lon="-1.134516274">
        <ele>106.15</ele>
      </trkpt>
      <trkpt lat="48.606919684" lon="-1.134563718">
        <ele>107.11</ele>
      </trkpt>
      <trkpt lat="48.607150771" lon="-1.135392001">
        <ele>108.35</ele>
      </trkpt>
      <trkpt lat="48.607291248" lon="-1.135895521">
        <ele>108.11</ele>
      </trkpt>
      <trkpt lat="48.607361809" lon="-1.136148442">
        <ele>107.28</ele>
      </trkpt>
      <trkpt lat="48.607712868" lon="-1.137424447">
        <ele>106.52</ele>
      </trkpt>
      <trkpt lat="48.60805516" lon="-1.13866717">
        <ele>106.06</ele>
      </trkpt>
      <trkpt lat="48.608317045" lon="-1.139624127">
        <ele>105.8</ele>
      </trkpt>
      <trkpt lat="48.60831808" lon="-1.13962791">
        <ele>106.29</ele>
      </trkpt>
      <trkpt lat="48.608472211" lon="-1.140142674">
        <ele>107.73</ele>
      </trkpt>
      <trkpt lat="48.608526274" lon="-1.14030313">
        <ele>108.65</ele>
      </trkpt>
      <trkpt lat="48.608636309" lon="-1.140629713">
        <ele>109.61</ele>
      </trkpt>
      <trkpt lat="48.608878712" lon="-1.141273719">
        <ele>110.16</ele>
      </trkpt>
      <trkpt lat="48.609153549" lon="-1.141943383">
        <ele>110.52</ele>
      </trkpt>
      <trkpt lat="48.609429691" lon="-1.142497705">
        <ele>110.37</ele>
      </trkpt>
      <trkpt lat="48.609584474" lon="-1.142810887">
        <ele>110.41</ele>
      </trkpt>
      <trkpt lat="48.609660253" lon="-1.142964215">
        <ele>110.11</ele>
      </trkpt>
      <trkpt lat="48.609686308" lon="-1.1430179">
        <ele>109.77</ele>
      </trkpt>
      <trkpt lat="48.609935012" lon="-1.143421276">
        <ele>109.57</ele>
      </trkpt>
      <trkpt lat="48.61010736" lon="-1.143700813">
        <ele>109.37</ele>
      </trkpt>
      <trkpt lat="48.610197861" lon="-1.143847598">
        <ele>108.9</ele>
      </trkpt>
      <trkpt lat="48.610303071" lon="-1.14399281">
        <ele>108.88</ele>
      </trkpt>
      <trkpt lat="48.610324201" lon="-1.144021974">
        <ele>109.15</ele>
      </trkpt>
      <trkpt lat="48.610875077" lon="-1.14478282">
        <ele>108.44</ele>
      </trkpt>
      <trkpt lat="48.611709439" lon="-1.145860917">
        <ele>108.17</ele>
      </trkpt>
      <trkpt lat="48.611816641" lon="-1.14600785">
        <ele>108.73</ele>
      </trkpt>
      <trkpt lat="48.612306921" lon="-1.146679842">
        <ele>108.97</ele>
      </trkpt>
      <trkpt lat="48.61291664" lon="-1.147584461">
        <ele>109.24</ele>
      </trkpt>
      <trkpt lat="48.612942414" lon="-1.147622701">
        <ele>110.65</ele>
      </trkpt>
      <trkpt lat="48.613042118" lon="-1.147778788">
        <ele>110.96</ele>
      </trkpt>
      <trkpt lat="48.613385708" lon="-1.148316688">
        <ele>110.76</ele>
      </trkpt>
      <trkpt lat="48.613753739" lon="-1.14884134">
        <ele>111.22</ele>
      </trkpt>
      <trkpt lat="48.61380446" lon="-1.148913647">
        <ele>111.33</ele>
      </trkpt>
      <trkpt lat="48.613895792" lon="-1.149122072">
        <ele>111.01</ele>
      </trkpt>
      <trkpt lat="48.613932116" lon="-1.149204964">
        <ele>111.1</ele>
      </trkpt>
      <trkpt lat="48.613938942" lon="-1.149213143">
        <ele>111.32</ele>
      </trkpt>
      <trkpt lat="48.614337623" lon="-1.149690854">
        <ele>111.05</ele>
      </trkpt>
      <trkpt lat="48.614422768" lon="-1.149829541">
        <ele>110.91</ele>
      </trkpt>
      <trkpt lat="48.614429675" lon="-1.149840789">
        <ele>110.8</ele>
      </trkpt>
      <trkpt lat="48.614431839" lon="-1.149840927">
        <ele>111.08</ele>
      </trkpt>
      <trkpt lat="48.614451624" lon="-1.149842185">
        <ele>110.9</ele>
      </trkpt>
      <trkpt lat="48.614515053" lon="-1.149846218">
        <ele>110.68</ele>
      </trkpt>
      <trkpt lat="48.614605592" lon="-1.149833018">
        <ele>110.44</ele>
      </trkpt>
      <trkpt lat="48.614680853" lon="-1.149818616">
        <ele>110.16</ele>
      </trkpt>
      <trkpt lat="48.614719489" lon="-1.149835881">
        <ele>109.9</ele>
      </trkpt>
      <trkpt lat="48.614747373" lon="-1.149848341">
        <ele>109.88</ele>
      </trkpt>
      <trkpt lat="48.614813942" lon="-1.149902527">
        <ele>109.87</ele>
      </trkpt>
      <trkpt lat="48.614872678" lon="-1.150000948">
        <ele>109.92</ele>
      </trkpt>
      <trkpt lat="48.614879468" lon="-1.150012326">
        <ele>109.98</ele>
      </trkpt>
      <trkpt lat="48.614896593" lon="-1.150064304">
        <ele>109.95</ele>
      </trkpt>
      <trkpt lat="48.614942509" lon="-1.150079623">
        <ele>110.02</ele>
      </trkpt>
      <trkpt lat="48.614993788" lon="-1.150107626">
        <ele>110.24</ele>
      </trkpt>
      <trkpt lat="48.615041251" lon="-1.150151502">
        <ele>110.51</ele>
      </trkpt>
      <trkpt lat="48.615294808" lon="-1.15052618">
        <ele>110.89</ele>
      </trkpt>
      <trkpt lat="48.615674165" lon="-1.15101274">
        <ele>111.24</ele>
      </trkpt>
      <trkpt lat="48.615990403" lon="-1.151423647">
        <ele>111.77</ele>
      </trkpt>
      <trkpt lat="48.616050808" lon="-1.151511948">
        <ele>112.4</ele>
      </trkpt>
      <trkpt lat="48.616104389" lon="-1.151590273">
        <ele>113.79</ele>
      </trkpt>
      <trkpt lat="48.616612004" lon="-1.152273144">
        <ele>114.6</ele>
      </trkpt>
      <trkpt lat="48.617183674" lon="-1.153056208">
        <ele>115.33</ele>
      </trkpt>
      <trkpt lat="48.617573842" lon="-1.153593915">
        <ele>116.34</ele>
      </trkpt>
      <trkpt lat="48.617669862" lon="-1.153733327">
        <ele>116.46</ele>
      </trkpt>
      <trkpt lat="48.617861234" lon="-1.154005287">
        <ele>115.6</ele>
      </trkpt>
      <trkpt lat="48.618198833" lon="-1.154552435">
        <ele>115.39</ele>
      </trkpt>
      <trkpt lat="48.618447072" lon="-1.155001452">
        <ele>114.22</ele>
      </trkpt>
      <trkpt lat="48.618843939" lon="-1.155811447">
        <ele>112.55</ele>
      </trkpt>
      <trkpt lat="48.61899067" lon="-1.156158214">
        <ele>111.19</ele>
      </trkpt>
      <trkpt lat="48.619111034" lon="-1.156442671">
        <ele>109.31</ele>
      </trkpt>
      <trkpt lat="48.619390079" lon="-1.157169955">
        <ele>106.58</ele>
      </trkpt>
      <trkpt lat="48.619605725" lon="-1.157907152">
        <ele>104.68</ele>
      </trkpt>
      <trkpt lat="48.619691893" lon="-1.158225118">
        <ele>102.77</ele>
      </trkpt>
      <trkpt lat="48.619753107" lon="-1.158458223">
        <ele>100.98</ele>
      </trkpt>
      <trkpt lat="48.619772837" lon="-1.158546952">
        <ele>99.78</ele>
      </trkpt>
      <trkpt lat="48.619909828" lon="-1.159163016">
        <ele>98.84</ele>
      </trkpt>
      <trkpt lat="48.619929023" lon="-1.159249345">
        <ele>98.8</ele>
      </trkpt>
      <trkpt lat="48.620090805" lon="-1.160006725">
        <ele>97.94</ele>
      </trkpt>
      <trkpt lat="48.620180585" lon="-1.160659215">
        <ele>97.49</ele>
      </trkpt>
      <trkpt lat="48.620273525" lon="-1.161375796">
        <ele>97.09</ele>
      </trkpt>
      <trkpt lat="48.62043615" lon="-1.162623729">
        <ele>97.09</ele>
      </trkpt>
      <trkpt lat="48.620509289" lon="-1.163159406">
        <ele>96.26</ele>
      </trkpt>
      <trkpt lat="48.620517743" lon="-1.163226653">
        <ele>96.38</ele>
      </trkpt>
      <trkpt lat="48.62061681" lon="-1.163973641">
        <ele>96.77</ele>
      </trkpt>
      <trkpt lat="48.620735709" lon="-1.16490018">
        <ele>96.49</ele>
      </trkpt>
      <trkpt lat="48.620887775" lon="-1.165985611">
        <ele>95.59</ele>
      </trkpt>
      <trkpt lat="48.620971985" lon="-1.166641752">
        <ele>94.84</ele>
      </trkpt>
      <trkpt lat="48.621093326" lon="-1.167575298">
        <ele>92.88</ele>
      </trkpt>
      <trkpt lat="48.621191342" lon="-1.168223033">
        <ele>90.47</ele>
      </trkpt>
      <trkpt lat="48.621362505" lon="-1.16907089">
        <ele>88.66</ele>
      </trkpt>
      <trkpt lat="48.621377438" lon="-1.169133219">
        <ele>87.65</ele>
      </trkpt>
      <trkpt lat="48.621472872" lon="-1.169545704">
        <ele>86.53</ele>
      </trkpt>
      <trkpt lat="48.621603049" lon="-1.170020747">
        <ele>86.47</ele>
      </trkpt>
      <trkpt lat="48.621736523" lon="-1.170469034">
        <ele>86.36</ele>
      </trkpt>
      <trkpt lat="48.621778738" lon="-1.170610822">
        <ele>86.21</ele>
      </trkpt>
      <trkpt lat="48.621794571" lon="-1.170652539">
        <ele>85.77</ele>
      </trkpt>
      <trkpt lat="48.621932936" lon="-1.171017129">
        <ele>85.42</ele>
      </trkpt>
      <trkpt lat="48.622151697" lon="-1.171534573">
        <ele>84.81</ele>
      </trkpt>
      <trkpt lat="48.62242453" lon="-1.172128348">
        <ele>84.21</ele>
      </trkpt>
      <trkpt lat="48.62259717" lon="-1.172470919">
        <ele>83.65</ele>
      </trkpt>
      <trkpt lat="48.6226444" lon="-1.172564428">
        <ele>83.05</ele>
      </trkpt>
      <trkpt lat="48.622696564" lon="-1.172667703">
        <ele>82.17</ele>
      </trkpt>
      <trkpt lat="48.622827858" lon="-1.17290508">
        <ele>81.46</ele>
      </trkpt>
      <trkpt lat="48.622989779" lon="-1.173167996">
        <ele>80.56</ele>
      </trkpt>
      <trkpt lat="48.623059641" lon="-1.173269702">
        <ele>80.12</ele>
      </trkpt>
      <trkpt lat="48.623216886" lon="-1.173498626">
        <ele>79.05</ele>
      </trkpt>
      <trkpt lat="48.623394599" lon="-1.173747868">
        <ele>78.14</ele>
      </trkpt>
      <trkpt lat="48.623603231" lon="-1.174014525">
        <ele>78.16</ele>
      </trkpt>
      <trkpt lat="48.623800613" lon="-1.174268049">
        <ele>78.17</ele>
      </trkpt>
      <trkpt lat="48.62407046" lon="-1.174561334">
        <ele>76.73</ele>
      </trkpt>
      <trkpt lat="48.624258917" lon="-1.174761167">
        <ele>76.91</ele>
      </trkpt>
      <trkpt lat="48.624449173" lon="-1.174935322">
        <ele>77.08</ele>
      </trkpt>
      <trkpt lat="48.624552132" lon="-1.175025429">
        <ele>76.85</ele>
      </trkpt>
      <trkpt lat="48.624751551" lon="-1.17519996">
        <ele>76.4</ele>
      </trkpt>
      <trkpt lat="48.625114293" lon="-1.175489805">
        <ele>76.17</ele>
      </trkpt>
      <trkpt lat="48.62533115" lon="-1.175632923">
        <ele>76.34</ele>
      </trkpt>
      <trkpt lat="48.625486693" lon="-1.175735576">
        <ele>76.25</ele>
      </trkpt>
      <trkpt lat="48.625970227" lon="-1.176022843">
        <ele>75.34</ele>
      </trkpt>
      <trkpt lat="48.626481325" lon="-1.17632046">
        <ele>75.63</ele>
      </trkpt>
      <trkpt lat="48.627003004" lon="-1.176624384">
        <ele>76.86</ele>
      </trkpt>
      <trkpt lat="48.627284455" lon="-1.176796799">
        <ele>76.4</ele>
      </trkpt>
      <trkpt lat="48.627311634" lon="-1.17681345">
        <ele>76.61</ele>
      </trkpt>
      <trkpt lat="48.627445649" lon="-1.176896163">
        <ele>76.51</ele>
      </trkpt>
      <trkpt lat="48.627522899" lon="-1.176937384">
        <ele>76.27</ele>
      </trkpt>
      <trkpt lat="48.627724172" lon="-1.177044782">
        <ele>75.95</ele>
      </trkpt>
      <trkpt lat="48.628141977" lon="-1.177310491">
        <ele>75.66</ele>
      </trkpt>
      <trkpt lat="48.628144453" lon="-1.177312066">
        <ele>75.26</ele>
      </trkpt>
      <trkpt lat="48.628481952" lon="-1.177517601">
        <ele>75.66</ele>
      </trkpt>
      <trkpt lat="48.628524553" lon="-1.177543545">
        <ele>75.64</ele>
      </trkpt>
      <trkpt lat="48.628908245" lon="-1.177775307">
        <ele>74.43</ele>
      </trkpt>
      <trkpt lat="48.629241269" lon="-1.177962258">
        <ele>73.64</ele>
      </trkpt>
      <trkpt lat="48.6296883" lon="-1.178262951">
        <ele>73.1</ele>
      </trkpt>
      <trkpt lat="48.629695902" lon="-1.178268042">
        <ele>72.73</ele>
      </trkpt>
      <trkpt lat="48.629953194" lon="-1.178440393">
        <ele>71.43</ele>
      </trkpt>
      <trkpt lat="48.630019749" lon="-1.178494633">
        <ele>72.25</ele>
      </trkpt>
      <trkpt lat="48.630197572" lon="-1.178637933">
        <ele>72.52</ele>
      </trkpt>
      <trkpt lat="48.630385413" lon="-1.178803779">
        <ele>72.41</ele>
      </trkpt>
      <trkpt lat="48.630550277" lon="-1.178956923">
        <ele>72.01</ele>
      </trkpt>
      <trkpt lat="48.630743836" lon="-1.179139532">
        <ele>71.61</ele>
      </trkpt>
      <trkpt lat="48.630964564" lon="-1.179369172">
        <ele>70.69</ele>
      </trkpt>
      <trkpt lat="48.631087311" lon="-1.179490407">
        <ele>69.82</ele>
      </trkpt>
      <trkpt lat="48.631195689" lon="-1.179610504">
        <ele>69</ele>
      </trkpt>
      <trkpt lat="48.631338426" lon="-1.179778191">
        <ele>68.25</ele>
      </trkpt>
      <trkpt lat="48.631460695" lon="-1.17991298">
        <ele>67.97</ele>
      </trkpt>
      <trkpt lat="48.63153561" lon="-1.180011377">
        <ele>67.31</ele>
      </trkpt>
      <trkpt lat="48.631728865" lon="-1.18025377">
        <ele>66.86</ele>
      </trkpt>
      <trkpt lat="48.631791819" lon="-1.180333539">
        <ele>66.29</ele>
      </trkpt>
      <trkpt lat="48.631935258" lon="-1.180532545">
        <ele>65.43</ele>
      </trkpt>
      <trkpt lat="48.632071125" lon="-1.180741814">
        <ele>64.91</ele>
      </trkpt>
      <trkpt lat="48.632223539" lon="-1.180967355">
        <ele>64.13</ele>
      </trkpt>
      <trkpt lat="48.6323569" lon="-1.181170986">
        <ele>63.52</ele>
      </trkpt>
      <trkpt lat="48.632543049" lon="-1.181461744">
        <ele>63.07</ele>
      </trkpt>
      <trkpt lat="48.632796782" lon="-1.181854378">
        <ele>62.64</ele>
      </trkpt>
      <trkpt lat="48.632859066" lon="-1.181953139">
        <ele>61.99</ele>
      </trkpt>
      <trkpt lat="48.63306998" lon="-1.182282565">
        <ele>60.81</ele>
      </trkpt>
      <trkpt lat="48.63341226" lon="-1.182820918">
        <ele>60.13</ele>
      </trkpt>
      <trkpt lat="48.633734647" lon="-1.183335945">
        <ele>59.2</ele>
      </trkpt>
      <trkpt lat="48.63382296" lon="-1.183473871">
        <ele>58.4</ele>
      </trkpt>
      <trkpt lat="48.633982278" lon="-1.183722688">
        <ele>57.84</ele>
      </trkpt>
      <trkpt lat="48.634024056" lon="-1.183786221">
        <ele>58</ele>
      </trkpt>
      <trkpt lat="48.634101129" lon="-1.183903429">
        <ele>57.81</ele>
      </trkpt>
      <trkpt lat="48.634154856" lon="-1.183989268">
        <ele>57.77</ele>
      </trkpt>
      <trkpt lat="48.63416332" lon="-1.184002577">
        <ele>58.05</ele>
      </trkpt>
      <trkpt lat="48.63419583" lon="-1.1840537">
        <ele>58.68</ele>
      </trkpt>
      <trkpt lat="48.634381641" lon="-1.184353954">
        <ele>59.32</ele>
      </trkpt>
      <trkpt lat="48.634805803" lon="-1.185048393">
        <ele>59.96</ele>
      </trkpt>
      <trkpt lat="48.635092954" lon="-1.185566062">
        <ele>59.95</ele>
      </trkpt>
      <trkpt lat="48.635111687" lon="-1.185602929">
        <ele>60.27</ele>
      </trkpt>
      <trkpt lat="48.635185659" lon="-1.185748509">
        <ele>60.26</ele>
      </trkpt>
      <trkpt lat="48.635280822" lon="-1.185935797">
        <ele>60.12</ele>
      </trkpt>
      <trkpt lat="48.635435039" lon="-1.186263446">
        <ele>59.78</ele>
      </trkpt>
      <trkpt lat="48.6355601" lon="-1.186523527">
        <ele>59.97</ele>
      </trkpt>
      <trkpt lat="48.635689312" lon="-1.186845083">
        <ele>59.61</ele>
      </trkpt>
      <trkpt lat="48.635800748" lon="-1.187133966">
        <ele>58.8</ele>
      </trkpt>
      <trkpt lat="48.635898057" lon="-1.187414932">
        <ele>57.91</ele>
      </trkpt>
      <trkpt lat="48.63599259" lon="-1.187646743">
        <ele>57.25</ele>
      </trkpt>
      <trkpt lat="48.636135567" lon="-1.188063198">
        <ele>55.96</ele>
      </trkpt>
      <trkpt lat="48.636234233" lon="-1.188382321">
        <ele>54.57</ele>
      </trkpt>
      <trkpt lat="48.636302908" lon="-1.188629368">
        <ele>54.05</ele>
      </trkpt>
      <trkpt lat="48.636325652" lon="-1.188711187">
        <ele>53.41</ele>
      </trkpt>
      <trkpt lat="48.636338174" lon="-1.188756231">
        <ele>53.07</ele>
      </trkpt>
      <trkpt lat="48.636433655" lon="-1.189114521">
        <ele>53.3</ele>
      </trkpt>
      <trkpt lat="48.636511224" lon="-1.189444189">
        <ele>53.45</ele>
      </trkpt>
      <trkpt lat="48.636545107" lon="-1.189597214">
        <ele>53.07</ele>
      </trkpt>
      <trkpt lat="48.636580075" lon="-1.189755137">
        <ele>52.98</ele>
      </trkpt>
      <trkpt lat="48.636585059" lon="-1.189777648">
        <ele>52.77</ele>
      </trkpt>
      <trkpt lat="48.636667671" lon="-1.190168878">
        <ele>52.49</ele>
      </trkpt>
      <trkpt lat="48.636721196" lon="-1.190439553">
        <ele>52.1</ele>
      </trkpt>
      <trkpt lat="48.636817329" lon="-1.190958272">
        <ele>51.66</ele>
      </trkpt>
      <trkpt lat="48.636924739" lon="-1.191540411">
        <ele>51.22</ele>
      </trkpt>
      <trkpt lat="48.636991366" lon="-1.191915797">
        <ele>50.4</ele>
      </trkpt>
      <trkpt lat="48.637008919" lon="-1.192014691">
        <ele>49.74</ele>
      </trkpt>
      <trkpt lat="48.637069235" lon="-1.192322592">
        <ele>49.08</ele>
      </trkpt>
      <trkpt lat="48.637105755" lon="-1.192538896">
        <ele>48.35</ele>
      </trkpt>
      <trkpt lat="48.63714674" lon="-1.192716523">
        <ele>47.83</ele>
      </trkpt>
      <trkpt lat="48.637170614" lon="-1.192819989">
        <ele>47.24</ele>
      </trkpt>
      <trkpt lat="48.637221888" lon="-1.192981691">
        <ele>46.55</ele>
      </trkpt>
      <trkpt lat="48.637252051" lon="-1.193167657">
        <ele>47.04</ele>
      </trkpt>
      <trkpt lat="48.637260795" lon="-1.193302908">
        <ele>47.49</ele>
      </trkpt>
      <trkpt lat="48.637259543" lon="-1.193363971">
        <ele>48.16</ele>
      </trkpt>
      <trkpt lat="48.637263429" lon="-1.19361163">
        <ele>48.98</ele>
      </trkpt>
      <trkpt lat="48.637281922" lon="-1.193853668">
        <ele>50.46</ele>
      </trkpt>
      <trkpt lat="48.637302992" lon="-1.194176106">
        <ele>51.06</ele>
      </trkpt>
      <trkpt lat="48.637313107" lon="-1.194319435">
        <ele>51.82</ele>
      </trkpt>
      <trkpt lat="48.637316208" lon="-1.194363366">
        <ele>52.49</ele>
      </trkpt>
      <trkpt lat="48.637320534" lon="-1.194426709">
        <ele>53.26</ele>
      </trkpt>
      <trkpt lat="48.637334034" lon="-1.194624376">
        <ele>53.56</ele>
      </trkpt>
      <trkpt lat="48.637338684" lon="-1.19483054">
        <ele>53.56</ele>
      </trkpt>
      <trkpt lat="48.63734036" lon="-1.194904868">
        <ele>53.63</ele>
      </trkpt>
      <trkpt lat="48.637346033" lon="-1.195178496">
        <ele>53.43</ele>
      </trkpt>
      <trkpt lat="48.637350642" lon="-1.19550777">
        <ele>53.07</ele>
      </trkpt>
      <trkpt lat="48.637350069" lon="-1.195779535">
        <ele>52.57</ele>
      </trkpt>
      <trkpt lat="48.637344171" lon="-1.196125626">
        <ele>52.25</ele>
      </trkpt>
      <trkpt lat="48.637334346" lon="-1.196480931">
        <ele>51.83</ele>
      </trkpt>
      <trkpt lat="48.637327164" lon="-1.196735857">
        <ele>51.32</ele>
      </trkpt>
      <trkpt lat="48.637320598" lon="-1.19697317">
        <ele>50.95</ele>
      </trkpt>
      <trkpt lat="48.637300907" lon="-1.197276025">
        <ele>50.68</ele>
      </trkpt>
      <trkpt lat="48.637291269" lon="-1.197396224">
        <ele>50.36</ele>
      </trkpt>
      <trkpt lat="48.637282477" lon="-1.197517835">
        <ele>49.81</ele>
      </trkpt>
      <trkpt lat="48.637274007" lon="-1.197655779">
        <ele>49.01</ele>
      </trkpt>
      <trkpt lat="48.637219103" lon="-1.198190928">
        <ele>48.24</ele>
      </trkpt>
      <trkpt lat="48.637169016" lon="-1.198615014">
        <ele>47.05</ele>
      </trkpt>
      <trkpt lat="48.637154081" lon="-1.198771956">
        <ele>44.89</ele>
      </trkpt>
      <trkpt lat="48.637131794" lon="-1.199006167">
        <ele>42.61</ele>
      </trkpt>
      <trkpt lat="48.637078196" lon="-1.199453085">
        <ele>40.96</ele>
      </trkpt>
      <trkpt lat="48.637034113" lon="-1.199859987">
        <ele>39.42</ele>
      </trkpt>
      <trkpt lat="48.636973991" lon="-1.2004151">
        <ele>38.23</ele>
      </trkpt>
      <trkpt lat="48.636846534" lon="-1.201576394">
        <ele>39.36</ele>
      </trkpt>
      <trkpt lat="48.636825867" lon="-1.201702481">
        <ele>40.79</ele>
      </trkpt>
      <trkpt lat="48.63681857" lon="-1.201726505">
        <ele>41.84</ele>
      </trkpt>
      <trkpt lat="48.636808538" lon="-1.201759537">
        <ele>42.78</ele>
      </trkpt>
      <trkpt lat="48.636792022" lon="-1.201793543">
        <ele>43.9</ele>
      </trkpt>
      <trkpt lat="48.636785659" lon="-1.201814186">
        <ele>43.88</ele>
      </trkpt>
      <trkpt lat="48.636748283" lon="-1.201935443">
        <ele>44.03</ele>
      </trkpt>
      <trkpt lat="48.636738055" lon="-1.201969958">
        <ele>44.03</ele>
      </trkpt>
      <trkpt lat="48.636714209" lon="-1.202135208">
        <ele>44.01</ele>
      </trkpt>
      <trkpt lat="48.636680004" lon="-1.202364975">
        <ele>43.88</ele>
      </trkpt>
      <trkpt lat="48.636676422" lon="-1.202389039">
        <ele>43.7</ele>
      </trkpt>
      <trkpt lat="48.636718427" lon="-1.202398625">
        <ele>43.44</ele>
      </trkpt>
      <trkpt lat="48.636740759" lon="-1.202403721">
        <ele>42.7</ele>
      </trkpt>
      <trkpt lat="48.636731043" lon="-1.202576908">
        <ele>41.91</ele>
      </trkpt>
      <trkpt lat="48.636589855" lon="-1.203821487">
        <ele>41.1</ele>
      </trkpt>
      <trkpt lat="48.636579327" lon="-1.203914283">
        <ele>40.3</ele>
      </trkpt>
      <trkpt lat="48.636566423" lon="-1.204040956">
        <ele>39.27</ele>
      </trkpt>
      <trkpt lat="48.636546233" lon="-1.204239155">
        <ele>39.06</ele>
      </trkpt>
      <trkpt lat="48.636495809" lon="-1.204723011">
        <ele>39.31</ele>
      </trkpt>
      <trkpt lat="48.636427795" lon="-1.205322335">
        <ele>39.54</ele>
      </trkpt>
      <trkpt lat="48.636259295" lon="-1.2068024">
        <ele>39.73</ele>
      </trkpt>
      <trkpt lat="48.636139667" lon="-1.207867805">
        <ele>40.21</ele>
      </trkpt>
      <trkpt lat="48.636131628" lon="-1.20796773">
        <ele>40.81</ele>
      </trkpt>
      <trkpt lat="48.636112851" lon="-1.208193181">
        <ele>40.71</ele>
      </trkpt>
      <trkpt lat="48.636096778" lon="-1.208494959">
        <ele>41.23</ele>
      </trkpt>
      <trkpt lat="48.63607658" lon="-1.208793531">
        <ele>41.75</ele>
      </trkpt>
      <trkpt lat="48.636070351" lon="-1.208885613">
        <ele>42.49</ele>
      </trkpt>
      <trkpt lat="48.636059812" lon="-1.209209742">
        <ele>42.99</ele>
      </trkpt>
      <trkpt lat="48.636051103" lon="-1.209477577">
        <ele>43.8</ele>
      </trkpt>
      <trkpt lat="48.636049811" lon="-1.209517282">
        <ele>44.16</ele>
      </trkpt>
      <trkpt lat="48.63604969" lon="-1.209686136">
        <ele>44.63</ele>
      </trkpt>
      <trkpt lat="48.636049532" lon="-1.209907311">
        <ele>44.91</ele>
      </trkpt>
      <trkpt lat="48.636051903" lon="-1.210273093">
        <ele>45.15</ele>
      </trkpt>
      <trkpt lat="48.636059143" lon="-1.210490487">
        <ele>45.43</ele>
      </trkpt>
      <trkpt lat="48.636062387" lon="-1.210587883">
        <ele>45.66</ele>
      </trkpt>
      <trkpt lat="48.636080043" lon="-1.210929074">
        <ele>45.79</ele>
      </trkpt>
      <trkpt lat="48.636097527" lon="-1.211129894">
        <ele>45.81</ele>
      </trkpt>
      <trkpt lat="48.636121033" lon="-1.2113999">
        <ele>45.91</ele>
      </trkpt>
      <trkpt lat="48.636174754" lon="-1.211841847">
        <ele>45.89</ele>
      </trkpt>
      <trkpt lat="48.636187174" lon="-1.211957136">
        <ele>45.67</ele>
      </trkpt>
      <trkpt lat="48.636219507" lon="-1.212257245">
        <ele>44.96</ele>
      </trkpt>
      <trkpt lat="48.636249438" lon="-1.212420593">
        <ele>44.04</ele>
      </trkpt>
      <trkpt lat="48.636276128" lon="-1.212566247">
        <ele>42.69</ele>
      </trkpt>
      <trkpt lat="48.636314948" lon="-1.212818482">
        <ele>41.68</ele>
      </trkpt>
      <trkpt lat="48.636336914" lon="-1.212961207">
        <ele>40.53</ele>
      </trkpt>
      <trkpt lat="48.63638983" lon="-1.213223731">
        <ele>39.44</ele>
      </trkpt>
      <trkpt lat="48.636451082" lon="-1.213527621">
        <ele>39.44</ele>
      </trkpt>
      <trkpt lat="48.636597852" lon="-1.21411435">
        <ele>39.74</ele>
      </trkpt>
      <trkpt lat="48.636734511" lon="-1.214554746">
        <ele>40.25</ele>
      </trkpt>
      <trkpt lat="48.636770874" lon="-1.214671931">
        <ele>40.7</ele>
      </trkpt>
      <trkpt lat="48.63691261" lon="-1.215120994">
        <ele>40.43</ele>
      </trkpt>
      <trkpt lat="48.636945177" lon="-1.215218751">
        <ele>39.38</ele>
      </trkpt>
      <trkpt lat="48.637133478" lon="-1.215751746">
        <ele>38.15</ele>
      </trkpt>
      <trkpt lat="48.637580199" lon="-1.217050393">
        <ele>37.17</ele>
      </trkpt>
      <trkpt lat="48.638128818" lon="-1.218726959">
        <ele>36.58</ele>
      </trkpt>
      <trkpt lat="48.638405823" lon="-1.219704791">
        <ele>37.56</ele>
      </trkpt>
      <trkpt lat="48.638411457" lon="-1.219722977">
        <ele>38.38</ele>
      </trkpt>
      <trkpt lat="48.63858966" lon="-1.220298204">
        <ele>38.64</ele>
      </trkpt>
      <trkpt lat="48.638613546" lon="-1.22037531">
        <ele>37.92</ele>
      </trkpt>
      <trkpt lat="48.638842624" lon="-1.221078814">
        <ele>37.19</ele>
      </trkpt>
      <trkpt lat="48.639133627" lon="-1.22194092">
        <ele>35.27</ele>
      </trkpt>
      <trkpt lat="48.639150498" lon="-1.221992864">
        <ele>33.57</ele>
      </trkpt>
      <trkpt lat="48.639320405" lon="-1.222515974">
        <ele>34.37</ele>
      </trkpt>
      <trkpt lat="48.639493129" lon="-1.223030096">
        <ele>35.4</ele>
      </trkpt>
      <trkpt lat="48.639518156" lon="-1.223086483">
        <ele>36.22</ele>
      </trkpt>
      <trkpt lat="48.639530716" lon="-1.223113319">
        <ele>35.79</ele>
      </trkpt>
      <trkpt lat="48.639566198" lon="-1.223208237">
        <ele>36.16</ele>
      </trkpt>
      <trkpt lat="48.639630263" lon="-1.223379615">
        <ele>35.23</ele>
      </trkpt>
      <trkpt lat="48.639870107" lon="-1.223982077">
        <ele>34.39</ele>
      </trkpt>
      <trkpt lat="48.640037437" lon="-1.224343549">
        <ele>32.04</ele>
      </trkpt>
      <trkpt lat="48.640113888" lon="-1.224487774">
        <ele>33.16</ele>
      </trkpt>
      <trkpt lat="48.640224862" lon="-1.224697131">
        <ele>33.19</ele>
      </trkpt>
      <trkpt lat="48.640315139" lon="-1.224874299">
        <ele>33.34</ele>
      </trkpt>
      <trkpt lat="48.640387389" lon="-1.225016087">
        <ele>33</ele>
      </trkpt>
      <trkpt lat="48.640648483" lon="-1.22550203">
        <ele>33.17</ele>
      </trkpt>
      <trkpt lat="48.640895136" lon="-1.225937884">
        <ele>31.55</ele>
      </trkpt>
      <trkpt lat="48.64111136" lon="-1.226342744">
        <ele>30.55</ele>
      </trkpt>
      <trkpt lat="48.641364524" lon="-1.226798161">
        <ele>28.93</ele>
      </trkpt>
      <trkpt lat="48.641487353" lon="-1.227017408">
        <ele>27.76</ele>
      </trkpt>
      <trkpt lat="48.641538694" lon="-1.227120985">
        <ele>28.16</ele>
      </trkpt>
      <trkpt lat="48.641555435" lon="-1.22715476">
        <ele>29.38</ele>
      </trkpt>
      <trkpt lat="48.641709153" lon="-1.227417296">
        <ele>29.59</ele>
      </trkpt>
      <trkpt lat="48.642042204" lon="-1.228032772">
        <ele>29.16</ele>
      </trkpt>
      <trkpt lat="48.642247853" lon="-1.228405529">
        <ele>29.42</ele>
      </trkpt>
      <trkpt lat="48.642329217" lon="-1.228549396">
        <ele>29.01</ele>
      </trkpt>
      <trkpt lat="48.642431989" lon="-1.228730974">
        <ele>28.36</ele>
      </trkpt>
      <trkpt lat="48.64259366" lon="-1.229016622">
        <ele>28.43</ele>
      </trkpt>
      <trkpt lat="48.642757411" lon="-1.229332116">
        <ele>30.45</ele>
      </trkpt>
      <trkpt lat="48.64283815" lon="-1.229487673">
        <ele>30.51</ele>
      </trkpt>
      <trkpt lat="48.642961382" lon="-1.229701619">
        <ele>30.88</ele>
      </trkpt>
      <trkpt lat="48.643170739" lon="-1.230065092">
        <ele>31.28</ele>
      </trkpt>
      <trkpt lat="48.643227402" lon="-1.230168904">
        <ele>31.51</ele>
      </trkpt>
      <trkpt lat="48.643332789" lon="-1.230371809">
        <ele>29.35</ele>
      </trkpt>
      <trkpt lat="48.643357241" lon="-1.230418917">
        <ele>29.59</ele>
      </trkpt>
      <trkpt lat="48.643460935" lon="-1.230618694">
        <ele>28.51</ele>
      </trkpt>
      <trkpt lat="48.643535253" lon="-1.230757913">
        <ele>28.56</ele>
      </trkpt>
      <trkpt lat="48.643690968" lon="-1.23106549">
        <ele>27.53</ele>
      </trkpt>
      <trkpt lat="48.643787273" lon="-1.231270385">
        <ele>27.74</ele>
      </trkpt>
      <trkpt lat="48.643858733" lon="-1.231416631">
        <ele>26.99</ele>
      </trkpt>
      <trkpt lat="48.643881319" lon="-1.231462853">
        <ele>27.51</ele>
      </trkpt>
      <trkpt lat="48.643936026" lon="-1.231614671">
        <ele>26.87</ele>
      </trkpt>
      <trkpt lat="48.643940352" lon="-1.231626676">
        <ele>27.22</ele>
      </trkpt>
      <trkpt lat="48.64398646" lon="-1.231748662">
        <ele>27.21</ele>
      </trkpt>
      <trkpt lat="48.644084864" lon="-1.231995865">
        <ele>27.35</ele>
      </trkpt>
      <trkpt lat="48.644178986" lon="-1.232287578">
        <ele>27.48</ele>
      </trkpt>
      <trkpt lat="48.644266981" lon="-1.232548892">
        <ele>27.39</ele>
      </trkpt>
      <trkpt lat="48.644343422" lon="-1.232831022">
        <ele>27.26</ele>
      </trkpt>
      <trkpt lat="48.644397395" lon="-1.233061032">
        <ele>27.71</ele>
      </trkpt>
      <trkpt lat="48.644416071" lon="-1.233136759">
        <ele>28.33</ele>
      </trkpt>
      <trkpt lat="48.644446996" lon="-1.233262161">
        <ele>29.05</ele>
      </trkpt>
      <trkpt lat="48.644484114" lon="-1.233459546">
        <ele>29.37</ele>
      </trkpt>
      <trkpt lat="48.644490011" lon="-1.233496801">
        <ele>28.92</ele>
      </trkpt>
      <trkpt lat="48.644537071" lon="-1.233794143">
        <ele>28.82</ele>
      </trkpt>
      <trkpt lat="48.64456554" lon="-1.233981322">
        <ele>28.21</ele>
      </trkpt>
      <trkpt lat="48.644618115" lon="-1.23437186">
        <ele>27.38</ele>
      </trkpt>
      <trkpt lat="48.644618268" lon="-1.234372998">
        <ele>26.72</ele>
      </trkpt>
      <trkpt lat="48.64463952" lon="-1.234611234">
        <ele>27.04</ele>
      </trkpt>
      <trkpt lat="48.644668082" lon="-1.23487182">
        <ele>26.8</ele>
      </trkpt>
      <trkpt lat="48.6446851" lon="-1.235043428">
        <ele>26.47</ele>
      </trkpt>
      <trkpt lat="48.64468996" lon="-1.235092441">
        <ele>26.32</ele>
      </trkpt>
      <trkpt lat="48.644696216" lon="-1.235204944">
        <ele>26.72</ele>
      </trkpt>
      <trkpt lat="48.644699299" lon="-1.235260389">
        <ele>26.82</ele>
      </trkpt>
      <trkpt lat="48.644711984" lon="-1.23551154">
        <ele>26.97</ele>
      </trkpt>
      <trkpt lat="48.644724561" lon="-1.235654488">
        <ele>26.53</ele>
      </trkpt>
      <trkpt lat="48.644735713" lon="-1.235781252">
        <ele>25.74</ele>
      </trkpt>
      <trkpt lat="48.644789301" lon="-1.236553606">
        <ele>25.45</ele>
      </trkpt>
      <trkpt lat="48.64484862" lon="-1.237367217">
        <ele>25.44</ele>
      </trkpt>
      <trkpt lat="48.644866106" lon="-1.237568416">
        <ele>25.25</ele>
      </trkpt>
      <trkpt lat="48.644893352" lon="-1.237881943">
        <ele>25.82</ele>
      </trkpt>
      <trkpt lat="48.644920791" lon="-1.238319238">
        <ele>25.92</ele>
      </trkpt>
      <trkpt lat="48.644924387" lon="-1.238376543">
        <ele>25.09</ele>
      </trkpt>
      <trkpt lat="48.644971264" lon="-1.239058643">
        <ele>24.4</ele>
      </trkpt>
      <trkpt lat="48.645032644" lon="-1.239940398">
        <ele>23.4</ele>
      </trkpt>
      <trkpt lat="48.645074171" lon="-1.240482066">
        <ele>22.73</ele>
      </trkpt>
      <trkpt lat="48.645091683" lon="-1.240710492">
        <ele>22.75</ele>
      </trkpt>
      <trkpt lat="48.645138226" lon="-1.241306882">
        <ele>22.61</ele>
      </trkpt>
      <trkpt lat="48.645145489" lon="-1.241399958">
        <ele>22.17</ele>
      </trkpt>
      <trkpt lat="48.645180114" lon="-1.241945143">
        <ele>22.66</ele>
      </trkpt>
      <trkpt lat="48.64520712" lon="-1.242299411">
        <ele>22.84</ele>
      </trkpt>
      <trkpt lat="48.645231649" lon="-1.242622203">
        <ele>23.02</ele>
      </trkpt>
      <trkpt lat="48.645251457" lon="-1.242875293">
        <ele>23.19</ele>
      </trkpt>
      <trkpt lat="48.645273867" lon="-1.243181599">
        <ele>23.12</ele>
      </trkpt>
      <trkpt lat="48.645299458" lon="-1.243651296">
        <ele>22.81</ele>
      </trkpt>
      <trkpt lat="48.645309717" lon="-1.244013301">
        <ele>22.49</ele>
      </trkpt>
      <trkpt lat="48.645312624" lon="-1.244115891">
        <ele>22.18</ele>
      </trkpt>
      <trkpt lat="48.64531258" lon="-1.244155259">
        <ele>21.84</ele>
      </trkpt>
      <trkpt lat="48.645312139" lon="-1.244559009">
        <ele>21.94</ele>
      </trkpt>
      <trkpt lat="48.645310058" lon="-1.24489301">
        <ele>22.01</ele>
      </trkpt>
      <trkpt lat="48.645309659" lon="-1.244957087">
        <ele>21.64</ele>
      </trkpt>
      <trkpt lat="48.645288389" lon="-1.245553473">
        <ele>21.51</ele>
      </trkpt>
      <trkpt lat="48.645278549" lon="-1.245804155">
        <ele>21.29</ele>
      </trkpt>
      <trkpt lat="48.645270266" lon="-1.245935339">
        <ele>21.22</ele>
      </trkpt>
      <trkpt lat="48.64525669" lon="-1.246105082">
        <ele>20.48</ele>
      </trkpt>
      <trkpt lat="48.645239372" lon="-1.246321607">
        <ele>20.39</ele>
      </trkpt>
      <trkpt lat="48.645219175" lon="-1.246529932">
        <ele>19.93</ele>
      </trkpt>
      <trkpt lat="48.645196616" lon="-1.246762638">
        <ele>19.96</ele>
      </trkpt>
      <trkpt lat="48.645160661" lon="-1.247088676">
        <ele>19.89</ele>
      </trkpt>
      <trkpt lat="48.645129398" lon="-1.247283236">
        <ele>20.2</ele>
      </trkpt>
      <trkpt lat="48.64512342" lon="-1.247318396">
        <ele>20.1</ele>
      </trkpt>
      <trkpt lat="48.645104321" lon="-1.247430727">
        <ele>20.2</ele>
      </trkpt>
      <trkpt lat="48.645063115" lon="-1.247692659">
        <ele>20.27</ele>
      </trkpt>
      <trkpt lat="48.645039076" lon="-1.247845458">
        <ele>20.38</ele>
      </trkpt>
      <trkpt lat="48.644974944" lon="-1.248229018">
        <ele>20.33</ele>
      </trkpt>
      <trkpt lat="48.644903774" lon="-1.248573151">
        <ele>20.37</ele>
      </trkpt>
      <trkpt lat="48.644800761" lon="-1.249071244">
        <ele>20.18</ele>
      </trkpt>
      <trkpt lat="48.644470829" lon="-1.250390172">
        <ele>20</ele>
      </trkpt>
      <trkpt lat="48.644259051" lon="-1.251225245">
        <ele>19.69</ele>
      </trkpt>
      <trkpt lat="48.644257959" lon="-1.251230595">
        <ele>19.8</ele>
      </trkpt>
      <trkpt lat="48.64414838" lon="-1.251675694">
        <ele>19.52</ele>
      </trkpt>
      <trkpt lat="48.643927879" lon="-1.252527726">
        <ele>20.07</ele>
      </trkpt>
      <trkpt lat="48.643676221" lon="-1.25359606">
        <ele>20.86</ele>
      </trkpt>
      <trkpt lat="48.643621676" lon="-1.253813153">
        <ele>21.23</ele>
      </trkpt>
      <trkpt lat="48.643590634" lon="-1.253936702">
        <ele>21.55</ele>
      </trkpt>
      <trkpt lat="48.643531301" lon="-1.254172846">
        <ele>22.57</ele>
      </trkpt>
      <trkpt lat="48.643390238" lon="-1.254767623">
        <ele>22.8</ele>
      </trkpt>
      <trkpt lat="48.643294739" lon="-1.255143428">
        <ele>22.82</ele>
      </trkpt>
      <trkpt lat="48.643228808" lon="-1.25540287">
        <ele>23.6</ele>
      </trkpt>
      <trkpt lat="48.643050315" lon="-1.256087017">
        <ele>24.73</ele>
      </trkpt>
      <trkpt lat="48.642795953" lon="-1.257129267">
        <ele>25.08</ele>
      </trkpt>
      <trkpt lat="48.642660285" lon="-1.257648342">
        <ele>25.47</ele>
      </trkpt>
      <trkpt lat="48.642545605" lon="-1.258059027">
        <ele>26.16</ele>
      </trkpt>
      <trkpt lat="48.642449417" lon="-1.258355669">
        <ele>24.79</ele>
      </trkpt>
      <trkpt lat="48.642411638" lon="-1.25846512">
        <ele>23.36</ele>
      </trkpt>
      <trkpt lat="48.64234993" lon="-1.258643894">
        <ele>22.51</ele>
      </trkpt>
      <trkpt lat="48.642254439" lon="-1.258886052">
        <ele>21.88</ele>
      </trkpt>
      <trkpt lat="48.642238396" lon="-1.258926735">
        <ele>20.97</ele>
      </trkpt>
      <trkpt lat="48.642221138" lon="-1.258970499">
        <ele>21.21</ele>
      </trkpt>
      <trkpt lat="48.642214945" lon="-1.258983919">
        <ele>21.34</ele>
      </trkpt>
      <trkpt lat="48.642043415" lon="-1.259355645">
        <ele>21.35</ele>
      </trkpt>
      <trkpt lat="48.642002778" lon="-1.259433891">
        <ele>21.16</ele>
      </trkpt>
      <trkpt lat="48.641985255" lon="-1.25947053">
        <ele>20.88</ele>
      </trkpt>
      <trkpt lat="48.641922044" lon="-1.259579443">
        <ele>21.01</ele>
      </trkpt>
      <trkpt lat="48.641887332" lon="-1.259639251">
        <ele>22.06</ele>
      </trkpt>
      <trkpt lat="48.641867197" lon="-1.259671419">
        <ele>22.63</ele>
      </trkpt>
      <trkpt lat="48.64166472" lon="-1.259994909">
        <ele>23.34</ele>
      </trkpt>
      <trkpt lat="48.64157544" lon="-1.260123565">
        <ele>24.94</ele>
      </trkpt>
      <trkpt lat="48.641388872" lon="-1.260353024">
        <ele>25.45</ele>
      </trkpt>
      <trkpt lat="48.64125403" lon="-1.260521457">
        <ele>24.37</ele>
      </trkpt>
      <trkpt lat="48.641119114" lon="-1.260666775">
        <ele>23.41</ele>
      </trkpt>
      <trkpt lat="48.640941715" lon="-1.260841255">
        <ele>21.67</ele>
      </trkpt>
      <trkpt lat="48.640834205" lon="-1.260950751">
        <ele>19.99</ele>
      </trkpt>
      <trkpt lat="48.640701421" lon="-1.261086723">
        <ele>19.37</ele>
      </trkpt>
      <trkpt lat="48.640562646" lon="-1.261214051">
        <ele>18.62</ele>
      </trkpt>
      <trkpt lat="48.640383743" lon="-1.261380247">
        <ele>18.06</ele>
      </trkpt>
      <trkpt lat="48.64018185" lon="-1.261559525">
        <ele>18.24</ele>
      </trkpt>
      <trkpt lat="48.639868173" lon="-1.261866959">
        <ele>17.46</ele>
      </trkpt>
      <trkpt lat="48.63966191" lon="-1.262067619">
        <ele>16.73</ele>
      </trkpt>
      <trkpt lat="48.6393546" lon="-1.262373056">
        <ele>16.45</ele>
      </trkpt>
      <trkpt lat="48.639321922" lon="-1.262405534">
        <ele>16.3</ele>
      </trkpt>
      <trkpt lat="48.639313242" lon="-1.262413426">
        <ele>16.03</ele>
      </trkpt>
      <trkpt lat="48.639142214" lon="-1.262568932">
        <ele>15.97</ele>
      </trkpt>
      <trkpt lat="48.639011518" lon="-1.262696919">
        <ele>15.84</ele>
      </trkpt>
      <trkpt lat="48.638924367" lon="-1.262793015">
        <ele>15.79</ele>
      </trkpt>
      <trkpt lat="48.638857714" lon="-1.262866508">
        <ele>15.76</ele>
      </trkpt>
      <trkpt lat="48.638705069" lon="-1.263007073">
        <ele>15.84</ele>
      </trkpt>
      <trkpt lat="48.638628557" lon="-1.263077529">
        <ele>15.84</ele>
      </trkpt>
      <trkpt lat="48.63828781" lon="-1.263411285">
        <ele>15.93</ele>
      </trkpt>
      <trkpt lat="48.637636561" lon="-1.264039117">
        <ele>15.72</ele>
      </trkpt>
      <trkpt lat="48.636881591" lon="-1.264782031">
        <ele>15.48</ele>
      </trkpt>
      <trkpt lat="48.636676442" lon="-1.264983899">
        <ele>15.31</ele>
      </trkpt>
      <trkpt lat="48.636517954" lon="-1.265139851">
        <ele>15.5</ele>
      </trkpt>
      <trkpt lat="48.636281074" lon="-1.265365172">
        <ele>15.69</ele>
      </trkpt>
      <trkpt lat="48.636208146" lon="-1.265430978">
        <ele>16</ele>
      </trkpt>
      <trkpt lat="48.636127294" lon="-1.265503932">
        <ele>16.41</ele>
      </trkpt>
      <trkpt lat="48.636066967" lon="-1.265558366">
        <ele>16.82</ele>
      </trkpt>
      <trkpt lat="48.635883369" lon="-1.265729585">
        <ele>16.75</ele>
      </trkpt>
      <trkpt lat="48.635677513" lon="-1.265893557">
        <ele>16.74</ele>
      </trkpt>
      <trkpt lat="48.635655246" lon="-1.265910349">
        <ele>16.87</ele>
      </trkpt>
      <trkpt lat="48.635430318" lon="-1.266079972">
        <ele>17.37</ele>
      </trkpt>
      <trkpt lat="48.635292048" lon="-1.266167775">
        <ele>17.63</ele>
      </trkpt>
      <trkpt lat="48.635100315" lon="-1.266289529">
        <ele>18.9</ele>
      </trkpt>
      <trkpt lat="48.635001389" lon="-1.266337353">
        <ele>19.08</ele>
      </trkpt>
      <trkpt lat="48.634498962" lon="-1.266580238">
        <ele>19.24</ele>
      </trkpt>
      <trkpt lat="48.633579533" lon="-1.266974082">
        <ele>19.28</ele>
      </trkpt>
      <trkpt lat="48.633034306" lon="-1.267206832">
        <ele>19.37</ele>
      </trkpt>
      <trkpt lat="48.632855202" lon="-1.267277839">
        <ele>18.27</ele>
      </trkpt>
      <trkpt lat="48.632789827" lon="-1.267317351">
        <ele>18.72</ele>
      </trkpt>
      <trkpt lat="48.632695141" lon="-1.267364145">
        <ele>19.1</ele>
      </trkpt>
      <trkpt lat="48.632629339" lon="-1.267396664">
        <ele>18.92</ele>
      </trkpt>
      <trkpt lat="48.632442298" lon="-1.267513226">
        <ele>18.9</ele>
      </trkpt>
      <trkpt lat="48.632308223" lon="-1.267609648">
        <ele>19.03</ele>
      </trkpt>
      <trkpt lat="48.632234226" lon="-1.267672539">
        <ele>18.61</ele>
      </trkpt>
      <trkpt lat="48.632141907" lon="-1.267751">
        <ele>18.18</ele>
      </trkpt>
      <trkpt lat="48.631898517" lon="-1.268007022">
        <ele>18.01</ele>
      </trkpt>
      <trkpt lat="48.631755729" lon="-1.268146318">
        <ele>17.61</ele>
      </trkpt>
      <trkpt lat="48.631741695" lon="-1.268160011">
        <ele>17.21</ele>
      </trkpt>
      <trkpt lat="48.631478755" lon="-1.268483743">
        <ele>16.91</ele>
      </trkpt>
      <trkpt lat="48.631424343" lon="-1.268581228">
        <ele>15.97</ele>
      </trkpt>
      <trkpt lat="48.631328577" lon="-1.268752801">
        <ele>15.22</ele>
      </trkpt>
      <trkpt lat="48.631140202" lon="-1.269064562">
        <ele>14.66</ele>
      </trkpt>
      <trkpt lat="48.631054689" lon="-1.269206087">
        <ele>13.9</ele>
      </trkpt>
      <trkpt lat="48.630901997" lon="-1.269498508">
        <ele>13.38</ele>
      </trkpt>
      <trkpt lat="48.63071711" lon="-1.269852581">
        <ele>13.11</ele>
      </trkpt>
      <trkpt lat="48.630246304" lon="-1.270704744">
        <ele>12.75</ele>
      </trkpt>
      <trkpt lat="48.629544662" lon="-1.271974673">
        <ele>12.64</ele>
      </trkpt>
      <trkpt lat="48.629302896" lon="-1.272574232">
        <ele>12.93</ele>
      </trkpt>
      <trkpt lat="48.629152085" lon="-1.272948222">
        <ele>12.92</ele>
      </trkpt>
      <trkpt lat="48.628835268" lon="-1.273831651">
        <ele>13.66</ele>
      </trkpt>
      <trkpt lat="48.628766679" lon="-1.274022906">
        <ele>14.26</ele>
      </trkpt>
      <trkpt lat="48.628145398" lon="-1.275920834">
        <ele>14.41</ele>
      </trkpt>
      <trkpt lat="48.628140106" lon="-1.275939869">
        <ele>15.21</ele>
      </trkpt>
      <trkpt lat="48.628115107" lon="-1.276029773">
        <ele>16.14</ele>
      </trkpt>
      <trkpt lat="48.627964359" lon="-1.276571902">
        <ele>16.8</ele>
      </trkpt>
      <trkpt lat="48.627668052" lon="-1.277373993">
        <ele>17.81</ele>
      </trkpt>
      <trkpt lat="48.627657104" lon="-1.277403629">
        <ele>19.01</ele>
      </trkpt>
      <trkpt lat="48.627631053" lon="-1.277474146">
        <ele>19.34</ele>
      </trkpt>
      <trkpt lat="48.627385513" lon="-1.278090027">
        <ele>19.61</ele>
      </trkpt>
      <trkpt lat="48.627345494" lon="-1.278177098">
        <ele>19.91</ele>
      </trkpt>
      <trkpt lat="48.627242249" lon="-1.278401735">
        <ele>19.52</ele>
      </trkpt>
      <trkpt lat="48.62721938" lon="-1.278451491">
        <ele>18.07</ele>
      </trkpt>
      <trkpt lat="48.626936575" lon="-1.279026269">
        <ele>16.28</ele>
      </trkpt>
      <trkpt lat="48.626512442" lon="-1.27969819">
        <ele>14.5</ele>
      </trkpt>
      <trkpt lat="48.626186072" lon="-1.280177253">
        <ele>12.63</ele>
      </trkpt>
      <trkpt lat="48.626062608" lon="-1.280358477">
        <ele>11.7</ele>
      </trkpt>
      <trkpt lat="48.625672342" lon="-1.280965207">
        <ele>11.26</ele>
      </trkpt>
      <trkpt lat="48.625518933" lon="-1.281223053">
        <ele>11.81</ele>
      </trkpt>
      <trkpt lat="48.625296027" lon="-1.281627838">
        <ele>11.58</ele>
      </trkpt>
      <trkpt lat="48.625215341" lon="-1.281774359">
        <ele>11.58</ele>
      </trkpt>
      <trkpt lat="48.625099033" lon="-1.282009878">
        <ele>10.96</ele>
      </trkpt>
      <trkpt lat="48.624988951" lon="-1.282232785">
        <ele>11.06</ele>
      </trkpt>
      <trkpt lat="48.624933283" lon="-1.282377255">
        <ele>10.41</ele>
      </trkpt>
      <trkpt lat="48.624858973" lon="-1.2825701">
        <ele>10.53</ele>
      </trkpt>
      <trkpt lat="48.624778301" lon="-1.282779452">
        <ele>10.43</ele>
      </trkpt>
      <trkpt lat="48.624651263" lon="-1.2831305">
        <ele>10.65</ele>
      </trkpt>
      <trkpt lat="48.624633442" lon="-1.283203309">
        <ele>10.8</ele>
      </trkpt>
      <trkpt lat="48.624554095" lon="-1.28352748">
        <ele>11.56</ele>
      </trkpt>
      <trkpt lat="48.624416581" lon="-1.284069261">
        <ele>12.54</ele>
      </trkpt>
      <trkpt lat="48.624294634" lon="-1.28472918">
        <ele>13.85</ele>
      </trkpt>
      <trkpt lat="48.624149547" lon="-1.28565624">
        <ele>14.68</ele>
      </trkpt>
      <trkpt lat="48.624010393" lon="-1.286593311">
        <ele>15.44</ele>
      </trkpt>
      <trkpt lat="48.623892129" lon="-1.287450546">
        <ele>15.74</ele>
      </trkpt>
      <trkpt lat="48.623825311" lon="-1.28787989">
        <ele>15.51</ele>
      </trkpt>
      <trkpt lat="48.623699911" lon="-1.288684904">
        <ele>15.04</ele>
      </trkpt>
      <trkpt lat="48.62352245" lon="-1.289859319">
        <ele>14.86</ele>
      </trkpt>
      <trkpt lat="48.623450289" lon="-1.29048661">
        <ele>14.69</ele>
      </trkpt>
      <trkpt lat="48.62343793" lon="-1.290639526">
        <ele>14.6</ele>
      </trkpt>
      <trkpt lat="48.623414505" lon="-1.290929363">
        <ele>14.71</ele>
      </trkpt>
      <trkpt lat="48.623412549" lon="-1.291159468">
        <ele>14.81</ele>
      </trkpt>
      <trkpt lat="48.623410614" lon="-1.291386973">
        <ele>14.94</ele>
      </trkpt>
      <trkpt lat="48.623426705" lon="-1.29181496">
        <ele>14.83</ele>
      </trkpt>
      <trkpt lat="48.623456004" lon="-1.292351379">
        <ele>14.74</ele>
      </trkpt>
      <trkpt lat="48.623514592" lon="-1.293099464">
        <ele>14.72</ele>
      </trkpt>
      <trkpt lat="48.623594021" lon="-1.293694359">
        <ele>14.46</ele>
      </trkpt>
      <trkpt lat="48.623676634" lon="-1.294076176">
        <ele>14.78</ele>
      </trkpt>
      <trkpt lat="48.623676634" lon="-1.294076176">
        <ele>14.78</ele>
      </trkpt>
      <trkpt lat="48.623825761" lon="-1.294811326">
        <ele>13.12</ele>
      </trkpt>
      <trkpt lat="48.624312645" lon="-1.297020035">
        <ele>11.68</ele>
      </trkpt>
      <trkpt lat="48.624371997" lon="-1.297306305">
        <ele>10.71</ele>
      </trkpt>
      <trkpt lat="48.624412384" lon="-1.297501104">
        <ele>10.51</ele>
      </trkpt>
      <trkpt lat="48.624422347" lon="-1.297549482">
        <ele>9.79</ele>
      </trkpt>
      <trkpt lat="48.624870276" lon="-1.299638175">
        <ele>10.06</ele>
      </trkpt>
      <trkpt lat="48.62531739" lon="-1.301673852">
        <ele>10.32</ele>
      </trkpt>
      <trkpt lat="48.625724163" lon="-1.303578498">
        <ele>11.05</ele>
      </trkpt>
      <trkpt lat="48.626081445" lon="-1.305231791">
        <ele>10.56</ele>
      </trkpt>
      <trkpt lat="48.626468779" lon="-1.307024833">
        <ele>12.2</ele>
      </trkpt>
      <trkpt lat="48.626790983" lon="-1.308501346">
        <ele>12.96</ele>
      </trkpt>
      <trkpt lat="48.626962847" lon="-1.309352605">
        <ele>13.77</ele>
      </trkpt>
      <trkpt lat="48.627027954" lon="-1.309669164">
        <ele>13.73</ele>
      </trkpt>
      <trkpt lat="48.627350382" lon="-1.311163396">
        <ele>15.03</ele>
      </trkpt>
      <trkpt lat="48.627441443" lon="-1.311584019">
        <ele>15.9</ele>
      </trkpt>
      <trkpt lat="48.62756497" lon="-1.312152733">
        <ele>16.54</ele>
      </trkpt>
      <trkpt lat="48.627885627" lon="-1.313669953">
        <ele>17.55</ele>
      </trkpt>
      <trkpt lat="48.628186983" lon="-1.315048335">
        <ele>19.02</ele>
      </trkpt>
      <trkpt lat="48.628468313" lon="-1.316332682">
        <ele>20.27</ele>
      </trkpt>
      <trkpt lat="48.628795754" lon="-1.317934773">
        <ele>20.63</ele>
      </trkpt>
      <trkpt lat="48.628854228" lon="-1.318199519">
        <ele>21.22</ele>
      </trkpt>
      <trkpt lat="48.628901471" lon="-1.318413413">
        <ele>21.22</ele>
      </trkpt>
      <trkpt lat="48.629211236" lon="-1.31981595">
        <ele>20.97</ele>
      </trkpt>
      <trkpt lat="48.629575612" lon="-1.321540741">
        <ele>21.07</ele>
      </trkpt>
      <trkpt lat="48.629872905" lon="-1.32285502">
        <ele>21.07</ele>
      </trkpt>
      <trkpt lat="48.630108575" lon="-1.324005212">
        <ele>21.29</ele>
      </trkpt>
      <trkpt lat="48.630487176" lon="-1.325758414">
        <ele>21.64</ele>
      </trkpt>
      <trkpt lat="48.630853756" lon="-1.327469887">
        <ele>21.39</ele>
      </trkpt>
      <trkpt lat="48.631227671" lon="-1.329226833">
        <ele>19.68</ele>
      </trkpt>
      <trkpt lat="48.631558413" lon="-1.330783173">
        <ele>18.58</ele>
      </trkpt>
      <trkpt lat="48.631794084" lon="-1.33191223">
        <ele>17.31</ele>
      </trkpt>
      <trkpt lat="48.631858343" lon="-1.332220091">
        <ele>16.43</ele>
      </trkpt>
      <trkpt lat="48.631889743" lon="-1.332327997">
        <ele>16.56</ele>
      </trkpt>
      <trkpt lat="48.632023284" lon="-1.3327869">
        <ele>17.32</ele>
      </trkpt>
      <trkpt lat="48.632177612" lon="-1.333645043">
        <ele>17.82</ele>
      </trkpt>
      <trkpt lat="48.632310563" lon="-1.334323381">
        <ele>18.44</ele>
      </trkpt>
      <trkpt lat="48.632320155" lon="-1.334379319">
        <ele>18.9</ele>
      </trkpt>
      <trkpt lat="48.63239352" lon="-1.334807157">
        <ele>19.08</ele>
      </trkpt>
      <trkpt lat="48.632404182" lon="-1.334869335">
        <ele>19.49</ele>
      </trkpt>
      <trkpt lat="48.632434666" lon="-1.335299159">
        <ele>19.85</ele>
      </trkpt>
      <trkpt lat="48.632442807" lon="-1.335413964">
        <ele>19.89</ele>
      </trkpt>
      <trkpt lat="48.632442869" lon="-1.335414826">
        <ele>20.28</ele>
      </trkpt>
      <trkpt lat="48.632467426" lon="-1.335952343">
        <ele>20.78</ele>
      </trkpt>
      <trkpt lat="48.632459845" lon="-1.336481762">
        <ele>20.99</ele>
      </trkpt>
      <trkpt lat="48.632411086" lon="-1.337226587">
        <ele>20.67</ele>
      </trkpt>
      <trkpt lat="48.632279255" lon="-1.338544838">
        <ele>20.46</ele>
      </trkpt>
      <trkpt lat="48.632163182" lon="-1.33945532">
        <ele>19.77</ele>
      </trkpt>
      <trkpt lat="48.632159317" lon="-1.33948281">
        <ele>18.81</ele>
      </trkpt>
      <trkpt lat="48.632110873" lon="-1.33982744">
        <ele>18.64</ele>
      </trkpt>
      <trkpt lat="48.632099101" lon="-1.339977327">
        <ele>19.11</ele>
      </trkpt>
      <trkpt lat="48.632082862" lon="-1.340171055">
        <ele>19.68</ele>
      </trkpt>
      <trkpt lat="48.632065614" lon="-1.340376843">
        <ele>20.32</ele>
      </trkpt>
      <trkpt lat="48.632049261" lon="-1.340553522">
        <ele>21.03</ele>
      </trkpt>
      <trkpt lat="48.632039527" lon="-1.340675074">
        <ele>21.08</ele>
      </trkpt>
      <trkpt lat="48.63203272" lon="-1.340760084">
        <ele>21.19</ele>
      </trkpt>
      <trkpt lat="48.632035365" lon="-1.340951332">
        <ele>21.13</ele>
      </trkpt>
      <trkpt lat="48.632036221" lon="-1.341013258">
        <ele>20.43</ele>
      </trkpt>
      <trkpt lat="48.632038911" lon="-1.341207746">
        <ele>19.5</ele>
      </trkpt>
      <trkpt lat="48.632052877" lon="-1.341491591">
        <ele>18.44</ele>
      </trkpt>
      <trkpt lat="48.632071687" lon="-1.34174453">
        <ele>17.32</ele>
      </trkpt>
      <trkpt lat="48.632095181" lon="-1.342060494">
        <ele>16.11</ele>
      </trkpt>
      <trkpt lat="48.632196284" lon="-1.34269678">
        <ele>15.04</ele>
      </trkpt>
      <trkpt lat="48.632353157" lon="-1.343458684">
        <ele>14.23</ele>
      </trkpt>
      <trkpt lat="48.632510576" lon="-1.344037679">
        <ele>13.69</ele>
      </trkpt>
      <trkpt lat="48.632542183" lon="-1.344153935">
        <ele>12.55</ele>
      </trkpt>
      <trkpt lat="48.632593439" lon="-1.344290046">
        <ele>11.78</ele>
      </trkpt>
      <trkpt lat="48.632612073" lon="-1.344367344">
        <ele>11.36</ele>
      </trkpt>
      <trkpt lat="48.632675599" lon="-1.344620846">
        <ele>10.91</ele>
      </trkpt>
      <trkpt lat="48.632712223" lon="-1.344762894">
        <ele>10.4</ele>
      </trkpt>
      <trkpt lat="48.632727207" lon="-1.34481904">
        <ele>10.35</ele>
      </trkpt>
      <trkpt lat="48.632739974" lon="-1.344882887">
        <ele>10.07</ele>
      </trkpt>
      <trkpt lat="48.632756297" lon="-1.344935172">
        <ele>9.99</ele>
      </trkpt>
      <trkpt lat="48.632780554" lon="-1.345002794">
        <ele>9.92</ele>
      </trkpt>
      <trkpt lat="48.63280155" lon="-1.345095248">
        <ele>9.52</ele>
      </trkpt>
      <trkpt lat="48.632802116" lon="-1.345126959">
        <ele>9.1</ele>
      </trkpt>
      <trkpt lat="48.632742815" lon="-1.345194203">
        <ele>8.75</ele>
      </trkpt>
      <trkpt lat="48.632631048" lon="-1.34524827">
        <ele>8.5</ele>
      </trkpt>
      <trkpt lat="48.632523772" lon="-1.345300166">
        <ele>8.19</ele>
      </trkpt>
      <trkpt lat="48.632385695" lon="-1.345366961">
        <ele>8.28</ele>
      </trkpt>
      <trkpt lat="48.632254587" lon="-1.345431405">
        <ele>8.43</ele>
      </trkpt>
      <trkpt lat="48.632155784" lon="-1.345510709">
        <ele>8.35</ele>
      </trkpt>
      <trkpt lat="48.632116132" lon="-1.345558755">
        <ele>8.19</ele>
      </trkpt>
      <trkpt lat="48.632065262" lon="-1.345639044">
        <ele>8.13</ele>
      </trkpt>
      <trkpt lat="48.631944122" lon="-1.345823328">
        <ele>8.03</ele>
      </trkpt>
      <trkpt lat="48.631689853" lon="-1.346186682">
        <ele>7.85</ele>
      </trkpt>
      <trkpt lat="48.631505556" lon="-1.346512958">
        <ele>7.83</ele>
      </trkpt>
      <trkpt lat="48.631443911" lon="-1.346682995">
        <ele>7.83</ele>
      </trkpt>
      <trkpt lat="48.631428148" lon="-1.346726474">
        <ele>7.74</ele>
      </trkpt>
      <trkpt lat="48.631387162" lon="-1.346987026">
        <ele>7.59</ele>
      </trkpt>
      <trkpt lat="48.63132428" lon="-1.347348675">
        <ele>7.56</ele>
      </trkpt>
      <trkpt lat="48.631257662" lon="-1.347783519">
        <ele>7.86</ele>
      </trkpt>
      <trkpt lat="48.631152526" lon="-1.348457274">
        <ele>8.45</ele>
      </trkpt>
      <trkpt lat="48.631156229" lon="-1.348713121">
        <ele>8.64</ele>
      </trkpt>
      <trkpt lat="48.631161692" lon="-1.34894461">
        <ele>8.99</ele>
      </trkpt>
      <trkpt lat="48.631178118" lon="-1.349320533">
        <ele>9.53</ele>
      </trkpt>
      <trkpt lat="48.631191336" lon="-1.349720693">
        <ele>9.72</ele>
      </trkpt>
      <trkpt lat="48.631199765" lon="-1.349997936">
        <ele>9.89</ele>
      </trkpt>
      <trkpt lat="48.631205255" lon="-1.350101659">
        <ele>9.87</ele>
      </trkpt>
      <trkpt lat="48.631245372" lon="-1.350178508">
        <ele>9.48</ele>
      </trkpt>
      <trkpt lat="48.631311734" lon="-1.350362557">
        <ele>9.47</ele>
      </trkpt>
      <trkpt lat="48.631318277" lon="-1.350500935">
        <ele>9.63</ele>
      </trkpt>
      <trkpt lat="48.63131072" lon="-1.35061461">
        <ele>9.4</ele>
      </trkpt>
      <trkpt lat="48.631323429" lon="-1.351045077">
        <ele>9.56</ele>
      </trkpt>
      <trkpt lat="48.631319958" lon="-1.351100423">
        <ele>9.78</ele>
      </trkpt>
      <trkpt lat="48.631284281" lon="-1.351212746">
        <ele>9.76</ele>
      </trkpt>
      <trkpt lat="48.631275556" lon="-1.351298552">
        <ele>9.5</ele>
      </trkpt>
      <trkpt lat="48.63127533" lon="-1.351914754">
        <ele>9.19</ele>
      </trkpt>
      <trkpt lat="48.631274815" lon="-1.351964171">
        <ele>8.98</ele>
      </trkpt>
      <trkpt lat="48.631312596" lon="-1.352047819">
        <ele>9.11</ele>
      </trkpt>
      <trkpt lat="48.631331715" lon="-1.352119547">
        <ele>8.96</ele>
      </trkpt>
      <trkpt lat="48.631411172" lon="-1.352552128">
        <ele>8.92</ele>
      </trkpt>
      <trkpt lat="48.631462317" lon="-1.352758244">
        <ele>9.07</ele>
      </trkpt>
      <trkpt lat="48.631504093" lon="-1.352830907">
        <ele>9.4</ele>
      </trkpt>
      <trkpt lat="48.631682205" lon="-1.353117065">
        <ele>9.69</ele>
      </trkpt>
      <trkpt lat="48.631761234" lon="-1.353254734">
        <ele>10.27</ele>
      </trkpt>
      <trkpt lat="48.631802694" lon="-1.353367346">
        <ele>10.99</ele>
      </trkpt>
      <trkpt lat="48.631862002" lon="-1.353548733">
        <ele>12.01</ele>
      </trkpt>
      <trkpt lat="48.631897788" lon="-1.353735306">
        <ele>12.62</ele>
      </trkpt>
      <trkpt lat="48.631912559" lon="-1.353971213">
        <ele>12.63</ele>
      </trkpt>
      <trkpt lat="48.631931807" lon="-1.354259648">
        <ele>12.46</ele>
      </trkpt>
      <trkpt lat="48.632015247" lon="-1.354326309">
        <ele>11.47</ele>
      </trkpt>
      <trkpt lat="48.632055099" lon="-1.354373412">
        <ele>10.06</ele>
      </trkpt>
      <trkpt lat="48.632105665" lon="-1.354458109">
        <ele>9.5</ele>
      </trkpt>
      <trkpt lat="48.632199635" lon="-1.354618153">
        <ele>8.84</ele>
      </trkpt>
      <trkpt lat="48.632330404" lon="-1.35485939">
        <ele>7.97</ele>
      </trkpt>
      <trkpt lat="48.632377299" lon="-1.354935476">
        <ele>7.78</ele>
      </trkpt>
      <trkpt lat="48.632414865" lon="-1.354984136">
        <ele>7.68</ele>
      </trkpt>
      <trkpt lat="48.632490624" lon="-1.35503767">
        <ele>7.06</ele>
      </trkpt>
      <trkpt lat="48.632556537" lon="-1.355092672">
        <ele>7.04</ele>
      </trkpt>
      <trkpt lat="48.632616709" lon="-1.355169665">
        <ele>8.29</ele>
      </trkpt>
      <trkpt lat="48.632740865" lon="-1.355391621">
        <ele>9.35</ele>
      </trkpt>
      <trkpt lat="48.632896998" lon="-1.355758528">
        <ele>10.07</ele>
      </trkpt>
      <trkpt lat="48.633004479" lon="-1.356048622">
        <ele>10.34</ele>
      </trkpt>
      <trkpt lat="48.633045408" lon="-1.356201859">
        <ele>11.45</ele>
      </trkpt>
      <trkpt lat="48.633056759" lon="-1.356369572">
        <ele>10.96</ele>
      </trkpt>
      <trkpt lat="48.633163264" lon="-1.356847208">
        <ele>10.08</ele>
      </trkpt>
      <trkpt lat="48.633218376" lon="-1.356997363">
        <ele>10.97</ele>
      </trkpt>
      <trkpt lat="48.633302234" lon="-1.357191328">
        <ele>12.41</ele>
      </trkpt>
      <trkpt lat="48.63337075" lon="-1.35730898">
        <ele>11.4</ele>
      </trkpt>
      <trkpt lat="48.633465793" lon="-1.357448825">
        <ele>12.32</ele>
      </trkpt>
      <trkpt lat="48.633538234" lon="-1.357569879">
        <ele>13.06</ele>
      </trkpt>
      <trkpt lat="48.633620942" lon="-1.357740792">
        <ele>12.95</ele>
      </trkpt>
      <trkpt lat="48.633774288" lon="-1.358258096">
        <ele>13.31</ele>
      </trkpt>
      <trkpt lat="48.633921192" lon="-1.358651842">
        <ele>14.97</ele>
      </trkpt>
      <trkpt lat="48.634023083" lon="-1.359022443">
        <ele>14.34</ele>
      </trkpt>
      <trkpt lat="48.634135741" lon="-1.359426693">
        <ele>15.61</ele>
      </trkpt>
      <trkpt lat="48.634199221" lon="-1.359695944">
        <ele>16.72</ele>
      </trkpt>
      <trkpt lat="48.634265506" lon="-1.360059808">
        <ele>17.26</ele>
      </trkpt>
      <trkpt lat="48.634287062" lon="-1.36020928">
        <ele>17.96</ele>
      </trkpt>
      <trkpt lat="48.63429163" lon="-1.360288877">
        <ele>19.55</ele>
      </trkpt>
      <trkpt lat="48.634283699" lon="-1.360414274">
        <ele>19.57</ele>
      </trkpt>
      <trkpt lat="48.634256418" lon="-1.360750433">
        <ele>19.39</ele>
      </trkpt>
      <trkpt lat="48.634248791" lon="-1.361002545">
        <ele>19.12</ele>
      </trkpt>
      <trkpt lat="48.634247835" lon="-1.361313568">
        <ele>18.89</ele>
      </trkpt>
      <trkpt lat="48.634251666" lon="-1.361808421">
        <ele>19.83</ele>
      </trkpt>
      <trkpt lat="48.634262872" lon="-1.362568221">
        <ele>21.01</ele>
      </trkpt>
      <trkpt lat="48.634265383" lon="-1.36275437">
        <ele>20.87</ele>
      </trkpt>
      <trkpt lat="48.634283398" lon="-1.362923403">
        <ele>21.27</ele>
      </trkpt>
      <trkpt lat="48.634324032" lon="-1.363255278">
        <ele>20.5</ele>
      </trkpt>
      <trkpt lat="48.634387735" lon="-1.363586158">
        <ele>18.1</ele>
      </trkpt>
      <trkpt lat="48.63444604" lon="-1.363782782">
        <ele>15.11</ele>
      </trkpt>
      <trkpt lat="48.634579286" lon="-1.364191663">
        <ele>12.85</ele>
      </trkpt>
      <trkpt lat="48.634695147" lon="-1.364511397">
        <ele>10.06</ele>
      </trkpt>
      <trkpt lat="48.634921945" lon="-1.364975203">
        <ele>8.55</ele>
      </trkpt>
      <trkpt lat="48.635058495" lon="-1.365197651">
        <ele>7.37</ele>
      </trkpt>
      <trkpt lat="48.63518744" lon="-1.365329783">
        <ele>6.79</ele>
      </trkpt>
      <trkpt lat="48.635322131" lon="-1.365456159">
        <ele>6.97</ele>
      </trkpt>
      <trkpt lat="48.635466586" lon="-1.365596365">
        <ele>7.02</ele>
      </trkpt>
      <trkpt lat="48.635674549" lon="-1.365763327">
        <ele>7.31</ele>
      </trkpt>
      <trkpt lat="48.635802306" lon="-1.365893912">
        <ele>7.24</ele>
      </trkpt>
      <trkpt lat="48.636435218" lon="-1.366578225">
        <ele>7.8</ele>
      </trkpt>
      <trkpt lat="48.636634451" lon="-1.366781075">
        <ele>7.43</ele>
      </trkpt>
      <trkpt lat="48.636779382" lon="-1.36690226">
        <ele>7.28</ele>
      </trkpt>
      <trkpt lat="48.63686236" lon="-1.366732647">
        <ele>7</ele>
      </trkpt>
      <trkpt lat="48.637072891" lon="-1.366862238">
        <ele>7.03</ele>
      </trkpt>
      <trkpt lat="48.637117729" lon="-1.367193812">
        <ele>6.99</ele>
      </trkpt>
      <trkpt lat="48.637129205" lon="-1.36729774">
        <ele>7.3</ele>
      </trkpt>
      <trkpt lat="48.637328576" lon="-1.367560568">
        <ele>7.67</ele>
      </trkpt>
      <trkpt lat="48.637735187" lon="-1.368096608">
        <ele>7.87</ele>
      </trkpt>
      <trkpt lat="48.637839824" lon="-1.367845803">
        <ele>7.98</ele>
      </trkpt>
      <trkpt lat="48.637872332" lon="-1.367789239">
        <ele>7.68</ele>
      </trkpt>
      <trkpt lat="48.637907492" lon="-1.367751571">
        <ele>7.28</ele>
      </trkpt>
      <trkpt lat="48.637939765" lon="-1.367730621">
        <ele>6.85</ele>
      </trkpt>
      <trkpt lat="48.63797514" lon="-1.367716727">
        <ele>6.47</ele>
      </trkpt>
      <trkpt lat="48.638030295" lon="-1.367714733">
        <ele>6.39</ele>
      </trkpt>
      <trkpt lat="48.638122356" lon="-1.367717643">
        <ele>6.21</ele>
      </trkpt>
      <trkpt lat="48.638605593" lon="-1.367806426">
        <ele>6.61</ele>
      </trkpt>
      <trkpt lat="48.638772503" lon="-1.367840136">
        <ele>6.79</ele>
      </trkpt>
      <trkpt lat="48.639582134" lon="-1.368065605">
        <ele>6.92</ele>
      </trkpt>
      <trkpt lat="48.639727217" lon="-1.368097732">
        <ele>7.01</ele>
      </trkpt>
      <trkpt lat="48.639878075" lon="-1.368127401">
        <ele>7.15</ele>
      </trkpt>
      <trkpt lat="48.640105908" lon="-1.368151935">
        <ele>7</ele>
      </trkpt>
      <trkpt lat="48.640283856" lon="-1.368169767">
        <ele>7.18</ele>
      </trkpt>
      <trkpt lat="48.640525095" lon="-1.368211358">
        <ele>7.16</ele>
      </trkpt>
      <trkpt lat="48.640618677" lon="-1.368237339">
        <ele>7.07</ele>
      </trkpt>
      <trkpt lat="48.640699798" lon="-1.368280083">
        <ele>7.15</ele>
      </trkpt>
      <trkpt lat="48.640757354" lon="-1.36832078">
        <ele>7.28</ele>
      </trkpt>
      <trkpt lat="48.640817026" lon="-1.368409252">
        <ele>7.34</ele>
      </trkpt>
      <trkpt lat="48.64086805" lon="-1.368517792">
        <ele>7.64</ele>
      </trkpt>
      <trkpt lat="48.640943891" lon="-1.368750444">
        <ele>7.77</ele>
      </trkpt>
      <trkpt lat="48.641018373" lon="-1.369018672">
        <ele>7.47</ele>
      </trkpt>
      <trkpt lat="48.641146526" lon="-1.3695325">
        <ele>7.36</ele>
      </trkpt>
      <trkpt lat="48.641282781" lon="-1.370179234">
        <ele>7.19</ele>
      </trkpt>
      <trkpt lat="48.641330089" lon="-1.37036861">
        <ele>7.05</ele>
      </trkpt>
      <trkpt lat="48.641373028" lon="-1.370519375">
        <ele>6.71</ele>
      </trkpt>
      <trkpt lat="48.641435755" lon="-1.370713033">
        <ele>6.92</ele>
      </trkpt>
      <trkpt lat="48.641560274" lon="-1.371073801">
        <ele>6.85</ele>
      </trkpt>
      <trkpt lat="48.641619901" lon="-1.371246604">
        <ele>6.84</ele>
      </trkpt>
      <trkpt lat="48.641648053" lon="-1.371325509">
        <ele>6.95</ele>
      </trkpt>
      <trkpt lat="48.641703163" lon="-1.371565556">
        <ele>7.18</ele>
      </trkpt>
      <trkpt lat="48.641745914" lon="-1.371772181">
        <ele>7.47</ele>
      </trkpt>
      <trkpt lat="48.6418406" lon="-1.372250927">
        <ele>7.82</ele>
      </trkpt>
      <trkpt lat="48.641934849" lon="-1.372624037">
        <ele>7.78</ele>
      </trkpt>
      <trkpt lat="48.642020627" lon="-1.372895946">
        <ele>8.05</ele>
      </trkpt>
      <trkpt lat="48.642090442" lon="-1.373091281">
        <ele>8.44</ele>
      </trkpt>
      <trkpt lat="48.642205943" lon="-1.373394297">
        <ele>8.29</ele>
      </trkpt>
      <trkpt lat="48.642267265" lon="-1.373542228">
        <ele>8.26</ele>
      </trkpt>
      <trkpt lat="48.642339217" lon="-1.373771454">
        <ele>8.57</ele>
      </trkpt>
      <trkpt lat="48.642413689" lon="-1.374015656">
        <ele>8.38</ele>
      </trkpt>
      <trkpt lat="48.642463108" lon="-1.374227959">
        <ele>8.14</ele>
      </trkpt>
      <trkpt lat="48.642526976" lon="-1.374537521">
        <ele>8.29</ele>
      </trkpt>
      <trkpt lat="48.642582776" lon="-1.374860097">
        <ele>8.37</ele>
      </trkpt>
      <trkpt lat="48.64260329" lon="-1.374996742">
        <ele>8.56</ele>
      </trkpt>
      <trkpt lat="48.642613735" lon="-1.375079938">
        <ele>8.82</ele>
      </trkpt>
      <trkpt lat="48.642615562" lon="-1.375150955">
        <ele>9.27</ele>
      </trkpt>
      <trkpt lat="48.642608683" lon="-1.375212071">
        <ele>9.52</ele>
      </trkpt>
      <trkpt lat="48.642592489" lon="-1.375279234">
        <ele>9.62</ele>
      </trkpt>
      <trkpt lat="48.642550031" lon="-1.375360109">
        <ele>9.76</ele>
      </trkpt>
      <trkpt lat="48.642477219" lon="-1.375442914">
        <ele>10.5</ele>
      </trkpt>
      <trkpt lat="48.642289865" lon="-1.375591174">
        <ele>11.04</ele>
      </trkpt>
      <trkpt lat="48.642020441" lon="-1.375787144">
        <ele>11.49</ele>
      </trkpt>
      <trkpt lat="48.641940442" lon="-1.375858377">
        <ele>12.38</ele>
      </trkpt>
      <trkpt lat="48.641858372" lon="-1.375963323">
        <ele>13.47</ele>
      </trkpt>
      <trkpt lat="48.641787139" lon="-1.376083583">
        <ele>14.38</ele>
      </trkpt>
      <trkpt lat="48.641677369" lon="-1.376315451">
        <ele>15.37</ele>
      </trkpt>
      <trkpt lat="48.641304263" lon="-1.377110704">
        <ele>16.49</ele>
      </trkpt>
      <trkpt lat="48.641185368" lon="-1.377357541">
        <ele>17.19</ele>
      </trkpt>
      <trkpt lat="48.641113206" lon="-1.377503164">
        <ele>17.46</ele>
      </trkpt>
      <trkpt lat="48.640995377" lon="-1.377720764">
        <ele>17.37</ele>
      </trkpt>
      <trkpt lat="48.64090024" lon="-1.377886725">
        <ele>17.07</ele>
      </trkpt>
      <trkpt lat="48.640771634" lon="-1.378076577">
        <ele>16.63</ele>
      </trkpt>
      <trkpt lat="48.640554274" lon="-1.378381562">
        <ele>16.06</ele>
      </trkpt>
      <trkpt lat="48.640299301" lon="-1.378741349">
        <ele>15.63</ele>
      </trkpt>
      <trkpt lat="48.640083946" lon="-1.379050155">
        <ele>14.75</ele>
      </trkpt>
      <trkpt lat="48.639979119" lon="-1.37921237">
        <ele>14.34</ele>
      </trkpt>
      <trkpt lat="48.639813832" lon="-1.379495722">
        <ele>13.53</ele>
      </trkpt>
      <trkpt lat="48.639636238" lon="-1.379808897">
        <ele>13.13</ele>
      </trkpt>
      <trkpt lat="48.63952244" lon="-1.380042151">
        <ele>12.37</ele>
      </trkpt>
      <trkpt lat="48.639650655" lon="-1.380186244">
        <ele>12.06</ele>
      </trkpt>
      <trkpt lat="48.639777794" lon="-1.380436343">
        <ele>11.59</ele>
      </trkpt>
      <trkpt lat="48.639838175" lon="-1.380663004">
        <ele>10.83</ele>
      </trkpt>
      <trkpt lat="48.639892538" lon="-1.381081458">
        <ele>9.97</ele>
      </trkpt>
      <trkpt lat="48.640134779" lon="-1.383183512">
        <ele>9.27</ele>
      </trkpt>
      <trkpt lat="48.640222306" lon="-1.383835181">
        <ele>8.52</ele>
      </trkpt>
      <trkpt lat="48.640293532" lon="-1.384074505">
        <ele>7.77</ele>
      </trkpt>
      <trkpt lat="48.640349752" lon="-1.384218555">
        <ele>7.83</ele>
      </trkpt>
      <trkpt lat="48.640547396" lon="-1.384515718">
        <ele>7.73</ele>
      </trkpt>
      <trkpt lat="48.640689637" lon="-1.384695575">
        <ele>7.62</ele>
      </trkpt>
      <trkpt lat="48.64087087" lon="-1.384913626">
        <ele>7.84</ele>
      </trkpt>
      <trkpt lat="48.641064616" lon="-1.385131415">
        <ele>7.76</ele>
      </trkpt>
      <trkpt lat="48.641234561" lon="-1.385338746">
        <ele>7.97</ele>
      </trkpt>
      <trkpt lat="48.641372277" lon="-1.385511185">
        <ele>7.67</ele>
      </trkpt>
      <trkpt lat="48.641609489" lon="-1.385795672">
        <ele>8.16</ele>
      </trkpt>
      <trkpt lat="48.641816506" lon="-1.386058294">
        <ele>7.78</ele>
      </trkpt>
      <trkpt lat="48.642026569" lon="-1.386323554">
        <ele>8.37</ele>
      </trkpt>
      <trkpt lat="48.642177572" lon="-1.386529059">
        <ele>8</ele>
      </trkpt>
      <trkpt lat="48.642317873" lon="-1.386726501">
        <ele>8.26</ele>
      </trkpt>
      <trkpt lat="48.642375883" lon="-1.386835407">
        <ele>7.92</ele>
      </trkpt>
      <trkpt lat="48.642437163" lon="-1.386838268">
        <ele>8.99</ele>
      </trkpt>
      <trkpt lat="48.642469375" lon="-1.386876263">
        <ele>8.43</ele>
      </trkpt>
      <trkpt lat="48.642605632" lon="-1.387105103">
        <ele>9.67</ele>
      </trkpt>
      <trkpt lat="48.642723649" lon="-1.387303042">
        <ele>10.95</ele>
      </trkpt>
      <trkpt lat="48.642796827" lon="-1.387420835">
        <ele>11.2</ele>
      </trkpt>
      <trkpt lat="48.642893234" lon="-1.387540661">
        <ele>10.59</ele>
      </trkpt>
      <trkpt lat="48.642980981" lon="-1.387649953">
        <ele>12.32</ele>
      </trkpt>
      <trkpt lat="48.643068902" lon="-1.387759599">
        <ele>11.67</ele>
      </trkpt>
      <trkpt lat="48.643162007" lon="-1.387866259">
        <ele>11.13</ele>
      </trkpt>
      <trkpt lat="48.64322959" lon="-1.387957559">
        <ele>12.07</ele>
      </trkpt>
      <trkpt lat="48.643287134" lon="-1.388051059">
        <ele>14.06</ele>
      </trkpt>
      <trkpt lat="48.643375689" lon="-1.388203187">
        <ele>14.57</ele>
      </trkpt>
      <trkpt lat="48.643412356" lon="-1.388244894">
        <ele>15.81</ele>
      </trkpt>
      <trkpt lat="48.643451031" lon="-1.388267528">
        <ele>16.87</ele>
      </trkpt>
      <trkpt lat="48.643497847" lon="-1.388277389">
        <ele>17.5</ele>
      </trkpt>
      <trkpt lat="48.643590283" lon="-1.388295089">
        <ele>15.36</ele>
      </trkpt>
      <trkpt lat="48.643653186" lon="-1.388317913">
        <ele>13.55</ele>
      </trkpt>
      <trkpt lat="48.643788884" lon="-1.388375259">
        <ele>12.6</ele>
      </trkpt>
      <trkpt lat="48.643862011" lon="-1.388414858">
        <ele>11.76</ele>
      </trkpt>
      <trkpt lat="48.643936991" lon="-1.388467656">
        <ele>10.97</ele>
      </trkpt>
      <trkpt lat="48.643987689" lon="-1.388518341">
        <ele>10.54</ele>
      </trkpt>
      <trkpt lat="48.644022903" lon="-1.388565812">
        <ele>11</ele>
      </trkpt>
      <trkpt lat="48.644059879" lon="-1.388628483">
        <ele>11.11</ele>
      </trkpt>
      <trkpt lat="48.644091387" lon="-1.388689634">
        <ele>11.02</ele>
      </trkpt>
      <trkpt lat="48.644123187" lon="-1.388761241">
        <ele>10.81</ele>
      </trkpt>
      <trkpt lat="48.644149805" lon="-1.388841777">
        <ele>11.96</ele>
      </trkpt>
      <trkpt lat="48.644172906" lon="-1.388933185">
        <ele>12.39</ele>
      </trkpt>
      <trkpt lat="48.644194966" lon="-1.389013639">
        <ele>12.88</ele>
      </trkpt>
      <trkpt lat="48.644225733" lon="-1.389115801">
        <ele>13.42</ele>
      </trkpt>
      <trkpt lat="48.644260469" lon="-1.389227463">
        <ele>13.98</ele>
      </trkpt>
      <trkpt lat="48.644283857" lon="-1.38931851">
        <ele>14.39</ele>
      </trkpt>
      <trkpt lat="48.644302675" lon="-1.389415698">
        <ele>13.81</ele>
      </trkpt>
      <trkpt lat="48.644320276" lon="-1.389521945">
        <ele>13.62</ele>
      </trkpt>
      <trkpt lat="48.644348502" lon="-1.389706671">
        <ele>13.25</ele>
      </trkpt>
      <trkpt lat="48.644374862" lon="-1.38991382">
        <ele>12.69</ele>
      </trkpt>
      <trkpt lat="48.644394583" lon="-1.390075506">
        <ele>12.56</ele>
      </trkpt>
      <trkpt lat="48.644417496" lon="-1.390273152">
        <ele>12.81</ele>
      </trkpt>
      <trkpt lat="48.644442659" lon="-1.390491708">
        <ele>12.94</ele>
      </trkpt>
      <trkpt lat="48.644463896" lon="-1.390650041">
        <ele>13.21</ele>
      </trkpt>
      <trkpt lat="48.64450273" lon="-1.390859983">
        <ele>13.64</ele>
      </trkpt>
      <trkpt lat="48.64452721" lon="-1.390995003">
        <ele>13.92</ele>
      </trkpt>
      <trkpt lat="48.644549731" lon="-1.391131297">
        <ele>13.45</ele>
      </trkpt>
      <trkpt lat="48.644576635" lon="-1.391280936">
        <ele>12.3</ele>
      </trkpt>
      <trkpt lat="48.644594518" lon="-1.391402108">
        <ele>12.01</ele>
      </trkpt>
      <trkpt lat="48.644620551" lon="-1.391561633">
        <ele>11.47</ele>
      </trkpt>
      <trkpt lat="48.644640427" lon="-1.391723387">
        <ele>11.18</ele>
      </trkpt>
      <trkpt lat="48.644652791" lon="-1.39186163">
        <ele>11.54</ele>
      </trkpt>
      <trkpt lat="48.644666643" lon="-1.392001408">
        <ele>12.21</ele>
      </trkpt>
      <trkpt lat="48.644662073" lon="-1.392153825">
        <ele>11.92</ele>
      </trkpt>
      <trkpt lat="48.644651411" lon="-1.392231241">
        <ele>12.21</ele>
      </trkpt>
      <trkpt lat="48.644628884" lon="-1.39233531">
        <ele>12.03</ele>
      </trkpt>
      <trkpt lat="48.644603809" lon="-1.392448364">
        <ele>12.21</ele>
      </trkpt>
      <trkpt lat="48.644587391" lon="-1.392532295">
        <ele>12.4</ele>
      </trkpt>
      <trkpt lat="48.644574975" lon="-1.392647654">
        <ele>12.6</ele>
      </trkpt>
      <trkpt lat="48.644569044" lon="-1.392774653">
        <ele>12.37</ele>
      </trkpt>
      <trkpt lat="48.64456713" lon="-1.392965259">
        <ele>12.33</ele>
      </trkpt>
      <trkpt lat="48.644562035" lon="-1.393097958">
        <ele>11.87</ele>
      </trkpt>
      <trkpt lat="48.644543785" lon="-1.393258936">
        <ele>11.4</ele>
      </trkpt>
      <trkpt lat="48.644496512" lon="-1.393498665">
        <ele>11.32</ele>
      </trkpt>
      <trkpt lat="48.644471151" lon="-1.39360296">
        <ele>11.31</ele>
      </trkpt>
      <trkpt lat="48.64444378" lon="-1.393658925">
        <ele>11.03</ele>
      </trkpt>
      <trkpt lat="48.644390688" lon="-1.393724226">
        <ele>10.77</ele>
      </trkpt>
      <trkpt lat="48.644380155" lon="-1.393838474">
        <ele>10.73</ele>
      </trkpt>
      <trkpt lat="48.64435853" lon="-1.394038364">
        <ele>10.62</ele>
      </trkpt>
      <trkpt lat="48.644327349" lon="-1.394214617">
        <ele>10.4</ele>
      </trkpt>
      <trkpt lat="48.644299277" lon="-1.394340247">
        <ele>10.25</ele>
      </trkpt>
      <trkpt lat="48.644205383" lon="-1.394726835">
        <ele>10.43</ele>
      </trkpt>
      <trkpt lat="48.644165337" lon="-1.394884998">
        <ele>10.41</ele>
      </trkpt>
      <trkpt lat="48.644133494" lon="-1.394992322">
        <ele>10.08</ele>
      </trkpt>
      <trkpt lat="48.644100787" lon="-1.395084151">
        <ele>10.2</ele>
      </trkpt>
      <trkpt lat="48.644053814" lon="-1.39520557">
        <ele>10.26</ele>
      </trkpt>
      <trkpt lat="48.643997168" lon="-1.395312929">
        <ele>10.21</ele>
      </trkpt>
      <trkpt lat="48.643870701" lon="-1.395528688">
        <ele>10.21</ele>
      </trkpt>
      <trkpt lat="48.64370487" lon="-1.395857726">
        <ele>10.23</ele>
      </trkpt>
      <trkpt lat="48.643653871" lon="-1.395969976">
        <ele>10.02</ele>
      </trkpt>
      <trkpt lat="48.643576183" lon="-1.396106343">
        <ele>9.92</ele>
      </trkpt>
      <trkpt lat="48.643515375" lon="-1.396211575">
        <ele>9.82</ele>
      </trkpt>
      <trkpt lat="48.643437933" lon="-1.396320886">
        <ele>9.78</ele>
      </trkpt>
      <trkpt lat="48.643393785" lon="-1.396384729">
        <ele>9.88</ele>
      </trkpt>
      <trkpt lat="48.643306636" lon="-1.39647749">
        <ele>9.77</ele>
      </trkpt>
      <trkpt lat="48.643225438" lon="-1.39655585">
        <ele>9.7</ele>
      </trkpt>
      <trkpt lat="48.643153712" lon="-1.396621468">
        <ele>9.72</ele>
      </trkpt>
      <trkpt lat="48.643030256" lon="-1.396724909">
        <ele>9.81</ele>
      </trkpt>
      <trkpt lat="48.64294196" lon="-1.396783193">
        <ele>9.99</ele>
      </trkpt>
      <trkpt lat="48.642777292" lon="-1.396892491">
        <ele>10.56</ele>
      </trkpt>
      <trkpt lat="48.642594623" lon="-1.397009531">
        <ele>11.32</ele>
      </trkpt>
      <trkpt lat="48.642503882" lon="-1.397067067">
        <ele>11.37</ele>
      </trkpt>
      <trkpt lat="48.642423309" lon="-1.397113467">
        <ele>11.43</ele>
      </trkpt>
      <trkpt lat="48.64229354" lon="-1.397165347">
        <ele>11.81</ele>
      </trkpt>
      <trkpt lat="48.642255764" lon="-1.397180836">
        <ele>11.09</ele>
      </trkpt>
      <trkpt lat="48.642125231" lon="-1.397277898">
        <ele>10.06</ele>
      </trkpt>
      <trkpt lat="48.641897676" lon="-1.397503083">
        <ele>9.74</ele>
      </trkpt>
      <trkpt lat="48.641727873" lon="-1.397671793">
        <ele>9.11</ele>
      </trkpt>
      <trkpt lat="48.641619548" lon="-1.397784642">
        <ele>7.95</ele>
      </trkpt>
      <trkpt lat="48.641533755" lon="-1.397872503">
        <ele>7.65</ele>
      </trkpt>
      <trkpt lat="48.641473554" lon="-1.397937728">
        <ele>7.46</ele>
      </trkpt>
      <trkpt lat="48.641407004" lon="-1.398025203">
        <ele>7.26</ele>
      </trkpt>
      <trkpt lat="48.641344086" lon="-1.39812543">
        <ele>7.15</ele>
      </trkpt>
      <trkpt lat="48.641231697" lon="-1.39833329">
        <ele>7.17</ele>
      </trkpt>
      <trkpt lat="48.640968873" lon="-1.398809701">
        <ele>7.14</ele>
      </trkpt>
      <trkpt lat="48.640857158" lon="-1.399028514">
        <ele>7.1</ele>
      </trkpt>
      <trkpt lat="48.640777092" lon="-1.399182833">
        <ele>7.05</ele>
      </trkpt>
      <trkpt lat="48.640716427" lon="-1.399325841">
        <ele>7.1</ele>
      </trkpt>
      <trkpt lat="48.640649509" lon="-1.399496927">
        <ele>7.09</ele>
      </trkpt>
      <trkpt lat="48.640551022" lon="-1.399768226">
        <ele>7.12</ele>
      </trkpt>
      <trkpt lat="48.640486476" lon="-1.399968839">
        <ele>7.11</ele>
      </trkpt>
      <trkpt lat="48.640439522" lon="-1.400134238">
        <ele>7.1</ele>
      </trkpt>
      <trkpt lat="48.640399391" lon="-1.400298186">
        <ele>7.16</ele>
      </trkpt>
      <trkpt lat="48.640347813" lon="-1.40050935">
        <ele>7.15</ele>
      </trkpt>
      <trkpt lat="48.640276547" lon="-1.400815561">
        <ele>7.2</ele>
      </trkpt>
      <trkpt lat="48.640214617" lon="-1.401095655">
        <ele>7.23</ele>
      </trkpt>
      <trkpt lat="48.640171539" lon="-1.401287618">
        <ele>7.19</ele>
      </trkpt>
      <trkpt lat="48.640133413" lon="-1.401474621">
        <ele>7.11</ele>
      </trkpt>
      <trkpt lat="48.640090803" lon="-1.401714369">
        <ele>7.12</ele>
      </trkpt>
      <trkpt lat="48.640066419" lon="-1.401886999">
        <ele>7.04</ele>
      </trkpt>
      <trkpt lat="48.640030115" lon="-1.4021629">
        <ele>7.03</ele>
      </trkpt>
      <trkpt lat="48.63999961" lon="-1.402347571">
        <ele>7.01</ele>
      </trkpt>
      <trkpt lat="48.639962272" lon="-1.40252316">
        <ele>6.95</ele>
      </trkpt>
      <trkpt lat="48.639904069" lon="-1.402769051">
        <ele>6.85</ele>
      </trkpt>
      <trkpt lat="48.639847563" lon="-1.402997332">
        <ele>6.77</ele>
      </trkpt>
      <trkpt lat="48.639812412" lon="-1.403146447">
        <ele>6.7</ele>
      </trkpt>
      <trkpt lat="48.639780952" lon="-1.403287012">
        <ele>6.69</ele>
      </trkpt>
      <trkpt lat="48.639747915" lon="-1.403424901">
        <ele>6.74</ele>
      </trkpt>
      <trkpt lat="48.639708793" lon="-1.40361172">
        <ele>6.8</ele>
      </trkpt>
      <trkpt lat="48.639636676" lon="-1.404016245">
        <ele>6.86</ele>
      </trkpt>
      <trkpt lat="48.639600957" lon="-1.404233929">
        <ele>6.95</ele>
      </trkpt>
      <trkpt lat="48.639544368" lon="-1.404648282">
        <ele>7.02</ele>
      </trkpt>
      <trkpt lat="48.63951879" lon="-1.404877855">
        <ele>7.07</ele>
      </trkpt>
      <trkpt lat="48.639484136" lon="-1.405175913">
        <ele>7.07</ele>
      </trkpt>
      <trkpt lat="48.639453561" lon="-1.405475579">
        <ele>7.06</ele>
      </trkpt>
      <trkpt lat="48.639405353" lon="-1.405984897">
        <ele>6.95</ele>
      </trkpt>
      <trkpt lat="48.63936647" lon="-1.406320179">
        <ele>6.99</ele>
      </trkpt>
      <trkpt lat="48.639317264" lon="-1.406734527">
        <ele>7.04</ele>
      </trkpt>
      <trkpt lat="48.639288626" lon="-1.406965649">
        <ele>7.12</ele>
      </trkpt>
      <trkpt lat="48.639207175" lon="-1.407564624">
        <ele>7.13</ele>
      </trkpt>
      <trkpt lat="48.639131378" lon="-1.408144424">
        <ele>7.21</ele>
      </trkpt>
      <trkpt lat="48.639067182" lon="-1.408643093">
        <ele>7.1</ele>
      </trkpt>
      <trkpt lat="48.639013924" lon="-1.409048426">
        <ele>6.9</ele>
      </trkpt>
      <trkpt lat="48.638965047" lon="-1.409382505">
        <ele>6.68</ele>
      </trkpt>
      <trkpt lat="48.638899024" lon="-1.409779306">
        <ele>6.61</ele>
      </trkpt>
      <trkpt lat="48.638810677" lon="-1.410245765">
        <ele>6.54</ele>
      </trkpt>
      <trkpt lat="48.638533876" lon="-1.411661701">
        <ele>6.52</ele>
      </trkpt>
      <trkpt lat="48.638342371" lon="-1.412635178">
        <ele>6.61</ele>
      </trkpt>
      <trkpt lat="48.638129821" lon="-1.413711001">
        <ele>6.75</ele>
      </trkpt>
      <trkpt lat="48.637998531" lon="-1.414352841">
        <ele>6.93</ele>
      </trkpt>
      <trkpt lat="48.637825072" lon="-1.415209611">
        <ele>7.04</ele>
      </trkpt>
      <trkpt lat="48.637771836" lon="-1.415478135">
        <ele>7.16</ele>
      </trkpt>
      <trkpt lat="48.637756392" lon="-1.415572469">
        <ele>7.21</ele>
      </trkpt>
      <trkpt lat="48.637711933" lon="-1.415842597">
        <ele>7.19</ele>
      </trkpt>
      <trkpt lat="48.63770145" lon="-1.415954912">
        <ele>7.19</ele>
      </trkpt>
      <trkpt lat="48.637673059" lon="-1.416315421">
        <ele>7.18</ele>
      </trkpt>
      <trkpt lat="48.637630673" lon="-1.41712812">
        <ele>7.13</ele>
      </trkpt>
      <trkpt lat="48.637607346" lon="-1.417718868">
        <ele>7.17</ele>
      </trkpt>
      <trkpt lat="48.637606255" lon="-1.418069282">
        <ele>6.95</ele>
      </trkpt>
      <trkpt lat="48.637622642" lon="-1.418360726">
        <ele>6.75</ele>
      </trkpt>
      <trkpt lat="48.637653714" lon="-1.418701447">
        <ele>6.72</ele>
      </trkpt>
      <trkpt lat="48.637701953" lon="-1.419026983">
        <ele>6.71</ele>
      </trkpt>
      <trkpt lat="48.637751867" lon="-1.419273392">
        <ele>6.36</ele>
      </trkpt>
      <trkpt lat="48.637851167" lon="-1.419640377">
        <ele>6.62</ele>
      </trkpt>
      <trkpt lat="48.637922506" lon="-1.41986367">
        <ele>6.76</ele>
      </trkpt>
      <trkpt lat="48.637991487" lon="-1.420037964">
        <ele>6.7</ele>
      </trkpt>
      <trkpt lat="48.638158001" lon="-1.420384347">
        <ele>6.59</ele>
      </trkpt>
      <trkpt lat="48.638304381" lon="-1.420629244">
        <ele>6.74</ele>
      </trkpt>
      <trkpt lat="48.638391711" lon="-1.420744881">
        <ele>6.63</ele>
      </trkpt>
      <trkpt lat="48.638458498" lon="-1.420811986">
        <ele>6.29</ele>
      </trkpt>
      <trkpt lat="48.6385758" lon="-1.420925429">
        <ele>6.15</ele>
      </trkpt>
      <trkpt lat="48.63875095" lon="-1.421058934">
        <ele>5.98</ele>
      </trkpt>
      <trkpt lat="48.639056023" lon="-1.421278269">
        <ele>5.91</ele>
      </trkpt>
      <trkpt lat="48.639337694" lon="-1.421481955">
        <ele>5.89</ele>
      </trkpt>
      <trkpt lat="48.639459691" lon="-1.421553445">
        <ele>6.26</ele>
      </trkpt>
      <trkpt lat="48.639573247" lon="-1.421617166">
        <ele>6.4</ele>
      </trkpt>
      <trkpt lat="48.639764719" lon="-1.421711634">
        <ele>6.72</ele>
      </trkpt>
      <trkpt lat="48.639974276" lon="-1.421815649">
        <ele>6.89</ele>
      </trkpt>
      <trkpt lat="48.640106881" lon="-1.42187383">
        <ele>6.91</ele>
      </trkpt>
      <trkpt lat="48.640068202" lon="-1.421975361">
        <ele>6.99</ele>
      </trkpt>
      <trkpt lat="48.640015934" lon="-1.422068705">
        <ele>7.13</ele>
      </trkpt>
      <trkpt lat="48.639947566" lon="-1.422158889">
        <ele>7.47</ele>
      </trkpt>
      <trkpt lat="48.639846274" lon="-1.422291642">
        <ele>7.79</ele>
      </trkpt>
      <trkpt lat="48.639205276" lon="-1.423048176">
        <ele>8.03</ele>
      </trkpt>
      <trkpt lat="48.639130313" lon="-1.423144719">
        <ele>8.35</ele>
      </trkpt>
      <trkpt lat="48.639052763" lon="-1.423262105">
        <ele>8.43</ele>
      </trkpt>
      <trkpt lat="48.639002446" lon="-1.423344497">
        <ele>8.29</ele>
      </trkpt>
      <trkpt lat="48.638960698" lon="-1.423411962">
        <ele>8.3</ele>
      </trkpt>
      <trkpt lat="48.638902982" lon="-1.423528664">
        <ele>8.5</ele>
      </trkpt>
      <trkpt lat="48.638858733" lon="-1.423620139">
        <ele>8.11</ele>
      </trkpt>
      <trkpt lat="48.638826863" lon="-1.42369999">
        <ele>8.04</ele>
      </trkpt>
      <trkpt lat="48.638795654" lon="-1.423780954">
        <ele>7.91</ele>
      </trkpt>
      <trkpt lat="48.638772099" lon="-1.423863654">
        <ele>7.57</ele>
      </trkpt>
      <trkpt lat="48.638758333" lon="-1.423929205">
        <ele>7.21</ele>
      </trkpt>
      <trkpt lat="48.638742924" lon="-1.424018239">
        <ele>7.27</ele>
      </trkpt>
      <trkpt lat="48.638738322" lon="-1.42410537">
        <ele>7.27</ele>
      </trkpt>
      <trkpt lat="48.63873585" lon="-1.424185237">
        <ele>7.25</ele>
      </trkpt>
      <trkpt lat="48.638740354" lon="-1.424345441">
        <ele>7.34</ele>
      </trkpt>
      <trkpt lat="48.638740784" lon="-1.424360744">
        <ele>7.38</ele>
      </trkpt>
      <trkpt lat="48.638737437" lon="-1.424454055">
        <ele>7.27</ele>
      </trkpt>
      <trkpt lat="48.638720033" lon="-1.424523804">
        <ele>7.22</ele>
      </trkpt>
      <trkpt lat="48.638684071" lon="-1.42459308">
        <ele>7.21</ele>
      </trkpt>
      <trkpt lat="48.638631681" lon="-1.424666754">
        <ele>7.14</ele>
      </trkpt>
      <trkpt lat="48.638571984" lon="-1.424729266">
        <ele>7.31</ele>
      </trkpt>
      <trkpt lat="48.638451818" lon="-1.424854228">
        <ele>7.36</ele>
      </trkpt>
      <trkpt lat="48.638120249" lon="-1.425194448">
        <ele>7.61</ele>
      </trkpt>
      <trkpt lat="48.637943921" lon="-1.42538417">
        <ele>7.85</ele>
      </trkpt>
      <trkpt lat="48.637792352" lon="-1.425561411">
        <ele>8.29</ele>
      </trkpt>
      <trkpt lat="48.637624005" lon="-1.42579972">
        <ele>8.48</ele>
      </trkpt>
      <trkpt lat="48.637476063" lon="-1.426005714">
        <ele>8.8</ele>
      </trkpt>
      <trkpt lat="48.637423749" lon="-1.426078414">
        <ele>8.8</ele>
      </trkpt>
      <trkpt lat="48.637400596" lon="-1.42610157">
        <ele>8.74</ele>
      </trkpt>
      <trkpt lat="48.637387698" lon="-1.426203918">
        <ele>8.64</ele>
      </trkpt>
      <trkpt lat="48.63737104" lon="-1.426259002">
        <ele>8.62</ele>
      </trkpt>
      <trkpt lat="48.637308166" lon="-1.426438858">
        <ele>8.56</ele>
      </trkpt>
      <trkpt lat="48.63722602" lon="-1.426602109">
        <ele>8.53</ele>
      </trkpt>
      <trkpt lat="48.637051592" lon="-1.426877787">
        <ele>8.88</ele>
      </trkpt>
      <trkpt lat="48.636912379" lon="-1.427098115">
        <ele>8.97</ele>
      </trkpt>
      <trkpt lat="48.636593083" lon="-1.427568411">
        <ele>9.05</ele>
      </trkpt>
      <trkpt lat="48.636214464" lon="-1.428115276">
        <ele>9.17</ele>
      </trkpt>
      <trkpt lat="48.636102493" lon="-1.428272921">
        <ele>9.42</ele>
      </trkpt>
      <trkpt lat="48.63604269" lon="-1.428335041">
        <ele>9.35</ele>
      </trkpt>
      <trkpt lat="48.635885178" lon="-1.428482897">
        <ele>9.42</ele>
      </trkpt>
      <trkpt lat="48.635782169" lon="-1.428587219">
        <ele>9.48</ele>
      </trkpt>
      <trkpt lat="48.635593953" lon="-1.428810707">
        <ele>9.59</ele>
      </trkpt>
      <trkpt lat="48.635422121" lon="-1.429008533">
        <ele>9.67</ele>
      </trkpt>
      <trkpt lat="48.635277796" lon="-1.429158443">
        <ele>9.78</ele>
      </trkpt>
      <trkpt lat="48.63522569" lon="-1.429144653">
        <ele>9.94</ele>
      </trkpt>
      <trkpt lat="48.635179094" lon="-1.429106394">
        <ele>10.28</ele>
      </trkpt>
      <trkpt lat="48.635145098" lon="-1.429071382">
        <ele>10.09</ele>
      </trkpt>
      <trkpt lat="48.634803261" lon="-1.428461315">
        <ele>9.91</ele>
      </trkpt>
      <trkpt lat="48.634622817" lon="-1.428137801">
        <ele>9.67</ele>
      </trkpt>
      <trkpt lat="48.634503329" lon="-1.427885576">
        <ele>9.41</ele>
      </trkpt>
      <trkpt lat="48.634460653" lon="-1.427778979">
        <ele>8.98</ele>
      </trkpt>
      <trkpt lat="48.634420759" lon="-1.427770795">
        <ele>8.87</ele>
      </trkpt>
      <trkpt lat="48.634341077" lon="-1.427792652">
        <ele>8.66</ele>
      </trkpt>
      <trkpt lat="48.633857035" lon="-1.428440329">
        <ele>8.6</ele>
      </trkpt>
      <trkpt lat="48.633708644" lon="-1.428508089">
        <ele>8.26</ele>
      </trkpt>
      <trkpt lat="48.633110334" lon="-1.429565407">
        <ele>7.92</ele>
      </trkpt>
      <trkpt lat="48.632748361" lon="-1.430053023">
        <ele>7.69</ele>
      </trkpt>
      <trkpt lat="48.632587835" lon="-1.430360891">
        <ele>7.52</ele>
      </trkpt>
      <trkpt lat="48.632467718" lon="-1.430529972">
        <ele>7.11</ele>
      </trkpt>
      <trkpt lat="48.632227328" lon="-1.431014496">
        <ele>6.97</ele>
      </trkpt>
      <trkpt lat="48.632033078" lon="-1.431533753">
        <ele>7.09</ele>
      </trkpt>
      <trkpt lat="48.631840715" lon="-1.431922889">
        <ele>7.22</ele>
      </trkpt>
      <trkpt lat="48.631667066" lon="-1.432218765">
        <ele>7.24</ele>
      </trkpt>
      <trkpt lat="48.631485583" lon="-1.432478008">
        <ele>7.39</ele>
      </trkpt>
      <trkpt lat="48.631073877" lon="-1.432972595">
        <ele>7.59</ele>
      </trkpt>
      <trkpt lat="48.630927795" lon="-1.433250518">
        <ele>7.62</ele>
      </trkpt>
      <trkpt lat="48.630840468" lon="-1.43344954">
        <ele>7.75</ele>
      </trkpt>
      <trkpt lat="48.63062362" lon="-1.434042233">
        <ele>8.12</ele>
      </trkpt>
      <trkpt lat="48.630536133" lon="-1.434387612">
        <ele>8.44</ele>
      </trkpt>
      <trkpt lat="48.630493563" lon="-1.434594115">
        <ele>8.67</ele>
      </trkpt>
      <trkpt lat="48.630386902" lon="-1.434835007">
        <ele>8.82</ele>
      </trkpt>
      <trkpt lat="48.630250588" lon="-1.435088598">
        <ele>8.91</ele>
      </trkpt>
      <trkpt lat="48.630262861" lon="-1.435125717">
        <ele>8.91</ele>
      </trkpt>
      <trkpt lat="48.630266254" lon="-1.435161858">
        <ele>8.94</ele>
      </trkpt>
      <trkpt lat="48.630262878" lon="-1.435197252">
        <ele>8.98</ele>
      </trkpt>
      <trkpt lat="48.630309571" lon="-1.435214636">
        <ele>9</ele>
      </trkpt>
      <trkpt lat="48.630706663" lon="-1.435674042">
        <ele>8.83</ele>
      </trkpt>
      <trkpt lat="48.63099369" lon="-1.436057171">
        <ele>8.79</ele>
      </trkpt>
      <trkpt lat="48.631118661" lon="-1.436247473">
        <ele>8.93</ele>
      </trkpt>
      <trkpt lat="48.631027395" lon="-1.436440594">
        <ele>8.88</ele>
      </trkpt>
      <trkpt lat="48.630921042" lon="-1.436814822">
        <ele>8.76</ele>
      </trkpt>
      <trkpt lat="48.63046552" lon="-1.438041503">
        <ele>8.77</ele>
      </trkpt>
      <trkpt lat="48.630202465" lon="-1.438766159">
        <ele>8.86</ele>
      </trkpt>
      <trkpt lat="48.630010172" lon="-1.439281035">
        <ele>8.66</ele>
      </trkpt>
      <trkpt lat="48.629837209" lon="-1.439654893">
        <ele>8.53</ele>
      </trkpt>
      <trkpt lat="48.629572498" lon="-1.440137211">
        <ele>8.65</ele>
      </trkpt>
      <trkpt lat="48.62925027" lon="-1.440660574">
        <ele>8.72</ele>
      </trkpt>
      <trkpt lat="48.628985509" lon="-1.44113749">
        <ele>8.5</ele>
      </trkpt>
      <trkpt lat="48.628800873" lon="-1.441442573">
        <ele>8.02</ele>
      </trkpt>
      <trkpt lat="48.628160522" lon="-1.442819067">
        <ele>7.66</ele>
      </trkpt>
      <trkpt lat="48.627590504" lon="-1.443938821">
        <ele>7.12</ele>
      </trkpt>
      <trkpt lat="48.626867734" lon="-1.445190102">
        <ele>6.83</ele>
      </trkpt>
      <trkpt lat="48.626705909" lon="-1.445415677">
        <ele>6.88</ele>
      </trkpt>
      <trkpt lat="48.626506122" lon="-1.445633448">
        <ele>7.01</ele>
      </trkpt>
      <trkpt lat="48.625760262" lon="-1.446269356">
        <ele>7.22</ele>
      </trkpt>
      <trkpt lat="48.62510308" lon="-1.446819802">
        <ele>7.49</ele>
      </trkpt>
      <trkpt lat="48.624794189" lon="-1.447104758">
        <ele>7.39</ele>
      </trkpt>
      <trkpt lat="48.624444033" lon="-1.447448021">
        <ele>6.83</ele>
      </trkpt>
      <trkpt lat="48.624129029" lon="-1.447839075">
        <ele>6.6</ele>
      </trkpt>
      <trkpt lat="48.623801876" lon="-1.448256977">
        <ele>6.6</ele>
      </trkpt>
      <trkpt lat="48.623464964" lon="-1.448735453">
        <ele>6.69</ele>
      </trkpt>
      <trkpt lat="48.623156258" lon="-1.449249931">
        <ele>6.92</ele>
      </trkpt>
      <trkpt lat="48.623030504" lon="-1.449508592">
        <ele>7.33</ele>
      </trkpt>
      <trkpt lat="48.62296868" lon="-1.449655532">
        <ele>7.6</ele>
      </trkpt>
      <trkpt lat="48.622967481" lon="-1.449658381">
        <ele>7.57</ele>
      </trkpt>
      <trkpt lat="48.622880813" lon="-1.449735295">
        <ele>7.34</ele>
      </trkpt>
      <trkpt lat="48.622727674" lon="-1.450764074">
        <ele>7.26</ele>
      </trkpt>
      <trkpt lat="48.622694617" lon="-1.45098504">
        <ele>7.18</ele>
      </trkpt>
      <trkpt lat="48.622521729" lon="-1.452169993">
        <ele>7.33</ele>
      </trkpt>
      <trkpt lat="48.622457352" lon="-1.452494491">
        <ele>7.42</ele>
      </trkpt>
      <trkpt lat="48.62235855" lon="-1.45276982">
        <ele>7.99</ele>
      </trkpt>
      <trkpt lat="48.621868222" lon="-1.453820083">
        <ele>8.27</ele>
      </trkpt>
      <trkpt lat="48.621799291" lon="-1.45400553">
        <ele>8.25</ele>
      </trkpt>
      <trkpt lat="48.621716857" lon="-1.454331676">
        <ele>8.04</ele>
      </trkpt>
      <trkpt lat="48.621330346" lon="-1.456074127">
        <ele>8.05</ele>
      </trkpt>
      <trkpt lat="48.621262933" lon="-1.456352579">
        <ele>7.68</ele>
      </trkpt>
      <trkpt lat="48.621199092" lon="-1.456589719">
        <ele>7.66</ele>
      </trkpt>
      <trkpt lat="48.621071522" lon="-1.456990197">
        <ele>8.02</ele>
      </trkpt>
      <trkpt lat="48.620957818" lon="-1.457308965">
        <ele>8.52</ele>
      </trkpt>
      <trkpt lat="48.620795878" lon="-1.457658576">
        <ele>8.96</ele>
      </trkpt>
      <trkpt lat="48.620611951" lon="-1.45799216">
        <ele>9.01</ele>
      </trkpt>
      <trkpt lat="48.620305599" lon="-1.458424985">
        <ele>9.12</ele>
      </trkpt>
      <trkpt lat="48.619496543" lon="-1.459379806">
        <ele>9.65</ele>
      </trkpt>
      <trkpt lat="48.619182753" lon="-1.458780891">
        <ele>10.63</ele>
      </trkpt>
      <trkpt lat="48.619088577" lon="-1.458279432">
        <ele>11.64</ele>
      </trkpt>
      <trkpt lat="48.619131673" lon="-1.457285328">
        <ele>13</ele>
      </trkpt>
      <trkpt lat="48.619130837" lon="-1.456958355">
        <ele>14.25</ele>
      </trkpt>
      <trkpt lat="48.619128377" lon="-1.45689654">
        <ele>15.01</ele>
      </trkpt>
      <trkpt lat="48.619087313" lon="-1.456492699">
        <ele>15.43</ele>
      </trkpt>
      <trkpt lat="48.619029704" lon="-1.456183942">
        <ele>16.44</ele>
      </trkpt>
      <trkpt lat="48.618795052" lon="-1.455220936">
        <ele>17.61</ele>
      </trkpt>
      <trkpt lat="48.618592569" lon="-1.454377353">
        <ele>18.58</ele>
      </trkpt>
      <trkpt lat="48.618511824" lon="-1.453947724">
        <ele>20.14</ele>
      </trkpt>
      <trkpt lat="48.618488488" lon="-1.453622381">
        <ele>20.9</ele>
      </trkpt>
      <trkpt lat="48.618381049" lon="-1.451776623">
        <ele>19.65</ele>
      </trkpt>
      <trkpt lat="48.618294394" lon="-1.451039048">
        <ele>18.07</ele>
      </trkpt>
      <trkpt lat="48.61785868" lon="-1.449326377">
        <ele>16.55</ele>
      </trkpt>
      <trkpt lat="48.617828716" lon="-1.449207976">
        <ele>14.35</ele>
      </trkpt>
      <trkpt lat="48.617792006" lon="-1.449019098">
        <ele>13.03</ele>
      </trkpt>
      <trkpt lat="48.617424691" lon="-1.449248585">
        <ele>13.04</ele>
      </trkpt>
      <trkpt lat="48.616968562" lon="-1.449786992">
        <ele>13.34</ele>
      </trkpt>
      <trkpt lat="48.616515169" lon="-1.450322158">
        <ele>13.67</ele>
      </trkpt>
      <trkpt lat="48.615612548" lon="-1.451320273">
        <ele>14.08</ele>
      </trkpt>
      <trkpt lat="48.615251845" lon="-1.451835242">
        <ele>14.22</ele>
      </trkpt>
      <trkpt lat="48.615029082" lon="-1.452202097">
        <ele>14.27</ele>
      </trkpt>
      <trkpt lat="48.614874219" lon="-1.452457129">
        <ele>13.91</ele>
      </trkpt>
      <trkpt lat="48.614621457" lon="-1.452973577">
        <ele>13.56</ele>
      </trkpt>
      <trkpt lat="48.613962051" lon="-1.454666664">
        <ele>13.35</ele>
      </trkpt>
      <trkpt lat="48.613792398" lon="-1.454976229">
        <ele>12.91</ele>
      </trkpt>
      <trkpt lat="48.613171989" lon="-1.455872196">
        <ele>12.1</ele>
      </trkpt>
      <trkpt lat="48.61225606" lon="-1.457143593">
        <ele>11.66</ele>
      </trkpt>
      <trkpt lat="48.6119543" lon="-1.457304007">
        <ele>11.05</ele>
      </trkpt>
      <trkpt lat="48.611427622" lon="-1.457579875">
        <ele>10.64</ele>
      </trkpt>
      <trkpt lat="48.611229564" lon="-1.457581984">
        <ele>10.35</ele>
      </trkpt>
      <trkpt lat="48.610557892" lon="-1.457268398">
        <ele>10.55</ele>
      </trkpt>
      <trkpt lat="48.610256406" lon="-1.457900405">
        <ele>10.42</ele>
      </trkpt>
      <trkpt lat="48.610149675" lon="-1.4580716">
        <ele>10.22</ele>
      </trkpt>
      <trkpt lat="48.609625238" lon="-1.458780227">
        <ele>9.5</ele>
      </trkpt>
      <trkpt lat="48.60947678" lon="-1.459059915">
        <ele>8.68</ele>
      </trkpt>
      <trkpt lat="48.609403385" lon="-1.459314114">
        <ele>7.79</ele>
      </trkpt>
      <trkpt lat="48.609182658" lon="-1.460303986">
        <ele>7.06</ele>
      </trkpt>
      <trkpt lat="48.609076866" lon="-1.460515955">
        <ele>6.56</ele>
      </trkpt>
      <trkpt lat="48.608683326" lon="-1.461071237">
        <ele>6.25</ele>
      </trkpt>
      <trkpt lat="48.608497319" lon="-1.461399067">
        <ele>6.03</ele>
      </trkpt>
      <trkpt lat="48.608289758" lon="-1.461837707">
        <ele>5.82</ele>
      </trkpt>
      <trkpt lat="48.607847412" lon="-1.462371174">
        <ele>5.87</ele>
      </trkpt>
      <trkpt lat="48.607696375" lon="-1.462660834">
        <ele>5.91</ele>
      </trkpt>
      <trkpt lat="48.607360921" lon="-1.4635791">
        <ele>5.9</ele>
      </trkpt>
      <trkpt lat="48.607260807" lon="-1.46375415">
        <ele>5.96</ele>
      </trkpt>
      <trkpt lat="48.606969845" lon="-1.464197285">
        <ele>6.09</ele>
      </trkpt>
      <trkpt lat="48.606860628" lon="-1.464432082">
        <ele>6.12</ele>
      </trkpt>
      <trkpt lat="48.606618352" lon="-1.465054139">
        <ele>6.27</ele>
      </trkpt>
      <trkpt lat="48.606487876" lon="-1.465333835">
        <ele>6.47</ele>
      </trkpt>
      <trkpt lat="48.606183579" lon="-1.465841713">
        <ele>6.87</ele>
      </trkpt>
      <trkpt lat="48.606007418" lon="-1.466072693">
        <ele>7.15</ele>
      </trkpt>
      <trkpt lat="48.605687292" lon="-1.466442856">
        <ele>7.39</ele>
      </trkpt>
      <trkpt lat="48.605471084" lon="-1.466799824">
        <ele>7.49</ele>
      </trkpt>
      <trkpt lat="48.605328511" lon="-1.467105767">
        <ele>7.68</ele>
      </trkpt>
      <trkpt lat="48.604983619" lon="-1.467896479">
        <ele>7.69</ele>
      </trkpt>
      <trkpt lat="48.60481879" lon="-1.468334795">
        <ele>7.8</ele>
      </trkpt>
      <trkpt lat="48.604678151" lon="-1.468647811">
        <ele>7.91</ele>
      </trkpt>
      <trkpt lat="48.604479535" lon="-1.469089859">
        <ele>8.06</ele>
      </trkpt>
      <trkpt lat="48.604238425" lon="-1.469521319">
        <ele>8.14</ele>
      </trkpt>
      <trkpt lat="48.603917866" lon="-1.470044502">
        <ele>8.11</ele>
      </trkpt>
      <trkpt lat="48.603810206" lon="-1.470174027">
        <ele>8.65</ele>
      </trkpt>
      <trkpt lat="48.603353986" lon="-1.470647847">
        <ele>8.9</ele>
      </trkpt>
      <trkpt lat="48.602791013" lon="-1.471152866">
        <ele>8.98</ele>
      </trkpt>
      <trkpt lat="48.602435581" lon="-1.471570856">
        <ele>9.08</ele>
      </trkpt>
      <trkpt lat="48.602291106" lon="-1.471725669">
        <ele>9.35</ele>
      </trkpt>
      <trkpt lat="48.601963235" lon="-1.471986226">
        <ele>8.99</ele>
      </trkpt>
      <trkpt lat="48.601621568" lon="-1.472325915">
        <ele>9.08</ele>
      </trkpt>
      <trkpt lat="48.601491486" lon="-1.472382975">
        <ele>9.12</ele>
      </trkpt>
      <trkpt lat="48.601751396" lon="-1.472836203">
        <ele>9.23</ele>
      </trkpt>
      <trkpt lat="48.601967628" lon="-1.473038598">
        <ele>9.27</ele>
      </trkpt>
      <trkpt lat="48.602126502" lon="-1.473345355">
        <ele>9.65</ele>
      </trkpt>
      <trkpt lat="48.602255392" lon="-1.473674938">
        <ele>9.84</ele>
      </trkpt>
      <trkpt lat="48.602610461" lon="-1.474411105">
        <ele>10.1</ele>
      </trkpt>
      <trkpt lat="48.602742754" lon="-1.474610853">
        <ele>9.85</ele>
      </trkpt>
      <trkpt lat="48.602945104" lon="-1.475244353">
        <ele>9.24</ele>
      </trkpt>
      <trkpt lat="48.603241636" lon="-1.475747783">
        <ele>8.22</ele>
      </trkpt>
      <trkpt lat="48.604288681" lon="-1.477329008">
        <ele>7.17</ele>
      </trkpt>
      <trkpt lat="48.604831576" lon="-1.47821648">
        <ele>6.36</ele>
      </trkpt>
      <trkpt lat="48.605375235" lon="-1.479149826">
        <ele>5.91</ele>
      </trkpt>
      <trkpt lat="48.605672137" lon="-1.479571484">
        <ele>5.89</ele>
      </trkpt>
      <trkpt lat="48.606832984" lon="-1.481110741">
        <ele>5.98</ele>
      </trkpt>
      <trkpt lat="48.607240556" lon="-1.481588883">
        <ele>6.09</ele>
      </trkpt>
      <trkpt lat="48.607814909" lon="-1.482058059">
        <ele>6.11</ele>
      </trkpt>
      <trkpt lat="48.608876377" lon="-1.482910735">
        <ele>6.15</ele>
      </trkpt>
      <trkpt lat="48.609239193" lon="-1.483171878">
        <ele>6.1</ele>
      </trkpt>
      <trkpt lat="48.609557915" lon="-1.483335214">
        <ele>6.08</ele>
      </trkpt>
      <trkpt lat="48.609853133" lon="-1.48345993">
        <ele>6.11</ele>
      </trkpt>
      <trkpt lat="48.610172031" lon="-1.48361777">
        <ele>6.49</ele>
      </trkpt>
      <trkpt lat="48.611253579" lon="-1.484475384">
        <ele>6.74</ele>
      </trkpt>
      <trkpt lat="48.612648828" lon="-1.485303045">
        <ele>6.95</ele>
      </trkpt>
      <trkpt lat="48.613175135" lon="-1.485726794">
        <ele>7.21</ele>
      </trkpt>
      <trkpt lat="48.614088915" lon="-1.486693066">
        <ele>7.49</ele>
      </trkpt>
      <trkpt lat="48.614883592" lon="-1.487515319">
        <ele>7.57</ele>
      </trkpt>
      <trkpt lat="48.6150939" lon="-1.487761082">
        <ele>7.77</ele>
      </trkpt>
      <trkpt lat="48.61596771" lon="-1.488710492">
        <ele>7.98</ele>
      </trkpt>
      <trkpt lat="48.61607775" lon="-1.48871688">
        <ele>7.84</ele>
      </trkpt>
      <trkpt lat="48.616058305" lon="-1.489109923">
        <ele>7.54</ele>
      </trkpt>
      <trkpt lat="48.615712504" lon="-1.491386428">
        <ele>7.28</ele>
      </trkpt>
      <trkpt lat="48.615466594" lon="-1.492938158">
        <ele>7</ele>
      </trkpt>
      <trkpt lat="48.615103818" lon="-1.495041585">
        <ele>6.79</ele>
      </trkpt>
      <trkpt lat="48.61458401" lon="-1.497893929">
        <ele>6.75</ele>
      </trkpt>
      <trkpt lat="48.614404177" lon="-1.498747387">
        <ele>6.77</ele>
      </trkpt>
      <trkpt lat="48.614366785" lon="-1.498881175">
        <ele>6.82</ele>
      </trkpt>
      <trkpt lat="48.614311339" lon="-1.499024636">
        <ele>6.95</ele>
      </trkpt>
      <trkpt lat="48.614279454" lon="-1.499086424">
        <ele>7.11</ele>
      </trkpt>
      <trkpt lat="48.614244918" lon="-1.49913747">
        <ele>7.34</ele>
      </trkpt>
      <trkpt lat="48.614202065" lon="-1.499184992">
        <ele>7.52</ele>
      </trkpt>
      <trkpt lat="48.614172474" lon="-1.49920914">
        <ele>7.41</ele>
      </trkpt>
      <trkpt lat="48.614202274" lon="-1.499317251">
        <ele>7.22</ele>
      </trkpt>
      <trkpt lat="48.614212769" lon="-1.499369266">
        <ele>6.98</ele>
      </trkpt>
      <trkpt lat="48.614220253" lon="-1.499434398">
        <ele>6.71</ele>
      </trkpt>
      <trkpt lat="48.614224766" lon="-1.49948269">
        <ele>6.57</ele>
      </trkpt>
      <trkpt lat="48.614222938" lon="-1.499531849">
        <ele>6.45</ele>
      </trkpt>
      <trkpt lat="48.614211866" lon="-1.49962362">
        <ele>6.33</ele>
      </trkpt>
      <trkpt lat="48.614194811" lon="-1.499740956">
        <ele>6.27</ele>
      </trkpt>
      <trkpt lat="48.614084198" lon="-1.500265861">
        <ele>6.14</ele>
      </trkpt>
      <trkpt lat="48.613905724" lon="-1.501260487">
        <ele>6.04</ele>
      </trkpt>
      <trkpt lat="48.613845388" lon="-1.501803192">
        <ele>6.08</ele>
      </trkpt>
      <trkpt lat="48.613848258" lon="-1.502269967">
        <ele>6.16</ele>
      </trkpt>
      <trkpt lat="48.613929487" lon="-1.503928445">
        <ele>6.12</ele>
      </trkpt>
      <trkpt lat="48.613948153" lon="-1.504601676">
        <ele>6.06</ele>
      </trkpt>
      <trkpt lat="48.61396972" lon="-1.50594825">
        <ele>6.73</ele>
      </trkpt>
      <trkpt lat="48.613966516" lon="-1.506370714">
        <ele>7.27</ele>
      </trkpt>
      <trkpt lat="48.613958047" lon="-1.507486633">
        <ele>7.69</ele>
      </trkpt>
      <trkpt lat="48.613924426" lon="-1.508591609">
        <ele>8.05</ele>
      </trkpt>
      <trkpt lat="48.613903234" lon="-1.508967115">
        <ele>8.51</ele>
      </trkpt>
      <trkpt lat="48.613844489" lon="-1.509736851">
        <ele>8.17</ele>
      </trkpt>
      <trkpt lat="48.613822616" lon="-1.50997177">
        <ele>7.77</ele>
      </trkpt>
      <trkpt lat="48.61381693" lon="-1.510032836">
        <ele>7.44</ele>
      </trkpt>
      <trkpt lat="48.61380527" lon="-1.510143628">
        <ele>7.55</ele>
      </trkpt>
      <trkpt lat="48.613936955" lon="-1.510172091">
        <ele>7.75</ele>
      </trkpt>
      <trkpt lat="48.617853909" lon="-1.510984092">
        <ele>7.66</ele>
      </trkpt>
      <trkpt lat="48.6180716" lon="-1.510971712">
        <ele>7.7</ele>
      </trkpt>
      <trkpt lat="48.61849032" lon="-1.510947898">
        <ele>7.71</ele>
      </trkpt>
      <trkpt lat="48.618687506" lon="-1.510936683">
        <ele>7.52</ele>
      </trkpt>
      <trkpt lat="48.618836707" lon="-1.510928197">
        <ele>7.18</ele>
      </trkpt>
      <trkpt lat="48.618987613" lon="-1.51090796">
        <ele>7.23</ele>
      </trkpt>
      <trkpt lat="48.619030232" lon="-1.510902052">
        <ele>6.94</ele>
      </trkpt>
      <trkpt lat="48.619116855" lon="-1.510890045">
        <ele>6.92</ele>
      </trkpt>
      <trkpt lat="48.62017182" lon="-1.510705716">
        <ele>6.82</ele>
      </trkpt>
      <trkpt lat="48.621857134" lon="-1.510009263">
        <ele>6.62</ele>
      </trkpt>
      <trkpt lat="48.623258497" lon="-1.509091947">
        <ele>6.42</ele>
      </trkpt>
      <trkpt lat="48.624157639" lon="-1.508646572">
        <ele>6.47</ele>
      </trkpt>
      <trkpt lat="48.625611696" lon="-1.508222296">
        <ele>6.41</ele>
      </trkpt>
      <trkpt lat="48.627796018" lon="-1.507960922">
        <ele>6.34</ele>
      </trkpt>
      <trkpt lat="48.629863528" lon="-1.508368883">
        <ele>6.52</ele>
      </trkpt>
      <trkpt lat="48.632145599" lon="-1.509236719">
        <ele>6.32</ele>
      </trkpt>
      <trkpt lat="48.633446338" lon="-1.509893606">
        <ele>6.97</ele>
      </trkpt>
      <trkpt lat="48.634875936" lon="-1.510600787">
        <ele>5.32</ele>
      </trkpt>
      <trkpt lat="48.634875936" lon="-1.510600787">
        <ele>5.32</ele>
      </trkpt>
      <trkpt lat="48.633446338" lon="-1.509893606">
        <ele>6.97</ele>
      </trkpt>
      <trkpt lat="48.632145599" lon="-1.509236719">
        <ele>6.32</ele>
      </trkpt>
      <trkpt lat="48.629863528" lon="-1.508368883">
        <ele>6.52</ele>
      </trkpt>
      <trkpt lat="48.627796018" lon="-1.507960922">
        <ele>6.34</ele>
      </trkpt>
      <trkpt lat="48.625611696" lon="-1.508222296">
        <ele>6.41</ele>
      </trkpt>
      <trkpt lat="48.624157639" lon="-1.508646572">
        <ele>6.47</ele>
      </trkpt>
      <trkpt lat="48.623258497" lon="-1.509091947">
        <ele>6.42</ele>
      </trkpt>
      <trkpt lat="48.621857134" lon="-1.510009263">
        <ele>6.62</ele>
      </trkpt>
      <trkpt lat="48.62017182" lon="-1.510705716">
        <ele>6.82</ele>
      </trkpt>
      <trkpt lat="48.619116855" lon="-1.510890045">
        <ele>6.92</ele>
      </trkpt>
      <trkpt lat="48.619030232" lon="-1.510902052">
        <ele>7.04</ele>
      </trkpt>
      <trkpt lat="48.618987613" lon="-1.51090796">
        <ele>7.4</ele>
      </trkpt>
      <trkpt lat="48.618987264" lon="-1.510927035">
        <ele>7.48</ele>
      </trkpt>
      <trkpt lat="48.61898367" lon="-1.511123524">
        <ele>7.62</ele>
      </trkpt>
      <trkpt lat="48.618983419" lon="-1.511137253">
        <ele>7.65</ele>
      </trkpt>
      <trkpt lat="48.618972112" lon="-1.511138945">
        <ele>7.53</ele>
      </trkpt>
      <trkpt lat="48.618902774" lon="-1.511149316">
        <ele>7.46</ele>
      </trkpt>
      <trkpt lat="48.618641292" lon="-1.511178404">
        <ele>7.49</ele>
      </trkpt>
      <trkpt lat="48.618054638" lon="-1.511252818">
        <ele>7.41</ele>
      </trkpt>
      <trkpt lat="48.617677495" lon="-1.511280943">
        <ele>7.4</ele>
      </trkpt>
      <trkpt lat="48.617573055" lon="-1.511288731">
        <ele>7.55</ele>
      </trkpt>
      <trkpt lat="48.61749331" lon="-1.511300874">
        <ele>7.55</ele>
      </trkpt>
      <trkpt lat="48.617368507" lon="-1.511313216">
        <ele>7.6</ele>
      </trkpt>
      <trkpt lat="48.61717263" lon="-1.511346601">
        <ele>7.94</ele>
      </trkpt>
      <trkpt lat="48.617016678" lon="-1.511372555">
        <ele>7.89</ele>
      </trkpt>
      <trkpt lat="48.616465198" lon="-1.511445917">
        <ele>8.01</ele>
      </trkpt>
      <trkpt lat="48.61603595" lon="-1.51149574">
        <ele>8.38</ele>
      </trkpt>
      <trkpt lat="48.615572003" lon="-1.511549589">
        <ele>8.34</ele>
      </trkpt>
      <trkpt lat="48.614703436" lon="-1.511668973">
        <ele>8.21</ele>
      </trkpt>
      <trkpt lat="48.6139617" lon="-1.511772332">
        <ele>8.48</ele>
      </trkpt>
      <trkpt lat="48.613655463" lon="-1.511815004">
        <ele>8.25</ele>
      </trkpt>
      <trkpt lat="48.613387491" lon="-1.511848954">
        <ele>7.82</ele>
      </trkpt>
      <trkpt lat="48.613171009" lon="-1.511879192">
        <ele>7.54</ele>
      </trkpt>
      <trkpt lat="48.612885115" lon="-1.511929922">
        <ele>7.24</ele>
      </trkpt>
      <trkpt lat="48.612671206" lon="-1.511967878">
        <ele>6.85</ele>
      </trkpt>
      <trkpt lat="48.612485668" lon="-1.511989918">
        <ele>6.74</ele>
      </trkpt>
      <trkpt lat="48.611766375" lon="-1.51208093">
        <ele>6.72</ele>
      </trkpt>
      <trkpt lat="48.611400177" lon="-1.512127263">
        <ele>6.77</ele>
      </trkpt>
      <trkpt lat="48.610337684" lon="-1.512276091">
        <ele>6.85</ele>
      </trkpt>
      <trkpt lat="48.609121436" lon="-1.512440185">
        <ele>6.81</ele>
      </trkpt>
      <trkpt lat="48.608157645" lon="-1.512575775">
        <ele>6.81</ele>
      </trkpt>
      <trkpt lat="48.607213229" lon="-1.512714419">
        <ele>6.62</ele>
      </trkpt>
      <trkpt lat="48.607055913" lon="-1.512737513">
        <ele>6.48</ele>
      </trkpt>
      <trkpt lat="48.606005702" lon="-1.51287107">
        <ele>6.27</ele>
      </trkpt>
      <trkpt lat="48.60576556" lon="-1.512892931">
        <ele>6.23</ele>
      </trkpt>
      <trkpt lat="48.604909919" lon="-1.512970816">
        <ele>6.47</ele>
      </trkpt>
      <trkpt lat="48.603264808" lon="-1.513182101">
        <ele>6.96</ele>
      </trkpt>
      <trkpt lat="48.601918135" lon="-1.513340332">
        <ele>7.16</ele>
      </trkpt>
      <trkpt lat="48.600630698" lon="-1.513528126">
        <ele>7.39</ele>
      </trkpt>
      <trkpt lat="48.599920383" lon="-1.513655662">
        <ele>7.64</ele>
      </trkpt>
      <trkpt lat="48.599800661" lon="-1.513676579">
        <ele>7.63</ele>
      </trkpt>
      <trkpt lat="48.599423676" lon="-1.513733709">
        <ele>7.46</ele>
      </trkpt>
      <trkpt lat="48.599115461" lon="-1.513783186">
        <ele>7.6</ele>
      </trkpt>
      <trkpt lat="48.598839088" lon="-1.513824538">
        <ele>7.79</ele>
      </trkpt>
      <trkpt lat="48.598502345" lon="-1.513866129">
        <ele>7.88</ele>
      </trkpt>
      <trkpt lat="48.598374586" lon="-1.513884992">
        <ele>7.92</ele>
      </trkpt>
      <trkpt lat="48.598234504" lon="-1.513894475">
        <ele>7.95</ele>
      </trkpt>
      <trkpt lat="48.598224639" lon="-1.513895143">
        <ele>7.99</ele>
      </trkpt>
      <trkpt lat="48.598029347" lon="-1.513936706">
        <ele>7.94</ele>
      </trkpt>
      <trkpt lat="48.59773532" lon="-1.514015929">
        <ele>8.19</ele>
      </trkpt>
      <trkpt lat="48.59734956" lon="-1.514114404">
        <ele>8.18</ele>
      </trkpt>
      <trkpt lat="48.596747726" lon="-1.514232276">
        <ele>8.29</ele>
      </trkpt>
      <trkpt lat="48.596239804" lon="-1.514297116">
        <ele>8.39</ele>
      </trkpt>
      <trkpt lat="48.595608751" lon="-1.514354052">
        <ele>8.47</ele>
      </trkpt>
      <trkpt lat="48.595372612" lon="-1.514379851">
        <ele>8.2</ele>
      </trkpt>
      <trkpt lat="48.595117201" lon="-1.514414875">
        <ele>8.19</ele>
      </trkpt>
      <trkpt lat="48.594852482" lon="-1.514434134">
        <ele>8.02</ele>
      </trkpt>
      <trkpt lat="48.594374193" lon="-1.514501526">
        <ele>7.69</ele>
      </trkpt>
      <trkpt lat="48.593642142" lon="-1.514608145">
        <ele>7.31</ele>
      </trkpt>
      <trkpt lat="48.593145482" lon="-1.514684818">
        <ele>7.08</ele>
      </trkpt>
      <trkpt lat="48.592750283" lon="-1.514747152">
        <ele>6.76</ele>
      </trkpt>
      <trkpt lat="48.592229375" lon="-1.514821732">
        <ele>6.54</ele>
      </trkpt>
      <trkpt lat="48.591519081" lon="-1.51492479">
        <ele>6.4</ele>
      </trkpt>
      <trkpt lat="48.591212663" lon="-1.514974402">
        <ele>6.34</ele>
      </trkpt>
      <trkpt lat="48.590917118" lon="-1.515022244">
        <ele>6.3</ele>
      </trkpt>
      <trkpt lat="48.590778032" lon="-1.51504302">
        <ele>6.4</ele>
      </trkpt>
      <trkpt lat="48.589925805" lon="-1.515170314">
        <ele>6.45</ele>
      </trkpt>
      <trkpt lat="48.589458322" lon="-1.515214174">
        <ele>6.51</ele>
      </trkpt>
      <trkpt lat="48.589365451" lon="-1.515207171">
        <ele>6.6</ele>
      </trkpt>
      <trkpt lat="48.589208558" lon="-1.51519534">
        <ele>6.62</ele>
      </trkpt>
      <trkpt lat="48.589139822" lon="-1.515178552">
        <ele>6.62</ele>
      </trkpt>
      <trkpt lat="48.589133691" lon="-1.51519435">
        <ele>6.35</ele>
      </trkpt>
      <trkpt lat="48.589091882" lon="-1.515302077">
        <ele>6.14</ele>
      </trkpt>
      <trkpt lat="48.589016714" lon="-1.51540696">
        <ele>5.99</ele>
      </trkpt>
      <trkpt lat="48.588939221" lon="-1.515502128">
        <ele>5.83</ele>
      </trkpt>
      <trkpt lat="48.588872659" lon="-1.515546649">
        <ele>5.71</ele>
      </trkpt>
      <trkpt lat="48.588721346" lon="-1.515568894">
        <ele>5.99</ele>
      </trkpt>
      <trkpt lat="48.588459701" lon="-1.515601997">
        <ele>6.12</ele>
      </trkpt>
      <trkpt lat="48.587964348" lon="-1.515667904">
        <ele>6.17</ele>
      </trkpt>
      <trkpt lat="48.587673603" lon="-1.515708003">
        <ele>6.39</ele>
      </trkpt>
      <trkpt lat="48.587382911" lon="-1.515746748">
        <ele>6.59</ele>
      </trkpt>
      <trkpt lat="48.587111659" lon="-1.515783599">
        <ele>6.29</ele>
      </trkpt>
      <trkpt lat="48.587089473" lon="-1.515786614">
        <ele>6.16</ele>
      </trkpt>
      <trkpt lat="48.58679234" lon="-1.515828875">
        <ele>6.33</ele>
      </trkpt>
      <trkpt lat="48.586422948" lon="-1.515875763">
        <ele>6.91</ele>
      </trkpt>
      <trkpt lat="48.586058794" lon="-1.515927188">
        <ele>7.33</ele>
      </trkpt>
      <trkpt lat="48.585711214" lon="-1.515969169">
        <ele>8.03</ele>
      </trkpt>
      <trkpt lat="48.585535475" lon="-1.515970294">
        <ele>8.09</ele>
      </trkpt>
      <trkpt lat="48.585169958" lon="-1.516033819">
        <ele>7.87</ele>
      </trkpt>
      <trkpt lat="48.584842958" lon="-1.516055851">
        <ele>7.14</ele>
      </trkpt>
      <trkpt lat="48.584486655" lon="-1.516090289">
        <ele>6.22</ele>
      </trkpt>
      <trkpt lat="48.584117056" lon="-1.516142581">
        <ele>5.74</ele>
      </trkpt>
      <trkpt lat="48.583749671" lon="-1.516184216">
        <ele>5.81</ele>
      </trkpt>
      <trkpt lat="48.583476962" lon="-1.51624759">
        <ele>5.79</ele>
      </trkpt>
      <trkpt lat="48.583282459" lon="-1.516339447">
        <ele>5.86</ele>
      </trkpt>
      <trkpt lat="48.583081775" lon="-1.516380523">
        <ele>6.24</ele>
      </trkpt>
      <trkpt lat="48.582716612" lon="-1.516482094">
        <ele>6.4</ele>
      </trkpt>
      <trkpt lat="48.582533326" lon="-1.516539597">
        <ele>6.26</ele>
      </trkpt>
      <trkpt lat="48.582380497" lon="-1.51657802">
        <ele>6.23</ele>
      </trkpt>
      <trkpt lat="48.58225261" lon="-1.516612583">
        <ele>6.15</ele>
      </trkpt>
      <trkpt lat="48.582193874" lon="-1.516628456">
        <ele>5.91</ele>
      </trkpt>
      <trkpt lat="48.582088105" lon="-1.516661418">
        <ele>5.57</ele>
      </trkpt>
      <trkpt lat="48.58201318" lon="-1.516688909">
        <ele>5.58</ele>
      </trkpt>
      <trkpt lat="48.581939687" lon="-1.516726014">
        <ele>5.59</ele>
      </trkpt>
      <trkpt lat="48.581925158" lon="-1.516735053">
        <ele>5.47</ele>
      </trkpt>
      <trkpt lat="48.581864941" lon="-1.516772521">
        <ele>5.53</ele>
      </trkpt>
      <trkpt lat="48.58177097" lon="-1.516826882">
        <ele>5.57</ele>
      </trkpt>
      <trkpt lat="48.581673183" lon="-1.516863259">
        <ele>5.61</ele>
      </trkpt>
      <trkpt lat="48.581579243" lon="-1.516893167">
        <ele>5.66</ele>
      </trkpt>
      <trkpt lat="48.581548347" lon="-1.516902772">
        <ele>5.74</ele>
      </trkpt>
      <trkpt lat="48.581483504" lon="-1.516922933">
        <ele>5.81</ele>
      </trkpt>
      <trkpt lat="48.581393521" lon="-1.516943681">
        <ele>5.7</ele>
      </trkpt>
      <trkpt lat="48.581320851" lon="-1.516959132">
        <ele>5.78</ele>
      </trkpt>
      <trkpt lat="48.581191188" lon="-1.517028061">
        <ele>5.71</ele>
      </trkpt>
      <trkpt lat="48.580985084" lon="-1.517140634">
        <ele>5.65</ele>
      </trkpt>
      <trkpt lat="48.580863612" lon="-1.517207552">
        <ele>5.69</ele>
      </trkpt>
      <trkpt lat="48.580858267" lon="-1.517210782">
        <ele>5.87</ele>
      </trkpt>
      <trkpt lat="48.580729894" lon="-1.517288349">
        <ele>6.12</ele>
      </trkpt>
      <trkpt lat="48.580521533" lon="-1.517412949">
        <ele>6.34</ele>
      </trkpt>
      <trkpt lat="48.580447401" lon="-1.517443209">
        <ele>6.7</ele>
      </trkpt>
      <trkpt lat="48.580401339" lon="-1.51744602">
        <ele>6.96</ele>
      </trkpt>
      <trkpt lat="48.580370461" lon="-1.517428503">
        <ele>7.22</ele>
      </trkpt>
      <trkpt lat="48.580359005" lon="-1.517422004">
        <ele>7.15</ele>
      </trkpt>
      <trkpt lat="48.580344562" lon="-1.517399026">
        <ele>7.15</ele>
      </trkpt>
      <trkpt lat="48.58034615" lon="-1.517439353">
        <ele>7.01</ele>
      </trkpt>
      <trkpt lat="48.580349603" lon="-1.517527106">
        <ele>6.88</ele>
      </trkpt>
      <trkpt lat="48.580328179" lon="-1.517581142">
        <ele>6.84</ele>
      </trkpt>
      <trkpt lat="48.580314726" lon="-1.517615074">
        <ele>6.78</ele>
      </trkpt>
      <trkpt lat="48.580237872" lon="-1.517669552">
        <ele>6.56</ele>
      </trkpt>
      <trkpt lat="48.580112455" lon="-1.517781827">
        <ele>6.53</ele>
      </trkpt>
      <trkpt lat="48.580031738" lon="-1.517854086">
        <ele>6.41</ele>
      </trkpt>
      <trkpt lat="48.579783801" lon="-1.518024152">
        <ele>6.24</ele>
      </trkpt>
      <trkpt lat="48.579604695" lon="-1.518137689">
        <ele>6.12</ele>
      </trkpt>
      <trkpt lat="48.579156092" lon="-1.518419427">
        <ele>6.17</ele>
      </trkpt>
      <trkpt lat="48.5789621" lon="-1.518545253">
        <ele>6.03</ele>
      </trkpt>
      <trkpt lat="48.578613518" lon="-1.518850555">
        <ele>5.93</ele>
      </trkpt>
      <trkpt lat="48.578476761" lon="-1.5190112">
        <ele>5.88</ele>
      </trkpt>
      <trkpt lat="48.5783609" lon="-1.519143774">
        <ele>5.82</ele>
      </trkpt>
      <trkpt lat="48.578197328" lon="-1.519322461">
        <ele>5.81</ele>
      </trkpt>
      <trkpt lat="48.578016027" lon="-1.51951728">
        <ele>5.81</ele>
      </trkpt>
      <trkpt lat="48.577826178" lon="-1.519723571">
        <ele>5.88</ele>
      </trkpt>
      <trkpt lat="48.577700282" lon="-1.519859346">
        <ele>5.97</ele>
      </trkpt>
      <trkpt lat="48.577542995" lon="-1.520038583">
        <ele>6.37</ele>
      </trkpt>
      <trkpt lat="48.577374352" lon="-1.520161164">
        <ele>7.13</ele>
      </trkpt>
      <trkpt lat="48.577138301" lon="-1.520279275">
        <ele>7.09</ele>
      </trkpt>
      <trkpt lat="48.576949054" lon="-1.520351191">
        <ele>7.15</ele>
      </trkpt>
      <trkpt lat="48.576773435" lon="-1.520420206">
        <ele>7.12</ele>
      </trkpt>
      <trkpt lat="48.576624632" lon="-1.520471169">
        <ele>6.89</ele>
      </trkpt>
      <trkpt lat="48.57646272" lon="-1.520511498">
        <ele>6.24</ele>
      </trkpt>
      <trkpt lat="48.57632721" lon="-1.520544607">
        <ele>6.43</ele>
      </trkpt>
      <trkpt lat="48.576209458" lon="-1.520537146">
        <ele>6.45</ele>
      </trkpt>
      <trkpt lat="48.576122542" lon="-1.520619251">
        <ele>6.26</ele>
      </trkpt>
      <trkpt lat="48.57594212" lon="-1.520743525">
        <ele>6.09</ele>
      </trkpt>
      <trkpt lat="48.575612976" lon="-1.520970739">
        <ele>5.98</ele>
      </trkpt>
      <trkpt lat="48.57549982" lon="-1.521048852">
        <ele>5.83</ele>
      </trkpt>
      <trkpt lat="48.575366278" lon="-1.521148652">
        <ele>5.58</ele>
      </trkpt>
      <trkpt lat="48.575368751" lon="-1.521160139">
        <ele>5.52</ele>
      </trkpt>
      <trkpt lat="48.575377002" lon="-1.521198464">
        <ele>5.49</ele>
      </trkpt>
      <trkpt lat="48.575509515" lon="-1.521717729">
        <ele>5.54</ele>
      </trkpt>
      <trkpt lat="48.575575033" lon="-1.521677219">
        <ele>5.68</ele>
      </trkpt>
      <trkpt lat="48.575601349" lon="-1.521743316">
        <ele>6.04</ele>
      </trkpt>
      <trkpt lat="48.575603591" lon="-1.521873849">
        <ele>6.71</ele>
      </trkpt>
      <trkpt lat="48.575596619" lon="-1.522033473">
        <ele>7.48</ele>
      </trkpt>
      <trkpt lat="48.575587484" lon="-1.522249932">
        <ele>8.24</ele>
      </trkpt>
      <trkpt lat="48.57559824" lon="-1.522393425">
        <ele>8.51</ele>
      </trkpt>
      <trkpt lat="48.575602465" lon="-1.522448108">
        <ele>8.84</ele>
      </trkpt>
      <trkpt lat="48.575640874" lon="-1.522670028">
        <ele>8.58</ele>
      </trkpt>
      <trkpt lat="48.575669951" lon="-1.522853136">
        <ele>8.13</ele>
      </trkpt>
      <trkpt lat="48.575680424" lon="-1.523027832">
        <ele>7.52</ele>
      </trkpt>
      <trkpt lat="48.575688686" lon="-1.52321321">
        <ele>7.31</ele>
      </trkpt>
      <trkpt lat="48.575691984" lon="-1.523457902">
        <ele>7.01</ele>
      </trkpt>
      <trkpt lat="48.575689123" lon="-1.523935601">
        <ele>7.02</ele>
      </trkpt>
      <trkpt lat="48.575686526" lon="-1.524359011">
        <ele>6.95</ele>
      </trkpt>
      <trkpt lat="48.575684422" lon="-1.524532624">
        <ele>6.98</ele>
      </trkpt>
      <trkpt lat="48.575656692" lon="-1.524811296">
        <ele>7</ele>
      </trkpt>
      <trkpt lat="48.575630828" lon="-1.525159378">
        <ele>7.01</ele>
      </trkpt>
      <trkpt lat="48.575605489" lon="-1.525564528">
        <ele>6.99</ele>
      </trkpt>
      <trkpt lat="48.575585195" lon="-1.525884572">
        <ele>7.01</ele>
      </trkpt>
      <trkpt lat="48.575579647" lon="-1.526101336">
        <ele>7.04</ele>
      </trkpt>
      <trkpt lat="48.575578436" lon="-1.526275029">
        <ele>7.12</ele>
      </trkpt>
      <trkpt lat="48.575571738" lon="-1.526450965">
        <ele>7.06</ele>
      </trkpt>
      <trkpt lat="48.575568122" lon="-1.526593233">
        <ele>7.06</ele>
      </trkpt>
      <trkpt lat="48.575556641" lon="-1.526681847">
        <ele>6.98</ele>
      </trkpt>
      <trkpt lat="48.575525942" lon="-1.526896444">
        <ele>6.89</ele>
      </trkpt>
      <trkpt lat="48.575468849" lon="-1.527188865">
        <ele>6.76</ele>
      </trkpt>
      <trkpt lat="48.575428844" lon="-1.527387721">
        <ele>6.76</ele>
      </trkpt>
      <trkpt lat="48.57541934" lon="-1.527448003">
        <ele>6.65</ele>
      </trkpt>
      <trkpt lat="48.57541828" lon="-1.527499502">
        <ele>6.63</ele>
      </trkpt>
      <trkpt lat="48.575424058" lon="-1.527584186">
        <ele>6.59</ele>
      </trkpt>
      <trkpt lat="48.575475932" lon="-1.527641627">
        <ele>6.55</ele>
      </trkpt>
      <trkpt lat="48.575569731" lon="-1.527733918">
        <ele>6.56</ele>
      </trkpt>
      <trkpt lat="48.575623575" lon="-1.527810553">
        <ele>6.57</ele>
      </trkpt>
      <trkpt lat="48.575663948" lon="-1.527885996">
        <ele>6.56</ele>
      </trkpt>
      <trkpt lat="48.575700369" lon="-1.527970625">
        <ele>6.54</ele>
      </trkpt>
      <trkpt lat="48.575710307" lon="-1.528039371">
        <ele>6.45</ele>
      </trkpt>
      <trkpt lat="48.575712494" lon="-1.528054494">
        <ele>6.39</ele>
      </trkpt>
      <trkpt lat="48.575731664" lon="-1.528166138">
        <ele>6.33</ele>
      </trkpt>
      <trkpt lat="48.575751801" lon="-1.528347113">
        <ele>6.3</ele>
      </trkpt>
      <trkpt lat="48.57578662" lon="-1.52853574">
        <ele>6.29</ele>
      </trkpt>
      <trkpt lat="48.575793608" lon="-1.528573594">
        <ele>6.29</ele>
      </trkpt>
      <trkpt lat="48.575890717" lon="-1.528840968">
        <ele>6.21</ele>
      </trkpt>
      <trkpt lat="48.576040572" lon="-1.529137933">
        <ele>6.13</ele>
      </trkpt>
      <trkpt lat="48.576166107" lon="-1.529369997">
        <ele>6.27</ele>
      </trkpt>
      <trkpt lat="48.576262374" lon="-1.529583536">
        <ele>6.21</ele>
      </trkpt>
      <trkpt lat="48.576424379" lon="-1.530037604">
        <ele>6.23</ele>
      </trkpt>
      <trkpt lat="48.576536955" lon="-1.530252205">
        <ele>6.37</ele>
      </trkpt>
      <trkpt lat="48.576623455" lon="-1.530323537">
        <ele>6.84</ele>
      </trkpt>
      <trkpt lat="48.576721272" lon="-1.53038204">
        <ele>6.89</ele>
      </trkpt>
      <trkpt lat="48.576784759" lon="-1.530440701">
        <ele>7.27</ele>
      </trkpt>
      <trkpt lat="48.576841702" lon="-1.530436049">
        <ele>7.45</ele>
      </trkpt>
      <trkpt lat="48.577006161" lon="-1.530446381">
        <ele>7.73</ele>
      </trkpt>
      <trkpt lat="48.577141285" lon="-1.53047403">
        <ele>7.46</ele>
      </trkpt>
      <trkpt lat="48.577284479" lon="-1.530543539">
        <ele>7.46</ele>
      </trkpt>
      <trkpt lat="48.577434663" lon="-1.530671918">
        <ele>7.29</ele>
      </trkpt>
      <trkpt lat="48.577601542" lon="-1.530856393">
        <ele>7.25</ele>
      </trkpt>
      <trkpt lat="48.577710896" lon="-1.530964807">
        <ele>6.91</ele>
      </trkpt>
      <trkpt lat="48.577774172" lon="-1.531028756">
        <ele>6.72</ele>
      </trkpt>
      <trkpt lat="48.577970138" lon="-1.531253317">
        <ele>6.56</ele>
      </trkpt>
      <trkpt lat="48.578255435" lon="-1.531617502">
        <ele>6.45</ele>
      </trkpt>
      <trkpt lat="48.57856787" lon="-1.531978832">
        <ele>6.32</ele>
      </trkpt>
      <trkpt lat="48.578888683" lon="-1.53228227">
        <ele>6.28</ele>
      </trkpt>
      <trkpt lat="48.579069542" lon="-1.53250263">
        <ele>6.35</ele>
      </trkpt>
      <trkpt lat="48.579167826" lon="-1.532689082">
        <ele>6.36</ele>
      </trkpt>
      <trkpt lat="48.579389527" lon="-1.53316078">
        <ele>6.25</ele>
      </trkpt>
      <trkpt lat="48.579408784" lon="-1.533247646">
        <ele>6.24</ele>
      </trkpt>
      <trkpt lat="48.579366273" lon="-1.53341653">
        <ele>6.21</ele>
      </trkpt>
      <trkpt lat="48.579307668" lon="-1.533629983">
        <ele>6.14</ele>
      </trkpt>
      <trkpt lat="48.579238064" lon="-1.533800493">
        <ele>6.05</ele>
      </trkpt>
      <trkpt lat="48.579158217" lon="-1.533908984">
        <ele>6.06</ele>
      </trkpt>
      <trkpt lat="48.579075125" lon="-1.533962999">
        <ele>6.07</ele>
      </trkpt>
      <trkpt lat="48.578951662" lon="-1.534009308">
        <ele>6.1</ele>
      </trkpt>
      <trkpt lat="48.578991339" lon="-1.534221846">
        <ele>6.19</ele>
      </trkpt>
      <trkpt lat="48.579042756" lon="-1.534506305">
        <ele>6.27</ele>
      </trkpt>
      <trkpt lat="48.579102613" lon="-1.534918629">
        <ele>6.32</ele>
      </trkpt>
      <trkpt lat="48.579140766" lon="-1.535241007">
        <ele>6.31</ele>
      </trkpt>
      <trkpt lat="48.579173924" lon="-1.535461104">
        <ele>6.32</ele>
      </trkpt>
      <trkpt lat="48.579202881" lon="-1.535552105">
        <ele>6.3</ele>
      </trkpt>
      <trkpt lat="48.579279775" lon="-1.535684903">
        <ele>6.3</ele>
      </trkpt>
      <trkpt lat="48.579493407" lon="-1.535988478">
        <ele>6.35</ele>
      </trkpt>
      <trkpt lat="48.579666623" lon="-1.536220796">
        <ele>6.52</ele>
      </trkpt>
      <trkpt lat="48.579891125" lon="-1.536427593">
        <ele>6.78</ele>
      </trkpt>
      <trkpt lat="48.579992135" lon="-1.536527653">
        <ele>7.07</ele>
      </trkpt>
      <trkpt lat="48.580043125" lon="-1.536578164">
        <ele>7.1</ele>
      </trkpt>
      <trkpt lat="48.580034143" lon="-1.53664783">
        <ele>7.15</ele>
      </trkpt>
      <trkpt lat="48.580031498" lon="-1.536694021">
        <ele>7.26</ele>
      </trkpt>
      <trkpt lat="48.579936281" lon="-1.537087476">
        <ele>7.29</ele>
      </trkpt>
      <trkpt lat="48.579593429" lon="-1.538843542">
        <ele>7.46</ele>
      </trkpt>
      <trkpt lat="48.579501592" lon="-1.539597372">
        <ele>7.85</ele>
      </trkpt>
      <trkpt lat="48.579448478" lon="-1.539921134">
        <ele>8.42</ele>
      </trkpt>
      <trkpt lat="48.579427585" lon="-1.540048542">
        <ele>8.87</ele>
      </trkpt>
      <trkpt lat="48.579394048" lon="-1.540362014">
        <ele>9.24</ele>
      </trkpt>
      <trkpt lat="48.57939267" lon="-1.540634801">
        <ele>9.08</ele>
      </trkpt>
      <trkpt lat="48.579442406" lon="-1.541359054">
        <ele>9.31</ele>
      </trkpt>
      <trkpt lat="48.579482053" lon="-1.541738601">
        <ele>8.73</ele>
      </trkpt>
      <trkpt lat="48.579494788" lon="-1.541921419">
        <ele>8.55</ele>
      </trkpt>
      <trkpt lat="48.579515162" lon="-1.542143221">
        <ele>8.45</ele>
      </trkpt>
      <trkpt lat="48.579569964" lon="-1.542430452">
        <ele>8.63</ele>
      </trkpt>
      <trkpt lat="48.579633083" lon="-1.542573016">
        <ele>8.21</ele>
      </trkpt>
      <trkpt lat="48.579650783" lon="-1.542579908">
        <ele>8.23</ele>
      </trkpt>
      <trkpt lat="48.579740386" lon="-1.542640957">
        <ele>7.77</ele>
      </trkpt>
      <trkpt lat="48.579829982" lon="-1.542746392">
        <ele>7.35</ele>
      </trkpt>
      <trkpt lat="48.579822759" lon="-1.542789342">
        <ele>7.04</ele>
      </trkpt>
      <trkpt lat="48.579812638" lon="-1.542849519">
        <ele>7.25</ele>
      </trkpt>
      <trkpt lat="48.579754931" lon="-1.543155515">
        <ele>7.32</ele>
      </trkpt>
      <trkpt lat="48.579619525" lon="-1.544056121">
        <ele>7.29</ele>
      </trkpt>
      <trkpt lat="48.579513377" lon="-1.544876685">
        <ele>7.31</ele>
      </trkpt>
      <trkpt lat="48.579431891" lon="-1.545525543">
        <ele>7.23</ele>
      </trkpt>
      <trkpt lat="48.579340855" lon="-1.546302256">
        <ele>7.05</ele>
      </trkpt>
      <trkpt lat="48.579284479" lon="-1.546764783">
        <ele>7.13</ele>
      </trkpt>
      <trkpt lat="48.579235287" lon="-1.547298013">
        <ele>7.9</ele>
      </trkpt>
      <trkpt lat="48.579214355" lon="-1.547562524">
        <ele>7.84</ele>
      </trkpt>
      <trkpt lat="48.579201078" lon="-1.547906335">
        <ele>8.19</ele>
      </trkpt>
      <trkpt lat="48.579197394" lon="-1.548382585">
        <ele>8.58</ele>
      </trkpt>
      <trkpt lat="48.57918832" lon="-1.548593572">
        <ele>9.14</ele>
      </trkpt>
      <trkpt lat="48.579160425" lon="-1.548710407">
        <ele>8.39</ele>
      </trkpt>
      <trkpt lat="48.57917011" lon="-1.548786225">
        <ele>8.53</ele>
      </trkpt>
      <trkpt lat="48.579181745" lon="-1.548860605">
        <ele>8.35</ele>
      </trkpt>
      <trkpt lat="48.579202461" lon="-1.549002193">
        <ele>7.83</ele>
      </trkpt>
      <trkpt lat="48.579212189" lon="-1.549053171">
        <ele>7.03</ele>
      </trkpt>
      <trkpt lat="48.579267759" lon="-1.549296891">
        <ele>7.1</ele>
      </trkpt>
      <trkpt lat="48.579342747" lon="-1.549599405">
        <ele>6.99</ele>
      </trkpt>
      <trkpt lat="48.579418067" lon="-1.549890125">
        <ele>6.94</ele>
      </trkpt>
      <trkpt lat="48.579467291" lon="-1.550062399">
        <ele>7.07</ele>
      </trkpt>
      <trkpt lat="48.579532926" lon="-1.550256932">
        <ele>7.25</ele>
      </trkpt>
      <trkpt lat="48.579616423" lon="-1.550474669">
        <ele>7.27</ele>
      </trkpt>
      <trkpt lat="48.579705697" lon="-1.550686416">
        <ele>7.37</ele>
      </trkpt>
      <trkpt lat="48.579769191" lon="-1.550816047">
        <ele>7.29</ele>
      </trkpt>
      <trkpt lat="48.579779185" lon="-1.55083645">
        <ele>7.21</ele>
      </trkpt>
      <trkpt lat="48.579824106" lon="-1.550909755">
        <ele>7.21</ele>
      </trkpt>
      <trkpt lat="48.579874301" lon="-1.550973512">
        <ele>7.19</ele>
      </trkpt>
      <trkpt lat="48.579896269" lon="-1.551001415">
        <ele>7.16</ele>
      </trkpt>
      <trkpt lat="48.579924945" lon="-1.551031306">
        <ele>7.2</ele>
      </trkpt>
      <trkpt lat="48.579979948" lon="-1.551075384">
        <ele>7.15</ele>
      </trkpt>
      <trkpt lat="48.580001903" lon="-1.551090809">
        <ele>7.12</ele>
      </trkpt>
      <trkpt lat="48.58004761" lon="-1.551120606">
        <ele>6.99</ele>
      </trkpt>
      <trkpt lat="48.580097809" lon="-1.551149594">
        <ele>6.91</ele>
      </trkpt>
      <trkpt lat="48.580146344" lon="-1.551179647">
        <ele>6.83</ele>
      </trkpt>
      <trkpt lat="48.580200033" lon="-1.551212608">
        <ele>6.78</ele>
      </trkpt>
      <trkpt lat="48.580206716" lon="-1.551217932">
        <ele>6.75</ele>
      </trkpt>
      <trkpt lat="48.580227148" lon="-1.551234203">
        <ele>6.92</ele>
      </trkpt>
      <trkpt lat="48.580269839" lon="-1.551271874">
        <ele>7.08</ele>
      </trkpt>
      <trkpt lat="48.580299225" lon="-1.551304272">
        <ele>7.24</ele>
      </trkpt>
      <trkpt lat="48.580328191" lon="-1.551347221">
        <ele>7.41</ele>
      </trkpt>
      <trkpt lat="48.580354223" lon="-1.551396017">
        <ele>7.55</ele>
      </trkpt>
      <trkpt lat="48.580372255" lon="-1.551442044">
        <ele>7.63</ele>
      </trkpt>
      <trkpt lat="48.580383069" lon="-1.551489462">
        <ele>7.73</ele>
      </trkpt>
      <trkpt lat="48.580390237" lon="-1.55154021">
        <ele>7.48</ele>
      </trkpt>
      <trkpt lat="48.580399424" lon="-1.551652246">
        <ele>7.46</ele>
      </trkpt>
      <trkpt lat="48.580405488" lon="-1.55172734">
        <ele>7.34</ele>
      </trkpt>
      <trkpt lat="48.580419488" lon="-1.551952644">
        <ele>7.26</ele>
      </trkpt>
      <trkpt lat="48.580432534" lon="-1.552150981">
        <ele>7.2</ele>
      </trkpt>
      <trkpt lat="48.580445779" lon="-1.55234771">
        <ele>7.47</ele>
      </trkpt>
      <trkpt lat="48.580470019" lon="-1.552702662">
        <ele>7.43</ele>
      </trkpt>
      <trkpt lat="48.580481348" lon="-1.552828741">
        <ele>7.53</ele>
      </trkpt>
      <trkpt lat="48.58050782" lon="-1.5530564">
        <ele>7.48</ele>
      </trkpt>
      <trkpt lat="48.58053481" lon="-1.553220157">
        <ele>7.48</ele>
      </trkpt>
      <trkpt lat="48.580583683" lon="-1.553428249">
        <ele>7.26</ele>
      </trkpt>
      <trkpt lat="48.58063496" lon="-1.553592978">
        <ele>7.39</ele>
      </trkpt>
      <trkpt lat="48.580712606" lon="-1.553777613">
        <ele>7.41</ele>
      </trkpt>
      <trkpt lat="48.58077218" lon="-1.553869766">
        <ele>7.42</ele>
      </trkpt>
      <trkpt lat="48.580823508" lon="-1.553928559">
        <ele>7.09</ele>
      </trkpt>
      <trkpt lat="48.580930114" lon="-1.554050671">
        <ele>6.96</ele>
      </trkpt>
      <trkpt lat="48.58100694" lon="-1.554146366">
        <ele>6.79</ele>
      </trkpt>
      <trkpt lat="48.581043671" lon="-1.554192117">
        <ele>6.69</ele>
      </trkpt>
      <trkpt lat="48.581126876" lon="-1.554234693">
        <ele>6.49</ele>
      </trkpt>
      <trkpt lat="48.581136512" lon="-1.554239625">
        <ele>6.8</ele>
      </trkpt>
      <trkpt lat="48.581260087" lon="-1.554258548">
        <ele>7.19</ele>
      </trkpt>
      <trkpt lat="48.581407986" lon="-1.554301269">
        <ele>7.35</ele>
      </trkpt>
      <trkpt lat="48.581450094" lon="-1.554333187">
        <ele>7.53</ele>
      </trkpt>
      <trkpt lat="48.581451164" lon="-1.554354848">
        <ele>7.94</ele>
      </trkpt>
      <trkpt lat="48.581453609" lon="-1.554404383">
        <ele>8.04</ele>
      </trkpt>
      <trkpt lat="48.581443772" lon="-1.554566436">
        <ele>7.79</ele>
      </trkpt>
      <trkpt lat="48.581420195" lon="-1.554829081">
        <ele>7.67</ele>
      </trkpt>
      <trkpt lat="48.581409141" lon="-1.555072499">
        <ele>7.73</ele>
      </trkpt>
      <trkpt lat="48.581419125" lon="-1.555211901">
        <ele>7.86</ele>
      </trkpt>
      <trkpt lat="48.581641133" lon="-1.555975424">
        <ele>7.64</ele>
      </trkpt>
      <trkpt lat="48.581712733" lon="-1.556223478">
        <ele>7.88</ele>
      </trkpt>
      <trkpt lat="48.581766987" lon="-1.556432065">
        <ele>7.96</ele>
      </trkpt>
      <trkpt lat="48.581894035" lon="-1.556994322">
        <ele>7.81</ele>
      </trkpt>
      <trkpt lat="48.581897212" lon="-1.557035417">
        <ele>7.38</ele>
      </trkpt>
      <trkpt lat="48.581904911" lon="-1.557135032">
        <ele>7.39</ele>
      </trkpt>
      <trkpt lat="48.581904766" lon="-1.557215265">
        <ele>7.2</ele>
      </trkpt>
      <trkpt lat="48.581904598" lon="-1.557308947">
        <ele>7.24</ele>
      </trkpt>
      <trkpt lat="48.581914721" lon="-1.557654897">
        <ele>7.3</ele>
      </trkpt>
      <trkpt lat="48.581930946" lon="-1.557838793">
        <ele>7.31</ele>
      </trkpt>
      <trkpt lat="48.58197689" lon="-1.558359561">
        <ele>7.38</ele>
      </trkpt>
      <trkpt lat="48.582047468" lon="-1.559127721">
        <ele>7.3</ele>
      </trkpt>
      <trkpt lat="48.582078276" lon="-1.559639302">
        <ele>7.01</ele>
      </trkpt>
      <trkpt lat="48.582079089" lon="-1.560181167">
        <ele>6.77</ele>
      </trkpt>
      <trkpt lat="48.58207912" lon="-1.560257461">
        <ele>6.77</ele>
      </trkpt>
      <trkpt lat="48.582079614" lon="-1.561505552">
        <ele>6.49</ele>
      </trkpt>
      <trkpt lat="48.582077328" lon="-1.562740878">
        <ele>6.68</ele>
      </trkpt>
      <trkpt lat="48.582081377" lon="-1.563526226">
        <ele>6.86</ele>
      </trkpt>
      <trkpt lat="48.58210265" lon="-1.563762162">
        <ele>6.82</ele>
      </trkpt>
      <trkpt lat="48.582108886" lon="-1.563831324">
        <ele>6.88</ele>
      </trkpt>
      <trkpt lat="48.582113596" lon="-1.563883556">
        <ele>7.14</ele>
      </trkpt>
      <trkpt lat="48.582151202" lon="-1.564055209">
        <ele>7.18</ele>
      </trkpt>
      <trkpt lat="48.582184185" lon="-1.564132387">
        <ele>7.03</ele>
      </trkpt>
      <trkpt lat="48.582211515" lon="-1.564196339">
        <ele>7.12</ele>
      </trkpt>
      <trkpt lat="48.582302316" lon="-1.564365889">
        <ele>7.07</ele>
      </trkpt>
      <trkpt lat="48.58243018" lon="-1.564591903">
        <ele>6.97</ele>
      </trkpt>
      <trkpt lat="48.582472853" lon="-1.564667335">
        <ele>6.98</ele>
      </trkpt>
      <trkpt lat="48.582649048" lon="-1.564982737">
        <ele>7.15</ele>
      </trkpt>
      <trkpt lat="48.582743332" lon="-1.565103186">
        <ele>7.29</ele>
      </trkpt>
      <trkpt lat="48.582847448" lon="-1.565236196">
        <ele>7.16</ele>
      </trkpt>
      <trkpt lat="48.583046115" lon="-1.565388249">
        <ele>7.21</ele>
      </trkpt>
      <trkpt lat="48.583292201" lon="-1.565503468">
        <ele>7.24</ele>
      </trkpt>
      <trkpt lat="48.583926227" lon="-1.565721507">
        <ele>7.33</ele>
      </trkpt>
      <trkpt lat="48.584245262" lon="-1.565835202">
        <ele>7.44</ele>
      </trkpt>
      <trkpt lat="48.584277693" lon="-1.56584676">
        <ele>7.72</ele>
      </trkpt>
      <trkpt lat="48.584769802" lon="-1.566022137">
        <ele>7.9</ele>
      </trkpt>
      <trkpt lat="48.584942128" lon="-1.566082133">
        <ele>7.77</ele>
      </trkpt>
      <trkpt lat="48.58512275" lon="-1.566145017">
        <ele>7.6</ele>
      </trkpt>
      <trkpt lat="48.585224908" lon="-1.566142352">
        <ele>7.42</ele>
      </trkpt>
      <trkpt lat="48.585232209" lon="-1.566142162">
        <ele>7.29</ele>
      </trkpt>
      <trkpt lat="48.585276162" lon="-1.566141015">
        <ele>7.14</ele>
      </trkpt>
      <trkpt lat="48.585463841" lon="-1.566060682">
        <ele>7.2</ele>
      </trkpt>
      <trkpt lat="48.585617997" lon="-1.565987246">
        <ele>7.26</ele>
      </trkpt>
      <trkpt lat="48.585658501" lon="-1.56596795">
        <ele>7.19</ele>
      </trkpt>
      <trkpt lat="48.585751926" lon="-1.565944757">
        <ele>7.3</ele>
      </trkpt>
      <trkpt lat="48.585793086" lon="-1.565934538">
        <ele>7.35</ele>
      </trkpt>
      <trkpt lat="48.58586504" lon="-1.565939843">
        <ele>7.38</ele>
      </trkpt>
      <trkpt lat="48.585883794" lon="-1.565943998">
        <ele>7.53</ele>
      </trkpt>
      <trkpt lat="48.585963048" lon="-1.566013521">
        <ele>7.53</ele>
      </trkpt>
      <trkpt lat="48.586017695" lon="-1.566069813">
        <ele>7.32</ele>
      </trkpt>
      <trkpt lat="48.586498088" lon="-1.566574289">
        <ele>7.08</ele>
      </trkpt>
      <trkpt lat="48.586650082" lon="-1.56675222">
        <ele>6.98</ele>
      </trkpt>
      <trkpt lat="48.586970825" lon="-1.567135216">
        <ele>6.55</ele>
      </trkpt>
      <trkpt lat="48.587354456" lon="-1.567415211">
        <ele>6.42</ele>
      </trkpt>
      <trkpt lat="48.587383799" lon="-1.567436402">
        <ele>6.57</ele>
      </trkpt>
      <trkpt lat="48.587630288" lon="-1.567614412">
        <ele>6.82</ele>
      </trkpt>
      <trkpt lat="48.587714973" lon="-1.567675571">
        <ele>6.64</ele>
      </trkpt>
      <trkpt lat="48.588114087" lon="-1.567849016">
        <ele>6.65</ele>
      </trkpt>
      <trkpt lat="48.588552386" lon="-1.567917815">
        <ele>6.64</ele>
      </trkpt>
      <trkpt lat="48.589052394" lon="-1.567919337">
        <ele>6.48</ele>
      </trkpt>
      <trkpt lat="48.589205691" lon="-1.567902071">
        <ele>6.28</ele>
      </trkpt>
      <trkpt lat="48.589253084" lon="-1.567896732">
        <ele>6.42</ele>
      </trkpt>
      <trkpt lat="48.589530468" lon="-1.567865488">
        <ele>6.51</ele>
      </trkpt>
      <trkpt lat="48.589772762" lon="-1.567815031">
        <ele>6.75</ele>
      </trkpt>
      <trkpt lat="48.589974082" lon="-1.567773105">
        <ele>7.1</ele>
      </trkpt>
      <trkpt lat="48.590111842" lon="-1.56792697">
        <ele>7.29</ele>
      </trkpt>
      <trkpt lat="48.590633999" lon="-1.568343005">
        <ele>7.42</ele>
      </trkpt>
      <trkpt lat="48.591075288" lon="-1.568681213">
        <ele>7.63</ele>
      </trkpt>
      <trkpt lat="48.591278422" lon="-1.569019618">
        <ele>7.63</ele>
      </trkpt>
      <trkpt lat="48.59146262" lon="-1.569571786">
        <ele>7.6</ele>
      </trkpt>
      <trkpt lat="48.591605816" lon="-1.569923612">
        <ele>7.66</ele>
      </trkpt>
      <trkpt lat="48.591708642" lon="-1.570415956">
        <ele>7.83</ele>
      </trkpt>
      <trkpt lat="48.591752625" lon="-1.570885845">
        <ele>7.69</ele>
      </trkpt>
      <trkpt lat="48.591879239" lon="-1.571379978">
        <ele>7.65</ele>
      </trkpt>
      <trkpt lat="48.592103824" lon="-1.572150648">
        <ele>7.39</ele>
      </trkpt>
      <trkpt lat="48.592375304" lon="-1.572942888">
        <ele>7.53</ele>
      </trkpt>
      <trkpt lat="48.592523837" lon="-1.573492543">
        <ele>7.25</ele>
      </trkpt>
      <trkpt lat="48.592640274" lon="-1.573932061">
        <ele>7.3</ele>
      </trkpt>
      <trkpt lat="48.592688473" lon="-1.574276641">
        <ele>7.58</ele>
      </trkpt>
      <trkpt lat="48.592802541" lon="-1.574787759">
        <ele>7.6</ele>
      </trkpt>
      <trkpt lat="48.592954021" lon="-1.575247961">
        <ele>7.58</ele>
      </trkpt>
      <trkpt lat="48.593196351" lon="-1.575840492">
        <ele>7.7</ele>
      </trkpt>
      <trkpt lat="48.593379908" lon="-1.576051694">
        <ele>7.89</ele>
      </trkpt>
      <trkpt lat="48.593534922" lon="-1.576045427">
        <ele>7.64</ele>
      </trkpt>
      <trkpt lat="48.593657858" lon="-1.576288032">
        <ele>7.95</ele>
      </trkpt>
      <trkpt lat="48.59376421" lon="-1.576672944">
        <ele>8</ele>
      </trkpt>
      <trkpt lat="48.593882512" lon="-1.577417772">
        <ele>8.07</ele>
      </trkpt>
      <trkpt lat="48.594027966" lon="-1.577697895">
        <ele>7.91</ele>
      </trkpt>
      <trkpt lat="48.594174101" lon="-1.57796016">
        <ele>8.08</ele>
      </trkpt>
      <trkpt lat="48.594396854" lon="-1.578425741">
        <ele>8.13</ele>
      </trkpt>
      <trkpt lat="48.59450024" lon="-1.578900128">
        <ele>8.18</ele>
      </trkpt>
      <trkpt lat="48.594548921" lon="-1.579226986">
        <ele>8.32</ele>
      </trkpt>
      <trkpt lat="48.594732477" lon="-1.579797227">
        <ele>8.43</ele>
      </trkpt>
      <trkpt lat="48.595053862" lon="-1.580880415">
        <ele>8.29</ele>
      </trkpt>
      <trkpt lat="48.595375239" lon="-1.581963615">
        <ele>8.24</ele>
      </trkpt>
      <trkpt lat="48.595601534" lon="-1.582680648">
        <ele>8.3</ele>
      </trkpt>
      <trkpt lat="48.595881249" lon="-1.582863298">
        <ele>8.44</ele>
      </trkpt>
      <trkpt lat="48.596166886" lon="-1.583225911">
        <ele>8.4</ele>
      </trkpt>
      <trkpt lat="48.596293452" lon="-1.583719981">
        <ele>8.83</ele>
      </trkpt>
      <trkpt lat="48.596460298" lon="-1.584432696">
        <ele>8.87</ele>
      </trkpt>
      <trkpt lat="48.596658654" lon="-1.584555365">
        <ele>8.29</ele>
      </trkpt>
      <trkpt lat="48.596944972" lon="-1.584899998">
        <ele>7.95</ele>
      </trkpt>
      <trkpt lat="48.597091682" lon="-1.585144432">
        <ele>8.11</ele>
      </trkpt>
      <trkpt lat="48.597319065" lon="-1.585466722">
        <ele>7.64</ele>
      </trkpt>
      <trkpt lat="48.59764338" lon="-1.586101487">
        <ele>7.25</ele>
      </trkpt>
      <trkpt lat="48.597887451" lon="-1.586281343">
        <ele>7.26</ele>
      </trkpt>
      <trkpt lat="48.598158262" lon="-1.586732567">
        <ele>7.1</ele>
      </trkpt>
      <trkpt lat="48.598486041" lon="-1.587259871">
        <ele>6.75</ele>
      </trkpt>
      <trkpt lat="48.598647563" lon="-1.587452567">
        <ele>6.94</ele>
      </trkpt>
      <trkpt lat="48.598668537" lon="-1.587477192">
        <ele>6.89</ele>
      </trkpt>
      <trkpt lat="48.598761003" lon="-1.587585764">
        <ele>6.95</ele>
      </trkpt>
      <trkpt lat="48.599412505" lon="-1.588406831">
        <ele>6.84</ele>
      </trkpt>
      <trkpt lat="48.599983772" lon="-1.588772979">
        <ele>6.93</ele>
      </trkpt>
      <trkpt lat="48.600742722" lon="-1.589225211">
        <ele>6.53</ele>
      </trkpt>
      <trkpt lat="48.601233911" lon="-1.589495513">
        <ele>6.54</ele>
      </trkpt>
      <trkpt lat="48.602092598" lon="-1.589811576">
        <ele>6.46</ele>
      </trkpt>
      <trkpt lat="48.60243521" lon="-1.589891283">
        <ele>6.45</ele>
      </trkpt>
      <trkpt lat="48.602701899" lon="-1.589749902">
        <ele>6.6</ele>
      </trkpt>
      <trkpt lat="48.60293405" lon="-1.589569817">
        <ele>6.94</ele>
      </trkpt>
      <trkpt lat="48.603200713" lon="-1.589787513">
        <ele>7.29</ele>
      </trkpt>
      <trkpt lat="48.603700187" lon="-1.590166209">
        <ele>7.84</ele>
      </trkpt>
      <trkpt lat="48.604196626" lon="-1.590275436">
        <ele>8.85</ele>
      </trkpt>
      <trkpt lat="48.604286265" lon="-1.590443826">
        <ele>9.45</ele>
      </trkpt>
      <trkpt lat="48.604586136" lon="-1.591453875">
        <ele>9.54</ele>
      </trkpt>
      <trkpt lat="48.60443118" lon="-1.591819191">
        <ele>9.77</ele>
      </trkpt>
      <trkpt lat="48.604340878" lon="-1.592386978">
        <ele>9.78</ele>
      </trkpt>
      <trkpt lat="48.604326022" lon="-1.592834652">
        <ele>9.47</ele>
      </trkpt>
      <trkpt lat="48.604410905" lon="-1.593146271">
        <ele>9.31</ele>
      </trkpt>
      <trkpt lat="48.604629441" lon="-1.593737231">
        <ele>9.05</ele>
      </trkpt>
      <trkpt lat="48.604631275" lon="-1.594042584">
        <ele>9.06</ele>
      </trkpt>
      <trkpt lat="48.60444058" lon="-1.594405194">
        <ele>9.18</ele>
      </trkpt>
      <trkpt lat="48.604359187" lon="-1.594704265">
        <ele>9.14</ele>
      </trkpt>
      <trkpt lat="48.604394877" lon="-1.59506605">
        <ele>8.92</ele>
      </trkpt>
      <trkpt lat="48.60454509" lon="-1.595562152">
        <ele>9.49</ele>
      </trkpt>
      <trkpt lat="48.60490307" lon="-1.596612592">
        <ele>9.36</ele>
      </trkpt>
      <trkpt lat="48.605073502" lon="-1.597217853">
        <ele>9.45</ele>
      </trkpt>
      <trkpt lat="48.605225492" lon="-1.597660225">
        <ele>9.18</ele>
      </trkpt>
      <trkpt lat="48.605428545" lon="-1.597998702">
        <ele>9.02</ele>
      </trkpt>
      <trkpt lat="48.605592684" lon="-1.598195768">
        <ele>8.64</ele>
      </trkpt>
      <trkpt lat="48.606469169" lon="-1.599413908">
        <ele>8.28</ele>
      </trkpt>
      <trkpt lat="48.607708364" lon="-1.601990437">
        <ele>7.55</ele>
      </trkpt>
      <trkpt lat="48.607758484" lon="-1.602448864">
        <ele>7.64</ele>
      </trkpt>
      <trkpt lat="48.607863339" lon="-1.605377575">
        <ele>7.61</ele>
      </trkpt>
      <trkpt lat="48.60800973" lon="-1.606080947">
        <ele>7.6</ele>
      </trkpt>
      <trkpt lat="48.608075228" lon="-1.606866656">
        <ele>7.8</ele>
      </trkpt>
      <trkpt lat="48.608075297" lon="-1.606867216">
        <ele>8.14</ele>
      </trkpt>
      <trkpt lat="48.608075309" lon="-1.606867788">
        <ele>7.87</ele>
      </trkpt>
      <trkpt lat="48.608075919" lon="-1.606895651">
        <ele>7.81</ele>
      </trkpt>
      <trkpt lat="48.608077814" lon="-1.606982255">
        <ele>7.75</ele>
      </trkpt>
      <trkpt lat="48.608089152" lon="-1.607500501">
        <ele>7.65</ele>
      </trkpt>
      <trkpt lat="48.608212035" lon="-1.60810224">
        <ele>7.76</ele>
      </trkpt>
      <trkpt lat="48.608515251" lon="-1.609364097">
        <ele>7.93</ele>
      </trkpt>
      <trkpt lat="48.608548509" lon="-1.60979754">
        <ele>8.15</ele>
      </trkpt>
      <trkpt lat="48.608549612" lon="-1.610120918">
        <ele>7.76</ele>
      </trkpt>
      <trkpt lat="48.608588569" lon="-1.611452474">
        <ele>7.75</ele>
      </trkpt>
      <trkpt lat="48.608688833" lon="-1.612016682">
        <ele>7.72</ele>
      </trkpt>
      <trkpt lat="48.608870436" lon="-1.612640944">
        <ele>7.61</ele>
      </trkpt>
      <trkpt lat="48.608914247" lon="-1.613111161">
        <ele>7.22</ele>
      </trkpt>
      <trkpt lat="48.608962132" lon="-1.61417413">
        <ele>8.03</ele>
      </trkpt>
      <trkpt lat="48.609004134" lon="-1.615057089">
        <ele>8.59</ele>
      </trkpt>
      <trkpt lat="48.609049713" lon="-1.615832692">
        <ele>8.61</ele>
      </trkpt>
      <trkpt lat="48.609034421" lon="-1.617716897">
        <ele>8.85</ele>
      </trkpt>
      <trkpt lat="48.608948418" lon="-1.619577679">
        <ele>9.08</ele>
      </trkpt>
      <trkpt lat="48.608845588" lon="-1.622299036">
        <ele>8.84</ele>
      </trkpt>
      <trkpt lat="48.608653401" lon="-1.623774821">
        <ele>8.53</ele>
      </trkpt>
      <trkpt lat="48.608392827" lon="-1.625155409">
        <ele>7.95</ele>
      </trkpt>
      <trkpt lat="48.608308915" lon="-1.625885195">
        <ele>7.89</ele>
      </trkpt>
      <trkpt lat="48.607871255" lon="-1.625798007">
        <ele>7.53</ele>
      </trkpt>
      <trkpt lat="48.607693002" lon="-1.626143564">
        <ele>6.87</ele>
      </trkpt>
      <trkpt lat="48.607136908" lon="-1.628884352">
        <ele>6.38</ele>
      </trkpt>
      <trkpt lat="48.606860823" lon="-1.630371459">
        <ele>7.29</ele>
      </trkpt>
      <trkpt lat="48.6066638" lon="-1.631631274">
        <ele>7.56</ele>
      </trkpt>
      <trkpt lat="48.606822046" lon="-1.632594877">
        <ele>8.4</ele>
      </trkpt>
      <trkpt lat="48.606994376" lon="-1.633846881">
        <ele>9.03</ele>
      </trkpt>
      <trkpt lat="48.607021711" lon="-1.634056088">
        <ele>9.47</ele>
      </trkpt>
      <trkpt lat="48.607031336" lon="-1.634129755">
        <ele>8.94</ele>
      </trkpt>
      <trkpt lat="48.607051246" lon="-1.634282135">
        <ele>8.46</ele>
      </trkpt>
      <trkpt lat="48.60703763" lon="-1.635753411">
        <ele>8.43</ele>
      </trkpt>
      <trkpt lat="48.607079902" lon="-1.636977594">
        <ele>8.44</ele>
      </trkpt>
      <trkpt lat="48.607167248" lon="-1.638277018">
        <ele>8.51</ele>
      </trkpt>
      <trkpt lat="48.607270818" lon="-1.639092883">
        <ele>8.17</ele>
      </trkpt>
      <trkpt lat="48.607432009" lon="-1.639967036">
        <ele>8.13</ele>
      </trkpt>
      <trkpt lat="48.606996495" lon="-1.640526339">
        <ele>7.58</ele>
      </trkpt>
      <trkpt lat="48.607145456" lon="-1.642117804">
        <ele>7.41</ele>
      </trkpt>
      <trkpt lat="48.607672336" lon="-1.646987959">
        <ele>6.92</ele>
      </trkpt>
      <trkpt lat="48.608039655" lon="-1.649871055">
        <ele>7.35</ele>
      </trkpt>
      <trkpt lat="48.608419232" lon="-1.65309622">
        <ele>7.33</ele>
      </trkpt>
      <trkpt lat="48.608560402" lon="-1.65456136">
        <ele>7.09</ele>
      </trkpt>
      <trkpt lat="48.608537593" lon="-1.654882915">
        <ele>6.99</ele>
      </trkpt>
      <trkpt lat="48.608372179" lon="-1.655552536">
        <ele>7.09</ele>
      </trkpt>
      <trkpt lat="48.608018897" lon="-1.656494944">
        <ele>7.07</ele>
      </trkpt>
      <trkpt lat="48.607488836" lon="-1.658088289">
        <ele>7.36</ele>
      </trkpt>
      <trkpt lat="48.6072787" lon="-1.659023734">
        <ele>7.94</ele>
      </trkpt>
      <trkpt lat="48.607251738" lon="-1.659470643">
        <ele>8.03</ele>
      </trkpt>
      <trkpt lat="48.607281099" lon="-1.660011453">
        <ele>7.56</ele>
      </trkpt>
      <trkpt lat="48.607403018" lon="-1.660631303">
        <ele>7.71</ele>
      </trkpt>
      <trkpt lat="48.607583154" lon="-1.661291594">
        <ele>7.76</ele>
      </trkpt>
      <trkpt lat="48.608019537" lon="-1.662474301">
        <ele>7.23</ele>
      </trkpt>
      <trkpt lat="48.60811894" lon="-1.662823047">
        <ele>7.18</ele>
      </trkpt>
      <trkpt lat="48.608191493" lon="-1.663006104">
        <ele>7.57</ele>
      </trkpt>
      <trkpt lat="48.608386448" lon="-1.663597671">
        <ele>6.86</ele>
      </trkpt>
      <trkpt lat="48.608855202" lon="-1.665146031">
        <ele>6.26</ele>
      </trkpt>
      <trkpt lat="48.6097845" lon="-1.667976196">
        <ele>6.35</ele>
      </trkpt>
      <trkpt lat="48.610271815" lon="-1.668036852">
        <ele>6.12</ele>
      </trkpt>
      <trkpt lat="48.610429729" lon="-1.668648985">
        <ele>6.17</ele>
      </trkpt>
      <trkpt lat="48.610904399" lon="-1.670489073">
        <ele>6.58</ele>
      </trkpt>
      <trkpt lat="48.610937239" lon="-1.67142374">
        <ele>7.05</ele>
      </trkpt>
      <trkpt lat="48.610974295" lon="-1.672478897">
        <ele>7.28</ele>
      </trkpt>
      <trkpt lat="48.61082406" lon="-1.676011875">
        <ele>7.88</ele>
      </trkpt>
      <trkpt lat="48.610733473" lon="-1.676433123">
        <ele>8.25</ele>
      </trkpt>
      <trkpt lat="48.610689449" lon="-1.677408101">
        <ele>8.35</ele>
      </trkpt>
      <trkpt lat="48.610612083" lon="-1.679230202">
        <ele>8.31</ele>
      </trkpt>
      <trkpt lat="48.610483586" lon="-1.680180442">
        <ele>8.03</ele>
      </trkpt>
      <trkpt lat="48.610134864" lon="-1.683687023">
        <ele>7.58</ele>
      </trkpt>
      <trkpt lat="48.6099595" lon="-1.685278029">
        <ele>7.31</ele>
      </trkpt>
      <trkpt lat="48.60975076" lon="-1.68683871">
        <ele>7.19</ele>
      </trkpt>
      <trkpt lat="48.609739415" lon="-1.68693178">
        <ele>7.06</ele>
      </trkpt>
      <trkpt lat="48.6096303" lon="-1.687677645">
        <ele>7.16</ele>
      </trkpt>
      <trkpt lat="48.609099547" lon="-1.690163166">
        <ele>7.3</ele>
      </trkpt>
      <trkpt lat="48.608678492" lon="-1.69225044">
        <ele>7.54</ele>
      </trkpt>
      <trkpt lat="48.607893893" lon="-1.696638886">
        <ele>7.83</ele>
      </trkpt>
      <trkpt lat="48.60782704" lon="-1.697012765">
        <ele>7.87</ele>
      </trkpt>
      <trkpt lat="48.607824217" lon="-1.697011822">
        <ele>8.55</ele>
      </trkpt>
      <trkpt lat="48.60730343" lon="-1.696837839">
        <ele>8.67</ele>
      </trkpt>
      <trkpt lat="48.607145246" lon="-1.698068971">
        <ele>8.65</ele>
      </trkpt>
      <trkpt lat="48.606973715" lon="-1.700277365">
        <ele>8.69</ele>
      </trkpt>
      <trkpt lat="48.606841462" lon="-1.701917458">
        <ele>8.94</ele>
      </trkpt>
      <trkpt lat="48.606679847" lon="-1.703021185">
        <ele>8.44</ele>
      </trkpt>
      <trkpt lat="48.606572982" lon="-1.704231496">
        <ele>8.44</ele>
      </trkpt>
      <trkpt lat="48.606463989" lon="-1.705708463">
        <ele>8.5</ele>
      </trkpt>
      <trkpt lat="48.606325396" lon="-1.707081098">
        <ele>8.2</ele>
      </trkpt>
      <trkpt lat="48.606313857" lon="-1.70763957">
        <ele>8.05</ele>
      </trkpt>
      <trkpt lat="48.606174627" lon="-1.708973628">
        <ele>8.17</ele>
      </trkpt>
      <trkpt lat="48.606033998" lon="-1.709545514">
        <ele>8.09</ele>
      </trkpt>
      <trkpt lat="48.605626904" lon="-1.7104619">
        <ele>8.05</ele>
      </trkpt>
      <trkpt lat="48.60518923" lon="-1.711299278">
        <ele>7.98</ele>
      </trkpt>
      <trkpt lat="48.605054343" lon="-1.712151216">
        <ele>7.67</ele>
      </trkpt>
      <trkpt lat="48.604785144" lon="-1.717264435">
        <ele>7.16</ele>
      </trkpt>
      <trkpt lat="48.604589272" lon="-1.720902613">
        <ele>7.08</ele>
      </trkpt>
      <trkpt lat="48.604650272" lon="-1.721276626">
        <ele>7</ele>
      </trkpt>
      <trkpt lat="48.605703454" lon="-1.721282746">
        <ele>7.3</ele>
      </trkpt>
      <trkpt lat="48.605841679" lon="-1.721409593">
        <ele>7.59</ele>
      </trkpt>
      <trkpt lat="48.60587899" lon="-1.72174335">
        <ele>7.7</ele>
      </trkpt>
      <trkpt lat="48.60586963" lon="-1.722052635">
        <ele>7.6</ele>
      </trkpt>
      <trkpt lat="48.605847454" lon="-1.722784677">
        <ele>7.47</ele>
      </trkpt>
      <trkpt lat="48.605820997" lon="-1.723191905">
        <ele>7.22</ele>
      </trkpt>
      <trkpt lat="48.605820253" lon="-1.723305738">
        <ele>7.04</ele>
      </trkpt>
      <trkpt lat="48.605747224" lon="-1.726778782">
        <ele>6.88</ele>
      </trkpt>
      <trkpt lat="48.605607697" lon="-1.730690295">
        <ele>6.71</ele>
      </trkpt>
      <trkpt lat="48.605669027" lon="-1.73073999">
        <ele>6.54</ele>
      </trkpt>
      <trkpt lat="48.605633896" lon="-1.732004956">
        <ele>6.6</ele>
      </trkpt>
      <trkpt lat="48.605629406" lon="-1.732166561">
        <ele>6.44</ele>
      </trkpt>
      <trkpt lat="48.605525215" lon="-1.735289605">
        <ele>6.71</ele>
      </trkpt>
      <trkpt lat="48.605382338" lon="-1.739568173">
        <ele>6.75</ele>
      </trkpt>
      <trkpt lat="48.60527936" lon="-1.742248538">
        <ele>6.81</ele>
      </trkpt>
      <trkpt lat="48.605146505" lon="-1.745704244">
        <ele>6.72</ele>
      </trkpt>
      <trkpt lat="48.604939849" lon="-1.747562035">
        <ele>6.82</ele>
      </trkpt>
      <trkpt lat="48.604929067" lon="-1.747658958">
        <ele>6.74</ele>
      </trkpt>
      <trkpt lat="48.604855569" lon="-1.747915824">
        <ele>6.86</ele>
      </trkpt>
      <trkpt lat="48.604934133" lon="-1.747963393">
        <ele>7.06</ele>
      </trkpt>
      <trkpt lat="48.604943902" lon="-1.748049612">
        <ele>7.56</ele>
      </trkpt>
      <trkpt lat="48.604902719" lon="-1.749272766">
        <ele>7.77</ele>
      </trkpt>
      <trkpt lat="48.604744519" lon="-1.750696461">
        <ele>7.89</ele>
      </trkpt>
      <trkpt lat="48.604524122" lon="-1.752110001">
        <ele>7.96</ele>
      </trkpt>
      <trkpt lat="48.604434049" lon="-1.752592419">
        <ele>7.89</ele>
      </trkpt>
      <trkpt lat="48.604326935" lon="-1.753166119">
        <ele>7.43</ele>
      </trkpt>
      <trkpt lat="48.604273168" lon="-1.753366871">
        <ele>7.37</ele>
      </trkpt>
      <trkpt lat="48.603945072" lon="-1.75459192">
        <ele>7.34</ele>
      </trkpt>
      <trkpt lat="48.603726394" lon="-1.755918947">
        <ele>7.46</ele>
      </trkpt>
      <trkpt lat="48.60368634" lon="-1.756191515">
        <ele>7.52</ele>
      </trkpt>
      <trkpt lat="48.603577628" lon="-1.756931301">
        <ele>7.65</ele>
      </trkpt>
      <trkpt lat="48.60349163" lon="-1.757732338">
        <ele>7.71</ele>
      </trkpt>
      <trkpt lat="48.60348397" lon="-1.757797215">
        <ele>7.31</ele>
      </trkpt>
      <trkpt lat="48.603392439" lon="-1.75857265">
        <ele>6.92</ele>
      </trkpt>
      <trkpt lat="48.602770832" lon="-1.761369658">
        <ele>6.54</ele>
      </trkpt>
      <trkpt lat="48.602749065" lon="-1.762657387">
        <ele>6.35</ele>
      </trkpt>
      <trkpt lat="48.602849782" lon="-1.762535343">
        <ele>6.13</ele>
      </trkpt>
      <trkpt lat="48.603174847" lon="-1.762571558">
        <ele>6.38</ele>
      </trkpt>
      <trkpt lat="48.60329834" lon="-1.762635495">
        <ele>6.59</ele>
      </trkpt>
      <trkpt lat="48.60322686" lon="-1.763078519">
        <ele>7.08</ele>
      </trkpt>
      <trkpt lat="48.60324373" lon="-1.764073053">
        <ele>7.11</ele>
      </trkpt>
      <trkpt lat="48.603106894" lon="-1.765213675">
        <ele>7.25</ele>
      </trkpt>
      <trkpt lat="48.602773877" lon="-1.765162697">
        <ele>7.11</ele>
      </trkpt>
      <trkpt lat="48.602710119" lon="-1.76644258">
        <ele>6.76</ele>
      </trkpt>
      <trkpt lat="48.602612934" lon="-1.76647056">
        <ele>6.08</ele>
      </trkpt>
      <trkpt lat="48.602494697" lon="-1.767247614">
        <ele>5.43</ele>
      </trkpt>
      <trkpt lat="48.602421316" lon="-1.767645264">
        <ele>5.44</ele>
      </trkpt>
      <trkpt lat="48.602313493" lon="-1.768229548">
        <ele>5.85</ele>
      </trkpt>
      <trkpt lat="48.602209389" lon="-1.76879366">
        <ele>6.61</ele>
      </trkpt>
      <trkpt lat="48.602108369" lon="-1.769350664">
        <ele>7.53</ele>
      </trkpt>
      <trkpt lat="48.602022342" lon="-1.76980119">
        <ele>8.92</ele>
      </trkpt>
      <trkpt lat="48.601999049" lon="-1.770203494">
        <ele>9.36</ele>
      </trkpt>
      <trkpt lat="48.602002215" lon="-1.770570479">
        <ele>9.6</ele>
      </trkpt>
      <trkpt lat="48.602045972" lon="-1.770995081">
        <ele>9.52</ele>
      </trkpt>
      <trkpt lat="48.602835544" lon="-1.774392564">
        <ele>9.33</ele>
      </trkpt>
      <trkpt lat="48.603443206" lon="-1.773982255">
        <ele>8.64</ele>
      </trkpt>
      <trkpt lat="48.603443206" lon="-1.773982255">
        <ele>8.64</ele>
      </trkpt>
      <trkpt lat="48.603428275" lon="-1.774486821">
        <ele>9.3</ele>
      </trkpt>
      <trkpt lat="48.603484576" lon="-1.774941675">
        <ele>8.37</ele>
      </trkpt>
      <trkpt lat="48.603547971" lon="-1.776015538">
        <ele>7.9</ele>
      </trkpt>
      <trkpt lat="48.603614934" lon="-1.77648542">
        <ele>7.69</ele>
      </trkpt>
      <trkpt lat="48.603816242" lon="-1.777528427">
        <ele>7.75</ele>
      </trkpt>
      <trkpt lat="48.603943245" lon="-1.778186249">
        <ele>7.72</ele>
      </trkpt>
      <trkpt lat="48.604442067" lon="-1.780629991">
        <ele>7.24</ele>
      </trkpt>
      <trkpt lat="48.604743287" lon="-1.782152488">
        <ele>7.35</ele>
      </trkpt>
      <trkpt lat="48.605441607" lon="-1.785419727">
        <ele>7.08</ele>
      </trkpt>
      <trkpt lat="48.606143754" lon="-1.790898544">
        <ele>7.02</ele>
      </trkpt>
      <trkpt lat="48.606107241" lon="-1.791318587">
        <ele>6.88</ele>
      </trkpt>
      <trkpt lat="48.606103756" lon="-1.791358679">
        <ele>7.06</ele>
      </trkpt>
      <trkpt lat="48.606120692" lon="-1.791534546">
        <ele>7.21</ele>
      </trkpt>
      <trkpt lat="48.606347875" lon="-1.793894019">
        <ele>7.4</ele>
      </trkpt>
      <trkpt lat="48.606668436" lon="-1.797224151">
        <ele>7.75</ele>
      </trkpt>
      <trkpt lat="48.606951938" lon="-1.800302666">
        <ele>7.76</ele>
      </trkpt>
      <trkpt lat="48.607248816" lon="-1.803048072">
        <ele>7.69</ele>
      </trkpt>
      <trkpt lat="48.607315509" lon="-1.803433649">
        <ele>7.79</ele>
      </trkpt>
      <trkpt lat="48.607445979" lon="-1.804187964">
        <ele>7.81</ele>
      </trkpt>
      <trkpt lat="48.607557027" lon="-1.806042638">
        <ele>7.47</ele>
      </trkpt>
      <trkpt lat="48.607655" lon="-1.80683048">
        <ele>7.52</ele>
      </trkpt>
      <trkpt lat="48.607682715" lon="-1.807003409">
        <ele>7.53</ele>
      </trkpt>
      <trkpt lat="48.607763329" lon="-1.80734934">
        <ele>7.43</ele>
      </trkpt>
      <trkpt lat="48.607780345" lon="-1.807578919">
        <ele>7.35</ele>
      </trkpt>
      <trkpt lat="48.607779488" lon="-1.807816775">
        <ele>7.36</ele>
      </trkpt>
      <trkpt lat="48.607783332" lon="-1.80810132">
        <ele>7.36</ele>
      </trkpt>
      <trkpt lat="48.608092127" lon="-1.810707299">
        <ele>7.52</ele>
      </trkpt>
      <trkpt lat="48.60815576" lon="-1.811048709">
        <ele>7.47</ele>
      </trkpt>
      <trkpt lat="48.608250967" lon="-1.811548066">
        <ele>7.4</ele>
      </trkpt>
      <trkpt lat="48.608228825" lon="-1.812515784">
        <ele>7.6</ele>
      </trkpt>
      <trkpt lat="48.608570979" lon="-1.814854853">
        <ele>7.7</ele>
      </trkpt>
      <trkpt lat="48.608687937" lon="-1.815647606">
        <ele>7.71</ele>
      </trkpt>
      <trkpt lat="48.608767403" lon="-1.816177947">
        <ele>7.73</ele>
      </trkpt>
      <trkpt lat="48.608851971" lon="-1.816693063">
        <ele>7.96</ele>
      </trkpt>
      <trkpt lat="48.609057992" lon="-1.817957167">
        <ele>8.07</ele>
      </trkpt>
      <trkpt lat="48.609141041" lon="-1.818416404">
        <ele>8.08</ele>
      </trkpt>
      <trkpt lat="48.609194016" lon="-1.818736146">
        <ele>8.06</ele>
      </trkpt>
      <trkpt lat="48.609310928" lon="-1.819376642">
        <ele>8.12</ele>
      </trkpt>
      <trkpt lat="48.609616756" lon="-1.821049594">
        <ele>8.05</ele>
      </trkpt>
      <trkpt lat="48.610246513" lon="-1.824422075">
        <ele>8.01</ele>
      </trkpt>
      <trkpt lat="48.610226566" lon="-1.824507239">
        <ele>7.69</ele>
      </trkpt>
      <trkpt lat="48.610263557" lon="-1.824746793">
        <ele>7.52</ele>
      </trkpt>
      <trkpt lat="48.610307412" lon="-1.824817131">
        <ele>7.67</ele>
      </trkpt>
      <trkpt lat="48.610355504" lon="-1.824850569">
        <ele>7.6</ele>
      </trkpt>
      <trkpt lat="48.610686672" lon="-1.826235917">
        <ele>7.42</ele>
      </trkpt>
      <trkpt lat="48.610734328" lon="-1.826348031">
        <ele>7.62</ele>
      </trkpt>
      <trkpt lat="48.610935203" lon="-1.827220053">
        <ele>7.95</ele>
      </trkpt>
      <trkpt lat="48.611114853" lon="-1.828073543">
        <ele>7.68</ele>
      </trkpt>
      <trkpt lat="48.611355439" lon="-1.82916687">
        <ele>7.63</ele>
      </trkpt>
      <trkpt lat="48.611506138" lon="-1.829804221">
        <ele>7.42</ele>
      </trkpt>
      <trkpt lat="48.6117487" lon="-1.829746399">
        <ele>7.35</ele>
      </trkpt>
      <trkpt lat="48.611904721" lon="-1.829709205">
        <ele>7.12</ele>
      </trkpt>
      <trkpt lat="48.611950599" lon="-1.829907422">
        <ele>7.34</ele>
      </trkpt>
      <trkpt lat="48.611982632" lon="-1.83004582">
        <ele>7.19</ele>
      </trkpt>
      <trkpt lat="48.612343901" lon="-1.831606743">
        <ele>7.16</ele>
      </trkpt>
      <trkpt lat="48.612427657" lon="-1.832186227">
        <ele>7.13</ele>
      </trkpt>
      <trkpt lat="48.612918426" lon="-1.834367557">
        <ele>7.06</ele>
      </trkpt>
      <trkpt lat="48.612908002" lon="-1.834525913">
        <ele>6.79</ele>
      </trkpt>
      <trkpt lat="48.612881018" lon="-1.834935851">
        <ele>6.96</ele>
      </trkpt>
      <trkpt lat="48.613233008" lon="-1.836834695">
        <ele>7.02</ele>
      </trkpt>
      <trkpt lat="48.613360941" lon="-1.837558529">
        <ele>6.94</ele>
      </trkpt>
      <trkpt lat="48.613568267" lon="-1.838440745">
        <ele>6.88</ele>
      </trkpt>
      <trkpt lat="48.613897479" lon="-1.839309291">
        <ele>7.2</ele>
      </trkpt>
      <trkpt lat="48.614044755" lon="-1.839961621">
        <ele>7.37</ele>
      </trkpt>
      <trkpt lat="48.61399166" lon="-1.840165716">
        <ele>7.78</ele>
      </trkpt>
      <trkpt lat="48.61402965" lon="-1.840314387">
        <ele>7.91</ele>
      </trkpt>
      <trkpt lat="48.614213118" lon="-1.840731754">
        <ele>7.94</ele>
      </trkpt>
      <trkpt lat="48.614446097" lon="-1.841124094">
        <ele>7.82</ele>
      </trkpt>
      <trkpt lat="48.614707794" lon="-1.841875571">
        <ele>7.73</ele>
      </trkpt>
      <trkpt lat="48.614802949" lon="-1.842170278">
        <ele>7.33</ele>
      </trkpt>
      <trkpt lat="48.614880448" lon="-1.842426056">
        <ele>7.44</ele>
      </trkpt>
      <trkpt lat="48.614957442" lon="-1.842694224">
        <ele>7.64</ele>
      </trkpt>
      <trkpt lat="48.614990545" lon="-1.84283538">
        <ele>7.52</ele>
      </trkpt>
      <trkpt lat="48.615119453" lon="-1.843438482">
        <ele>7.14</ele>
      </trkpt>
      <trkpt lat="48.61511531" lon="-1.843605723">
        <ele>6.9</ele>
      </trkpt>
      <trkpt lat="48.616334746" lon="-1.84549878">
        <ele>6.39</ele>
      </trkpt>
      <trkpt lat="48.616341281" lon="-1.845557831">
        <ele>5.88</ele>
      </trkpt>
      <trkpt lat="48.616367189" lon="-1.845593563">
        <ele>5.44</ele>
      </trkpt>
      <trkpt lat="48.616414653" lon="-1.845659026">
        <ele>5.71</ele>
      </trkpt>
      <trkpt lat="48.616452702" lon="-1.845676035">
        <ele>6.03</ele>
      </trkpt>
      <trkpt lat="48.617340514" lon="-1.847075444">
        <ele>5.94</ele>
      </trkpt>
      <trkpt lat="48.617330156" lon="-1.847110449">
        <ele>5.81</ele>
      </trkpt>
      <trkpt lat="48.61756516" lon="-1.847487357">
        <ele>5.72</ele>
      </trkpt>
      <trkpt lat="48.618074795" lon="-1.847640489">
        <ele>5.21</ele>
      </trkpt>
      <trkpt lat="48.618567372" lon="-1.847497044">
        <ele>4.97</ele>
      </trkpt>
      <trkpt lat="48.618589395" lon="-1.847485153">
        <ele>4.6</ele>
      </trkpt>
      <trkpt lat="48.618708313" lon="-1.847533476">
        <ele>4.33</ele>
      </trkpt>
      <trkpt lat="48.618814428" lon="-1.847626187">
        <ele>4.17</ele>
      </trkpt>
      <trkpt lat="48.618814821" lon="-1.847626713">
        <ele>4.59</ele>
      </trkpt>
      <trkpt lat="48.618882237" lon="-1.847717224">
        <ele>4.93</ele>
      </trkpt>
      <trkpt lat="48.619511854" lon="-1.84853201">
        <ele>5.83</ele>
      </trkpt>
      <trkpt lat="48.620379634" lon="-1.850004874">
        <ele>6.84</ele>
      </trkpt>
      <trkpt lat="48.620398513" lon="-1.850117177">
        <ele>7.75</ele>
      </trkpt>
      <trkpt lat="48.620085734" lon="-1.850621699">
        <ele>8.17</ele>
      </trkpt>
      <trkpt lat="48.619923932" lon="-1.850882678">
        <ele>8.26</ele>
      </trkpt>
      <trkpt lat="48.619845488" lon="-1.8509948">
        <ele>8.41</ele>
      </trkpt>
      <trkpt lat="48.62088984" lon="-1.85256065">
        <ele>8.12</ele>
      </trkpt>
      <trkpt lat="48.621766954" lon="-1.853753329">
        <ele>8.07</ele>
      </trkpt>
      <trkpt lat="48.622409115" lon="-1.854626559">
        <ele>7.88</ele>
      </trkpt>
      <trkpt lat="48.622555501" lon="-1.854916476">
        <ele>7.84</ele>
      </trkpt>
      <trkpt lat="48.622556707" lon="-1.854918864">
        <ele>7.57</ele>
      </trkpt>
      <trkpt lat="48.622562901" lon="-1.854926259">
        <ele>7.43</ele>
      </trkpt>
      <trkpt lat="48.624638115" lon="-1.857404394">
        <ele>7.01</ele>
      </trkpt>
      <trkpt lat="48.626596859" lon="-1.859397458">
        <ele>6.64</ele>
      </trkpt>
      <trkpt lat="48.627855356" lon="-1.860856949">
        <ele>6.32</ele>
      </trkpt>
      <trkpt lat="48.628413383" lon="-1.861377449">
        <ele>6.16</ele>
      </trkpt>
      <trkpt lat="48.628910175" lon="-1.861752953">
        <ele>6.19</ele>
      </trkpt>
      <trkpt lat="48.630270437" lon="-1.862981392">
        <ele>6.23</ele>
      </trkpt>
      <trkpt lat="48.632196629" lon="-1.86435934">
        <ele>6.4</ele>
      </trkpt>
      <trkpt lat="48.632311036" lon="-1.864483343">
        <ele>6.48</ele>
      </trkpt>
      <trkpt lat="48.63234294" lon="-1.864525806">
        <ele>6.73</ele>
      </trkpt>
      <trkpt lat="48.632644746" lon="-1.864762546">
        <ele>7.02</ele>
      </trkpt>
      <trkpt lat="48.633287686" lon="-1.865208294">
        <ele>7.3</ele>
      </trkpt>
      <trkpt lat="48.633309047" lon="-1.86520103">
        <ele>7.4</ele>
      </trkpt>
      <trkpt lat="48.633333916" lon="-1.865169159">
        <ele>7.38</ele>
      </trkpt>
      <trkpt lat="48.633353388" lon="-1.865159459">
        <ele>7.29</ele>
      </trkpt>
      <trkpt lat="48.633884239" lon="-1.865544226">
        <ele>6.98</ele>
      </trkpt>
      <trkpt lat="48.633951243" lon="-1.865463742">
        <ele>6.73</ele>
      </trkpt>
      <trkpt lat="48.634034082" lon="-1.86539939">
        <ele>6.41</ele>
      </trkpt>
      <trkpt lat="48.634101527" lon="-1.865402949">
        <ele>6.39</ele>
      </trkpt>
      <trkpt lat="48.63436351" lon="-1.86574006">
        <ele>6.11</ele>
      </trkpt>
      <trkpt lat="48.634770689" lon="-1.866052621">
        <ele>6.32</ele>
      </trkpt>
      <trkpt lat="48.634871087" lon="-1.866160292">
        <ele>6.48</ele>
      </trkpt>
      <trkpt lat="48.635015025" lon="-1.866252344">
        <ele>6.84</ele>
      </trkpt>
      <trkpt lat="48.635713882" lon="-1.866804707">
        <ele>6.87</ele>
      </trkpt>
      <trkpt lat="48.635959947" lon="-1.866984481">
        <ele>7.11</ele>
      </trkpt>
      <trkpt lat="48.636233565" lon="-1.867184388">
        <ele>7.01</ele>
      </trkpt>
      <trkpt lat="48.636244394" lon="-1.867302216">
        <ele>6.96</ele>
      </trkpt>
      <trkpt lat="48.636588009" lon="-1.867465865">
        <ele>6.71</ele>
      </trkpt>
      <trkpt lat="48.637964949" lon="-1.868309942">
        <ele>6.7</ele>
      </trkpt>
      <trkpt lat="48.638158928" lon="-1.868428858">
        <ele>6.71</ele>
      </trkpt>
      <trkpt lat="48.638229898" lon="-1.868472364">
        <ele>6.85</ele>
      </trkpt>
      <trkpt lat="48.638327521" lon="-1.868532211">
        <ele>6.93</ele>
      </trkpt>
      <trkpt lat="48.638423454" lon="-1.868593619">
        <ele>6.84</ele>
      </trkpt>
      <trkpt lat="48.638388464" lon="-1.868657528">
        <ele>6.87</ele>
      </trkpt>
      <trkpt lat="48.638287894" lon="-1.869335104">
        <ele>6.76</ele>
      </trkpt>
      <trkpt lat="48.637651068" lon="-1.868579681">
        <ele>6.66</ele>
      </trkpt>
      <trkpt lat="48.637000274" lon="-1.868083691">
        <ele>6.54</ele>
      </trkpt>
      <trkpt lat="48.63695249" lon="-1.868239661">
        <ele>6.44</ele>
      </trkpt>
      <trkpt lat="48.636828277" lon="-1.868645097">
        <ele>6.24</ele>
      </trkpt>
      <trkpt lat="48.63665389" lon="-1.868854682">
        <ele>6.23</ele>
      </trkpt>
      <trkpt lat="48.635584021" lon="-1.869509097">
        <ele>5.88</ele>
      </trkpt>
      <trkpt lat="48.635328971" lon="-1.869829008">
        <ele>5.55</ele>
      </trkpt>
      <trkpt lat="48.634602008" lon="-1.871237001">
        <ele>5.36</ele>
      </trkpt>
      <trkpt lat="48.635027977" lon="-1.874643992">
        <ele>5.1</ele>
      </trkpt>
      <trkpt lat="48.635654021" lon="-1.877082036">
        <ele>4.77</ele>
      </trkpt>
      <trkpt lat="48.636308983" lon="-1.87802299">
        <ele>4.8</ele>
      </trkpt>
      <trkpt lat="48.636983978" lon="-1.878744001">
        <ele>4.86</ele>
      </trkpt>
      <trkpt lat="48.638299015" lon="-1.881397963">
        <ele>4.95</ele>
      </trkpt>
      <trkpt lat="48.638513004" lon="-1.881423024">
        <ele>5.2</ele>
      </trkpt>
      <trkpt lat="48.639009968" lon="-1.880887002">
        <ele>5.3</ele>
      </trkpt>
      <trkpt lat="48.639252037" lon="-1.880931007">
        <ele>5.9</ele>
      </trkpt>
      <trkpt lat="48.640370015" lon="-1.882541002">
        <ele>7.91</ele>
      </trkpt>
      <trkpt lat="48.641192029" lon="-1.882974011">
        <ele>11.36</ele>
      </trkpt>
      <trkpt lat="48.641526969" lon="-1.883885041">
        <ele>17.96</ele>
      </trkpt>
      <trkpt lat="48.642281005" lon="-1.883907001">
        <ele>24.51</ele>
      </trkpt>
      <trkpt lat="48.642192995" lon="-1.887006964">
        <ele>30.04</ele>
      </trkpt>
      <trkpt lat="48.641755963" lon="-1.89084202">
        <ele>34.39</ele>
      </trkpt>
      <trkpt lat="48.641785168" lon="-1.891612704">
        <ele>36.03</ele>
      </trkpt>
      <trkpt lat="48.641818333" lon="-1.891767187">
        <ele>35.91</ele>
      </trkpt>
      <trkpt lat="48.641741191" lon="-1.892947335">
        <ele>35.63</ele>
      </trkpt>
      <trkpt lat="48.641964002" lon="-1.894144993">
        <ele>36.77</ele>
      </trkpt>
      <trkpt lat="48.641455975" lon="-1.894830968">
        <ele>37.47</ele>
      </trkpt>
      <trkpt lat="48.639563005" lon="-1.898950004">
        <ele>39.07</ele>
      </trkpt>
      <trkpt lat="48.63956904" lon="-1.899144967">
        <ele>39.88</ele>
      </trkpt>
      <trkpt lat="48.640163988" lon="-1.898941035">
        <ele>41.3</ele>
      </trkpt>
      <trkpt lat="48.641481958" lon="-1.897510998">
        <ele>42.14</ele>
      </trkpt>
      <trkpt lat="48.64216604" lon="-1.897338759">
        <ele>42.83</ele>
      </trkpt>
      <trkpt lat="48.644532971" lon="-1.897062985">
        <ele>43.86</ele>
      </trkpt>
      <trkpt lat="48.645546008" lon="-1.896455968">
        <ele>44</ele>
      </trkpt>
      <trkpt lat="48.645471995" lon="-1.895456007">
        <ele>44.5</ele>
      </trkpt>
      <trkpt lat="48.645631001" lon="-1.895417031">
        <ele>44.28</ele>
      </trkpt>
      <trkpt lat="48.645900982" lon="-1.893197">
        <ele>44.21</ele>
      </trkpt>
      <trkpt lat="48.647353984" lon="-1.89318099">
        <ele>44.14</ele>
      </trkpt>
      <trkpt lat="48.648498031" lon="-1.892166026">
        <ele>44.16</ele>
      </trkpt>
      <trkpt lat="48.650033008" lon="-1.89118702">
        <ele>44.04</ele>
      </trkpt>
      <trkpt lat="48.650346995" lon="-1.890848977">
        <ele>44.52</ele>
      </trkpt>
      <trkpt lat="48.652042989" lon="-1.888059983">
        <ele>45.01</ele>
      </trkpt>
      <trkpt lat="48.652657969" lon="-1.886671018">
        <ele>45.53</ele>
      </trkpt>
      <trkpt lat="48.654223038" lon="-1.884615021">
        <ele>46.25</ele>
      </trkpt>
      <trkpt lat="48.655124009" lon="-1.884104982">
        <ele>46.34</ele>
      </trkpt>
      <trkpt lat="48.655869998" lon="-1.884207996">
        <ele>46.2</ele>
      </trkpt>
      <trkpt lat="48.656867025" lon="-1.885023974">
        <ele>46.26</ele>
      </trkpt>
      <trkpt lat="48.657591976" lon="-1.885308036">
        <ele>46.11</ele>
      </trkpt>
      <trkpt lat="48.65881646" lon="-1.885276403">
        <ele>45.47</ele>
      </trkpt>
      <trkpt lat="48.66113903" lon="-1.885498976">
        <ele>45.32</ele>
      </trkpt>
      <trkpt lat="48.661576985" lon="-1.885810029">
        <ele>45.16</ele>
      </trkpt>
      <trkpt lat="48.662324985" lon="-1.886937981">
        <ele>44.83</ele>
      </trkpt>
      <trkpt lat="48.662561019" lon="-1.887111989">
        <ele>44.69</ele>
      </trkpt>
      <trkpt lat="48.662880721" lon="-1.887214783">
        <ele>44.87</ele>
      </trkpt>
      <trkpt lat="48.663128745" lon="-1.887282435">
        <ele>44.86</ele>
      </trkpt>
      <trkpt lat="48.664311999" lon="-1.887675002">
        <ele>44.47</ele>
      </trkpt>
      <trkpt lat="48.664539987" lon="-1.887707021">
        <ele>43.99</ele>
      </trkpt>
      <trkpt lat="48.665885031" lon="-1.886818037">
        <ele>43.81</ele>
      </trkpt>
      <trkpt lat="48.667520006" lon="-1.886192998">
        <ele>43.12</ele>
      </trkpt>
      <trkpt lat="48.66985797" lon="-1.886401036">
        <ele>41.89</ele>
      </trkpt>
      <trkpt lat="48.67014002" lon="-1.885098992">
        <ele>41.06</ele>
      </trkpt>
      <trkpt lat="48.670249998" lon="-1.883825086">
        <ele>40.44</ele>
      </trkpt>
      <trkpt lat="48.670252103" lon="-1.883800694">
        <ele>39.45</ele>
      </trkpt>
      <trkpt lat="48.670254413" lon="-1.883773936">
        <ele>39.84</ele>
      </trkpt>
      <trkpt lat="48.670263989" lon="-1.883663005">
        <ele>40.6</ele>
      </trkpt>
      <trkpt lat="48.670113031" lon="-1.88175897">
        <ele>41.7</ele>
      </trkpt>
      <trkpt lat="48.670256026" lon="-1.880713999">
        <ele>42.9</ele>
      </trkpt>
      <trkpt lat="48.670111019" lon="-1.87883201">
        <ele>44.36</ele>
      </trkpt>
      <trkpt lat="48.669362012" lon="-1.876053996">
        <ele>45.22</ele>
      </trkpt>
      <trkpt lat="48.669198984" lon="-1.876133959">
        <ele>46.04</ele>
      </trkpt>
      <trkpt lat="48.668432962" lon="-1.876310986">
        <ele>46.51</ele>
      </trkpt>
      <trkpt lat="48.668124005" lon="-1.875644959">
        <ele>47.51</ele>
      </trkpt>
      <trkpt lat="48.667963995" lon="-1.875543036">
        <ele>48.4</ele>
      </trkpt>
      <trkpt lat="48.66338999" lon="-1.874564029">
        <ele>48.16</ele>
      </trkpt>
      <trkpt lat="48.662983971" lon="-1.874237973">
        <ele>47.67</ele>
      </trkpt>
      <trkpt lat="48.658908992" lon="-1.869024473">
        <ele>47.32</ele>
      </trkpt>
      <trkpt lat="48.658644992" lon="-1.868541496">
        <ele>45.74</ele>
      </trkpt>
      <trkpt lat="48.658488001" lon="-1.868031006">
        <ele>44.18</ele>
      </trkpt>
      <trkpt lat="48.658433016" lon="-1.867507975">
        <ele>43.32</ele>
      </trkpt>
      <trkpt lat="48.658478636" lon="-1.866857468">
        <ele>42.37</ele>
      </trkpt>
      <trkpt lat="48.658917993" lon="-1.865911978">
        <ele>41.18</ele>
      </trkpt>
      <trkpt lat="48.659058788" lon="-1.865604366">
        <ele>40.03</ele>
      </trkpt>
      <trkpt lat="48.659285959" lon="-1.865313006">
        <ele>38.22</ele>
      </trkpt>
      <trkpt lat="48.659812008" lon="-1.865045036">
        <ele>36.4</ele>
      </trkpt>
      <trkpt lat="48.660286629" lon="-1.865068711">
        <ele>35.9</ele>
      </trkpt>
      <trkpt lat="48.660617203" lon="-1.865262938">
        <ele>34.52</ele>
      </trkpt>
      <trkpt lat="48.661630207" lon="-1.865985653">
        <ele>33.45</ele>
      </trkpt>
      <trkpt lat="48.661861953" lon="-1.866079612">
        <ele>33.33</ele>
      </trkpt>
      <trkpt lat="48.662176039" lon="-1.866013985">
        <ele>31.47</ele>
      </trkpt>
      <trkpt lat="48.662530526" lon="-1.86586008">
        <ele>26.76</ele>
      </trkpt>
      <trkpt lat="48.662773165" lon="-1.865625053">
        <ele>23.49</ele>
      </trkpt>
      <trkpt lat="48.663925625" lon="-1.864550892">
        <ele>20.28</ele>
      </trkpt>
      <trkpt lat="48.664281855" lon="-1.86433043">
        <ele>15.01</ele>
      </trkpt>
      <trkpt lat="48.66596017" lon="-1.863986727">
        <ele>11.2</ele>
      </trkpt>
      <trkpt lat="48.666068691" lon="-1.863934106">
        <ele>10.17</ele>
      </trkpt>
      <trkpt lat="48.666850607" lon="-1.863415069">
        <ele>7.4</ele>
      </trkpt>
      <trkpt lat="48.66756199" lon="-1.863000306">
        <ele>4.98</ele>
      </trkpt>
      <trkpt lat="48.667792248" lon="-1.862816942">
        <ele>4.27</ele>
      </trkpt>
      <trkpt lat="48.667935815" lon="-1.862581341">
        <ele>4.02</ele>
      </trkpt>
      <trkpt lat="48.668118135" lon="-1.862242271">
        <ele>3.05</ele>
      </trkpt>
      <trkpt lat="48.668255593" lon="-1.862106632">
        <ele>3.19</ele>
      </trkpt>
      <trkpt lat="48.668303113" lon="-1.86192435">
        <ele>3.18</ele>
      </trkpt>
      <trkpt lat="48.668616743" lon="-1.86127782">
        <ele>3.61</ele>
      </trkpt>
      <trkpt lat="48.66871766" lon="-1.861061741">
        <ele>4.03</ele>
      </trkpt>
      <trkpt lat="48.668768659" lon="-1.860544144">
        <ele>4.22</ele>
      </trkpt>
      <trkpt lat="48.668834036" lon="-1.859463025">
        <ele>4.46</ele>
      </trkpt>
      <trkpt lat="48.669281781" lon="-1.857668248">
        <ele>4.98</ele>
      </trkpt>
      <trkpt lat="48.670307994" lon="-1.856057961">
        <ele>5.32</ele>
      </trkpt>
      <trkpt lat="48.670887216" lon="-1.855074212">
        <ele>5.01</ele>
      </trkpt>
      <trkpt lat="48.671161753" lon="-1.854248175">
        <ele>11.67</ele>
      </trkpt>
      <trkpt lat="48.671185622" lon="-1.852909344">
        <ele>17.76</ele>
      </trkpt>
      <trkpt lat="48.673232278" lon="-1.853080184">
        <ele>23.1</ele>
      </trkpt>
      <trkpt lat="48.67334995" lon="-1.85321547">
        <ele>29.17</ele>
      </trkpt>
      <trkpt lat="48.673858987" lon="-1.854113024">
        <ele>34.98</ele>
      </trkpt>
      <trkpt lat="48.674346194" lon="-1.854430824">
        <ele>34.15</ele>
      </trkpt>
      <trkpt lat="48.674540332" lon="-1.854493871">
        <ele>34.19</ele>
      </trkpt>
      <trkpt lat="48.6746586" lon="-1.854528228">
        <ele>34.64</ele>
      </trkpt>
      <trkpt lat="48.674995079" lon="-1.854734017">
        <ele>34.89</ele>
      </trkpt>
      <trkpt lat="48.675138628" lon="-1.854865813">
        <ele>34.63</ele>
      </trkpt>
      <trkpt lat="48.675138628" lon="-1.854865813">
        <ele>34.63</ele>
      </trkpt>
      <trkpt lat="48.675233354" lon="-1.854952783">
        <ele>35.52</ele>
      </trkpt>
      <trkpt lat="48.674753778" lon="-1.856209331">
        <ele>37.01</ele>
      </trkpt>
      <trkpt lat="48.674734907" lon="-1.856409253">
        <ele>38.66</ele>
      </trkpt>
      <trkpt lat="48.67489473" lon="-1.856935734">
        <ele>41.35</ele>
      </trkpt>
      <trkpt lat="48.674701119" lon="-1.858565027">
        <ele>43.61</ele>
      </trkpt>
      <trkpt lat="48.674011035" lon="-1.861125994">
        <ele>45.97</ele>
      </trkpt>
      <trkpt lat="48.673653966" lon="-1.861927975">
        <ele>47.86</ele>
      </trkpt>
      <trkpt lat="48.673745628" lon="-1.862227423">
        <ele>48.35</ele>
      </trkpt>
      <trkpt lat="48.673840435" lon="-1.862537153">
        <ele>47.74</ele>
      </trkpt>
      <trkpt lat="48.673965466" lon="-1.863679259">
        <ele>47.13</ele>
      </trkpt>
      <trkpt lat="48.674089992" lon="-1.864246996">
        <ele>46.08</ele>
      </trkpt>
      <trkpt lat="48.674288979" lon="-1.867130035">
        <ele>45.07</ele>
      </trkpt>
      <trkpt lat="48.673145017" lon="-1.867703022">
        <ele>44.62</ele>
      </trkpt>
      <trkpt lat="48.672713368" lon="-1.868201028">
        <ele>44.09</ele>
      </trkpt>
      <trkpt lat="48.672546952" lon="-1.871303692">
        <ele>43.65</ele>
      </trkpt>
      <trkpt lat="48.671847674" lon="-1.871351899">
        <ele>43.52</ele>
      </trkpt>
      <trkpt lat="48.6710042" lon="-1.871179772">
        <ele>43.42</ele>
      </trkpt>
      <trkpt lat="48.670651501" lon="-1.871099846">
        <ele>43.74</ele>
      </trkpt>
      <trkpt lat="48.66990801" lon="-1.872278033">
        <ele>43.91</ele>
      </trkpt>
      <trkpt lat="48.669578084" lon="-1.872896915">
        <ele>44.51</ele>
      </trkpt>
      <trkpt lat="48.669496961" lon="-1.873233988">
        <ele>45.11</ele>
      </trkpt>
      <trkpt lat="48.669251036" lon="-1.874927971">
        <ele>45.48</ele>
      </trkpt>
      <trkpt lat="48.66925185" lon="-1.875523547">
        <ele>45.48</ele>
      </trkpt>
      <trkpt lat="48.669362012" lon="-1.876053996">
        <ele>45.24</ele>
      </trkpt>
      <trkpt lat="48.670111019" lon="-1.87883201">
        <ele>44.44</ele>
      </trkpt>
      <trkpt lat="48.670256026" lon="-1.880713999">
        <ele>42.9</ele>
      </trkpt>
      <trkpt lat="48.670113031" lon="-1.88175897">
        <ele>41.7</ele>
      </trkpt>
      <trkpt lat="48.670263989" lon="-1.883663005">
        <ele>40.6</ele>
      </trkpt>
      <trkpt lat="48.670254413" lon="-1.883773936">
        <ele>39.84</ele>
      </trkpt>
      <trkpt lat="48.670252103" lon="-1.883800694">
        <ele>39.45</ele>
      </trkpt>
      <trkpt lat="48.670249998" lon="-1.883825086">
        <ele>40.44</ele>
      </trkpt>
      <trkpt lat="48.67014002" lon="-1.885098992">
        <ele>40.85</ele>
      </trkpt>
      <trkpt lat="48.66985797" lon="-1.886401036">
        <ele>42.09</ele>
      </trkpt>
      <trkpt lat="48.669275008" lon="-1.890118997">
        <ele>43.35</ele>
      </trkpt>
      <trkpt lat="48.668112575" lon="-1.892340159">
        <ele>45.1</ele>
      </trkpt>
      <trkpt lat="48.668037001" lon="-1.892819982">
        <ele>45.71</ele>
      </trkpt>
      <trkpt lat="48.667489998" lon="-1.899743015">
        <ele>46.09</ele>
      </trkpt>
      <trkpt lat="48.666620962" lon="-1.903198036">
        <ele>45.01</ele>
      </trkpt>
      <trkpt lat="48.666478462" lon="-1.906246242">
        <ele>42.83</ele>
      </trkpt>
      <trkpt lat="48.666406972" lon="-1.90708397">
        <ele>39.49</ele>
      </trkpt>
      <trkpt lat="48.666185438" lon="-1.908071322">
        <ele>36.34</ele>
      </trkpt>
      <trkpt lat="48.665766679" lon="-1.90923259">
        <ele>33.96</ele>
      </trkpt>
      <trkpt lat="48.665736255" lon="-1.909396952">
        <ele>32.2</ele>
      </trkpt>
      <trkpt lat="48.66576489" lon="-1.909668326">
        <ele>31.05</ele>
      </trkpt>
      <trkpt lat="48.665977194" lon="-1.910066988">
        <ele>30.78</ele>
      </trkpt>
      <trkpt lat="48.666041018" lon="-1.910307985">
        <ele>30.64</ele>
      </trkpt>
      <trkpt lat="48.666078989" lon="-1.910985997">
        <ele>30.36</ele>
      </trkpt>
      <trkpt lat="48.666123663" lon="-1.912435862">
        <ele>30.18</ele>
      </trkpt>
      <trkpt lat="48.666110001" lon="-1.912843008">
        <ele>30.76</ele>
      </trkpt>
      <trkpt lat="48.666016145" lon="-1.913231803">
        <ele>30.56</ele>
      </trkpt>
      <trkpt lat="48.665899194" lon="-1.913622889">
        <ele>30.77</ele>
      </trkpt>
      <trkpt lat="48.665865376" lon="-1.91395979">
        <ele>31.16</ele>
      </trkpt>
      <trkpt lat="48.665990503" lon="-1.913883252">
        <ele>31.34</ele>
      </trkpt>
      <trkpt lat="48.666184407" lon="-1.913806058">
        <ele>30.42</ele>
      </trkpt>
      <trkpt lat="48.666421803" lon="-1.913776329">
        <ele>29.28</ele>
      </trkpt>
      <trkpt lat="48.667726025" lon="-1.913192309">
        <ele>28.12</ele>
      </trkpt>
      <trkpt lat="48.66825602" lon="-1.912837979">
        <ele>27.96</ele>
      </trkpt>
      <trkpt lat="48.668484508" lon="-1.91243566">
        <ele>28.25</ele>
      </trkpt>
      <trkpt lat="48.669152968" lon="-1.910600011">
        <ele>29.75</ele>
      </trkpt>
      <trkpt lat="48.669408276" lon="-1.910128519">
        <ele>31.38</ele>
      </trkpt>
      <trkpt lat="48.669595029" lon="-1.909993999">
        <ele>32.86</ele>
      </trkpt>
      <trkpt lat="48.669833557" lon="-1.909934494">
        <ele>33.24</ele>
      </trkpt>
      <trkpt lat="48.670056034" lon="-1.909946977">
        <ele>33.6</ele>
      </trkpt>
      <trkpt lat="48.672476979" lon="-1.911957041">
        <ele>33.62</ele>
      </trkpt>
      <trkpt lat="48.673053989" lon="-1.912137">
        <ele>33.86</ele>
      </trkpt>
      <trkpt lat="48.673241875" lon="-1.912056422">
        <ele>34.06</ele>
      </trkpt>
      <trkpt lat="48.674126189" lon="-1.911454778">
        <ele>34.38</ele>
      </trkpt>
      <trkpt lat="48.674370032" lon="-1.911001">
        <ele>34.47</ele>
      </trkpt>
      <trkpt lat="48.67460157" lon="-1.9109678">
        <ele>34.6</ele>
      </trkpt>
      <trkpt lat="48.674700027" lon="-1.910806959">
        <ele>34.6</ele>
      </trkpt>
      <trkpt lat="48.674807987" lon="-1.910519963">
        <ele>34.26</ele>
      </trkpt>
      <trkpt lat="48.675186893" lon="-1.911005438">
        <ele>34.59</ele>
      </trkpt>
      <trkpt lat="48.675363036" lon="-1.911364021">
        <ele>34.88</ele>
      </trkpt>
      <trkpt lat="48.675619181" lon="-1.911167496">
        <ele>35.07</ele>
      </trkpt>
      <trkpt lat="48.675619523" lon="-1.911167726">
        <ele>35.78</ele>
      </trkpt>
      <trkpt lat="48.675636182" lon="-1.911178942">
        <ele>36.03</ele>
      </trkpt>
      <trkpt lat="48.675812976" lon="-1.911297972">
        <ele>35.37</ele>
      </trkpt>
      <trkpt lat="48.676130041" lon="-1.912209677">
        <ele>34.51</ele>
      </trkpt>
      <trkpt lat="48.676189131" lon="-1.912800316">
        <ele>33.61</ele>
      </trkpt>
      <trkpt lat="48.676561983" lon="-1.913789995">
        <ele>32.38</ele>
      </trkpt>
      <trkpt lat="48.676948646" lon="-1.914329987">
        <ele>31.49</ele>
      </trkpt>
      <trkpt lat="48.677132037" lon="-1.914582001">
        <ele>30.4</ele>
      </trkpt>
      <trkpt lat="48.678104002" lon="-1.916582007">
        <ele>29.82</ele>
      </trkpt>
      <trkpt lat="48.678507448" lon="-1.918734468">
        <ele>29.06</ele>
      </trkpt>
      <trkpt lat="48.678710014" lon="-1.919527994">
        <ele>27.7</ele>
      </trkpt>
      <trkpt lat="48.680406008" lon="-1.922623013">
        <ele>27.05</ele>
      </trkpt>
      <trkpt lat="48.680777997" lon="-1.923864037">
        <ele>26.38</ele>
      </trkpt>
      <trkpt lat="48.681367309" lon="-1.924828271">
        <ele>25.26</ele>
      </trkpt>
      <trkpt lat="48.681479982" lon="-1.925190976">
        <ele>25.21</ele>
      </trkpt>
      <trkpt lat="48.681674023" lon="-1.926324964">
        <ele>25.01</ele>
      </trkpt>
      <trkpt lat="48.680942031" lon="-1.929258965">
        <ele>24.4</ele>
      </trkpt>
      <trkpt lat="48.681261221" lon="-1.930417651">
        <ele>22.78</ele>
      </trkpt>
      <trkpt lat="48.681249982" lon="-1.930902992">
        <ele>21.2</ele>
      </trkpt>
      <trkpt lat="48.68050294" lon="-1.933325762">
        <ele>18.62</ele>
      </trkpt>
      <trkpt lat="48.680308456" lon="-1.933703481">
        <ele>16.66</ele>
      </trkpt>
      <trkpt lat="48.680206016" lon="-1.933899019">
        <ele>14.78</ele>
      </trkpt>
      <trkpt lat="48.68006696" lon="-1.934030028">
        <ele>14.01</ele>
      </trkpt>
      <trkpt lat="48.678878993" lon="-1.933715958">
        <ele>13.31</ele>
      </trkpt>
      <trkpt lat="48.677163972" lon="-1.934326998">
        <ele>12.49</ele>
      </trkpt>
      <trkpt lat="48.677077784" lon="-1.934559474">
        <ele>11.84</ele>
      </trkpt>
      <trkpt lat="48.677167203" lon="-1.934990997">
        <ele>11.02</ele>
      </trkpt>
      <trkpt lat="48.677098231" lon="-1.935115479">
        <ele>10.7</ele>
      </trkpt>
      <trkpt lat="48.676765998" lon="-1.935182037">
        <ele>10.8</ele>
      </trkpt>
      <trkpt lat="48.676632978" lon="-1.935485964">
        <ele>12.49</ele>
      </trkpt>
      <trkpt lat="48.676565169" lon="-1.937246374">
        <ele>14.03</ele>
      </trkpt>
      <trkpt lat="48.67650403" lon="-1.937310129">
        <ele>16.03</ele>
      </trkpt>
      <trkpt lat="48.676440388" lon="-1.937329525">
        <ele>17.98</ele>
      </trkpt>
      <trkpt lat="48.675578663" lon="-1.937073215">
        <ele>20.58</ele>
      </trkpt>
      <trkpt lat="48.675350546" lon="-1.937124291">
        <ele>22.66</ele>
      </trkpt>
      <trkpt lat="48.674775632" lon="-1.937825773">
        <ele>23.68</ele>
      </trkpt>
      <trkpt lat="48.674003072" lon="-1.938605207">
        <ele>24.58</ele>
      </trkpt>
      <trkpt lat="48.6741288" lon="-1.941774907">
        <ele>24.37</ele>
      </trkpt>
      <trkpt lat="48.674374631" lon="-1.942243059">
        <ele>23.59</ele>
      </trkpt>
      <trkpt lat="48.674542028" lon="-1.942476389">
        <ele>22.82</ele>
      </trkpt>
      <trkpt lat="48.675356202" lon="-1.942723004">
        <ele>26.12</ele>
      </trkpt>
      <trkpt lat="48.676159066" lon="-1.942710243">
        <ele>27.28</ele>
      </trkpt>
      <trkpt lat="48.678115575" lon="-1.943804586">
        <ele>28.7</ele>
      </trkpt>
      <trkpt lat="48.679934023" lon="-1.944957012">
        <ele>28.69</ele>
      </trkpt>
      <trkpt lat="48.680463005" lon="-1.945533016">
        <ele>26.72</ele>
      </trkpt>
      <trkpt lat="48.681731019" lon="-1.948149009">
        <ele>20.74</ele>
      </trkpt>
      <trkpt lat="48.681889018" lon="-1.949978024">
        <ele>17.76</ele>
      </trkpt>
      <trkpt lat="48.681256179" lon="-1.951628647">
        <ele>15.53</ele>
      </trkpt>
      <trkpt lat="48.67979899" lon="-1.955429026">
        <ele>13.44</ele>
      </trkpt>
      <trkpt lat="48.679390959" lon="-1.958178039">
        <ele>12.77</ele>
      </trkpt>
      <trkpt lat="48.679386014" lon="-1.96023697">
        <ele>13.63</ele>
      </trkpt>
      <trkpt lat="48.67956304" lon="-1.961066024">
        <ele>13.79</ele>
      </trkpt>
      <trkpt lat="48.680149651" lon="-1.961931385">
        <ele>13.17</ele>
      </trkpt>
      <trkpt lat="48.680164929" lon="-1.961953923">
        <ele>13.22</ele>
      </trkpt>
      <trkpt lat="48.681055019" lon="-1.963267029">
        <ele>13.71</ele>
      </trkpt>
      <trkpt lat="48.681360036" lon="-1.963996003">
        <ele>14.43</ele>
      </trkpt>
      <trkpt lat="48.681182005" lon="-1.965382034">
        <ele>15.18</ele>
      </trkpt>
      <trkpt lat="48.681194147" lon="-1.967034746">
        <ele>16.88</ele>
      </trkpt>
      <trkpt lat="48.681130959" lon="-1.967704995">
        <ele>19.23</ele>
      </trkpt>
      <trkpt lat="48.681843001" lon="-1.968015963">
        <ele>19.93</ele>
      </trkpt>
      <trkpt lat="48.681639992" lon="-1.969432002">
        <ele>19.57</ele>
      </trkpt>
      <trkpt lat="48.680891524" lon="-1.972457854">
        <ele>18.75</ele>
      </trkpt>
      <trkpt lat="48.680479014" lon="-1.974048">
        <ele>18.17</ele>
      </trkpt>
      <trkpt lat="48.680446566" lon="-1.975346673">
        <ele>17.2</ele>
      </trkpt>
      <trkpt lat="48.680274999" lon="-1.976639014">
        <ele>17.18</ele>
      </trkpt>
      <trkpt lat="48.680185983" lon="-1.97706297">
        <ele>17.61</ele>
      </trkpt>
      <trkpt lat="48.679947015" lon="-1.977414004">
        <ele>16.96</ele>
      </trkpt>
      <trkpt lat="48.678516979" lon="-1.97882996">
        <ele>15.68</ele>
      </trkpt>
      <trkpt lat="48.676854009" lon="-1.979315021">
        <ele>15.96</ele>
      </trkpt>
      <trkpt lat="48.676138" lon="-1.979617082">
        <ele>17.2</ele>
      </trkpt>
      <trkpt lat="48.670888022" lon="-1.982779009">
        <ele>18.62</ele>
      </trkpt>
      <trkpt lat="48.668776034" lon="-1.983578979">
        <ele>20.56</ele>
      </trkpt>
      <trkpt lat="48.667915966" lon="-1.984217009">
        <ele>22.68</ele>
      </trkpt>
      <trkpt lat="48.666924974" lon="-1.985477982">
        <ele>22.8</ele>
      </trkpt>
      <trkpt lat="48.665858042" lon="-1.987401964">
        <ele>21.41</ele>
      </trkpt>
      <trkpt lat="48.665278014" lon="-1.987933041">
        <ele>17.65</ele>
      </trkpt>
      <trkpt lat="48.662818009" lon="-1.988540981">
        <ele>14.92</ele>
      </trkpt>
      <trkpt lat="48.657286959" lon="-1.996643012">
        <ele>13.33</ele>
      </trkpt>
      <trkpt lat="48.656237964" lon="-2.002642024">
        <ele>11.45</ele>
      </trkpt>
      <trkpt lat="48.654154184" lon="-2.009377374">
        <ele>10.97</ele>
      </trkpt>
      <trkpt lat="48.653606068" lon="-2.011148743">
        <ele>12.41</ele>
      </trkpt>
      <trkpt lat="48.653451471" lon="-2.011643704">
        <ele>12.94</ele>
      </trkpt>
      <trkpt lat="48.653313432" lon="-2.012094416">
        <ele>12.96</ele>
      </trkpt>
      <trkpt lat="48.652429981" lon="-2.014793017">
        <ele>12.15</ele>
      </trkpt>
      <trkpt lat="48.651830004" lon="-2.020394979">
        <ele>10.47</ele>
      </trkpt>
      <trkpt lat="48.651035987" lon="-2.02211897">
        <ele>9.65</ele>
      </trkpt>
      <trkpt lat="48.650599038" lon="-2.022571004">
        <ele>8.48</ele>
      </trkpt>
      <trkpt lat="48.650553" lon="-2.022611">
        <ele>8</ele>
        <extensions>
          <gpxtpx:TrackPointExtension>
            <gpxtpx:Extensions>
              <reversedirection>yes</reversedirection>
              <highway>living_street</highway>
              <surface>sett</surface>
            </gpxtpx:Extensions>
          </gpxtpx:TrackPointExtension>
        </extensions>
      </trkpt>
      <trkpt lat="48.650524" lon="-2.022532">
        <ele>7.75</ele>
        <extensions>
          <gpxtpx:TrackPointExtension>
            <gpxtpx:Extensions>
              <highway>living_street</highway>
              <surface>sett</surface>
              <junction>roundabout</junction>
              <route_bicycle_icn>yes</route_bicycle_icn>
            </gpxtpx:Extensions>
          </gpxtpx:TrackPointExtension>
        </extensions>
      </trkpt>
      <trkpt lat="48.650508" lon="-2.022541">
        <ele>7.75</ele>
        <extensions>
          <gpxtpx:TrackPointExtension>
            <gpxtpx:Extensions>
              <highway>living_street</highway>
              <surface>sett</surface>
              <junction>roundabout</junction>
              <route_bicycle_icn>yes</route_bicycle_icn>
            </gpxtpx:Extensions>
          </gpxtpx:TrackPointExtension>
        </extensions>
      </trkpt>
      <trkpt lat="48.650473" lon="-2.022537">
        <ele>7.5</ele>
        <extensions>
          <gpxtpx:TrackPointExtension>
            <gpxtpx:Extensions>
              <highway>living_street</highway>
              <surface>sett</surface>
              <junction>roundabout</junction>
              <route_bicycle_icn>yes</route_bicycle_icn>
            </gpxtpx:Extensions>
          </gpxtpx:TrackPointExtension>
        </extensions>
      </trkpt>
      <trkpt lat="48.650446" lon="-2.022506">
        <ele>7.5</ele>
        <extensions>
          <gpxtpx:TrackPointExtension>
            <gpxtpx:Extensions>
              <highway>living_street</highway>
              <surface>sett</surface>
              <junction>roundabout</junction>
              <route_bicycle_icn>yes</route_bicycle_icn>
            </gpxtpx:Extensions>
          </gpxtpx:TrackPointExtension>
        </extensions>
      </trkpt>
      <trkpt lat="48.650438" lon="-2.022483">
        <ele>7.25</ele>
        <extensions>
          <gpxtpx:TrackPointExtension>
            <gpxtpx:Extensions>
              <highway>living_street</highway>
              <surface>sett</surface>
              <route_bicycle_icn>yes</route_bicycle_icn>
            </gpxtpx:Extensions>
          </gpxtpx:TrackPointExtension>
        </extensions>
      </trkpt>
      <trkpt lat="48.650285" lon="-2.022605">
        <ele>7.75</ele>
        <extensions>
          <gpxtpx:TrackPointExtension>
            <gpxtpx:Extensions>
              <highway>living_street</highway>
              <surface>sett</surface>
              <route_bicycle_icn>yes</route_bicycle_icn>
            </gpxtpx:Extensions>
          </gpxtpx:TrackPointExtension>
        </extensions>
      </trkpt>
      <trkpt lat="48.650239" lon="-2.022641">
        <ele>7.75</ele>
        <extensions>
          <gpxtpx:TrackPointExtension>
            <gpxtpx:Extensions>
              <highway>secondary</highway>
              <surface>asphalt</surface>
              <junction>roundabout</junction>
              <route_bicycle_icn>yes</route_bicycle_icn>
            </gpxtpx:Extensions>
          </gpxtpx:TrackPointExtension>
        </extensions>
      </trkpt>
      <trkpt lat="48.650245" lon="-2.022703">
        <ele>8.25</ele>
        <extensions>
          <gpxtpx:TrackPointExtension>
            <gpxtpx:Extensions>
              <highway>secondary</highway>
              <surface>asphalt</surface>
              <junction>roundabout</junction>
              <route_bicycle_icn>yes</route_bicycle_icn>
            </gpxtpx:Extensions>
          </gpxtpx:TrackPointExtension>
        </extensions>
      </trkpt>
      <trkpt lat="48.650225" lon="-2.022758">
        <ele>8.5</ele>
        <extensions>
          <gpxtpx:TrackPointExtension>
            <gpxtpx:Extensions>
              <highway>secondary</highway>
              <surface>asphalt</surface>
              <junction>roundabout</junction>
              <route_bicycle_icn>yes</route_bicycle_icn>
            </gpxtpx:Extensions>
          </gpxtpx:TrackPointExtension>
        </extensions>
      </trkpt>
      <trkpt lat="48.650208" lon="-2.022776">
        <ele>8.5</ele>
        <extensions>
          <gpxtpx:TrackPointExtension>
            <gpxtpx:Extensions>
              <highway>secondary</highway>
              <surface>asphalt</surface>
              <junction>roundabout</junction>
              <route_bicycle_icn>yes</route_bicycle_icn>
            </gpxtpx:Extensions>
          </gpxtpx:TrackPointExtension>
        </extensions>
      </trkpt>
      <trkpt lat="48.650168" lon="-2.022785">
        <ele>8.5</ele>
        <extensions>
          <gpxtpx:TrackPointExtension>
            <gpxtpx:Extensions>
              <highway>secondary</highway>
              <surface>asphalt</surface>
              <junction>roundabout</junction>
              <route_bicycle_icn>yes</route_bicycle_icn>
            </gpxtpx:Extensions>
          </gpxtpx:TrackPointExtension>
        </extensions>
      </trkpt>
      <trkpt lat="48.650148" lon="-2.022775">
        <ele>8.25</ele>
        <extensions>
          <gpxtpx:TrackPointExtension>
            <gpxtpx:Extensions>
              <highway>secondary</highway>
              <surface>asphalt</surface>
              <junction>roundabout</junction>
              <route_bicycle_icn>yes</route_bicycle_icn>
            </gpxtpx:Extensions>
          </gpxtpx:TrackPointExtension>
        </extensions>
      </trkpt>
      <trkpt lat="48.65012" lon="-2.02273">
        <ele>8.25</ele>
        <extensions>
          <gpxtpx:TrackPointExtension>
            <gpxtpx:Extensions>
              <highway>secondary</highway>
              <surface>asphalt</surface>
              <bicycle>yes</bicycle>
              <cycleway_right>no</cycleway_right>
              <cycleway_left>lane</cycleway_left>
              <route_bicycle_icn>yes</route_bicycle_icn>
            </gpxtpx:Extensions>
          </gpxtpx:TrackPointExtension>
        </extensions>
      </trkpt>
      <trkpt lat="48.65007" lon="-2.022776">
        <ele>8.25</ele>
        <extensions>
          <gpxtpx:TrackPointExtension>
            <gpxtpx:Extensions>
              <highway>secondary</highway>
              <surface>asphalt</surface>
              <bicycle>yes</bicycle>
              <cycleway_right>no</cycleway_right>
              <cycleway_left>lane</cycleway_left>
              <route_bicycle_icn>yes</route_bicycle_icn>
            </gpxtpx:Extensions>
          </gpxtpx:TrackPointExtension>
        </extensions>
      </trkpt>
      <trkpt lat="48.650041" lon="-2.022802">
        <ele>8.5</ele>
        <extensions>
          <gpxtpx:TrackPointExtension>
            <gpxtpx:Extensions>
              <highway>secondary</highway>
              <surface>asphalt</surface>
              <bicycle>yes</bicycle>
              <cycleway_right>no</cycleway_right>
              <cycleway_left>lane</cycleway_left>
              <route_bicycle_icn>yes</route_bicycle_icn>
            </gpxtpx:Extensions>
          </gpxtpx:TrackPointExtension>
        </extensions>
      </trkpt>
      <trkpt lat="48.650003" lon="-2.022839">
        <ele>8.5</ele>
        <extensions>
          <gpxtpx:TrackPointExtension>
            <gpxtpx:Extensions>
              <highway>secondary</highway>
              <surface>asphalt</surface>
              <bicycle>yes</bicycle>
              <cycleway_right>no</cycleway_right>
              <cycleway_left>lane</cycleway_left>
              <route_bicycle_icn>yes</route_bicycle_icn>
            </gpxtpx:Extensions>
          </gpxtpx:TrackPointExtension>
        </extensions>
      </trkpt>
      <trkpt lat="48.64999" lon="-2.022852">
        <ele>8.5</ele>
        <extensions>
          <gpxtpx:TrackPointExtension>
            <gpxtpx:Extensions>
              <highway>secondary</highway>
              <surface>asphalt</surface>
              <bicycle>yes</bicycle>
              <cycleway_right>no</cycleway_right>
              <cycleway_left>lane</cycleway_left>
              <route_bicycle_icn>yes</route_bicycle_icn>
            </gpxtpx:Extensions>
          </gpxtpx:TrackPointExtension>
        </extensions>
      </trkpt>
      <trkpt lat="48.649827" lon="-2.02301">
        <ele>9</ele>
        <extensions>
          <gpxtpx:TrackPointExtension>
            <gpxtpx:Extensions>
              <highway>secondary</highway>
              <surface>asphalt</surface>
              <bicycle>yes</bicycle>
              <cycleway_right>no</cycleway_right>
              <cycleway_left>lane</cycleway_left>
              <route_bicycle_icn>yes</route_bicycle_icn>
            </gpxtpx:Extensions>
          </gpxtpx:TrackPointExtension>
        </extensions>
      </trkpt>
      <trkpt lat="48.649301" lon="-2.023348">
        <ele>9.25</ele>
        <extensions>
          <gpxtpx:TrackPointExtension>
            <gpxtpx:Extensions>
              <highway>secondary</highway>
              <surface>asphalt</surface>
              <bicycle>yes</bicycle>
              <cycleway_right>no</cycleway_right>
              <cycleway_left>lane</cycleway_left>
              <route_bicycle_icn>yes</route_bicycle_icn>
            </gpxtpx:Extensions>
          </gpxtpx:TrackPointExtension>
        </extensions>
      </trkpt>
      <trkpt lat="48.64918" lon="-2.023435">
        <ele>10</ele>
        <extensions>
          <gpxtpx:TrackPointExtension>
            <gpxtpx:Extensions>
              <highway>secondary</highway>
              <surface>asphalt</surface>
              <bicycle>yes</bicycle>
              <cycleway_right>no</cycleway_right>
              <cycleway_left>lane</cycleway_left>
              <route_bicycle_icn>yes</route_bicycle_icn>
            </gpxtpx:Extensions>
          </gpxtpx:TrackPointExtension>
        </extensions>
      </trkpt>
      <trkpt lat="48.649114" lon="-2.023449">
        <ele>9.75</ele>
        <extensions>
          <gpxtpx:TrackPointExtension>
            <gpxtpx:Extensions>
              <highway>secondary</highway>
              <surface>asphalt</surface>
              <bicycle>yes</bicycle>
              <cycleway_right>no</cycleway_right>
              <cycleway_left>lane</cycleway_left>
              <route_bicycle_icn>yes</route_bicycle_icn>
            </gpxtpx:Extensions>
          </gpxtpx:TrackPointExtension>
        </extensions>
      </trkpt>
      <trkpt lat="48.649079" lon="-2.023454">
        <ele>9.75</ele>
        <extensions>
          <gpxtpx:TrackPointExtension>
            <gpxtpx:Extensions>
              <highway>secondary</highway>
              <surface>asphalt</surface>
              <bicycle>yes</bicycle>
              <cycleway_right>no</cycleway_right>
              <cycleway_left>lane</cycleway_left>
              <route_bicycle_icn>yes</route_bicycle_icn>
            </gpxtpx:Extensions>
          </gpxtpx:TrackPointExtension>
        </extensions>
      </trkpt>
      <trkpt lat="48.649058" lon="-2.023455">
        <ele>9.75</ele>
        <extensions>
          <gpxtpx:TrackPointExtension>
            <gpxtpx:Extensions>
              <highway>secondary</highway>
              <surface>asphalt</surface>
              <bicycle>yes</bicycle>
              <cycleway_right>no</cycleway_right>
              <cycleway_left>lane</cycleway_left>
              <route_bicycle_icn>yes</route_bicycle_icn>
            </gpxtpx:Extensions>
          </gpxtpx:TrackPointExtension>
        </extensions>
      </trkpt>
      <trkpt lat="48.648953" lon="-2.023463">
        <ele>9.5</ele>
        <extensions>
          <gpxtpx:TrackPointExtension>
            <gpxtpx:Extensions>
              <highway>secondary</highway>
              <surface>asphalt</surface>
              <cycleway>no</cycleway>
              <route_bicycle_icn>yes</route_bicycle_icn>
            </gpxtpx:Extensions>
          </gpxtpx:TrackPointExtension>
        </extensions>
      </trkpt>
      <trkpt lat="48.648843" lon="-2.023501">
        <ele>9.75</ele>
        <extensions>
          <gpxtpx:TrackPointExtension>
            <gpxtpx:Extensions>
              <highway>secondary</highway>
              <surface>asphalt</surface>
              <cycleway>no</cycleway>
              <route_bicycle_icn>yes</route_bicycle_icn>
            </gpxtpx:Extensions>
          </gpxtpx:TrackPointExtension>
        </extensions>
      </trkpt>
      <trkpt lat="48.648825" lon="-2.023507">
        <ele>9.75</ele>
        <extensions>
          <gpxtpx:TrackPointExtension>
            <gpxtpx:Extensions>
              <highway>secondary</highway>
              <surface>asphalt</surface>
              <cycleway>no</cycleway>
              <route_bicycle_icn>yes</route_bicycle_icn>
            </gpxtpx:Extensions>
          </gpxtpx:TrackPointExtension>
        </extensions>
      </trkpt>
      <trkpt lat="48.648783" lon="-2.023522">
        <ele>9.75</ele>
        <extensions>
          <gpxtpx:TrackPointExtension>
            <gpxtpx:Extensions>
              <highway>secondary</highway>
              <surface>asphalt</surface>
              <cycleway>no</cycleway>
              <route_bicycle_icn>yes</route_bicycle_icn>
            </gpxtpx:Extensions>
          </gpxtpx:TrackPointExtension>
        </extensions>
      </trkpt>
      <trkpt lat="48.648591" lon="-2.023523">
        <ele>9.25</ele>
        <extensions>
          <gpxtpx:TrackPointExtension>
            <gpxtpx:Extensions>
              <highway>secondary</highway>
              <surface>asphalt</surface>
              <cycleway>no</cycleway>
              <route_bicycle_icn>yes</route_bicycle_icn>
            </gpxtpx:Extensions>
          </gpxtpx:TrackPointExtension>
        </extensions>
      </trkpt>
      <trkpt lat="48.648443" lon="-2.023549">
        <ele>9.25</ele>
        <extensions>
          <gpxtpx:TrackPointExtension>
            <gpxtpx:Extensions>
              <highway>secondary</highway>
              <surface>asphalt</surface>
              <cycleway>no</cycleway>
              <route_bicycle_icn>yes</route_bicycle_icn>
            </gpxtpx:Extensions>
          </gpxtpx:TrackPointExtension>
        </extensions>
      </trkpt>
      <trkpt lat="48.647337" lon="-2.023483">
        <ele>8</ele>
        <extensions>
          <gpxtpx:TrackPointExtension>
            <gpxtpx:Extensions>
              <highway>secondary</highway>
              <surface>asphalt</surface>
              <cycleway>no</cycleway>
              <route_bicycle_icn>yes</route_bicycle_icn>
            </gpxtpx:Extensions>
          </gpxtpx:TrackPointExtension>
        </extensions>
      </trkpt>
      <trkpt lat="48.647247" lon="-2.023479">
        <ele>7.75</ele>
        <extensions>
          <gpxtpx:TrackPointExtension>
            <gpxtpx:Extensions>
              <highway>secondary</highway>
              <surface>asphalt</surface>
              <cycleway>no</cycleway>
              <route_bicycle_icn>yes</route_bicycle_icn>
            </gpxtpx:Extensions>
          </gpxtpx:TrackPointExtension>
        </extensions>
      </trkpt>
      <trkpt lat="48.647167" lon="-2.023461">
        <ele>7.25</ele>
        <extensions>
          <gpxtpx:TrackPointExtension>
            <gpxtpx:Extensions>
              <highway>secondary</highway>
              <surface>asphalt</surface>
              <cycleway>no</cycleway>
              <route_bicycle_icn>yes</route_bicycle_icn>
            </gpxtpx:Extensions>
          </gpxtpx:TrackPointExtension>
        </extensions>
      </trkpt>
      <trkpt lat="48.64648" lon="-2.023404">
        <ele>4.5</ele>
        <extensions>
          <gpxtpx:TrackPointExtension>
            <gpxtpx:Extensions>
              <highway>secondary</highway>
              <surface>asphalt</surface>
              <cycleway>no</cycleway>
              <route_bicycle_icn>yes</route_bicycle_icn>
            </gpxtpx:Extensions>
          </gpxtpx:TrackPointExtension>
        </extensions>
      </trkpt>
      <trkpt lat="48.646444" lon="-2.023413">
        <ele>4.5</ele>
        <extensions>
          <gpxtpx:TrackPointExtension>
            <gpxtpx:Extensions>
              <highway>secondary</highway>
              <surface>asphalt</surface>
              <bicycle>yes</bicycle>
              <oneway>yes</oneway>
              <cycleway_right>no</cycleway_right>
              <route_bicycle_icn>yes</route_bicycle_icn>
            </gpxtpx:Extensions>
          </gpxtpx:TrackPointExtension>
        </extensions>
      </trkpt>
      <trkpt lat="48.646405" lon="-2.023507">
        <ele>5</ele>
        <extensions>
          <gpxtpx:TrackPointExtension>
            <gpxtpx:Extensions>
              <highway>secondary</highway>
              <surface>asphalt</surface>
              <bicycle>yes</bicycle>
              <oneway>yes</oneway>
              <cycleway_right>no</cycleway_right>
              <route_bicycle_icn>yes</route_bicycle_icn>
            </gpxtpx:Extensions>
          </gpxtpx:TrackPointExtension>
        </extensions>
      </trkpt>
      <trkpt lat="48.646375" lon="-2.023582">
        <ele>5.25</ele>
        <extensions>
          <gpxtpx:TrackPointExtension>
            <gpxtpx:Extensions>
              <highway>secondary</highway>
              <surface>asphalt</surface>
              <bicycle>yes</bicycle>
              <junction>roundabout</junction>
              <cycleway_right>no</cycleway_right>
              <route_bicycle_icn>yes</route_bicycle_icn>
            </gpxtpx:Extensions>
          </gpxtpx:TrackPointExtension>
        </extensions>
      </trkpt>
      <trkpt lat="48.646379" lon="-2.023636">
        <ele>5.75</ele>
        <extensions>
          <gpxtpx:TrackPointExtension>
            <gpxtpx:Extensions>
              <highway>secondary</highway>
              <surface>asphalt</surface>
              <bicycle>yes</bicycle>
              <junction>roundabout</junction>
              <cycleway_right>no</cycleway_right>
              <route_bicycle_icn>yes</route_bicycle_icn>
            </gpxtpx:Extensions>
          </gpxtpx:TrackPointExtension>
        </extensions>
      </trkpt>
      <trkpt lat="48.646375" lon="-2.02369">
        <ele>6</ele>
        <extensions>
          <gpxtpx:TrackPointExtension>
            <gpxtpx:Extensions>
              <highway>secondary</highway>
              <surface>asphalt</surface>
              <bicycle>yes</bicycle>
              <junction>roundabout</junction>
              <cycleway_right>no</cycleway_right>
              <route_bicycle_icn>yes</route_bicycle_icn>
            </gpxtpx:Extensions>
          </gpxtpx:TrackPointExtension>
        </extensions>
      </trkpt>
      <trkpt lat="48.646364" lon="-2.023741">
        <ele>6.25</ele>
        <extensions>
          <gpxtpx:TrackPointExtension>
            <gpxtpx:Extensions>
              <highway>secondary</highway>
              <surface>asphalt</surface>
              <bicycle>yes</bicycle>
              <junction>roundabout</junction>
              <cycleway_right>no</cycleway_right>
              <smoothness>excellent</smoothness>
              <route_bicycle_icn>yes</route_bicycle_icn>
            </gpxtpx:Extensions>
          </gpxtpx:TrackPointExtension>
        </extensions>
      </trkpt>
      <trkpt lat="48.646345" lon="-2.023792">
        <ele>6.25</ele>
        <extensions>
          <gpxtpx:TrackPointExtension>
            <gpxtpx:Extensions>
              <highway>secondary</highway>
              <surface>asphalt</surface>
              <bicycle>yes</bicycle>
              <junction>roundabout</junction>
              <cycleway_right>no</cycleway_right>
              <smoothness>excellent</smoothness>
              <route_bicycle_icn>yes</route_bicycle_icn>
            </gpxtpx:Extensions>
          </gpxtpx:TrackPointExtension>
        </extensions>
      </trkpt>
      <trkpt lat="48.646318" lon="-2.023835">
        <ele>6.5</ele>
        <extensions>
          <gpxtpx:TrackPointExtension>
            <gpxtpx:Extensions>
              <highway>secondary</highway>
              <surface>asphalt</surface>
              <bicycle>yes</bicycle>
              <junction>roundabout</junction>
              <cycleway_right>no</cycleway_right>
              <smoothness>excellent</smoothness>
              <route_bicycle_icn>yes</route_bicycle_icn>
            </gpxtpx:Extensions>
          </gpxtpx:TrackPointExtension>
        </extensions>
      </trkpt>
      <trkpt lat="48.646286" lon="-2.023868">
        <ele>6.25</ele>
        <extensions>
          <gpxtpx:TrackPointExtension>
            <gpxtpx:Extensions>
              <highway>secondary</highway>
              <surface>asphalt</surface>
              <bicycle>yes</bicycle>
              <junction>roundabout</junction>
              <cycleway_right>no</cycleway_right>
              <smoothness>excellent</smoothness>
              <route_bicycle_icn>yes</route_bicycle_icn>
            </gpxtpx:Extensions>
          </gpxtpx:TrackPointExtension>
        </extensions>
      </trkpt>
      <trkpt lat="48.646249" lon="-2.023888">
        <ele>6.25</ele>
        <extensions>
          <gpxtpx:TrackPointExtension>
            <gpxtpx:Extensions>
              <highway>secondary</highway>
              <surface>asphalt</surface>
              <bicycle>yes</bicycle>
              <junction>roundabout</junction>
              <cycleway_right>no</cycleway_right>
              <smoothness>excellent</smoothness>
              <route_bicycle_icn>yes</route_bicycle_icn>
            </gpxtpx:Extensions>
          </gpxtpx:TrackPointExtension>
        </extensions>
      </trkpt>
      <trkpt lat="48.646211" lon="-2.023896">
        <ele>6</ele>
        <extensions>
          <gpxtpx:TrackPointExtension>
            <gpxtpx:Extensions>
              <highway>secondary</highway>
              <surface>asphalt</surface>
              <bicycle>yes</bicycle>
              <junction>roundabout</junction>
              <cycleway_right>no</cycleway_right>
              <smoothness>excellent</smoothness>
              <route_bicycle_icn>yes</route_bicycle_icn>
            </gpxtpx:Extensions>
          </gpxtpx:TrackPointExtension>
        </extensions>
      </trkpt>
      <trkpt lat="48.646172" lon="-2.023891">
        <ele>5.75</ele>
        <extensions>
          <gpxtpx:TrackPointExtension>
            <gpxtpx:Extensions>
              <highway>secondary</highway>
              <surface>asphalt</surface>
              <bicycle>yes</bicycle>
              <junction>roundabout</junction>
              <cycleway_right>no</cycleway_right>
              <smoothness>excellent</smoothness>
              <route_bicycle_icn>yes</route_bicycle_icn>
            </gpxtpx:Extensions>
          </gpxtpx:TrackPointExtension>
        </extensions>
      </trkpt>
      <trkpt lat="48.646113" lon="-2.023854">
        <ele>5.25</ele>
        <extensions>
          <gpxtpx:TrackPointExtension>
            <gpxtpx:Extensions>
              <highway>secondary</highway>
              <surface>asphalt</surface>
              <bicycle>yes</bicycle>
              <junction>roundabout</junction>
              <cycleway_right>no</cycleway_right>
              <smoothness>excellent</smoothness>
              <route_bicycle_icn>yes</route_bicycle_icn>
            </gpxtpx:Extensions>
          </gpxtpx:TrackPointExtension>
        </extensions>
      </trkpt>
      <trkpt lat="48.646088" lon="-2.023824">
        <ele>5</ele>
        <extensions>
          <gpxtpx:TrackPointExtension>
            <gpxtpx:Extensions>
              <highway>secondary</highway>
              <surface>asphalt</surface>
              <bicycle>yes</bicycle>
              <junction>roundabout</junction>
              <cycleway_right>no</cycleway_right>
              <route_bicycle_icn>yes</route_bicycle_icn>
            </gpxtpx:Extensions>
          </gpxtpx:TrackPointExtension>
        </extensions>
      </trkpt>
      <trkpt lat="48.646057" lon="-2.023764">
        <ele>4.5</ele>
        <extensions>
          <gpxtpx:TrackPointExtension>
            <gpxtpx:Extensions>
              <highway>secondary</highway>
              <surface>asphalt</surface>
              <bicycle>yes</bicycle>
              <junction>roundabout</junction>
              <cycleway_right>no</cycleway_right>
              <route_bicycle_icn>yes</route_bicycle_icn>
            </gpxtpx:Extensions>
          </gpxtpx:TrackPointExtension>
        </extensions>
      </trkpt>
      <trkpt lat="48.646047" lon="-2.023729">
        <ele>4.5</ele>
        <extensions>
          <gpxtpx:TrackPointExtension>
            <gpxtpx:Extensions>
              <highway>secondary</highway>
              <surface>asphalt</surface>
              <bicycle>yes</bicycle>
              <junction>roundabout</junction>
              <cycleway_right>no</cycleway_right>
              <route_bicycle_icn>yes</route_bicycle_icn>
            </gpxtpx:Extensions>
          </gpxtpx:TrackPointExtension>
        </extensions>
      </trkpt>
      <trkpt lat="48.646037" lon="-2.023675">
        <ele>4.25</ele>
        <extensions>
          <gpxtpx:TrackPointExtension>
            <gpxtpx:Extensions>
              <highway>secondary</highway>
              <surface>asphalt</surface>
              <bicycle>yes</bicycle>
              <junction>roundabout</junction>
              <cycleway_right>no</cycleway_right>
              <route_bicycle_icn>yes</route_bicycle_icn>
            </gpxtpx:Extensions>
          </gpxtpx:TrackPointExtension>
        </extensions>
      </trkpt>
      <trkpt lat="48.646036" lon="-2.02362">
        <ele>4.25</ele>
        <extensions>
          <gpxtpx:TrackPointExtension>
            <gpxtpx:Extensions>
              <highway>secondary</highway>
              <surface>asphalt</surface>
              <bicycle>yes</bicycle>
              <junction>roundabout</junction>
              <cycleway_right>no</cycleway_right>
              <route_bicycle_icn>yes</route_bicycle_icn>
            </gpxtpx:Extensions>
          </gpxtpx:TrackPointExtension>
        </extensions>
      </trkpt>
      <trkpt lat="48.646042" lon="-2.023565">
        <ele>4.25</ele>
        <extensions>
          <gpxtpx:TrackPointExtension>
            <gpxtpx:Extensions>
              <highway>secondary</highway>
              <surface>asphalt</surface>
              <bicycle>yes</bicycle>
              <junction>roundabout</junction>
              <cycleway_right>no</cycleway_right>
              <route_bicycle_icn>yes</route_bicycle_icn>
            </gpxtpx:Extensions>
          </gpxtpx:TrackPointExtension>
        </extensions>
      </trkpt>
      <trkpt lat="48.646056" lon="-2.023513">
        <ele>4.25</ele>
        <extensions>
          <gpxtpx:TrackPointExtension>
            <gpxtpx:Extensions>
              <reversedirection>yes</reversedirection>
              <highway>secondary</highway>
              <surface>asphalt</surface>
              <bicycle>yes</bicycle>
              <route_bicycle_icn>yes</route_bicycle_icn>
            </gpxtpx:Extensions>
          </gpxtpx:TrackPointExtension>
        </extensions>
      </trkpt>
      <trkpt lat="48.646017" lon="-2.02347">
        <ele>4</ele>
        <extensions>
          <gpxtpx:TrackPointExtension>
            <gpxtpx:Extensions>
              <reversedirection>yes</reversedirection>
              <highway>secondary</highway>
              <surface>asphalt</surface>
              <bicycle>yes</bicycle>
              <route_bicycle_icn>yes</route_bicycle_icn>
            </gpxtpx:Extensions>
          </gpxtpx:TrackPointExtension>
        </extensions>
      </trkpt>
      <trkpt lat="48.645994" lon="-2.023445">
        <ele>4</ele>
        <extensions>
          <gpxtpx:TrackPointExtension>
            <gpxtpx:Extensions>
              <reversedirection>yes</reversedirection>
              <highway>secondary</highway>
              <surface>asphalt</surface>
              <bicycle>yes</bicycle>
              <route_bicycle_icn>yes</route_bicycle_icn>
            </gpxtpx:Extensions>
          </gpxtpx:TrackPointExtension>
        </extensions>
      </trkpt>
      <trkpt lat="48.645864" lon="-2.023354">
        <ele>3.75</ele>
        <extensions>
          <gpxtpx:TrackPointExtension>
            <gpxtpx:Extensions>
              <reversedirection>yes</reversedirection>
              <highway>secondary</highway>
              <surface>asphalt</surface>
              <bicycle>yes</bicycle>
              <route_bicycle_icn>yes</route_bicycle_icn>
            </gpxtpx:Extensions>
          </gpxtpx:TrackPointExtension>
        </extensions>
      </trkpt>
      <trkpt lat="48.645688" lon="-2.023274">
        <ele>4</ele>
        <extensions>
          <gpxtpx:TrackPointExtension>
            <gpxtpx:Extensions>
              <reversedirection>yes</reversedirection>
              <highway>secondary</highway>
              <surface>asphalt</surface>
              <bicycle>yes</bicycle>
              <route_bicycle_icn>yes</route_bicycle_icn>
            </gpxtpx:Extensions>
          </gpxtpx:TrackPointExtension>
        </extensions>
      </trkpt>
      <trkpt lat="48.645413" lon="-2.023198">
        <ele>4.25</ele>
        <extensions>
          <gpxtpx:TrackPointExtension>
            <gpxtpx:Extensions>
              <reversedirection>yes</reversedirection>
              <highway>secondary</highway>
              <surface>asphalt</surface>
              <bicycle>yes</bicycle>
              <route_bicycle_icn>yes</route_bicycle_icn>
            </gpxtpx:Extensions>
          </gpxtpx:TrackPointExtension>
        </extensions>
      </trkpt>
      <trkpt lat="48.644943" lon="-2.023107">
        <ele>4.5</ele>
        <extensions>
          <gpxtpx:TrackPointExtension>
            <gpxtpx:Extensions>
              <reversedirection>yes</reversedirection>
              <highway>secondary</highway>
              <surface>asphalt</surface>
              <bicycle>yes</bicycle>
              <route_bicycle_icn>yes</route_bicycle_icn>
            </gpxtpx:Extensions>
          </gpxtpx:TrackPointExtension>
        </extensions>
      </trkpt>
      <trkpt lat="48.644803" lon="-2.023064">
        <ele>4.5</ele>
        <extensions>
          <gpxtpx:TrackPointExtension>
            <gpxtpx:Extensions>
              <reversedirection>yes</reversedirection>
              <highway>secondary</highway>
              <surface>asphalt</surface>
              <bicycle>yes</bicycle>
              <route_bicycle_icn>yes</route_bicycle_icn>
            </gpxtpx:Extensions>
          </gpxtpx:TrackPointExtension>
        </extensions>
      </trkpt>
      <trkpt lat="48.644684" lon="-2.023016">
        <ele>4.25</ele>
        <extensions>
          <gpxtpx:TrackPointExtension>
            <gpxtpx:Extensions>
              <reversedirection>yes</reversedirection>
              <highway>secondary</highway>
              <surface>asphalt</surface>
              <bicycle>yes</bicycle>
              <route_bicycle_icn>yes</route_bicycle_icn>
            </gpxtpx:Extensions>
          </gpxtpx:TrackPointExtension>
        </extensions>
      </trkpt>
      <trkpt lat="48.644547" lon="-2.022941">
        <ele>4.25</ele>
        <extensions>
          <gpxtpx:TrackPointExtension>
            <gpxtpx:Extensions>
              <reversedirection>yes</reversedirection>
              <highway>secondary</highway>
              <surface>asphalt</surface>
              <bicycle>yes</bicycle>
              <route_bicycle_icn>yes</route_bicycle_icn>
            </gpxtpx:Extensions>
          </gpxtpx:TrackPointExtension>
        </extensions>
      </trkpt>
      <trkpt lat="48.644379" lon="-2.02284">
        <ele>3.75</ele>
        <extensions>
          <gpxtpx:TrackPointExtension>
            <gpxtpx:Extensions>
              <reversedirection>yes</reversedirection>
              <highway>secondary</highway>
              <surface>asphalt</surface>
              <bicycle>yes</bicycle>
              <cycleway>no</cycleway>
              <smoothness>excellent</smoothness>
              <route_bicycle_icn>yes</route_bicycle_icn>
            </gpxtpx:Extensions>
          </gpxtpx:TrackPointExtension>
        </extensions>
      </trkpt>
      <trkpt lat="48.644333" lon="-2.022811">
        <ele>3.75</ele>
        <extensions>
          <gpxtpx:TrackPointExtension>
            <gpxtpx:Extensions>
              <reversedirection>yes</reversedirection>
              <highway>secondary</highway>
              <surface>asphalt</surface>
              <bicycle>yes</bicycle>
              <cycleway>no</cycleway>
              <smoothness>excellent</smoothness>
              <route_bicycle_icn>yes</route_bicycle_icn>
            </gpxtpx:Extensions>
          </gpxtpx:TrackPointExtension>
        </extensions>
      </trkpt>
      <trkpt lat="48.644306" lon="-2.022794">
        <ele>3.75</ele>
        <extensions>
          <gpxtpx:TrackPointExtension>
            <gpxtpx:Extensions>
              <reversedirection>yes</reversedirection>
              <highway>secondary</highway>
              <surface>asphalt</surface>
              <bicycle>yes</bicycle>
              <cycleway>no</cycleway>
              <smoothness>good</smoothness>
              <route_bicycle_icn>yes</route_bicycle_icn>
            </gpxtpx:Extensions>
          </gpxtpx:TrackPointExtension>
        </extensions>
      </trkpt>
      <trkpt lat="48.64351" lon="-2.022264">
        <ele>5</ele>
        <extensions>
          <gpxtpx:TrackPointExtension>
            <gpxtpx:Extensions>
              <reversedirection>yes</reversedirection>
              <highway>secondary</highway>
              <surface>asphalt</surface>
              <bicycle>yes</bicycle>
              <route_bicycle_icn>yes</route_bicycle_icn>
            </gpxtpx:Extensions>
          </gpxtpx:TrackPointExtension>
        </extensions>
      </trkpt>
      <trkpt lat="48.643488" lon="-2.022249">
        <ele>5.25</ele>
        <extensions>
          <gpxtpx:TrackPointExtension>
            <gpxtpx:Extensions>
              <highway>secondary</highway>
              <surface>asphalt</surface>
              <bicycle>yes</bicycle>
              <oneway>yes</oneway>
              <cycleway_right>no</cycleway_right>
            </gpxtpx:Extensions>
          </gpxtpx:TrackPointExtension>
        </extensions>
      </trkpt>
      <trkpt lat="48.643388" lon="-2.022264">
        <ele>5.5</ele>
        <extensions>
          <gpxtpx:TrackPointExtension>
            <gpxtpx:Extensions>
              <highway>secondary</highway>
              <surface>asphalt</surface>
              <bicycle>yes</bicycle>
              <oneway>yes</oneway>
              <smoothness>good</smoothness>
            </gpxtpx:Extensions>
          </gpxtpx:TrackPointExtension>
        </extensions>
      </trkpt>
      <trkpt lat="48.643305" lon="-2.022279">
        <ele>5.5</ele>
        <extensions>
          <gpxtpx:TrackPointExtension>
            <gpxtpx:Extensions>
              <highway>secondary</highway>
              <surface>asphalt</surface>
              <bicycle>yes</bicycle>
              <oneway>yes</oneway>
              <smoothness>good</smoothness>
            </gpxtpx:Extensions>
          </gpxtpx:TrackPointExtension>
        </extensions>
      </trkpt>
      <trkpt lat="48.643228" lon="-2.02228">
        <ele>5.5</ele>
        <extensions>
          <gpxtpx:TrackPointExtension>
            <gpxtpx:Extensions>
              <highway>secondary</highway>
              <surface>asphalt</surface>
              <bicycle>yes</bicycle>
              <oneway>yes</oneway>
              <smoothness>good</smoothness>
            </gpxtpx:Extensions>
          </gpxtpx:TrackPointExtension>
        </extensions>
      </trkpt>
      <trkpt lat="48.643147" lon="-2.022228">
        <ele>5.5</ele>
        <extensions>
          <gpxtpx:TrackPointExtension>
            <gpxtpx:Extensions>
              <highway>secondary</highway>
              <surface>asphalt</surface>
              <bicycle>yes</bicycle>
              <oneway>yes</oneway>
              <smoothness>good</smoothness>
            </gpxtpx:Extensions>
          </gpxtpx:TrackPointExtension>
        </extensions>
      </trkpt>
      <trkpt lat="48.643086" lon="-2.022158">
        <ele>5.5</ele>
        <extensions>
          <gpxtpx:TrackPointExtension>
            <gpxtpx:Extensions>
              <highway>secondary</highway>
              <surface>asphalt</surface>
              <bicycle>yes</bicycle>
              <oneway>yes</oneway>
              <smoothness>good</smoothness>
            </gpxtpx:Extensions>
          </gpxtpx:TrackPointExtension>
        </extensions>
      </trkpt>
      <trkpt lat="48.643035" lon="-2.02205">
        <ele>5.25</ele>
        <extensions>
          <gpxtpx:TrackPointExtension>
            <gpxtpx:Extensions>
              <highway>secondary</highway>
              <surface>asphalt</surface>
              <bicycle>yes</bicycle>
              <oneway>yes</oneway>
              <smoothness>good</smoothness>
            </gpxtpx:Extensions>
          </gpxtpx:TrackPointExtension>
        </extensions>
      </trkpt>
      <trkpt lat="48.64299" lon="-2.021869">
        <ele>5.25</ele>
        <extensions>
          <gpxtpx:TrackPointExtension>
            <gpxtpx:Extensions>
              <highway>secondary</highway>
              <surface>asphalt</surface>
              <bicycle>yes</bicycle>
              <oneway>yes</oneway>
              <smoothness>good</smoothness>
            </gpxtpx:Extensions>
          </gpxtpx:TrackPointExtension>
        </extensions>
      </trkpt>
      <trkpt lat="48.642967" lon="-2.021768">
        <ele>5.25</ele>
        <extensions>
          <gpxtpx:TrackPointExtension>
            <gpxtpx:Extensions>
              <highway>secondary</highway>
              <surface>asphalt</surface>
              <bicycle>yes</bicycle>
              <oneway>yes</oneway>
              <smoothness>good</smoothness>
            </gpxtpx:Extensions>
          </gpxtpx:TrackPointExtension>
        </extensions>
      </trkpt>
      <trkpt lat="48.642908" lon="-2.021575">
        <ele>5.5</ele>
        <extensions>
          <gpxtpx:TrackPointExtension>
            <gpxtpx:Extensions>
              <highway>secondary</highway>
              <surface>asphalt</surface>
              <bicycle>yes</bicycle>
              <oneway>yes</oneway>
              <cycleway_right>no</cycleway_right>
              <smoothness>good</smoothness>
            </gpxtpx:Extensions>
          </gpxtpx:TrackPointExtension>
        </extensions>
      </trkpt>
      <trkpt lat="48.642846" lon="-2.021432">
        <ele>5.5</ele>
        <extensions>
          <gpxtpx:TrackPointExtension>
            <gpxtpx:Extensions>
              <highway>secondary</highway>
              <surface>asphalt</surface>
              <bicycle>yes</bicycle>
              <oneway>yes</oneway>
              <cycleway_right>no</cycleway_right>
              <smoothness>good</smoothness>
            </gpxtpx:Extensions>
          </gpxtpx:TrackPointExtension>
        </extensions>
      </trkpt>
      <trkpt lat="48.642761" lon="-2.021276">
        <ele>5.75</ele>
        <extensions>
          <gpxtpx:TrackPointExtension>
            <gpxtpx:Extensions>
              <highway>secondary</highway>
              <surface>asphalt</surface>
              <bicycle>yes</bicycle>
              <oneway>yes</oneway>
              <cycleway_right>no</cycleway_right>
              <smoothness>good</smoothness>
            </gpxtpx:Extensions>
          </gpxtpx:TrackPointExtension>
        </extensions>
      </trkpt>
      <trkpt lat="48.642642" lon="-2.021092">
        <ele>6.25</ele>
        <extensions>
          <gpxtpx:TrackPointExtension>
            <gpxtpx:Extensions>
              <highway>secondary</highway>
              <surface>asphalt</surface>
              <bicycle>yes</bicycle>
              <oneway>yes</oneway>
              <cycleway_right>no</cycleway_right>
              <smoothness>good</smoothness>
            </gpxtpx:Extensions>
          </gpxtpx:TrackPointExtension>
        </extensions>
      </trkpt>
      <trkpt lat="48.642588" lon="-2.020988">
        <ele>6.5</ele>
        <extensions>
          <gpxtpx:TrackPointExtension>
            <gpxtpx:Extensions>
              <highway>secondary</highway>
              <surface>asphalt</surface>
              <bicycle>yes</bicycle>
              <oneway>no</oneway>
            </gpxtpx:Extensions>
          </gpxtpx:TrackPointExtension>
        </extensions>
      </trkpt>
      <trkpt lat="48.642546" lon="-2.02095">
        <ele>6.5</ele>
        <extensions>
          <gpxtpx:TrackPointExtension>
            <gpxtpx:Extensions>
              <highway>secondary</highway>
              <surface>asphalt</surface>
              <bicycle>yes</bicycle>
              <oneway>no</oneway>
            </gpxtpx:Extensions>
          </gpxtpx:TrackPointExtension>
        </extensions>
      </trkpt>
      <trkpt lat="48.642485" lon="-2.020894">
        <ele>6.75</ele>
        <extensions>
          <gpxtpx:TrackPointExtension>
            <gpxtpx:Extensions>
              <highway>secondary</highway>
              <surface>asphalt</surface>
              <bicycle>yes</bicycle>
              <oneway>no</oneway>
            </gpxtpx:Extensions>
          </gpxtpx:TrackPointExtension>
        </extensions>
      </trkpt>
      <trkpt lat="48.642325" lon="-2.020748">
        <ele>6.5</ele>
        <extensions>
          <gpxtpx:TrackPointExtension>
            <gpxtpx:Extensions>
              <highway>secondary</highway>
              <surface>asphalt</surface>
              <bicycle>yes</bicycle>
              <oneway>yes</oneway>
              <cycleway_right>no</cycleway_right>
              <smoothness>good</smoothness>
            </gpxtpx:Extensions>
          </gpxtpx:TrackPointExtension>
        </extensions>
      </trkpt>
      <trkpt lat="48.642235" lon="-2.020744">
        <ele>6.25</ele>
        <extensions>
          <gpxtpx:TrackPointExtension>
            <gpxtpx:Extensions>
              <highway>secondary</highway>
              <surface>asphalt</surface>
              <bicycle>yes</bicycle>
              <oneway>yes</oneway>
              <cycleway_right>no</cycleway_right>
              <smoothness>good</smoothness>
            </gpxtpx:Extensions>
          </gpxtpx:TrackPointExtension>
        </extensions>
      </trkpt>
      <trkpt lat="48.642184" lon="-2.020742">
        <ele>6.25</ele>
        <extensions>
          <gpxtpx:TrackPointExtension>
            <gpxtpx:Extensions>
              <highway>secondary</highway>
              <surface>asphalt</surface>
              <foot>no</foot>
              <junction>roundabout</junction>
              <cycleway_right>no</cycleway_right>
              <smoothness>good</smoothness>
              <route_bicycle_icn>yes</route_bicycle_icn>
            </gpxtpx:Extensions>
          </gpxtpx:TrackPointExtension>
        </extensions>
      </trkpt>
      <trkpt lat="48.64213" lon="-2.020797">
        <ele>6</ele>
        <extensions>
          <gpxtpx:TrackPointExtension>
            <gpxtpx:Extensions>
              <highway>secondary</highway>
              <surface>asphalt</surface>
              <foot>no</foot>
              <junction>roundabout</junction>
              <cycleway_right>no</cycleway_right>
              <smoothness>good</smoothness>
              <route_bicycle_icn>yes</route_bicycle_icn>
            </gpxtpx:Extensions>
          </gpxtpx:TrackPointExtension>
        </extensions>
      </trkpt>
      <trkpt lat="48.642068" lon="-2.020827">
        <ele>5.75</ele>
        <extensions>
          <gpxtpx:TrackPointExtension>
            <gpxtpx:Extensions>
              <highway>secondary</highway>
              <surface>asphalt</surface>
              <foot>no</foot>
              <junction>roundabout</junction>
              <cycleway_right>no</cycleway_right>
              <smoothness>good</smoothness>
              <route_bicycle_icn>yes</route_bicycle_icn>
            </gpxtpx:Extensions>
          </gpxtpx:TrackPointExtension>
        </extensions>
      </trkpt>
      <trkpt lat="48.642002" lon="-2.020827">
        <ele>5.75</ele>
        <extensions>
          <gpxtpx:TrackPointExtension>
            <gpxtpx:Extensions>
              <highway>secondary</highway>
              <surface>asphalt</surface>
              <foot>no</foot>
              <junction>roundabout</junction>
              <cycleway_right>no</cycleway_right>
              <smoothness>good</smoothness>
              <route_bicycle_icn>yes</route_bicycle_icn>
            </gpxtpx:Extensions>
          </gpxtpx:TrackPointExtension>
        </extensions>
      </trkpt>
      <trkpt lat="48.64194" lon="-2.020798">
        <ele>5.5</ele>
        <extensions>
          <gpxtpx:TrackPointExtension>
            <gpxtpx:Extensions>
              <highway>secondary</highway>
              <surface>asphalt</surface>
              <foot>no</foot>
              <junction>roundabout</junction>
              <cycleway_right>no</cycleway_right>
              <smoothness>good</smoothness>
              <route_bicycle_icn>yes</route_bicycle_icn>
            </gpxtpx:Extensions>
          </gpxtpx:TrackPointExtension>
        </extensions>
      </trkpt>
      <trkpt lat="48.641886" lon="-2.020742">
        <ele>5.5</ele>
        <extensions>
          <gpxtpx:TrackPointExtension>
            <gpxtpx:Extensions>
              <highway>secondary</highway>
              <surface>asphalt</surface>
              <foot>no</foot>
              <junction>roundabout</junction>
              <cycleway_right>no</cycleway_right>
              <smoothness>good</smoothness>
              <route_bicycle_icn>yes</route_bicycle_icn>
            </gpxtpx:Extensions>
          </gpxtpx:TrackPointExtension>
        </extensions>
      </trkpt>
      <trkpt lat="48.641845" lon="-2.020664">
        <ele>5.75</ele>
        <extensions>
          <gpxtpx:TrackPointExtension>
            <gpxtpx:Extensions>
              <highway>secondary</highway>
              <surface>asphalt</surface>
              <foot>no</foot>
              <junction>roundabout</junction>
              <cycleway_right>no</cycleway_right>
              <smoothness>good</smoothness>
              <route_bicycle_icn>yes</route_bicycle_icn>
            </gpxtpx:Extensions>
          </gpxtpx:TrackPointExtension>
        </extensions>
      </trkpt>
      <trkpt lat="48.641822" lon="-2.020572">
        <ele>6</ele>
        <extensions>
          <gpxtpx:TrackPointExtension>
            <gpxtpx:Extensions>
              <highway>secondary</highway>
              <surface>asphalt</surface>
              <foot>no</foot>
              <junction>roundabout</junction>
              <cycleway_right>no</cycleway_right>
              <smoothness>good</smoothness>
              <route_bicycle_icn>yes</route_bicycle_icn>
            </gpxtpx:Extensions>
          </gpxtpx:TrackPointExtension>
        </extensions>
      </trkpt>
      <trkpt lat="48.641817" lon="-2.020474">
        <ele>6.25</ele>
        <extensions>
          <gpxtpx:TrackPointExtension>
            <gpxtpx:Extensions>
              <highway>secondary</highway>
              <surface>asphalt</surface>
              <foot>no</foot>
              <junction>roundabout</junction>
              <cycleway_right>no</cycleway_right>
              <smoothness>good</smoothness>
              <route_bicycle_icn>yes</route_bicycle_icn>
            </gpxtpx:Extensions>
          </gpxtpx:TrackPointExtension>
        </extensions>
      </trkpt>
      <trkpt lat="48.641832" lon="-2.020377">
        <ele>6.5</ele>
        <extensions>
          <gpxtpx:TrackPointExtension>
            <gpxtpx:Extensions>
              <highway>secondary</highway>
              <surface>asphalt</surface>
              <foot>no</foot>
              <junction>roundabout</junction>
              <cycleway_right>no</cycleway_right>
              <smoothness>good</smoothness>
              <route_bicycle_icn>yes</route_bicycle_icn>
            </gpxtpx:Extensions>
          </gpxtpx:TrackPointExtension>
        </extensions>
      </trkpt>
      <trkpt lat="48.641866" lon="-2.020292">
        <ele>6.75</ele>
        <extensions>
          <gpxtpx:TrackPointExtension>
            <gpxtpx:Extensions>
              <highway>secondary</highway>
              <surface>asphalt</surface>
              <foot>no</foot>
              <junction>roundabout</junction>
              <cycleway_right>no</cycleway_right>
              <route_bicycle_icn>yes</route_bicycle_icn>
            </gpxtpx:Extensions>
          </gpxtpx:TrackPointExtension>
        </extensions>
      </trkpt>
      <trkpt lat="48.641901" lon="-2.02024">
        <ele>6.75</ele>
        <extensions>
          <gpxtpx:TrackPointExtension>
            <gpxtpx:Extensions>
              <highway>secondary</highway>
              <surface>asphalt</surface>
              <foot>no</foot>
              <junction>roundabout</junction>
              <cycleway_right>no</cycleway_right>
              <route_bicycle_icn>yes</route_bicycle_icn>
            </gpxtpx:Extensions>
          </gpxtpx:TrackPointExtension>
        </extensions>
      </trkpt>
      <trkpt lat="48.641944" lon="-2.020201">
        <ele>6.75</ele>
        <extensions>
          <gpxtpx:TrackPointExtension>
            <gpxtpx:Extensions>
              <highway>secondary</highway>
              <surface>asphalt</surface>
              <oneway>yes</oneway>
              <cycleway_right>no</cycleway_right>
            </gpxtpx:Extensions>
          </gpxtpx:TrackPointExtension>
        </extensions>
      </trkpt>
      <trkpt lat="48.641975" lon="-2.02001">
        <ele>7</ele>
        <extensions>
          <gpxtpx:TrackPointExtension>
            <gpxtpx:Extensions>
              <highway>secondary</highway>
              <surface>asphalt</surface>
              <oneway>yes</oneway>
              <cycleway_right>no</cycleway_right>
            </gpxtpx:Extensions>
          </gpxtpx:TrackPointExtension>
        </extensions>
      </trkpt>
      <trkpt lat="48.641966" lon="-2.019899">
        <ele>7</ele>
        <extensions>
          <gpxtpx:TrackPointExtension>
            <gpxtpx:Extensions>
              <highway>secondary</highway>
              <surface>asphalt</surface>
              <oneway>yes</oneway>
              <cycleway_right>no</cycleway_right>
            </gpxtpx:Extensions>
          </gpxtpx:TrackPointExtension>
        </extensions>
      </trkpt>
      <trkpt lat="48.64192" lon="-2.019768">
        <ele>7.25</ele>
        <extensions>
          <gpxtpx:TrackPointExtension>
            <gpxtpx:Extensions>
              <highway>secondary</highway>
              <surface>asphalt</surface>
              <oneway>yes</oneway>
              <cycleway_right>no</cycleway_right>
            </gpxtpx:Extensions>
          </gpxtpx:TrackPointExtension>
        </extensions>
      </trkpt>
      <trkpt lat="48.641897" lon="-2.019701">
        <ele>7.25</ele>
        <extensions>
          <gpxtpx:TrackPointExtension>
            <gpxtpx:Extensions>
              <highway>secondary</highway>
              <surface>asphalt</surface>
              <oneway>yes</oneway>
              <cycleway_right>no</cycleway_right>
            </gpxtpx:Extensions>
          </gpxtpx:TrackPointExtension>
        </extensions>
      </trkpt>
      <trkpt lat="48.641423" lon="-2.018524">
        <ele>8.25</ele>
        <extensions>
          <gpxtpx:TrackPointExtension>
            <gpxtpx:Extensions>
              <highway>secondary</highway>
              <surface>asphalt</surface>
              <oneway>yes</oneway>
              <cycleway_right>no</cycleway_right>
            </gpxtpx:Extensions>
          </gpxtpx:TrackPointExtension>
        </extensions>
      </trkpt>
      <trkpt lat="48.641151" lon="-2.017861">
        <ele>9</ele>
        <extensions>
          <gpxtpx:TrackPointExtension>
            <gpxtpx:Extensions>
              <highway>secondary</highway>
              <surface>asphalt</surface>
              <oneway>yes</oneway>
              <cycleway_right>no</cycleway_right>
            </gpxtpx:Extensions>
          </gpxtpx:TrackPointExtension>
        </extensions>
      </trkpt>
      <trkpt lat="48.64098" lon="-2.017436">
        <ele>9.5</ele>
        <extensions>
          <gpxtpx:TrackPointExtension>
            <gpxtpx:Extensions>
              <highway>secondary</highway>
              <surface>asphalt</surface>
              <oneway>yes</oneway>
              <cycleway_right>no</cycleway_right>
            </gpxtpx:Extensions>
          </gpxtpx:TrackPointExtension>
        </extensions>
      </trkpt>
      <trkpt lat="48.640814" lon="-2.017047">
        <ele>10</ele>
        <extensions>
          <gpxtpx:TrackPointExtension>
            <gpxtpx:Extensions>
              <highway>secondary</highway>
              <surface>asphalt</surface>
              <oneway>yes</oneway>
              <cycleway_right>no</cycleway_right>
            </gpxtpx:Extensions>
          </gpxtpx:TrackPointExtension>
        </extensions>
      </trkpt>
      <trkpt lat="48.640657" lon="-2.01675">
        <ele>10.5</ele>
        <extensions>
          <gpxtpx:TrackPointExtension>
            <gpxtpx:Extensions>
              <highway>secondary</highway>
              <surface>asphalt</surface>
              <oneway>yes</oneway>
              <cycleway_right>no</cycleway_right>
            </gpxtpx:Extensions>
          </gpxtpx:TrackPointExtension>
        </extensions>
      </trkpt>
      <trkpt lat="48.640565" lon="-2.016612">
        <ele>10.75</ele>
        <extensions>
          <gpxtpx:TrackPointExtension>
            <gpxtpx:Extensions>
              <highway>secondary</highway>
              <surface>asphalt</surface>
              <oneway>yes</oneway>
              <cycleway_right>no</cycleway_right>
            </gpxtpx:Extensions>
          </gpxtpx:TrackPointExtension>
        </extensions>
      </trkpt>
      <trkpt lat="48.640243" lon="-2.016237">
        <ele>11.75</ele>
        <extensions>
          <gpxtpx:TrackPointExtension>
            <gpxtpx:Extensions>
              <highway>secondary</highway>
              <surface>asphalt</surface>
              <oneway>yes</oneway>
              <cycleway_right>no</cycleway_right>
            </gpxtpx:Extensions>
          </gpxtpx:TrackPointExtension>
        </extensions>
      </trkpt>
      <trkpt lat="48.640159" lon="-2.01618">
        <ele>12</ele>
        <extensions>
          <gpxtpx:TrackPointExtension>
            <gpxtpx:Extensions>
              <highway>secondary</highway>
              <surface>asphalt</surface>
              <oneway>yes</oneway>
              <cycleway_right>no</cycleway_right>
            </gpxtpx:Extensions>
          </gpxtpx:TrackPointExtension>
        </extensions>
      </trkpt>
      <trkpt lat="48.640112" lon="-2.016164">
        <ele>12.5</ele>
        <extensions>
          <gpxtpx:TrackPointExtension>
            <gpxtpx:Extensions>
              <highway>secondary</highway>
              <surface>asphalt</surface>
              <cycleway>no</cycleway>
              <junction>roundabout</junction>
            </gpxtpx:Extensions>
          </gpxtpx:TrackPointExtension>
        </extensions>
      </trkpt>
      <trkpt lat="48.640047" lon="-2.016219">
        <ele>13.25</ele>
        <extensions>
          <gpxtpx:TrackPointExtension>
            <gpxtpx:Extensions>
              <highway>secondary</highway>
              <surface>asphalt</surface>
              <cycleway>no</cycleway>
              <junction>roundabout</junction>
            </gpxtpx:Extensions>
          </gpxtpx:TrackPointExtension>
        </extensions>
      </trkpt>
      <trkpt lat="48.64001" lon="-2.016232">
        <ele>13.75</ele>
        <extensions>
          <gpxtpx:TrackPointExtension>
            <gpxtpx:Extensions>
              <highway>secondary</highway>
              <surface>asphalt</surface>
              <cycleway>no</cycleway>
              <junction>roundabout</junction>
            </gpxtpx:Extensions>
          </gpxtpx:TrackPointExtension>
        </extensions>
      </trkpt>
      <trkpt lat="48.639972" lon="-2.016233">
        <ele>14</ele>
        <extensions>
          <gpxtpx:TrackPointExtension>
            <gpxtpx:Extensions>
              <highway>secondary</highway>
              <surface>asphalt</surface>
              <cycleway>no</cycleway>
              <junction>roundabout</junction>
            </gpxtpx:Extensions>
          </gpxtpx:TrackPointExtension>
        </extensions>
      </trkpt>
      <trkpt lat="48.639934" lon="-2.016223">
        <ele>14</ele>
        <extensions>
          <gpxtpx:TrackPointExtension>
            <gpxtpx:Extensions>
              <highway>secondary</highway>
              <surface>asphalt</surface>
              <cycleway>no</cycleway>
              <junction>roundabout</junction>
            </gpxtpx:Extensions>
          </gpxtpx:TrackPointExtension>
        </extensions>
      </trkpt>
      <trkpt lat="48.639866" lon="-2.016171">
        <ele>14.25</ele>
        <extensions>
          <gpxtpx:TrackPointExtension>
            <gpxtpx:Extensions>
              <highway>secondary</highway>
              <surface>asphalt</surface>
              <cycleway>no</cycleway>
              <junction>roundabout</junction>
            </gpxtpx:Extensions>
          </gpxtpx:TrackPointExtension>
        </extensions>
      </trkpt>
      <trkpt lat="48.639839" lon="-2.016131">
        <ele>14.25</ele>
        <extensions>
          <gpxtpx:TrackPointExtension>
            <gpxtpx:Extensions>
              <highway>secondary</highway>
              <surface>asphalt</surface>
              <cycleway>no</cycleway>
              <junction>roundabout</junction>
            </gpxtpx:Extensions>
          </gpxtpx:TrackPointExtension>
        </extensions>
      </trkpt>
      <trkpt lat="48.639805" lon="-2.016043">
        <ele>14</ele>
        <extensions>
          <gpxtpx:TrackPointExtension>
            <gpxtpx:Extensions>
              <highway>secondary</highway>
              <surface>asphalt</surface>
              <cycleway>no</cycleway>
              <junction>roundabout</junction>
            </gpxtpx:Extensions>
          </gpxtpx:TrackPointExtension>
        </extensions>
      </trkpt>
      <trkpt lat="48.639796" lon="-2.015994">
        <ele>13.75</ele>
        <extensions>
          <gpxtpx:TrackPointExtension>
            <gpxtpx:Extensions>
              <highway>residential</highway>
              <surface>asphalt</surface>
              <oneway>yes</oneway>
            </gpxtpx:Extensions>
          </gpxtpx:TrackPointExtension>
        </extensions>
      </trkpt>
      <trkpt lat="48.639669" lon="-2.015962">
        <ele>14.5</ele>
        <extensions>
          <gpxtpx:TrackPointExtension>
            <gpxtpx:Extensions>
              <highway>residential</highway>
              <surface>asphalt</surface>
              <oneway>yes</oneway>
            </gpxtpx:Extensions>
          </gpxtpx:TrackPointExtension>
        </extensions>
      </trkpt>
      <trkpt lat="48.639637" lon="-2.015939">
        <ele>14.5</ele>
        <extensions>
          <gpxtpx:TrackPointExtension>
            <gpxtpx:Extensions>
              <highway>residential</highway>
              <surface>asphalt</surface>
              <oneway>yes</oneway>
            </gpxtpx:Extensions>
          </gpxtpx:TrackPointExtension>
        </extensions>
      </trkpt>
      <trkpt lat="48.639619" lon="-2.015909">
        <ele>14.5</ele>
        <extensions>
          <gpxtpx:TrackPointExtension>
            <gpxtpx:Extensions>
              <highway>residential</highway>
              <surface>asphalt</surface>
              <oneway>yes</oneway>
            </gpxtpx:Extensions>
          </gpxtpx:TrackPointExtension>
        </extensions>
      </trkpt>
      <trkpt lat="48.639605" lon="-2.015851">
        <ele>14.25</ele>
        <extensions>
          <gpxtpx:TrackPointExtension>
            <gpxtpx:Extensions>
              <highway>residential</highway>
              <surface>asphalt</surface>
              <oneway>yes</oneway>
            </gpxtpx:Extensions>
          </gpxtpx:TrackPointExtension>
        </extensions>
      </trkpt>
      <trkpt lat="48.639596" lon="-2.015762">
        <ele>14</ele>
        <extensions>
          <gpxtpx:TrackPointExtension>
            <gpxtpx:Extensions>
              <highway>residential</highway>
              <surface>asphalt</surface>
              <oneway>yes</oneway>
            </gpxtpx:Extensions>
          </gpxtpx:TrackPointExtension>
        </extensions>
      </trkpt>
      <trkpt lat="48.639589" lon="-2.015666">
        <ele>13.75</ele>
        <extensions>
          <gpxtpx:TrackPointExtension>
            <gpxtpx:Extensions>
              <highway>residential</highway>
              <surface>asphalt</surface>
              <oneway>yes</oneway>
            </gpxtpx:Extensions>
          </gpxtpx:TrackPointExtension>
        </extensions>
      </trkpt>
      <trkpt lat="48.639571" lon="-2.015539">
        <ele>13.25</ele>
        <extensions>
          <gpxtpx:TrackPointExtension>
            <gpxtpx:Extensions>
              <highway>residential</highway>
              <surface>asphalt</surface>
              <oneway>yes</oneway>
            </gpxtpx:Extensions>
          </gpxtpx:TrackPointExtension>
        </extensions>
      </trkpt>
      <trkpt lat="48.639551" lon="-2.015458">
        <ele>13</ele>
        <extensions>
          <gpxtpx:TrackPointExtension>
            <gpxtpx:Extensions>
              <highway>residential</highway>
              <surface>asphalt</surface>
              <oneway>yes</oneway>
            </gpxtpx:Extensions>
          </gpxtpx:TrackPointExtension>
        </extensions>
      </trkpt>
      <trkpt lat="48.63951" lon="-2.01535">
        <ele>12.75</ele>
        <extensions>
          <gpxtpx:TrackPointExtension>
            <gpxtpx:Extensions>
              <highway>residential</highway>
              <surface>asphalt</surface>
              <oneway>yes</oneway>
            </gpxtpx:Extensions>
          </gpxtpx:TrackPointExtension>
        </extensions>
      </trkpt>
      <trkpt lat="48.639473" lon="-2.015265">
        <ele>12.75</ele>
        <extensions>
          <gpxtpx:TrackPointExtension>
            <gpxtpx:Extensions>
              <highway>residential</highway>
              <surface>asphalt</surface>
              <oneway>yes</oneway>
            </gpxtpx:Extensions>
          </gpxtpx:TrackPointExtension>
        </extensions>
      </trkpt>
      <trkpt lat="48.639426" lon="-2.015192">
        <ele>12.75</ele>
        <extensions>
          <gpxtpx:TrackPointExtension>
            <gpxtpx:Extensions>
              <highway>residential</highway>
              <surface>asphalt</surface>
              <oneway>yes</oneway>
            </gpxtpx:Extensions>
          </gpxtpx:TrackPointExtension>
        </extensions>
      </trkpt>
      <trkpt lat="48.639369" lon="-2.015142">
        <ele>13</ele>
        <extensions>
          <gpxtpx:TrackPointExtension>
            <gpxtpx:Extensions>
              <highway>residential</highway>
              <surface>asphalt</surface>
              <cycleway_right>lane</cycleway_right>
              <cycleway_left>no</cycleway_left>
            </gpxtpx:Extensions>
          </gpxtpx:TrackPointExtension>
        </extensions>
      </trkpt>
      <trkpt lat="48.639293" lon="-2.015102">
        <ele>13.25</ele>
        <extensions>
          <gpxtpx:TrackPointExtension>
            <gpxtpx:Extensions>
              <highway>residential</highway>
              <surface>asphalt</surface>
              <cycleway_right>lane</cycleway_right>
              <cycleway_left>no</cycleway_left>
            </gpxtpx:Extensions>
          </gpxtpx:TrackPointExtension>
        </extensions>
      </trkpt>
      <trkpt lat="48.638819" lon="-2.014804">
        <ele>16.25</ele>
        <extensions>
          <gpxtpx:TrackPointExtension>
            <gpxtpx:Extensions>
              <highway>residential</highway>
              <surface>asphalt</surface>
              <cycleway_right>lane</cycleway_right>
              <cycleway_left>no</cycleway_left>
            </gpxtpx:Extensions>
          </gpxtpx:TrackPointExtension>
        </extensions>
      </trkpt>
      <trkpt lat="48.638212" lon="-2.014425">
        <ele>18.5</ele>
        <extensions>
          <gpxtpx:TrackPointExtension>
            <gpxtpx:Extensions>
              <highway>residential</highway>
              <surface>asphalt</surface>
              <cycleway_right>lane</cycleway_right>
              <cycleway_left>no</cycleway_left>
            </gpxtpx:Extensions>
          </gpxtpx:TrackPointExtension>
        </extensions>
      </trkpt>
      <trkpt lat="48.638202" lon="-2.014418">
        <ele>18.5</ele>
        <extensions>
          <gpxtpx:TrackPointExtension>
            <gpxtpx:Extensions>
              <highway>residential</highway>
              <surface>asphalt</surface>
              <cycleway_right>lane</cycleway_right>
              <cycleway_left>no</cycleway_left>
            </gpxtpx:Extensions>
          </gpxtpx:TrackPointExtension>
        </extensions>
      </trkpt>
      <trkpt lat="48.638171" lon="-2.014398">
        <ele>18.5</ele>
        <extensions>
          <gpxtpx:TrackPointExtension>
            <gpxtpx:Extensions>
              <highway>residential</highway>
              <surface>asphalt</surface>
              <cycleway_right>lane</cycleway_right>
              <cycleway_left>no</cycleway_left>
            </gpxtpx:Extensions>
          </gpxtpx:TrackPointExtension>
        </extensions>
      </trkpt>
      <trkpt lat="48.638138" lon="-2.014381">
        <ele>18.5</ele>
        <extensions>
          <gpxtpx:TrackPointExtension>
            <gpxtpx:Extensions>
              <highway>residential</highway>
              <surface>asphalt</surface>
              <oneway>yes</oneway>
              <oneway_bicycle>no</oneway_bicycle>
              <cycleway_left>opposite</cycleway_left>
            </gpxtpx:Extensions>
          </gpxtpx:TrackPointExtension>
        </extensions>
      </trkpt>
      <trkpt lat="48.638076" lon="-2.014348">
        <ele>18.5</ele>
        <extensions>
          <gpxtpx:TrackPointExtension>
            <gpxtpx:Extensions>
              <highway>residential</highway>
              <surface>asphalt</surface>
              <oneway>yes</oneway>
              <oneway_bicycle>no</oneway_bicycle>
              <cycleway_left>opposite</cycleway_left>
            </gpxtpx:Extensions>
          </gpxtpx:TrackPointExtension>
        </extensions>
      </trkpt>
      <trkpt lat="48.637616" lon="-2.014056">
        <ele>19</ele>
        <extensions>
          <gpxtpx:TrackPointExtension>
            <gpxtpx:Extensions>
              <highway>residential</highway>
              <surface>asphalt</surface>
              <oneway>yes</oneway>
              <oneway_bicycle>no</oneway_bicycle>
              <cycleway_left>opposite</cycleway_left>
            </gpxtpx:Extensions>
          </gpxtpx:TrackPointExtension>
        </extensions>
      </trkpt>
      <trkpt lat="48.637595" lon="-2.014043">
        <ele>19</ele>
        <extensions>
          <gpxtpx:TrackPointExtension>
            <gpxtpx:Extensions>
              <highway>residential</highway>
              <surface>asphalt</surface>
              <oneway>yes</oneway>
              <oneway_bicycle>no</oneway_bicycle>
              <cycleway_left>opposite</cycleway_left>
            </gpxtpx:Extensions>
          </gpxtpx:TrackPointExtension>
        </extensions>
      </trkpt>
      <trkpt lat="48.637546" lon="-2.014013">
        <ele>19.25</ele>
        <extensions>
          <gpxtpx:TrackPointExtension>
            <gpxtpx:Extensions>
              <highway>residential</highway>
              <surface>asphalt</surface>
              <oneway>yes</oneway>
              <oneway_bicycle>no</oneway_bicycle>
              <cycleway_left>opposite</cycleway_left>
            </gpxtpx:Extensions>
          </gpxtpx:TrackPointExtension>
        </extensions>
      </trkpt>
      <trkpt lat="48.636698" lon="-2.013476">
        <ele>21.25</ele>
        <extensions>
          <gpxtpx:TrackPointExtension>
            <gpxtpx:Extensions>
              <highway>residential</highway>
              <surface>asphalt</surface>
              <oneway>yes</oneway>
              <oneway_bicycle>no</oneway_bicycle>
              <cycleway_left>opposite</cycleway_left>
            </gpxtpx:Extensions>
          </gpxtpx:TrackPointExtension>
        </extensions>
      </trkpt>
      <trkpt lat="48.636674" lon="-2.01346">
        <ele>21.25</ele>
        <extensions>
          <gpxtpx:TrackPointExtension>
            <gpxtpx:Extensions>
              <highway>residential</highway>
              <surface>asphalt</surface>
              <oneway>yes</oneway>
              <oneway_bicycle>no</oneway_bicycle>
              <cycleway_left>opposite</cycleway_left>
            </gpxtpx:Extensions>
          </gpxtpx:TrackPointExtension>
        </extensions>
      </trkpt>
      <trkpt lat="48.63664" lon="-2.01344">
        <ele>21.5</ele>
        <extensions>
          <gpxtpx:TrackPointExtension>
            <gpxtpx:Extensions>
              <highway>residential</highway>
              <surface>asphalt</surface>
              <oneway>yes</oneway>
              <oneway_bicycle>no</oneway_bicycle>
              <cycleway_left>opposite</cycleway_left>
            </gpxtpx:Extensions>
          </gpxtpx:TrackPointExtension>
        </extensions>
      </trkpt>
      <trkpt lat="48.636167" lon="-2.013169">
        <ele>23.75</ele>
        <extensions>
          <gpxtpx:TrackPointExtension>
            <gpxtpx:Extensions>
              <highway>residential</highway>
              <surface>asphalt</surface>
              <oneway>yes</oneway>
              <oneway_bicycle>no</oneway_bicycle>
              <cycleway_left>opposite</cycleway_left>
            </gpxtpx:Extensions>
          </gpxtpx:TrackPointExtension>
        </extensions>
      </trkpt>
      <trkpt lat="48.636127" lon="-2.013144">
        <ele>24</ele>
        <extensions>
          <gpxtpx:TrackPointExtension>
            <gpxtpx:Extensions>
              <highway>residential</highway>
              <surface>asphalt</surface>
              <oneway>yes</oneway>
              <oneway_bicycle>no</oneway_bicycle>
              <cycleway_left>opposite_lane</cycleway_left>
            </gpxtpx:Extensions>
          </gpxtpx:TrackPointExtension>
        </extensions>
      </trkpt>
      <trkpt lat="48.636061" lon="-2.013103">
        <ele>24.25</ele>
        <extensions>
          <gpxtpx:TrackPointExtension>
            <gpxtpx:Extensions>
              <highway>residential</highway>
              <surface>asphalt</surface>
              <oneway>yes</oneway>
              <oneway_bicycle>no</oneway_bicycle>
              <cycleway_left>opposite_lane</cycleway_left>
            </gpxtpx:Extensions>
          </gpxtpx:TrackPointExtension>
        </extensions>
      </trkpt>
      <trkpt lat="48.635246" lon="-2.012587">
        <ele>26.25</ele>
        <extensions>
          <gpxtpx:TrackPointExtension>
            <gpxtpx:Extensions>
              <highway>residential</highway>
              <surface>asphalt</surface>
              <oneway>yes</oneway>
              <oneway_bicycle>no</oneway_bicycle>
              <cycleway_left>opposite_lane</cycleway_left>
            </gpxtpx:Extensions>
          </gpxtpx:TrackPointExtension>
        </extensions>
      </trkpt>
      <trkpt lat="48.635154" lon="-2.012531">
        <ele>26.5</ele>
        <extensions>
          <gpxtpx:TrackPointExtension>
            <gpxtpx:Extensions>
              <highway>residential</highway>
              <surface>asphalt</surface>
              <oneway>yes</oneway>
              <oneway_bicycle>no</oneway_bicycle>
              <cycleway_left>opposite_lane</cycleway_left>
            </gpxtpx:Extensions>
          </gpxtpx:TrackPointExtension>
        </extensions>
      </trkpt>
      <trkpt lat="48.634948" lon="-2.012406">
        <ele>26.75</ele>
        <extensions>
          <gpxtpx:TrackPointExtension>
            <gpxtpx:Extensions>
              <highway>residential</highway>
              <surface>asphalt</surface>
              <oneway>yes</oneway>
              <oneway_bicycle>no</oneway_bicycle>
              <cycleway_left>opposite_lane</cycleway_left>
            </gpxtpx:Extensions>
          </gpxtpx:TrackPointExtension>
        </extensions>
      </trkpt>
      <trkpt lat="48.634886" lon="-2.012363">
        <ele>26.75</ele>
        <extensions>
          <gpxtpx:TrackPointExtension>
            <gpxtpx:Extensions>
              <highway>residential</highway>
              <surface>asphalt</surface>
              <oneway>yes</oneway>
              <oneway_bicycle>no</oneway_bicycle>
              <cycleway_left>opposite_lane</cycleway_left>
            </gpxtpx:Extensions>
          </gpxtpx:TrackPointExtension>
        </extensions>
      </trkpt>
      <trkpt lat="48.634591" lon="-2.012187">
        <ele>27.5</ele>
        <extensions>
          <gpxtpx:TrackPointExtension>
            <gpxtpx:Extensions>
              <highway>residential</highway>
              <surface>asphalt</surface>
              <oneway>yes</oneway>
              <oneway_bicycle>no</oneway_bicycle>
              <cycleway_left>opposite_lane</cycleway_left>
            </gpxtpx:Extensions>
          </gpxtpx:TrackPointExtension>
        </extensions>
      </trkpt>
      <trkpt lat="48.634516" lon="-2.012142">
        <ele>27.5</ele>
        <extensions>
          <gpxtpx:TrackPointExtension>
            <gpxtpx:Extensions>
              <highway>residential</highway>
              <surface>asphalt</surface>
              <oneway>yes</oneway>
              <oneway_bicycle>no</oneway_bicycle>
              <cycleway_left>opposite_lane</cycleway_left>
            </gpxtpx:Extensions>
          </gpxtpx:TrackPointExtension>
        </extensions>
      </trkpt>
      <trkpt lat="48.634418" lon="-2.012101">
        <ele>27.75</ele>
        <extensions>
          <gpxtpx:TrackPointExtension>
            <gpxtpx:Extensions>
              <highway>residential</highway>
              <surface>asphalt</surface>
              <oneway>yes</oneway>
              <oneway_bicycle>no</oneway_bicycle>
              <cycleway_left>opposite_lane</cycleway_left>
            </gpxtpx:Extensions>
          </gpxtpx:TrackPointExtension>
        </extensions>
      </trkpt>
      <trkpt lat="48.634004" lon="-2.01197">
        <ele>29.75</ele>
        <extensions>
          <gpxtpx:TrackPointExtension>
            <gpxtpx:Extensions>
              <highway>residential</highway>
              <surface>asphalt</surface>
              <oneway>yes</oneway>
              <oneway_bicycle>no</oneway_bicycle>
              <cycleway_left>opposite_lane</cycleway_left>
            </gpxtpx:Extensions>
          </gpxtpx:TrackPointExtension>
        </extensions>
      </trkpt>
      <trkpt lat="48.633947" lon="-2.011975">
        <ele>30</ele>
        <extensions>
          <gpxtpx:TrackPointExtension>
            <gpxtpx:Extensions>
              <highway>residential</highway>
              <surface>asphalt</surface>
              <oneway>yes</oneway>
              <oneway_bicycle>no</oneway_bicycle>
              <cycleway_left>opposite_lane</cycleway_left>
            </gpxtpx:Extensions>
          </gpxtpx:TrackPointExtension>
        </extensions>
      </trkpt>
      <trkpt lat="48.633902" lon="-2.011998">
        <ele>30.25</ele>
        <extensions>
          <gpxtpx:TrackPointExtension>
            <gpxtpx:Extensions>
              <highway>residential</highway>
              <surface>asphalt</surface>
              <oneway>yes</oneway>
              <oneway_bicycle>no</oneway_bicycle>
              <cycleway_left>opposite_lane</cycleway_left>
            </gpxtpx:Extensions>
          </gpxtpx:TrackPointExtension>
        </extensions>
      </trkpt>
      <trkpt lat="48.633843" lon="-2.012068">
        <ele>30.75</ele>
        <extensions>
          <gpxtpx:TrackPointExtension>
            <gpxtpx:Extensions>
              <highway>residential</highway>
              <surface>asphalt</surface>
            </gpxtpx:Extensions>
          </gpxtpx:TrackPointExtension>
        </extensions>
      </trkpt>
      <trkpt lat="48.633744" lon="-2.012226">
        <ele>31.5</ele>
        <extensions>
          <gpxtpx:TrackPointExtension>
            <gpxtpx:Extensions>
              <highway>residential</highway>
              <surface>asphalt</surface>
            </gpxtpx:Extensions>
          </gpxtpx:TrackPointExtension>
        </extensions>
      </trkpt>
      <trkpt lat="48.633689" lon="-2.012328">
        <ele>32</ele>
        <extensions>
          <gpxtpx:TrackPointExtension>
            <gpxtpx:Extensions>
              <reversedirection>yes</reversedirection>
              <highway>residential</highway>
              <surface>asphalt</surface>
            </gpxtpx:Extensions>
          </gpxtpx:TrackPointExtension>
        </extensions>
      </trkpt>
      <trkpt lat="48.633591" lon="-2.0125">
        <ele>32.75</ele>
        <extensions>
          <gpxtpx:TrackPointExtension>
            <gpxtpx:Extensions>
              <reversedirection>yes</reversedirection>
              <highway>residential</highway>
              <surface>asphalt</surface>
            </gpxtpx:Extensions>
          </gpxtpx:TrackPointExtension>
        </extensions>
      </trkpt>
      <trkpt lat="48.633562" lon="-2.012551">
        <ele>33</ele>
        <extensions>
          <gpxtpx:TrackPointExtension>
            <gpxtpx:Extensions>
              <reversedirection>yes</reversedirection>
              <highway>residential</highway>
              <surface>asphalt</surface>
            </gpxtpx:Extensions>
          </gpxtpx:TrackPointExtension>
        </extensions>
      </trkpt>
      <trkpt lat="48.63355" lon="-2.01257">
        <ele>33</ele>
        <extensions>
          <gpxtpx:TrackPointExtension>
            <gpxtpx:Extensions>
              <reversedirection>yes</reversedirection>
              <highway>residential</highway>
              <surface>asphalt</surface>
            </gpxtpx:Extensions>
          </gpxtpx:TrackPointExtension>
        </extensions>
      </trkpt>
      <trkpt lat="48.633506" lon="-2.01265">
        <ele>33.25</ele>
        <extensions>
          <gpxtpx:TrackPointExtension>
            <gpxtpx:Extensions>
              <reversedirection>yes</reversedirection>
              <highway>living_street</highway>
              <surface>asphalt</surface>
              <oneway>no</oneway>
            </gpxtpx:Extensions>
          </gpxtpx:TrackPointExtension>
        </extensions>
      </trkpt>
      <trkpt lat="48.633444" lon="-2.012563">
        <ele>33.5</ele>
        <extensions>
          <gpxtpx:TrackPointExtension>
            <gpxtpx:Extensions>
              <reversedirection>yes</reversedirection>
              <highway>living_street</highway>
              <surface>asphalt</surface>
              <oneway>no</oneway>
            </gpxtpx:Extensions>
          </gpxtpx:TrackPointExtension>
        </extensions>
      </trkpt>
      <trkpt lat="48.633426" lon="-2.012535">
        <ele>33.5</ele>
        <extensions>
          <gpxtpx:TrackPointExtension>
            <gpxtpx:Extensions>
              <reversedirection>yes</reversedirection>
              <highway>living_street</highway>
              <surface>asphalt</surface>
              <oneway>no</oneway>
            </gpxtpx:Extensions>
          </gpxtpx:TrackPointExtension>
        </extensions>
      </trkpt>
      <trkpt lat="48.633279" lon="-2.012309">
        <ele>34.25</ele>
        <extensions>
          <gpxtpx:TrackPointExtension>
            <gpxtpx:Extensions>
              <reversedirection>yes</reversedirection>
              <highway>living_street</highway>
              <surface>asphalt</surface>
              <oneway>no</oneway>
            </gpxtpx:Extensions>
          </gpxtpx:TrackPointExtension>
        </extensions>
      </trkpt>
      <trkpt lat="48.633202" lon="-2.012192">
        <ele>34.75</ele>
        <extensions>
          <gpxtpx:TrackPointExtension>
            <gpxtpx:Extensions>
              <reversedirection>yes</reversedirection>
              <highway>living_street</highway>
              <surface>asphalt</surface>
              <oneway>no</oneway>
            </gpxtpx:Extensions>
          </gpxtpx:TrackPointExtension>
        </extensions>
      </trkpt>
      <trkpt lat="48.633035" lon="-2.011911">
        <ele>35.75</ele>
        <extensions>
          <gpxtpx:TrackPointExtension>
            <gpxtpx:Extensions>
              <reversedirection>yes</reversedirection>
              <highway>living_street</highway>
              <surface>asphalt</surface>
              <oneway>no</oneway>
            </gpxtpx:Extensions>
          </gpxtpx:TrackPointExtension>
        </extensions>
      </trkpt>
      <trkpt lat="48.632793" lon="-2.011536">
        <ele>37</ele>
        <extensions>
          <gpxtpx:TrackPointExtension>
            <gpxtpx:Extensions>
              <reversedirection>yes</reversedirection>
              <highway>living_street</highway>
              <surface>asphalt</surface>
              <oneway>no</oneway>
            </gpxtpx:Extensions>
          </gpxtpx:TrackPointExtension>
        </extensions>
      </trkpt>
      <trkpt lat="48.632533" lon="-2.011124">
        <ele>37.5</ele>
        <extensions>
          <gpxtpx:TrackPointExtension>
            <gpxtpx:Extensions>
              <reversedirection>yes</reversedirection>
              <highway>living_street</highway>
              <surface>asphalt</surface>
              <oneway>no</oneway>
            </gpxtpx:Extensions>
          </gpxtpx:TrackPointExtension>
        </extensions>
      </trkpt>
      <trkpt lat="48.632473" lon="-2.011034">
        <ele>37.5</ele>
        <extensions>
          <gpxtpx:TrackPointExtension>
            <gpxtpx:Extensions>
              <reversedirection>yes</reversedirection>
              <highway>tertiary</highway>
              <surface>asphalt</surface>
              <oneway>no</oneway>
            </gpxtpx:Extensions>
          </gpxtpx:TrackPointExtension>
        </extensions>
      </trkpt>
      <trkpt lat="48.632401" lon="-2.010913">
        <ele>37.5</ele>
        <extensions>
          <gpxtpx:TrackPointExtension>
            <gpxtpx:Extensions>
              <reversedirection>yes</reversedirection>
              <highway>tertiary</highway>
              <surface>asphalt</surface>
              <oneway>no</oneway>
            </gpxtpx:Extensions>
          </gpxtpx:TrackPointExtension>
        </extensions>
      </trkpt>
      <trkpt lat="48.631962" lon="-2.010186">
        <ele>38</ele>
        <extensions>
          <gpxtpx:TrackPointExtension>
            <gpxtpx:Extensions>
              <reversedirection>yes</reversedirection>
              <highway>tertiary</highway>
              <surface>asphalt</surface>
              <oneway>no</oneway>
            </gpxtpx:Extensions>
          </gpxtpx:TrackPointExtension>
        </extensions>
      </trkpt>
      <trkpt lat="48.631896" lon="-2.010077">
        <ele>38.25</ele>
        <extensions>
          <gpxtpx:TrackPointExtension>
            <gpxtpx:Extensions>
              <reversedirection>yes</reversedirection>
              <highway>tertiary</highway>
              <surface>asphalt</surface>
              <cycleway>no</cycleway>
            </gpxtpx:Extensions>
          </gpxtpx:TrackPointExtension>
        </extensions>
      </trkpt>
      <trkpt lat="48.631841" lon="-2.009991">
        <ele>38.25</ele>
        <extensions>
          <gpxtpx:TrackPointExtension>
            <gpxtpx:Extensions>
              <reversedirection>yes</reversedirection>
              <highway>tertiary</highway>
              <surface>asphalt</surface>
              <cycleway>no</cycleway>
            </gpxtpx:Extensions>
          </gpxtpx:TrackPointExtension>
        </extensions>
      </trkpt>
      <trkpt lat="48.631625" lon="-2.009652">
        <ele>37.5</ele>
        <extensions>
          <gpxtpx:TrackPointExtension>
            <gpxtpx:Extensions>
              <reversedirection>yes</reversedirection>
              <highway>tertiary</highway>
              <surface>asphalt</surface>
              <cycleway>no</cycleway>
            </gpxtpx:Extensions>
          </gpxtpx:TrackPointExtension>
        </extensions>
      </trkpt>
      <trkpt lat="48.631465" lon="-2.009401">
        <ele>36.75</ele>
        <extensions>
          <gpxtpx:TrackPointExtension>
            <gpxtpx:Extensions>
              <reversedirection>yes</reversedirection>
              <highway>tertiary</highway>
              <surface>asphalt</surface>
              <cycleway>no</cycleway>
            </gpxtpx:Extensions>
          </gpxtpx:TrackPointExtension>
        </extensions>
      </trkpt>
      <trkpt lat="48.631405" lon="-2.009306">
        <ele>36.5</ele>
        <extensions>
          <gpxtpx:TrackPointExtension>
            <gpxtpx:Extensions>
              <reversedirection>yes</reversedirection>
              <highway>tertiary</highway>
              <surface>asphalt</surface>
              <cycleway>no</cycleway>
            </gpxtpx:Extensions>
          </gpxtpx:TrackPointExtension>
        </extensions>
      </trkpt>
      <trkpt lat="48.631161" lon="-2.008918">
        <ele>36</ele>
        <extensions>
          <gpxtpx:TrackPointExtension>
            <gpxtpx:Extensions>
              <reversedirection>yes</reversedirection>
              <highway>tertiary</highway>
              <surface>asphalt</surface>
              <cycleway>no</cycleway>
            </gpxtpx:Extensions>
          </gpxtpx:TrackPointExtension>
        </extensions>
      </trkpt>
      <trkpt lat="48.631102" lon="-2.008817">
        <ele>35.75</ele>
        <extensions>
          <gpxtpx:TrackPointExtension>
            <gpxtpx:Extensions>
              <reversedirection>yes</reversedirection>
              <highway>tertiary</highway>
              <surface>asphalt</surface>
              <cycleway>no</cycleway>
            </gpxtpx:Extensions>
          </gpxtpx:TrackPointExtension>
        </extensions>
      </trkpt>
      <trkpt lat="48.630886" lon="-2.008479">
        <ele>35.25</ele>
        <extensions>
          <gpxtpx:TrackPointExtension>
            <gpxtpx:Extensions>
              <reversedirection>yes</reversedirection>
              <highway>tertiary</highway>
              <surface>asphalt</surface>
              <cycleway>no</cycleway>
            </gpxtpx:Extensions>
          </gpxtpx:TrackPointExtension>
        </extensions>
      </trkpt>
      <trkpt lat="48.630728" lon="-2.008214">
        <ele>34.75</ele>
        <extensions>
          <gpxtpx:TrackPointExtension>
            <gpxtpx:Extensions>
              <reversedirection>yes</reversedirection>
              <highway>tertiary</highway>
              <surface>asphalt</surface>
              <cycleway>no</cycleway>
            </gpxtpx:Extensions>
          </gpxtpx:TrackPointExtension>
        </extensions>
      </trkpt>
      <trkpt lat="48.630425" lon="-2.007722">
        <ele>34.5</ele>
        <extensions>
          <gpxtpx:TrackPointExtension>
            <gpxtpx:Extensions>
              <reversedirection>yes</reversedirection>
              <highway>tertiary</highway>
              <surface>asphalt</surface>
              <cycleway>no</cycleway>
            </gpxtpx:Extensions>
          </gpxtpx:TrackPointExtension>
        </extensions>
      </trkpt>
      <trkpt lat="48.630372" lon="-2.007635">
        <ele>34.5</ele>
        <extensions>
          <gpxtpx:TrackPointExtension>
            <gpxtpx:Extensions>
              <reversedirection>yes</reversedirection>
              <highway>tertiary</highway>
              <surface>asphalt</surface>
              <cycleway>no</cycleway>
            </gpxtpx:Extensions>
          </gpxtpx:TrackPointExtension>
        </extensions>
      </trkpt>
      <trkpt lat="48.630237" lon="-2.007421">
        <ele>34.75</ele>
        <extensions>
          <gpxtpx:TrackPointExtension>
            <gpxtpx:Extensions>
              <reversedirection>yes</reversedirection>
              <highway>tertiary</highway>
              <surface>asphalt</surface>
              <cycleway>no</cycleway>
            </gpxtpx:Extensions>
          </gpxtpx:TrackPointExtension>
        </extensions>
      </trkpt>
      <trkpt lat="48.630081" lon="-2.007171">
        <ele>35.5</ele>
        <extensions>
          <gpxtpx:TrackPointExtension>
            <gpxtpx:Extensions>
              <reversedirection>yes</reversedirection>
              <highway>tertiary</highway>
              <surface>asphalt</surface>
              <cycleway>no</cycleway>
            </gpxtpx:Extensions>
          </gpxtpx:TrackPointExtension>
        </extensions>
      </trkpt>
      <trkpt lat="48.629982" lon="-2.006991">
        <ele>36</ele>
        <extensions>
          <gpxtpx:TrackPointExtension>
            <gpxtpx:Extensions>
              <reversedirection>yes</reversedirection>
              <highway>tertiary</highway>
              <surface>asphalt</surface>
              <cycleway>no</cycleway>
            </gpxtpx:Extensions>
          </gpxtpx:TrackPointExtension>
        </extensions>
      </trkpt>
      <trkpt lat="48.629962" lon="-2.006954">
        <ele>36.25</ele>
        <extensions>
          <gpxtpx:TrackPointExtension>
            <gpxtpx:Extensions>
              <reversedirection>yes</reversedirection>
              <highway>tertiary</highway>
              <surface>asphalt</surface>
              <cycleway>no</cycleway>
            </gpxtpx:Extensions>
          </gpxtpx:TrackPointExtension>
        </extensions>
      </trkpt>
      <trkpt lat="48.629876" lon="-2.006794">
        <ele>36.5</ele>
        <extensions>
          <gpxtpx:TrackPointExtension>
            <gpxtpx:Extensions>
              <highway>tertiary_link</highway>
              <surface>asphalt</surface>
              <oneway>yes</oneway>
              <cycleway_right>no</cycleway_right>
            </gpxtpx:Extensions>
          </gpxtpx:TrackPointExtension>
        </extensions>
      </trkpt>
      <trkpt lat="48.629759" lon="-2.00668">
        <ele>36.5</ele>
        <extensions>
          <gpxtpx:TrackPointExtension>
            <gpxtpx:Extensions>
              <highway>primary</highway>
              <surface>asphalt</surface>
              <junction>roundabout</junction>
              <smoothness>good</smoothness>
            </gpxtpx:Extensions>
          </gpxtpx:TrackPointExtension>
        </extensions>
      </trkpt>
      <trkpt lat="48.629711" lon="-2.00667">
        <ele>36.5</ele>
        <extensions>
          <gpxtpx:TrackPointExtension>
            <gpxtpx:Extensions>
              <highway>primary</highway>
              <surface>asphalt</surface>
              <junction>roundabout</junction>
              <smoothness>good</smoothness>
            </gpxtpx:Extensions>
          </gpxtpx:TrackPointExtension>
        </extensions>
      </trkpt>
      <trkpt lat="48.629666" lon="-2.006639">
        <ele>36.5</ele>
        <extensions>
          <gpxtpx:TrackPointExtension>
            <gpxtpx:Extensions>
              <highway>primary</highway>
              <surface>asphalt</surface>
              <junction>roundabout</junction>
              <smoothness>good</smoothness>
            </gpxtpx:Extensions>
          </gpxtpx:TrackPointExtension>
        </extensions>
      </trkpt>
      <trkpt lat="48.629628" lon="-2.006589">
        <ele>36.5</ele>
        <extensions>
          <gpxtpx:TrackPointExtension>
            <gpxtpx:Extensions>
              <highway>primary</highway>
              <surface>asphalt</surface>
              <junction>roundabout</junction>
              <smoothness>good</smoothness>
            </gpxtpx:Extensions>
          </gpxtpx:TrackPointExtension>
        </extensions>
      </trkpt>
      <trkpt lat="48.629601" lon="-2.006528">
        <ele>36.5</ele>
        <extensions>
          <gpxtpx:TrackPointExtension>
            <gpxtpx:Extensions>
              <highway>primary</highway>
              <surface>asphalt</surface>
              <junction>roundabout</junction>
              <smoothness>good</smoothness>
            </gpxtpx:Extensions>
          </gpxtpx:TrackPointExtension>
        </extensions>
      </trkpt>
      <trkpt lat="48.629587" lon="-2.006445">
        <ele>36.75</ele>
        <extensions>
          <gpxtpx:TrackPointExtension>
            <gpxtpx:Extensions>
              <highway>primary</highway>
              <surface>asphalt</surface>
              <junction>roundabout</junction>
              <smoothness>good</smoothness>
            </gpxtpx:Extensions>
          </gpxtpx:TrackPointExtension>
        </extensions>
      </trkpt>
      <trkpt lat="48.62959" lon="-2.006359">
        <ele>36.75</ele>
        <extensions>
          <gpxtpx:TrackPointExtension>
            <gpxtpx:Extensions>
              <highway>primary</highway>
              <surface>asphalt</surface>
              <oneway>yes</oneway>
              <cycleway_right>lane</cycleway_right>
            </gpxtpx:Extensions>
          </gpxtpx:TrackPointExtension>
        </extensions>
      </trkpt>
      <trkpt lat="48.629539" lon="-2.006217">
        <ele>36.75</ele>
        <extensions>
          <gpxtpx:TrackPointExtension>
            <gpxtpx:Extensions>
              <highway>primary</highway>
              <surface>asphalt</surface>
              <oneway>yes</oneway>
              <cycleway_right>lane</cycleway_right>
            </gpxtpx:Extensions>
          </gpxtpx:TrackPointExtension>
        </extensions>
      </trkpt>
      <trkpt lat="48.629509" lon="-2.006131">
        <ele>37</ele>
        <extensions>
          <gpxtpx:TrackPointExtension>
            <gpxtpx:Extensions>
              <reversedirection>yes</reversedirection>
              <highway>primary</highway>
              <surface>asphalt</surface>
            </gpxtpx:Extensions>
          </gpxtpx:TrackPointExtension>
        </extensions>
      </trkpt>
      <trkpt lat="48.629477" lon="-2.006084">
        <ele>37</ele>
        <extensions>
          <gpxtpx:TrackPointExtension>
            <gpxtpx:Extensions>
              <reversedirection>yes</reversedirection>
              <highway>primary</highway>
              <surface>asphalt</surface>
            </gpxtpx:Extensions>
          </gpxtpx:TrackPointExtension>
        </extensions>
      </trkpt>
      <trkpt lat="48.629326" lon="-2.00587">
        <ele>37</ele>
        <extensions>
          <gpxtpx:TrackPointExtension>
            <gpxtpx:Extensions>
              <reversedirection>yes</reversedirection>
              <highway>primary</highway>
              <surface>asphalt</surface>
              <smoothness>excellent</smoothness>
            </gpxtpx:Extensions>
          </gpxtpx:TrackPointExtension>
        </extensions>
      </trkpt>
      <trkpt lat="48.629219" lon="-2.005711">
        <ele>37.25</ele>
        <extensions>
          <gpxtpx:TrackPointExtension>
            <gpxtpx:Extensions>
              <reversedirection>yes</reversedirection>
              <highway>primary</highway>
              <surface>asphalt</surface>
              <smoothness>excellent</smoothness>
            </gpxtpx:Extensions>
          </gpxtpx:TrackPointExtension>
        </extensions>
      </trkpt>
      <trkpt lat="48.629094" lon="-2.00553">
        <ele>37.5</ele>
        <extensions>
          <gpxtpx:TrackPointExtension>
            <gpxtpx:Extensions>
              <reversedirection>yes</reversedirection>
              <highway>primary</highway>
              <surface>asphalt</surface>
              <smoothness>excellent</smoothness>
            </gpxtpx:Extensions>
          </gpxtpx:TrackPointExtension>
        </extensions>
      </trkpt>
      <trkpt lat="48.628984" lon="-2.005369">
        <ele>38</ele>
        <extensions>
          <gpxtpx:TrackPointExtension>
            <gpxtpx:Extensions>
              <reversedirection>yes</reversedirection>
              <highway>primary</highway>
              <surface>asphalt</surface>
              <smoothness>excellent</smoothness>
            </gpxtpx:Extensions>
          </gpxtpx:TrackPointExtension>
        </extensions>
      </trkpt>
      <trkpt lat="48.628681" lon="-2.004957">
        <ele>39</ele>
        <extensions>
          <gpxtpx:TrackPointExtension>
            <gpxtpx:Extensions>
              <reversedirection>yes</reversedirection>
              <highway>primary</highway>
              <surface>asphalt</surface>
              <smoothness>excellent</smoothness>
            </gpxtpx:Extensions>
          </gpxtpx:TrackPointExtension>
        </extensions>
      </trkpt>
      <trkpt lat="48.628625" lon="-2.004881">
        <ele>39.25</ele>
        <extensions>
          <gpxtpx:TrackPointExtension>
            <gpxtpx:Extensions>
              <reversedirection>yes</reversedirection>
              <highway>primary</highway>
              <surface>asphalt</surface>
              <smoothness>excellent</smoothness>
            </gpxtpx:Extensions>
          </gpxtpx:TrackPointExtension>
        </extensions>
      </trkpt>
      <trkpt lat="48.628526" lon="-2.004742">
        <ele>39.5</ele>
        <extensions>
          <gpxtpx:TrackPointExtension>
            <gpxtpx:Extensions>
              <reversedirection>yes</reversedirection>
              <highway>primary</highway>
              <surface>asphalt</surface>
              <smoothness>excellent</smoothness>
            </gpxtpx:Extensions>
          </gpxtpx:TrackPointExtension>
        </extensions>
      </trkpt>
      <trkpt lat="48.628476" lon="-2.004675">
        <ele>39.75</ele>
        <extensions>
          <gpxtpx:TrackPointExtension>
            <gpxtpx:Extensions>
              <reversedirection>yes</reversedirection>
              <highway>primary</highway>
              <surface>asphalt</surface>
              <smoothness>excellent</smoothness>
            </gpxtpx:Extensions>
          </gpxtpx:TrackPointExtension>
        </extensions>
      </trkpt>
      <trkpt lat="48.628412" lon="-2.004588">
        <ele>40</ele>
        <extensions>
          <gpxtpx:TrackPointExtension>
            <gpxtpx:Extensions>
              <reversedirection>yes</reversedirection>
              <highway>primary</highway>
              <surface>asphalt</surface>
              <smoothness>excellent</smoothness>
            </gpxtpx:Extensions>
          </gpxtpx:TrackPointExtension>
        </extensions>
      </trkpt>
      <trkpt lat="48.628267" lon="-2.004392">
        <ele>40.25</ele>
        <extensions>
          <gpxtpx:TrackPointExtension>
            <gpxtpx:Extensions>
              <reversedirection>yes</reversedirection>
              <highway>primary</highway>
              <surface>asphalt</surface>
              <smoothness>excellent</smoothness>
            </gpxtpx:Extensions>
          </gpxtpx:TrackPointExtension>
        </extensions>
      </trkpt>
      <trkpt lat="48.628" lon="-2.004029">
        <ele>40.75</ele>
        <extensions>
          <gpxtpx:TrackPointExtension>
            <gpxtpx:Extensions>
              <highway>primary</highway>
              <surface>asphalt</surface>
              <cycleway>lane</cycleway>
              <oneway>yes</oneway>
            </gpxtpx:Extensions>
          </gpxtpx:TrackPointExtension>
        </extensions>
      </trkpt>
      <trkpt lat="48.627814" lon="-2.003942">
        <ele>40.75</ele>
        <extensions>
          <gpxtpx:TrackPointExtension>
            <gpxtpx:Extensions>
              <highway>primary</highway>
              <surface>asphalt</surface>
              <cycleway>lane</cycleway>
              <oneway>yes</oneway>
            </gpxtpx:Extensions>
          </gpxtpx:TrackPointExtension>
        </extensions>
      </trkpt>
      <trkpt lat="48.627753" lon="-2.003929">
        <ele>40.75</ele>
        <extensions>
          <gpxtpx:TrackPointExtension>
            <gpxtpx:Extensions>
              <highway>primary</highway>
              <surface>asphalt</surface>
              <cycleway>lane</cycleway>
              <oneway>yes</oneway>
            </gpxtpx:Extensions>
          </gpxtpx:TrackPointExtension>
        </extensions>
      </trkpt>
      <trkpt lat="48.627682" lon="-2.003934">
        <ele>40.75</ele>
        <extensions>
          <gpxtpx:TrackPointExtension>
            <gpxtpx:Extensions>
              <highway>primary</highway>
              <surface>asphalt</surface>
              <cycleway>lane</cycleway>
              <oneway>yes</oneway>
            </gpxtpx:Extensions>
          </gpxtpx:TrackPointExtension>
        </extensions>
      </trkpt>
      <trkpt lat="48.627569" lon="-2.003967">
        <ele>40.5</ele>
        <extensions>
          <gpxtpx:TrackPointExtension>
            <gpxtpx:Extensions>
              <highway>primary</highway>
              <surface>asphalt</surface>
              <cycleway>lane</cycleway>
            </gpxtpx:Extensions>
          </gpxtpx:TrackPointExtension>
        </extensions>
      </trkpt>
      <trkpt lat="48.627403" lon="-2.004058">
        <ele>40.25</ele>
        <extensions>
          <gpxtpx:TrackPointExtension>
            <gpxtpx:Extensions>
              <highway>primary</highway>
              <surface>asphalt</surface>
              <cycleway>lane</cycleway>
            </gpxtpx:Extensions>
          </gpxtpx:TrackPointExtension>
        </extensions>
      </trkpt>
      <trkpt lat="48.627224" lon="-2.004156">
        <ele>40.25</ele>
        <extensions>
          <gpxtpx:TrackPointExtension>
            <gpxtpx:Extensions>
              <highway>primary</highway>
              <surface>asphalt</surface>
              <cycleway>lane</cycleway>
            </gpxtpx:Extensions>
          </gpxtpx:TrackPointExtension>
        </extensions>
      </trkpt>
      <trkpt lat="48.627029" lon="-2.004252">
        <ele>40.25</ele>
        <extensions>
          <gpxtpx:TrackPointExtension>
            <gpxtpx:Extensions>
              <highway>primary</highway>
              <surface>asphalt</surface>
              <cycleway>lane</cycleway>
            </gpxtpx:Extensions>
          </gpxtpx:TrackPointExtension>
        </extensions>
      </trkpt>
      <trkpt lat="48.626957" lon="-2.004276">
        <ele>40.25</ele>
        <extensions>
          <gpxtpx:TrackPointExtension>
            <gpxtpx:Extensions>
              <highway>primary</highway>
              <surface>asphalt</surface>
              <cycleway>lane</cycleway>
            </gpxtpx:Extensions>
          </gpxtpx:TrackPointExtension>
        </extensions>
      </trkpt>
      <trkpt lat="48.626847" lon="-2.004301">
        <ele>40.25</ele>
        <extensions>
          <gpxtpx:TrackPointExtension>
            <gpxtpx:Extensions>
              <highway>primary</highway>
              <surface>asphalt</surface>
              <cycleway>lane</cycleway>
            </gpxtpx:Extensions>
          </gpxtpx:TrackPointExtension>
        </extensions>
      </trkpt>
      <trkpt lat="48.626621" lon="-2.004322">
        <ele>40.25</ele>
        <extensions>
          <gpxtpx:TrackPointExtension>
            <gpxtpx:Extensions>
              <highway>primary</highway>
              <surface>asphalt</surface>
              <cycleway>lane</cycleway>
            </gpxtpx:Extensions>
          </gpxtpx:TrackPointExtension>
        </extensions>
      </trkpt>
      <trkpt lat="48.626508" lon="-2.004328">
        <ele>40</ele>
        <extensions>
          <gpxtpx:TrackPointExtension>
            <gpxtpx:Extensions>
              <highway>primary</highway>
              <surface>asphalt</surface>
              <cycleway>lane</cycleway>
            </gpxtpx:Extensions>
          </gpxtpx:TrackPointExtension>
        </extensions>
      </trkpt>
      <trkpt lat="48.626417" lon="-2.004333">
        <ele>39.75</ele>
        <extensions>
          <gpxtpx:TrackPointExtension>
            <gpxtpx:Extensions>
              <highway>primary</highway>
              <surface>asphalt</surface>
              <cycleway>lane</cycleway>
            </gpxtpx:Extensions>
          </gpxtpx:TrackPointExtension>
        </extensions>
      </trkpt>
      <trkpt lat="48.626161" lon="-2.004352">
        <ele>39</ele>
        <extensions>
          <gpxtpx:TrackPointExtension>
            <gpxtpx:Extensions>
              <highway>primary</highway>
              <surface>asphalt</surface>
              <cycleway>lane</cycleway>
            </gpxtpx:Extensions>
          </gpxtpx:TrackPointExtension>
        </extensions>
      </trkpt>
      <trkpt lat="48.625719" lon="-2.004372">
        <ele>38</ele>
        <extensions>
          <gpxtpx:TrackPointExtension>
            <gpxtpx:Extensions>
              <highway>primary</highway>
              <surface>asphalt</surface>
              <cycleway>lane</cycleway>
            </gpxtpx:Extensions>
          </gpxtpx:TrackPointExtension>
        </extensions>
      </trkpt>
      <trkpt lat="48.625256" lon="-2.004378">
        <ele>37</ele>
        <extensions>
          <gpxtpx:TrackPointExtension>
            <gpxtpx:Extensions>
              <highway>primary</highway>
              <surface>asphalt</surface>
              <cycleway>lane</cycleway>
            </gpxtpx:Extensions>
          </gpxtpx:TrackPointExtension>
        </extensions>
      </trkpt>
      <trkpt lat="48.62522" lon="-2.004378">
        <ele>36.75</ele>
        <extensions>
          <gpxtpx:TrackPointExtension>
            <gpxtpx:Extensions>
              <highway>primary</highway>
              <surface>asphalt</surface>
              <cycleway>lane</cycleway>
            </gpxtpx:Extensions>
          </gpxtpx:TrackPointExtension>
        </extensions>
      </trkpt>
      <trkpt lat="48.624871" lon="-2.00438">
        <ele>36.25</ele>
        <extensions>
          <gpxtpx:TrackPointExtension>
            <gpxtpx:Extensions>
              <highway>primary</highway>
              <surface>asphalt</surface>
              <cycleway_right>lane</cycleway_right>
              <cycleway_left>no</cycleway_left>
            </gpxtpx:Extensions>
          </gpxtpx:TrackPointExtension>
        </extensions>
      </trkpt>
      <trkpt lat="48.624718" lon="-2.004374">
        <ele>36.25</ele>
        <extensions>
          <gpxtpx:TrackPointExtension>
            <gpxtpx:Extensions>
              <highway>primary</highway>
              <surface>asphalt</surface>
            </gpxtpx:Extensions>
          </gpxtpx:TrackPointExtension>
        </extensions>
      </trkpt>
      <trkpt lat="48.624621" lon="-2.004366">
        <ele>36.25</ele>
        <extensions>
          <gpxtpx:TrackPointExtension>
            <gpxtpx:Extensions>
              <highway>primary</highway>
              <surface>asphalt</surface>
            </gpxtpx:Extensions>
          </gpxtpx:TrackPointExtension>
        </extensions>
      </trkpt>
      <trkpt lat="48.62431" lon="-2.004337">
        <ele>36</ele>
        <extensions>
          <gpxtpx:TrackPointExtension>
            <gpxtpx:Extensions>
              <highway>primary</highway>
              <surface>asphalt</surface>
            </gpxtpx:Extensions>
          </gpxtpx:TrackPointExtension>
        </extensions>
      </trkpt>
      <trkpt lat="48.624291" lon="-2.004336">
        <ele>36</ele>
        <extensions>
          <gpxtpx:TrackPointExtension>
            <gpxtpx:Extensions>
              <highway>primary</highway>
              <surface>asphalt</surface>
            </gpxtpx:Extensions>
          </gpxtpx:TrackPointExtension>
        </extensions>
      </trkpt>
      <trkpt lat="48.624277" lon="-2.004335">
        <ele>36</ele>
        <extensions>
          <gpxtpx:TrackPointExtension>
            <gpxtpx:Extensions>
              <highway>primary</highway>
              <surface>asphalt</surface>
            </gpxtpx:Extensions>
          </gpxtpx:TrackPointExtension>
        </extensions>
      </trkpt>
      <trkpt lat="48.624145" lon="-2.004319">
        <ele>35.75</ele>
        <extensions>
          <gpxtpx:TrackPointExtension>
            <gpxtpx:Extensions>
              <highway>primary</highway>
              <surface>asphalt</surface>
            </gpxtpx:Extensions>
          </gpxtpx:TrackPointExtension>
        </extensions>
      </trkpt>
      <trkpt lat="48.624089" lon="-2.004312">
        <ele>35.75</ele>
        <extensions>
          <gpxtpx:TrackPointExtension>
            <gpxtpx:Extensions>
              <highway>primary</highway>
              <surface>asphalt</surface>
            </gpxtpx:Extensions>
          </gpxtpx:TrackPointExtension>
        </extensions>
      </trkpt>
      <trkpt lat="48.623918" lon="-2.004296">
        <ele>35.75</ele>
        <extensions>
          <gpxtpx:TrackPointExtension>
            <gpxtpx:Extensions>
              <highway>primary</highway>
              <surface>asphalt</surface>
            </gpxtpx:Extensions>
          </gpxtpx:TrackPointExtension>
        </extensions>
      </trkpt>
      <trkpt lat="48.623699" lon="-2.004276">
        <ele>35.5</ele>
        <extensions>
          <gpxtpx:TrackPointExtension>
            <gpxtpx:Extensions>
              <highway>primary</highway>
              <surface>asphalt</surface>
            </gpxtpx:Extensions>
          </gpxtpx:TrackPointExtension>
        </extensions>
      </trkpt>
      <trkpt lat="48.623575" lon="-2.004264">
        <ele>35.25</ele>
        <extensions>
          <gpxtpx:TrackPointExtension>
            <gpxtpx:Extensions>
              <highway>primary</highway>
              <surface>asphalt</surface>
            </gpxtpx:Extensions>
          </gpxtpx:TrackPointExtension>
        </extensions>
      </trkpt>
      <trkpt lat="48.623302" lon="-2.004236">
        <ele>35.25</ele>
        <extensions>
          <gpxtpx:TrackPointExtension>
            <gpxtpx:Extensions>
              <highway>primary</highway>
              <surface>asphalt</surface>
            </gpxtpx:Extensions>
          </gpxtpx:TrackPointExtension>
        </extensions>
      </trkpt>
      <trkpt lat="48.622048" lon="-2.004104">
        <ele>39.5</ele>
        <extensions>
          <gpxtpx:TrackPointExtension>
            <gpxtpx:Extensions>
              <highway>primary</highway>
              <surface>asphalt</surface>
            </gpxtpx:Extensions>
          </gpxtpx:TrackPointExtension>
        </extensions>
      </trkpt>
      <trkpt lat="48.621994" lon="-2.004098">
        <ele>39.5</ele>
        <extensions>
          <gpxtpx:TrackPointExtension>
            <gpxtpx:Extensions>
              <highway>primary</highway>
              <surface>asphalt</surface>
            </gpxtpx:Extensions>
          </gpxtpx:TrackPointExtension>
        </extensions>
      </trkpt>
      <trkpt lat="48.621865" lon="-2.004072">
        <ele>40</ele>
        <extensions>
          <gpxtpx:TrackPointExtension>
            <gpxtpx:Extensions>
              <highway>primary</highway>
              <surface>asphalt</surface>
              <junction>roundabout</junction>
            </gpxtpx:Extensions>
          </gpxtpx:TrackPointExtension>
        </extensions>
      </trkpt>
      <trkpt lat="48.621856" lon="-2.00412">
        <ele>40</ele>
        <extensions>
          <gpxtpx:TrackPointExtension>
            <gpxtpx:Extensions>
              <highway>primary</highway>
              <surface>asphalt</surface>
              <junction>roundabout</junction>
            </gpxtpx:Extensions>
          </gpxtpx:TrackPointExtension>
        </extensions>
      </trkpt>
      <trkpt lat="48.621838" lon="-2.004161">
        <ele>40.25</ele>
        <extensions>
          <gpxtpx:TrackPointExtension>
            <gpxtpx:Extensions>
              <highway>primary</highway>
              <surface>asphalt</surface>
              <junction>roundabout</junction>
            </gpxtpx:Extensions>
          </gpxtpx:TrackPointExtension>
        </extensions>
      </trkpt>
      <trkpt lat="48.621813" lon="-2.004192">
        <ele>40.5</ele>
        <extensions>
          <gpxtpx:TrackPointExtension>
            <gpxtpx:Extensions>
              <highway>primary</highway>
              <surface>asphalt</surface>
              <junction>roundabout</junction>
            </gpxtpx:Extensions>
          </gpxtpx:TrackPointExtension>
        </extensions>
      </trkpt>
      <trkpt lat="48.621783" lon="-2.004209">
        <ele>40.5</ele>
        <extensions>
          <gpxtpx:TrackPointExtension>
            <gpxtpx:Extensions>
              <highway>primary</highway>
              <surface>asphalt</surface>
              <junction>roundabout</junction>
            </gpxtpx:Extensions>
          </gpxtpx:TrackPointExtension>
        </extensions>
      </trkpt>
      <trkpt lat="48.62175" lon="-2.004213">
        <ele>40.75</ele>
        <extensions>
          <gpxtpx:TrackPointExtension>
            <gpxtpx:Extensions>
              <highway>primary</highway>
              <surface>asphalt</surface>
              <junction>roundabout</junction>
            </gpxtpx:Extensions>
          </gpxtpx:TrackPointExtension>
        </extensions>
      </trkpt>
      <trkpt lat="48.621719" lon="-2.004201">
        <ele>40.75</ele>
        <extensions>
          <gpxtpx:TrackPointExtension>
            <gpxtpx:Extensions>
              <highway>primary</highway>
              <surface>asphalt</surface>
              <junction>roundabout</junction>
            </gpxtpx:Extensions>
          </gpxtpx:TrackPointExtension>
        </extensions>
      </trkpt>
      <trkpt lat="48.621693" lon="-2.004177">
        <ele>40.75</ele>
        <extensions>
          <gpxtpx:TrackPointExtension>
            <gpxtpx:Extensions>
              <highway>primary</highway>
              <surface>asphalt</surface>
              <junction>roundabout</junction>
            </gpxtpx:Extensions>
          </gpxtpx:TrackPointExtension>
        </extensions>
      </trkpt>
      <trkpt lat="48.621672" lon="-2.004144">
        <ele>40.75</ele>
        <extensions>
          <gpxtpx:TrackPointExtension>
            <gpxtpx:Extensions>
              <highway>primary</highway>
              <surface>asphalt</surface>
              <junction>roundabout</junction>
            </gpxtpx:Extensions>
          </gpxtpx:TrackPointExtension>
        </extensions>
      </trkpt>
      <trkpt lat="48.621666" lon="-2.004124">
        <ele>40.75</ele>
        <extensions>
          <gpxtpx:TrackPointExtension>
            <gpxtpx:Extensions>
              <highway>primary</highway>
              <surface>asphalt</surface>
              <oneway>yes</oneway>
              <cycleway_right>no</cycleway_right>
            </gpxtpx:Extensions>
          </gpxtpx:TrackPointExtension>
        </extensions>
      </trkpt>
      <trkpt lat="48.621538" lon="-2.004087">
        <ele>40.5</ele>
        <extensions>
          <gpxtpx:TrackPointExtension>
            <gpxtpx:Extensions>
              <highway>primary</highway>
              <surface>asphalt</surface>
              <oneway>yes</oneway>
              <cycleway_right>no</cycleway_right>
            </gpxtpx:Extensions>
          </gpxtpx:TrackPointExtension>
        </extensions>
      </trkpt>
      <trkpt lat="48.621491" lon="-2.00408">
        <ele>40.25</ele>
        <extensions>
          <gpxtpx:TrackPointExtension>
            <gpxtpx:Extensions>
              <highway>primary</highway>
              <surface>asphalt</surface>
              <oneway>yes</oneway>
              <cycleway_right>no</cycleway_right>
            </gpxtpx:Extensions>
          </gpxtpx:TrackPointExtension>
        </extensions>
      </trkpt>
      <trkpt lat="48.621456" lon="-2.004075">
        <ele>40.25</ele>
        <extensions>
          <gpxtpx:TrackPointExtension>
            <gpxtpx:Extensions>
              <highway>primary</highway>
              <surface>asphalt</surface>
              <oneway>yes</oneway>
              <cycleway_right>no</cycleway_right>
            </gpxtpx:Extensions>
          </gpxtpx:TrackPointExtension>
        </extensions>
      </trkpt>
      <trkpt lat="48.621398" lon="-2.004043">
        <ele>40</ele>
        <extensions>
          <gpxtpx:TrackPointExtension>
            <gpxtpx:Extensions>
              <highway>primary</highway>
              <surface>asphalt</surface>
            </gpxtpx:Extensions>
          </gpxtpx:TrackPointExtension>
        </extensions>
      </trkpt>
      <trkpt lat="48.620641" lon="-2.003959">
        <ele>39</ele>
        <extensions>
          <gpxtpx:TrackPointExtension>
            <gpxtpx:Extensions>
              <highway>primary</highway>
              <surface>asphalt</surface>
            </gpxtpx:Extensions>
          </gpxtpx:TrackPointExtension>
        </extensions>
      </trkpt>
      <trkpt lat="48.620227" lon="-2.00394">
        <ele>38.5</ele>
        <extensions>
          <gpxtpx:TrackPointExtension>
            <gpxtpx:Extensions>
              <highway>primary</highway>
              <surface>asphalt</surface>
            </gpxtpx:Extensions>
          </gpxtpx:TrackPointExtension>
        </extensions>
      </trkpt>
      <trkpt lat="48.619912" lon="-2.003969">
        <ele>38</ele>
        <extensions>
          <gpxtpx:TrackPointExtension>
            <gpxtpx:Extensions>
              <highway>primary</highway>
              <surface>asphalt</surface>
            </gpxtpx:Extensions>
          </gpxtpx:TrackPointExtension>
        </extensions>
      </trkpt>
      <trkpt lat="48.619616" lon="-2.004037">
        <ele>37</ele>
        <extensions>
          <gpxtpx:TrackPointExtension>
            <gpxtpx:Extensions>
              <highway>primary</highway>
              <surface>asphalt</surface>
            </gpxtpx:Extensions>
          </gpxtpx:TrackPointExtension>
        </extensions>
      </trkpt>
      <trkpt lat="48.619385" lon="-2.004144">
        <ele>36.5</ele>
        <extensions>
          <gpxtpx:TrackPointExtension>
            <gpxtpx:Extensions>
              <highway>primary</highway>
              <surface>asphalt</surface>
            </gpxtpx:Extensions>
          </gpxtpx:TrackPointExtension>
        </extensions>
      </trkpt>
      <trkpt lat="48.619069" lon="-2.004324">
        <ele>36.5</ele>
        <extensions>
          <gpxtpx:TrackPointExtension>
            <gpxtpx:Extensions>
              <highway>primary</highway>
              <surface>asphalt</surface>
            </gpxtpx:Extensions>
          </gpxtpx:TrackPointExtension>
        </extensions>
      </trkpt>
      <trkpt lat="48.618841" lon="-2.004506">
        <ele>37</ele>
        <extensions>
          <gpxtpx:TrackPointExtension>
            <gpxtpx:Extensions>
              <highway>primary</highway>
              <surface>asphalt</surface>
            </gpxtpx:Extensions>
          </gpxtpx:TrackPointExtension>
        </extensions>
      </trkpt>
      <trkpt lat="48.61875" lon="-2.004587">
        <ele>37.25</ele>
        <extensions>
          <gpxtpx:TrackPointExtension>
            <gpxtpx:Extensions>
              <highway>primary</highway>
              <surface>asphalt</surface>
            </gpxtpx:Extensions>
          </gpxtpx:TrackPointExtension>
        </extensions>
      </trkpt>
      <trkpt lat="48.618665" lon="-2.004682">
        <ele>37.25</ele>
        <extensions>
          <gpxtpx:TrackPointExtension>
            <gpxtpx:Extensions>
              <highway>primary</highway>
              <surface>asphalt</surface>
            </gpxtpx:Extensions>
          </gpxtpx:TrackPointExtension>
        </extensions>
      </trkpt>
      <trkpt lat="48.618648" lon="-2.004701">
        <ele>37.5</ele>
        <extensions>
          <gpxtpx:TrackPointExtension>
            <gpxtpx:Extensions>
              <highway>primary</highway>
              <surface>asphalt</surface>
            </gpxtpx:Extensions>
          </gpxtpx:TrackPointExtension>
        </extensions>
      </trkpt>
      <trkpt lat="48.618542" lon="-2.004808">
        <ele>37.5</ele>
        <extensions>
          <gpxtpx:TrackPointExtension>
            <gpxtpx:Extensions>
              <highway>primary</highway>
              <surface>asphalt</surface>
              <cycleway>no</cycleway>
            </gpxtpx:Extensions>
          </gpxtpx:TrackPointExtension>
        </extensions>
      </trkpt>
      <trkpt lat="48.618522" lon="-2.00483">
        <ele>37.75</ele>
        <extensions>
          <gpxtpx:TrackPointExtension>
            <gpxtpx:Extensions>
              <highway>primary_link</highway>
              <surface>asphalt</surface>
              <oneway>yes</oneway>
              <cycleway_right>no</cycleway_right>
            </gpxtpx:Extensions>
          </gpxtpx:TrackPointExtension>
        </extensions>
      </trkpt>
      <trkpt lat="48.618411" lon="-2.005081">
        <ele>38</ele>
        <extensions>
          <gpxtpx:TrackPointExtension>
            <gpxtpx:Extensions>
              <highway>primary_link</highway>
              <surface>asphalt</surface>
              <oneway>yes</oneway>
              <cycleway_right>no</cycleway_right>
            </gpxtpx:Extensions>
          </gpxtpx:TrackPointExtension>
        </extensions>
      </trkpt>
      <trkpt lat="48.6183" lon="-2.005256">
        <ele>38</ele>
        <extensions>
          <gpxtpx:TrackPointExtension>
            <gpxtpx:Extensions>
              <highway>primary_link</highway>
              <surface>asphalt</surface>
              <oneway>yes</oneway>
              <cycleway_right>no</cycleway_right>
            </gpxtpx:Extensions>
          </gpxtpx:TrackPointExtension>
        </extensions>
      </trkpt>
      <trkpt lat="48.617997" lon="-2.005683">
        <ele>37.75</ele>
        <extensions>
          <gpxtpx:TrackPointExtension>
            <gpxtpx:Extensions>
              <highway>primary_link</highway>
              <surface>asphalt</surface>
              <oneway>yes</oneway>
              <cycleway_right>no</cycleway_right>
            </gpxtpx:Extensions>
          </gpxtpx:TrackPointExtension>
        </extensions>
      </trkpt>
      <trkpt lat="48.617816" lon="-2.005868">
        <ele>37</ele>
        <extensions>
          <gpxtpx:TrackPointExtension>
            <gpxtpx:Extensions>
              <highway>primary_link</highway>
              <surface>asphalt</surface>
              <oneway>yes</oneway>
              <cycleway_right>no</cycleway_right>
            </gpxtpx:Extensions>
          </gpxtpx:TrackPointExtension>
        </extensions>
      </trkpt>
      <trkpt lat="48.617735" lon="-2.005997">
        <ele>37</ele>
        <extensions>
          <gpxtpx:TrackPointExtension>
            <gpxtpx:Extensions>
              <highway>primary_link</highway>
              <surface>asphalt</surface>
              <oneway>yes</oneway>
              <cycleway_right>no</cycleway_right>
            </gpxtpx:Extensions>
          </gpxtpx:TrackPointExtension>
        </extensions>
      </trkpt>
      <trkpt lat="48.617684" lon="-2.006134">
        <ele>37.25</ele>
        <extensions>
          <gpxtpx:TrackPointExtension>
            <gpxtpx:Extensions>
              <highway>primary_link</highway>
              <surface>asphalt</surface>
              <oneway>yes</oneway>
              <cycleway_right>no</cycleway_right>
            </gpxtpx:Extensions>
          </gpxtpx:TrackPointExtension>
        </extensions>
      </trkpt>
      <trkpt lat="48.617632" lon="-2.006507">
        <ele>38</ele>
        <extensions>
          <gpxtpx:TrackPointExtension>
            <gpxtpx:Extensions>
              <highway>primary_link</highway>
              <surface>asphalt</surface>
              <oneway>yes</oneway>
              <cycleway_right>no</cycleway_right>
            </gpxtpx:Extensions>
          </gpxtpx:TrackPointExtension>
        </extensions>
      </trkpt>
      <trkpt lat="48.617576" lon="-2.006572">
        <ele>38</ele>
        <extensions>
          <gpxtpx:TrackPointExtension>
            <gpxtpx:Extensions>
              <highway>primary</highway>
              <surface>asphalt</surface>
              <oneway>yes</oneway>
              <cycleway_right>no</cycleway_right>
            </gpxtpx:Extensions>
          </gpxtpx:TrackPointExtension>
        </extensions>
      </trkpt>
      <trkpt lat="48.617544" lon="-2.006755">
        <ele>38.25</ele>
        <extensions>
          <gpxtpx:TrackPointExtension>
            <gpxtpx:Extensions>
              <highway>primary</highway>
              <surface>asphalt</surface>
              <oneway>yes</oneway>
              <cycleway_right>no</cycleway_right>
            </gpxtpx:Extensions>
          </gpxtpx:TrackPointExtension>
        </extensions>
      </trkpt>
      <trkpt lat="48.617453" lon="-2.007161">
        <ele>38.75</ele>
        <extensions>
          <gpxtpx:TrackPointExtension>
            <gpxtpx:Extensions>
              <highway>primary</highway>
              <surface>asphalt</surface>
              <oneway>yes</oneway>
              <cycleway_right>no</cycleway_right>
            </gpxtpx:Extensions>
          </gpxtpx:TrackPointExtension>
        </extensions>
      </trkpt>
      <trkpt lat="48.617325" lon="-2.00758">
        <ele>39.25</ele>
        <extensions>
          <gpxtpx:TrackPointExtension>
            <gpxtpx:Extensions>
              <highway>primary</highway>
              <surface>asphalt</surface>
              <oneway>yes</oneway>
              <cycleway_right>no</cycleway_right>
            </gpxtpx:Extensions>
          </gpxtpx:TrackPointExtension>
        </extensions>
      </trkpt>
      <trkpt lat="48.617191" lon="-2.007946">
        <ele>40.25</ele>
        <extensions>
          <gpxtpx:TrackPointExtension>
            <gpxtpx:Extensions>
              <highway>primary</highway>
              <surface>asphalt</surface>
              <oneway>yes</oneway>
              <cycleway_right>no</cycleway_right>
            </gpxtpx:Extensions>
          </gpxtpx:TrackPointExtension>
        </extensions>
      </trkpt>
      <trkpt lat="48.617035" lon="-2.008284">
        <ele>41</ele>
        <extensions>
          <gpxtpx:TrackPointExtension>
            <gpxtpx:Extensions>
              <highway>primary</highway>
              <surface>asphalt</surface>
              <oneway>yes</oneway>
              <cycleway_right>no</cycleway_right>
            </gpxtpx:Extensions>
          </gpxtpx:TrackPointExtension>
        </extensions>
      </trkpt>
      <trkpt lat="48.616832" lon="-2.008636">
        <ele>41</ele>
        <extensions>
          <gpxtpx:TrackPointExtension>
            <gpxtpx:Extensions>
              <highway>primary</highway>
              <surface>asphalt</surface>
              <oneway>yes</oneway>
              <cycleway_right>no</cycleway_right>
            </gpxtpx:Extensions>
          </gpxtpx:TrackPointExtension>
        </extensions>
      </trkpt>
      <trkpt lat="48.616635" lon="-2.008925">
        <ele>41</ele>
        <extensions>
          <gpxtpx:TrackPointExtension>
            <gpxtpx:Extensions>
              <highway>primary</highway>
              <surface>asphalt</surface>
              <oneway>yes</oneway>
              <cycleway_right>no</cycleway_right>
            </gpxtpx:Extensions>
          </gpxtpx:TrackPointExtension>
        </extensions>
      </trkpt>
      <trkpt lat="48.615433" lon="-2.010448">
        <ele>37.75</ele>
        <extensions>
          <gpxtpx:TrackPointExtension>
            <gpxtpx:Extensions>
              <highway>primary</highway>
              <surface>asphalt</surface>
              <oneway>yes</oneway>
              <cycleway_right>no</cycleway_right>
            </gpxtpx:Extensions>
          </gpxtpx:TrackPointExtension>
        </extensions>
      </trkpt>
      <trkpt lat="48.614512" lon="-2.01163">
        <ele>33.5</ele>
        <extensions>
          <gpxtpx:TrackPointExtension>
            <gpxtpx:Extensions>
              <highway>primary</highway>
              <surface>asphalt</surface>
              <oneway>yes</oneway>
              <cycleway_right>no</cycleway_right>
            </gpxtpx:Extensions>
          </gpxtpx:TrackPointExtension>
        </extensions>
      </trkpt>
      <trkpt lat="48.614396" lon="-2.011785">
        <ele>32.5</ele>
        <extensions>
          <gpxtpx:TrackPointExtension>
            <gpxtpx:Extensions>
              <highway>primary</highway>
              <surface>asphalt</surface>
              <oneway>yes</oneway>
              <cycleway_right>no</cycleway_right>
            </gpxtpx:Extensions>
          </gpxtpx:TrackPointExtension>
        </extensions>
      </trkpt>
      <trkpt lat="48.614285" lon="-2.011967">
        <ele>31.5</ele>
        <extensions>
          <gpxtpx:TrackPointExtension>
            <gpxtpx:Extensions>
              <highway>primary</highway>
              <surface>asphalt</surface>
              <oneway>yes</oneway>
              <cycleway_right>no</cycleway_right>
            </gpxtpx:Extensions>
          </gpxtpx:TrackPointExtension>
        </extensions>
      </trkpt>
      <trkpt lat="48.614184" lon="-2.012196">
        <ele>30.75</ele>
        <extensions>
          <gpxtpx:TrackPointExtension>
            <gpxtpx:Extensions>
              <highway>primary</highway>
              <surface>asphalt</surface>
              <oneway>yes</oneway>
              <cycleway_right>no</cycleway_right>
            </gpxtpx:Extensions>
          </gpxtpx:TrackPointExtension>
        </extensions>
      </trkpt>
      <trkpt lat="48.61412" lon="-2.012417">
        <ele>29.75</ele>
        <extensions>
          <gpxtpx:TrackPointExtension>
            <gpxtpx:Extensions>
              <highway>primary</highway>
              <surface>asphalt</surface>
              <oneway>yes</oneway>
              <cycleway_right>no</cycleway_right>
            </gpxtpx:Extensions>
          </gpxtpx:TrackPointExtension>
        </extensions>
      </trkpt>
      <trkpt lat="48.614064" lon="-2.012651">
        <ele>28.5</ele>
        <extensions>
          <gpxtpx:TrackPointExtension>
            <gpxtpx:Extensions>
              <highway>primary</highway>
              <surface>asphalt</surface>
              <oneway>yes</oneway>
              <cycleway_right>no</cycleway_right>
            </gpxtpx:Extensions>
          </gpxtpx:TrackPointExtension>
        </extensions>
      </trkpt>
      <trkpt lat="48.614047" lon="-2.012881">
        <ele>27.5</ele>
        <extensions>
          <gpxtpx:TrackPointExtension>
            <gpxtpx:Extensions>
              <highway>primary</highway>
              <surface>asphalt</surface>
              <oneway>yes</oneway>
              <cycleway_right>no</cycleway_right>
            </gpxtpx:Extensions>
          </gpxtpx:TrackPointExtension>
        </extensions>
      </trkpt>
      <trkpt lat="48.614058" lon="-2.013166">
        <ele>27</ele>
        <extensions>
          <gpxtpx:TrackPointExtension>
            <gpxtpx:Extensions>
              <highway>primary</highway>
              <surface>asphalt</surface>
              <oneway>yes</oneway>
              <cycleway_right>no</cycleway_right>
            </gpxtpx:Extensions>
          </gpxtpx:TrackPointExtension>
        </extensions>
      </trkpt>
      <trkpt lat="48.614103" lon="-2.013486">
        <ele>26.25</ele>
        <extensions>
          <gpxtpx:TrackPointExtension>
            <gpxtpx:Extensions>
              <highway>primary</highway>
              <surface>asphalt</surface>
              <oneway>yes</oneway>
              <cycleway_right>no</cycleway_right>
            </gpxtpx:Extensions>
          </gpxtpx:TrackPointExtension>
        </extensions>
      </trkpt>
      <trkpt lat="48.614161" lon="-2.013683">
        <ele>25.5</ele>
        <extensions>
          <gpxtpx:TrackPointExtension>
            <gpxtpx:Extensions>
              <highway>primary</highway>
              <surface>asphalt</surface>
              <oneway>yes</oneway>
              <cycleway_right>no</cycleway_right>
            </gpxtpx:Extensions>
          </gpxtpx:TrackPointExtension>
        </extensions>
      </trkpt>
      <trkpt lat="48.614231" lon="-2.013858">
        <ele>24.5</ele>
        <extensions>
          <gpxtpx:TrackPointExtension>
            <gpxtpx:Extensions>
              <highway>primary</highway>
              <surface>asphalt</surface>
              <oneway>yes</oneway>
              <cycleway_right>no</cycleway_right>
            </gpxtpx:Extensions>
          </gpxtpx:TrackPointExtension>
        </extensions>
      </trkpt>
      <trkpt lat="48.614328" lon="-2.014054">
        <ele>23.75</ele>
        <extensions>
          <gpxtpx:TrackPointExtension>
            <gpxtpx:Extensions>
              <highway>primary</highway>
              <surface>asphalt</surface>
              <oneway>yes</oneway>
              <cycleway_right>no</cycleway_right>
            </gpxtpx:Extensions>
          </gpxtpx:TrackPointExtension>
        </extensions>
      </trkpt>
      <trkpt lat="48.614474" lon="-2.01424">
        <ele>23.25</ele>
        <extensions>
          <gpxtpx:TrackPointExtension>
            <gpxtpx:Extensions>
              <highway>primary</highway>
              <surface>asphalt</surface>
              <oneway>yes</oneway>
              <cycleway_right>no</cycleway_right>
            </gpxtpx:Extensions>
          </gpxtpx:TrackPointExtension>
        </extensions>
      </trkpt>
      <trkpt lat="48.614557" lon="-2.014324">
        <ele>22.75</ele>
        <extensions>
          <gpxtpx:TrackPointExtension>
            <gpxtpx:Extensions>
              <highway>primary</highway>
              <surface>asphalt</surface>
              <oneway>yes</oneway>
              <cycleway_right>no</cycleway_right>
            </gpxtpx:Extensions>
          </gpxtpx:TrackPointExtension>
        </extensions>
      </trkpt>
      <trkpt lat="48.614653" lon="-2.014397">
        <ele>22.75</ele>
        <extensions>
          <gpxtpx:TrackPointExtension>
            <gpxtpx:Extensions>
              <highway>primary</highway>
              <surface>asphalt</surface>
              <oneway>yes</oneway>
              <cycleway_right>no</cycleway_right>
            </gpxtpx:Extensions>
          </gpxtpx:TrackPointExtension>
        </extensions>
      </trkpt>
      <trkpt lat="48.614845" lon="-2.014499">
        <ele>22.75</ele>
        <extensions>
          <gpxtpx:TrackPointExtension>
            <gpxtpx:Extensions>
              <highway>primary</highway>
              <surface>asphalt</surface>
              <oneway>yes</oneway>
              <cycleway_right>no</cycleway_right>
            </gpxtpx:Extensions>
          </gpxtpx:TrackPointExtension>
        </extensions>
      </trkpt>
      <trkpt lat="48.615041" lon="-2.014547">
        <ele>23</ele>
        <extensions>
          <gpxtpx:TrackPointExtension>
            <gpxtpx:Extensions>
              <highway>primary</highway>
              <surface>asphalt</surface>
              <oneway>yes</oneway>
              <cycleway_right>no</cycleway_right>
            </gpxtpx:Extensions>
          </gpxtpx:TrackPointExtension>
        </extensions>
      </trkpt>
      <trkpt lat="48.615561" lon="-2.014616">
        <ele>20.75</ele>
        <extensions>
          <gpxtpx:TrackPointExtension>
            <gpxtpx:Extensions>
              <highway>primary</highway>
              <surface>asphalt</surface>
              <oneway>yes</oneway>
              <cycleway_right>no</cycleway_right>
            </gpxtpx:Extensions>
          </gpxtpx:TrackPointExtension>
        </extensions>
      </trkpt>
      <trkpt lat="48.615863" lon="-2.014714">
        <ele>18</ele>
        <extensions>
          <gpxtpx:TrackPointExtension>
            <gpxtpx:Extensions>
              <highway>primary</highway>
              <surface>asphalt</surface>
              <oneway>yes</oneway>
              <cycleway_right>no</cycleway_right>
            </gpxtpx:Extensions>
          </gpxtpx:TrackPointExtension>
        </extensions>
      </trkpt>
      <trkpt lat="48.616009" lon="-2.014801">
        <ele>17.5</ele>
        <extensions>
          <gpxtpx:TrackPointExtension>
            <gpxtpx:Extensions>
              <highway>primary</highway>
              <surface>asphalt</surface>
              <oneway>yes</oneway>
              <cycleway_right>no</cycleway_right>
            </gpxtpx:Extensions>
          </gpxtpx:TrackPointExtension>
        </extensions>
      </trkpt>
      <trkpt lat="48.616146" lon="-2.014925">
        <ele>17.5</ele>
        <extensions>
          <gpxtpx:TrackPointExtension>
            <gpxtpx:Extensions>
              <highway>primary</highway>
              <surface>asphalt</surface>
              <oneway>yes</oneway>
              <cycleway_right>no</cycleway_right>
            </gpxtpx:Extensions>
          </gpxtpx:TrackPointExtension>
        </extensions>
      </trkpt>
      <trkpt lat="48.616318" lon="-2.015127">
        <ele>17.5</ele>
        <extensions>
          <gpxtpx:TrackPointExtension>
            <gpxtpx:Extensions>
              <highway>primary</highway>
              <surface>asphalt</surface>
              <oneway>yes</oneway>
              <cycleway_right>no</cycleway_right>
            </gpxtpx:Extensions>
          </gpxtpx:TrackPointExtension>
        </extensions>
      </trkpt>
      <trkpt lat="48.617225" lon="-2.016402">
        <ele>18</ele>
        <extensions>
          <gpxtpx:TrackPointExtension>
            <gpxtpx:Extensions>
              <highway>primary</highway>
              <surface>asphalt</surface>
              <oneway>yes</oneway>
              <cycleway_right>no</cycleway_right>
            </gpxtpx:Extensions>
          </gpxtpx:TrackPointExtension>
        </extensions>
      </trkpt>
      <trkpt lat="48.617553" lon="-2.016866">
        <ele>18</ele>
        <extensions>
          <gpxtpx:TrackPointExtension>
            <gpxtpx:Extensions>
              <highway>primary</highway>
              <surface>asphalt</surface>
              <oneway>yes</oneway>
              <cycleway_right>no</cycleway_right>
            </gpxtpx:Extensions>
          </gpxtpx:TrackPointExtension>
        </extensions>
      </trkpt>
      <trkpt lat="48.617714" lon="-2.017066">
        <ele>16.75</ele>
        <extensions>
          <gpxtpx:TrackPointExtension>
            <gpxtpx:Extensions>
              <highway>primary</highway>
              <surface>asphalt</surface>
              <oneway>yes</oneway>
              <cycleway_right>no</cycleway_right>
            </gpxtpx:Extensions>
          </gpxtpx:TrackPointExtension>
        </extensions>
      </trkpt>
      <trkpt lat="48.617946" lon="-2.017304">
        <ele>15.25</ele>
        <extensions>
          <gpxtpx:TrackPointExtension>
            <gpxtpx:Extensions>
              <highway>primary</highway>
              <surface>asphalt</surface>
              <oneway>yes</oneway>
              <cycleway_right>no</cycleway_right>
            </gpxtpx:Extensions>
          </gpxtpx:TrackPointExtension>
        </extensions>
      </trkpt>
      <trkpt lat="48.618239" lon="-2.017534">
        <ele>13.5</ele>
        <extensions>
          <gpxtpx:TrackPointExtension>
            <gpxtpx:Extensions>
              <highway>primary</highway>
              <surface>asphalt</surface>
              <oneway>yes</oneway>
              <cycleway_right>no</cycleway_right>
            </gpxtpx:Extensions>
          </gpxtpx:TrackPointExtension>
        </extensions>
      </trkpt>
      <trkpt lat="48.618402" lon="-2.017668">
        <ele>12.75</ele>
        <extensions>
          <gpxtpx:TrackPointExtension>
            <gpxtpx:Extensions>
              <highway>primary</highway>
              <surface>asphalt</surface>
              <oneway>yes</oneway>
              <cycleway_right>no</cycleway_right>
            </gpxtpx:Extensions>
          </gpxtpx:TrackPointExtension>
        </extensions>
      </trkpt>
      <trkpt lat="48.618478" lon="-2.017741">
        <ele>12.75</ele>
        <extensions>
          <gpxtpx:TrackPointExtension>
            <gpxtpx:Extensions>
              <highway>primary</highway>
              <surface>asphalt</surface>
              <oneway>yes</oneway>
            </gpxtpx:Extensions>
          </gpxtpx:TrackPointExtension>
        </extensions>
      </trkpt>
      <trkpt lat="48.618575" lon="-2.017826">
        <ele>12.75</ele>
        <extensions>
          <gpxtpx:TrackPointExtension>
            <gpxtpx:Extensions>
              <highway>primary</highway>
              <surface>asphalt</surface>
              <oneway>yes</oneway>
            </gpxtpx:Extensions>
          </gpxtpx:TrackPointExtension>
        </extensions>
      </trkpt>
      <trkpt lat="48.618667" lon="-2.017938">
        <ele>12</ele>
        <extensions>
          <gpxtpx:TrackPointExtension>
            <gpxtpx:Extensions>
              <highway>primary</highway>
              <surface>asphalt</surface>
              <oneway>yes</oneway>
            </gpxtpx:Extensions>
          </gpxtpx:TrackPointExtension>
        </extensions>
      </trkpt>
      <trkpt lat="48.618758" lon="-2.018076">
        <ele>11.25</ele>
        <extensions>
          <gpxtpx:TrackPointExtension>
            <gpxtpx:Extensions>
              <highway>primary</highway>
              <surface>asphalt</surface>
              <oneway>yes</oneway>
            </gpxtpx:Extensions>
          </gpxtpx:TrackPointExtension>
        </extensions>
      </trkpt>
      <trkpt lat="48.618819" lon="-2.018195">
        <ele>10.25</ele>
        <extensions>
          <gpxtpx:TrackPointExtension>
            <gpxtpx:Extensions>
              <highway>primary</highway>
              <surface>asphalt</surface>
              <oneway>yes</oneway>
            </gpxtpx:Extensions>
          </gpxtpx:TrackPointExtension>
        </extensions>
      </trkpt>
      <trkpt lat="48.618875" lon="-2.018344">
        <ele>9.25</ele>
        <extensions>
          <gpxtpx:TrackPointExtension>
            <gpxtpx:Extensions>
              <highway>primary</highway>
              <surface>asphalt</surface>
              <oneway>yes</oneway>
            </gpxtpx:Extensions>
          </gpxtpx:TrackPointExtension>
        </extensions>
      </trkpt>
      <trkpt lat="48.618908" lon="-2.018466">
        <ele>8.75</ele>
        <extensions>
          <gpxtpx:TrackPointExtension>
            <gpxtpx:Extensions>
              <highway>primary</highway>
              <surface>asphalt</surface>
              <oneway>yes</oneway>
            </gpxtpx:Extensions>
          </gpxtpx:TrackPointExtension>
        </extensions>
      </trkpt>
      <trkpt lat="48.61893" lon="-2.018578">
        <ele>8.5</ele>
        <extensions>
          <gpxtpx:TrackPointExtension>
            <gpxtpx:Extensions>
              <highway>primary</highway>
              <surface>asphalt</surface>
              <oneway>yes</oneway>
            </gpxtpx:Extensions>
          </gpxtpx:TrackPointExtension>
        </extensions>
      </trkpt>
      <trkpt lat="48.618945" lon="-2.018707">
        <ele>8</ele>
        <extensions>
          <gpxtpx:TrackPointExtension>
            <gpxtpx:Extensions>
              <highway>primary</highway>
              <surface>asphalt</surface>
              <oneway>yes</oneway>
            </gpxtpx:Extensions>
          </gpxtpx:TrackPointExtension>
        </extensions>
      </trkpt>
      <trkpt lat="48.618957" lon="-2.018976">
        <ele>7.75</ele>
        <extensions>
          <gpxtpx:TrackPointExtension>
            <gpxtpx:Extensions>
              <highway>primary</highway>
              <surface>asphalt</surface>
              <oneway>yes</oneway>
            </gpxtpx:Extensions>
          </gpxtpx:TrackPointExtension>
        </extensions>
      </trkpt>
      <trkpt lat="48.618943" lon="-2.019155">
        <ele>7.75</ele>
        <extensions>
          <gpxtpx:TrackPointExtension>
            <gpxtpx:Extensions>
              <highway>primary</highway>
              <surface>asphalt</surface>
              <oneway>yes</oneway>
            </gpxtpx:Extensions>
          </gpxtpx:TrackPointExtension>
        </extensions>
      </trkpt>
      <trkpt lat="48.618863" lon="-2.019805">
        <ele>7.5</ele>
        <extensions>
          <gpxtpx:TrackPointExtension>
            <gpxtpx:Extensions>
              <highway>primary</highway>
              <surface>asphalt</surface>
              <oneway>yes</oneway>
            </gpxtpx:Extensions>
          </gpxtpx:TrackPointExtension>
        </extensions>
      </trkpt>
      <trkpt lat="48.618752" lon="-2.020522">
        <ele>7.25</ele>
        <extensions>
          <gpxtpx:TrackPointExtension>
            <gpxtpx:Extensions>
              <highway>primary</highway>
              <surface>asphalt</surface>
              <foot>no</foot>
              <oneway>yes</oneway>
            </gpxtpx:Extensions>
          </gpxtpx:TrackPointExtension>
        </extensions>
      </trkpt>
      <trkpt lat="48.61864" lon="-2.021129">
        <ele>7</ele>
        <extensions>
          <gpxtpx:TrackPointExtension>
            <gpxtpx:Extensions>
              <highway>primary</highway>
              <surface>asphalt</surface>
              <foot>no</foot>
              <oneway>yes</oneway>
            </gpxtpx:Extensions>
          </gpxtpx:TrackPointExtension>
        </extensions>
      </trkpt>
      <trkpt lat="48.618579" lon="-2.021432">
        <ele>7</ele>
        <extensions>
          <gpxtpx:TrackPointExtension>
            <gpxtpx:Extensions>
              <highway>primary</highway>
              <surface>asphalt</surface>
              <foot>no</foot>
              <oneway>yes</oneway>
            </gpxtpx:Extensions>
          </gpxtpx:TrackPointExtension>
        </extensions>
      </trkpt>
      <trkpt lat="48.617413" lon="-2.027794">
        <ele>4.5</ele>
        <extensions>
          <gpxtpx:TrackPointExtension>
            <gpxtpx:Extensions>
              <highway>primary</highway>
              <surface>asphalt</surface>
              <foot>no</foot>
              <oneway>yes</oneway>
            </gpxtpx:Extensions>
          </gpxtpx:TrackPointExtension>
        </extensions>
      </trkpt>
      <trkpt lat="48.617329" lon="-2.028261">
        <ele>4.5</ele>
        <extensions>
          <gpxtpx:TrackPointExtension>
            <gpxtpx:Extensions>
              <highway>primary</highway>
              <surface>asphalt</surface>
              <foot>no</foot>
              <oneway>yes</oneway>
            </gpxtpx:Extensions>
          </gpxtpx:TrackPointExtension>
        </extensions>
      </trkpt>
      <trkpt lat="48.617316" lon="-2.028331">
        <ele>4.5</ele>
        <extensions>
          <gpxtpx:TrackPointExtension>
            <gpxtpx:Extensions>
              <highway>primary</highway>
              <oneway>yes</oneway>
            </gpxtpx:Extensions>
          </gpxtpx:TrackPointExtension>
        </extensions>
      </trkpt>
      <trkpt lat="48.617249" lon="-2.02869">
        <ele>4.5</ele>
        <extensions>
          <gpxtpx:TrackPointExtension>
            <gpxtpx:Extensions>
              <highway>primary</highway>
              <surface>asphalt</surface>
              <oneway>yes</oneway>
              <cycleway_right>no</cycleway_right>
            </gpxtpx:Extensions>
          </gpxtpx:TrackPointExtension>
        </extensions>
      </trkpt>
      <trkpt lat="48.617215" lon="-2.028831">
        <ele>6</ele>
        <extensions>
          <gpxtpx:TrackPointExtension>
            <gpxtpx:Extensions>
              <highway>primary</highway>
              <surface>asphalt</surface>
              <oneway>yes</oneway>
              <cycleway_right>no</cycleway_right>
            </gpxtpx:Extensions>
          </gpxtpx:TrackPointExtension>
        </extensions>
      </trkpt>
      <trkpt lat="48.617172" lon="-2.028961">
        <ele>7.25</ele>
        <extensions>
          <gpxtpx:TrackPointExtension>
            <gpxtpx:Extensions>
              <highway>primary</highway>
              <surface>asphalt</surface>
              <oneway>yes</oneway>
              <cycleway_right>no</cycleway_right>
            </gpxtpx:Extensions>
          </gpxtpx:TrackPointExtension>
        </extensions>
      </trkpt>
      <trkpt lat="48.617115" lon="-2.029088">
        <ele>8.5</ele>
        <extensions>
          <gpxtpx:TrackPointExtension>
            <gpxtpx:Extensions>
              <highway>primary</highway>
              <surface>asphalt</surface>
              <oneway>yes</oneway>
              <cycleway_right>no</cycleway_right>
            </gpxtpx:Extensions>
          </gpxtpx:TrackPointExtension>
        </extensions>
      </trkpt>
      <trkpt lat="48.61702" lon="-2.029259">
        <ele>11</ele>
        <extensions>
          <gpxtpx:TrackPointExtension>
            <gpxtpx:Extensions>
              <highway>primary</highway>
              <surface>asphalt</surface>
              <oneway>yes</oneway>
              <cycleway_right>no</cycleway_right>
            </gpxtpx:Extensions>
          </gpxtpx:TrackPointExtension>
        </extensions>
      </trkpt>
      <trkpt lat="48.616937" lon="-2.029357">
        <ele>12.75</ele>
        <extensions>
          <gpxtpx:TrackPointExtension>
            <gpxtpx:Extensions>
              <highway>primary</highway>
              <surface>asphalt</surface>
              <oneway>yes</oneway>
              <cycleway_right>no</cycleway_right>
            </gpxtpx:Extensions>
          </gpxtpx:TrackPointExtension>
        </extensions>
      </trkpt>
      <trkpt lat="48.616814" lon="-2.029467">
        <ele>14.5</ele>
        <extensions>
          <gpxtpx:TrackPointExtension>
            <gpxtpx:Extensions>
              <highway>primary</highway>
              <surface>asphalt</surface>
              <oneway>yes</oneway>
              <cycleway_right>no</cycleway_right>
            </gpxtpx:Extensions>
          </gpxtpx:TrackPointExtension>
        </extensions>
      </trkpt>
      <trkpt lat="48.616701" lon="-2.029544">
        <ele>15.75</ele>
        <extensions>
          <gpxtpx:TrackPointExtension>
            <gpxtpx:Extensions>
              <highway>primary</highway>
              <surface>asphalt</surface>
              <oneway>yes</oneway>
              <cycleway_right>no</cycleway_right>
            </gpxtpx:Extensions>
          </gpxtpx:TrackPointExtension>
        </extensions>
      </trkpt>
      <trkpt lat="48.61663" lon="-2.029587">
        <ele>16.25</ele>
        <extensions>
          <gpxtpx:TrackPointExtension>
            <gpxtpx:Extensions>
              <highway>primary</highway>
              <surface>asphalt</surface>
              <oneway>yes</oneway>
              <cycleway_right>no</cycleway_right>
            </gpxtpx:Extensions>
          </gpxtpx:TrackPointExtension>
        </extensions>
      </trkpt>
      <trkpt lat="48.61653" lon="-2.02963">
        <ele>16.5</ele>
        <extensions>
          <gpxtpx:TrackPointExtension>
            <gpxtpx:Extensions>
              <highway>primary</highway>
              <surface>asphalt</surface>
              <oneway>yes</oneway>
              <cycleway_right>no</cycleway_right>
            </gpxtpx:Extensions>
          </gpxtpx:TrackPointExtension>
        </extensions>
      </trkpt>
      <trkpt lat="48.615994" lon="-2.029808">
        <ele>17.5</ele>
        <extensions>
          <gpxtpx:TrackPointExtension>
            <gpxtpx:Extensions>
              <highway>primary</highway>
              <surface>asphalt</surface>
              <oneway>yes</oneway>
              <cycleway_right>no</cycleway_right>
            </gpxtpx:Extensions>
          </gpxtpx:TrackPointExtension>
        </extensions>
      </trkpt>
      <trkpt lat="48.615714" lon="-2.02994">
        <ele>18.5</ele>
        <extensions>
          <gpxtpx:TrackPointExtension>
            <gpxtpx:Extensions>
              <highway>primary</highway>
              <surface>asphalt</surface>
              <oneway>yes</oneway>
              <cycleway_right>no</cycleway_right>
            </gpxtpx:Extensions>
          </gpxtpx:TrackPointExtension>
        </extensions>
      </trkpt>
      <trkpt lat="48.615523" lon="-2.030053">
        <ele>18.75</ele>
        <extensions>
          <gpxtpx:TrackPointExtension>
            <gpxtpx:Extensions>
              <highway>primary</highway>
              <surface>asphalt</surface>
              <oneway>yes</oneway>
              <cycleway_right>no</cycleway_right>
            </gpxtpx:Extensions>
          </gpxtpx:TrackPointExtension>
        </extensions>
      </trkpt>
      <trkpt lat="48.61535" lon="-2.030223">
        <ele>18.75</ele>
        <extensions>
          <gpxtpx:TrackPointExtension>
            <gpxtpx:Extensions>
              <highway>primary</highway>
              <surface>asphalt</surface>
              <oneway>yes</oneway>
              <cycleway_right>no</cycleway_right>
            </gpxtpx:Extensions>
          </gpxtpx:TrackPointExtension>
        </extensions>
      </trkpt>
      <trkpt lat="48.615241" lon="-2.030367">
        <ele>19</ele>
        <extensions>
          <gpxtpx:TrackPointExtension>
            <gpxtpx:Extensions>
              <highway>primary</highway>
              <surface>asphalt</surface>
              <oneway>yes</oneway>
              <cycleway_right>no</cycleway_right>
            </gpxtpx:Extensions>
          </gpxtpx:TrackPointExtension>
        </extensions>
      </trkpt>
      <trkpt lat="48.615146" lon="-2.030524">
        <ele>19.25</ele>
        <extensions>
          <gpxtpx:TrackPointExtension>
            <gpxtpx:Extensions>
              <highway>primary</highway>
              <surface>asphalt</surface>
              <oneway>yes</oneway>
              <cycleway_right>no</cycleway_right>
            </gpxtpx:Extensions>
          </gpxtpx:TrackPointExtension>
        </extensions>
      </trkpt>
      <trkpt lat="48.615054" lon="-2.030744">
        <ele>19.75</ele>
        <extensions>
          <gpxtpx:TrackPointExtension>
            <gpxtpx:Extensions>
              <highway>primary</highway>
              <surface>asphalt</surface>
              <oneway>yes</oneway>
              <cycleway_right>no</cycleway_right>
            </gpxtpx:Extensions>
          </gpxtpx:TrackPointExtension>
        </extensions>
      </trkpt>
      <trkpt lat="48.614983" lon="-2.030955">
        <ele>20</ele>
        <extensions>
          <gpxtpx:TrackPointExtension>
            <gpxtpx:Extensions>
              <highway>primary</highway>
              <surface>asphalt</surface>
              <oneway>yes</oneway>
              <cycleway_right>no</cycleway_right>
            </gpxtpx:Extensions>
          </gpxtpx:TrackPointExtension>
        </extensions>
      </trkpt>
      <trkpt lat="48.614929" lon="-2.031145">
        <ele>19.5</ele>
        <extensions>
          <gpxtpx:TrackPointExtension>
            <gpxtpx:Extensions>
              <highway>primary</highway>
              <surface>asphalt</surface>
              <oneway>yes</oneway>
            </gpxtpx:Extensions>
          </gpxtpx:TrackPointExtension>
        </extensions>
      </trkpt>
      <trkpt lat="48.614357" lon="-2.033433">
        <ele>18.75</ele>
        <extensions>
          <gpxtpx:TrackPointExtension>
            <gpxtpx:Extensions>
              <highway>primary</highway>
              <surface>asphalt</surface>
              <oneway>yes</oneway>
            </gpxtpx:Extensions>
          </gpxtpx:TrackPointExtension>
        </extensions>
      </trkpt>
      <trkpt lat="48.614178" lon="-2.034169">
        <ele>23</ele>
        <extensions>
          <gpxtpx:TrackPointExtension>
            <gpxtpx:Extensions>
              <highway>primary</highway>
              <surface>asphalt</surface>
              <oneway>yes</oneway>
            </gpxtpx:Extensions>
          </gpxtpx:TrackPointExtension>
        </extensions>
      </trkpt>
      <trkpt lat="48.614039" lon="-2.034775">
        <ele>25.25</ele>
        <extensions>
          <gpxtpx:TrackPointExtension>
            <gpxtpx:Extensions>
              <highway>primary_link</highway>
              <surface>asphalt</surface>
              <oneway>yes</oneway>
            </gpxtpx:Extensions>
          </gpxtpx:TrackPointExtension>
        </extensions>
      </trkpt>
      <trkpt lat="48.61406" lon="-2.034958">
        <ele>26.75</ele>
        <extensions>
          <gpxtpx:TrackPointExtension>
            <gpxtpx:Extensions>
              <highway>primary_link</highway>
              <surface>asphalt</surface>
              <oneway>yes</oneway>
            </gpxtpx:Extensions>
          </gpxtpx:TrackPointExtension>
        </extensions>
      </trkpt>
      <trkpt lat="48.614028" lon="-2.035154">
        <ele>27.25</ele>
        <extensions>
          <gpxtpx:TrackPointExtension>
            <gpxtpx:Extensions>
              <highway>primary_link</highway>
              <surface>asphalt</surface>
              <oneway>yes</oneway>
            </gpxtpx:Extensions>
          </gpxtpx:TrackPointExtension>
        </extensions>
      </trkpt>
      <trkpt lat="48.614" lon="-2.035442">
        <ele>28.25</ele>
        <extensions>
          <gpxtpx:TrackPointExtension>
            <gpxtpx:Extensions>
              <highway>primary_link</highway>
              <surface>asphalt</surface>
              <oneway>yes</oneway>
            </gpxtpx:Extensions>
          </gpxtpx:TrackPointExtension>
        </extensions>
      </trkpt>
      <trkpt lat="48.613953" lon="-2.036152">
        <ele>30.75</ele>
        <extensions>
          <gpxtpx:TrackPointExtension>
            <gpxtpx:Extensions>
              <highway>primary_link</highway>
              <surface>asphalt</surface>
              <oneway>yes</oneway>
            </gpxtpx:Extensions>
          </gpxtpx:TrackPointExtension>
        </extensions>
      </trkpt>
      <trkpt lat="48.613993" lon="-2.036281">
        <ele>31.5</ele>
        <extensions>
          <gpxtpx:TrackPointExtension>
            <gpxtpx:Extensions>
              <highway>primary_link</highway>
              <surface>asphalt</surface>
              <oneway>yes</oneway>
            </gpxtpx:Extensions>
          </gpxtpx:TrackPointExtension>
        </extensions>
      </trkpt>
      <trkpt lat="48.614084" lon="-2.036345">
        <ele>32.25</ele>
        <extensions>
          <gpxtpx:TrackPointExtension>
            <gpxtpx:Extensions>
              <highway>secondary</highway>
              <surface>asphalt</surface>
              <junction>roundabout</junction>
              <cycleway_right>unknown</cycleway_right>
            </gpxtpx:Extensions>
          </gpxtpx:TrackPointExtension>
        </extensions>
      </trkpt>
      <trkpt lat="48.614111" lon="-2.036322">
        <ele>32.25</ele>
        <extensions>
          <gpxtpx:TrackPointExtension>
            <gpxtpx:Extensions>
              <highway>secondary</highway>
              <surface>asphalt</surface>
              <junction>roundabout</junction>
              <cycleway_right>unknown</cycleway_right>
            </gpxtpx:Extensions>
          </gpxtpx:TrackPointExtension>
        </extensions>
      </trkpt>
      <trkpt lat="48.614141" lon="-2.036314">
        <ele>32.5</ele>
        <extensions>
          <gpxtpx:TrackPointExtension>
            <gpxtpx:Extensions>
              <highway>secondary</highway>
              <surface>asphalt</surface>
              <junction>roundabout</junction>
              <cycleway_right>unknown</cycleway_right>
            </gpxtpx:Extensions>
          </gpxtpx:TrackPointExtension>
        </extensions>
      </trkpt>
      <trkpt lat="48.614172" lon="-2.036321">
        <ele>32.75</ele>
        <extensions>
          <gpxtpx:TrackPointExtension>
            <gpxtpx:Extensions>
              <highway>secondary</highway>
              <surface>asphalt</surface>
              <junction>roundabout</junction>
              <cycleway_right>unknown</cycleway_right>
            </gpxtpx:Extensions>
          </gpxtpx:TrackPointExtension>
        </extensions>
      </trkpt>
      <trkpt lat="48.614199" lon="-2.036342">
        <ele>33</ele>
        <extensions>
          <gpxtpx:TrackPointExtension>
            <gpxtpx:Extensions>
              <highway>secondary</highway>
              <surface>asphalt</surface>
              <junction>roundabout</junction>
              <cycleway_right>unknown</cycleway_right>
            </gpxtpx:Extensions>
          </gpxtpx:TrackPointExtension>
        </extensions>
      </trkpt>
      <trkpt lat="48.614221" lon="-2.036375">
        <ele>33.25</ele>
        <extensions>
          <gpxtpx:TrackPointExtension>
            <gpxtpx:Extensions>
              <highway>secondary</highway>
              <surface>asphalt</surface>
              <junction>roundabout</junction>
              <cycleway_right>unknown</cycleway_right>
            </gpxtpx:Extensions>
          </gpxtpx:TrackPointExtension>
        </extensions>
      </trkpt>
      <trkpt lat="48.614234" lon="-2.036415">
        <ele>33.25</ele>
        <extensions>
          <gpxtpx:TrackPointExtension>
            <gpxtpx:Extensions>
              <highway>secondary</highway>
              <surface>asphalt</surface>
              <junction>roundabout</junction>
              <cycleway_right>unknown</cycleway_right>
            </gpxtpx:Extensions>
          </gpxtpx:TrackPointExtension>
        </extensions>
      </trkpt>
      <trkpt lat="48.614238" lon="-2.036459">
        <ele>33.5</ele>
        <extensions>
          <gpxtpx:TrackPointExtension>
            <gpxtpx:Extensions>
              <highway>secondary</highway>
              <surface>asphalt</surface>
              <junction>roundabout</junction>
              <cycleway_right>unknown</cycleway_right>
            </gpxtpx:Extensions>
          </gpxtpx:TrackPointExtension>
        </extensions>
      </trkpt>
      <trkpt lat="48.614233" lon="-2.036503">
        <ele>33.75</ele>
        <extensions>
          <gpxtpx:TrackPointExtension>
            <gpxtpx:Extensions>
              <highway>secondary</highway>
              <surface>asphalt</surface>
              <junction>roundabout</junction>
              <cycleway_right>unknown</cycleway_right>
            </gpxtpx:Extensions>
          </gpxtpx:TrackPointExtension>
        </extensions>
      </trkpt>
      <trkpt lat="48.614219" lon="-2.036543">
        <ele>33.75</ele>
        <extensions>
          <gpxtpx:TrackPointExtension>
            <gpxtpx:Extensions>
              <highway>secondary</highway>
              <surface>asphalt</surface>
              <junction>roundabout</junction>
              <cycleway_right>unknown</cycleway_right>
            </gpxtpx:Extensions>
          </gpxtpx:TrackPointExtension>
        </extensions>
      </trkpt>
      <trkpt lat="48.614198" lon="-2.036574">
        <ele>33.75</ele>
        <extensions>
          <gpxtpx:TrackPointExtension>
            <gpxtpx:Extensions>
              <highway>secondary</highway>
              <surface>asphalt</surface>
              <junction>roundabout</junction>
              <cycleway_right>unknown</cycleway_right>
            </gpxtpx:Extensions>
          </gpxtpx:TrackPointExtension>
        </extensions>
      </trkpt>
      <trkpt lat="48.614172" lon="-2.036594">
        <ele>33.75</ele>
        <extensions>
          <gpxtpx:TrackPointExtension>
            <gpxtpx:Extensions>
              <highway>secondary</highway>
              <surface>asphalt</surface>
              <junction>roundabout</junction>
              <cycleway_right>unknown</cycleway_right>
            </gpxtpx:Extensions>
          </gpxtpx:TrackPointExtension>
        </extensions>
      </trkpt>
      <trkpt lat="48.614143" lon="-2.036601">
        <ele>33.5</ele>
        <extensions>
          <gpxtpx:TrackPointExtension>
            <gpxtpx:Extensions>
              <highway>secondary</highway>
              <surface>asphalt</surface>
              <junction>roundabout</junction>
              <cycleway_right>unknown</cycleway_right>
            </gpxtpx:Extensions>
          </gpxtpx:TrackPointExtension>
        </extensions>
      </trkpt>
      <trkpt lat="48.614114" lon="-2.036594">
        <ele>33.25</ele>
        <extensions>
          <gpxtpx:TrackPointExtension>
            <gpxtpx:Extensions>
              <highway>secondary</highway>
              <surface>asphalt</surface>
              <cycleway_right>unknown</cycleway_right>
              <cycleway_left>no</cycleway_left>
            </gpxtpx:Extensions>
          </gpxtpx:TrackPointExtension>
        </extensions>
      </trkpt>
      <trkpt lat="48.61406" lon="-2.036881">
        <ele>35</ele>
        <extensions>
          <gpxtpx:TrackPointExtension>
            <gpxtpx:Extensions>
              <highway>secondary</highway>
              <surface>asphalt</surface>
              <cycleway_right>unknown</cycleway_right>
              <cycleway_left>no</cycleway_left>
            </gpxtpx:Extensions>
          </gpxtpx:TrackPointExtension>
        </extensions>
      </trkpt>
      <trkpt lat="48.614021" lon="-2.036983">
        <ele>35.5</ele>
        <extensions>
          <gpxtpx:TrackPointExtension>
            <gpxtpx:Extensions>
              <highway>secondary</highway>
              <surface>asphalt</surface>
              <cycleway_right>unknown</cycleway_right>
              <cycleway_left>no</cycleway_left>
            </gpxtpx:Extensions>
          </gpxtpx:TrackPointExtension>
        </extensions>
      </trkpt>
      <trkpt lat="48.613972" lon="-2.037084">
        <ele>36</ele>
        <extensions>
          <gpxtpx:TrackPointExtension>
            <gpxtpx:Extensions>
              <highway>secondary</highway>
              <surface>asphalt</surface>
              <cycleway_right>unknown</cycleway_right>
              <cycleway_left>no</cycleway_left>
            </gpxtpx:Extensions>
          </gpxtpx:TrackPointExtension>
        </extensions>
      </trkpt>
      <trkpt lat="48.61393" lon="-2.037135">
        <ele>36</ele>
        <extensions>
          <gpxtpx:TrackPointExtension>
            <gpxtpx:Extensions>
              <highway>secondary</highway>
              <surface>asphalt</surface>
              <cycleway_right>unknown</cycleway_right>
              <cycleway_left>no</cycleway_left>
            </gpxtpx:Extensions>
          </gpxtpx:TrackPointExtension>
        </extensions>
      </trkpt>
      <trkpt lat="48.613832" lon="-2.037204">
        <ele>35.25</ele>
        <extensions>
          <gpxtpx:TrackPointExtension>
            <gpxtpx:Extensions>
              <highway>secondary</highway>
              <surface>asphalt</surface>
              <cycleway_right>unknown</cycleway_right>
              <cycleway_left>no</cycleway_left>
            </gpxtpx:Extensions>
          </gpxtpx:TrackPointExtension>
        </extensions>
      </trkpt>
      <trkpt lat="48.613693" lon="-2.037239">
        <ele>34.75</ele>
        <extensions>
          <gpxtpx:TrackPointExtension>
            <gpxtpx:Extensions>
              <highway>secondary</highway>
              <surface>asphalt</surface>
              <cycleway_right>unknown</cycleway_right>
              <cycleway_left>no</cycleway_left>
            </gpxtpx:Extensions>
          </gpxtpx:TrackPointExtension>
        </extensions>
      </trkpt>
      <trkpt lat="48.613572" lon="-2.037228">
        <ele>34.25</ele>
        <extensions>
          <gpxtpx:TrackPointExtension>
            <gpxtpx:Extensions>
              <highway>secondary</highway>
              <surface>asphalt</surface>
              <cycleway_right>unknown</cycleway_right>
              <cycleway_left>no</cycleway_left>
            </gpxtpx:Extensions>
          </gpxtpx:TrackPointExtension>
        </extensions>
      </trkpt>
      <trkpt lat="48.613432" lon="-2.037195">
        <ele>34.25</ele>
        <extensions>
          <gpxtpx:TrackPointExtension>
            <gpxtpx:Extensions>
              <highway>secondary</highway>
              <surface>asphalt</surface>
              <cycleway_right>unknown</cycleway_right>
              <cycleway_left>no</cycleway_left>
            </gpxtpx:Extensions>
          </gpxtpx:TrackPointExtension>
        </extensions>
      </trkpt>
      <trkpt lat="48.61332" lon="-2.037113">
        <ele>33</ele>
        <extensions>
          <gpxtpx:TrackPointExtension>
            <gpxtpx:Extensions>
              <highway>secondary</highway>
              <surface>asphalt</surface>
              <cycleway_right>unknown</cycleway_right>
              <cycleway_left>no</cycleway_left>
            </gpxtpx:Extensions>
          </gpxtpx:TrackPointExtension>
        </extensions>
      </trkpt>
      <trkpt lat="48.613178" lon="-2.036829">
        <ele>31.25</ele>
        <extensions>
          <gpxtpx:TrackPointExtension>
            <gpxtpx:Extensions>
              <highway>secondary</highway>
              <surface>asphalt</surface>
              <junction>roundabout</junction>
              <cycleway_right>no</cycleway_right>
            </gpxtpx:Extensions>
          </gpxtpx:TrackPointExtension>
        </extensions>
      </trkpt>
      <trkpt lat="48.613151" lon="-2.036839">
        <ele>31.25</ele>
        <extensions>
          <gpxtpx:TrackPointExtension>
            <gpxtpx:Extensions>
              <highway>secondary</highway>
              <surface>asphalt</surface>
              <junction>roundabout</junction>
              <cycleway_right>no</cycleway_right>
            </gpxtpx:Extensions>
          </gpxtpx:TrackPointExtension>
        </extensions>
      </trkpt>
      <trkpt lat="48.613123" lon="-2.036836">
        <ele>31.25</ele>
        <extensions>
          <gpxtpx:TrackPointExtension>
            <gpxtpx:Extensions>
              <highway>secondary</highway>
              <surface>asphalt</surface>
              <junction>roundabout</junction>
              <cycleway_right>no</cycleway_right>
            </gpxtpx:Extensions>
          </gpxtpx:TrackPointExtension>
        </extensions>
      </trkpt>
      <trkpt lat="48.613097" lon="-2.03682">
        <ele>31.25</ele>
        <extensions>
          <gpxtpx:TrackPointExtension>
            <gpxtpx:Extensions>
              <highway>secondary</highway>
              <surface>asphalt</surface>
              <junction>roundabout</junction>
              <cycleway_right>no</cycleway_right>
            </gpxtpx:Extensions>
          </gpxtpx:TrackPointExtension>
        </extensions>
      </trkpt>
      <trkpt lat="48.613075" lon="-2.036794">
        <ele>31</ele>
        <extensions>
          <gpxtpx:TrackPointExtension>
            <gpxtpx:Extensions>
              <highway>secondary</highway>
              <surface>asphalt</surface>
              <junction>roundabout</junction>
              <cycleway_right>no</cycleway_right>
            </gpxtpx:Extensions>
          </gpxtpx:TrackPointExtension>
        </extensions>
      </trkpt>
      <trkpt lat="48.613059" lon="-2.036759">
        <ele>30.75</ele>
        <extensions>
          <gpxtpx:TrackPointExtension>
            <gpxtpx:Extensions>
              <highway>secondary</highway>
              <surface>asphalt</surface>
              <junction>roundabout</junction>
              <cycleway_right>no</cycleway_right>
            </gpxtpx:Extensions>
          </gpxtpx:TrackPointExtension>
        </extensions>
      </trkpt>
      <trkpt lat="48.61305" lon="-2.036718">
        <ele>30.5</ele>
        <extensions>
          <gpxtpx:TrackPointExtension>
            <gpxtpx:Extensions>
              <highway>secondary</highway>
              <surface>asphalt</surface>
              <oneway>yes</oneway>
              <cycleway_right>no</cycleway_right>
            </gpxtpx:Extensions>
          </gpxtpx:TrackPointExtension>
        </extensions>
      </trkpt>
      <trkpt lat="48.612969" lon="-2.036662">
        <ele>30.25</ele>
        <extensions>
          <gpxtpx:TrackPointExtension>
            <gpxtpx:Extensions>
              <highway>secondary</highway>
              <surface>asphalt</surface>
              <oneway>yes</oneway>
              <cycleway_right>no</cycleway_right>
            </gpxtpx:Extensions>
          </gpxtpx:TrackPointExtension>
        </extensions>
      </trkpt>
      <trkpt lat="48.612835" lon="-2.036569">
        <ele>30</ele>
        <extensions>
          <gpxtpx:TrackPointExtension>
            <gpxtpx:Extensions>
              <reversedirection>yes</reversedirection>
              <highway>secondary</highway>
              <surface>asphalt</surface>
              <cycleway_right>no</cycleway_right>
              <cycleway_left>unknown</cycleway_left>
            </gpxtpx:Extensions>
          </gpxtpx:TrackPointExtension>
        </extensions>
      </trkpt>
      <trkpt lat="48.611627" lon="-2.036627">
        <ele>26.75</ele>
        <extensions>
          <gpxtpx:TrackPointExtension>
            <gpxtpx:Extensions>
              <reversedirection>yes</reversedirection>
              <highway>secondary</highway>
              <surface>asphalt</surface>
              <cycleway_right>no</cycleway_right>
              <cycleway_left>unknown</cycleway_left>
            </gpxtpx:Extensions>
          </gpxtpx:TrackPointExtension>
        </extensions>
      </trkpt>
      <trkpt lat="48.61153" lon="-2.03661">
        <ele>26.75</ele>
        <extensions>
          <gpxtpx:TrackPointExtension>
            <gpxtpx:Extensions>
              <reversedirection>yes</reversedirection>
              <highway>secondary</highway>
              <surface>asphalt</surface>
              <cycleway_right>no</cycleway_right>
              <cycleway_left>unknown</cycleway_left>
            </gpxtpx:Extensions>
          </gpxtpx:TrackPointExtension>
        </extensions>
      </trkpt>
      <trkpt lat="48.611416" lon="-2.036561">
        <ele>26.5</ele>
        <extensions>
          <gpxtpx:TrackPointExtension>
            <gpxtpx:Extensions>
              <reversedirection>yes</reversedirection>
              <highway>secondary</highway>
              <surface>asphalt</surface>
              <cycleway_right>no</cycleway_right>
              <cycleway_left>unknown</cycleway_left>
            </gpxtpx:Extensions>
          </gpxtpx:TrackPointExtension>
        </extensions>
      </trkpt>
      <trkpt lat="48.611362" lon="-2.036525">
        <ele>26.25</ele>
        <extensions>
          <gpxtpx:TrackPointExtension>
            <gpxtpx:Extensions>
              <reversedirection>yes</reversedirection>
              <highway>secondary</highway>
              <surface>asphalt</surface>
              <cycleway_right>no</cycleway_right>
              <cycleway_left>unknown</cycleway_left>
            </gpxtpx:Extensions>
          </gpxtpx:TrackPointExtension>
        </extensions>
      </trkpt>
      <trkpt lat="48.611298" lon="-2.036468">
        <ele>26</ele>
        <extensions>
          <gpxtpx:TrackPointExtension>
            <gpxtpx:Extensions>
              <reversedirection>yes</reversedirection>
              <highway>secondary</highway>
              <surface>asphalt</surface>
              <cycleway_right>no</cycleway_right>
              <cycleway_left>unknown</cycleway_left>
            </gpxtpx:Extensions>
          </gpxtpx:TrackPointExtension>
        </extensions>
      </trkpt>
      <trkpt lat="48.611239" lon="-2.036398">
        <ele>25.75</ele>
        <extensions>
          <gpxtpx:TrackPointExtension>
            <gpxtpx:Extensions>
              <reversedirection>yes</reversedirection>
              <highway>secondary</highway>
              <surface>asphalt</surface>
              <cycleway_right>no</cycleway_right>
              <cycleway_left>unknown</cycleway_left>
            </gpxtpx:Extensions>
          </gpxtpx:TrackPointExtension>
        </extensions>
      </trkpt>
      <trkpt lat="48.611132" lon="-2.036199">
        <ele>24.75</ele>
        <extensions>
          <gpxtpx:TrackPointExtension>
            <gpxtpx:Extensions>
              <reversedirection>yes</reversedirection>
              <highway>secondary</highway>
              <surface>asphalt</surface>
              <cycleway_right>no</cycleway_right>
              <cycleway_left>unknown</cycleway_left>
            </gpxtpx:Extensions>
          </gpxtpx:TrackPointExtension>
        </extensions>
      </trkpt>
      <trkpt lat="48.610613" lon="-2.035006">
        <ele>16.5</ele>
        <extensions>
          <gpxtpx:TrackPointExtension>
            <gpxtpx:Extensions>
              <reversedirection>yes</reversedirection>
              <highway>secondary</highway>
              <surface>asphalt</surface>
              <cycleway_right>no</cycleway_right>
              <cycleway_left>unknown</cycleway_left>
            </gpxtpx:Extensions>
          </gpxtpx:TrackPointExtension>
        </extensions>
      </trkpt>
      <trkpt lat="48.610531" lon="-2.034849">
        <ele>15.75</ele>
        <extensions>
          <gpxtpx:TrackPointExtension>
            <gpxtpx:Extensions>
              <reversedirection>yes</reversedirection>
              <highway>secondary</highway>
              <surface>asphalt</surface>
              <cycleway_right>no</cycleway_right>
              <cycleway_left>unknown</cycleway_left>
            </gpxtpx:Extensions>
          </gpxtpx:TrackPointExtension>
        </extensions>
      </trkpt>
      <trkpt lat="48.610354" lon="-2.034584">
        <ele>14.75</ele>
        <extensions>
          <gpxtpx:TrackPointExtension>
            <gpxtpx:Extensions>
              <reversedirection>yes</reversedirection>
              <highway>secondary</highway>
              <surface>asphalt</surface>
              <cycleway_right>no</cycleway_right>
              <cycleway_left>unknown</cycleway_left>
            </gpxtpx:Extensions>
          </gpxtpx:TrackPointExtension>
        </extensions>
      </trkpt>
      <trkpt lat="48.610203" lon="-2.034445">
        <ele>15</ele>
        <extensions>
          <gpxtpx:TrackPointExtension>
            <gpxtpx:Extensions>
              <reversedirection>yes</reversedirection>
              <highway>secondary</highway>
              <surface>asphalt</surface>
              <cycleway_right>no</cycleway_right>
              <cycleway_left>unknown</cycleway_left>
            </gpxtpx:Extensions>
          </gpxtpx:TrackPointExtension>
        </extensions>
      </trkpt>
      <trkpt lat="48.609703" lon="-2.034047">
        <ele>17</ele>
        <extensions>
          <gpxtpx:TrackPointExtension>
            <gpxtpx:Extensions>
              <reversedirection>yes</reversedirection>
              <highway>secondary</highway>
              <surface>asphalt</surface>
              <cycleway_right>no</cycleway_right>
              <cycleway_left>unknown</cycleway_left>
            </gpxtpx:Extensions>
          </gpxtpx:TrackPointExtension>
        </extensions>
      </trkpt>
      <trkpt lat="48.609489" lon="-2.033874">
        <ele>18.5</ele>
        <extensions>
          <gpxtpx:TrackPointExtension>
            <gpxtpx:Extensions>
              <reversedirection>yes</reversedirection>
              <highway>secondary</highway>
              <surface>asphalt</surface>
              <cycleway_right>no</cycleway_right>
              <cycleway_left>unknown</cycleway_left>
            </gpxtpx:Extensions>
          </gpxtpx:TrackPointExtension>
        </extensions>
      </trkpt>
      <trkpt lat="48.609384" lon="-2.033807">
        <ele>19.25</ele>
        <extensions>
          <gpxtpx:TrackPointExtension>
            <gpxtpx:Extensions>
              <reversedirection>yes</reversedirection>
              <highway>secondary</highway>
              <surface>asphalt</surface>
              <cycleway_right>no</cycleway_right>
              <cycleway_left>unknown</cycleway_left>
            </gpxtpx:Extensions>
          </gpxtpx:TrackPointExtension>
        </extensions>
      </trkpt>
      <trkpt lat="48.609255" lon="-2.033743">
        <ele>20.75</ele>
        <extensions>
          <gpxtpx:TrackPointExtension>
            <gpxtpx:Extensions>
              <reversedirection>yes</reversedirection>
              <highway>secondary</highway>
              <surface>asphalt</surface>
              <cycleway_right>no</cycleway_right>
              <cycleway_left>unknown</cycleway_left>
            </gpxtpx:Extensions>
          </gpxtpx:TrackPointExtension>
        </extensions>
      </trkpt>
      <trkpt lat="48.609113" lon="-2.033691">
        <ele>21.75</ele>
        <extensions>
          <gpxtpx:TrackPointExtension>
            <gpxtpx:Extensions>
              <reversedirection>yes</reversedirection>
              <highway>secondary</highway>
              <surface>asphalt</surface>
              <cycleway_right>no</cycleway_right>
              <cycleway_left>unknown</cycleway_left>
            </gpxtpx:Extensions>
          </gpxtpx:TrackPointExtension>
        </extensions>
      </trkpt>
      <trkpt lat="48.609003" lon="-2.033671">
        <ele>21.75</ele>
        <extensions>
          <gpxtpx:TrackPointExtension>
            <gpxtpx:Extensions>
              <reversedirection>yes</reversedirection>
              <highway>secondary</highway>
              <surface>asphalt</surface>
              <cycleway_right>no</cycleway_right>
              <cycleway_left>unknown</cycleway_left>
            </gpxtpx:Extensions>
          </gpxtpx:TrackPointExtension>
        </extensions>
      </trkpt>
      <trkpt lat="48.608747" lon="-2.033656">
        <ele>22</ele>
        <extensions>
          <gpxtpx:TrackPointExtension>
            <gpxtpx:Extensions>
              <reversedirection>yes</reversedirection>
              <highway>secondary</highway>
              <surface>asphalt</surface>
            </gpxtpx:Extensions>
          </gpxtpx:TrackPointExtension>
        </extensions>
      </trkpt>
      <trkpt lat="48.608584" lon="-2.033713">
        <ele>22.25</ele>
        <extensions>
          <gpxtpx:TrackPointExtension>
            <gpxtpx:Extensions>
              <reversedirection>yes</reversedirection>
              <highway>secondary</highway>
              <surface>asphalt</surface>
            </gpxtpx:Extensions>
          </gpxtpx:TrackPointExtension>
        </extensions>
      </trkpt>
      <trkpt lat="48.608506" lon="-2.033754">
        <ele>22.75</ele>
        <extensions>
          <gpxtpx:TrackPointExtension>
            <gpxtpx:Extensions>
              <reversedirection>yes</reversedirection>
              <highway>secondary</highway>
              <surface>asphalt</surface>
            </gpxtpx:Extensions>
          </gpxtpx:TrackPointExtension>
        </extensions>
      </trkpt>
      <trkpt lat="48.608437" lon="-2.033806">
        <ele>23</ele>
        <extensions>
          <gpxtpx:TrackPointExtension>
            <gpxtpx:Extensions>
              <reversedirection>yes</reversedirection>
              <highway>secondary</highway>
              <surface>asphalt</surface>
            </gpxtpx:Extensions>
          </gpxtpx:TrackPointExtension>
        </extensions>
      </trkpt>
      <trkpt lat="48.608358" lon="-2.033837">
        <ele>23.5</ele>
        <extensions>
          <gpxtpx:TrackPointExtension>
            <gpxtpx:Extensions>
              <reversedirection>yes</reversedirection>
              <highway>secondary</highway>
              <surface>asphalt</surface>
            </gpxtpx:Extensions>
          </gpxtpx:TrackPointExtension>
        </extensions>
      </trkpt>
      <trkpt lat="48.608097" lon="-2.033876">
        <ele>23.5</ele>
        <extensions>
          <gpxtpx:TrackPointExtension>
            <gpxtpx:Extensions>
              <reversedirection>yes</reversedirection>
              <highway>secondary</highway>
              <surface>asphalt</surface>
            </gpxtpx:Extensions>
          </gpxtpx:TrackPointExtension>
        </extensions>
      </trkpt>
      <trkpt lat="48.607782" lon="-2.033989">
        <ele>23.75</ele>
        <extensions>
          <gpxtpx:TrackPointExtension>
            <gpxtpx:Extensions>
              <reversedirection>yes</reversedirection>
              <highway>secondary</highway>
              <surface>asphalt</surface>
            </gpxtpx:Extensions>
          </gpxtpx:TrackPointExtension>
        </extensions>
      </trkpt>
      <trkpt lat="48.607725" lon="-2.03401">
        <ele>23.75</ele>
        <extensions>
          <gpxtpx:TrackPointExtension>
            <gpxtpx:Extensions>
              <reversedirection>yes</reversedirection>
              <highway>secondary</highway>
              <surface>asphalt</surface>
            </gpxtpx:Extensions>
          </gpxtpx:TrackPointExtension>
        </extensions>
      </trkpt>
      <trkpt lat="48.607178" lon="-2.034184">
        <ele>23.5</ele>
        <extensions>
          <gpxtpx:TrackPointExtension>
            <gpxtpx:Extensions>
              <reversedirection>yes</reversedirection>
              <highway>secondary</highway>
              <surface>asphalt</surface>
            </gpxtpx:Extensions>
          </gpxtpx:TrackPointExtension>
        </extensions>
      </trkpt>
      <trkpt lat="48.607118" lon="-2.034194">
        <ele>23.5</ele>
        <extensions>
          <gpxtpx:TrackPointExtension>
            <gpxtpx:Extensions>
              <reversedirection>yes</reversedirection>
              <highway>secondary</highway>
              <surface>asphalt</surface>
            </gpxtpx:Extensions>
          </gpxtpx:TrackPointExtension>
        </extensions>
      </trkpt>
      <trkpt lat="48.60697" lon="-2.034167">
        <ele>23.25</ele>
        <extensions>
          <gpxtpx:TrackPointExtension>
            <gpxtpx:Extensions>
              <reversedirection>yes</reversedirection>
              <highway>secondary</highway>
              <surface>asphalt</surface>
            </gpxtpx:Extensions>
          </gpxtpx:TrackPointExtension>
        </extensions>
      </trkpt>
      <trkpt lat="48.606873" lon="-2.034139">
        <ele>23</ele>
        <extensions>
          <gpxtpx:TrackPointExtension>
            <gpxtpx:Extensions>
              <reversedirection>yes</reversedirection>
              <highway>secondary</highway>
              <surface>asphalt</surface>
            </gpxtpx:Extensions>
          </gpxtpx:TrackPointExtension>
        </extensions>
      </trkpt>
      <trkpt lat="48.606776" lon="-2.034111">
        <ele>22.75</ele>
        <extensions>
          <gpxtpx:TrackPointExtension>
            <gpxtpx:Extensions>
              <reversedirection>yes</reversedirection>
              <highway>secondary</highway>
              <surface>asphalt</surface>
            </gpxtpx:Extensions>
          </gpxtpx:TrackPointExtension>
        </extensions>
      </trkpt>
      <trkpt lat="48.606033" lon="-2.033753">
        <ele>19.25</ele>
        <extensions>
          <gpxtpx:TrackPointExtension>
            <gpxtpx:Extensions>
              <reversedirection>yes</reversedirection>
              <highway>secondary</highway>
              <surface>asphalt</surface>
            </gpxtpx:Extensions>
          </gpxtpx:TrackPointExtension>
        </extensions>
      </trkpt>
      <trkpt lat="48.605621" lon="-2.033561">
        <ele>18.25</ele>
        <extensions>
          <gpxtpx:TrackPointExtension>
            <gpxtpx:Extensions>
              <reversedirection>yes</reversedirection>
              <highway>secondary</highway>
              <surface>asphalt</surface>
            </gpxtpx:Extensions>
          </gpxtpx:TrackPointExtension>
        </extensions>
      </trkpt>
      <trkpt lat="48.605139" lon="-2.033318">
        <ele>17.75</ele>
        <extensions>
          <gpxtpx:TrackPointExtension>
            <gpxtpx:Extensions>
              <reversedirection>yes</reversedirection>
              <highway>secondary</highway>
              <surface>asphalt</surface>
            </gpxtpx:Extensions>
          </gpxtpx:TrackPointExtension>
        </extensions>
      </trkpt>
      <trkpt lat="48.604972" lon="-2.033253">
        <ele>17.5</ele>
        <extensions>
          <gpxtpx:TrackPointExtension>
            <gpxtpx:Extensions>
              <reversedirection>yes</reversedirection>
              <highway>secondary</highway>
              <surface>asphalt</surface>
            </gpxtpx:Extensions>
          </gpxtpx:TrackPointExtension>
        </extensions>
      </trkpt>
      <trkpt lat="48.604446" lon="-2.032995">
        <ele>16.5</ele>
        <extensions>
          <gpxtpx:TrackPointExtension>
            <gpxtpx:Extensions>
              <reversedirection>yes</reversedirection>
              <highway>secondary</highway>
              <surface>asphalt</surface>
            </gpxtpx:Extensions>
          </gpxtpx:TrackPointExtension>
        </extensions>
      </trkpt>
      <trkpt lat="48.604068" lon="-2.032825">
        <ele>15.75</ele>
        <extensions>
          <gpxtpx:TrackPointExtension>
            <gpxtpx:Extensions>
              <reversedirection>yes</reversedirection>
              <highway>secondary</highway>
              <surface>asphalt</surface>
            </gpxtpx:Extensions>
          </gpxtpx:TrackPointExtension>
        </extensions>
      </trkpt>
      <trkpt lat="48.603963" lon="-2.032806">
        <ele>15.25</ele>
        <extensions>
          <gpxtpx:TrackPointExtension>
            <gpxtpx:Extensions>
              <reversedirection>yes</reversedirection>
              <highway>secondary</highway>
              <surface>asphalt</surface>
            </gpxtpx:Extensions>
          </gpxtpx:TrackPointExtension>
        </extensions>
      </trkpt>
      <trkpt lat="48.603811" lon="-2.032821">
        <ele>14.75</ele>
        <extensions>
          <gpxtpx:TrackPointExtension>
            <gpxtpx:Extensions>
              <reversedirection>yes</reversedirection>
              <highway>secondary</highway>
              <surface>asphalt</surface>
            </gpxtpx:Extensions>
          </gpxtpx:TrackPointExtension>
        </extensions>
      </trkpt>
      <trkpt lat="48.603741" lon="-2.032845">
        <ele>14.5</ele>
        <extensions>
          <gpxtpx:TrackPointExtension>
            <gpxtpx:Extensions>
              <reversedirection>yes</reversedirection>
              <highway>secondary</highway>
              <surface>asphalt</surface>
            </gpxtpx:Extensions>
          </gpxtpx:TrackPointExtension>
        </extensions>
      </trkpt>
      <trkpt lat="48.603658" lon="-2.032891">
        <ele>14.5</ele>
        <extensions>
          <gpxtpx:TrackPointExtension>
            <gpxtpx:Extensions>
              <reversedirection>yes</reversedirection>
              <highway>secondary</highway>
              <surface>asphalt</surface>
            </gpxtpx:Extensions>
          </gpxtpx:TrackPointExtension>
        </extensions>
      </trkpt>
      <trkpt lat="48.603582" lon="-2.032948">
        <ele>14.5</ele>
        <extensions>
          <gpxtpx:TrackPointExtension>
            <gpxtpx:Extensions>
              <reversedirection>yes</reversedirection>
              <highway>secondary</highway>
              <surface>asphalt</surface>
            </gpxtpx:Extensions>
          </gpxtpx:TrackPointExtension>
        </extensions>
      </trkpt>
      <trkpt lat="48.603377" lon="-2.033185">
        <ele>14.5</ele>
        <extensions>
          <gpxtpx:TrackPointExtension>
            <gpxtpx:Extensions>
              <reversedirection>yes</reversedirection>
              <highway>secondary</highway>
              <surface>asphalt</surface>
            </gpxtpx:Extensions>
          </gpxtpx:TrackPointExtension>
        </extensions>
      </trkpt>
      <trkpt lat="48.602981" lon="-2.033742">
        <ele>14.5</ele>
        <extensions>
          <gpxtpx:TrackPointExtension>
            <gpxtpx:Extensions>
              <reversedirection>yes</reversedirection>
              <highway>secondary</highway>
              <surface>asphalt</surface>
            </gpxtpx:Extensions>
          </gpxtpx:TrackPointExtension>
        </extensions>
      </trkpt>
      <trkpt lat="48.602837" lon="-2.033961">
        <ele>13.5</ele>
        <extensions>
          <gpxtpx:TrackPointExtension>
            <gpxtpx:Extensions>
              <reversedirection>yes</reversedirection>
              <highway>secondary</highway>
              <surface>asphalt</surface>
            </gpxtpx:Extensions>
          </gpxtpx:TrackPointExtension>
        </extensions>
      </trkpt>
      <trkpt lat="48.60275" lon="-2.034138">
        <ele>12.25</ele>
        <extensions>
          <gpxtpx:TrackPointExtension>
            <gpxtpx:Extensions>
              <reversedirection>yes</reversedirection>
              <highway>secondary</highway>
              <surface>asphalt</surface>
            </gpxtpx:Extensions>
          </gpxtpx:TrackPointExtension>
        </extensions>
      </trkpt>
      <trkpt lat="48.602693" lon="-2.034314">
        <ele>11.75</ele>
        <extensions>
          <gpxtpx:TrackPointExtension>
            <gpxtpx:Extensions>
              <reversedirection>yes</reversedirection>
              <highway>secondary</highway>
              <surface>asphalt</surface>
            </gpxtpx:Extensions>
          </gpxtpx:TrackPointExtension>
        </extensions>
      </trkpt>
      <trkpt lat="48.602546" lon="-2.034873">
        <ele>10.25</ele>
        <extensions>
          <gpxtpx:TrackPointExtension>
            <gpxtpx:Extensions>
              <reversedirection>yes</reversedirection>
              <highway>secondary</highway>
              <surface>asphalt</surface>
            </gpxtpx:Extensions>
          </gpxtpx:TrackPointExtension>
        </extensions>
      </trkpt>
      <trkpt lat="48.602529" lon="-2.034936">
        <ele>10</ele>
        <extensions>
          <gpxtpx:TrackPointExtension>
            <gpxtpx:Extensions>
              <reversedirection>yes</reversedirection>
              <highway>secondary</highway>
              <surface>asphalt</surface>
            </gpxtpx:Extensions>
          </gpxtpx:TrackPointExtension>
        </extensions>
      </trkpt>
      <trkpt lat="48.602395" lon="-2.03524">
        <ele>9.5</ele>
        <extensions>
          <gpxtpx:TrackPointExtension>
            <gpxtpx:Extensions>
              <reversedirection>yes</reversedirection>
              <highway>secondary</highway>
              <surface>asphalt</surface>
            </gpxtpx:Extensions>
          </gpxtpx:TrackPointExtension>
        </extensions>
      </trkpt>
      <trkpt lat="48.602289" lon="-2.035378">
        <ele>9</ele>
        <extensions>
          <gpxtpx:TrackPointExtension>
            <gpxtpx:Extensions>
              <reversedirection>yes</reversedirection>
              <highway>secondary</highway>
              <surface>asphalt</surface>
            </gpxtpx:Extensions>
          </gpxtpx:TrackPointExtension>
        </extensions>
      </trkpt>
      <trkpt lat="48.602161" lon="-2.035492">
        <ele>8.75</ele>
        <extensions>
          <gpxtpx:TrackPointExtension>
            <gpxtpx:Extensions>
              <reversedirection>yes</reversedirection>
              <highway>secondary</highway>
              <surface>asphalt</surface>
            </gpxtpx:Extensions>
          </gpxtpx:TrackPointExtension>
        </extensions>
      </trkpt>
      <trkpt lat="48.602076" lon="-2.035546">
        <ele>8.5</ele>
        <extensions>
          <gpxtpx:TrackPointExtension>
            <gpxtpx:Extensions>
              <reversedirection>yes</reversedirection>
              <highway>secondary</highway>
            </gpxtpx:Extensions>
          </gpxtpx:TrackPointExtension>
        </extensions>
      </trkpt>
      <trkpt lat="48.601889" lon="-2.035609">
        <ele>8</ele>
        <extensions>
          <gpxtpx:TrackPointExtension>
            <gpxtpx:Extensions>
              <reversedirection>yes</reversedirection>
              <highway>secondary</highway>
            </gpxtpx:Extensions>
          </gpxtpx:TrackPointExtension>
        </extensions>
      </trkpt>
      <trkpt lat="48.601846" lon="-2.035624">
        <ele>8</ele>
        <extensions>
          <gpxtpx:TrackPointExtension>
            <gpxtpx:Extensions>
              <reversedirection>yes</reversedirection>
              <highway>secondary</highway>
            </gpxtpx:Extensions>
          </gpxtpx:TrackPointExtension>
        </extensions>
      </trkpt>
      <trkpt lat="48.601657" lon="-2.035704">
        <ele>7.5</ele>
        <extensions>
          <gpxtpx:TrackPointExtension>
            <gpxtpx:Extensions>
              <reversedirection>yes</reversedirection>
              <highway>secondary</highway>
            </gpxtpx:Extensions>
          </gpxtpx:TrackPointExtension>
        </extensions>
      </trkpt>
      <trkpt lat="48.601619" lon="-2.035724">
        <ele>7.75</ele>
        <extensions>
          <gpxtpx:TrackPointExtension>
            <gpxtpx:Extensions>
              <reversedirection>yes</reversedirection>
              <highway>secondary</highway>
              <surface>asphalt</surface>
            </gpxtpx:Extensions>
          </gpxtpx:TrackPointExtension>
        </extensions>
      </trkpt>
      <trkpt lat="48.600672" lon="-2.036118">
        <ele>11.25</ele>
        <extensions>
          <gpxtpx:TrackPointExtension>
            <gpxtpx:Extensions>
              <reversedirection>yes</reversedirection>
              <highway>secondary</highway>
              <surface>asphalt</surface>
            </gpxtpx:Extensions>
          </gpxtpx:TrackPointExtension>
        </extensions>
      </trkpt>
      <trkpt lat="48.600531" lon="-2.036157">
        <ele>11.75</ele>
        <extensions>
          <gpxtpx:TrackPointExtension>
            <gpxtpx:Extensions>
              <reversedirection>yes</reversedirection>
              <highway>secondary</highway>
              <surface>asphalt</surface>
            </gpxtpx:Extensions>
          </gpxtpx:TrackPointExtension>
        </extensions>
      </trkpt>
      <trkpt lat="48.600423" lon="-2.036168">
        <ele>12.25</ele>
        <extensions>
          <gpxtpx:TrackPointExtension>
            <gpxtpx:Extensions>
              <reversedirection>yes</reversedirection>
              <highway>secondary</highway>
              <surface>asphalt</surface>
            </gpxtpx:Extensions>
          </gpxtpx:TrackPointExtension>
        </extensions>
      </trkpt>
      <trkpt lat="48.600317" lon="-2.036162">
        <ele>12.5</ele>
        <extensions>
          <gpxtpx:TrackPointExtension>
            <gpxtpx:Extensions>
              <reversedirection>yes</reversedirection>
              <highway>secondary</highway>
              <surface>asphalt</surface>
            </gpxtpx:Extensions>
          </gpxtpx:TrackPointExtension>
        </extensions>
      </trkpt>
      <trkpt lat="48.600181" lon="-2.036139">
        <ele>12.75</ele>
        <extensions>
          <gpxtpx:TrackPointExtension>
            <gpxtpx:Extensions>
              <highway>unclassified</highway>
              <surface>asphalt</surface>
            </gpxtpx:Extensions>
          </gpxtpx:TrackPointExtension>
        </extensions>
      </trkpt>
      <trkpt lat="48.600175" lon="-2.036175">
        <ele>12.75</ele>
        <extensions>
          <gpxtpx:TrackPointExtension>
            <gpxtpx:Extensions>
              <highway>unclassified</highway>
              <surface>asphalt</surface>
            </gpxtpx:Extensions>
          </gpxtpx:TrackPointExtension>
        </extensions>
      </trkpt>
      <trkpt lat="48.600143" lon="-2.036318">
        <ele>13.25</ele>
        <extensions>
          <gpxtpx:TrackPointExtension>
            <gpxtpx:Extensions>
              <highway>unclassified</highway>
              <surface>asphalt</surface>
            </gpxtpx:Extensions>
          </gpxtpx:TrackPointExtension>
        </extensions>
      </trkpt>
      <trkpt lat="48.600127" lon="-2.036389">
        <ele>13.25</ele>
        <extensions>
          <gpxtpx:TrackPointExtension>
            <gpxtpx:Extensions>
              <highway>unclassified</highway>
              <surface>asphalt</surface>
            </gpxtpx:Extensions>
          </gpxtpx:TrackPointExtension>
        </extensions>
      </trkpt>
      <trkpt lat="48.600094" lon="-2.036617">
        <ele>13.75</ele>
        <extensions>
          <gpxtpx:TrackPointExtension>
            <gpxtpx:Extensions>
              <highway>unclassified</highway>
              <surface>asphalt</surface>
            </gpxtpx:Extensions>
          </gpxtpx:TrackPointExtension>
        </extensions>
      </trkpt>
      <trkpt lat="48.600024" lon="-2.037203">
        <ele>15.75</ele>
        <extensions>
          <gpxtpx:TrackPointExtension>
            <gpxtpx:Extensions>
              <highway>unclassified</highway>
              <surface>asphalt</surface>
            </gpxtpx:Extensions>
          </gpxtpx:TrackPointExtension>
        </extensions>
      </trkpt>
      <trkpt lat="48.599939" lon="-2.03776">
        <ele>17</ele>
        <extensions>
          <gpxtpx:TrackPointExtension>
            <gpxtpx:Extensions>
              <highway>unclassified</highway>
              <surface>asphalt</surface>
            </gpxtpx:Extensions>
          </gpxtpx:TrackPointExtension>
        </extensions>
      </trkpt>
      <trkpt lat="48.599896" lon="-2.037976">
        <ele>17.25</ele>
        <extensions>
          <gpxtpx:TrackPointExtension>
            <gpxtpx:Extensions>
              <highway>unclassified</highway>
              <surface>asphalt</surface>
            </gpxtpx:Extensions>
          </gpxtpx:TrackPointExtension>
        </extensions>
      </trkpt>
      <trkpt lat="48.599839" lon="-2.038201">
        <ele>17.25</ele>
        <extensions>
          <gpxtpx:TrackPointExtension>
            <gpxtpx:Extensions>
              <highway>unclassified</highway>
              <surface>asphalt</surface>
            </gpxtpx:Extensions>
          </gpxtpx:TrackPointExtension>
        </extensions>
      </trkpt>
      <trkpt lat="48.599797" lon="-2.03833">
        <ele>17.5</ele>
        <extensions>
          <gpxtpx:TrackPointExtension>
            <gpxtpx:Extensions>
              <highway>unclassified</highway>
              <surface>asphalt</surface>
            </gpxtpx:Extensions>
          </gpxtpx:TrackPointExtension>
        </extensions>
      </trkpt>
      <trkpt lat="48.599762" lon="-2.038415">
        <ele>17.5</ele>
        <extensions>
          <gpxtpx:TrackPointExtension>
            <gpxtpx:Extensions>
              <highway>unclassified</highway>
              <surface>asphalt</surface>
            </gpxtpx:Extensions>
          </gpxtpx:TrackPointExtension>
        </extensions>
      </trkpt>
      <trkpt lat="48.599709" lon="-2.0385">
        <ele>17.75</ele>
        <extensions>
          <gpxtpx:TrackPointExtension>
            <gpxtpx:Extensions>
              <highway>unclassified</highway>
              <surface>asphalt</surface>
            </gpxtpx:Extensions>
          </gpxtpx:TrackPointExtension>
        </extensions>
      </trkpt>
      <trkpt lat="48.599644" lon="-2.038571">
        <ele>17.75</ele>
        <extensions>
          <gpxtpx:TrackPointExtension>
            <gpxtpx:Extensions>
              <highway>unclassified</highway>
              <surface>asphalt</surface>
            </gpxtpx:Extensions>
          </gpxtpx:TrackPointExtension>
        </extensions>
      </trkpt>
      <trkpt lat="48.599543" lon="-2.038636">
        <ele>17.5</ele>
        <extensions>
          <gpxtpx:TrackPointExtension>
            <gpxtpx:Extensions>
              <reversedirection>yes</reversedirection>
              <highway>unclassified</highway>
              <surface>asphalt</surface>
              <route_bicycle_lcn>yes</route_bicycle_lcn>
            </gpxtpx:Extensions>
          </gpxtpx:TrackPointExtension>
        </extensions>
      </trkpt>
      <trkpt lat="48.599546" lon="-2.039372">
        <ele>19.75</ele>
        <extensions>
          <gpxtpx:TrackPointExtension>
            <gpxtpx:Extensions>
              <reversedirection>yes</reversedirection>
              <highway>unclassified</highway>
              <surface>asphalt</surface>
              <route_bicycle_lcn>yes</route_bicycle_lcn>
            </gpxtpx:Extensions>
          </gpxtpx:TrackPointExtension>
        </extensions>
      </trkpt>
      <trkpt lat="48.599504" lon="-2.039768">
        <ele>21.75</ele>
        <extensions>
          <gpxtpx:TrackPointExtension>
            <gpxtpx:Extensions>
              <reversedirection>yes</reversedirection>
              <highway>unclassified</highway>
              <surface>asphalt</surface>
              <route_bicycle_lcn>yes</route_bicycle_lcn>
            </gpxtpx:Extensions>
          </gpxtpx:TrackPointExtension>
        </extensions>
      </trkpt>
      <trkpt lat="48.599393" lon="-2.040581">
        <ele>25.25</ele>
        <extensions>
          <gpxtpx:TrackPointExtension>
            <gpxtpx:Extensions>
              <reversedirection>yes</reversedirection>
              <highway>unclassified</highway>
              <surface>asphalt</surface>
              <route_bicycle_lcn>yes</route_bicycle_lcn>
            </gpxtpx:Extensions>
          </gpxtpx:TrackPointExtension>
        </extensions>
      </trkpt>
      <trkpt lat="48.599378" lon="-2.040744">
        <ele>25.75</ele>
        <extensions>
          <gpxtpx:TrackPointExtension>
            <gpxtpx:Extensions>
              <reversedirection>yes</reversedirection>
              <highway>unclassified</highway>
              <surface>asphalt</surface>
              <route_bicycle_lcn>yes</route_bicycle_lcn>
            </gpxtpx:Extensions>
          </gpxtpx:TrackPointExtension>
        </extensions>
      </trkpt>
      <trkpt lat="48.59939" lon="-2.041536">
        <ele>27.75</ele>
        <extensions>
          <gpxtpx:TrackPointExtension>
            <gpxtpx:Extensions>
              <reversedirection>yes</reversedirection>
              <highway>unclassified</highway>
              <surface>asphalt</surface>
              <route_bicycle_lcn>yes</route_bicycle_lcn>
            </gpxtpx:Extensions>
          </gpxtpx:TrackPointExtension>
        </extensions>
      </trkpt>
      <trkpt lat="48.599402" lon="-2.041673">
        <ele>28.25</ele>
        <extensions>
          <gpxtpx:TrackPointExtension>
            <gpxtpx:Extensions>
              <reversedirection>yes</reversedirection>
              <highway>unclassified</highway>
              <surface>asphalt</surface>
              <route_bicycle_lcn>yes</route_bicycle_lcn>
            </gpxtpx:Extensions>
          </gpxtpx:TrackPointExtension>
        </extensions>
      </trkpt>
      <trkpt lat="48.599435" lon="-2.042208">
        <ele>31.25</ele>
        <extensions>
          <gpxtpx:TrackPointExtension>
            <gpxtpx:Extensions>
              <reversedirection>yes</reversedirection>
              <highway>unclassified</highway>
              <surface>asphalt</surface>
              <route_bicycle_lcn>yes</route_bicycle_lcn>
            </gpxtpx:Extensions>
          </gpxtpx:TrackPointExtension>
        </extensions>
      </trkpt>
      <trkpt lat="48.599419" lon="-2.042313">
        <ele>31.75</ele>
        <extensions>
          <gpxtpx:TrackPointExtension>
            <gpxtpx:Extensions>
              <reversedirection>yes</reversedirection>
              <highway>unclassified</highway>
              <surface>asphalt</surface>
              <route_bicycle_lcn>yes</route_bicycle_lcn>
            </gpxtpx:Extensions>
          </gpxtpx:TrackPointExtension>
        </extensions>
      </trkpt>
      <trkpt lat="48.599383" lon="-2.042389">
        <ele>32.25</ele>
        <extensions>
          <gpxtpx:TrackPointExtension>
            <gpxtpx:Extensions>
              <reversedirection>yes</reversedirection>
              <highway>unclassified</highway>
              <surface>asphalt</surface>
              <route_bicycle_lcn>yes</route_bicycle_lcn>
            </gpxtpx:Extensions>
          </gpxtpx:TrackPointExtension>
        </extensions>
      </trkpt>
      <trkpt lat="48.599315" lon="-2.042499">
        <ele>32.75</ele>
        <extensions>
          <gpxtpx:TrackPointExtension>
            <gpxtpx:Extensions>
              <reversedirection>yes</reversedirection>
              <highway>unclassified</highway>
              <surface>asphalt</surface>
              <route_bicycle_lcn>yes</route_bicycle_lcn>
            </gpxtpx:Extensions>
          </gpxtpx:TrackPointExtension>
        </extensions>
      </trkpt>
      <trkpt lat="48.598727" lon="-2.043017">
        <ele>34.5</ele>
        <extensions>
          <gpxtpx:TrackPointExtension>
            <gpxtpx:Extensions>
              <reversedirection>yes</reversedirection>
              <highway>unclassified</highway>
              <surface>paved</surface>
            </gpxtpx:Extensions>
          </gpxtpx:TrackPointExtension>
        </extensions>
      </trkpt>
      <trkpt lat="48.59829" lon="-2.043401">
        <ele>36.25</ele>
        <extensions>
          <gpxtpx:TrackPointExtension>
            <gpxtpx:Extensions>
              <reversedirection>yes</reversedirection>
              <highway>unclassified</highway>
              <surface>paved</surface>
            </gpxtpx:Extensions>
          </gpxtpx:TrackPointExtension>
        </extensions>
      </trkpt>
      <trkpt lat="48.594914" lon="-2.046524">
        <ele>44</ele>
        <extensions>
          <gpxtpx:TrackPointExtension>
            <gpxtpx:Extensions>
              <highway>unclassified</highway>
              <surface>asphalt</surface>
            </gpxtpx:Extensions>
          </gpxtpx:TrackPointExtension>
        </extensions>
      </trkpt>
      <trkpt lat="48.5949" lon="-2.046953">
        <ele>43.75</ele>
        <extensions>
          <gpxtpx:TrackPointExtension>
            <gpxtpx:Extensions>
              <highway>unclassified</highway>
              <surface>asphalt</surface>
            </gpxtpx:Extensions>
          </gpxtpx:TrackPointExtension>
        </extensions>
      </trkpt>
      <trkpt lat="48.594819" lon="-2.047559">
        <ele>43.75</ele>
        <extensions>
          <gpxtpx:TrackPointExtension>
            <gpxtpx:Extensions>
              <highway>unclassified</highway>
              <surface>asphalt</surface>
            </gpxtpx:Extensions>
          </gpxtpx:TrackPointExtension>
        </extensions>
      </trkpt>
      <trkpt lat="48.594601" lon="-2.049083">
        <ele>43.25</ele>
        <extensions>
          <gpxtpx:TrackPointExtension>
            <gpxtpx:Extensions>
              <highway>unclassified</highway>
            </gpxtpx:Extensions>
          </gpxtpx:TrackPointExtension>
        </extensions>
      </trkpt>
      <trkpt lat="48.594693" lon="-2.049095">
        <ele>43.25</ele>
        <extensions>
          <gpxtpx:TrackPointExtension>
            <gpxtpx:Extensions>
              <highway>unclassified</highway>
            </gpxtpx:Extensions>
          </gpxtpx:TrackPointExtension>
        </extensions>
      </trkpt>
      <trkpt lat="48.594751" lon="-2.049084">
        <ele>43.25</ele>
        <extensions>
          <gpxtpx:TrackPointExtension>
            <gpxtpx:Extensions>
              <highway>unclassified</highway>
            </gpxtpx:Extensions>
          </gpxtpx:TrackPointExtension>
        </extensions>
      </trkpt>
      <trkpt lat="48.595817" lon="-2.048777">
        <ele>41</ele>
      </trkpt>
    </trkseg>
  </trk>
</gpx>
